chart_date,show_id,show_name,in_corpus,charted,rank,publisher
20260820,1192761536,Pod Save America,1,1,1,Pod Save America
20260820,1510240831,The MeidasTouch Podcast,1,1,4,MeidasTouch Network
20260820,1794450472,Bulwark Takes,1,1,9,The Bulwark
20260820,1447684472,The Bulwark Podcast,1,1,2,The Bulwark
20260820,1730358737,Letters from an American,1,1,8,Heather Cox Richardson
20260820,1750591415,Candace,1,1,3,Candace Owens
20260820,1617887885,The President's Daily Brief,1,1,11,The First TV
20260820,1050430296,The New Yorker Radio Hour,1,1,27,WNYC Studios and The New Yorker
20260820,1057255460,The NPR Politics Podcast,1,1,7,NPR
20260820,1865794721,Real Baron Podcast,1,1,25,Baron Coleman
20260820,1495601614,Verdict with Ted Cruz,1,1,26,iHeartPodcasts
20260820,1645614328,Fast Politics with Molly Jong-Fast,1,1,24,iHeartPodcasts
20260820,1640311112,The Necessary Conversation,1,1,36,The Necessary Conversation
20260820,1647085571,The Next Level,1,1,15,The Bulwark
20260820,1258635512,Radio Atlantic,1,1,30,The Atlantic
20260820,268213039,The Political Scene | The New Yorker,1,1,20,The New Yorker
20260820,1535384390,Ruthless Podcast,1,1,12,"Josh Holmes, Comfortably Smug, Michael Duncan and John Ashbrook"
20260820,1408796715,Runaway Country with Alex Wagner,1,1,40,Runaway Country with Alex Wagner
20260820,1774505095,Raging Moderates with Scott Galloway and Jessica Tarlov,1,1,13,Vox Media Podcast Network
20260820,1570045623,Breaking Points with Krystal and Saagar,1,1,6,iHeartPodcasts
20260820,1317481380,UnJustified,1,1,119,MSW Media
20260820,73330715,On the Media,1,1,33,WNYC Studios
20260820,1200016351,Pod Save the World,1,1,5,Pod Save the World
20260820,1692806415,The Briefing with Jen Psaki,1,1,14,"MS NOW, Jen Psaki"
20260820,1551206847,#SistersInLaw,1,1,45,Politicon
20260820,1485351658,Bannon`s War Room,1,1,21,WarRoom.org
20260820,1507444393,X22 Report,1,1,32,X22 Report
20260820,1314170606,All In with Chris Hayes,1,1,16,"MS NOW, Chris Hayes"
20260820,1795032531,The Jim Acosta Show,1,1,50,Jim Acosta
20260820,1367201919,Deadline: White House,1,1,10,"Nicolle Wallace, MS NOW"
20260820,75462585,NBC Nightly News with Tom Llamas,1,1,43,NBC News
20260820,1674095262,The Wright Report,1,1,34,Bryan Dean Wright
20260820,1456045551,Talking Feds,1,1,56,Harry Litman
20260820,1876034889,Breaking News from Pod Save America,1,1,48,Crooked Media
20260820,1551582052,The Lincoln Project,1,1,69,The Lincoln Project
20260820,158004641,Political Gabfest,1,1,99,Slate Podcasts
20260820,1303660358,The Fox News Rundown,1,1,51,FOX News Podcasts
20260820,1743030473,The Rest Is Politics: US,1,1,29,Goalhanger
20260820,1490993194,Advisory Opinions,1,1,35,The Dispatch
20260820,1586423406,The Focus Group Podcast,1,1,114,The Bulwark
20260820,91959525,This Week with George Stephanopoulos,1,1,153,ABC News
20260820,1529346075,Impolitic with John Heilemann,1,1,92,Audacy | Puck
20260820,1515399733,No Lie with Brian Tyler Cohen,1,1,83,Brian Tyler Cohen
20260820,1169056746,The Playbook Podcast,1,1,53,POLITICO
20260820,1495251160,John Solomon Reports,1,1,60,John Solomon
20260820,1549272440,The Daily Punch,1,1,63,Punchbowl News
20260820,1291144720,The Remnant with Jonah Goldberg,1,1,54,The Dispatch
20260820,1725387804,The Illegal News with Sarah Longwell,1,1,124,The Bulwark
20260820,1810218232,Next Up with Mark Halperin,1,1,59,MK Media
20260820,78911087,Face the Nation with Margaret Brennan,1,1,197,CBS News
20260820,597919007,The Young Turks,1,1,46,TYT Network
20260820,1314368109,The 11th Hour with Ali Velshi,1,1,41,"MS NOW, Ali Velshi"
20260820,1536169792,Talkin‘ Politics & Religion Without Killin‘ Each Other,1,1,88,"Scan Media, LLC"
20260820,929121341,Louder with Crowder,1,1,18,Louder with Crowder
20260820,1386375601,The Ben Ferguson Podcast,1,1,75,iHeartPodcasts
20260820,1818418128,Pod Force One,1,1,104,New York Post
20260820,402050558,The David Pakman Show,1,1,37,David Pakman
20260820,219258773,Brian Kilmeade Show,1,1,70,FOX News Podcasts
20260820,1265845136,Stay Tuned with Preet,1,1,19,Preet Bharara
20260820,1474001390,TRUE ANON TRUTH FEED,1,1,71,TrueAnon
20260820,1506127536,Making the Argument with Nick Freitas,1,1,52,Nick Freitas
20260820,1681586867,The Warning with Steve Schmidt,1,1,64,iHeartPodcasts
20260820,1873028393,Politics Chat,1,1,58,Heather Cox Richardson
20260820,1679657705,Main Justice,1,1,22,"MS NOW, Andrew Weissmann, Mary McCord"
20260820,1138657182,Liberty Lockdown,1,1,91,Clint Russell
20260820,402306412,The Majority Report with Sam Seder,1,1,49,Sam Seder
20260820,1364113251,The Beat with Ari Melber,1,1,39,"Ari Melber, MS NOW"
20260820,354628391,Renegade Talk Radio,1,1,94,Renegade Talk Radio
20260820,1595408601,The PoliticsGirl Podcast,1,0,,
20260820,1467297559,Hacks On Tap,1,1,17,Vox Media
20260820,1728152109,THE DAILY BLAST with Greg Sargent,1,1,23,Greg Sargent
20260820,1484862164,Politics War Room with James Carville & Al Hunt,1,1,55,Politicon
20260820,1452065072,Newt's World,1,1,185,Gingrich 360
20260820,1790957194,The 47 Morning Update with Ben Ferguson,1,1,80,iHeartPodcasts
20260820,1462703434,Know Your Enemy,1,1,123,Matthew Sitman
20260820,1886801652,Sidebar with Katie Phang,1,0,,
20260820,1584730781,The Benny Show,1,1,66,Benny Johnson
20260820,1517313007,The Hugh Hewitt Show: Highly Concentrated,1,1,57,Salem Podcast Network
20260820,1441649707,Straight White American Jesus,1,1,100,Bradley Onishi + Daniel Miller
20260820,1195206601,The Intercept Briefing,1,1,219,The Intercept
20260820,1538788132,Tangle,1,1,67,Isaac Saul
20260820,1294461271,GZERO World with Ian Bremmer,1,1,205,GZERO Media
20260820,1585243541,Human Events Daily with Jack Posobiec,1,1,120,Human Events with Jack Posobiec
20260820,1253076699,The Michael Berry Show,1,1,76,KTRH (KTRH-AM)
20260820,1635418897,The Chris Cuomo Project,1,1,81,Chris Cuomo
20260820,969924303,The Skepticrat,1,0,,
20260820,1623855270,The Foreign Affairs Interview,1,1,82,Foreign Affairs Magazine
20260820,73331636,The Brian Lehrer Show,1,1,77,WNYC
20260820,1822142909,Glenn Diesen - Greater Eurasia Podcast,1,1,107,Glenn Diesen
20260820,1072469956,Fox Across America w/ Jimmy Failla,1,1,90,FOX News Podcasts
20260820,1218054701,Rev Left Radio,1,1,122,Revolutionary Left Radio
20260820,1456850698,The Graham Allen Show,1,1,112,Graham Allen
20260820,1805186512,Going Rogue with Lara Logan,1,1,118,Lara Logan
20260820,1509826894,RealClearPolitics Podcast,1,1,73,"RealClearPolitics, Carl Cannon, Tom Bevan"
20260820,716825890,The Tom Woods Show,1,1,95,Tom Woods
20260820,1820648828,The Joy Reid Show,1,1,105,Joy-Ann Reid
20260820,1889705401,Nobody Knows Anything,1,0,,
20260820,1573813504,The Smerconish Podcast,1,1,72,SiriusXM
20260820,1696974077,The Source with Kaitlan Collins,1,1,61,CNN Podcasts
20260820,1574741668,American Prestige,1,1,151,Daniel Bessner & Derek Davison
20260820,1669610956,System Update with Glenn Greenwald,1,1,188,Rumble
20260820,1548554104,Volts,1,1,86,David Roberts
20260820,1647025876,Wendy Bell Radio Podcast,1,1,87,Wendy Bell
20260820,1378389941,Uncommon Knowledge,1,1,74,Hoover Institution
20260820,1896576050,Brian Tyler Cohen,1,1,215,Brian Tyler Cohen Network
20260820,1715894000,Trump's Terms,1,1,65,NPR
20260820,1587492577,The Mel K Show,1,1,164,Mel K
20260820,1660317917,Defending Democracy with Marc Elias,1,1,155,Democracy Docket
20260820,1635446643,The Coffee Klatch with Robert Reich,1,1,234,Robert Reich
20260820,1722246285,The Breakdown,1,1,184,Alberto fo sho
20260820,506779862,Lectures in History,1,1,249,C-SPAN
20260820,1147092464,Opening Arguments,1,1,141,Opening Arguments Media LLC
20260820,1695205478,What Really Matters with Walter Russell Mead,1,0,,
20260820,1263295815,The Pete Quiñones Show,1,1,147,Peter R Quiñones
20260820,1728340033,Mission Implausible,1,1,241,Jon Stern
20260820,1636762428,Dad Saves America,1,1,200,John Papola
20260820,1798460240,10 Minute Drill,1,1,103,Matt Whitlock
20260820,1471411980,American Thought Leaders,1,1,163,The Epoch Times
20260820,1714879044,The Tony Kinnett Cast,1,1,102,The Daily Signal
20260820,1579061364,Head in the Office,1,1,150,HITO Media LLC
20260820,1093260018,Slate News,1,1,165,Slate Podcasts
20260820,925428680,Conversations with Bill Kristol,1,0,,
20260820,1462195742,The Al Franken Podcast,1,1,247,The Al Franken Podcast
20260820,1576614213,American Conservative University,1,1,198,American Conservative University
20260820,1467993804,What the Hell Is Going On,1,0,,
20260820,1877144831,Paul Krugman Podcast,1,1,235,Paul Krugman
20260820,1709994511,UNGOVERNED,1,1,135,Shawn Farash
20260820,73329719,KQED's Forum,1,1,113,KQED
20260820,1785081636,The Mary Trump Podcast,1,1,149,Mary Trump Media
20260820,1432118523,The Damage Report with John Iadarola,1,1,96,TYT Network
20260820,791564318,Jacobin Radio,1,1,134,Jacobin
20260820,1843478428,Owen Report,1,1,132,Owen Shroyer
20260820,1531192509,Bad Faith,1,1,129,Briahna Joy Gray
20260820,1702202187,Perino on Politics,1,1,131,FOX News Podcasts
20260820,1568505052,MOATS with George Galloway,1,1,214,Molucca Media Ltd
20260820,380996798,"The Bob Cesca Show | Politics Podcast, News & Commentary",1,1,93,Bob Cesca
20260820,1172546141,The President’s Inbox,1,1,117,Council on Foreign Relations
20260820,1043245989,The Dig,1,1,189,Daniel Denvir
20260820,1535255041,Unf*cking The Republic,1,0,,
20260820,387042247,Washington Today,1,1,169,C-SPAN
20260820,682478916,War on the Rocks,1,1,62,Ryan Evans
20260820,983782306,Federalist Radio Hour,1,1,97,Radio America
20260820,1111319839,The Conversation with Dasha Burns,1,1,242,POLITICO
20260820,1476110521,Useful Idiots with Katie Halper and Aaron Maté,1,0,,
20260820,1549624070,Amarica's Constitution,1,1,166,Akhil Reed Amar
20260820,1289062927,ChinaTalk,1,1,158,Jordan Schneider
20260820,1570380458,The Victor Davis Hanson Show,1,1,187,Victor Davis Hanson and Jack Fowler
20260820,1356662668,Politically Georgia,1,1,128,The Atlanta Journal-Constitution
20260820,1725442221,Hawk Podcasts,1,1,191,Hawk
20260820,1721813926,Bad Hasbara - The World's Most Moral Podcast,1,1,154,Matt Lieb
20260820,1439837349,The Political Orphanage,1,1,210,Andrew Heaton
20260820,1671451793,Maiden Mother Matriarch with Louise Perry,1,1,195,Louise Perry
20260820,1502568407,SGT Report’s The Propaganda Antidote,1,1,125,SGT Report
20260820,1607829807,Mark Kaye Saves The Republic,1,1,218,Kayetriot Media
20260820,545045867,Scott Horton Show - Just the Interviews,1,1,89,Scott Horton
20260820,1317356120,The Peter McCormack Show,1,1,167,Peter McCormack
20260820,1570432345,Firing Line with Margaret Hoover,1,0,,
20260820,1818658022,"Life, Liberty & Levin Podcast",1,0,,
20260820,1634341981,Antiwar News With Dave DeCamp,1,1,202,Dave DeCamp
20260820,474763182,The Globalist,1,1,181,Monocle
20260820,1871628261,The Harry Sisson Show,1,0,,
20260820,1788891712,It's A Numbers Game with Ryan Girdusky,1,1,248,iHeartPodcasts
20260820,1654162813,The Kyle Seraphin Show,1,1,133,Kyle Seraphin
20260820,1480605295,POLITICO Energy,1,1,201,POLITICO
20260820,1648125917,Stay Free with Russell Brand,1,0,,
20260820,1612691018,THE WEEKEND SHOW,1,0,,
20260820,1880163995,The Kyle Kulinski Show,1,1,101,Kyle Kulinski
20260820,1536984072,The Dishcast with Andrew Sullivan,1,0,,
20260820,1309354521,Majority 54,1,0,,
20260820,1362265400,Timcast News,1,1,42,Timcast Media
20260820,1874174561,Hope For America with Heather Delaney Reese,1,0,,
20260820,124960485,"Best of the Left - Leftist Perspectives on Progressive Politics, News, Culture, Economics and Democracy",1,0,,
20260820,1587936366,The Inside Story Podcast,1,0,,
20260820,1594728054,The Great America Show,1,1,196,Fawcett Strategies
20260820,1767877239,No Gods No Mayors,1,1,130,The Office of the Mayor
20260820,1549502623,Cleanup on Aisle 45 with AG & Harry Dunn,1,1,108,MSW Media
20260820,956270301,Rational Security,1,0,,
20260820,1548086514,The Arena,1,0,,
20260820,1155629323,The Reason Roundtable,1,1,109,The Reason Roundtable
20260820,1868807558,Batya!,1,0,,
20260820,1592116227,The Breitbart News Daily Podcast,1,1,193,SiriusXM
20260820,1809246826,The Keith Edwards Show,1,1,238,Keith Edwards
20260820,1060110806,The Nation Podcasts,1,1,171,The Nation Magazine
20260820,702998658,Week In Review,1,0,,
20260820,1493858530,Hood Politics with Prop,1,1,137,Cool Zone Media and iHeartPodcasts
20260820,1485186805,Timothy Gordon Rules for Retrogrades Podcast,1,0,,
20260820,1567204040,The Drill Down with Peter Schweizer,1,1,98,Government Accountability Institute
20260820,1869456664,What's The Plan? with Leah Greenberg and Ezra Levin,1,0,,
20260820,1614844654,Week In Review,1,0,,
20260820,1751785203,Brad vs Everyone,1,0,,
20260820,1599891719,Seattle Nice,1,0,,
20260820,1368074498,The Lars Larson Show Pacific Northwest Podcast,1,1,182,Lars Larson
20260820,1800671132,Destiny,1,1,223,Destiny
20260820,1208232103,The Buck Sexton Show,1,0,,
20260820,1485021241,The Reason Interview With Nick Gillespie,1,1,136,The Reason Interview With Nick Gillespie
20260820,1606834013,The Josh Hammer Show,1,1,175,The Josh Hammer Show
20260820,1714009198,Mea Culpa,1,1,145,Podcast WABCRadio
20260820,1839861250,The Moment with Jorge Ramos and Paola Ramos,1,1,229,iHeartPodcasts
20260820,1449848509,I Don't Speak German,1,0,,
20260820,1633301179,Countdown with Keith Olbermann,1,1,180,iHeartPodcasts
20260820,1482179882,The Mona Charen Show,1,1,170,The Bulwark
20260820,1112258664,Russian Roulette,1,0,,
20260820,1721969693,Politix,1,1,139,Politix
20260820,1351411911,The TPM Show with Josh and Kate,1,1,106,Talking Points Memo
20260820,1212380212,The Five,0,1,28,FOX News Podcasts
20260820,1375568988,TRIGGERnometry,0,1,31,TRIGGERnometry
20260820,1611374685,The Rest Is Politics,0,1,38,Goalhanger
20260820,1493229344,The Dispatch Podcast,0,1,44,The Dispatch
20260820,1788738240,It’s That Part,0,1,47,Jesse Lee Hammonds
20260820,1879498704,Power and Consequences,0,1,68,Third Clumber Productions
20260820,1243130823,The John Kobylt Show,0,1,78,iHeartPodcasts
20260820,159752078,This Morning With Gordon Deal,0,1,79,Compass Media Networks
20260820,1473150244,Americast,0,1,84,BBC News
20260820,1801103648,The Nerd Reich,0,1,85,nerdreich
20260820,1601727251,Central Air,0,1,110,"Josh Barro, Megan McArdle & Ben Dreyfuss"
20260820,1651903715,The Rush Hour With Dave Neal,0,1,111,Dave Neal
20260820,1896805652,NARITAS,0,1,115,Yanis AHMADI
20260820,1769997814,Normally,0,1,116,iHeartPodcasts
20260820,1896897095,Wired In,0,1,121,The Daily Wire
20260820,1835450563,Sources & Methods,0,1,126,NPR
20260820,1552899676,The Luke Beasley Show,0,1,127,Luke Beasley
20260820,563127951,"Law Talk With Epstein, Yoo & Cooke",0,1,138,The Civitas Institute at the University of Texas at Austin
20260820,1530639447,THE OFFICIAL MEA CULPA WITH MICHAEL COHEN ARCHIVE,0,1,140,Audio Up Media
20260820,1573983987,On the Nose,0,1,142,Jewish Currents
20260820,1494037881,Checks and Balance from The Economist,0,1,143,The Economist
20260820,1882760486,Jack Cocchiarella Show,0,1,144,Jack Cocchiarella
20260820,1504048545,The Rachman Review,0,1,146,Financial Times
20260820,1504713161,El hilo,0,1,148,My Cultura and iHeartPodcasts
20260820,1701280578,The Sean Spicer Show,0,1,152,The Sean Spicer Show
20260820,155974141,Common Sense with Dan Carlin,0,1,156,Dan Carlin
20260820,1803015612,All Things with Kim Strassel,0,1,157,The Wall Street Journal
20260820,1665265193,The Rest Is Politics: Leading,0,1,159,Goalhanger
20260820,1605545539,In the Litter Box,0,1,160,Jewels Jones & Catturd
20260820,1893673410,Agitation Nation: A Podcast From The Fenton Forecast,0,1,161,David Fenton
20260820,1485109198,Politix,0,1,162,Politix
20260820,1507832825,Time To Say Goodbye,0,1,168,Time To Say Goodbye
20260820,1327641087,Political Breakdown,0,1,172,KQED
20260820,1195899470,The Takeout with Major Garrett,0,1,173,CBS News
20260820,1643776565,You're Wrong w/ Mollie Hemingway & David Harsanyi,0,1,174,Radio America
20260820,1762436723,Dan Wootton Outspoken,0,1,176,Dan Wootton
20260820,1805502607,The MiddleGround Mic,0,1,177,Joseph Steagall
20260820,863338913,Texas Standard,0,1,178,Texas Standard
20260820,1889550138,The Loren Piretra Show,0,1,179,Loren Piretra
20260820,1696250206,HasanAbi,0,1,183,HasanAbi
20260820,1871531782,Uncertain with DL Hughley,0,1,186,DL Hughley
20260820,1136826256,Election Profit Makers,0,1,190,Jon Kimball & David Rees
20260820,1591300785,Lost Debate,0,1,192,The Branch
20260820,1121407665,Sinica Podcast,0,1,194,Kaiser Kuo
20260820,1400926647,Gaslit Nation,0,1,199,Andrea Chalupa
20260820,1685475850,The Econoclasts,0,1,203,UnHerd
20260820,886656768,The Politics Bar,0,1,204,From The Bunker
20260820,1884144340,Get Angry,0,1,206,"Bryan Andrews, ItsLuke"
20260820,1692381473,The News Agents - USA,0,1,207,Global
20260820,1896561822,NORMAL GAYS Podcast,0,1,208,NORMAL GAYS
20260820,1625856906,不明白播客,0,1,209,袁莉和她的朋友们
20260820,1412905534,The Michael Steele Podcast,0,1,211,Michael Steele
20260820,960814054,The Ricochet Superfeed,0,1,212,Ricochet
20260820,1506676334,Means Morning News,0,1,213,Means Cooperative
20260820,1381291342,If You're Listening,0,1,216,ABC Australia
20260820,517293050,The Pete Kaliner Show,0,1,217,"Pete Kaliner - news, politics, NC"
20260820,1706536336,Political Currency,0,1,220,Persephonica
20260820,1668143992,Texas Minute,0,1,221,Texas Scorecard
20260820,1551827752,The Counsel,0,1,222,CAFE
20260820,1053981528,Economic Update with Richard D. Wolff,0,1,224,"Democracy at Work, Richard D. Wolff"
20260820,1547098165,Krystal Kyle & Friends,0,1,225,Krystal
20260820,1485475085,Stand Up! with Pete Dominick,0,1,226,pete dominick
20260820,1245265763,"Oh God, What Now?",0,1,227,Podmasters
20260820,1857136176,SPN LIVE - The Stew Peters Network,0,1,228,Stew Peters
20260820,1796721454,,0,1,230,
20260820,1843174639,"The Rich Zeoli Podcast: Daily Politics, Culture & Chaos",0,1,231,Rich Zeoli
20260820,1754976617,No BS Newshour with Charlie LeDuff,0,1,232,Charlie LeDuff
20260820,1700432142,RONZHEIMER.,0,1,233,Paul Ronzheimer
20260820,1721382033,Vibes Only,0,1,236,Brian Derrick and Glennis Meagher
20260820,1896591532,Nation States with Yates,0,1,237,iHeartPodcasts
20260820,1644366053,Decoding Fox News,0,1,239,I watch all the Fox News you'd never want to.
20260820,1733640626,,0,1,240,
20260820,1882414469,On the Road with Jonathan Martin,0,1,243,POLITICO
20260820,1450994745,Balance of Power,0,1,244,Bloomberg
20260820,1833272507,Executive Disorder: White House Weekly,0,1,245,Cool Zone Media and iHeartPodcasts
20260820,1562652774,DW News Brief,0,1,246,DW
20260820,1663927350,Multipolarity,0,1,250,Multipolarity
20260713,1192761536,Pod Save America,1,1,1,Pod Save America
20260713,1510240831,The MeidasTouch Podcast,1,1,2,MeidasTouch Network
20260713,1794450472,Bulwark Takes,1,1,3,The Bulwark
20260713,1447684472,The Bulwark Podcast,1,1,4,The Bulwark
20260713,1730358737,Letters from an American,1,1,5,Heather Cox Richardson
20260713,1750591415,Candace,1,1,6,Candace Owens
20260713,1617887885,The President's Daily Brief,1,1,7,The First TV
20260713,1050430296,The New Yorker Radio Hour,1,1,8,WNYC Studios and The New Yorker
20260713,1057255460,The NPR Politics Podcast,1,1,9,NPR
20260713,1865794721,Real Baron Podcast,1,1,10,Baron Coleman
20260713,1495601614,Verdict with Ted Cruz,1,1,11,Premiere Networks
20260713,1645614328,Fast Politics with Molly Jong-Fast,1,1,12,iHeartPodcasts
20260713,1640311112,The Necessary Conversation,1,1,13,The Necessary Conversation
20260713,1647085571,The Next Level,1,1,15,The Bulwark
20260713,1258635512,Radio Atlantic,1,1,16,The Atlantic
20260713,268213039,The Political Scene | The New Yorker,1,1,17,The New Yorker
20260713,1535384390,Ruthless Podcast,1,1,18,"Josh Holmes, Comfortably Smug, Michael Duncan and John Ashbrook"
20260713,1408796715,Runaway Country with Alex Wagner,1,1,19,Runaway Country with Alex Wagner
20260713,1774505095,Raging Moderates with Scott Galloway and Jessica Tarlov,1,1,20,Vox Media Podcast Network
20260713,1570045623,Breaking Points with Krystal and Saagar,1,1,21,iHeartPodcasts
20260713,1317481380,UnJustified,1,1,22,MSW Media
20260713,73330715,On the Media,1,1,23,WNYC Studios
20260713,1200016351,Pod Save the World,1,1,24,Pod Save the World
20260713,1692806415,The Briefing with Jen Psaki,1,1,25,"MS NOW, Jen Psaki"
20260713,1551206847,#SistersInLaw,1,1,26,Politicon
20260713,1485351658,Bannon`s War Room,1,1,27,WarRoom.org
20260713,1507444393,X22 Report,1,1,28,X22 Report
20260713,1314170606,All In with Chris Hayes,1,1,29,"MS NOW, Chris Hayes"
20260713,1795032531,The Jim Acosta Show,1,1,30,Jim Acosta
20260713,1367201919,Deadline: White House,1,1,31,"Nicolle Wallace, MS NOW"
20260713,75462585,NBC Nightly News with Tom Llamas,1,1,32,NBC News
20260713,1674095262,The Wright Report,1,1,33,Bryan Dean Wright
20260713,1456045551,Talking Feds,1,1,34,Harry Litman
20260713,1876034889,Breaking News from Pod Save America,1,1,35,Crooked Media
20260713,1551582052,The Lincoln Project,1,1,36,The Lincoln Project
20260713,158004641,Political Gabfest,1,1,37,Slate Podcasts
20260713,1303660358,The Fox News Rundown,1,1,38,FOX News Podcasts
20260713,1743030473,The Rest Is Politics: US,1,1,39,Goalhanger
20260713,1490993194,Advisory Opinions,1,1,40,The Dispatch
20260713,1586423406,The Focus Group Podcast,1,1,41,The Bulwark
20260713,91959525,This Week with George Stephanopoulos,1,1,42,ABC News
20260713,1529346075,Impolitic with John Heilemann,1,1,43,Audacy | Puck
20260713,1515399733,No Lie with Brian Tyler Cohen,1,1,46,Brian Tyler Cohen
20260713,1169056746,The Playbook Podcast,1,1,47,POLITICO
20260713,1495251160,John Solomon Reports,1,1,48,John Solomon
20260713,1549272440,The Daily Punch,1,1,50,Punchbowl News
20260713,1291144720,The Remnant with Jonah Goldberg,1,1,51,The Dispatch
20260713,1725387804,The Illegal News with Sarah Longwell,1,1,52,The Bulwark
20260713,1810218232,Next Up with Mark Halperin,1,1,53,MK Media
20260713,78911087,Face the Nation with Margaret Brennan,1,1,54,CBS News
20260713,597919007,The Young Turks,1,1,55,TYT Network
20260713,1314368109,The 11th Hour with Ali Velshi,1,1,56,"MS NOW, Ali Velshi"
20260713,1536169792,Talkin‘ Politics & Religion Without Killin‘ Each Other,1,1,57,"Scan Media, LLC"
20260713,929121341,Louder with Crowder,1,1,58,Louder with Crowder
20260713,1386375601,The Ben Ferguson Podcast,1,1,60,iHeartPodcasts
20260713,1818418128,Pod Force One,1,1,61,New York Post
20260713,402050558,The David Pakman Show,1,1,62,David Pakman
20260713,219258773,Brian Kilmeade Show,1,1,63,FOX News Podcasts
20260713,1265845136,Stay Tuned with Preet,1,1,64,Preet Bharara
20260713,1474001390,TRUE ANON TRUTH FEED,1,1,65,TrueAnon
20260713,1506127536,Making the Argument with Nick Freitas,1,1,66,Nick Freitas
20260713,1681586867,The Warning with Steve Schmidt,1,1,67,iHeartPodcasts
20260713,1873028393,Politics Chat,1,1,68,Heather Cox Richardson
20260713,1679657705,Main Justice,1,1,69,"MS NOW, Andrew Weissmann, Mary McCord"
20260713,1138657182,Liberty Lockdown,1,1,70,Clint Russell
20260713,402306412,The Majority Report with Sam Seder,1,1,71,Sam Seder
20260713,1364113251,The Beat with Ari Melber,1,1,73,"Ari Melber, MS NOW"
20260713,354628391,Renegade Talk Radio,1,1,75,Renegade Talk Radio
20260713,1595408601,The PoliticsGirl Podcast,1,1,76,"Meidas Media Network, Leigh McGowan"
20260713,1467297559,Hacks On Tap,1,1,77,Vox Media
20260713,1728152109,THE DAILY BLAST with Greg Sargent,1,1,78,Greg Sargent
20260713,1484862164,Politics War Room with James Carville & Al Hunt,1,1,81,Politicon
20260713,1452065072,Newt's World,1,1,82,Gingrich 360
20260713,1790957194,The 47 Morning Update with Ben Ferguson,1,1,83,Premiere Networks
20260713,1462703434,Know Your Enemy,1,1,84,Matthew Sitman
20260713,1886801652,Sidebar with Katie Phang,1,1,86,Katie Phang
20260713,1584730781,The Benny Show,1,1,87,Benny Johnson
20260713,1517313007,The Hugh Hewitt Show: Highly Concentrated,1,1,88,Salem Podcast Network
20260713,1441649707,Straight White American Jesus,1,1,89,Bradley Onishi + Daniel Miller
20260713,1195206601,The Intercept Briefing,1,1,90,The Intercept
20260713,1538788132,Tangle,1,1,92,Isaac Saul
20260713,1294461271,GZERO World with Ian Bremmer,1,1,93,GZERO Media
20260713,1585243541,Human Events Daily with Jack Posobiec,1,1,94,Human Events with Jack Posobiec
20260713,1253076699,The Michael Berry Show,1,1,95,KTRH (KTRH-AM)
20260713,1635418897,The Chris Cuomo Project,1,1,96,Chris Cuomo
20260713,969924303,The Skepticrat,1,1,97,"Puzzle in a Thunderstorm, LLC"
20260713,1623855270,The Foreign Affairs Interview,1,1,98,Foreign Affairs Magazine
20260713,73331636,The Brian Lehrer Show,1,1,99,WNYC
20260713,1822142909,Glenn Diesen - Greater Eurasia Podcast,1,1,100,Glenn Diesen
20260713,1072469956,Fox Across America w/ Jimmy Failla,1,1,101,FOX News Podcasts
20260713,1218054701,Rev Left Radio,1,1,102,Revolutionary Left Radio
20260713,1456850698,The Graham Allen Show,1,1,103,Graham Allen
20260713,1805186512,Going Rogue with Lara Logan,1,1,104,Lara Logan
20260713,1509826894,RealClearPolitics Podcast,1,1,107,"RealClearPolitics, Carl Cannon, Tom Bevan"
20260713,716825890,The Tom Woods Show,1,1,108,Tom Woods
20260713,1820648828,The Joy Reid Show,1,1,109,Joy-Ann Reid
20260713,1889705401,Nobody Knows Anything,1,1,111,Narrowcast Media
20260713,1573813504,The Smerconish Podcast,1,1,112,SiriusXM
20260713,1696974077,The Source with Kaitlan Collins,1,1,113,CNN Podcasts
20260713,1574741668,American Prestige,1,1,114,Daniel Bessner & Derek Davison
20260713,1669610956,System Update with Glenn Greenwald,1,1,115,Rumble
20260713,1548554104,Volts,1,1,116,David Roberts
20260713,1647025876,Wendy Bell Radio Podcast,1,1,118,Wendy Bell
20260713,1378389941,Uncommon Knowledge,1,1,119,Hoover Institution
20260713,1896576050,Brian Tyler Cohen,1,1,120,Brian Tyler Cohen Network
20260713,1715894000,Trump's Terms,1,1,123,NPR
20260713,1587492577,The Mel K Show,1,1,124,Mel K
20260713,1660317917,Defending Democracy with Marc Elias,1,1,125,Democracy Docket
20260713,1635446643,The Coffee Klatch with Robert Reich,1,1,126,Robert Reich
20260713,1722246285,The Breakdown,1,1,127,Alberto fo sho
20260713,506779862,Lectures in History,1,1,128,C-SPAN
20260713,1147092464,Opening Arguments,1,1,130,Opening Arguments Media LLC
20260713,1695205478,What Really Matters with Walter Russell Mead,1,1,131,Tablet Magazine
20260713,1263295815,The Pete Quiñones Show,1,1,134,Peter R Quiñones
20260713,1728340033,Mission Implausible,1,1,135,iHeartPodcasts
20260713,1636762428,Dad Saves America,1,1,136,John Papola
20260713,1798460240,10 Minute Drill,1,1,137,Matt Whitlock
20260713,1471411980,American Thought Leaders,1,1,138,The Epoch Times
20260713,1714879044,The Tony Kinnett Cast,1,1,139,The Daily Signal
20260713,1579061364,Head in the Office,1,1,140,HITO Media LLC
20260713,1093260018,Slate News,1,1,141,Slate Podcasts
20260713,925428680,Conversations with Bill Kristol,1,1,142,Bill Kristol
20260713,1462195742,The Al Franken Podcast,1,1,143,The Al Franken Podcast
20260713,1576614213,American Conservative University,1,1,144,American Conservative University
20260713,1467993804,What the Hell Is Going On,1,1,146,AEI Podcasts
20260713,1877144831,Paul Krugman Podcast,1,1,147,Paul Krugman
20260713,1709994511,UNGOVERNED,1,1,149,Shawn Farash
20260713,73329719,KQED's Forum,1,1,150,KQED
20260713,1785081636,The Mary Trump Podcast,1,1,151,Mary Trump Media
20260713,1432118523,The Damage Report with John Iadarola,1,1,152,TYT Network
20260713,791564318,Jacobin Radio,1,1,155,Jacobin
20260713,1843478428,Owen Report,1,1,156,Owen Shroyer
20260713,1531192509,Bad Faith,1,1,157,Briahna Joy Gray
20260713,1702202187,Perino on Politics,1,1,160,FOX News Podcasts
20260713,1568505052,MOATS with George Galloway,1,1,161,Molucca Media Ltd
20260713,380996798,"The Bob Cesca Show | Politics Podcast, News & Commentary",1,1,162,Bob Cesca
20260713,1172546141,The President’s Inbox,1,1,163,Council on Foreign Relations
20260713,1043245989,The Dig,1,1,164,Daniel Denvir
20260713,1535255041,Unf*cking The Republic,1,1,165,UNFTR Media
20260713,387042247,Washington Today,1,1,166,C-SPAN
20260713,682478916,War on the Rocks,1,1,167,Ryan Evans
20260713,983782306,Federalist Radio Hour,1,1,168,Radio America
20260713,1111319839,The Conversation with Dasha Burns,1,1,169,POLITICO
20260713,1476110521,Useful Idiots with Katie Halper and Aaron Maté,1,1,170,"Useful Idiots, LLC"
20260713,1549624070,Amarica's Constitution,1,1,171,Akhil Reed Amar
20260713,1289062927,ChinaTalk,1,1,172,Jordan Schneider
20260713,1570380458,The Victor Davis Hanson Show,1,1,173,Victor Davis Hanson and Jack Fowler
20260713,1356662668,Politically Georgia,1,1,174,The Atlanta Journal-Constitution
20260713,1725442221,Hawk Podcasts,1,1,175,Hawk
20260713,1721813926,Bad Hasbara - The World's Most Moral Podcast,1,1,176,Matt Lieb
20260713,1439837349,The Political Orphanage,1,1,177,Andrew Heaton
20260713,1671451793,Maiden Mother Matriarch with Louise Perry,1,1,178,Louise Perry
20260713,1502568407,SGT Report’s The Propaganda Antidote,1,1,179,SGT Report
20260713,1607829807,Mark Kaye Saves The Republic,1,1,181,Kayetriot Media
20260713,545045867,Scott Horton Show - Just the Interviews,1,1,182,Scott Horton
20260713,1317356120,The Peter McCormack Show,1,1,183,Peter McCormack
20260713,1570432345,Firing Line with Margaret Hoover,1,1,184,Firing Line With Margaret Hoover
20260713,1818658022,"Life, Liberty & Levin Podcast",1,1,185,FOX News Podcasts
20260713,1634341981,Antiwar News With Dave DeCamp,1,1,186,Dave DeCamp
20260713,474763182,The Globalist,1,1,187,Monocle
20260713,1871628261,The Harry Sisson Show,1,1,188,Harry Sisson
20260713,1788891712,It's A Numbers Game with Ryan Girdusky,1,1,189,iHeartPodcasts
20260713,1654162813,The Kyle Seraphin Show,1,1,190,Kyle Seraphin
20260713,1480605295,POLITICO Energy,1,1,191,POLITICO
20260713,1648125917,Stay Free with Russell Brand,1,1,193,Stay Free with Russell Brand
20260713,1612691018,THE WEEKEND SHOW,1,1,194,Evergreen Podcasts
20260713,1880163995,The Kyle Kulinski Show,1,1,195,Kyle Kulinski
20260713,1536984072,The Dishcast with Andrew Sullivan,1,1,197,Andrew Sullivan
20260713,1309354521,Majority 54,1,1,198,Majority 54
20260713,1362265400,Timcast News,1,1,199,Timcast Media
20260713,1874174561,Hope For America with Heather Delaney Reese,1,1,200,Heather Delaney Reese
20260713,124960485,"Best of the Left - Leftist Perspectives on Progressive Politics, News, Culture, Economics and Democracy",1,1,201,"Best of the Left: Perspectives on Politics, Culture, and Economics"
20260713,1587936366,The Inside Story Podcast,1,1,202,Al Jazeera
20260713,1594728054,The Great America Show,1,1,204,Fawcett Strategies
20260713,1767877239,No Gods No Mayors,1,1,205,The Office of the Mayor
20260713,1549502623,Cleanup on Aisle 45 with AG & Harry Dunn,1,1,206,MSW Media
20260713,956270301,Rational Security,1,1,207,The Lawfare Institute
20260713,1548086514,The Arena,1,1,209,Father Josiah Trenham
20260713,1155629323,The Reason Roundtable,1,1,210,The Reason Roundtable
20260713,1868807558,Batya!,1,1,211,Batya
20260713,1592116227,The Breitbart News Daily Podcast,1,1,212,SiriusXM
20260713,1809246826,The Keith Edwards Show,1,1,213,Keith Edwards
20260713,1060110806,The Nation Podcasts,1,1,214,The Nation Magazine
20260713,702998658,Week In Review,1,1,215,KUOW News and Information
20260713,1493858530,Hood Politics with Prop,1,1,217,Cool Zone Media and iHeartPodcasts
20260713,1485186805,Timothy Gordon Rules for Retrogrades Podcast,1,1,219,Timothy Gordon
20260713,1567204040,The Drill Down with Peter Schweizer,1,1,221,Government Accountability Institute
20260713,1869456664,What's The Plan? with Leah Greenberg and Ezra Levin,1,1,222,Indivisible
20260713,1614844654,Week In Review,1,1,224,FITSNews
20260713,1751785203,Brad vs Everyone,1,1,225,iHeartPodcasts
20260713,1599891719,Seattle Nice,1,1,229,"David Hyde, Erica Barnett, and Sandeep Kaushik"
20260713,1368074498,The Lars Larson Show Pacific Northwest Podcast,1,1,230,Lars Larson
20260713,1800671132,Destiny,1,1,231,Destiny
20260713,1208232103,The Buck Sexton Show,1,1,233,Premiere Networks
20260713,1485021241,The Reason Interview With Nick Gillespie,1,1,234,The Reason Interview With Nick Gillespie
20260713,1606834013,The Josh Hammer Show,1,1,236,The Josh Hammer Show
20260713,1714009198,Mea Culpa,1,1,237,Michael Cohen
20260713,1839861250,The Moment with Jorge Ramos and Paola Ramos,1,1,238,iHeartPodcasts
20260713,1449848509,I Don't Speak German,1,1,241,IDSG
20260713,1633301179,Countdown with Keith Olbermann,1,1,244,iHeartPodcasts
20260713,1482179882,The Mona Charen Show,1,1,245,The Bulwark
20260713,1112258664,Russian Roulette,1,1,246,Center for Strategic and International Studies
20260713,1721969693,Politix,1,1,249,Politix
20260713,1351411911,The TPM Show with Josh and Kate,1,1,250,Talking Points Memo
20260713,1375568988,TRIGGERnometry,0,1,14,TRIGGERnometry
20260713,1788738240,It’s That Part,0,1,44,Jesse Lee Hammonds
20260713,1493229344,The Dispatch Podcast,0,1,45,The Dispatch
20260713,1212380212,The Five,0,1,49,FOX News Podcasts
20260713,1611374685,The Rest Is Politics,0,1,59,Goalhanger
20260713,1835450563,Sources & Methods,0,1,72,NPR
20260713,1854256395,America First with Nicholas J. Fuentes Repost,0,1,74,WANGHAF
20260713,159752078,This Morning With Gordon Deal,0,1,79,Compass Media Networks
20260713,418152882,Fox News Sunday Audio,0,1,80,FOX News Podcasts
20260713,1665265193,The Rest Is Politics: Leading,0,1,85,Goalhanger
20260713,1889550138,The Loren Piretra Show,0,1,91,Loren Piretra
20260713,1896805652,NARITAS,0,1,105,Yanis AHMADI
20260713,1896918330,Tocqueville Road Trip from The Economist,0,1,106,The Economist
20260713,114345000,PBS News Hour - Brooks and Capehart,0,1,110,PBS News
20260713,155974141,Common Sense with Dan Carlin,0,1,117,Dan Carlin
20260713,1494037881,Checks and Balance from The Economist,0,1,121,The Economist
20260713,1504713161,El hilo,0,1,122,My Cultura and iHeartPodcasts
20260713,1473150244,Americast,0,1,129,BBC News
20260713,1796721454,,0,1,132,
20260713,1857136176,SPN LIVE - The Stew Peters Network,0,1,133,Stew Peters
20260713,1696250206,HasanAbi,0,1,145,HasanAbi
20260713,1849994842,Deseret Voices,0,1,148,Deseret News
20260713,1896897095,Wired In,0,1,153,The Daily Wire
20260713,6787978198,Super Tuesdays with Chris Cillizza and Chuck Todd,0,1,154,iHeartPodcast
20260713,1625856906,不明白播客,0,1,158,袁莉和她的朋友们
20260713,1882059409,The Sunday Story,0,1,159,NPR
20260713,1875402719,Make It Make Sense,0,1,180,The Washington Post
20260713,1763234285,Autocracy in America,0,1,192,The Atlantic
20260713,1001507547,Novara Media,0,1,196,Novara Media
20260713,1610749444,Politics Weekly America,0,1,203,The Guardian
20260713,1562652774,DW News Brief,0,1,208,DW
20260713,1818530979,Frontline: The War in Ukraine and Global Security,0,1,216,Times Radio
20260713,1733640626,,0,1,218,
20260713,1703785141,The Rest Is Money,0,1,220,Goalhanger
20260713,1599294971,Extremely American,0,1,223,NPR
20260713,1871930209,Essential Minnesota,0,1,226,Minnesota Star Tribune
20260713,330326320,Es la Mañana de Federico,0,1,227,esRadio
20260713,6784324944,Accountability,0,1,228,KABC | CMLS Los Angeles
20260713,1801103648,The Nerd Reich,0,1,232,nerdreich
20260713,1884144340,Get Angry,0,1,235,"Bryan Andrews, ItsLuke"
20260713,1896939049,On Couch with Kelly & Clint,0,1,239,Man UnMade Podcast
20260713,1659250199,"Mueller, She Wrote - When the Facts Were Fresh",0,1,240,MSW Media
20260713,1556687660,Candace Owens,0,1,242,The Daily Wire
20260713,1700432142,RONZHEIMER.,0,1,243,Paul Ronzheimer
20260713,1639875478,Azad | آزاد,0,1,247,Azad | آزاد
20260713,1871531782,Uncertain with DL Hughley,0,1,248,DL Hughley
20260821,1192761536,Pod Save America,1,1,1,Pod Save America
20260821,1510240831,The MeidasTouch Podcast,1,1,4,MeidasTouch Network
20260821,1794450472,Bulwark Takes,1,1,9,The Bulwark
20260821,1447684472,The Bulwark Podcast,1,1,2,The Bulwark
20260821,1730358737,Letters from an American,1,1,8,Heather Cox Richardson
20260821,1750591415,Candace,1,1,3,Candace Owens
20260821,1617887885,The President's Daily Brief,1,1,11,The First TV
20260821,1050430296,The New Yorker Radio Hour,1,1,27,WNYC Studios and The New Yorker
20260821,1057255460,The NPR Politics Podcast,1,1,7,NPR
20260821,1865794721,Real Baron Podcast,1,1,25,Baron Coleman
20260821,1495601614,Verdict with Ted Cruz,1,1,26,iHeartPodcasts
20260821,1645614328,Fast Politics with Molly Jong-Fast,1,1,24,iHeartPodcasts
20260821,1640311112,The Necessary Conversation,1,1,36,The Necessary Conversation
20260821,1647085571,The Next Level,1,1,15,The Bulwark
20260821,1258635512,Radio Atlantic,1,1,30,The Atlantic
20260821,268213039,The Political Scene | The New Yorker,1,1,20,The New Yorker
20260821,1535384390,Ruthless Podcast,1,1,12,"Josh Holmes, Comfortably Smug, Michael Duncan and John Ashbrook"
20260821,1408796715,Runaway Country with Alex Wagner,1,1,40,Runaway Country with Alex Wagner
20260821,1774505095,Raging Moderates with Scott Galloway and Jessica Tarlov,1,1,13,Vox Media Podcast Network
20260821,1570045623,Breaking Points with Krystal and Saagar,1,1,6,iHeartPodcasts
20260821,1317481380,UnJustified,1,1,119,MSW Media
20260821,73330715,On the Media,1,1,33,WNYC Studios
20260821,1200016351,Pod Save the World,1,1,5,Pod Save the World
20260821,1692806415,The Briefing with Jen Psaki,1,1,14,"MS NOW, Jen Psaki"
20260821,1551206847,#SistersInLaw,1,1,45,Politicon
20260821,1485351658,Bannon`s War Room,1,1,21,WarRoom.org
20260821,1507444393,X22 Report,1,1,32,X22 Report
20260821,1314170606,All In with Chris Hayes,1,1,16,"MS NOW, Chris Hayes"
20260821,1795032531,The Jim Acosta Show,1,1,50,Jim Acosta
20260821,1367201919,Deadline: White House,1,1,10,"Nicolle Wallace, MS NOW"
20260821,75462585,NBC Nightly News with Tom Llamas,1,1,43,NBC News
20260821,1674095262,The Wright Report,1,1,34,Bryan Dean Wright
20260821,1456045551,Talking Feds,1,1,56,Harry Litman
20260821,1876034889,Breaking News from Pod Save America,1,1,48,Crooked Media
20260821,1551582052,The Lincoln Project,1,1,69,The Lincoln Project
20260821,158004641,Political Gabfest,1,1,99,Slate Podcasts
20260821,1303660358,The Fox News Rundown,1,1,51,FOX News Podcasts
20260821,1743030473,The Rest Is Politics: US,1,1,29,Goalhanger
20260821,1490993194,Advisory Opinions,1,1,35,The Dispatch
20260821,1586423406,The Focus Group Podcast,1,1,114,The Bulwark
20260821,91959525,This Week with George Stephanopoulos,1,1,153,ABC News
20260821,1529346075,Impolitic with John Heilemann,1,1,92,Audacy | Puck
20260821,1515399733,No Lie with Brian Tyler Cohen,1,1,83,Brian Tyler Cohen
20260821,1169056746,The Playbook Podcast,1,1,53,POLITICO
20260821,1495251160,John Solomon Reports,1,1,60,John Solomon
20260821,1549272440,The Daily Punch,1,1,63,Punchbowl News
20260821,1291144720,The Remnant with Jonah Goldberg,1,1,54,The Dispatch
20260821,1725387804,The Illegal News with Sarah Longwell,1,1,124,The Bulwark
20260821,1810218232,Next Up with Mark Halperin,1,1,59,MK Media
20260821,78911087,Face the Nation with Margaret Brennan,1,1,197,CBS News
20260821,597919007,The Young Turks,1,1,46,TYT Network
20260821,1314368109,The 11th Hour with Ali Velshi,1,1,41,"MS NOW, Ali Velshi"
20260821,1536169792,Talkin‘ Politics & Religion Without Killin‘ Each Other,1,1,88,"Scan Media, LLC"
20260821,929121341,Louder with Crowder,1,1,18,Louder with Crowder
20260821,1386375601,The Ben Ferguson Podcast,1,1,75,iHeartPodcasts
20260821,1818418128,Pod Force One,1,1,104,New York Post
20260821,402050558,The David Pakman Show,1,1,37,David Pakman
20260821,219258773,Brian Kilmeade Show,1,1,70,FOX News Podcasts
20260821,1265845136,Stay Tuned with Preet,1,1,19,Preet Bharara
20260821,1474001390,TRUE ANON TRUTH FEED,1,1,71,TrueAnon
20260821,1506127536,Making the Argument with Nick Freitas,1,1,52,Nick Freitas
20260821,1681586867,The Warning with Steve Schmidt,1,1,64,iHeartPodcasts
20260821,1873028393,Politics Chat,1,1,58,Heather Cox Richardson
20260821,1679657705,Main Justice,1,1,22,"MS NOW, Andrew Weissmann, Mary McCord"
20260821,1138657182,Liberty Lockdown,1,1,91,Clint Russell
20260821,402306412,The Majority Report with Sam Seder,1,1,49,Sam Seder
20260821,1364113251,The Beat with Ari Melber,1,1,39,"Ari Melber, MS NOW"
20260821,354628391,Renegade Talk Radio,1,1,94,Renegade Talk Radio
20260821,1595408601,The PoliticsGirl Podcast,1,0,,
20260821,1467297559,Hacks On Tap,1,1,17,Vox Media
20260821,1728152109,THE DAILY BLAST with Greg Sargent,1,1,23,Greg Sargent
20260821,1484862164,Politics War Room with James Carville & Al Hunt,1,1,55,Politicon
20260821,1452065072,Newt's World,1,1,185,Gingrich 360
20260821,1790957194,The 47 Morning Update with Ben Ferguson,1,1,80,iHeartPodcasts
20260821,1462703434,Know Your Enemy,1,1,123,Matthew Sitman
20260821,1886801652,Sidebar with Katie Phang,1,0,,
20260821,1584730781,The Benny Show,1,1,66,Benny Johnson
20260821,1517313007,The Hugh Hewitt Show: Highly Concentrated,1,1,57,Salem Podcast Network
20260821,1441649707,Straight White American Jesus,1,1,100,Bradley Onishi + Daniel Miller
20260821,1195206601,The Intercept Briefing,1,1,219,The Intercept
20260821,1538788132,Tangle,1,1,67,Isaac Saul
20260821,1294461271,GZERO World with Ian Bremmer,1,1,205,GZERO Media
20260821,1585243541,Human Events Daily with Jack Posobiec,1,1,120,Human Events with Jack Posobiec
20260821,1253076699,The Michael Berry Show,1,1,76,KTRH (KTRH-AM)
20260821,1635418897,The Chris Cuomo Project,1,1,81,Chris Cuomo
20260821,969924303,The Skepticrat,1,0,,
20260821,1623855270,The Foreign Affairs Interview,1,1,82,Foreign Affairs Magazine
20260821,73331636,The Brian Lehrer Show,1,1,77,WNYC
20260821,1822142909,Glenn Diesen - Greater Eurasia Podcast,1,1,107,Glenn Diesen
20260821,1072469956,Fox Across America w/ Jimmy Failla,1,1,90,FOX News Podcasts
20260821,1218054701,Rev Left Radio,1,1,122,Revolutionary Left Radio
20260821,1456850698,The Graham Allen Show,1,1,112,Graham Allen
20260821,1805186512,Going Rogue with Lara Logan,1,1,118,Lara Logan
20260821,1509826894,RealClearPolitics Podcast,1,1,73,"RealClearPolitics, Carl Cannon, Tom Bevan"
20260821,716825890,The Tom Woods Show,1,1,95,Tom Woods
20260821,1820648828,The Joy Reid Show,1,1,105,Joy-Ann Reid
20260821,1889705401,Nobody Knows Anything,1,0,,
20260821,1573813504,The Smerconish Podcast,1,1,72,SiriusXM
20260821,1696974077,The Source with Kaitlan Collins,1,1,61,CNN Podcasts
20260821,1574741668,American Prestige,1,1,151,Daniel Bessner & Derek Davison
20260821,1669610956,System Update with Glenn Greenwald,1,1,188,Rumble
20260821,1548554104,Volts,1,1,86,David Roberts
20260821,1647025876,Wendy Bell Radio Podcast,1,1,87,Wendy Bell
20260821,1378389941,Uncommon Knowledge,1,1,74,Hoover Institution
20260821,1896576050,Brian Tyler Cohen,1,1,215,Brian Tyler Cohen Network
20260821,1715894000,Trump's Terms,1,1,65,NPR
20260821,1587492577,The Mel K Show,1,1,164,Mel K
20260821,1660317917,Defending Democracy with Marc Elias,1,1,155,Democracy Docket
20260821,1635446643,The Coffee Klatch with Robert Reich,1,1,234,Robert Reich
20260821,1722246285,The Breakdown,1,1,184,Alberto fo sho
20260821,506779862,Lectures in History,1,1,249,C-SPAN
20260821,1147092464,Opening Arguments,1,1,141,Opening Arguments Media LLC
20260821,1695205478,What Really Matters with Walter Russell Mead,1,0,,
20260821,1263295815,The Pete Quiñones Show,1,1,147,Peter R Quiñones
20260821,1728340033,Mission Implausible,1,1,241,Jon Stern
20260821,1636762428,Dad Saves America,1,1,200,John Papola
20260821,1798460240,10 Minute Drill,1,1,103,Matt Whitlock
20260821,1471411980,American Thought Leaders,1,1,163,The Epoch Times
20260821,1714879044,The Tony Kinnett Cast,1,1,102,The Daily Signal
20260821,1579061364,Head in the Office,1,1,150,HITO Media LLC
20260821,1093260018,Slate News,1,1,165,Slate Podcasts
20260821,925428680,Conversations with Bill Kristol,1,0,,
20260821,1462195742,The Al Franken Podcast,1,1,247,The Al Franken Podcast
20260821,1576614213,American Conservative University,1,1,198,American Conservative University
20260821,1467993804,What the Hell Is Going On,1,0,,
20260821,1877144831,Paul Krugman Podcast,1,1,235,Paul Krugman
20260821,1709994511,UNGOVERNED,1,1,135,Shawn Farash
20260821,73329719,KQED's Forum,1,1,113,KQED
20260821,1785081636,The Mary Trump Podcast,1,1,149,Mary Trump Media
20260821,1432118523,The Damage Report with John Iadarola,1,1,96,TYT Network
20260821,791564318,Jacobin Radio,1,1,134,Jacobin
20260821,1843478428,Owen Report,1,1,132,Owen Shroyer
20260821,1531192509,Bad Faith,1,1,129,Briahna Joy Gray
20260821,1702202187,Perino on Politics,1,1,131,FOX News Podcasts
20260821,1568505052,MOATS with George Galloway,1,1,214,Molucca Media Ltd
20260821,380996798,"The Bob Cesca Show | Politics Podcast, News & Commentary",1,1,93,Bob Cesca
20260821,1172546141,The President’s Inbox,1,1,117,Council on Foreign Relations
20260821,1043245989,The Dig,1,1,189,Daniel Denvir
20260821,1535255041,Unf*cking The Republic,1,0,,
20260821,387042247,Washington Today,1,1,169,C-SPAN
20260821,682478916,War on the Rocks,1,1,62,Ryan Evans
20260821,983782306,Federalist Radio Hour,1,1,97,Radio America
20260821,1111319839,The Conversation with Dasha Burns,1,1,242,POLITICO
20260821,1476110521,Useful Idiots with Katie Halper and Aaron Maté,1,0,,
20260821,1549624070,Amarica's Constitution,1,1,166,Akhil Reed Amar
20260821,1289062927,ChinaTalk,1,1,158,Jordan Schneider
20260821,1570380458,The Victor Davis Hanson Show,1,1,187,Victor Davis Hanson and Jack Fowler
20260821,1356662668,Politically Georgia,1,1,128,The Atlanta Journal-Constitution
20260821,1725442221,Hawk Podcasts,1,1,191,Hawk
20260821,1721813926,Bad Hasbara - The World's Most Moral Podcast,1,1,154,Matt Lieb
20260821,1439837349,The Political Orphanage,1,1,210,Andrew Heaton
20260821,1671451793,Maiden Mother Matriarch with Louise Perry,1,1,195,Louise Perry
20260821,1502568407,SGT Report’s The Propaganda Antidote,1,1,125,SGT Report
20260821,1607829807,Mark Kaye Saves The Republic,1,1,218,Kayetriot Media
20260821,545045867,Scott Horton Show - Just the Interviews,1,1,89,Scott Horton
20260821,1317356120,The Peter McCormack Show,1,1,167,Peter McCormack
20260821,1570432345,Firing Line with Margaret Hoover,1,0,,
20260821,1818658022,"Life, Liberty & Levin Podcast",1,0,,
20260821,1634341981,Antiwar News With Dave DeCamp,1,1,202,Dave DeCamp
20260821,474763182,The Globalist,1,1,181,Monocle
20260821,1871628261,The Harry Sisson Show,1,0,,
20260821,1788891712,It's A Numbers Game with Ryan Girdusky,1,1,248,iHeartPodcasts
20260821,1654162813,The Kyle Seraphin Show,1,1,133,Kyle Seraphin
20260821,1480605295,POLITICO Energy,1,1,201,POLITICO
20260821,1648125917,Stay Free with Russell Brand,1,0,,
20260821,1612691018,THE WEEKEND SHOW,1,0,,
20260821,1880163995,The Kyle Kulinski Show,1,1,101,Kyle Kulinski
20260821,1536984072,The Dishcast with Andrew Sullivan,1,0,,
20260821,1309354521,Majority 54,1,0,,
20260821,1362265400,Timcast News,1,1,42,Timcast Media
20260821,1874174561,Hope For America with Heather Delaney Reese,1,0,,
20260821,124960485,"Best of the Left - Leftist Perspectives on Progressive Politics, News, Culture, Economics and Democracy",1,0,,
20260821,1587936366,The Inside Story Podcast,1,0,,
20260821,1594728054,The Great America Show,1,1,196,Fawcett Strategies
20260821,1767877239,No Gods No Mayors,1,1,130,The Office of the Mayor
20260821,1549502623,Cleanup on Aisle 45 with AG & Harry Dunn,1,1,108,MSW Media
20260821,956270301,Rational Security,1,0,,
20260821,1548086514,The Arena,1,0,,
20260821,1155629323,The Reason Roundtable,1,1,109,The Reason Roundtable
20260821,1868807558,Batya!,1,0,,
20260821,1592116227,The Breitbart News Daily Podcast,1,1,193,SiriusXM
20260821,1809246826,The Keith Edwards Show,1,1,238,Keith Edwards
20260821,1060110806,The Nation Podcasts,1,1,171,The Nation Magazine
20260821,702998658,Week In Review,1,0,,
20260821,1493858530,Hood Politics with Prop,1,1,137,Cool Zone Media and iHeartPodcasts
20260821,1485186805,Timothy Gordon Rules for Retrogrades Podcast,1,0,,
20260821,1567204040,The Drill Down with Peter Schweizer,1,1,98,Government Accountability Institute
20260821,1869456664,What's The Plan? with Leah Greenberg and Ezra Levin,1,0,,
20260821,1614844654,Week In Review,1,0,,
20260821,1751785203,Brad vs Everyone,1,0,,
20260821,1599891719,Seattle Nice,1,0,,
20260821,1368074498,The Lars Larson Show Pacific Northwest Podcast,1,1,182,Lars Larson
20260821,1800671132,Destiny,1,1,223,Destiny
20260821,1208232103,The Buck Sexton Show,1,0,,
20260821,1485021241,The Reason Interview With Nick Gillespie,1,1,136,The Reason Interview With Nick Gillespie
20260821,1606834013,The Josh Hammer Show,1,1,175,The Josh Hammer Show
20260821,1714009198,Mea Culpa,1,1,145,Podcast WABCRadio
20260821,1839861250,The Moment with Jorge Ramos and Paola Ramos,1,1,229,iHeartPodcasts
20260821,1449848509,I Don't Speak German,1,0,,
20260821,1633301179,Countdown with Keith Olbermann,1,1,180,iHeartPodcasts
20260821,1482179882,The Mona Charen Show,1,1,170,The Bulwark
20260821,1112258664,Russian Roulette,1,0,,
20260821,1721969693,Politix,1,1,139,Politix
20260821,1351411911,The TPM Show with Josh and Kate,1,1,106,Talking Points Memo
20260821,1212380212,The Five,0,1,28,FOX News Podcasts
20260821,1375568988,TRIGGERnometry,0,1,31,TRIGGERnometry
20260821,1611374685,The Rest Is Politics,0,1,38,Goalhanger
20260821,1493229344,The Dispatch Podcast,0,1,44,The Dispatch
20260821,1788738240,It’s That Part,0,1,47,Jesse Lee Hammonds
20260821,1879498704,Power and Consequences,0,1,68,Third Clumber Productions
20260821,1243130823,The John Kobylt Show,0,1,78,iHeartPodcasts
20260821,159752078,This Morning With Gordon Deal,0,1,79,Compass Media Networks
20260821,1473150244,Americast,0,1,84,BBC News
20260821,1801103648,The Nerd Reich,0,1,85,nerdreich
20260821,1601727251,Central Air,0,1,110,"Josh Barro, Megan McArdle & Ben Dreyfuss"
20260821,1651903715,The Rush Hour With Dave Neal,0,1,111,Dave Neal
20260821,1896805652,NARITAS,0,1,115,Yanis AHMADI
20260821,1769997814,Normally,0,1,116,iHeartPodcasts
20260821,1896897095,Wired In,0,1,121,The Daily Wire
20260821,1835450563,Sources & Methods,0,1,126,NPR
20260821,1552899676,The Luke Beasley Show,0,1,127,Luke Beasley
20260821,563127951,"Law Talk With Epstein, Yoo & Cooke",0,1,138,The Civitas Institute at the University of Texas at Austin
20260821,1530639447,THE OFFICIAL MEA CULPA WITH MICHAEL COHEN ARCHIVE,0,1,140,Audio Up Media
20260821,1573983987,On the Nose,0,1,142,Jewish Currents
20260821,1494037881,Checks and Balance from The Economist,0,1,143,The Economist
20260821,1882760486,Jack Cocchiarella Show,0,1,144,Jack Cocchiarella
20260821,1504048545,The Rachman Review,0,1,146,Financial Times
20260821,1504713161,El hilo,0,1,148,My Cultura and iHeartPodcasts
20260821,1701280578,The Sean Spicer Show,0,1,152,The Sean Spicer Show
20260821,155974141,Common Sense with Dan Carlin,0,1,156,Dan Carlin
20260821,1803015612,All Things with Kim Strassel,0,1,157,The Wall Street Journal
20260821,1665265193,The Rest Is Politics: Leading,0,1,159,Goalhanger
20260821,1605545539,In the Litter Box,0,1,160,Jewels Jones & Catturd
20260821,1893673410,Agitation Nation: A Podcast From The Fenton Forecast,0,1,161,David Fenton
20260821,1485109198,Politix,0,1,162,Politix
20260821,1507832825,Time To Say Goodbye,0,1,168,Time To Say Goodbye
20260821,1327641087,Political Breakdown,0,1,172,KQED
20260821,1195899470,The Takeout with Major Garrett,0,1,173,CBS News
20260821,1643776565,You're Wrong w/ Mollie Hemingway & David Harsanyi,0,1,174,Radio America
20260821,1762436723,Dan Wootton Outspoken,0,1,176,Dan Wootton
20260821,1805502607,The MiddleGround Mic,0,1,177,Joseph Steagall
20260821,863338913,Texas Standard,0,1,178,Texas Standard
20260821,1889550138,The Loren Piretra Show,0,1,179,Loren Piretra
20260821,1696250206,HasanAbi,0,1,183,HasanAbi
20260821,1871531782,Uncertain with DL Hughley,0,1,186,DL Hughley
20260821,1136826256,Election Profit Makers,0,1,190,Jon Kimball & David Rees
20260821,1591300785,Lost Debate,0,1,192,The Branch
20260821,1121407665,Sinica Podcast,0,1,194,Kaiser Kuo
20260821,1400926647,Gaslit Nation,0,1,199,Andrea Chalupa
20260821,1685475850,The Econoclasts,0,1,203,UnHerd
20260821,886656768,The Politics Bar,0,1,204,From The Bunker
20260821,1884144340,Get Angry,0,1,206,"Bryan Andrews, ItsLuke"
20260821,1692381473,The News Agents - USA,0,1,207,Global
20260821,1896561822,NORMAL GAYS Podcast,0,1,208,NORMAL GAYS
20260821,1625856906,不明白播客,0,1,209,袁莉和她的朋友们
20260821,1412905534,The Michael Steele Podcast,0,1,211,Michael Steele
20260821,960814054,The Ricochet Superfeed,0,1,212,Ricochet
20260821,1506676334,Means Morning News,0,1,213,Means Cooperative
20260821,1381291342,If You're Listening,0,1,216,ABC Australia
20260821,517293050,The Pete Kaliner Show,0,1,217,"Pete Kaliner - news, politics, NC"
20260821,1706536336,Political Currency,0,1,220,Persephonica
20260821,1668143992,Texas Minute,0,1,221,Texas Scorecard
20260821,1551827752,The Counsel,0,1,222,CAFE
20260821,1053981528,Economic Update with Richard D. Wolff,0,1,224,"Democracy at Work, Richard D. Wolff"
20260821,1547098165,Krystal Kyle & Friends,0,1,225,Krystal
20260821,1485475085,Stand Up! with Pete Dominick,0,1,226,pete dominick
20260821,1245265763,"Oh God, What Now?",0,1,227,Podmasters
20260821,1857136176,SPN LIVE - The Stew Peters Network,0,1,228,Stew Peters
20260821,1796721454,,0,1,230,
20260821,1843174639,"The Rich Zeoli Podcast: Daily Politics, Culture & Chaos",0,1,231,Rich Zeoli
20260821,1754976617,No BS Newshour with Charlie LeDuff,0,1,232,Charlie LeDuff
20260821,1700432142,RONZHEIMER.,0,1,233,Paul Ronzheimer
20260821,1721382033,Vibes Only,0,1,236,Brian Derrick and Glennis Meagher
20260821,1896591532,Nation States with Yates,0,1,237,iHeartPodcasts
20260821,1644366053,Decoding Fox News,0,1,239,I watch all the Fox News you'd never want to.
20260821,1733640626,,0,1,240,
20260821,1882414469,On the Road with Jonathan Martin,0,1,243,POLITICO
20260821,1450994745,Balance of Power,0,1,244,Bloomberg
20260821,1833272507,Executive Disorder: White House Weekly,0,1,245,Cool Zone Media and iHeartPodcasts
20260821,1562652774,DW News Brief,0,1,246,DW
20260821,1663927350,Multipolarity,0,1,250,Multipolarity
20260822,1192761536,Pod Save America,1,1,1,Pod Save America
20260822,1510240831,The MeidasTouch Podcast,1,1,4,MeidasTouch Network
20260822,1794450472,Bulwark Takes,1,1,9,The Bulwark
20260822,1447684472,The Bulwark Podcast,1,1,2,The Bulwark
20260822,1730358737,Letters from an American,1,1,8,Heather Cox Richardson
20260822,1750591415,Candace,1,1,3,Candace Owens
20260822,1617887885,The President's Daily Brief,1,1,11,The First TV
20260822,1050430296,The New Yorker Radio Hour,1,1,27,WNYC Studios and The New Yorker
20260822,1057255460,The NPR Politics Podcast,1,1,7,NPR
20260822,1865794721,Real Baron Podcast,1,1,25,Baron Coleman
20260822,1495601614,Verdict with Ted Cruz,1,1,26,iHeartPodcasts
20260822,1645614328,Fast Politics with Molly Jong-Fast,1,1,24,iHeartPodcasts
20260822,1640311112,The Necessary Conversation,1,1,36,The Necessary Conversation
20260822,1647085571,The Next Level,1,1,15,The Bulwark
20260822,1258635512,Radio Atlantic,1,1,30,The Atlantic
20260822,268213039,The Political Scene | The New Yorker,1,1,20,The New Yorker
20260822,1535384390,Ruthless Podcast,1,1,12,"Josh Holmes, Comfortably Smug, Michael Duncan and John Ashbrook"
20260822,1408796715,Runaway Country with Alex Wagner,1,1,40,Runaway Country with Alex Wagner
20260822,1774505095,Raging Moderates with Scott Galloway and Jessica Tarlov,1,1,13,Vox Media Podcast Network
20260822,1570045623,Breaking Points with Krystal and Saagar,1,1,6,iHeartPodcasts
20260822,1317481380,UnJustified,1,1,119,MSW Media
20260822,73330715,On the Media,1,1,33,WNYC Studios
20260822,1200016351,Pod Save the World,1,1,5,Pod Save the World
20260822,1692806415,The Briefing with Jen Psaki,1,1,14,"MS NOW, Jen Psaki"
20260822,1551206847,#SistersInLaw,1,1,45,Politicon
20260822,1485351658,Bannon`s War Room,1,1,21,WarRoom.org
20260822,1507444393,X22 Report,1,1,32,X22 Report
20260822,1314170606,All In with Chris Hayes,1,1,16,"MS NOW, Chris Hayes"
20260822,1795032531,The Jim Acosta Show,1,1,50,Jim Acosta
20260822,1367201919,Deadline: White House,1,1,10,"Nicolle Wallace, MS NOW"
20260822,75462585,NBC Nightly News with Tom Llamas,1,1,43,NBC News
20260822,1674095262,The Wright Report,1,1,34,Bryan Dean Wright
20260822,1456045551,Talking Feds,1,1,56,Harry Litman
20260822,1876034889,Breaking News from Pod Save America,1,1,48,Crooked Media
20260822,1551582052,The Lincoln Project,1,1,69,The Lincoln Project
20260822,158004641,Political Gabfest,1,1,99,Slate Podcasts
20260822,1303660358,The Fox News Rundown,1,1,51,FOX News Podcasts
20260822,1743030473,The Rest Is Politics: US,1,1,29,Goalhanger
20260822,1490993194,Advisory Opinions,1,1,35,The Dispatch
20260822,1586423406,The Focus Group Podcast,1,1,114,The Bulwark
20260822,91959525,This Week with George Stephanopoulos,1,1,153,ABC News
20260822,1529346075,Impolitic with John Heilemann,1,1,92,Audacy | Puck
20260822,1515399733,No Lie with Brian Tyler Cohen,1,1,83,Brian Tyler Cohen
20260822,1169056746,The Playbook Podcast,1,1,53,POLITICO
20260822,1495251160,John Solomon Reports,1,1,60,John Solomon
20260822,1549272440,The Daily Punch,1,1,63,Punchbowl News
20260822,1291144720,The Remnant with Jonah Goldberg,1,1,54,The Dispatch
20260822,1725387804,The Illegal News with Sarah Longwell,1,1,124,The Bulwark
20260822,1810218232,Next Up with Mark Halperin,1,1,59,MK Media
20260822,78911087,Face the Nation with Margaret Brennan,1,1,197,CBS News
20260822,597919007,The Young Turks,1,1,46,TYT Network
20260822,1314368109,The 11th Hour with Ali Velshi,1,1,41,"MS NOW, Ali Velshi"
20260822,1536169792,Talkin‘ Politics & Religion Without Killin‘ Each Other,1,1,88,"Scan Media, LLC"
20260822,929121341,Louder with Crowder,1,1,18,Louder with Crowder
20260822,1386375601,The Ben Ferguson Podcast,1,1,75,iHeartPodcasts
20260822,1818418128,Pod Force One,1,1,104,New York Post
20260822,402050558,The David Pakman Show,1,1,37,David Pakman
20260822,219258773,Brian Kilmeade Show,1,1,70,FOX News Podcasts
20260822,1265845136,Stay Tuned with Preet,1,1,19,Preet Bharara
20260822,1474001390,TRUE ANON TRUTH FEED,1,1,71,TrueAnon
20260822,1506127536,Making the Argument with Nick Freitas,1,1,52,Nick Freitas
20260822,1681586867,The Warning with Steve Schmidt,1,1,64,iHeartPodcasts
20260822,1873028393,Politics Chat,1,1,58,Heather Cox Richardson
20260822,1679657705,Main Justice,1,1,22,"MS NOW, Andrew Weissmann, Mary McCord"
20260822,1138657182,Liberty Lockdown,1,1,91,Clint Russell
20260822,402306412,The Majority Report with Sam Seder,1,1,49,Sam Seder
20260822,1364113251,The Beat with Ari Melber,1,1,39,"Ari Melber, MS NOW"
20260822,354628391,Renegade Talk Radio,1,1,94,Renegade Talk Radio
20260822,1595408601,The PoliticsGirl Podcast,1,0,,
20260822,1467297559,Hacks On Tap,1,1,17,Vox Media
20260822,1728152109,THE DAILY BLAST with Greg Sargent,1,1,23,Greg Sargent
20260822,1484862164,Politics War Room with James Carville & Al Hunt,1,1,55,Politicon
20260822,1452065072,Newt's World,1,1,185,Gingrich 360
20260822,1790957194,The 47 Morning Update with Ben Ferguson,1,1,80,iHeartPodcasts
20260822,1462703434,Know Your Enemy,1,1,123,Matthew Sitman
20260822,1886801652,Sidebar with Katie Phang,1,0,,
20260822,1584730781,The Benny Show,1,1,66,Benny Johnson
20260822,1517313007,The Hugh Hewitt Show: Highly Concentrated,1,1,57,Salem Podcast Network
20260822,1441649707,Straight White American Jesus,1,1,100,Bradley Onishi + Daniel Miller
20260822,1195206601,The Intercept Briefing,1,1,219,The Intercept
20260822,1538788132,Tangle,1,1,67,Isaac Saul
20260822,1294461271,GZERO World with Ian Bremmer,1,1,205,GZERO Media
20260822,1585243541,Human Events Daily with Jack Posobiec,1,1,120,Human Events with Jack Posobiec
20260822,1253076699,The Michael Berry Show,1,1,76,KTRH (KTRH-AM)
20260822,1635418897,The Chris Cuomo Project,1,1,81,Chris Cuomo
20260822,969924303,The Skepticrat,1,0,,
20260822,1623855270,The Foreign Affairs Interview,1,1,82,Foreign Affairs Magazine
20260822,73331636,The Brian Lehrer Show,1,1,77,WNYC
20260822,1822142909,Glenn Diesen - Greater Eurasia Podcast,1,1,107,Glenn Diesen
20260822,1072469956,Fox Across America w/ Jimmy Failla,1,1,90,FOX News Podcasts
20260822,1218054701,Rev Left Radio,1,1,122,Revolutionary Left Radio
20260822,1456850698,The Graham Allen Show,1,1,112,Graham Allen
20260822,1805186512,Going Rogue with Lara Logan,1,1,118,Lara Logan
20260822,1509826894,RealClearPolitics Podcast,1,1,73,"RealClearPolitics, Carl Cannon, Tom Bevan"
20260822,716825890,The Tom Woods Show,1,1,95,Tom Woods
20260822,1820648828,The Joy Reid Show,1,1,105,Joy-Ann Reid
20260822,1889705401,Nobody Knows Anything,1,0,,
20260822,1573813504,The Smerconish Podcast,1,1,72,SiriusXM
20260822,1696974077,The Source with Kaitlan Collins,1,1,61,CNN Podcasts
20260822,1574741668,American Prestige,1,1,151,Daniel Bessner & Derek Davison
20260822,1669610956,System Update with Glenn Greenwald,1,1,188,Rumble
20260822,1548554104,Volts,1,1,86,David Roberts
20260822,1647025876,Wendy Bell Radio Podcast,1,1,87,Wendy Bell
20260822,1378389941,Uncommon Knowledge,1,1,74,Hoover Institution
20260822,1896576050,Brian Tyler Cohen,1,1,215,Brian Tyler Cohen Network
20260822,1715894000,Trump's Terms,1,1,65,NPR
20260822,1587492577,The Mel K Show,1,1,164,Mel K
20260822,1660317917,Defending Democracy with Marc Elias,1,1,155,Democracy Docket
20260822,1635446643,The Coffee Klatch with Robert Reich,1,1,234,Robert Reich
20260822,1722246285,The Breakdown,1,1,184,Alberto fo sho
20260822,506779862,Lectures in History,1,1,249,C-SPAN
20260822,1147092464,Opening Arguments,1,1,141,Opening Arguments Media LLC
20260822,1695205478,What Really Matters with Walter Russell Mead,1,0,,
20260822,1263295815,The Pete Quiñones Show,1,1,147,Peter R Quiñones
20260822,1728340033,Mission Implausible,1,1,241,Jon Stern
20260822,1636762428,Dad Saves America,1,1,200,John Papola
20260822,1798460240,10 Minute Drill,1,1,103,Matt Whitlock
20260822,1471411980,American Thought Leaders,1,1,163,The Epoch Times
20260822,1714879044,The Tony Kinnett Cast,1,1,102,The Daily Signal
20260822,1579061364,Head in the Office,1,1,150,HITO Media LLC
20260822,1093260018,Slate News,1,1,165,Slate Podcasts
20260822,925428680,Conversations with Bill Kristol,1,0,,
20260822,1462195742,The Al Franken Podcast,1,1,247,The Al Franken Podcast
20260822,1576614213,American Conservative University,1,1,198,American Conservative University
20260822,1467993804,What the Hell Is Going On,1,0,,
20260822,1877144831,Paul Krugman Podcast,1,1,235,Paul Krugman
20260822,1709994511,UNGOVERNED,1,1,135,Shawn Farash
20260822,73329719,KQED's Forum,1,1,113,KQED
20260822,1785081636,The Mary Trump Podcast,1,1,149,Mary Trump Media
20260822,1432118523,The Damage Report with John Iadarola,1,1,96,TYT Network
20260822,791564318,Jacobin Radio,1,1,134,Jacobin
20260822,1843478428,Owen Report,1,1,132,Owen Shroyer
20260822,1531192509,Bad Faith,1,1,129,Briahna Joy Gray
20260822,1702202187,Perino on Politics,1,1,131,FOX News Podcasts
20260822,1568505052,MOATS with George Galloway,1,1,214,Molucca Media Ltd
20260822,380996798,"The Bob Cesca Show | Politics Podcast, News & Commentary",1,1,93,Bob Cesca
20260822,1172546141,The President’s Inbox,1,1,117,Council on Foreign Relations
20260822,1043245989,The Dig,1,1,189,Daniel Denvir
20260822,1535255041,Unf*cking The Republic,1,0,,
20260822,387042247,Washington Today,1,1,169,C-SPAN
20260822,682478916,War on the Rocks,1,1,62,Ryan Evans
20260822,983782306,Federalist Radio Hour,1,1,97,Radio America
20260822,1111319839,The Conversation with Dasha Burns,1,1,242,POLITICO
20260822,1476110521,Useful Idiots with Katie Halper and Aaron Maté,1,0,,
20260822,1549624070,Amarica's Constitution,1,1,166,Akhil Reed Amar
20260822,1289062927,ChinaTalk,1,1,158,Jordan Schneider
20260822,1570380458,The Victor Davis Hanson Show,1,1,187,Victor Davis Hanson and Jack Fowler
20260822,1356662668,Politically Georgia,1,1,128,The Atlanta Journal-Constitution
20260822,1725442221,Hawk Podcasts,1,1,191,Hawk
20260822,1721813926,Bad Hasbara - The World's Most Moral Podcast,1,1,154,Matt Lieb
20260822,1439837349,The Political Orphanage,1,1,210,Andrew Heaton
20260822,1671451793,Maiden Mother Matriarch with Louise Perry,1,1,195,Louise Perry
20260822,1502568407,SGT Report’s The Propaganda Antidote,1,1,125,SGT Report
20260822,1607829807,Mark Kaye Saves The Republic,1,1,218,Kayetriot Media
20260822,545045867,Scott Horton Show - Just the Interviews,1,1,89,Scott Horton
20260822,1317356120,The Peter McCormack Show,1,1,167,Peter McCormack
20260822,1570432345,Firing Line with Margaret Hoover,1,0,,
20260822,1818658022,"Life, Liberty & Levin Podcast",1,0,,
20260822,1634341981,Antiwar News With Dave DeCamp,1,1,202,Dave DeCamp
20260822,474763182,The Globalist,1,1,181,Monocle
20260822,1871628261,The Harry Sisson Show,1,0,,
20260822,1788891712,It's A Numbers Game with Ryan Girdusky,1,1,248,iHeartPodcasts
20260822,1654162813,The Kyle Seraphin Show,1,1,133,Kyle Seraphin
20260822,1480605295,POLITICO Energy,1,1,201,POLITICO
20260822,1648125917,Stay Free with Russell Brand,1,0,,
20260822,1612691018,THE WEEKEND SHOW,1,0,,
20260822,1880163995,The Kyle Kulinski Show,1,1,101,Kyle Kulinski
20260822,1536984072,The Dishcast with Andrew Sullivan,1,0,,
20260822,1309354521,Majority 54,1,0,,
20260822,1362265400,Timcast News,1,1,42,Timcast Media
20260822,1874174561,Hope For America with Heather Delaney Reese,1,0,,
20260822,124960485,"Best of the Left - Leftist Perspectives on Progressive Politics, News, Culture, Economics and Democracy",1,0,,
20260822,1587936366,The Inside Story Podcast,1,0,,
20260822,1594728054,The Great America Show,1,1,196,Fawcett Strategies
20260822,1767877239,No Gods No Mayors,1,1,130,The Office of the Mayor
20260822,1549502623,Cleanup on Aisle 45 with AG & Harry Dunn,1,1,108,MSW Media
20260822,956270301,Rational Security,1,0,,
20260822,1548086514,The Arena,1,0,,
20260822,1155629323,The Reason Roundtable,1,1,109,The Reason Roundtable
20260822,1868807558,Batya!,1,0,,
20260822,1592116227,The Breitbart News Daily Podcast,1,1,193,SiriusXM
20260822,1809246826,The Keith Edwards Show,1,1,238,Keith Edwards
20260822,1060110806,The Nation Podcasts,1,1,171,The Nation Magazine
20260822,702998658,Week In Review,1,0,,
20260822,1493858530,Hood Politics with Prop,1,1,137,Cool Zone Media and iHeartPodcasts
20260822,1485186805,Timothy Gordon Rules for Retrogrades Podcast,1,0,,
20260822,1567204040,The Drill Down with Peter Schweizer,1,1,98,Government Accountability Institute
20260822,1869456664,What's The Plan? with Leah Greenberg and Ezra Levin,1,0,,
20260822,1614844654,Week In Review,1,0,,
20260822,1751785203,Brad vs Everyone,1,0,,
20260822,1599891719,Seattle Nice,1,0,,
20260822,1368074498,The Lars Larson Show Pacific Northwest Podcast,1,1,182,Lars Larson
20260822,1800671132,Destiny,1,1,223,Destiny
20260822,1208232103,The Buck Sexton Show,1,0,,
20260822,1485021241,The Reason Interview With Nick Gillespie,1,1,136,The Reason Interview With Nick Gillespie
20260822,1606834013,The Josh Hammer Show,1,1,175,The Josh Hammer Show
20260822,1714009198,Mea Culpa,1,1,145,Podcast WABCRadio
20260822,1839861250,The Moment with Jorge Ramos and Paola Ramos,1,1,229,iHeartPodcasts
20260822,1449848509,I Don't Speak German,1,0,,
20260822,1633301179,Countdown with Keith Olbermann,1,1,180,iHeartPodcasts
20260822,1482179882,The Mona Charen Show,1,1,170,The Bulwark
20260822,1112258664,Russian Roulette,1,0,,
20260822,1721969693,Politix,1,1,139,Politix
20260822,1351411911,The TPM Show with Josh and Kate,1,1,106,Talking Points Memo
20260822,1212380212,The Five,0,1,28,FOX News Podcasts
20260822,1375568988,TRIGGERnometry,0,1,31,TRIGGERnometry
20260822,1611374685,The Rest Is Politics,0,1,38,Goalhanger
20260822,1493229344,The Dispatch Podcast,0,1,44,The Dispatch
20260822,1788738240,It’s That Part,0,1,47,Jesse Lee Hammonds
20260822,1879498704,Power and Consequences,0,1,68,Third Clumber Productions
20260822,1243130823,The John Kobylt Show,0,1,78,iHeartPodcasts
20260822,159752078,This Morning With Gordon Deal,0,1,79,Compass Media Networks
20260822,1473150244,Americast,0,1,84,BBC News
20260822,1801103648,The Nerd Reich,0,1,85,nerdreich
20260822,1601727251,Central Air,0,1,110,"Josh Barro, Megan McArdle & Ben Dreyfuss"
20260822,1651903715,The Rush Hour With Dave Neal,0,1,111,Dave Neal
20260822,1896805652,NARITAS,0,1,115,Yanis AHMADI
20260822,1769997814,Normally,0,1,116,iHeartPodcasts
20260822,1896897095,Wired In,0,1,121,The Daily Wire
20260822,1835450563,Sources & Methods,0,1,126,NPR
20260822,1552899676,The Luke Beasley Show,0,1,127,Luke Beasley
20260822,563127951,"Law Talk With Epstein, Yoo & Cooke",0,1,138,The Civitas Institute at the University of Texas at Austin
20260822,1530639447,THE OFFICIAL MEA CULPA WITH MICHAEL COHEN ARCHIVE,0,1,140,Audio Up Media
20260822,1573983987,On the Nose,0,1,142,Jewish Currents
20260822,1494037881,Checks and Balance from The Economist,0,1,143,The Economist
20260822,1882760486,Jack Cocchiarella Show,0,1,144,Jack Cocchiarella
20260822,1504048545,The Rachman Review,0,1,146,Financial Times
20260822,1504713161,El hilo,0,1,148,My Cultura and iHeartPodcasts
20260822,1701280578,The Sean Spicer Show,0,1,152,The Sean Spicer Show
20260822,155974141,Common Sense with Dan Carlin,0,1,156,Dan Carlin
20260822,1803015612,All Things with Kim Strassel,0,1,157,The Wall Street Journal
20260822,1665265193,The Rest Is Politics: Leading,0,1,159,Goalhanger
20260822,1605545539,In the Litter Box,0,1,160,Jewels Jones & Catturd
20260822,1893673410,Agitation Nation: A Podcast From The Fenton Forecast,0,1,161,David Fenton
20260822,1485109198,Politix,0,1,162,Politix
20260822,1507832825,Time To Say Goodbye,0,1,168,Time To Say Goodbye
20260822,1327641087,Political Breakdown,0,1,172,KQED
20260822,1195899470,The Takeout with Major Garrett,0,1,173,CBS News
20260822,1643776565,You're Wrong w/ Mollie Hemingway & David Harsanyi,0,1,174,Radio America
20260822,1762436723,Dan Wootton Outspoken,0,1,176,Dan Wootton
20260822,1805502607,The MiddleGround Mic,0,1,177,Joseph Steagall
20260822,863338913,Texas Standard,0,1,178,Texas Standard
20260822,1889550138,The Loren Piretra Show,0,1,179,Loren Piretra
20260822,1696250206,HasanAbi,0,1,183,HasanAbi
20260822,1871531782,Uncertain with DL Hughley,0,1,186,DL Hughley
20260822,1136826256,Election Profit Makers,0,1,190,Jon Kimball & David Rees
20260822,1591300785,Lost Debate,0,1,192,The Branch
20260822,1121407665,Sinica Podcast,0,1,194,Kaiser Kuo
20260822,1400926647,Gaslit Nation,0,1,199,Andrea Chalupa
20260822,1685475850,The Econoclasts,0,1,203,UnHerd
20260822,886656768,The Politics Bar,0,1,204,From The Bunker
20260822,1884144340,Get Angry,0,1,206,"Bryan Andrews, ItsLuke"
20260822,1692381473,The News Agents - USA,0,1,207,Global
20260822,1896561822,NORMAL GAYS Podcast,0,1,208,NORMAL GAYS
20260822,1625856906,不明白播客,0,1,209,袁莉和她的朋友们
20260822,1412905534,The Michael Steele Podcast,0,1,211,Michael Steele
20260822,960814054,The Ricochet Superfeed,0,1,212,Ricochet
20260822,1506676334,Means Morning News,0,1,213,Means Cooperative
20260822,1381291342,If You're Listening,0,1,216,ABC Australia
20260822,517293050,The Pete Kaliner Show,0,1,217,"Pete Kaliner - news, politics, NC"
20260822,1706536336,Political Currency,0,1,220,Persephonica
20260822,1668143992,Texas Minute,0,1,221,Texas Scorecard
20260822,1551827752,The Counsel,0,1,222,CAFE
20260822,1053981528,Economic Update with Richard D. Wolff,0,1,224,"Democracy at Work, Richard D. Wolff"
20260822,1547098165,Krystal Kyle & Friends,0,1,225,Krystal
20260822,1485475085,Stand Up! with Pete Dominick,0,1,226,pete dominick
20260822,1245265763,"Oh God, What Now?",0,1,227,Podmasters
20260822,1857136176,SPN LIVE - The Stew Peters Network,0,1,228,Stew Peters
20260822,1796721454,,0,1,230,
20260822,1843174639,"The Rich Zeoli Podcast: Daily Politics, Culture & Chaos",0,1,231,Rich Zeoli
20260822,1754976617,No BS Newshour with Charlie LeDuff,0,1,232,Charlie LeDuff
20260822,1700432142,RONZHEIMER.,0,1,233,Paul Ronzheimer
20260822,1721382033,Vibes Only,0,1,236,Brian Derrick and Glennis Meagher
20260822,1896591532,Nation States with Yates,0,1,237,iHeartPodcasts
20260822,1644366053,Decoding Fox News,0,1,239,I watch all the Fox News you'd never want to.
20260822,1733640626,,0,1,240,
20260822,1882414469,On the Road with Jonathan Martin,0,1,243,POLITICO
20260822,1450994745,Balance of Power,0,1,244,Bloomberg
20260822,1833272507,Executive Disorder: White House Weekly,0,1,245,Cool Zone Media and iHeartPodcasts
20260822,1562652774,DW News Brief,0,1,246,DW
20260822,1663927350,Multipolarity,0,1,250,Multipolarity
20260823,1192761536,Pod Save America,1,1,1,Pod Save America
20260823,1510240831,The MeidasTouch Podcast,1,1,4,MeidasTouch Network
20260823,1794450472,Bulwark Takes,1,1,9,The Bulwark
20260823,1447684472,The Bulwark Podcast,1,1,2,The Bulwark
20260823,1730358737,Letters from an American,1,1,8,Heather Cox Richardson
20260823,1750591415,Candace,1,1,3,Candace Owens
20260823,1617887885,The President's Daily Brief,1,1,11,The First TV
20260823,1050430296,The New Yorker Radio Hour,1,1,27,WNYC Studios and The New Yorker
20260823,1057255460,The NPR Politics Podcast,1,1,7,NPR
20260823,1865794721,Real Baron Podcast,1,1,25,Baron Coleman
20260823,1495601614,Verdict with Ted Cruz,1,1,26,iHeartPodcasts
20260823,1645614328,Fast Politics with Molly Jong-Fast,1,1,24,iHeartPodcasts
20260823,1640311112,The Necessary Conversation,1,1,36,The Necessary Conversation
20260823,1647085571,The Next Level,1,1,15,The Bulwark
20260823,1258635512,Radio Atlantic,1,1,30,The Atlantic
20260823,268213039,The Political Scene | The New Yorker,1,1,20,The New Yorker
20260823,1535384390,Ruthless Podcast,1,1,12,"Josh Holmes, Comfortably Smug, Michael Duncan and John Ashbrook"
20260823,1408796715,Runaway Country with Alex Wagner,1,1,40,Runaway Country with Alex Wagner
20260823,1774505095,Raging Moderates with Scott Galloway and Jessica Tarlov,1,1,13,Vox Media Podcast Network
20260823,1570045623,Breaking Points with Krystal and Saagar,1,1,6,iHeartPodcasts
20260823,1317481380,UnJustified,1,1,119,MSW Media
20260823,73330715,On the Media,1,1,33,WNYC Studios
20260823,1200016351,Pod Save the World,1,1,5,Pod Save the World
20260823,1692806415,The Briefing with Jen Psaki,1,1,14,"MS NOW, Jen Psaki"
20260823,1551206847,#SistersInLaw,1,1,45,Politicon
20260823,1485351658,Bannon`s War Room,1,1,21,WarRoom.org
20260823,1507444393,X22 Report,1,1,32,X22 Report
20260823,1314170606,All In with Chris Hayes,1,1,16,"MS NOW, Chris Hayes"
20260823,1795032531,The Jim Acosta Show,1,1,50,Jim Acosta
20260823,1367201919,Deadline: White House,1,1,10,"Nicolle Wallace, MS NOW"
20260823,75462585,NBC Nightly News with Tom Llamas,1,1,43,NBC News
20260823,1674095262,The Wright Report,1,1,34,Bryan Dean Wright
20260823,1456045551,Talking Feds,1,1,56,Harry Litman
20260823,1876034889,Breaking News from Pod Save America,1,1,48,Crooked Media
20260823,1551582052,The Lincoln Project,1,1,69,The Lincoln Project
20260823,158004641,Political Gabfest,1,1,99,Slate Podcasts
20260823,1303660358,The Fox News Rundown,1,1,51,FOX News Podcasts
20260823,1743030473,The Rest Is Politics: US,1,1,29,Goalhanger
20260823,1490993194,Advisory Opinions,1,1,35,The Dispatch
20260823,1586423406,The Focus Group Podcast,1,1,114,The Bulwark
20260823,91959525,This Week with George Stephanopoulos,1,1,153,ABC News
20260823,1529346075,Impolitic with John Heilemann,1,1,92,Audacy | Puck
20260823,1515399733,No Lie with Brian Tyler Cohen,1,1,83,Brian Tyler Cohen
20260823,1169056746,The Playbook Podcast,1,1,53,POLITICO
20260823,1495251160,John Solomon Reports,1,1,60,John Solomon
20260823,1549272440,The Daily Punch,1,1,63,Punchbowl News
20260823,1291144720,The Remnant with Jonah Goldberg,1,1,54,The Dispatch
20260823,1725387804,The Illegal News with Sarah Longwell,1,1,124,The Bulwark
20260823,1810218232,Next Up with Mark Halperin,1,1,59,MK Media
20260823,78911087,Face the Nation with Margaret Brennan,1,1,197,CBS News
20260823,597919007,The Young Turks,1,1,46,TYT Network
20260823,1314368109,The 11th Hour with Ali Velshi,1,1,41,"MS NOW, Ali Velshi"
20260823,1536169792,Talkin‘ Politics & Religion Without Killin‘ Each Other,1,1,88,"Scan Media, LLC"
20260823,929121341,Louder with Crowder,1,1,18,Louder with Crowder
20260823,1386375601,The Ben Ferguson Podcast,1,1,75,iHeartPodcasts
20260823,1818418128,Pod Force One,1,1,104,New York Post
20260823,402050558,The David Pakman Show,1,1,37,David Pakman
20260823,219258773,Brian Kilmeade Show,1,1,70,FOX News Podcasts
20260823,1265845136,Stay Tuned with Preet,1,1,19,Preet Bharara
20260823,1474001390,TRUE ANON TRUTH FEED,1,1,71,TrueAnon
20260823,1506127536,Making the Argument with Nick Freitas,1,1,52,Nick Freitas
20260823,1681586867,The Warning with Steve Schmidt,1,1,64,iHeartPodcasts
20260823,1873028393,Politics Chat,1,1,58,Heather Cox Richardson
20260823,1679657705,Main Justice,1,1,22,"MS NOW, Andrew Weissmann, Mary McCord"
20260823,1138657182,Liberty Lockdown,1,1,91,Clint Russell
20260823,402306412,The Majority Report with Sam Seder,1,1,49,Sam Seder
20260823,1364113251,The Beat with Ari Melber,1,1,39,"Ari Melber, MS NOW"
20260823,354628391,Renegade Talk Radio,1,1,94,Renegade Talk Radio
20260823,1595408601,The PoliticsGirl Podcast,1,0,,
20260823,1467297559,Hacks On Tap,1,1,17,Vox Media
20260823,1728152109,THE DAILY BLAST with Greg Sargent,1,1,23,Greg Sargent
20260823,1484862164,Politics War Room with James Carville & Al Hunt,1,1,55,Politicon
20260823,1452065072,Newt's World,1,1,185,Gingrich 360
20260823,1790957194,The 47 Morning Update with Ben Ferguson,1,1,80,iHeartPodcasts
20260823,1462703434,Know Your Enemy,1,1,123,Matthew Sitman
20260823,1886801652,Sidebar with Katie Phang,1,0,,
20260823,1584730781,The Benny Show,1,1,66,Benny Johnson
20260823,1517313007,The Hugh Hewitt Show: Highly Concentrated,1,1,57,Salem Podcast Network
20260823,1441649707,Straight White American Jesus,1,1,100,Bradley Onishi + Daniel Miller
20260823,1195206601,The Intercept Briefing,1,1,219,The Intercept
20260823,1538788132,Tangle,1,1,67,Isaac Saul
20260823,1294461271,GZERO World with Ian Bremmer,1,1,205,GZERO Media
20260823,1585243541,Human Events Daily with Jack Posobiec,1,1,120,Human Events with Jack Posobiec
20260823,1253076699,The Michael Berry Show,1,1,76,KTRH (KTRH-AM)
20260823,1635418897,The Chris Cuomo Project,1,1,81,Chris Cuomo
20260823,969924303,The Skepticrat,1,0,,
20260823,1623855270,The Foreign Affairs Interview,1,1,82,Foreign Affairs Magazine
20260823,73331636,The Brian Lehrer Show,1,1,77,WNYC
20260823,1822142909,Glenn Diesen - Greater Eurasia Podcast,1,1,107,Glenn Diesen
20260823,1072469956,Fox Across America w/ Jimmy Failla,1,1,90,FOX News Podcasts
20260823,1218054701,Rev Left Radio,1,1,122,Revolutionary Left Radio
20260823,1456850698,The Graham Allen Show,1,1,112,Graham Allen
20260823,1805186512,Going Rogue with Lara Logan,1,1,118,Lara Logan
20260823,1509826894,RealClearPolitics Podcast,1,1,73,"RealClearPolitics, Carl Cannon, Tom Bevan"
20260823,716825890,The Tom Woods Show,1,1,95,Tom Woods
20260823,1820648828,The Joy Reid Show,1,1,105,Joy-Ann Reid
20260823,1889705401,Nobody Knows Anything,1,0,,
20260823,1573813504,The Smerconish Podcast,1,1,72,SiriusXM
20260823,1696974077,The Source with Kaitlan Collins,1,1,61,CNN Podcasts
20260823,1574741668,American Prestige,1,1,151,Daniel Bessner & Derek Davison
20260823,1669610956,System Update with Glenn Greenwald,1,1,188,Rumble
20260823,1548554104,Volts,1,1,86,David Roberts
20260823,1647025876,Wendy Bell Radio Podcast,1,1,87,Wendy Bell
20260823,1378389941,Uncommon Knowledge,1,1,74,Hoover Institution
20260823,1896576050,Brian Tyler Cohen,1,1,215,Brian Tyler Cohen Network
20260823,1715894000,Trump's Terms,1,1,65,NPR
20260823,1587492577,The Mel K Show,1,1,164,Mel K
20260823,1660317917,Defending Democracy with Marc Elias,1,1,155,Democracy Docket
20260823,1635446643,The Coffee Klatch with Robert Reich,1,1,234,Robert Reich
20260823,1722246285,The Breakdown,1,1,184,Alberto fo sho
20260823,506779862,Lectures in History,1,1,249,C-SPAN
20260823,1147092464,Opening Arguments,1,1,141,Opening Arguments Media LLC
20260823,1695205478,What Really Matters with Walter Russell Mead,1,0,,
20260823,1263295815,The Pete Quiñones Show,1,1,147,Peter R Quiñones
20260823,1728340033,Mission Implausible,1,1,241,Jon Stern
20260823,1636762428,Dad Saves America,1,1,200,John Papola
20260823,1798460240,10 Minute Drill,1,1,103,Matt Whitlock
20260823,1471411980,American Thought Leaders,1,1,163,The Epoch Times
20260823,1714879044,The Tony Kinnett Cast,1,1,102,The Daily Signal
20260823,1579061364,Head in the Office,1,1,150,HITO Media LLC
20260823,1093260018,Slate News,1,1,165,Slate Podcasts
20260823,925428680,Conversations with Bill Kristol,1,0,,
20260823,1462195742,The Al Franken Podcast,1,1,247,The Al Franken Podcast
20260823,1576614213,American Conservative University,1,1,198,American Conservative University
20260823,1467993804,What the Hell Is Going On,1,0,,
20260823,1877144831,Paul Krugman Podcast,1,1,235,Paul Krugman
20260823,1709994511,UNGOVERNED,1,1,135,Shawn Farash
20260823,73329719,KQED's Forum,1,1,113,KQED
20260823,1785081636,The Mary Trump Podcast,1,1,149,Mary Trump Media
20260823,1432118523,The Damage Report with John Iadarola,1,1,96,TYT Network
20260823,791564318,Jacobin Radio,1,1,134,Jacobin
20260823,1843478428,Owen Report,1,1,132,Owen Shroyer
20260823,1531192509,Bad Faith,1,1,129,Briahna Joy Gray
20260823,1702202187,Perino on Politics,1,1,131,FOX News Podcasts
20260823,1568505052,MOATS with George Galloway,1,1,214,Molucca Media Ltd
20260823,380996798,"The Bob Cesca Show | Politics Podcast, News & Commentary",1,1,93,Bob Cesca
20260823,1172546141,The President’s Inbox,1,1,117,Council on Foreign Relations
20260823,1043245989,The Dig,1,1,189,Daniel Denvir
20260823,1535255041,Unf*cking The Republic,1,0,,
20260823,387042247,Washington Today,1,1,169,C-SPAN
20260823,682478916,War on the Rocks,1,1,62,Ryan Evans
20260823,983782306,Federalist Radio Hour,1,1,97,Radio America
20260823,1111319839,The Conversation with Dasha Burns,1,1,242,POLITICO
20260823,1476110521,Useful Idiots with Katie Halper and Aaron Maté,1,0,,
20260823,1549624070,Amarica's Constitution,1,1,166,Akhil Reed Amar
20260823,1289062927,ChinaTalk,1,1,158,Jordan Schneider
20260823,1570380458,The Victor Davis Hanson Show,1,1,187,Victor Davis Hanson and Jack Fowler
20260823,1356662668,Politically Georgia,1,1,128,The Atlanta Journal-Constitution
20260823,1725442221,Hawk Podcasts,1,1,191,Hawk
20260823,1721813926,Bad Hasbara - The World's Most Moral Podcast,1,1,154,Matt Lieb
20260823,1439837349,The Political Orphanage,1,1,210,Andrew Heaton
20260823,1671451793,Maiden Mother Matriarch with Louise Perry,1,1,195,Louise Perry
20260823,1502568407,SGT Report’s The Propaganda Antidote,1,1,125,SGT Report
20260823,1607829807,Mark Kaye Saves The Republic,1,1,218,Kayetriot Media
20260823,545045867,Scott Horton Show - Just the Interviews,1,1,89,Scott Horton
20260823,1317356120,The Peter McCormack Show,1,1,167,Peter McCormack
20260823,1570432345,Firing Line with Margaret Hoover,1,0,,
20260823,1818658022,"Life, Liberty & Levin Podcast",1,0,,
20260823,1634341981,Antiwar News With Dave DeCamp,1,1,202,Dave DeCamp
20260823,474763182,The Globalist,1,1,181,Monocle
20260823,1871628261,The Harry Sisson Show,1,0,,
20260823,1788891712,It's A Numbers Game with Ryan Girdusky,1,1,248,iHeartPodcasts
20260823,1654162813,The Kyle Seraphin Show,1,1,133,Kyle Seraphin
20260823,1480605295,POLITICO Energy,1,1,201,POLITICO
20260823,1648125917,Stay Free with Russell Brand,1,0,,
20260823,1612691018,THE WEEKEND SHOW,1,0,,
20260823,1880163995,The Kyle Kulinski Show,1,1,101,Kyle Kulinski
20260823,1536984072,The Dishcast with Andrew Sullivan,1,0,,
20260823,1309354521,Majority 54,1,0,,
20260823,1362265400,Timcast News,1,1,42,Timcast Media
20260823,1874174561,Hope For America with Heather Delaney Reese,1,0,,
20260823,124960485,"Best of the Left - Leftist Perspectives on Progressive Politics, News, Culture, Economics and Democracy",1,0,,
20260823,1587936366,The Inside Story Podcast,1,0,,
20260823,1594728054,The Great America Show,1,1,196,Fawcett Strategies
20260823,1767877239,No Gods No Mayors,1,1,130,The Office of the Mayor
20260823,1549502623,Cleanup on Aisle 45 with AG & Harry Dunn,1,1,108,MSW Media
20260823,956270301,Rational Security,1,0,,
20260823,1548086514,The Arena,1,0,,
20260823,1155629323,The Reason Roundtable,1,1,109,The Reason Roundtable
20260823,1868807558,Batya!,1,0,,
20260823,1592116227,The Breitbart News Daily Podcast,1,1,193,SiriusXM
20260823,1809246826,The Keith Edwards Show,1,1,238,Keith Edwards
20260823,1060110806,The Nation Podcasts,1,1,171,The Nation Magazine
20260823,702998658,Week In Review,1,0,,
20260823,1493858530,Hood Politics with Prop,1,1,137,Cool Zone Media and iHeartPodcasts
20260823,1485186805,Timothy Gordon Rules for Retrogrades Podcast,1,0,,
20260823,1567204040,The Drill Down with Peter Schweizer,1,1,98,Government Accountability Institute
20260823,1869456664,What's The Plan? with Leah Greenberg and Ezra Levin,1,0,,
20260823,1614844654,Week In Review,1,0,,
20260823,1751785203,Brad vs Everyone,1,0,,
20260823,1599891719,Seattle Nice,1,0,,
20260823,1368074498,The Lars Larson Show Pacific Northwest Podcast,1,1,182,Lars Larson
20260823,1800671132,Destiny,1,1,223,Destiny
20260823,1208232103,The Buck Sexton Show,1,0,,
20260823,1485021241,The Reason Interview With Nick Gillespie,1,1,136,The Reason Interview With Nick Gillespie
20260823,1606834013,The Josh Hammer Show,1,1,175,The Josh Hammer Show
20260823,1714009198,Mea Culpa,1,1,145,Podcast WABCRadio
20260823,1839861250,The Moment with Jorge Ramos and Paola Ramos,1,1,229,iHeartPodcasts
20260823,1449848509,I Don't Speak German,1,0,,
20260823,1633301179,Countdown with Keith Olbermann,1,1,180,iHeartPodcasts
20260823,1482179882,The Mona Charen Show,1,1,170,The Bulwark
20260823,1112258664,Russian Roulette,1,0,,
20260823,1721969693,Politix,1,1,139,Politix
20260823,1351411911,The TPM Show with Josh and Kate,1,1,106,Talking Points Memo
20260823,1212380212,The Five,0,1,28,FOX News Podcasts
20260823,1375568988,TRIGGERnometry,0,1,31,TRIGGERnometry
20260823,1611374685,The Rest Is Politics,0,1,38,Goalhanger
20260823,1493229344,The Dispatch Podcast,0,1,44,The Dispatch
20260823,1788738240,It’s That Part,0,1,47,Jesse Lee Hammonds
20260823,1879498704,Power and Consequences,0,1,68,Third Clumber Productions
20260823,1243130823,The John Kobylt Show,0,1,78,iHeartPodcasts
20260823,159752078,This Morning With Gordon Deal,0,1,79,Compass Media Networks
20260823,1473150244,Americast,0,1,84,BBC News
20260823,1801103648,The Nerd Reich,0,1,85,nerdreich
20260823,1601727251,Central Air,0,1,110,"Josh Barro, Megan McArdle & Ben Dreyfuss"
20260823,1651903715,The Rush Hour With Dave Neal,0,1,111,Dave Neal
20260823,1896805652,NARITAS,0,1,115,Yanis AHMADI
20260823,1769997814,Normally,0,1,116,iHeartPodcasts
20260823,1896897095,Wired In,0,1,121,The Daily Wire
20260823,1835450563,Sources & Methods,0,1,126,NPR
20260823,1552899676,The Luke Beasley Show,0,1,127,Luke Beasley
20260823,563127951,"Law Talk With Epstein, Yoo & Cooke",0,1,138,The Civitas Institute at the University of Texas at Austin
20260823,1530639447,THE OFFICIAL MEA CULPA WITH MICHAEL COHEN ARCHIVE,0,1,140,Audio Up Media
20260823,1573983987,On the Nose,0,1,142,Jewish Currents
20260823,1494037881,Checks and Balance from The Economist,0,1,143,The Economist
20260823,1882760486,Jack Cocchiarella Show,0,1,144,Jack Cocchiarella
20260823,1504048545,The Rachman Review,0,1,146,Financial Times
20260823,1504713161,El hilo,0,1,148,My Cultura and iHeartPodcasts
20260823,1701280578,The Sean Spicer Show,0,1,152,The Sean Spicer Show
20260823,155974141,Common Sense with Dan Carlin,0,1,156,Dan Carlin
20260823,1803015612,All Things with Kim Strassel,0,1,157,The Wall Street Journal
20260823,1665265193,The Rest Is Politics: Leading,0,1,159,Goalhanger
20260823,1605545539,In the Litter Box,0,1,160,Jewels Jones & Catturd
20260823,1893673410,Agitation Nation: A Podcast From The Fenton Forecast,0,1,161,David Fenton
20260823,1485109198,Politix,0,1,162,Politix
20260823,1507832825,Time To Say Goodbye,0,1,168,Time To Say Goodbye
20260823,1327641087,Political Breakdown,0,1,172,KQED
20260823,1195899470,The Takeout with Major Garrett,0,1,173,CBS News
20260823,1643776565,You're Wrong w/ Mollie Hemingway & David Harsanyi,0,1,174,Radio America
20260823,1762436723,Dan Wootton Outspoken,0,1,176,Dan Wootton
20260823,1805502607,The MiddleGround Mic,0,1,177,Joseph Steagall
20260823,863338913,Texas Standard,0,1,178,Texas Standard
20260823,1889550138,The Loren Piretra Show,0,1,179,Loren Piretra
20260823,1696250206,HasanAbi,0,1,183,HasanAbi
20260823,1871531782,Uncertain with DL Hughley,0,1,186,DL Hughley
20260823,1136826256,Election Profit Makers,0,1,190,Jon Kimball & David Rees
20260823,1591300785,Lost Debate,0,1,192,The Branch
20260823,1121407665,Sinica Podcast,0,1,194,Kaiser Kuo
20260823,1400926647,Gaslit Nation,0,1,199,Andrea Chalupa
20260823,1685475850,The Econoclasts,0,1,203,UnHerd
20260823,886656768,The Politics Bar,0,1,204,From The Bunker
20260823,1884144340,Get Angry,0,1,206,"Bryan Andrews, ItsLuke"
20260823,1692381473,The News Agents - USA,0,1,207,Global
20260823,1896561822,NORMAL GAYS Podcast,0,1,208,NORMAL GAYS
20260823,1625856906,不明白播客,0,1,209,袁莉和她的朋友们
20260823,1412905534,The Michael Steele Podcast,0,1,211,Michael Steele
20260823,960814054,The Ricochet Superfeed,0,1,212,Ricochet
20260823,1506676334,Means Morning News,0,1,213,Means Cooperative
20260823,1381291342,If You're Listening,0,1,216,ABC Australia
20260823,517293050,The Pete Kaliner Show,0,1,217,"Pete Kaliner - news, politics, NC"
20260823,1706536336,Political Currency,0,1,220,Persephonica
20260823,1668143992,Texas Minute,0,1,221,Texas Scorecard
20260823,1551827752,The Counsel,0,1,222,CAFE
20260823,1053981528,Economic Update with Richard D. Wolff,0,1,224,"Democracy at Work, Richard D. Wolff"
20260823,1547098165,Krystal Kyle & Friends,0,1,225,Krystal
20260823,1485475085,Stand Up! with Pete Dominick,0,1,226,pete dominick
20260823,1245265763,"Oh God, What Now?",0,1,227,Podmasters
20260823,1857136176,SPN LIVE - The Stew Peters Network,0,1,228,Stew Peters
20260823,1796721454,,0,1,230,
20260823,1843174639,"The Rich Zeoli Podcast: Daily Politics, Culture & Chaos",0,1,231,Rich Zeoli
20260823,1754976617,No BS Newshour with Charlie LeDuff,0,1,232,Charlie LeDuff
20260823,1700432142,RONZHEIMER.,0,1,233,Paul Ronzheimer
20260823,1721382033,Vibes Only,0,1,236,Brian Derrick and Glennis Meagher
20260823,1896591532,Nation States with Yates,0,1,237,iHeartPodcasts
20260823,1644366053,Decoding Fox News,0,1,239,I watch all the Fox News you'd never want to.
20260823,1733640626,,0,1,240,
20260823,1882414469,On the Road with Jonathan Martin,0,1,243,POLITICO
20260823,1450994745,Balance of Power,0,1,244,Bloomberg
20260823,1833272507,Executive Disorder: White House Weekly,0,1,245,Cool Zone Media and iHeartPodcasts
20260823,1562652774,DW News Brief,0,1,246,DW
20260823,1663927350,Multipolarity,0,1,250,Multipolarity
20260824,1192761536,Pod Save America,1,1,1,Pod Save America
20260824,1510240831,The MeidasTouch Podcast,1,1,4,MeidasTouch Network
20260824,1794450472,Bulwark Takes,1,1,9,The Bulwark
20260824,1447684472,The Bulwark Podcast,1,1,2,The Bulwark
20260824,1730358737,Letters from an American,1,1,8,Heather Cox Richardson
20260824,1750591415,Candace,1,1,3,Candace Owens
20260824,1617887885,The President's Daily Brief,1,1,11,The First TV
20260824,1050430296,The New Yorker Radio Hour,1,1,27,WNYC Studios and The New Yorker
20260824,1057255460,The NPR Politics Podcast,1,1,7,NPR
20260824,1865794721,Real Baron Podcast,1,1,25,Baron Coleman
20260824,1495601614,Verdict with Ted Cruz,1,1,26,iHeartPodcasts
20260824,1645614328,Fast Politics with Molly Jong-Fast,1,1,24,iHeartPodcasts
20260824,1640311112,The Necessary Conversation,1,1,36,The Necessary Conversation
20260824,1647085571,The Next Level,1,1,15,The Bulwark
20260824,1258635512,Radio Atlantic,1,1,30,The Atlantic
20260824,268213039,The Political Scene | The New Yorker,1,1,20,The New Yorker
20260824,1535384390,Ruthless Podcast,1,1,12,"Josh Holmes, Comfortably Smug, Michael Duncan and John Ashbrook"
20260824,1408796715,Runaway Country with Alex Wagner,1,1,40,Runaway Country with Alex Wagner
20260824,1774505095,Raging Moderates with Scott Galloway and Jessica Tarlov,1,1,13,Vox Media Podcast Network
20260824,1570045623,Breaking Points with Krystal and Saagar,1,1,6,iHeartPodcasts
20260824,1317481380,UnJustified,1,1,119,MSW Media
20260824,73330715,On the Media,1,1,33,WNYC Studios
20260824,1200016351,Pod Save the World,1,1,5,Pod Save the World
20260824,1692806415,The Briefing with Jen Psaki,1,1,14,"MS NOW, Jen Psaki"
20260824,1551206847,#SistersInLaw,1,1,45,Politicon
20260824,1485351658,Bannon`s War Room,1,1,21,WarRoom.org
20260824,1507444393,X22 Report,1,1,32,X22 Report
20260824,1314170606,All In with Chris Hayes,1,1,16,"MS NOW, Chris Hayes"
20260824,1795032531,The Jim Acosta Show,1,1,50,Jim Acosta
20260824,1367201919,Deadline: White House,1,1,10,"Nicolle Wallace, MS NOW"
20260824,75462585,NBC Nightly News with Tom Llamas,1,1,43,NBC News
20260824,1674095262,The Wright Report,1,1,34,Bryan Dean Wright
20260824,1456045551,Talking Feds,1,1,56,Harry Litman
20260824,1876034889,Breaking News from Pod Save America,1,1,48,Crooked Media
20260824,1551582052,The Lincoln Project,1,1,69,The Lincoln Project
20260824,158004641,Political Gabfest,1,1,99,Slate Podcasts
20260824,1303660358,The Fox News Rundown,1,1,51,FOX News Podcasts
20260824,1743030473,The Rest Is Politics: US,1,1,29,Goalhanger
20260824,1490993194,Advisory Opinions,1,1,35,The Dispatch
20260824,1586423406,The Focus Group Podcast,1,1,114,The Bulwark
20260824,91959525,This Week with George Stephanopoulos,1,1,153,ABC News
20260824,1529346075,Impolitic with John Heilemann,1,1,92,Audacy | Puck
20260824,1515399733,No Lie with Brian Tyler Cohen,1,1,83,Brian Tyler Cohen
20260824,1169056746,The Playbook Podcast,1,1,53,POLITICO
20260824,1495251160,John Solomon Reports,1,1,60,John Solomon
20260824,1549272440,The Daily Punch,1,1,63,Punchbowl News
20260824,1291144720,The Remnant with Jonah Goldberg,1,1,54,The Dispatch
20260824,1725387804,The Illegal News with Sarah Longwell,1,1,124,The Bulwark
20260824,1810218232,Next Up with Mark Halperin,1,1,59,MK Media
20260824,78911087,Face the Nation with Margaret Brennan,1,1,197,CBS News
20260824,597919007,The Young Turks,1,1,46,TYT Network
20260824,1314368109,The 11th Hour with Ali Velshi,1,1,41,"MS NOW, Ali Velshi"
20260824,1536169792,Talkin‘ Politics & Religion Without Killin‘ Each Other,1,1,88,"Scan Media, LLC"
20260824,929121341,Louder with Crowder,1,1,18,Louder with Crowder
20260824,1386375601,The Ben Ferguson Podcast,1,1,75,iHeartPodcasts
20260824,1818418128,Pod Force One,1,1,104,New York Post
20260824,402050558,The David Pakman Show,1,1,37,David Pakman
20260824,219258773,Brian Kilmeade Show,1,1,70,FOX News Podcasts
20260824,1265845136,Stay Tuned with Preet,1,1,19,Preet Bharara
20260824,1474001390,TRUE ANON TRUTH FEED,1,1,71,TrueAnon
20260824,1506127536,Making the Argument with Nick Freitas,1,1,52,Nick Freitas
20260824,1681586867,The Warning with Steve Schmidt,1,1,64,iHeartPodcasts
20260824,1873028393,Politics Chat,1,1,58,Heather Cox Richardson
20260824,1679657705,Main Justice,1,1,22,"MS NOW, Andrew Weissmann, Mary McCord"
20260824,1138657182,Liberty Lockdown,1,1,91,Clint Russell
20260824,402306412,The Majority Report with Sam Seder,1,1,49,Sam Seder
20260824,1364113251,The Beat with Ari Melber,1,1,39,"Ari Melber, MS NOW"
20260824,354628391,Renegade Talk Radio,1,1,94,Renegade Talk Radio
20260824,1595408601,The PoliticsGirl Podcast,1,0,,
20260824,1467297559,Hacks On Tap,1,1,17,Vox Media
20260824,1728152109,THE DAILY BLAST with Greg Sargent,1,1,23,Greg Sargent
20260824,1484862164,Politics War Room with James Carville & Al Hunt,1,1,55,Politicon
20260824,1452065072,Newt's World,1,1,185,Gingrich 360
20260824,1790957194,The 47 Morning Update with Ben Ferguson,1,1,80,iHeartPodcasts
20260824,1462703434,Know Your Enemy,1,1,123,Matthew Sitman
20260824,1886801652,Sidebar with Katie Phang,1,0,,
20260824,1584730781,The Benny Show,1,1,66,Benny Johnson
20260824,1517313007,The Hugh Hewitt Show: Highly Concentrated,1,1,57,Salem Podcast Network
20260824,1441649707,Straight White American Jesus,1,1,100,Bradley Onishi + Daniel Miller
20260824,1195206601,The Intercept Briefing,1,1,219,The Intercept
20260824,1538788132,Tangle,1,1,67,Isaac Saul
20260824,1294461271,GZERO World with Ian Bremmer,1,1,205,GZERO Media
20260824,1585243541,Human Events Daily with Jack Posobiec,1,1,120,Human Events with Jack Posobiec
20260824,1253076699,The Michael Berry Show,1,1,76,KTRH (KTRH-AM)
20260824,1635418897,The Chris Cuomo Project,1,1,81,Chris Cuomo
20260824,969924303,The Skepticrat,1,0,,
20260824,1623855270,The Foreign Affairs Interview,1,1,82,Foreign Affairs Magazine
20260824,73331636,The Brian Lehrer Show,1,1,77,WNYC
20260824,1822142909,Glenn Diesen - Greater Eurasia Podcast,1,1,107,Glenn Diesen
20260824,1072469956,Fox Across America w/ Jimmy Failla,1,1,90,FOX News Podcasts
20260824,1218054701,Rev Left Radio,1,1,122,Revolutionary Left Radio
20260824,1456850698,The Graham Allen Show,1,1,112,Graham Allen
20260824,1805186512,Going Rogue with Lara Logan,1,1,118,Lara Logan
20260824,1509826894,RealClearPolitics Podcast,1,1,73,"RealClearPolitics, Carl Cannon, Tom Bevan"
20260824,716825890,The Tom Woods Show,1,1,95,Tom Woods
20260824,1820648828,The Joy Reid Show,1,1,105,Joy-Ann Reid
20260824,1889705401,Nobody Knows Anything,1,0,,
20260824,1573813504,The Smerconish Podcast,1,1,72,SiriusXM
20260824,1696974077,The Source with Kaitlan Collins,1,1,61,CNN Podcasts
20260824,1574741668,American Prestige,1,1,151,Daniel Bessner & Derek Davison
20260824,1669610956,System Update with Glenn Greenwald,1,1,188,Rumble
20260824,1548554104,Volts,1,1,86,David Roberts
20260824,1647025876,Wendy Bell Radio Podcast,1,1,87,Wendy Bell
20260824,1378389941,Uncommon Knowledge,1,1,74,Hoover Institution
20260824,1896576050,Brian Tyler Cohen,1,1,215,Brian Tyler Cohen Network
20260824,1715894000,Trump's Terms,1,1,65,NPR
20260824,1587492577,The Mel K Show,1,1,164,Mel K
20260824,1660317917,Defending Democracy with Marc Elias,1,1,155,Democracy Docket
20260824,1635446643,The Coffee Klatch with Robert Reich,1,1,234,Robert Reich
20260824,1722246285,The Breakdown,1,1,184,Alberto fo sho
20260824,506779862,Lectures in History,1,1,249,C-SPAN
20260824,1147092464,Opening Arguments,1,1,141,Opening Arguments Media LLC
20260824,1695205478,What Really Matters with Walter Russell Mead,1,0,,
20260824,1263295815,The Pete Quiñones Show,1,1,147,Peter R Quiñones
20260824,1728340033,Mission Implausible,1,1,241,Jon Stern
20260824,1636762428,Dad Saves America,1,1,200,John Papola
20260824,1798460240,10 Minute Drill,1,1,103,Matt Whitlock
20260824,1471411980,American Thought Leaders,1,1,163,The Epoch Times
20260824,1714879044,The Tony Kinnett Cast,1,1,102,The Daily Signal
20260824,1579061364,Head in the Office,1,1,150,HITO Media LLC
20260824,1093260018,Slate News,1,1,165,Slate Podcasts
20260824,925428680,Conversations with Bill Kristol,1,0,,
20260824,1462195742,The Al Franken Podcast,1,1,247,The Al Franken Podcast
20260824,1576614213,American Conservative University,1,1,198,American Conservative University
20260824,1467993804,What the Hell Is Going On,1,0,,
20260824,1877144831,Paul Krugman Podcast,1,1,235,Paul Krugman
20260824,1709994511,UNGOVERNED,1,1,135,Shawn Farash
20260824,73329719,KQED's Forum,1,1,113,KQED
20260824,1785081636,The Mary Trump Podcast,1,1,149,Mary Trump Media
20260824,1432118523,The Damage Report with John Iadarola,1,1,96,TYT Network
20260824,791564318,Jacobin Radio,1,1,134,Jacobin
20260824,1843478428,Owen Report,1,1,132,Owen Shroyer
20260824,1531192509,Bad Faith,1,1,129,Briahna Joy Gray
20260824,1702202187,Perino on Politics,1,1,131,FOX News Podcasts
20260824,1568505052,MOATS with George Galloway,1,1,214,Molucca Media Ltd
20260824,380996798,"The Bob Cesca Show | Politics Podcast, News & Commentary",1,1,93,Bob Cesca
20260824,1172546141,The President’s Inbox,1,1,117,Council on Foreign Relations
20260824,1043245989,The Dig,1,1,189,Daniel Denvir
20260824,1535255041,Unf*cking The Republic,1,0,,
20260824,387042247,Washington Today,1,1,169,C-SPAN
20260824,682478916,War on the Rocks,1,1,62,Ryan Evans
20260824,983782306,Federalist Radio Hour,1,1,97,Radio America
20260824,1111319839,The Conversation with Dasha Burns,1,1,242,POLITICO
20260824,1476110521,Useful Idiots with Katie Halper and Aaron Maté,1,0,,
20260824,1549624070,Amarica's Constitution,1,1,166,Akhil Reed Amar
20260824,1289062927,ChinaTalk,1,1,158,Jordan Schneider
20260824,1570380458,The Victor Davis Hanson Show,1,1,187,Victor Davis Hanson and Jack Fowler
20260824,1356662668,Politically Georgia,1,1,128,The Atlanta Journal-Constitution
20260824,1725442221,Hawk Podcasts,1,1,191,Hawk
20260824,1721813926,Bad Hasbara - The World's Most Moral Podcast,1,1,154,Matt Lieb
20260824,1439837349,The Political Orphanage,1,1,210,Andrew Heaton
20260824,1671451793,Maiden Mother Matriarch with Louise Perry,1,1,195,Louise Perry
20260824,1502568407,SGT Report’s The Propaganda Antidote,1,1,125,SGT Report
20260824,1607829807,Mark Kaye Saves The Republic,1,1,218,Kayetriot Media
20260824,545045867,Scott Horton Show - Just the Interviews,1,1,89,Scott Horton
20260824,1317356120,The Peter McCormack Show,1,1,167,Peter McCormack
20260824,1570432345,Firing Line with Margaret Hoover,1,0,,
20260824,1818658022,"Life, Liberty & Levin Podcast",1,0,,
20260824,1634341981,Antiwar News With Dave DeCamp,1,1,202,Dave DeCamp
20260824,474763182,The Globalist,1,1,181,Monocle
20260824,1871628261,The Harry Sisson Show,1,0,,
20260824,1788891712,It's A Numbers Game with Ryan Girdusky,1,1,248,iHeartPodcasts
20260824,1654162813,The Kyle Seraphin Show,1,1,133,Kyle Seraphin
20260824,1480605295,POLITICO Energy,1,1,201,POLITICO
20260824,1648125917,Stay Free with Russell Brand,1,0,,
20260824,1612691018,THE WEEKEND SHOW,1,0,,
20260824,1880163995,The Kyle Kulinski Show,1,1,101,Kyle Kulinski
20260824,1536984072,The Dishcast with Andrew Sullivan,1,0,,
20260824,1309354521,Majority 54,1,0,,
20260824,1362265400,Timcast News,1,1,42,Timcast Media
20260824,1874174561,Hope For America with Heather Delaney Reese,1,0,,
20260824,124960485,"Best of the Left - Leftist Perspectives on Progressive Politics, News, Culture, Economics and Democracy",1,0,,
20260824,1587936366,The Inside Story Podcast,1,0,,
20260824,1594728054,The Great America Show,1,1,196,Fawcett Strategies
20260824,1767877239,No Gods No Mayors,1,1,130,The Office of the Mayor
20260824,1549502623,Cleanup on Aisle 45 with AG & Harry Dunn,1,1,108,MSW Media
20260824,956270301,Rational Security,1,0,,
20260824,1548086514,The Arena,1,0,,
20260824,1155629323,The Reason Roundtable,1,1,109,The Reason Roundtable
20260824,1868807558,Batya!,1,0,,
20260824,1592116227,The Breitbart News Daily Podcast,1,1,193,SiriusXM
20260824,1809246826,The Keith Edwards Show,1,1,238,Keith Edwards
20260824,1060110806,The Nation Podcasts,1,1,171,The Nation Magazine
20260824,702998658,Week In Review,1,0,,
20260824,1493858530,Hood Politics with Prop,1,1,137,Cool Zone Media and iHeartPodcasts
20260824,1485186805,Timothy Gordon Rules for Retrogrades Podcast,1,0,,
20260824,1567204040,The Drill Down with Peter Schweizer,1,1,98,Government Accountability Institute
20260824,1869456664,What's The Plan? with Leah Greenberg and Ezra Levin,1,0,,
20260824,1614844654,Week In Review,1,0,,
20260824,1751785203,Brad vs Everyone,1,0,,
20260824,1599891719,Seattle Nice,1,0,,
20260824,1368074498,The Lars Larson Show Pacific Northwest Podcast,1,1,182,Lars Larson
20260824,1800671132,Destiny,1,1,223,Destiny
20260824,1208232103,The Buck Sexton Show,1,0,,
20260824,1485021241,The Reason Interview With Nick Gillespie,1,1,136,The Reason Interview With Nick Gillespie
20260824,1606834013,The Josh Hammer Show,1,1,175,The Josh Hammer Show
20260824,1714009198,Mea Culpa,1,1,145,Podcast WABCRadio
20260824,1839861250,The Moment with Jorge Ramos and Paola Ramos,1,1,229,iHeartPodcasts
20260824,1449848509,I Don't Speak German,1,0,,
20260824,1633301179,Countdown with Keith Olbermann,1,1,180,iHeartPodcasts
20260824,1482179882,The Mona Charen Show,1,1,170,The Bulwark
20260824,1112258664,Russian Roulette,1,0,,
20260824,1721969693,Politix,1,1,139,Politix
20260824,1351411911,The TPM Show with Josh and Kate,1,1,106,Talking Points Memo
20260824,1212380212,The Five,0,1,28,FOX News Podcasts
20260824,1375568988,TRIGGERnometry,0,1,31,TRIGGERnometry
20260824,1611374685,The Rest Is Politics,0,1,38,Goalhanger
20260824,1493229344,The Dispatch Podcast,0,1,44,The Dispatch
20260824,1788738240,It’s That Part,0,1,47,Jesse Lee Hammonds
20260824,1879498704,Power and Consequences,0,1,68,Third Clumber Productions
20260824,1243130823,The John Kobylt Show,0,1,78,iHeartPodcasts
20260824,159752078,This Morning With Gordon Deal,0,1,79,Compass Media Networks
20260824,1473150244,Americast,0,1,84,BBC News
20260824,1801103648,The Nerd Reich,0,1,85,nerdreich
20260824,1601727251,Central Air,0,1,110,"Josh Barro, Megan McArdle & Ben Dreyfuss"
20260824,1651903715,The Rush Hour With Dave Neal,0,1,111,Dave Neal
20260824,1896805652,NARITAS,0,1,115,Yanis AHMADI
20260824,1769997814,Normally,0,1,116,iHeartPodcasts
20260824,1896897095,Wired In,0,1,121,The Daily Wire
20260824,1835450563,Sources & Methods,0,1,126,NPR
20260824,1552899676,The Luke Beasley Show,0,1,127,Luke Beasley
20260824,563127951,"Law Talk With Epstein, Yoo & Cooke",0,1,138,The Civitas Institute at the University of Texas at Austin
20260824,1530639447,THE OFFICIAL MEA CULPA WITH MICHAEL COHEN ARCHIVE,0,1,140,Audio Up Media
20260824,1573983987,On the Nose,0,1,142,Jewish Currents
20260824,1494037881,Checks and Balance from The Economist,0,1,143,The Economist
20260824,1882760486,Jack Cocchiarella Show,0,1,144,Jack Cocchiarella
20260824,1504048545,The Rachman Review,0,1,146,Financial Times
20260824,1504713161,El hilo,0,1,148,My Cultura and iHeartPodcasts
20260824,1701280578,The Sean Spicer Show,0,1,152,The Sean Spicer Show
20260824,155974141,Common Sense with Dan Carlin,0,1,156,Dan Carlin
20260824,1803015612,All Things with Kim Strassel,0,1,157,The Wall Street Journal
20260824,1665265193,The Rest Is Politics: Leading,0,1,159,Goalhanger
20260824,1605545539,In the Litter Box,0,1,160,Jewels Jones & Catturd
20260824,1893673410,Agitation Nation: A Podcast From The Fenton Forecast,0,1,161,David Fenton
20260824,1485109198,Politix,0,1,162,Politix
20260824,1507832825,Time To Say Goodbye,0,1,168,Time To Say Goodbye
20260824,1327641087,Political Breakdown,0,1,172,KQED
20260824,1195899470,The Takeout with Major Garrett,0,1,173,CBS News
20260824,1643776565,You're Wrong w/ Mollie Hemingway & David Harsanyi,0,1,174,Radio America
20260824,1762436723,Dan Wootton Outspoken,0,1,176,Dan Wootton
20260824,1805502607,The MiddleGround Mic,0,1,177,Joseph Steagall
20260824,863338913,Texas Standard,0,1,178,Texas Standard
20260824,1889550138,The Loren Piretra Show,0,1,179,Loren Piretra
20260824,1696250206,HasanAbi,0,1,183,HasanAbi
20260824,1871531782,Uncertain with DL Hughley,0,1,186,DL Hughley
20260824,1136826256,Election Profit Makers,0,1,190,Jon Kimball & David Rees
20260824,1591300785,Lost Debate,0,1,192,The Branch
20260824,1121407665,Sinica Podcast,0,1,194,Kaiser Kuo
20260824,1400926647,Gaslit Nation,0,1,199,Andrea Chalupa
20260824,1685475850,The Econoclasts,0,1,203,UnHerd
20260824,886656768,The Politics Bar,0,1,204,From The Bunker
20260824,1884144340,Get Angry,0,1,206,"Bryan Andrews, ItsLuke"
20260824,1692381473,The News Agents - USA,0,1,207,Global
20260824,1896561822,NORMAL GAYS Podcast,0,1,208,NORMAL GAYS
20260824,1625856906,不明白播客,0,1,209,袁莉和她的朋友们
20260824,1412905534,The Michael Steele Podcast,0,1,211,Michael Steele
20260824,960814054,The Ricochet Superfeed,0,1,212,Ricochet
20260824,1506676334,Means Morning News,0,1,213,Means Cooperative
20260824,1381291342,If You're Listening,0,1,216,ABC Australia
20260824,517293050,The Pete Kaliner Show,0,1,217,"Pete Kaliner - news, politics, NC"
20260824,1706536336,Political Currency,0,1,220,Persephonica
20260824,1668143992,Texas Minute,0,1,221,Texas Scorecard
20260824,1551827752,The Counsel,0,1,222,CAFE
20260824,1053981528,Economic Update with Richard D. Wolff,0,1,224,"Democracy at Work, Richard D. Wolff"
20260824,1547098165,Krystal Kyle & Friends,0,1,225,Krystal
20260824,1485475085,Stand Up! with Pete Dominick,0,1,226,pete dominick
20260824,1245265763,"Oh God, What Now?",0,1,227,Podmasters
20260824,1857136176,SPN LIVE - The Stew Peters Network,0,1,228,Stew Peters
20260824,1796721454,,0,1,230,
20260824,1843174639,"The Rich Zeoli Podcast: Daily Politics, Culture & Chaos",0,1,231,Rich Zeoli
20260824,1754976617,No BS Newshour with Charlie LeDuff,0,1,232,Charlie LeDuff
20260824,1700432142,RONZHEIMER.,0,1,233,Paul Ronzheimer
20260824,1721382033,Vibes Only,0,1,236,Brian Derrick and Glennis Meagher
20260824,1896591532,Nation States with Yates,0,1,237,iHeartPodcasts
20260824,1644366053,Decoding Fox News,0,1,239,I watch all the Fox News you'd never want to.
20260824,1733640626,,0,1,240,
20260824,1882414469,On the Road with Jonathan Martin,0,1,243,POLITICO
20260824,1450994745,Balance of Power,0,1,244,Bloomberg
20260824,1833272507,Executive Disorder: White House Weekly,0,1,245,Cool Zone Media and iHeartPodcasts
20260824,1562652774,DW News Brief,0,1,246,DW
20260824,1663927350,Multipolarity,0,1,250,Multipolarity
20260825,1192761536,Pod Save America,1,1,1,Pod Save America
20260825,1510240831,The MeidasTouch Podcast,1,1,4,MeidasTouch Network
20260825,1794450472,Bulwark Takes,1,1,9,The Bulwark
20260825,1447684472,The Bulwark Podcast,1,1,2,The Bulwark
20260825,1730358737,Letters from an American,1,1,8,Heather Cox Richardson
20260825,1750591415,Candace,1,1,3,Candace Owens
20260825,1617887885,The President's Daily Brief,1,1,11,The First TV
20260825,1050430296,The New Yorker Radio Hour,1,1,27,WNYC Studios and The New Yorker
20260825,1057255460,The NPR Politics Podcast,1,1,7,NPR
20260825,1865794721,Real Baron Podcast,1,1,25,Baron Coleman
20260825,1495601614,Verdict with Ted Cruz,1,1,26,iHeartPodcasts
20260825,1645614328,Fast Politics with Molly Jong-Fast,1,1,24,iHeartPodcasts
20260825,1640311112,The Necessary Conversation,1,1,36,The Necessary Conversation
20260825,1647085571,The Next Level,1,1,15,The Bulwark
20260825,1258635512,Radio Atlantic,1,1,30,The Atlantic
20260825,268213039,The Political Scene | The New Yorker,1,1,20,The New Yorker
20260825,1535384390,Ruthless Podcast,1,1,12,"Josh Holmes, Comfortably Smug, Michael Duncan and John Ashbrook"
20260825,1408796715,Runaway Country with Alex Wagner,1,1,40,Runaway Country with Alex Wagner
20260825,1774505095,Raging Moderates with Scott Galloway and Jessica Tarlov,1,1,13,Vox Media Podcast Network
20260825,1570045623,Breaking Points with Krystal and Saagar,1,1,6,iHeartPodcasts
20260825,1317481380,UnJustified,1,1,119,MSW Media
20260825,73330715,On the Media,1,1,33,WNYC Studios
20260825,1200016351,Pod Save the World,1,1,5,Pod Save the World
20260825,1692806415,The Briefing with Jen Psaki,1,1,14,"MS NOW, Jen Psaki"
20260825,1551206847,#SistersInLaw,1,1,45,Politicon
20260825,1485351658,Bannon`s War Room,1,1,21,WarRoom.org
20260825,1507444393,X22 Report,1,1,32,X22 Report
20260825,1314170606,All In with Chris Hayes,1,1,16,"MS NOW, Chris Hayes"
20260825,1795032531,The Jim Acosta Show,1,1,50,Jim Acosta
20260825,1367201919,Deadline: White House,1,1,10,"Nicolle Wallace, MS NOW"
20260825,75462585,NBC Nightly News with Tom Llamas,1,1,43,NBC News
20260825,1674095262,The Wright Report,1,1,34,Bryan Dean Wright
20260825,1456045551,Talking Feds,1,1,56,Harry Litman
20260825,1876034889,Breaking News from Pod Save America,1,1,48,Crooked Media
20260825,1551582052,The Lincoln Project,1,1,69,The Lincoln Project
20260825,158004641,Political Gabfest,1,1,99,Slate Podcasts
20260825,1303660358,The Fox News Rundown,1,1,51,FOX News Podcasts
20260825,1743030473,The Rest Is Politics: US,1,1,29,Goalhanger
20260825,1490993194,Advisory Opinions,1,1,35,The Dispatch
20260825,1586423406,The Focus Group Podcast,1,1,114,The Bulwark
20260825,91959525,This Week with George Stephanopoulos,1,1,153,ABC News
20260825,1529346075,Impolitic with John Heilemann,1,1,92,Audacy | Puck
20260825,1515399733,No Lie with Brian Tyler Cohen,1,1,83,Brian Tyler Cohen
20260825,1169056746,The Playbook Podcast,1,1,53,POLITICO
20260825,1495251160,John Solomon Reports,1,1,60,John Solomon
20260825,1549272440,The Daily Punch,1,1,63,Punchbowl News
20260825,1291144720,The Remnant with Jonah Goldberg,1,1,54,The Dispatch
20260825,1725387804,The Illegal News with Sarah Longwell,1,1,124,The Bulwark
20260825,1810218232,Next Up with Mark Halperin,1,1,59,MK Media
20260825,78911087,Face the Nation with Margaret Brennan,1,1,197,CBS News
20260825,597919007,The Young Turks,1,1,46,TYT Network
20260825,1314368109,The 11th Hour with Ali Velshi,1,1,41,"MS NOW, Ali Velshi"
20260825,1536169792,Talkin‘ Politics & Religion Without Killin‘ Each Other,1,1,88,"Scan Media, LLC"
20260825,929121341,Louder with Crowder,1,1,18,Louder with Crowder
20260825,1386375601,The Ben Ferguson Podcast,1,1,75,iHeartPodcasts
20260825,1818418128,Pod Force One,1,1,104,New York Post
20260825,402050558,The David Pakman Show,1,1,37,David Pakman
20260825,219258773,Brian Kilmeade Show,1,1,70,FOX News Podcasts
20260825,1265845136,Stay Tuned with Preet,1,1,19,Preet Bharara
20260825,1474001390,TRUE ANON TRUTH FEED,1,1,71,TrueAnon
20260825,1506127536,Making the Argument with Nick Freitas,1,1,52,Nick Freitas
20260825,1681586867,The Warning with Steve Schmidt,1,1,64,iHeartPodcasts
20260825,1873028393,Politics Chat,1,1,58,Heather Cox Richardson
20260825,1679657705,Main Justice,1,1,22,"MS NOW, Andrew Weissmann, Mary McCord"
20260825,1138657182,Liberty Lockdown,1,1,91,Clint Russell
20260825,402306412,The Majority Report with Sam Seder,1,1,49,Sam Seder
20260825,1364113251,The Beat with Ari Melber,1,1,39,"Ari Melber, MS NOW"
20260825,354628391,Renegade Talk Radio,1,1,94,Renegade Talk Radio
20260825,1595408601,The PoliticsGirl Podcast,1,0,,
20260825,1467297559,Hacks On Tap,1,1,17,Vox Media
20260825,1728152109,THE DAILY BLAST with Greg Sargent,1,1,23,Greg Sargent
20260825,1484862164,Politics War Room with James Carville & Al Hunt,1,1,55,Politicon
20260825,1452065072,Newt's World,1,1,185,Gingrich 360
20260825,1790957194,The 47 Morning Update with Ben Ferguson,1,1,80,iHeartPodcasts
20260825,1462703434,Know Your Enemy,1,1,123,Matthew Sitman
20260825,1886801652,Sidebar with Katie Phang,1,0,,
20260825,1584730781,The Benny Show,1,1,66,Benny Johnson
20260825,1517313007,The Hugh Hewitt Show: Highly Concentrated,1,1,57,Salem Podcast Network
20260825,1441649707,Straight White American Jesus,1,1,100,Bradley Onishi + Daniel Miller
20260825,1195206601,The Intercept Briefing,1,1,219,The Intercept
20260825,1538788132,Tangle,1,1,67,Isaac Saul
20260825,1294461271,GZERO World with Ian Bremmer,1,1,205,GZERO Media
20260825,1585243541,Human Events Daily with Jack Posobiec,1,1,120,Human Events with Jack Posobiec
20260825,1253076699,The Michael Berry Show,1,1,76,KTRH (KTRH-AM)
20260825,1635418897,The Chris Cuomo Project,1,1,81,Chris Cuomo
20260825,969924303,The Skepticrat,1,0,,
20260825,1623855270,The Foreign Affairs Interview,1,1,82,Foreign Affairs Magazine
20260825,73331636,The Brian Lehrer Show,1,1,77,WNYC
20260825,1822142909,Glenn Diesen - Greater Eurasia Podcast,1,1,107,Glenn Diesen
20260825,1072469956,Fox Across America w/ Jimmy Failla,1,1,90,FOX News Podcasts
20260825,1218054701,Rev Left Radio,1,1,122,Revolutionary Left Radio
20260825,1456850698,The Graham Allen Show,1,1,112,Graham Allen
20260825,1805186512,Going Rogue with Lara Logan,1,1,118,Lara Logan
20260825,1509826894,RealClearPolitics Podcast,1,1,73,"RealClearPolitics, Carl Cannon, Tom Bevan"
20260825,716825890,The Tom Woods Show,1,1,95,Tom Woods
20260825,1820648828,The Joy Reid Show,1,1,105,Joy-Ann Reid
20260825,1889705401,Nobody Knows Anything,1,0,,
20260825,1573813504,The Smerconish Podcast,1,1,72,SiriusXM
20260825,1696974077,The Source with Kaitlan Collins,1,1,61,CNN Podcasts
20260825,1574741668,American Prestige,1,1,151,Daniel Bessner & Derek Davison
20260825,1669610956,System Update with Glenn Greenwald,1,1,188,Rumble
20260825,1548554104,Volts,1,1,86,David Roberts
20260825,1647025876,Wendy Bell Radio Podcast,1,1,87,Wendy Bell
20260825,1378389941,Uncommon Knowledge,1,1,74,Hoover Institution
20260825,1896576050,Brian Tyler Cohen,1,1,215,Brian Tyler Cohen Network
20260825,1715894000,Trump's Terms,1,1,65,NPR
20260825,1587492577,The Mel K Show,1,1,164,Mel K
20260825,1660317917,Defending Democracy with Marc Elias,1,1,155,Democracy Docket
20260825,1635446643,The Coffee Klatch with Robert Reich,1,1,234,Robert Reich
20260825,1722246285,The Breakdown,1,1,184,Alberto fo sho
20260825,506779862,Lectures in History,1,1,249,C-SPAN
20260825,1147092464,Opening Arguments,1,1,141,Opening Arguments Media LLC
20260825,1695205478,What Really Matters with Walter Russell Mead,1,0,,
20260825,1263295815,The Pete Quiñones Show,1,1,147,Peter R Quiñones
20260825,1728340033,Mission Implausible,1,1,241,Jon Stern
20260825,1636762428,Dad Saves America,1,1,200,John Papola
20260825,1798460240,10 Minute Drill,1,1,103,Matt Whitlock
20260825,1471411980,American Thought Leaders,1,1,163,The Epoch Times
20260825,1714879044,The Tony Kinnett Cast,1,1,102,The Daily Signal
20260825,1579061364,Head in the Office,1,1,150,HITO Media LLC
20260825,1093260018,Slate News,1,1,165,Slate Podcasts
20260825,925428680,Conversations with Bill Kristol,1,0,,
20260825,1462195742,The Al Franken Podcast,1,1,247,The Al Franken Podcast
20260825,1576614213,American Conservative University,1,1,198,American Conservative University
20260825,1467993804,What the Hell Is Going On,1,0,,
20260825,1877144831,Paul Krugman Podcast,1,1,235,Paul Krugman
20260825,1709994511,UNGOVERNED,1,1,135,Shawn Farash
20260825,73329719,KQED's Forum,1,1,113,KQED
20260825,1785081636,The Mary Trump Podcast,1,1,149,Mary Trump Media
20260825,1432118523,The Damage Report with John Iadarola,1,1,96,TYT Network
20260825,791564318,Jacobin Radio,1,1,134,Jacobin
20260825,1843478428,Owen Report,1,1,132,Owen Shroyer
20260825,1531192509,Bad Faith,1,1,129,Briahna Joy Gray
20260825,1702202187,Perino on Politics,1,1,131,FOX News Podcasts
20260825,1568505052,MOATS with George Galloway,1,1,214,Molucca Media Ltd
20260825,380996798,"The Bob Cesca Show | Politics Podcast, News & Commentary",1,1,93,Bob Cesca
20260825,1172546141,The President’s Inbox,1,1,117,Council on Foreign Relations
20260825,1043245989,The Dig,1,1,189,Daniel Denvir
20260825,1535255041,Unf*cking The Republic,1,0,,
20260825,387042247,Washington Today,1,1,169,C-SPAN
20260825,682478916,War on the Rocks,1,1,62,Ryan Evans
20260825,983782306,Federalist Radio Hour,1,1,97,Radio America
20260825,1111319839,The Conversation with Dasha Burns,1,1,242,POLITICO
20260825,1476110521,Useful Idiots with Katie Halper and Aaron Maté,1,0,,
20260825,1549624070,Amarica's Constitution,1,1,166,Akhil Reed Amar
20260825,1289062927,ChinaTalk,1,1,158,Jordan Schneider
20260825,1570380458,The Victor Davis Hanson Show,1,1,187,Victor Davis Hanson and Jack Fowler
20260825,1356662668,Politically Georgia,1,1,128,The Atlanta Journal-Constitution
20260825,1725442221,Hawk Podcasts,1,1,191,Hawk
20260825,1721813926,Bad Hasbara - The World's Most Moral Podcast,1,1,154,Matt Lieb
20260825,1439837349,The Political Orphanage,1,1,210,Andrew Heaton
20260825,1671451793,Maiden Mother Matriarch with Louise Perry,1,1,195,Louise Perry
20260825,1502568407,SGT Report’s The Propaganda Antidote,1,1,125,SGT Report
20260825,1607829807,Mark Kaye Saves The Republic,1,1,218,Kayetriot Media
20260825,545045867,Scott Horton Show - Just the Interviews,1,1,89,Scott Horton
20260825,1317356120,The Peter McCormack Show,1,1,167,Peter McCormack
20260825,1570432345,Firing Line with Margaret Hoover,1,0,,
20260825,1818658022,"Life, Liberty & Levin Podcast",1,0,,
20260825,1634341981,Antiwar News With Dave DeCamp,1,1,202,Dave DeCamp
20260825,474763182,The Globalist,1,1,181,Monocle
20260825,1871628261,The Harry Sisson Show,1,0,,
20260825,1788891712,It's A Numbers Game with Ryan Girdusky,1,1,248,iHeartPodcasts
20260825,1654162813,The Kyle Seraphin Show,1,1,133,Kyle Seraphin
20260825,1480605295,POLITICO Energy,1,1,201,POLITICO
20260825,1648125917,Stay Free with Russell Brand,1,0,,
20260825,1612691018,THE WEEKEND SHOW,1,0,,
20260825,1880163995,The Kyle Kulinski Show,1,1,101,Kyle Kulinski
20260825,1536984072,The Dishcast with Andrew Sullivan,1,0,,
20260825,1309354521,Majority 54,1,0,,
20260825,1362265400,Timcast News,1,1,42,Timcast Media
20260825,1874174561,Hope For America with Heather Delaney Reese,1,0,,
20260825,124960485,"Best of the Left - Leftist Perspectives on Progressive Politics, News, Culture, Economics and Democracy",1,0,,
20260825,1587936366,The Inside Story Podcast,1,0,,
20260825,1594728054,The Great America Show,1,1,196,Fawcett Strategies
20260825,1767877239,No Gods No Mayors,1,1,130,The Office of the Mayor
20260825,1549502623,Cleanup on Aisle 45 with AG & Harry Dunn,1,1,108,MSW Media
20260825,956270301,Rational Security,1,0,,
20260825,1548086514,The Arena,1,0,,
20260825,1155629323,The Reason Roundtable,1,1,109,The Reason Roundtable
20260825,1868807558,Batya!,1,0,,
20260825,1592116227,The Breitbart News Daily Podcast,1,1,193,SiriusXM
20260825,1809246826,The Keith Edwards Show,1,1,238,Keith Edwards
20260825,1060110806,The Nation Podcasts,1,1,171,The Nation Magazine
20260825,702998658,Week In Review,1,0,,
20260825,1493858530,Hood Politics with Prop,1,1,137,Cool Zone Media and iHeartPodcasts
20260825,1485186805,Timothy Gordon Rules for Retrogrades Podcast,1,0,,
20260825,1567204040,The Drill Down with Peter Schweizer,1,1,98,Government Accountability Institute
20260825,1869456664,What's The Plan? with Leah Greenberg and Ezra Levin,1,0,,
20260825,1614844654,Week In Review,1,0,,
20260825,1751785203,Brad vs Everyone,1,0,,
20260825,1599891719,Seattle Nice,1,0,,
20260825,1368074498,The Lars Larson Show Pacific Northwest Podcast,1,1,182,Lars Larson
20260825,1800671132,Destiny,1,1,223,Destiny
20260825,1208232103,The Buck Sexton Show,1,0,,
20260825,1485021241,The Reason Interview With Nick Gillespie,1,1,136,The Reason Interview With Nick Gillespie
20260825,1606834013,The Josh Hammer Show,1,1,175,The Josh Hammer Show
20260825,1714009198,Mea Culpa,1,1,145,Podcast WABCRadio
20260825,1839861250,The Moment with Jorge Ramos and Paola Ramos,1,1,229,iHeartPodcasts
20260825,1449848509,I Don't Speak German,1,0,,
20260825,1633301179,Countdown with Keith Olbermann,1,1,180,iHeartPodcasts
20260825,1482179882,The Mona Charen Show,1,1,170,The Bulwark
20260825,1112258664,Russian Roulette,1,0,,
20260825,1721969693,Politix,1,1,139,Politix
20260825,1351411911,The TPM Show with Josh and Kate,1,1,106,Talking Points Memo
20260825,1212380212,The Five,0,1,28,FOX News Podcasts
20260825,1375568988,TRIGGERnometry,0,1,31,TRIGGERnometry
20260825,1611374685,The Rest Is Politics,0,1,38,Goalhanger
20260825,1493229344,The Dispatch Podcast,0,1,44,The Dispatch
20260825,1788738240,It’s That Part,0,1,47,Jesse Lee Hammonds
20260825,1879498704,Power and Consequences,0,1,68,Third Clumber Productions
20260825,1243130823,The John Kobylt Show,0,1,78,iHeartPodcasts
20260825,159752078,This Morning With Gordon Deal,0,1,79,Compass Media Networks
20260825,1473150244,Americast,0,1,84,BBC News
20260825,1801103648,The Nerd Reich,0,1,85,nerdreich
20260825,1601727251,Central Air,0,1,110,"Josh Barro, Megan McArdle & Ben Dreyfuss"
20260825,1651903715,The Rush Hour With Dave Neal,0,1,111,Dave Neal
20260825,1896805652,NARITAS,0,1,115,Yanis AHMADI
20260825,1769997814,Normally,0,1,116,iHeartPodcasts
20260825,1896897095,Wired In,0,1,121,The Daily Wire
20260825,1835450563,Sources & Methods,0,1,126,NPR
20260825,1552899676,The Luke Beasley Show,0,1,127,Luke Beasley
20260825,563127951,"Law Talk With Epstein, Yoo & Cooke",0,1,138,The Civitas Institute at the University of Texas at Austin
20260825,1530639447,THE OFFICIAL MEA CULPA WITH MICHAEL COHEN ARCHIVE,0,1,140,Audio Up Media
20260825,1573983987,On the Nose,0,1,142,Jewish Currents
20260825,1494037881,Checks and Balance from The Economist,0,1,143,The Economist
20260825,1882760486,Jack Cocchiarella Show,0,1,144,Jack Cocchiarella
20260825,1504048545,The Rachman Review,0,1,146,Financial Times
20260825,1504713161,El hilo,0,1,148,My Cultura and iHeartPodcasts
20260825,1701280578,The Sean Spicer Show,0,1,152,The Sean Spicer Show
20260825,155974141,Common Sense with Dan Carlin,0,1,156,Dan Carlin
20260825,1803015612,All Things with Kim Strassel,0,1,157,The Wall Street Journal
20260825,1665265193,The Rest Is Politics: Leading,0,1,159,Goalhanger
20260825,1605545539,In the Litter Box,0,1,160,Jewels Jones & Catturd
20260825,1893673410,Agitation Nation: A Podcast From The Fenton Forecast,0,1,161,David Fenton
20260825,1485109198,Politix,0,1,162,Politix
20260825,1507832825,Time To Say Goodbye,0,1,168,Time To Say Goodbye
20260825,1327641087,Political Breakdown,0,1,172,KQED
20260825,1195899470,The Takeout with Major Garrett,0,1,173,CBS News
20260825,1643776565,You're Wrong w/ Mollie Hemingway & David Harsanyi,0,1,174,Radio America
20260825,1762436723,Dan Wootton Outspoken,0,1,176,Dan Wootton
20260825,1805502607,The MiddleGround Mic,0,1,177,Joseph Steagall
20260825,863338913,Texas Standard,0,1,178,Texas Standard
20260825,1889550138,The Loren Piretra Show,0,1,179,Loren Piretra
20260825,1696250206,HasanAbi,0,1,183,HasanAbi
20260825,1871531782,Uncertain with DL Hughley,0,1,186,DL Hughley
20260825,1136826256,Election Profit Makers,0,1,190,Jon Kimball & David Rees
20260825,1591300785,Lost Debate,0,1,192,The Branch
20260825,1121407665,Sinica Podcast,0,1,194,Kaiser Kuo
20260825,1400926647,Gaslit Nation,0,1,199,Andrea Chalupa
20260825,1685475850,The Econoclasts,0,1,203,UnHerd
20260825,886656768,The Politics Bar,0,1,204,From The Bunker
20260825,1884144340,Get Angry,0,1,206,"Bryan Andrews, ItsLuke"
20260825,1692381473,The News Agents - USA,0,1,207,Global
20260825,1896561822,NORMAL GAYS Podcast,0,1,208,NORMAL GAYS
20260825,1625856906,不明白播客,0,1,209,袁莉和她的朋友们
20260825,1412905534,The Michael Steele Podcast,0,1,211,Michael Steele
20260825,960814054,The Ricochet Superfeed,0,1,212,Ricochet
20260825,1506676334,Means Morning News,0,1,213,Means Cooperative
20260825,1381291342,If You're Listening,0,1,216,ABC Australia
20260825,517293050,The Pete Kaliner Show,0,1,217,"Pete Kaliner - news, politics, NC"
20260825,1706536336,Political Currency,0,1,220,Persephonica
20260825,1668143992,Texas Minute,0,1,221,Texas Scorecard
20260825,1551827752,The Counsel,0,1,222,CAFE
20260825,1053981528,Economic Update with Richard D. Wolff,0,1,224,"Democracy at Work, Richard D. Wolff"
20260825,1547098165,Krystal Kyle & Friends,0,1,225,Krystal
20260825,1485475085,Stand Up! with Pete Dominick,0,1,226,pete dominick
20260825,1245265763,"Oh God, What Now?",0,1,227,Podmasters
20260825,1857136176,SPN LIVE - The Stew Peters Network,0,1,228,Stew Peters
20260825,1796721454,,0,1,230,
20260825,1843174639,"The Rich Zeoli Podcast: Daily Politics, Culture & Chaos",0,1,231,Rich Zeoli
20260825,1754976617,No BS Newshour with Charlie LeDuff,0,1,232,Charlie LeDuff
20260825,1700432142,RONZHEIMER.,0,1,233,Paul Ronzheimer
20260825,1721382033,Vibes Only,0,1,236,Brian Derrick and Glennis Meagher
20260825,1896591532,Nation States with Yates,0,1,237,iHeartPodcasts
20260825,1644366053,Decoding Fox News,0,1,239,I watch all the Fox News you'd never want to.
20260825,1733640626,,0,1,240,
20260825,1882414469,On the Road with Jonathan Martin,0,1,243,POLITICO
20260825,1450994745,Balance of Power,0,1,244,Bloomberg
20260825,1833272507,Executive Disorder: White House Weekly,0,1,245,Cool Zone Media and iHeartPodcasts
20260825,1562652774,DW News Brief,0,1,246,DW
20260825,1663927350,Multipolarity,0,1,250,Multipolarity
20260826,1192761536,Pod Save America,1,1,1,Pod Save America
20260826,1510240831,The MeidasTouch Podcast,1,1,4,MeidasTouch Network
20260826,1794450472,Bulwark Takes,1,1,9,The Bulwark
20260826,1447684472,The Bulwark Podcast,1,1,2,The Bulwark
20260826,1730358737,Letters from an American,1,1,8,Heather Cox Richardson
20260826,1750591415,Candace,1,1,3,Candace Owens
20260826,1617887885,The President's Daily Brief,1,1,11,The First TV
20260826,1050430296,The New Yorker Radio Hour,1,1,27,WNYC Studios and The New Yorker
20260826,1057255460,The NPR Politics Podcast,1,1,7,NPR
20260826,1865794721,Real Baron Podcast,1,1,25,Baron Coleman
20260826,1495601614,Verdict with Ted Cruz,1,1,26,iHeartPodcasts
20260826,1645614328,Fast Politics with Molly Jong-Fast,1,1,24,iHeartPodcasts
20260826,1640311112,The Necessary Conversation,1,1,36,The Necessary Conversation
20260826,1647085571,The Next Level,1,1,15,The Bulwark
20260826,1258635512,Radio Atlantic,1,1,30,The Atlantic
20260826,268213039,The Political Scene | The New Yorker,1,1,20,The New Yorker
20260826,1535384390,Ruthless Podcast,1,1,12,"Josh Holmes, Comfortably Smug, Michael Duncan and John Ashbrook"
20260826,1408796715,Runaway Country with Alex Wagner,1,1,40,Runaway Country with Alex Wagner
20260826,1774505095,Raging Moderates with Scott Galloway and Jessica Tarlov,1,1,13,Vox Media Podcast Network
20260826,1570045623,Breaking Points with Krystal and Saagar,1,1,6,iHeartPodcasts
20260826,1317481380,UnJustified,1,1,119,MSW Media
20260826,73330715,On the Media,1,1,33,WNYC Studios
20260826,1200016351,Pod Save the World,1,1,5,Pod Save the World
20260826,1692806415,The Briefing with Jen Psaki,1,1,14,"MS NOW, Jen Psaki"
20260826,1551206847,#SistersInLaw,1,1,45,Politicon
20260826,1485351658,Bannon`s War Room,1,1,21,WarRoom.org
20260826,1507444393,X22 Report,1,1,32,X22 Report
20260826,1314170606,All In with Chris Hayes,1,1,16,"MS NOW, Chris Hayes"
20260826,1795032531,The Jim Acosta Show,1,1,50,Jim Acosta
20260826,1367201919,Deadline: White House,1,1,10,"Nicolle Wallace, MS NOW"
20260826,75462585,NBC Nightly News with Tom Llamas,1,1,43,NBC News
20260826,1674095262,The Wright Report,1,1,34,Bryan Dean Wright
20260826,1456045551,Talking Feds,1,1,56,Harry Litman
20260826,1876034889,Breaking News from Pod Save America,1,1,48,Crooked Media
20260826,1551582052,The Lincoln Project,1,1,69,The Lincoln Project
20260826,158004641,Political Gabfest,1,1,99,Slate Podcasts
20260826,1303660358,The Fox News Rundown,1,1,51,FOX News Podcasts
20260826,1743030473,The Rest Is Politics: US,1,1,29,Goalhanger
20260826,1490993194,Advisory Opinions,1,1,35,The Dispatch
20260826,1586423406,The Focus Group Podcast,1,1,114,The Bulwark
20260826,91959525,This Week with George Stephanopoulos,1,1,153,ABC News
20260826,1529346075,Impolitic with John Heilemann,1,1,92,Audacy | Puck
20260826,1515399733,No Lie with Brian Tyler Cohen,1,1,83,Brian Tyler Cohen
20260826,1169056746,The Playbook Podcast,1,1,53,POLITICO
20260826,1495251160,John Solomon Reports,1,1,60,John Solomon
20260826,1549272440,The Daily Punch,1,1,63,Punchbowl News
20260826,1291144720,The Remnant with Jonah Goldberg,1,1,54,The Dispatch
20260826,1725387804,The Illegal News with Sarah Longwell,1,1,124,The Bulwark
20260826,1810218232,Next Up with Mark Halperin,1,1,59,MK Media
20260826,78911087,Face the Nation with Margaret Brennan,1,1,197,CBS News
20260826,597919007,The Young Turks,1,1,46,TYT Network
20260826,1314368109,The 11th Hour with Ali Velshi,1,1,41,"MS NOW, Ali Velshi"
20260826,1536169792,Talkin‘ Politics & Religion Without Killin‘ Each Other,1,1,88,"Scan Media, LLC"
20260826,929121341,Louder with Crowder,1,1,18,Louder with Crowder
20260826,1386375601,The Ben Ferguson Podcast,1,1,75,iHeartPodcasts
20260826,1818418128,Pod Force One,1,1,104,New York Post
20260826,402050558,The David Pakman Show,1,1,37,David Pakman
20260826,219258773,Brian Kilmeade Show,1,1,70,FOX News Podcasts
20260826,1265845136,Stay Tuned with Preet,1,1,19,Preet Bharara
20260826,1474001390,TRUE ANON TRUTH FEED,1,1,71,TrueAnon
20260826,1506127536,Making the Argument with Nick Freitas,1,1,52,Nick Freitas
20260826,1681586867,The Warning with Steve Schmidt,1,1,64,iHeartPodcasts
20260826,1873028393,Politics Chat,1,1,58,Heather Cox Richardson
20260826,1679657705,Main Justice,1,1,22,"MS NOW, Andrew Weissmann, Mary McCord"
20260826,1138657182,Liberty Lockdown,1,1,91,Clint Russell
20260826,402306412,The Majority Report with Sam Seder,1,1,49,Sam Seder
20260826,1364113251,The Beat with Ari Melber,1,1,39,"Ari Melber, MS NOW"
20260826,354628391,Renegade Talk Radio,1,1,94,Renegade Talk Radio
20260826,1595408601,The PoliticsGirl Podcast,1,0,,
20260826,1467297559,Hacks On Tap,1,1,17,Vox Media
20260826,1728152109,THE DAILY BLAST with Greg Sargent,1,1,23,Greg Sargent
20260826,1484862164,Politics War Room with James Carville & Al Hunt,1,1,55,Politicon
20260826,1452065072,Newt's World,1,1,185,Gingrich 360
20260826,1790957194,The 47 Morning Update with Ben Ferguson,1,1,80,iHeartPodcasts
20260826,1462703434,Know Your Enemy,1,1,123,Matthew Sitman
20260826,1886801652,Sidebar with Katie Phang,1,0,,
20260826,1584730781,The Benny Show,1,1,66,Benny Johnson
20260826,1517313007,The Hugh Hewitt Show: Highly Concentrated,1,1,57,Salem Podcast Network
20260826,1441649707,Straight White American Jesus,1,1,100,Bradley Onishi + Daniel Miller
20260826,1195206601,The Intercept Briefing,1,1,219,The Intercept
20260826,1538788132,Tangle,1,1,67,Isaac Saul
20260826,1294461271,GZERO World with Ian Bremmer,1,1,205,GZERO Media
20260826,1585243541,Human Events Daily with Jack Posobiec,1,1,120,Human Events with Jack Posobiec
20260826,1253076699,The Michael Berry Show,1,1,76,KTRH (KTRH-AM)
20260826,1635418897,The Chris Cuomo Project,1,1,81,Chris Cuomo
20260826,969924303,The Skepticrat,1,0,,
20260826,1623855270,The Foreign Affairs Interview,1,1,82,Foreign Affairs Magazine
20260826,73331636,The Brian Lehrer Show,1,1,77,WNYC
20260826,1822142909,Glenn Diesen - Greater Eurasia Podcast,1,1,107,Glenn Diesen
20260826,1072469956,Fox Across America w/ Jimmy Failla,1,1,90,FOX News Podcasts
20260826,1218054701,Rev Left Radio,1,1,122,Revolutionary Left Radio
20260826,1456850698,The Graham Allen Show,1,1,112,Graham Allen
20260826,1805186512,Going Rogue with Lara Logan,1,1,118,Lara Logan
20260826,1509826894,RealClearPolitics Podcast,1,1,73,"RealClearPolitics, Carl Cannon, Tom Bevan"
20260826,716825890,The Tom Woods Show,1,1,95,Tom Woods
20260826,1820648828,The Joy Reid Show,1,1,105,Joy-Ann Reid
20260826,1889705401,Nobody Knows Anything,1,0,,
20260826,1573813504,The Smerconish Podcast,1,1,72,SiriusXM
20260826,1696974077,The Source with Kaitlan Collins,1,1,61,CNN Podcasts
20260826,1574741668,American Prestige,1,1,151,Daniel Bessner & Derek Davison
20260826,1669610956,System Update with Glenn Greenwald,1,1,188,Rumble
20260826,1548554104,Volts,1,1,86,David Roberts
20260826,1647025876,Wendy Bell Radio Podcast,1,1,87,Wendy Bell
20260826,1378389941,Uncommon Knowledge,1,1,74,Hoover Institution
20260826,1896576050,Brian Tyler Cohen,1,1,215,Brian Tyler Cohen Network
20260826,1715894000,Trump's Terms,1,1,65,NPR
20260826,1587492577,The Mel K Show,1,1,164,Mel K
20260826,1660317917,Defending Democracy with Marc Elias,1,1,155,Democracy Docket
20260826,1635446643,The Coffee Klatch with Robert Reich,1,1,234,Robert Reich
20260826,1722246285,The Breakdown,1,1,184,Alberto fo sho
20260826,506779862,Lectures in History,1,1,249,C-SPAN
20260826,1147092464,Opening Arguments,1,1,141,Opening Arguments Media LLC
20260826,1695205478,What Really Matters with Walter Russell Mead,1,0,,
20260826,1263295815,The Pete Quiñones Show,1,1,147,Peter R Quiñones
20260826,1728340033,Mission Implausible,1,1,241,Jon Stern
20260826,1636762428,Dad Saves America,1,1,200,John Papola
20260826,1798460240,10 Minute Drill,1,1,103,Matt Whitlock
20260826,1471411980,American Thought Leaders,1,1,163,The Epoch Times
20260826,1714879044,The Tony Kinnett Cast,1,1,102,The Daily Signal
20260826,1579061364,Head in the Office,1,1,150,HITO Media LLC
20260826,1093260018,Slate News,1,1,165,Slate Podcasts
20260826,925428680,Conversations with Bill Kristol,1,0,,
20260826,1462195742,The Al Franken Podcast,1,1,247,The Al Franken Podcast
20260826,1576614213,American Conservative University,1,1,198,American Conservative University
20260826,1467993804,What the Hell Is Going On,1,0,,
20260826,1877144831,Paul Krugman Podcast,1,1,235,Paul Krugman
20260826,1709994511,UNGOVERNED,1,1,135,Shawn Farash
20260826,73329719,KQED's Forum,1,1,113,KQED
20260826,1785081636,The Mary Trump Podcast,1,1,149,Mary Trump Media
20260826,1432118523,The Damage Report with John Iadarola,1,1,96,TYT Network
20260826,791564318,Jacobin Radio,1,1,134,Jacobin
20260826,1843478428,Owen Report,1,1,132,Owen Shroyer
20260826,1531192509,Bad Faith,1,1,129,Briahna Joy Gray
20260826,1702202187,Perino on Politics,1,1,131,FOX News Podcasts
20260826,1568505052,MOATS with George Galloway,1,1,214,Molucca Media Ltd
20260826,380996798,"The Bob Cesca Show | Politics Podcast, News & Commentary",1,1,93,Bob Cesca
20260826,1172546141,The President’s Inbox,1,1,117,Council on Foreign Relations
20260826,1043245989,The Dig,1,1,189,Daniel Denvir
20260826,1535255041,Unf*cking The Republic,1,0,,
20260826,387042247,Washington Today,1,1,169,C-SPAN
20260826,682478916,War on the Rocks,1,1,62,Ryan Evans
20260826,983782306,Federalist Radio Hour,1,1,97,Radio America
20260826,1111319839,The Conversation with Dasha Burns,1,1,242,POLITICO
20260826,1476110521,Useful Idiots with Katie Halper and Aaron Maté,1,0,,
20260826,1549624070,Amarica's Constitution,1,1,166,Akhil Reed Amar
20260826,1289062927,ChinaTalk,1,1,158,Jordan Schneider
20260826,1570380458,The Victor Davis Hanson Show,1,1,187,Victor Davis Hanson and Jack Fowler
20260826,1356662668,Politically Georgia,1,1,128,The Atlanta Journal-Constitution
20260826,1725442221,Hawk Podcasts,1,1,191,Hawk
20260826,1721813926,Bad Hasbara - The World's Most Moral Podcast,1,1,154,Matt Lieb
20260826,1439837349,The Political Orphanage,1,1,210,Andrew Heaton
20260826,1671451793,Maiden Mother Matriarch with Louise Perry,1,1,195,Louise Perry
20260826,1502568407,SGT Report’s The Propaganda Antidote,1,1,125,SGT Report
20260826,1607829807,Mark Kaye Saves The Republic,1,1,218,Kayetriot Media
20260826,545045867,Scott Horton Show - Just the Interviews,1,1,89,Scott Horton
20260826,1317356120,The Peter McCormack Show,1,1,167,Peter McCormack
20260826,1570432345,Firing Line with Margaret Hoover,1,0,,
20260826,1818658022,"Life, Liberty & Levin Podcast",1,0,,
20260826,1634341981,Antiwar News With Dave DeCamp,1,1,202,Dave DeCamp
20260826,474763182,The Globalist,1,1,181,Monocle
20260826,1871628261,The Harry Sisson Show,1,0,,
20260826,1788891712,It's A Numbers Game with Ryan Girdusky,1,1,248,iHeartPodcasts
20260826,1654162813,The Kyle Seraphin Show,1,1,133,Kyle Seraphin
20260826,1480605295,POLITICO Energy,1,1,201,POLITICO
20260826,1648125917,Stay Free with Russell Brand,1,0,,
20260826,1612691018,THE WEEKEND SHOW,1,0,,
20260826,1880163995,The Kyle Kulinski Show,1,1,101,Kyle Kulinski
20260826,1536984072,The Dishcast with Andrew Sullivan,1,0,,
20260826,1309354521,Majority 54,1,0,,
20260826,1362265400,Timcast News,1,1,42,Timcast Media
20260826,1874174561,Hope For America with Heather Delaney Reese,1,0,,
20260826,124960485,"Best of the Left - Leftist Perspectives on Progressive Politics, News, Culture, Economics and Democracy",1,0,,
20260826,1587936366,The Inside Story Podcast,1,0,,
20260826,1594728054,The Great America Show,1,1,196,Fawcett Strategies
20260826,1767877239,No Gods No Mayors,1,1,130,The Office of the Mayor
20260826,1549502623,Cleanup on Aisle 45 with AG & Harry Dunn,1,1,108,MSW Media
20260826,956270301,Rational Security,1,0,,
20260826,1548086514,The Arena,1,0,,
20260826,1155629323,The Reason Roundtable,1,1,109,The Reason Roundtable
20260826,1868807558,Batya!,1,0,,
20260826,1592116227,The Breitbart News Daily Podcast,1,1,193,SiriusXM
20260826,1809246826,The Keith Edwards Show,1,1,238,Keith Edwards
20260826,1060110806,The Nation Podcasts,1,1,171,The Nation Magazine
20260826,702998658,Week In Review,1,0,,
20260826,1493858530,Hood Politics with Prop,1,1,137,Cool Zone Media and iHeartPodcasts
20260826,1485186805,Timothy Gordon Rules for Retrogrades Podcast,1,0,,
20260826,1567204040,The Drill Down with Peter Schweizer,1,1,98,Government Accountability Institute
20260826,1869456664,What's The Plan? with Leah Greenberg and Ezra Levin,1,0,,
20260826,1614844654,Week In Review,1,0,,
20260826,1751785203,Brad vs Everyone,1,0,,
20260826,1599891719,Seattle Nice,1,0,,
20260826,1368074498,The Lars Larson Show Pacific Northwest Podcast,1,1,182,Lars Larson
20260826,1800671132,Destiny,1,1,223,Destiny
20260826,1208232103,The Buck Sexton Show,1,0,,
20260826,1485021241,The Reason Interview With Nick Gillespie,1,1,136,The Reason Interview With Nick Gillespie
20260826,1606834013,The Josh Hammer Show,1,1,175,The Josh Hammer Show
20260826,1714009198,Mea Culpa,1,1,145,Podcast WABCRadio
20260826,1839861250,The Moment with Jorge Ramos and Paola Ramos,1,1,229,iHeartPodcasts
20260826,1449848509,I Don't Speak German,1,0,,
20260826,1633301179,Countdown with Keith Olbermann,1,1,180,iHeartPodcasts
20260826,1482179882,The Mona Charen Show,1,1,170,The Bulwark
20260826,1112258664,Russian Roulette,1,0,,
20260826,1721969693,Politix,1,1,139,Politix
20260826,1351411911,The TPM Show with Josh and Kate,1,1,106,Talking Points Memo
20260826,1212380212,The Five,0,1,28,FOX News Podcasts
20260826,1375568988,TRIGGERnometry,0,1,31,TRIGGERnometry
20260826,1611374685,The Rest Is Politics,0,1,38,Goalhanger
20260826,1493229344,The Dispatch Podcast,0,1,44,The Dispatch
20260826,1788738240,It’s That Part,0,1,47,Jesse Lee Hammonds
20260826,1879498704,Power and Consequences,0,1,68,Third Clumber Productions
20260826,1243130823,The John Kobylt Show,0,1,78,iHeartPodcasts
20260826,159752078,This Morning With Gordon Deal,0,1,79,Compass Media Networks
20260826,1473150244,Americast,0,1,84,BBC News
20260826,1801103648,The Nerd Reich,0,1,85,nerdreich
20260826,1601727251,Central Air,0,1,110,"Josh Barro, Megan McArdle & Ben Dreyfuss"
20260826,1651903715,The Rush Hour With Dave Neal,0,1,111,Dave Neal
20260826,1896805652,NARITAS,0,1,115,Yanis AHMADI
20260826,1769997814,Normally,0,1,116,iHeartPodcasts
20260826,1896897095,Wired In,0,1,121,The Daily Wire
20260826,1835450563,Sources & Methods,0,1,126,NPR
20260826,1552899676,The Luke Beasley Show,0,1,127,Luke Beasley
20260826,563127951,"Law Talk With Epstein, Yoo & Cooke",0,1,138,The Civitas Institute at the University of Texas at Austin
20260826,1530639447,THE OFFICIAL MEA CULPA WITH MICHAEL COHEN ARCHIVE,0,1,140,Audio Up Media
20260826,1573983987,On the Nose,0,1,142,Jewish Currents
20260826,1494037881,Checks and Balance from The Economist,0,1,143,The Economist
20260826,1882760486,Jack Cocchiarella Show,0,1,144,Jack Cocchiarella
20260826,1504048545,The Rachman Review,0,1,146,Financial Times
20260826,1504713161,El hilo,0,1,148,My Cultura and iHeartPodcasts
20260826,1701280578,The Sean Spicer Show,0,1,152,The Sean Spicer Show
20260826,155974141,Common Sense with Dan Carlin,0,1,156,Dan Carlin
20260826,1803015612,All Things with Kim Strassel,0,1,157,The Wall Street Journal
20260826,1665265193,The Rest Is Politics: Leading,0,1,159,Goalhanger
20260826,1605545539,In the Litter Box,0,1,160,Jewels Jones & Catturd
20260826,1893673410,Agitation Nation: A Podcast From The Fenton Forecast,0,1,161,David Fenton
20260826,1485109198,Politix,0,1,162,Politix
20260826,1507832825,Time To Say Goodbye,0,1,168,Time To Say Goodbye
20260826,1327641087,Political Breakdown,0,1,172,KQED
20260826,1195899470,The Takeout with Major Garrett,0,1,173,CBS News
20260826,1643776565,You're Wrong w/ Mollie Hemingway & David Harsanyi,0,1,174,Radio America
20260826,1762436723,Dan Wootton Outspoken,0,1,176,Dan Wootton
20260826,1805502607,The MiddleGround Mic,0,1,177,Joseph Steagall
20260826,863338913,Texas Standard,0,1,178,Texas Standard
20260826,1889550138,The Loren Piretra Show,0,1,179,Loren Piretra
20260826,1696250206,HasanAbi,0,1,183,HasanAbi
20260826,1871531782,Uncertain with DL Hughley,0,1,186,DL Hughley
20260826,1136826256,Election Profit Makers,0,1,190,Jon Kimball & David Rees
20260826,1591300785,Lost Debate,0,1,192,The Branch
20260826,1121407665,Sinica Podcast,0,1,194,Kaiser Kuo
20260826,1400926647,Gaslit Nation,0,1,199,Andrea Chalupa
20260826,1685475850,The Econoclasts,0,1,203,UnHerd
20260826,886656768,The Politics Bar,0,1,204,From The Bunker
20260826,1884144340,Get Angry,0,1,206,"Bryan Andrews, ItsLuke"
20260826,1692381473,The News Agents - USA,0,1,207,Global
20260826,1896561822,NORMAL GAYS Podcast,0,1,208,NORMAL GAYS
20260826,1625856906,不明白播客,0,1,209,袁莉和她的朋友们
20260826,1412905534,The Michael Steele Podcast,0,1,211,Michael Steele
20260826,960814054,The Ricochet Superfeed,0,1,212,Ricochet
20260826,1506676334,Means Morning News,0,1,213,Means Cooperative
20260826,1381291342,If You're Listening,0,1,216,ABC Australia
20260826,517293050,The Pete Kaliner Show,0,1,217,"Pete Kaliner - news, politics, NC"
20260826,1706536336,Political Currency,0,1,220,Persephonica
20260826,1668143992,Texas Minute,0,1,221,Texas Scorecard
20260826,1551827752,The Counsel,0,1,222,CAFE
20260826,1053981528,Economic Update with Richard D. Wolff,0,1,224,"Democracy at Work, Richard D. Wolff"
20260826,1547098165,Krystal Kyle & Friends,0,1,225,Krystal
20260826,1485475085,Stand Up! with Pete Dominick,0,1,226,pete dominick
20260826,1245265763,"Oh God, What Now?",0,1,227,Podmasters
20260826,1857136176,SPN LIVE - The Stew Peters Network,0,1,228,Stew Peters
20260826,1796721454,,0,1,230,
20260826,1843174639,"The Rich Zeoli Podcast: Daily Politics, Culture & Chaos",0,1,231,Rich Zeoli
20260826,1754976617,No BS Newshour with Charlie LeDuff,0,1,232,Charlie LeDuff
20260826,1700432142,RONZHEIMER.,0,1,233,Paul Ronzheimer
20260826,1721382033,Vibes Only,0,1,236,Brian Derrick and Glennis Meagher
20260826,1896591532,Nation States with Yates,0,1,237,iHeartPodcasts
20260826,1644366053,Decoding Fox News,0,1,239,I watch all the Fox News you'd never want to.
20260826,1733640626,,0,1,240,
20260826,1882414469,On the Road with Jonathan Martin,0,1,243,POLITICO
20260826,1450994745,Balance of Power,0,1,244,Bloomberg
20260826,1833272507,Executive Disorder: White House Weekly,0,1,245,Cool Zone Media and iHeartPodcasts
20260826,1562652774,DW News Brief,0,1,246,DW
20260826,1663927350,Multipolarity,0,1,250,Multipolarity
20260827,1192761536,Pod Save America,1,1,1,Pod Save America
20260827,1510240831,The MeidasTouch Podcast,1,1,4,MeidasTouch Network
20260827,1794450472,Bulwark Takes,1,1,9,The Bulwark
20260827,1447684472,The Bulwark Podcast,1,1,2,The Bulwark
20260827,1730358737,Letters from an American,1,1,8,Heather Cox Richardson
20260827,1750591415,Candace,1,1,3,Candace Owens
20260827,1617887885,The President's Daily Brief,1,1,11,The First TV
20260827,1050430296,The New Yorker Radio Hour,1,1,27,WNYC Studios and The New Yorker
20260827,1057255460,The NPR Politics Podcast,1,1,7,NPR
20260827,1865794721,Real Baron Podcast,1,1,25,Baron Coleman
20260827,1495601614,Verdict with Ted Cruz,1,1,26,iHeartPodcasts
20260827,1645614328,Fast Politics with Molly Jong-Fast,1,1,24,iHeartPodcasts
20260827,1640311112,The Necessary Conversation,1,1,36,The Necessary Conversation
20260827,1647085571,The Next Level,1,1,15,The Bulwark
20260827,1258635512,Radio Atlantic,1,1,30,The Atlantic
20260827,268213039,The Political Scene | The New Yorker,1,1,20,The New Yorker
20260827,1535384390,Ruthless Podcast,1,1,12,"Josh Holmes, Comfortably Smug, Michael Duncan and John Ashbrook"
20260827,1408796715,Runaway Country with Alex Wagner,1,1,40,Runaway Country with Alex Wagner
20260827,1774505095,Raging Moderates with Scott Galloway and Jessica Tarlov,1,1,13,Vox Media Podcast Network
20260827,1570045623,Breaking Points with Krystal and Saagar,1,1,6,iHeartPodcasts
20260827,1317481380,UnJustified,1,1,119,MSW Media
20260827,73330715,On the Media,1,1,33,WNYC Studios
20260827,1200016351,Pod Save the World,1,1,5,Pod Save the World
20260827,1692806415,The Briefing with Jen Psaki,1,1,14,"MS NOW, Jen Psaki"
20260827,1551206847,#SistersInLaw,1,1,45,Politicon
20260827,1485351658,Bannon`s War Room,1,1,21,WarRoom.org
20260827,1507444393,X22 Report,1,1,32,X22 Report
20260827,1314170606,All In with Chris Hayes,1,1,16,"MS NOW, Chris Hayes"
20260827,1795032531,The Jim Acosta Show,1,1,50,Jim Acosta
20260827,1367201919,Deadline: White House,1,1,10,"Nicolle Wallace, MS NOW"
20260827,75462585,NBC Nightly News with Tom Llamas,1,1,43,NBC News
20260827,1674095262,The Wright Report,1,1,34,Bryan Dean Wright
20260827,1456045551,Talking Feds,1,1,56,Harry Litman
20260827,1876034889,Breaking News from Pod Save America,1,1,48,Crooked Media
20260827,1551582052,The Lincoln Project,1,1,69,The Lincoln Project
20260827,158004641,Political Gabfest,1,1,99,Slate Podcasts
20260827,1303660358,The Fox News Rundown,1,1,51,FOX News Podcasts
20260827,1743030473,The Rest Is Politics: US,1,1,29,Goalhanger
20260827,1490993194,Advisory Opinions,1,1,35,The Dispatch
20260827,1586423406,The Focus Group Podcast,1,1,114,The Bulwark
20260827,91959525,This Week with George Stephanopoulos,1,1,153,ABC News
20260827,1529346075,Impolitic with John Heilemann,1,1,92,Audacy | Puck
20260827,1515399733,No Lie with Brian Tyler Cohen,1,1,83,Brian Tyler Cohen
20260827,1169056746,The Playbook Podcast,1,1,53,POLITICO
20260827,1495251160,John Solomon Reports,1,1,60,John Solomon
20260827,1549272440,The Daily Punch,1,1,63,Punchbowl News
20260827,1291144720,The Remnant with Jonah Goldberg,1,1,54,The Dispatch
20260827,1725387804,The Illegal News with Sarah Longwell,1,1,124,The Bulwark
20260827,1810218232,Next Up with Mark Halperin,1,1,59,MK Media
20260827,78911087,Face the Nation with Margaret Brennan,1,1,197,CBS News
20260827,597919007,The Young Turks,1,1,46,TYT Network
20260827,1314368109,The 11th Hour with Ali Velshi,1,1,41,"MS NOW, Ali Velshi"
20260827,1536169792,Talkin‘ Politics & Religion Without Killin‘ Each Other,1,1,88,"Scan Media, LLC"
20260827,929121341,Louder with Crowder,1,1,18,Louder with Crowder
20260827,1386375601,The Ben Ferguson Podcast,1,1,75,iHeartPodcasts
20260827,1818418128,Pod Force One,1,1,104,New York Post
20260827,402050558,The David Pakman Show,1,1,37,David Pakman
20260827,219258773,Brian Kilmeade Show,1,1,70,FOX News Podcasts
20260827,1265845136,Stay Tuned with Preet,1,1,19,Preet Bharara
20260827,1474001390,TRUE ANON TRUTH FEED,1,1,71,TrueAnon
20260827,1506127536,Making the Argument with Nick Freitas,1,1,52,Nick Freitas
20260827,1681586867,The Warning with Steve Schmidt,1,1,64,iHeartPodcasts
20260827,1873028393,Politics Chat,1,1,58,Heather Cox Richardson
20260827,1679657705,Main Justice,1,1,22,"MS NOW, Andrew Weissmann, Mary McCord"
20260827,1138657182,Liberty Lockdown,1,1,91,Clint Russell
20260827,402306412,The Majority Report with Sam Seder,1,1,49,Sam Seder
20260827,1364113251,The Beat with Ari Melber,1,1,39,"Ari Melber, MS NOW"
20260827,354628391,Renegade Talk Radio,1,1,94,Renegade Talk Radio
20260827,1595408601,The PoliticsGirl Podcast,1,0,,
20260827,1467297559,Hacks On Tap,1,1,17,Vox Media
20260827,1728152109,THE DAILY BLAST with Greg Sargent,1,1,23,Greg Sargent
20260827,1484862164,Politics War Room with James Carville & Al Hunt,1,1,55,Politicon
20260827,1452065072,Newt's World,1,1,185,Gingrich 360
20260827,1790957194,The 47 Morning Update with Ben Ferguson,1,1,80,iHeartPodcasts
20260827,1462703434,Know Your Enemy,1,1,123,Matthew Sitman
20260827,1886801652,Sidebar with Katie Phang,1,0,,
20260827,1584730781,The Benny Show,1,1,66,Benny Johnson
20260827,1517313007,The Hugh Hewitt Show: Highly Concentrated,1,1,57,Salem Podcast Network
20260827,1441649707,Straight White American Jesus,1,1,100,Bradley Onishi + Daniel Miller
20260827,1195206601,The Intercept Briefing,1,1,219,The Intercept
20260827,1538788132,Tangle,1,1,67,Isaac Saul
20260827,1294461271,GZERO World with Ian Bremmer,1,1,205,GZERO Media
20260827,1585243541,Human Events Daily with Jack Posobiec,1,1,120,Human Events with Jack Posobiec
20260827,1253076699,The Michael Berry Show,1,1,76,KTRH (KTRH-AM)
20260827,1635418897,The Chris Cuomo Project,1,1,81,Chris Cuomo
20260827,969924303,The Skepticrat,1,0,,
20260827,1623855270,The Foreign Affairs Interview,1,1,82,Foreign Affairs Magazine
20260827,73331636,The Brian Lehrer Show,1,1,77,WNYC
20260827,1822142909,Glenn Diesen - Greater Eurasia Podcast,1,1,107,Glenn Diesen
20260827,1072469956,Fox Across America w/ Jimmy Failla,1,1,90,FOX News Podcasts
20260827,1218054701,Rev Left Radio,1,1,122,Revolutionary Left Radio
20260827,1456850698,The Graham Allen Show,1,1,112,Graham Allen
20260827,1805186512,Going Rogue with Lara Logan,1,1,118,Lara Logan
20260827,1509826894,RealClearPolitics Podcast,1,1,73,"RealClearPolitics, Carl Cannon, Tom Bevan"
20260827,716825890,The Tom Woods Show,1,1,95,Tom Woods
20260827,1820648828,The Joy Reid Show,1,1,105,Joy-Ann Reid
20260827,1889705401,Nobody Knows Anything,1,0,,
20260827,1573813504,The Smerconish Podcast,1,1,72,SiriusXM
20260827,1696974077,The Source with Kaitlan Collins,1,1,61,CNN Podcasts
20260827,1574741668,American Prestige,1,1,151,Daniel Bessner & Derek Davison
20260827,1669610956,System Update with Glenn Greenwald,1,1,188,Rumble
20260827,1548554104,Volts,1,1,86,David Roberts
20260827,1647025876,Wendy Bell Radio Podcast,1,1,87,Wendy Bell
20260827,1378389941,Uncommon Knowledge,1,1,74,Hoover Institution
20260827,1896576050,Brian Tyler Cohen,1,1,215,Brian Tyler Cohen Network
20260827,1715894000,Trump's Terms,1,1,65,NPR
20260827,1587492577,The Mel K Show,1,1,164,Mel K
20260827,1660317917,Defending Democracy with Marc Elias,1,1,155,Democracy Docket
20260827,1635446643,The Coffee Klatch with Robert Reich,1,1,234,Robert Reich
20260827,1722246285,The Breakdown,1,1,184,Alberto fo sho
20260827,506779862,Lectures in History,1,1,249,C-SPAN
20260827,1147092464,Opening Arguments,1,1,141,Opening Arguments Media LLC
20260827,1695205478,What Really Matters with Walter Russell Mead,1,0,,
20260827,1263295815,The Pete Quiñones Show,1,1,147,Peter R Quiñones
20260827,1728340033,Mission Implausible,1,1,241,Jon Stern
20260827,1636762428,Dad Saves America,1,1,200,John Papola
20260827,1798460240,10 Minute Drill,1,1,103,Matt Whitlock
20260827,1471411980,American Thought Leaders,1,1,163,The Epoch Times
20260827,1714879044,The Tony Kinnett Cast,1,1,102,The Daily Signal
20260827,1579061364,Head in the Office,1,1,150,HITO Media LLC
20260827,1093260018,Slate News,1,1,165,Slate Podcasts
20260827,925428680,Conversations with Bill Kristol,1,0,,
20260827,1462195742,The Al Franken Podcast,1,1,247,The Al Franken Podcast
20260827,1576614213,American Conservative University,1,1,198,American Conservative University
20260827,1467993804,What the Hell Is Going On,1,0,,
20260827,1877144831,Paul Krugman Podcast,1,1,235,Paul Krugman
20260827,1709994511,UNGOVERNED,1,1,135,Shawn Farash
20260827,73329719,KQED's Forum,1,1,113,KQED
20260827,1785081636,The Mary Trump Podcast,1,1,149,Mary Trump Media
20260827,1432118523,The Damage Report with John Iadarola,1,1,96,TYT Network
20260827,791564318,Jacobin Radio,1,1,134,Jacobin
20260827,1843478428,Owen Report,1,1,132,Owen Shroyer
20260827,1531192509,Bad Faith,1,1,129,Briahna Joy Gray
20260827,1702202187,Perino on Politics,1,1,131,FOX News Podcasts
20260827,1568505052,MOATS with George Galloway,1,1,214,Molucca Media Ltd
20260827,380996798,"The Bob Cesca Show | Politics Podcast, News & Commentary",1,1,93,Bob Cesca
20260827,1172546141,The President’s Inbox,1,1,117,Council on Foreign Relations
20260827,1043245989,The Dig,1,1,189,Daniel Denvir
20260827,1535255041,Unf*cking The Republic,1,0,,
20260827,387042247,Washington Today,1,1,169,C-SPAN
20260827,682478916,War on the Rocks,1,1,62,Ryan Evans
20260827,983782306,Federalist Radio Hour,1,1,97,Radio America
20260827,1111319839,The Conversation with Dasha Burns,1,1,242,POLITICO
20260827,1476110521,Useful Idiots with Katie Halper and Aaron Maté,1,0,,
20260827,1549624070,Amarica's Constitution,1,1,166,Akhil Reed Amar
20260827,1289062927,ChinaTalk,1,1,158,Jordan Schneider
20260827,1570380458,The Victor Davis Hanson Show,1,1,187,Victor Davis Hanson and Jack Fowler
20260827,1356662668,Politically Georgia,1,1,128,The Atlanta Journal-Constitution
20260827,1725442221,Hawk Podcasts,1,1,191,Hawk
20260827,1721813926,Bad Hasbara - The World's Most Moral Podcast,1,1,154,Matt Lieb
20260827,1439837349,The Political Orphanage,1,1,210,Andrew Heaton
20260827,1671451793,Maiden Mother Matriarch with Louise Perry,1,1,195,Louise Perry
20260827,1502568407,SGT Report’s The Propaganda Antidote,1,1,125,SGT Report
20260827,1607829807,Mark Kaye Saves The Republic,1,1,218,Kayetriot Media
20260827,545045867,Scott Horton Show - Just the Interviews,1,1,89,Scott Horton
20260827,1317356120,The Peter McCormack Show,1,1,167,Peter McCormack
20260827,1570432345,Firing Line with Margaret Hoover,1,0,,
20260827,1818658022,"Life, Liberty & Levin Podcast",1,0,,
20260827,1634341981,Antiwar News With Dave DeCamp,1,1,202,Dave DeCamp
20260827,474763182,The Globalist,1,1,181,Monocle
20260827,1871628261,The Harry Sisson Show,1,0,,
20260827,1788891712,It's A Numbers Game with Ryan Girdusky,1,1,248,iHeartPodcasts
20260827,1654162813,The Kyle Seraphin Show,1,1,133,Kyle Seraphin
20260827,1480605295,POLITICO Energy,1,1,201,POLITICO
20260827,1648125917,Stay Free with Russell Brand,1,0,,
20260827,1612691018,THE WEEKEND SHOW,1,0,,
20260827,1880163995,The Kyle Kulinski Show,1,1,101,Kyle Kulinski
20260827,1536984072,The Dishcast with Andrew Sullivan,1,0,,
20260827,1309354521,Majority 54,1,0,,
20260827,1362265400,Timcast News,1,1,42,Timcast Media
20260827,1874174561,Hope For America with Heather Delaney Reese,1,0,,
20260827,124960485,"Best of the Left - Leftist Perspectives on Progressive Politics, News, Culture, Economics and Democracy",1,0,,
20260827,1587936366,The Inside Story Podcast,1,0,,
20260827,1594728054,The Great America Show,1,1,196,Fawcett Strategies
20260827,1767877239,No Gods No Mayors,1,1,130,The Office of the Mayor
20260827,1549502623,Cleanup on Aisle 45 with AG & Harry Dunn,1,1,108,MSW Media
20260827,956270301,Rational Security,1,0,,
20260827,1548086514,The Arena,1,0,,
20260827,1155629323,The Reason Roundtable,1,1,109,The Reason Roundtable
20260827,1868807558,Batya!,1,0,,
20260827,1592116227,The Breitbart News Daily Podcast,1,1,193,SiriusXM
20260827,1809246826,The Keith Edwards Show,1,1,238,Keith Edwards
20260827,1060110806,The Nation Podcasts,1,1,171,The Nation Magazine
20260827,702998658,Week In Review,1,0,,
20260827,1493858530,Hood Politics with Prop,1,1,137,Cool Zone Media and iHeartPodcasts
20260827,1485186805,Timothy Gordon Rules for Retrogrades Podcast,1,0,,
20260827,1567204040,The Drill Down with Peter Schweizer,1,1,98,Government Accountability Institute
20260827,1869456664,What's The Plan? with Leah Greenberg and Ezra Levin,1,0,,
20260827,1614844654,Week In Review,1,0,,
20260827,1751785203,Brad vs Everyone,1,0,,
20260827,1599891719,Seattle Nice,1,0,,
20260827,1368074498,The Lars Larson Show Pacific Northwest Podcast,1,1,182,Lars Larson
20260827,1800671132,Destiny,1,1,223,Destiny
20260827,1208232103,The Buck Sexton Show,1,0,,
20260827,1485021241,The Reason Interview With Nick Gillespie,1,1,136,The Reason Interview With Nick Gillespie
20260827,1606834013,The Josh Hammer Show,1,1,175,The Josh Hammer Show
20260827,1714009198,Mea Culpa,1,1,145,Podcast WABCRadio
20260827,1839861250,The Moment with Jorge Ramos and Paola Ramos,1,1,229,iHeartPodcasts
20260827,1449848509,I Don't Speak German,1,0,,
20260827,1633301179,Countdown with Keith Olbermann,1,1,180,iHeartPodcasts
20260827,1482179882,The Mona Charen Show,1,1,170,The Bulwark
20260827,1112258664,Russian Roulette,1,0,,
20260827,1721969693,Politix,1,1,139,Politix
20260827,1351411911,The TPM Show with Josh and Kate,1,1,106,Talking Points Memo
20260827,1212380212,The Five,0,1,28,FOX News Podcasts
20260827,1375568988,TRIGGERnometry,0,1,31,TRIGGERnometry
20260827,1611374685,The Rest Is Politics,0,1,38,Goalhanger
20260827,1493229344,The Dispatch Podcast,0,1,44,The Dispatch
20260827,1788738240,It’s That Part,0,1,47,Jesse Lee Hammonds
20260827,1879498704,Power and Consequences,0,1,68,Third Clumber Productions
20260827,1243130823,The John Kobylt Show,0,1,78,iHeartPodcasts
20260827,159752078,This Morning With Gordon Deal,0,1,79,Compass Media Networks
20260827,1473150244,Americast,0,1,84,BBC News
20260827,1801103648,The Nerd Reich,0,1,85,nerdreich
20260827,1601727251,Central Air,0,1,110,"Josh Barro, Megan McArdle & Ben Dreyfuss"
20260827,1651903715,The Rush Hour With Dave Neal,0,1,111,Dave Neal
20260827,1896805652,NARITAS,0,1,115,Yanis AHMADI
20260827,1769997814,Normally,0,1,116,iHeartPodcasts
20260827,1896897095,Wired In,0,1,121,The Daily Wire
20260827,1835450563,Sources & Methods,0,1,126,NPR
20260827,1552899676,The Luke Beasley Show,0,1,127,Luke Beasley
20260827,563127951,"Law Talk With Epstein, Yoo & Cooke",0,1,138,The Civitas Institute at the University of Texas at Austin
20260827,1530639447,THE OFFICIAL MEA CULPA WITH MICHAEL COHEN ARCHIVE,0,1,140,Audio Up Media
20260827,1573983987,On the Nose,0,1,142,Jewish Currents
20260827,1494037881,Checks and Balance from The Economist,0,1,143,The Economist
20260827,1882760486,Jack Cocchiarella Show,0,1,144,Jack Cocchiarella
20260827,1504048545,The Rachman Review,0,1,146,Financial Times
20260827,1504713161,El hilo,0,1,148,My Cultura and iHeartPodcasts
20260827,1701280578,The Sean Spicer Show,0,1,152,The Sean Spicer Show
20260827,155974141,Common Sense with Dan Carlin,0,1,156,Dan Carlin
20260827,1803015612,All Things with Kim Strassel,0,1,157,The Wall Street Journal
20260827,1665265193,The Rest Is Politics: Leading,0,1,159,Goalhanger
20260827,1605545539,In the Litter Box,0,1,160,Jewels Jones & Catturd
20260827,1893673410,Agitation Nation: A Podcast From The Fenton Forecast,0,1,161,David Fenton
20260827,1485109198,Politix,0,1,162,Politix
20260827,1507832825,Time To Say Goodbye,0,1,168,Time To Say Goodbye
20260827,1327641087,Political Breakdown,0,1,172,KQED
20260827,1195899470,The Takeout with Major Garrett,0,1,173,CBS News
20260827,1643776565,You're Wrong w/ Mollie Hemingway & David Harsanyi,0,1,174,Radio America
20260827,1762436723,Dan Wootton Outspoken,0,1,176,Dan Wootton
20260827,1805502607,The MiddleGround Mic,0,1,177,Joseph Steagall
20260827,863338913,Texas Standard,0,1,178,Texas Standard
20260827,1889550138,The Loren Piretra Show,0,1,179,Loren Piretra
20260827,1696250206,HasanAbi,0,1,183,HasanAbi
20260827,1871531782,Uncertain with DL Hughley,0,1,186,DL Hughley
20260827,1136826256,Election Profit Makers,0,1,190,Jon Kimball & David Rees
20260827,1591300785,Lost Debate,0,1,192,The Branch
20260827,1121407665,Sinica Podcast,0,1,194,Kaiser Kuo
20260827,1400926647,Gaslit Nation,0,1,199,Andrea Chalupa
20260827,1685475850,The Econoclasts,0,1,203,UnHerd
20260827,886656768,The Politics Bar,0,1,204,From The Bunker
20260827,1884144340,Get Angry,0,1,206,"Bryan Andrews, ItsLuke"
20260827,1692381473,The News Agents - USA,0,1,207,Global
20260827,1896561822,NORMAL GAYS Podcast,0,1,208,NORMAL GAYS
20260827,1625856906,不明白播客,0,1,209,袁莉和她的朋友们
20260827,1412905534,The Michael Steele Podcast,0,1,211,Michael Steele
20260827,960814054,The Ricochet Superfeed,0,1,212,Ricochet
20260827,1506676334,Means Morning News,0,1,213,Means Cooperative
20260827,1381291342,If You're Listening,0,1,216,ABC Australia
20260827,517293050,The Pete Kaliner Show,0,1,217,"Pete Kaliner - news, politics, NC"
20260827,1706536336,Political Currency,0,1,220,Persephonica
20260827,1668143992,Texas Minute,0,1,221,Texas Scorecard
20260827,1551827752,The Counsel,0,1,222,CAFE
20260827,1053981528,Economic Update with Richard D. Wolff,0,1,224,"Democracy at Work, Richard D. Wolff"
20260827,1547098165,Krystal Kyle & Friends,0,1,225,Krystal
20260827,1485475085,Stand Up! with Pete Dominick,0,1,226,pete dominick
20260827,1245265763,"Oh God, What Now?",0,1,227,Podmasters
20260827,1857136176,SPN LIVE - The Stew Peters Network,0,1,228,Stew Peters
20260827,1796721454,,0,1,230,
20260827,1843174639,"The Rich Zeoli Podcast: Daily Politics, Culture & Chaos",0,1,231,Rich Zeoli
20260827,1754976617,No BS Newshour with Charlie LeDuff,0,1,232,Charlie LeDuff
20260827,1700432142,RONZHEIMER.,0,1,233,Paul Ronzheimer
20260827,1721382033,Vibes Only,0,1,236,Brian Derrick and Glennis Meagher
20260827,1896591532,Nation States with Yates,0,1,237,iHeartPodcasts
20260827,1644366053,Decoding Fox News,0,1,239,I watch all the Fox News you'd never want to.
20260827,1733640626,,0,1,240,
20260827,1882414469,On the Road with Jonathan Martin,0,1,243,POLITICO
20260827,1450994745,Balance of Power,0,1,244,Bloomberg
20260827,1833272507,Executive Disorder: White House Weekly,0,1,245,Cool Zone Media and iHeartPodcasts
20260827,1562652774,DW News Brief,0,1,246,DW
20260827,1663927350,Multipolarity,0,1,250,Multipolarity
20260828,1192761536,Pod Save America,1,1,1,Pod Save America
20260828,1510240831,The MeidasTouch Podcast,1,1,4,MeidasTouch Network
20260828,1794450472,Bulwark Takes,1,1,9,The Bulwark
20260828,1447684472,The Bulwark Podcast,1,1,2,The Bulwark
20260828,1730358737,Letters from an American,1,1,8,Heather Cox Richardson
20260828,1750591415,Candace,1,1,3,Candace Owens
20260828,1617887885,The President's Daily Brief,1,1,11,The First TV
20260828,1050430296,The New Yorker Radio Hour,1,1,27,WNYC Studios and The New Yorker
20260828,1057255460,The NPR Politics Podcast,1,1,7,NPR
20260828,1865794721,Real Baron Podcast,1,1,25,Baron Coleman
20260828,1495601614,Verdict with Ted Cruz,1,1,26,iHeartPodcasts
20260828,1645614328,Fast Politics with Molly Jong-Fast,1,1,24,iHeartPodcasts
20260828,1640311112,The Necessary Conversation,1,1,36,The Necessary Conversation
20260828,1647085571,The Next Level,1,1,15,The Bulwark
20260828,1258635512,Radio Atlantic,1,1,30,The Atlantic
20260828,268213039,The Political Scene | The New Yorker,1,1,20,The New Yorker
20260828,1535384390,Ruthless Podcast,1,1,12,"Josh Holmes, Comfortably Smug, Michael Duncan and John Ashbrook"
20260828,1408796715,Runaway Country with Alex Wagner,1,1,40,Runaway Country with Alex Wagner
20260828,1774505095,Raging Moderates with Scott Galloway and Jessica Tarlov,1,1,13,Vox Media Podcast Network
20260828,1570045623,Breaking Points with Krystal and Saagar,1,1,6,iHeartPodcasts
20260828,1317481380,UnJustified,1,1,119,MSW Media
20260828,73330715,On the Media,1,1,33,WNYC Studios
20260828,1200016351,Pod Save the World,1,1,5,Pod Save the World
20260828,1692806415,The Briefing with Jen Psaki,1,1,14,"MS NOW, Jen Psaki"
20260828,1551206847,#SistersInLaw,1,1,45,Politicon
20260828,1485351658,Bannon`s War Room,1,1,21,WarRoom.org
20260828,1507444393,X22 Report,1,1,32,X22 Report
20260828,1314170606,All In with Chris Hayes,1,1,16,"MS NOW, Chris Hayes"
20260828,1795032531,The Jim Acosta Show,1,1,50,Jim Acosta
20260828,1367201919,Deadline: White House,1,1,10,"Nicolle Wallace, MS NOW"
20260828,75462585,NBC Nightly News with Tom Llamas,1,1,43,NBC News
20260828,1674095262,The Wright Report,1,1,34,Bryan Dean Wright
20260828,1456045551,Talking Feds,1,1,56,Harry Litman
20260828,1876034889,Breaking News from Pod Save America,1,1,48,Crooked Media
20260828,1551582052,The Lincoln Project,1,1,69,The Lincoln Project
20260828,158004641,Political Gabfest,1,1,99,Slate Podcasts
20260828,1303660358,The Fox News Rundown,1,1,51,FOX News Podcasts
20260828,1743030473,The Rest Is Politics: US,1,1,29,Goalhanger
20260828,1490993194,Advisory Opinions,1,1,35,The Dispatch
20260828,1586423406,The Focus Group Podcast,1,1,114,The Bulwark
20260828,91959525,This Week with George Stephanopoulos,1,1,153,ABC News
20260828,1529346075,Impolitic with John Heilemann,1,1,92,Audacy | Puck
20260828,1515399733,No Lie with Brian Tyler Cohen,1,1,83,Brian Tyler Cohen
20260828,1169056746,The Playbook Podcast,1,1,53,POLITICO
20260828,1495251160,John Solomon Reports,1,1,60,John Solomon
20260828,1549272440,The Daily Punch,1,1,63,Punchbowl News
20260828,1291144720,The Remnant with Jonah Goldberg,1,1,54,The Dispatch
20260828,1725387804,The Illegal News with Sarah Longwell,1,1,124,The Bulwark
20260828,1810218232,Next Up with Mark Halperin,1,1,59,MK Media
20260828,78911087,Face the Nation with Margaret Brennan,1,1,197,CBS News
20260828,597919007,The Young Turks,1,1,46,TYT Network
20260828,1314368109,The 11th Hour with Ali Velshi,1,1,41,"MS NOW, Ali Velshi"
20260828,1536169792,Talkin‘ Politics & Religion Without Killin‘ Each Other,1,1,88,"Scan Media, LLC"
20260828,929121341,Louder with Crowder,1,1,18,Louder with Crowder
20260828,1386375601,The Ben Ferguson Podcast,1,1,75,iHeartPodcasts
20260828,1818418128,Pod Force One,1,1,104,New York Post
20260828,402050558,The David Pakman Show,1,1,37,David Pakman
20260828,219258773,Brian Kilmeade Show,1,1,70,FOX News Podcasts
20260828,1265845136,Stay Tuned with Preet,1,1,19,Preet Bharara
20260828,1474001390,TRUE ANON TRUTH FEED,1,1,71,TrueAnon
20260828,1506127536,Making the Argument with Nick Freitas,1,1,52,Nick Freitas
20260828,1681586867,The Warning with Steve Schmidt,1,1,64,iHeartPodcasts
20260828,1873028393,Politics Chat,1,1,58,Heather Cox Richardson
20260828,1679657705,Main Justice,1,1,22,"MS NOW, Andrew Weissmann, Mary McCord"
20260828,1138657182,Liberty Lockdown,1,1,91,Clint Russell
20260828,402306412,The Majority Report with Sam Seder,1,1,49,Sam Seder
20260828,1364113251,The Beat with Ari Melber,1,1,39,"Ari Melber, MS NOW"
20260828,354628391,Renegade Talk Radio,1,1,94,Renegade Talk Radio
20260828,1595408601,The PoliticsGirl Podcast,1,0,,
20260828,1467297559,Hacks On Tap,1,1,17,Vox Media
20260828,1728152109,THE DAILY BLAST with Greg Sargent,1,1,23,Greg Sargent
20260828,1484862164,Politics War Room with James Carville & Al Hunt,1,1,55,Politicon
20260828,1452065072,Newt's World,1,1,185,Gingrich 360
20260828,1790957194,The 47 Morning Update with Ben Ferguson,1,1,80,iHeartPodcasts
20260828,1462703434,Know Your Enemy,1,1,123,Matthew Sitman
20260828,1886801652,Sidebar with Katie Phang,1,0,,
20260828,1584730781,The Benny Show,1,1,66,Benny Johnson
20260828,1517313007,The Hugh Hewitt Show: Highly Concentrated,1,1,57,Salem Podcast Network
20260828,1441649707,Straight White American Jesus,1,1,100,Bradley Onishi + Daniel Miller
20260828,1195206601,The Intercept Briefing,1,1,219,The Intercept
20260828,1538788132,Tangle,1,1,67,Isaac Saul
20260828,1294461271,GZERO World with Ian Bremmer,1,1,205,GZERO Media
20260828,1585243541,Human Events Daily with Jack Posobiec,1,1,120,Human Events with Jack Posobiec
20260828,1253076699,The Michael Berry Show,1,1,76,KTRH (KTRH-AM)
20260828,1635418897,The Chris Cuomo Project,1,1,81,Chris Cuomo
20260828,969924303,The Skepticrat,1,0,,
20260828,1623855270,The Foreign Affairs Interview,1,1,82,Foreign Affairs Magazine
20260828,73331636,The Brian Lehrer Show,1,1,77,WNYC
20260828,1822142909,Glenn Diesen - Greater Eurasia Podcast,1,1,107,Glenn Diesen
20260828,1072469956,Fox Across America w/ Jimmy Failla,1,1,90,FOX News Podcasts
20260828,1218054701,Rev Left Radio,1,1,122,Revolutionary Left Radio
20260828,1456850698,The Graham Allen Show,1,1,112,Graham Allen
20260828,1805186512,Going Rogue with Lara Logan,1,1,118,Lara Logan
20260828,1509826894,RealClearPolitics Podcast,1,1,73,"RealClearPolitics, Carl Cannon, Tom Bevan"
20260828,716825890,The Tom Woods Show,1,1,95,Tom Woods
20260828,1820648828,The Joy Reid Show,1,1,105,Joy-Ann Reid
20260828,1889705401,Nobody Knows Anything,1,0,,
20260828,1573813504,The Smerconish Podcast,1,1,72,SiriusXM
20260828,1696974077,The Source with Kaitlan Collins,1,1,61,CNN Podcasts
20260828,1574741668,American Prestige,1,1,151,Daniel Bessner & Derek Davison
20260828,1669610956,System Update with Glenn Greenwald,1,1,188,Rumble
20260828,1548554104,Volts,1,1,86,David Roberts
20260828,1647025876,Wendy Bell Radio Podcast,1,1,87,Wendy Bell
20260828,1378389941,Uncommon Knowledge,1,1,74,Hoover Institution
20260828,1896576050,Brian Tyler Cohen,1,1,215,Brian Tyler Cohen Network
20260828,1715894000,Trump's Terms,1,1,65,NPR
20260828,1587492577,The Mel K Show,1,1,164,Mel K
20260828,1660317917,Defending Democracy with Marc Elias,1,1,155,Democracy Docket
20260828,1635446643,The Coffee Klatch with Robert Reich,1,1,234,Robert Reich
20260828,1722246285,The Breakdown,1,1,184,Alberto fo sho
20260828,506779862,Lectures in History,1,1,249,C-SPAN
20260828,1147092464,Opening Arguments,1,1,141,Opening Arguments Media LLC
20260828,1695205478,What Really Matters with Walter Russell Mead,1,0,,
20260828,1263295815,The Pete Quiñones Show,1,1,147,Peter R Quiñones
20260828,1728340033,Mission Implausible,1,1,241,Jon Stern
20260828,1636762428,Dad Saves America,1,1,200,John Papola
20260828,1798460240,10 Minute Drill,1,1,103,Matt Whitlock
20260828,1471411980,American Thought Leaders,1,1,163,The Epoch Times
20260828,1714879044,The Tony Kinnett Cast,1,1,102,The Daily Signal
20260828,1579061364,Head in the Office,1,1,150,HITO Media LLC
20260828,1093260018,Slate News,1,1,165,Slate Podcasts
20260828,925428680,Conversations with Bill Kristol,1,0,,
20260828,1462195742,The Al Franken Podcast,1,1,247,The Al Franken Podcast
20260828,1576614213,American Conservative University,1,1,198,American Conservative University
20260828,1467993804,What the Hell Is Going On,1,0,,
20260828,1877144831,Paul Krugman Podcast,1,1,235,Paul Krugman
20260828,1709994511,UNGOVERNED,1,1,135,Shawn Farash
20260828,73329719,KQED's Forum,1,1,113,KQED
20260828,1785081636,The Mary Trump Podcast,1,1,149,Mary Trump Media
20260828,1432118523,The Damage Report with John Iadarola,1,1,96,TYT Network
20260828,791564318,Jacobin Radio,1,1,134,Jacobin
20260828,1843478428,Owen Report,1,1,132,Owen Shroyer
20260828,1531192509,Bad Faith,1,1,129,Briahna Joy Gray
20260828,1702202187,Perino on Politics,1,1,131,FOX News Podcasts
20260828,1568505052,MOATS with George Galloway,1,1,214,Molucca Media Ltd
20260828,380996798,"The Bob Cesca Show | Politics Podcast, News & Commentary",1,1,93,Bob Cesca
20260828,1172546141,The President’s Inbox,1,1,117,Council on Foreign Relations
20260828,1043245989,The Dig,1,1,189,Daniel Denvir
20260828,1535255041,Unf*cking The Republic,1,0,,
20260828,387042247,Washington Today,1,1,169,C-SPAN
20260828,682478916,War on the Rocks,1,1,62,Ryan Evans
20260828,983782306,Federalist Radio Hour,1,1,97,Radio America
20260828,1111319839,The Conversation with Dasha Burns,1,1,242,POLITICO
20260828,1476110521,Useful Idiots with Katie Halper and Aaron Maté,1,0,,
20260828,1549624070,Amarica's Constitution,1,1,166,Akhil Reed Amar
20260828,1289062927,ChinaTalk,1,1,158,Jordan Schneider
20260828,1570380458,The Victor Davis Hanson Show,1,1,187,Victor Davis Hanson and Jack Fowler
20260828,1356662668,Politically Georgia,1,1,128,The Atlanta Journal-Constitution
20260828,1725442221,Hawk Podcasts,1,1,191,Hawk
20260828,1721813926,Bad Hasbara - The World's Most Moral Podcast,1,1,154,Matt Lieb
20260828,1439837349,The Political Orphanage,1,1,210,Andrew Heaton
20260828,1671451793,Maiden Mother Matriarch with Louise Perry,1,1,195,Louise Perry
20260828,1502568407,SGT Report’s The Propaganda Antidote,1,1,125,SGT Report
20260828,1607829807,Mark Kaye Saves The Republic,1,1,218,Kayetriot Media
20260828,545045867,Scott Horton Show - Just the Interviews,1,1,89,Scott Horton
20260828,1317356120,The Peter McCormack Show,1,1,167,Peter McCormack
20260828,1570432345,Firing Line with Margaret Hoover,1,0,,
20260828,1818658022,"Life, Liberty & Levin Podcast",1,0,,
20260828,1634341981,Antiwar News With Dave DeCamp,1,1,202,Dave DeCamp
20260828,474763182,The Globalist,1,1,181,Monocle
20260828,1871628261,The Harry Sisson Show,1,0,,
20260828,1788891712,It's A Numbers Game with Ryan Girdusky,1,1,248,iHeartPodcasts
20260828,1654162813,The Kyle Seraphin Show,1,1,133,Kyle Seraphin
20260828,1480605295,POLITICO Energy,1,1,201,POLITICO
20260828,1648125917,Stay Free with Russell Brand,1,0,,
20260828,1612691018,THE WEEKEND SHOW,1,0,,
20260828,1880163995,The Kyle Kulinski Show,1,1,101,Kyle Kulinski
20260828,1536984072,The Dishcast with Andrew Sullivan,1,0,,
20260828,1309354521,Majority 54,1,0,,
20260828,1362265400,Timcast News,1,1,42,Timcast Media
20260828,1874174561,Hope For America with Heather Delaney Reese,1,0,,
20260828,124960485,"Best of the Left - Leftist Perspectives on Progressive Politics, News, Culture, Economics and Democracy",1,0,,
20260828,1587936366,The Inside Story Podcast,1,0,,
20260828,1594728054,The Great America Show,1,1,196,Fawcett Strategies
20260828,1767877239,No Gods No Mayors,1,1,130,The Office of the Mayor
20260828,1549502623,Cleanup on Aisle 45 with AG & Harry Dunn,1,1,108,MSW Media
20260828,956270301,Rational Security,1,0,,
20260828,1548086514,The Arena,1,0,,
20260828,1155629323,The Reason Roundtable,1,1,109,The Reason Roundtable
20260828,1868807558,Batya!,1,0,,
20260828,1592116227,The Breitbart News Daily Podcast,1,1,193,SiriusXM
20260828,1809246826,The Keith Edwards Show,1,1,238,Keith Edwards
20260828,1060110806,The Nation Podcasts,1,1,171,The Nation Magazine
20260828,702998658,Week In Review,1,0,,
20260828,1493858530,Hood Politics with Prop,1,1,137,Cool Zone Media and iHeartPodcasts
20260828,1485186805,Timothy Gordon Rules for Retrogrades Podcast,1,0,,
20260828,1567204040,The Drill Down with Peter Schweizer,1,1,98,Government Accountability Institute
20260828,1869456664,What's The Plan? with Leah Greenberg and Ezra Levin,1,0,,
20260828,1614844654,Week In Review,1,0,,
20260828,1751785203,Brad vs Everyone,1,0,,
20260828,1599891719,Seattle Nice,1,0,,
20260828,1368074498,The Lars Larson Show Pacific Northwest Podcast,1,1,182,Lars Larson
20260828,1800671132,Destiny,1,1,223,Destiny
20260828,1208232103,The Buck Sexton Show,1,0,,
20260828,1485021241,The Reason Interview With Nick Gillespie,1,1,136,The Reason Interview With Nick Gillespie
20260828,1606834013,The Josh Hammer Show,1,1,175,The Josh Hammer Show
20260828,1714009198,Mea Culpa,1,1,145,Podcast WABCRadio
20260828,1839861250,The Moment with Jorge Ramos and Paola Ramos,1,1,229,iHeartPodcasts
20260828,1449848509,I Don't Speak German,1,0,,
20260828,1633301179,Countdown with Keith Olbermann,1,1,180,iHeartPodcasts
20260828,1482179882,The Mona Charen Show,1,1,170,The Bulwark
20260828,1112258664,Russian Roulette,1,0,,
20260828,1721969693,Politix,1,1,139,Politix
20260828,1351411911,The TPM Show with Josh and Kate,1,1,106,Talking Points Memo
20260828,1212380212,The Five,0,1,28,FOX News Podcasts
20260828,1375568988,TRIGGERnometry,0,1,31,TRIGGERnometry
20260828,1611374685,The Rest Is Politics,0,1,38,Goalhanger
20260828,1493229344,The Dispatch Podcast,0,1,44,The Dispatch
20260828,1788738240,It’s That Part,0,1,47,Jesse Lee Hammonds
20260828,1879498704,Power and Consequences,0,1,68,Third Clumber Productions
20260828,1243130823,The John Kobylt Show,0,1,78,iHeartPodcasts
20260828,159752078,This Morning With Gordon Deal,0,1,79,Compass Media Networks
20260828,1473150244,Americast,0,1,84,BBC News
20260828,1801103648,The Nerd Reich,0,1,85,nerdreich
20260828,1601727251,Central Air,0,1,110,"Josh Barro, Megan McArdle & Ben Dreyfuss"
20260828,1651903715,The Rush Hour With Dave Neal,0,1,111,Dave Neal
20260828,1896805652,NARITAS,0,1,115,Yanis AHMADI
20260828,1769997814,Normally,0,1,116,iHeartPodcasts
20260828,1896897095,Wired In,0,1,121,The Daily Wire
20260828,1835450563,Sources & Methods,0,1,126,NPR
20260828,1552899676,The Luke Beasley Show,0,1,127,Luke Beasley
20260828,563127951,"Law Talk With Epstein, Yoo & Cooke",0,1,138,The Civitas Institute at the University of Texas at Austin
20260828,1530639447,THE OFFICIAL MEA CULPA WITH MICHAEL COHEN ARCHIVE,0,1,140,Audio Up Media
20260828,1573983987,On the Nose,0,1,142,Jewish Currents
20260828,1494037881,Checks and Balance from The Economist,0,1,143,The Economist
20260828,1882760486,Jack Cocchiarella Show,0,1,144,Jack Cocchiarella
20260828,1504048545,The Rachman Review,0,1,146,Financial Times
20260828,1504713161,El hilo,0,1,148,My Cultura and iHeartPodcasts
20260828,1701280578,The Sean Spicer Show,0,1,152,The Sean Spicer Show
20260828,155974141,Common Sense with Dan Carlin,0,1,156,Dan Carlin
20260828,1803015612,All Things with Kim Strassel,0,1,157,The Wall Street Journal
20260828,1665265193,The Rest Is Politics: Leading,0,1,159,Goalhanger
20260828,1605545539,In the Litter Box,0,1,160,Jewels Jones & Catturd
20260828,1893673410,Agitation Nation: A Podcast From The Fenton Forecast,0,1,161,David Fenton
20260828,1485109198,Politix,0,1,162,Politix
20260828,1507832825,Time To Say Goodbye,0,1,168,Time To Say Goodbye
20260828,1327641087,Political Breakdown,0,1,172,KQED
20260828,1195899470,The Takeout with Major Garrett,0,1,173,CBS News
20260828,1643776565,You're Wrong w/ Mollie Hemingway & David Harsanyi,0,1,174,Radio America
20260828,1762436723,Dan Wootton Outspoken,0,1,176,Dan Wootton
20260828,1805502607,The MiddleGround Mic,0,1,177,Joseph Steagall
20260828,863338913,Texas Standard,0,1,178,Texas Standard
20260828,1889550138,The Loren Piretra Show,0,1,179,Loren Piretra
20260828,1696250206,HasanAbi,0,1,183,HasanAbi
20260828,1871531782,Uncertain with DL Hughley,0,1,186,DL Hughley
20260828,1136826256,Election Profit Makers,0,1,190,Jon Kimball & David Rees
20260828,1591300785,Lost Debate,0,1,192,The Branch
20260828,1121407665,Sinica Podcast,0,1,194,Kaiser Kuo
20260828,1400926647,Gaslit Nation,0,1,199,Andrea Chalupa
20260828,1685475850,The Econoclasts,0,1,203,UnHerd
20260828,886656768,The Politics Bar,0,1,204,From The Bunker
20260828,1884144340,Get Angry,0,1,206,"Bryan Andrews, ItsLuke"
20260828,1692381473,The News Agents - USA,0,1,207,Global
20260828,1896561822,NORMAL GAYS Podcast,0,1,208,NORMAL GAYS
20260828,1625856906,不明白播客,0,1,209,袁莉和她的朋友们
20260828,1412905534,The Michael Steele Podcast,0,1,211,Michael Steele
20260828,960814054,The Ricochet Superfeed,0,1,212,Ricochet
20260828,1506676334,Means Morning News,0,1,213,Means Cooperative
20260828,1381291342,If You're Listening,0,1,216,ABC Australia
20260828,517293050,The Pete Kaliner Show,0,1,217,"Pete Kaliner - news, politics, NC"
20260828,1706536336,Political Currency,0,1,220,Persephonica
20260828,1668143992,Texas Minute,0,1,221,Texas Scorecard
20260828,1551827752,The Counsel,0,1,222,CAFE
20260828,1053981528,Economic Update with Richard D. Wolff,0,1,224,"Democracy at Work, Richard D. Wolff"
20260828,1547098165,Krystal Kyle & Friends,0,1,225,Krystal
20260828,1485475085,Stand Up! with Pete Dominick,0,1,226,pete dominick
20260828,1245265763,"Oh God, What Now?",0,1,227,Podmasters
20260828,1857136176,SPN LIVE - The Stew Peters Network,0,1,228,Stew Peters
20260828,1796721454,,0,1,230,
20260828,1843174639,"The Rich Zeoli Podcast: Daily Politics, Culture & Chaos",0,1,231,Rich Zeoli
20260828,1754976617,No BS Newshour with Charlie LeDuff,0,1,232,Charlie LeDuff
20260828,1700432142,RONZHEIMER.,0,1,233,Paul Ronzheimer
20260828,1721382033,Vibes Only,0,1,236,Brian Derrick and Glennis Meagher
20260828,1896591532,Nation States with Yates,0,1,237,iHeartPodcasts
20260828,1644366053,Decoding Fox News,0,1,239,I watch all the Fox News you'd never want to.
20260828,1733640626,,0,1,240,
20260828,1882414469,On the Road with Jonathan Martin,0,1,243,POLITICO
20260828,1450994745,Balance of Power,0,1,244,Bloomberg
20260828,1833272507,Executive Disorder: White House Weekly,0,1,245,Cool Zone Media and iHeartPodcasts
20260828,1562652774,DW News Brief,0,1,246,DW
20260828,1663927350,Multipolarity,0,1,250,Multipolarity
20260829,1192761536,Pod Save America,1,1,1,Pod Save America
20260829,1510240831,The MeidasTouch Podcast,1,1,4,MeidasTouch Network
20260829,1794450472,Bulwark Takes,1,1,9,The Bulwark
20260829,1447684472,The Bulwark Podcast,1,1,2,The Bulwark
20260829,1730358737,Letters from an American,1,1,8,Heather Cox Richardson
20260829,1750591415,Candace,1,1,3,Candace Owens
20260829,1617887885,The President's Daily Brief,1,1,11,The First TV
20260829,1050430296,The New Yorker Radio Hour,1,1,27,WNYC Studios and The New Yorker
20260829,1057255460,The NPR Politics Podcast,1,1,7,NPR
20260829,1865794721,Real Baron Podcast,1,1,25,Baron Coleman
20260829,1495601614,Verdict with Ted Cruz,1,1,26,iHeartPodcasts
20260829,1645614328,Fast Politics with Molly Jong-Fast,1,1,24,iHeartPodcasts
20260829,1640311112,The Necessary Conversation,1,1,36,The Necessary Conversation
20260829,1647085571,The Next Level,1,1,15,The Bulwark
20260829,1258635512,Radio Atlantic,1,1,30,The Atlantic
20260829,268213039,The Political Scene | The New Yorker,1,1,20,The New Yorker
20260829,1535384390,Ruthless Podcast,1,1,12,"Josh Holmes, Comfortably Smug, Michael Duncan and John Ashbrook"
20260829,1408796715,Runaway Country with Alex Wagner,1,1,40,Runaway Country with Alex Wagner
20260829,1774505095,Raging Moderates with Scott Galloway and Jessica Tarlov,1,1,13,Vox Media Podcast Network
20260829,1570045623,Breaking Points with Krystal and Saagar,1,1,6,iHeartPodcasts
20260829,1317481380,UnJustified,1,1,119,MSW Media
20260829,73330715,On the Media,1,1,33,WNYC Studios
20260829,1200016351,Pod Save the World,1,1,5,Pod Save the World
20260829,1692806415,The Briefing with Jen Psaki,1,1,14,"MS NOW, Jen Psaki"
20260829,1551206847,#SistersInLaw,1,1,45,Politicon
20260829,1485351658,Bannon`s War Room,1,1,21,WarRoom.org
20260829,1507444393,X22 Report,1,1,32,X22 Report
20260829,1314170606,All In with Chris Hayes,1,1,16,"MS NOW, Chris Hayes"
20260829,1795032531,The Jim Acosta Show,1,1,50,Jim Acosta
20260829,1367201919,Deadline: White House,1,1,10,"Nicolle Wallace, MS NOW"
20260829,75462585,NBC Nightly News with Tom Llamas,1,1,43,NBC News
20260829,1674095262,The Wright Report,1,1,34,Bryan Dean Wright
20260829,1456045551,Talking Feds,1,1,56,Harry Litman
20260829,1876034889,Breaking News from Pod Save America,1,1,48,Crooked Media
20260829,1551582052,The Lincoln Project,1,1,69,The Lincoln Project
20260829,158004641,Political Gabfest,1,1,99,Slate Podcasts
20260829,1303660358,The Fox News Rundown,1,1,51,FOX News Podcasts
20260829,1743030473,The Rest Is Politics: US,1,1,29,Goalhanger
20260829,1490993194,Advisory Opinions,1,1,35,The Dispatch
20260829,1586423406,The Focus Group Podcast,1,1,114,The Bulwark
20260829,91959525,This Week with George Stephanopoulos,1,1,153,ABC News
20260829,1529346075,Impolitic with John Heilemann,1,1,92,Audacy | Puck
20260829,1515399733,No Lie with Brian Tyler Cohen,1,1,83,Brian Tyler Cohen
20260829,1169056746,The Playbook Podcast,1,1,53,POLITICO
20260829,1495251160,John Solomon Reports,1,1,60,John Solomon
20260829,1549272440,The Daily Punch,1,1,63,Punchbowl News
20260829,1291144720,The Remnant with Jonah Goldberg,1,1,54,The Dispatch
20260829,1725387804,The Illegal News with Sarah Longwell,1,1,124,The Bulwark
20260829,1810218232,Next Up with Mark Halperin,1,1,59,MK Media
20260829,78911087,Face the Nation with Margaret Brennan,1,1,197,CBS News
20260829,597919007,The Young Turks,1,1,46,TYT Network
20260829,1314368109,The 11th Hour with Ali Velshi,1,1,41,"MS NOW, Ali Velshi"
20260829,1536169792,Talkin‘ Politics & Religion Without Killin‘ Each Other,1,1,88,"Scan Media, LLC"
20260829,929121341,Louder with Crowder,1,1,18,Louder with Crowder
20260829,1386375601,The Ben Ferguson Podcast,1,1,75,iHeartPodcasts
20260829,1818418128,Pod Force One,1,1,104,New York Post
20260829,402050558,The David Pakman Show,1,1,37,David Pakman
20260829,219258773,Brian Kilmeade Show,1,1,70,FOX News Podcasts
20260829,1265845136,Stay Tuned with Preet,1,1,19,Preet Bharara
20260829,1474001390,TRUE ANON TRUTH FEED,1,1,71,TrueAnon
20260829,1506127536,Making the Argument with Nick Freitas,1,1,52,Nick Freitas
20260829,1681586867,The Warning with Steve Schmidt,1,1,64,iHeartPodcasts
20260829,1873028393,Politics Chat,1,1,58,Heather Cox Richardson
20260829,1679657705,Main Justice,1,1,22,"MS NOW, Andrew Weissmann, Mary McCord"
20260829,1138657182,Liberty Lockdown,1,1,91,Clint Russell
20260829,402306412,The Majority Report with Sam Seder,1,1,49,Sam Seder
20260829,1364113251,The Beat with Ari Melber,1,1,39,"Ari Melber, MS NOW"
20260829,354628391,Renegade Talk Radio,1,1,94,Renegade Talk Radio
20260829,1595408601,The PoliticsGirl Podcast,1,0,,
20260829,1467297559,Hacks On Tap,1,1,17,Vox Media
20260829,1728152109,THE DAILY BLAST with Greg Sargent,1,1,23,Greg Sargent
20260829,1484862164,Politics War Room with James Carville & Al Hunt,1,1,55,Politicon
20260829,1452065072,Newt's World,1,1,185,Gingrich 360
20260829,1790957194,The 47 Morning Update with Ben Ferguson,1,1,80,iHeartPodcasts
20260829,1462703434,Know Your Enemy,1,1,123,Matthew Sitman
20260829,1886801652,Sidebar with Katie Phang,1,0,,
20260829,1584730781,The Benny Show,1,1,66,Benny Johnson
20260829,1517313007,The Hugh Hewitt Show: Highly Concentrated,1,1,57,Salem Podcast Network
20260829,1441649707,Straight White American Jesus,1,1,100,Bradley Onishi + Daniel Miller
20260829,1195206601,The Intercept Briefing,1,1,219,The Intercept
20260829,1538788132,Tangle,1,1,67,Isaac Saul
20260829,1294461271,GZERO World with Ian Bremmer,1,1,205,GZERO Media
20260829,1585243541,Human Events Daily with Jack Posobiec,1,1,120,Human Events with Jack Posobiec
20260829,1253076699,The Michael Berry Show,1,1,76,KTRH (KTRH-AM)
20260829,1635418897,The Chris Cuomo Project,1,1,81,Chris Cuomo
20260829,969924303,The Skepticrat,1,0,,
20260829,1623855270,The Foreign Affairs Interview,1,1,82,Foreign Affairs Magazine
20260829,73331636,The Brian Lehrer Show,1,1,77,WNYC
20260829,1822142909,Glenn Diesen - Greater Eurasia Podcast,1,1,107,Glenn Diesen
20260829,1072469956,Fox Across America w/ Jimmy Failla,1,1,90,FOX News Podcasts
20260829,1218054701,Rev Left Radio,1,1,122,Revolutionary Left Radio
20260829,1456850698,The Graham Allen Show,1,1,112,Graham Allen
20260829,1805186512,Going Rogue with Lara Logan,1,1,118,Lara Logan
20260829,1509826894,RealClearPolitics Podcast,1,1,73,"RealClearPolitics, Carl Cannon, Tom Bevan"
20260829,716825890,The Tom Woods Show,1,1,95,Tom Woods
20260829,1820648828,The Joy Reid Show,1,1,105,Joy-Ann Reid
20260829,1889705401,Nobody Knows Anything,1,0,,
20260829,1573813504,The Smerconish Podcast,1,1,72,SiriusXM
20260829,1696974077,The Source with Kaitlan Collins,1,1,61,CNN Podcasts
20260829,1574741668,American Prestige,1,1,151,Daniel Bessner & Derek Davison
20260829,1669610956,System Update with Glenn Greenwald,1,1,188,Rumble
20260829,1548554104,Volts,1,1,86,David Roberts
20260829,1647025876,Wendy Bell Radio Podcast,1,1,87,Wendy Bell
20260829,1378389941,Uncommon Knowledge,1,1,74,Hoover Institution
20260829,1896576050,Brian Tyler Cohen,1,1,215,Brian Tyler Cohen Network
20260829,1715894000,Trump's Terms,1,1,65,NPR
20260829,1587492577,The Mel K Show,1,1,164,Mel K
20260829,1660317917,Defending Democracy with Marc Elias,1,1,155,Democracy Docket
20260829,1635446643,The Coffee Klatch with Robert Reich,1,1,234,Robert Reich
20260829,1722246285,The Breakdown,1,1,184,Alberto fo sho
20260829,506779862,Lectures in History,1,1,249,C-SPAN
20260829,1147092464,Opening Arguments,1,1,141,Opening Arguments Media LLC
20260829,1695205478,What Really Matters with Walter Russell Mead,1,0,,
20260829,1263295815,The Pete Quiñones Show,1,1,147,Peter R Quiñones
20260829,1728340033,Mission Implausible,1,1,241,Jon Stern
20260829,1636762428,Dad Saves America,1,1,200,John Papola
20260829,1798460240,10 Minute Drill,1,1,103,Matt Whitlock
20260829,1471411980,American Thought Leaders,1,1,163,The Epoch Times
20260829,1714879044,The Tony Kinnett Cast,1,1,102,The Daily Signal
20260829,1579061364,Head in the Office,1,1,150,HITO Media LLC
20260829,1093260018,Slate News,1,1,165,Slate Podcasts
20260829,925428680,Conversations with Bill Kristol,1,0,,
20260829,1462195742,The Al Franken Podcast,1,1,247,The Al Franken Podcast
20260829,1576614213,American Conservative University,1,1,198,American Conservative University
20260829,1467993804,What the Hell Is Going On,1,0,,
20260829,1877144831,Paul Krugman Podcast,1,1,235,Paul Krugman
20260829,1709994511,UNGOVERNED,1,1,135,Shawn Farash
20260829,73329719,KQED's Forum,1,1,113,KQED
20260829,1785081636,The Mary Trump Podcast,1,1,149,Mary Trump Media
20260829,1432118523,The Damage Report with John Iadarola,1,1,96,TYT Network
20260829,791564318,Jacobin Radio,1,1,134,Jacobin
20260829,1843478428,Owen Report,1,1,132,Owen Shroyer
20260829,1531192509,Bad Faith,1,1,129,Briahna Joy Gray
20260829,1702202187,Perino on Politics,1,1,131,FOX News Podcasts
20260829,1568505052,MOATS with George Galloway,1,1,214,Molucca Media Ltd
20260829,380996798,"The Bob Cesca Show | Politics Podcast, News & Commentary",1,1,93,Bob Cesca
20260829,1172546141,The President’s Inbox,1,1,117,Council on Foreign Relations
20260829,1043245989,The Dig,1,1,189,Daniel Denvir
20260829,1535255041,Unf*cking The Republic,1,0,,
20260829,387042247,Washington Today,1,1,169,C-SPAN
20260829,682478916,War on the Rocks,1,1,62,Ryan Evans
20260829,983782306,Federalist Radio Hour,1,1,97,Radio America
20260829,1111319839,The Conversation with Dasha Burns,1,1,242,POLITICO
20260829,1476110521,Useful Idiots with Katie Halper and Aaron Maté,1,0,,
20260829,1549624070,Amarica's Constitution,1,1,166,Akhil Reed Amar
20260829,1289062927,ChinaTalk,1,1,158,Jordan Schneider
20260829,1570380458,The Victor Davis Hanson Show,1,1,187,Victor Davis Hanson and Jack Fowler
20260829,1356662668,Politically Georgia,1,1,128,The Atlanta Journal-Constitution
20260829,1725442221,Hawk Podcasts,1,1,191,Hawk
20260829,1721813926,Bad Hasbara - The World's Most Moral Podcast,1,1,154,Matt Lieb
20260829,1439837349,The Political Orphanage,1,1,210,Andrew Heaton
20260829,1671451793,Maiden Mother Matriarch with Louise Perry,1,1,195,Louise Perry
20260829,1502568407,SGT Report’s The Propaganda Antidote,1,1,125,SGT Report
20260829,1607829807,Mark Kaye Saves The Republic,1,1,218,Kayetriot Media
20260829,545045867,Scott Horton Show - Just the Interviews,1,1,89,Scott Horton
20260829,1317356120,The Peter McCormack Show,1,1,167,Peter McCormack
20260829,1570432345,Firing Line with Margaret Hoover,1,0,,
20260829,1818658022,"Life, Liberty & Levin Podcast",1,0,,
20260829,1634341981,Antiwar News With Dave DeCamp,1,1,202,Dave DeCamp
20260829,474763182,The Globalist,1,1,181,Monocle
20260829,1871628261,The Harry Sisson Show,1,0,,
20260829,1788891712,It's A Numbers Game with Ryan Girdusky,1,1,248,iHeartPodcasts
20260829,1654162813,The Kyle Seraphin Show,1,1,133,Kyle Seraphin
20260829,1480605295,POLITICO Energy,1,1,201,POLITICO
20260829,1648125917,Stay Free with Russell Brand,1,0,,
20260829,1612691018,THE WEEKEND SHOW,1,0,,
20260829,1880163995,The Kyle Kulinski Show,1,1,101,Kyle Kulinski
20260829,1536984072,The Dishcast with Andrew Sullivan,1,0,,
20260829,1309354521,Majority 54,1,0,,
20260829,1362265400,Timcast News,1,1,42,Timcast Media
20260829,1874174561,Hope For America with Heather Delaney Reese,1,0,,
20260829,124960485,"Best of the Left - Leftist Perspectives on Progressive Politics, News, Culture, Economics and Democracy",1,0,,
20260829,1587936366,The Inside Story Podcast,1,0,,
20260829,1594728054,The Great America Show,1,1,196,Fawcett Strategies
20260829,1767877239,No Gods No Mayors,1,1,130,The Office of the Mayor
20260829,1549502623,Cleanup on Aisle 45 with AG & Harry Dunn,1,1,108,MSW Media
20260829,956270301,Rational Security,1,0,,
20260829,1548086514,The Arena,1,0,,
20260829,1155629323,The Reason Roundtable,1,1,109,The Reason Roundtable
20260829,1868807558,Batya!,1,0,,
20260829,1592116227,The Breitbart News Daily Podcast,1,1,193,SiriusXM
20260829,1809246826,The Keith Edwards Show,1,1,238,Keith Edwards
20260829,1060110806,The Nation Podcasts,1,1,171,The Nation Magazine
20260829,702998658,Week In Review,1,0,,
20260829,1493858530,Hood Politics with Prop,1,1,137,Cool Zone Media and iHeartPodcasts
20260829,1485186805,Timothy Gordon Rules for Retrogrades Podcast,1,0,,
20260829,1567204040,The Drill Down with Peter Schweizer,1,1,98,Government Accountability Institute
20260829,1869456664,What's The Plan? with Leah Greenberg and Ezra Levin,1,0,,
20260829,1614844654,Week In Review,1,0,,
20260829,1751785203,Brad vs Everyone,1,0,,
20260829,1599891719,Seattle Nice,1,0,,
20260829,1368074498,The Lars Larson Show Pacific Northwest Podcast,1,1,182,Lars Larson
20260829,1800671132,Destiny,1,1,223,Destiny
20260829,1208232103,The Buck Sexton Show,1,0,,
20260829,1485021241,The Reason Interview With Nick Gillespie,1,1,136,The Reason Interview With Nick Gillespie
20260829,1606834013,The Josh Hammer Show,1,1,175,The Josh Hammer Show
20260829,1714009198,Mea Culpa,1,1,145,Podcast WABCRadio
20260829,1839861250,The Moment with Jorge Ramos and Paola Ramos,1,1,229,iHeartPodcasts
20260829,1449848509,I Don't Speak German,1,0,,
20260829,1633301179,Countdown with Keith Olbermann,1,1,180,iHeartPodcasts
20260829,1482179882,The Mona Charen Show,1,1,170,The Bulwark
20260829,1112258664,Russian Roulette,1,0,,
20260829,1721969693,Politix,1,1,139,Politix
20260829,1351411911,The TPM Show with Josh and Kate,1,1,106,Talking Points Memo
20260829,1212380212,The Five,0,1,28,FOX News Podcasts
20260829,1375568988,TRIGGERnometry,0,1,31,TRIGGERnometry
20260829,1611374685,The Rest Is Politics,0,1,38,Goalhanger
20260829,1493229344,The Dispatch Podcast,0,1,44,The Dispatch
20260829,1788738240,It’s That Part,0,1,47,Jesse Lee Hammonds
20260829,1879498704,Power and Consequences,0,1,68,Third Clumber Productions
20260829,1243130823,The John Kobylt Show,0,1,78,iHeartPodcasts
20260829,159752078,This Morning With Gordon Deal,0,1,79,Compass Media Networks
20260829,1473150244,Americast,0,1,84,BBC News
20260829,1801103648,The Nerd Reich,0,1,85,nerdreich
20260829,1601727251,Central Air,0,1,110,"Josh Barro, Megan McArdle & Ben Dreyfuss"
20260829,1651903715,The Rush Hour With Dave Neal,0,1,111,Dave Neal
20260829,1896805652,NARITAS,0,1,115,Yanis AHMADI
20260829,1769997814,Normally,0,1,116,iHeartPodcasts
20260829,1896897095,Wired In,0,1,121,The Daily Wire
20260829,1835450563,Sources & Methods,0,1,126,NPR
20260829,1552899676,The Luke Beasley Show,0,1,127,Luke Beasley
20260829,563127951,"Law Talk With Epstein, Yoo & Cooke",0,1,138,The Civitas Institute at the University of Texas at Austin
20260829,1530639447,THE OFFICIAL MEA CULPA WITH MICHAEL COHEN ARCHIVE,0,1,140,Audio Up Media
20260829,1573983987,On the Nose,0,1,142,Jewish Currents
20260829,1494037881,Checks and Balance from The Economist,0,1,143,The Economist
20260829,1882760486,Jack Cocchiarella Show,0,1,144,Jack Cocchiarella
20260829,1504048545,The Rachman Review,0,1,146,Financial Times
20260829,1504713161,El hilo,0,1,148,My Cultura and iHeartPodcasts
20260829,1701280578,The Sean Spicer Show,0,1,152,The Sean Spicer Show
20260829,155974141,Common Sense with Dan Carlin,0,1,156,Dan Carlin
20260829,1803015612,All Things with Kim Strassel,0,1,157,The Wall Street Journal
20260829,1665265193,The Rest Is Politics: Leading,0,1,159,Goalhanger
20260829,1605545539,In the Litter Box,0,1,160,Jewels Jones & Catturd
20260829,1893673410,Agitation Nation: A Podcast From The Fenton Forecast,0,1,161,David Fenton
20260829,1485109198,Politix,0,1,162,Politix
20260829,1507832825,Time To Say Goodbye,0,1,168,Time To Say Goodbye
20260829,1327641087,Political Breakdown,0,1,172,KQED
20260829,1195899470,The Takeout with Major Garrett,0,1,173,CBS News
20260829,1643776565,You're Wrong w/ Mollie Hemingway & David Harsanyi,0,1,174,Radio America
20260829,1762436723,Dan Wootton Outspoken,0,1,176,Dan Wootton
20260829,1805502607,The MiddleGround Mic,0,1,177,Joseph Steagall
20260829,863338913,Texas Standard,0,1,178,Texas Standard
20260829,1889550138,The Loren Piretra Show,0,1,179,Loren Piretra
20260829,1696250206,HasanAbi,0,1,183,HasanAbi
20260829,1871531782,Uncertain with DL Hughley,0,1,186,DL Hughley
20260829,1136826256,Election Profit Makers,0,1,190,Jon Kimball & David Rees
20260829,1591300785,Lost Debate,0,1,192,The Branch
20260829,1121407665,Sinica Podcast,0,1,194,Kaiser Kuo
20260829,1400926647,Gaslit Nation,0,1,199,Andrea Chalupa
20260829,1685475850,The Econoclasts,0,1,203,UnHerd
20260829,886656768,The Politics Bar,0,1,204,From The Bunker
20260829,1884144340,Get Angry,0,1,206,"Bryan Andrews, ItsLuke"
20260829,1692381473,The News Agents - USA,0,1,207,Global
20260829,1896561822,NORMAL GAYS Podcast,0,1,208,NORMAL GAYS
20260829,1625856906,不明白播客,0,1,209,袁莉和她的朋友们
20260829,1412905534,The Michael Steele Podcast,0,1,211,Michael Steele
20260829,960814054,The Ricochet Superfeed,0,1,212,Ricochet
20260829,1506676334,Means Morning News,0,1,213,Means Cooperative
20260829,1381291342,If You're Listening,0,1,216,ABC Australia
20260829,517293050,The Pete Kaliner Show,0,1,217,"Pete Kaliner - news, politics, NC"
20260829,1706536336,Political Currency,0,1,220,Persephonica
20260829,1668143992,Texas Minute,0,1,221,Texas Scorecard
20260829,1551827752,The Counsel,0,1,222,CAFE
20260829,1053981528,Economic Update with Richard D. Wolff,0,1,224,"Democracy at Work, Richard D. Wolff"
20260829,1547098165,Krystal Kyle & Friends,0,1,225,Krystal
20260829,1485475085,Stand Up! with Pete Dominick,0,1,226,pete dominick
20260829,1245265763,"Oh God, What Now?",0,1,227,Podmasters
20260829,1857136176,SPN LIVE - The Stew Peters Network,0,1,228,Stew Peters
20260829,1796721454,,0,1,230,
20260829,1843174639,"The Rich Zeoli Podcast: Daily Politics, Culture & Chaos",0,1,231,Rich Zeoli
20260829,1754976617,No BS Newshour with Charlie LeDuff,0,1,232,Charlie LeDuff
20260829,1700432142,RONZHEIMER.,0,1,233,Paul Ronzheimer
20260829,1721382033,Vibes Only,0,1,236,Brian Derrick and Glennis Meagher
20260829,1896591532,Nation States with Yates,0,1,237,iHeartPodcasts
20260829,1644366053,Decoding Fox News,0,1,239,I watch all the Fox News you'd never want to.
20260829,1733640626,,0,1,240,
20260829,1882414469,On the Road with Jonathan Martin,0,1,243,POLITICO
20260829,1450994745,Balance of Power,0,1,244,Bloomberg
20260829,1833272507,Executive Disorder: White House Weekly,0,1,245,Cool Zone Media and iHeartPodcasts
20260829,1562652774,DW News Brief,0,1,246,DW
20260829,1663927350,Multipolarity,0,1,250,Multipolarity
20260830,1192761536,Pod Save America,1,1,1,Pod Save America
20260830,1510240831,The MeidasTouch Podcast,1,1,4,MeidasTouch Network
20260830,1794450472,Bulwark Takes,1,1,9,The Bulwark
20260830,1447684472,The Bulwark Podcast,1,1,2,The Bulwark
20260830,1730358737,Letters from an American,1,1,8,Heather Cox Richardson
20260830,1750591415,Candace,1,1,3,Candace Owens
20260830,1617887885,The President's Daily Brief,1,1,11,The First TV
20260830,1050430296,The New Yorker Radio Hour,1,1,27,WNYC Studios and The New Yorker
20260830,1057255460,The NPR Politics Podcast,1,1,7,NPR
20260830,1865794721,Real Baron Podcast,1,1,25,Baron Coleman
20260830,1495601614,Verdict with Ted Cruz,1,1,26,iHeartPodcasts
20260830,1645614328,Fast Politics with Molly Jong-Fast,1,1,24,iHeartPodcasts
20260830,1640311112,The Necessary Conversation,1,1,36,The Necessary Conversation
20260830,1647085571,The Next Level,1,1,15,The Bulwark
20260830,1258635512,Radio Atlantic,1,1,30,The Atlantic
20260830,268213039,The Political Scene | The New Yorker,1,1,20,The New Yorker
20260830,1535384390,Ruthless Podcast,1,1,12,"Josh Holmes, Comfortably Smug, Michael Duncan and John Ashbrook"
20260830,1408796715,Runaway Country with Alex Wagner,1,1,40,Runaway Country with Alex Wagner
20260830,1774505095,Raging Moderates with Scott Galloway and Jessica Tarlov,1,1,13,Vox Media Podcast Network
20260830,1570045623,Breaking Points with Krystal and Saagar,1,1,6,iHeartPodcasts
20260830,1317481380,UnJustified,1,1,119,MSW Media
20260830,73330715,On the Media,1,1,33,WNYC Studios
20260830,1200016351,Pod Save the World,1,1,5,Pod Save the World
20260830,1692806415,The Briefing with Jen Psaki,1,1,14,"MS NOW, Jen Psaki"
20260830,1551206847,#SistersInLaw,1,1,45,Politicon
20260830,1485351658,Bannon`s War Room,1,1,21,WarRoom.org
20260830,1507444393,X22 Report,1,1,32,X22 Report
20260830,1314170606,All In with Chris Hayes,1,1,16,"MS NOW, Chris Hayes"
20260830,1795032531,The Jim Acosta Show,1,1,50,Jim Acosta
20260830,1367201919,Deadline: White House,1,1,10,"Nicolle Wallace, MS NOW"
20260830,75462585,NBC Nightly News with Tom Llamas,1,1,43,NBC News
20260830,1674095262,The Wright Report,1,1,34,Bryan Dean Wright
20260830,1456045551,Talking Feds,1,1,56,Harry Litman
20260830,1876034889,Breaking News from Pod Save America,1,1,48,Crooked Media
20260830,1551582052,The Lincoln Project,1,1,69,The Lincoln Project
20260830,158004641,Political Gabfest,1,1,99,Slate Podcasts
20260830,1303660358,The Fox News Rundown,1,1,51,FOX News Podcasts
20260830,1743030473,The Rest Is Politics: US,1,1,29,Goalhanger
20260830,1490993194,Advisory Opinions,1,1,35,The Dispatch
20260830,1586423406,The Focus Group Podcast,1,1,114,The Bulwark
20260830,91959525,This Week with George Stephanopoulos,1,1,153,ABC News
20260830,1529346075,Impolitic with John Heilemann,1,1,92,Audacy | Puck
20260830,1515399733,No Lie with Brian Tyler Cohen,1,1,83,Brian Tyler Cohen
20260830,1169056746,The Playbook Podcast,1,1,53,POLITICO
20260830,1495251160,John Solomon Reports,1,1,60,John Solomon
20260830,1549272440,The Daily Punch,1,1,63,Punchbowl News
20260830,1291144720,The Remnant with Jonah Goldberg,1,1,54,The Dispatch
20260830,1725387804,The Illegal News with Sarah Longwell,1,1,124,The Bulwark
20260830,1810218232,Next Up with Mark Halperin,1,1,59,MK Media
20260830,78911087,Face the Nation with Margaret Brennan,1,1,197,CBS News
20260830,597919007,The Young Turks,1,1,46,TYT Network
20260830,1314368109,The 11th Hour with Ali Velshi,1,1,41,"MS NOW, Ali Velshi"
20260830,1536169792,Talkin‘ Politics & Religion Without Killin‘ Each Other,1,1,88,"Scan Media, LLC"
20260830,929121341,Louder with Crowder,1,1,18,Louder with Crowder
20260830,1386375601,The Ben Ferguson Podcast,1,1,75,iHeartPodcasts
20260830,1818418128,Pod Force One,1,1,104,New York Post
20260830,402050558,The David Pakman Show,1,1,37,David Pakman
20260830,219258773,Brian Kilmeade Show,1,1,70,FOX News Podcasts
20260830,1265845136,Stay Tuned with Preet,1,1,19,Preet Bharara
20260830,1474001390,TRUE ANON TRUTH FEED,1,1,71,TrueAnon
20260830,1506127536,Making the Argument with Nick Freitas,1,1,52,Nick Freitas
20260830,1681586867,The Warning with Steve Schmidt,1,1,64,iHeartPodcasts
20260830,1873028393,Politics Chat,1,1,58,Heather Cox Richardson
20260830,1679657705,Main Justice,1,1,22,"MS NOW, Andrew Weissmann, Mary McCord"
20260830,1138657182,Liberty Lockdown,1,1,91,Clint Russell
20260830,402306412,The Majority Report with Sam Seder,1,1,49,Sam Seder
20260830,1364113251,The Beat with Ari Melber,1,1,39,"Ari Melber, MS NOW"
20260830,354628391,Renegade Talk Radio,1,1,94,Renegade Talk Radio
20260830,1595408601,The PoliticsGirl Podcast,1,0,,
20260830,1467297559,Hacks On Tap,1,1,17,Vox Media
20260830,1728152109,THE DAILY BLAST with Greg Sargent,1,1,23,Greg Sargent
20260830,1484862164,Politics War Room with James Carville & Al Hunt,1,1,55,Politicon
20260830,1452065072,Newt's World,1,1,185,Gingrich 360
20260830,1790957194,The 47 Morning Update with Ben Ferguson,1,1,80,iHeartPodcasts
20260830,1462703434,Know Your Enemy,1,1,123,Matthew Sitman
20260830,1886801652,Sidebar with Katie Phang,1,0,,
20260830,1584730781,The Benny Show,1,1,66,Benny Johnson
20260830,1517313007,The Hugh Hewitt Show: Highly Concentrated,1,1,57,Salem Podcast Network
20260830,1441649707,Straight White American Jesus,1,1,100,Bradley Onishi + Daniel Miller
20260830,1195206601,The Intercept Briefing,1,1,219,The Intercept
20260830,1538788132,Tangle,1,1,67,Isaac Saul
20260830,1294461271,GZERO World with Ian Bremmer,1,1,205,GZERO Media
20260830,1585243541,Human Events Daily with Jack Posobiec,1,1,120,Human Events with Jack Posobiec
20260830,1253076699,The Michael Berry Show,1,1,76,KTRH (KTRH-AM)
20260830,1635418897,The Chris Cuomo Project,1,1,81,Chris Cuomo
20260830,969924303,The Skepticrat,1,0,,
20260830,1623855270,The Foreign Affairs Interview,1,1,82,Foreign Affairs Magazine
20260830,73331636,The Brian Lehrer Show,1,1,77,WNYC
20260830,1822142909,Glenn Diesen - Greater Eurasia Podcast,1,1,107,Glenn Diesen
20260830,1072469956,Fox Across America w/ Jimmy Failla,1,1,90,FOX News Podcasts
20260830,1218054701,Rev Left Radio,1,1,122,Revolutionary Left Radio
20260830,1456850698,The Graham Allen Show,1,1,112,Graham Allen
20260830,1805186512,Going Rogue with Lara Logan,1,1,118,Lara Logan
20260830,1509826894,RealClearPolitics Podcast,1,1,73,"RealClearPolitics, Carl Cannon, Tom Bevan"
20260830,716825890,The Tom Woods Show,1,1,95,Tom Woods
20260830,1820648828,The Joy Reid Show,1,1,105,Joy-Ann Reid
20260830,1889705401,Nobody Knows Anything,1,0,,
20260830,1573813504,The Smerconish Podcast,1,1,72,SiriusXM
20260830,1696974077,The Source with Kaitlan Collins,1,1,61,CNN Podcasts
20260830,1574741668,American Prestige,1,1,151,Daniel Bessner & Derek Davison
20260830,1669610956,System Update with Glenn Greenwald,1,1,188,Rumble
20260830,1548554104,Volts,1,1,86,David Roberts
20260830,1647025876,Wendy Bell Radio Podcast,1,1,87,Wendy Bell
20260830,1378389941,Uncommon Knowledge,1,1,74,Hoover Institution
20260830,1896576050,Brian Tyler Cohen,1,1,215,Brian Tyler Cohen Network
20260830,1715894000,Trump's Terms,1,1,65,NPR
20260830,1587492577,The Mel K Show,1,1,164,Mel K
20260830,1660317917,Defending Democracy with Marc Elias,1,1,155,Democracy Docket
20260830,1635446643,The Coffee Klatch with Robert Reich,1,1,234,Robert Reich
20260830,1722246285,The Breakdown,1,1,184,Alberto fo sho
20260830,506779862,Lectures in History,1,1,249,C-SPAN
20260830,1147092464,Opening Arguments,1,1,141,Opening Arguments Media LLC
20260830,1695205478,What Really Matters with Walter Russell Mead,1,0,,
20260830,1263295815,The Pete Quiñones Show,1,1,147,Peter R Quiñones
20260830,1728340033,Mission Implausible,1,1,241,Jon Stern
20260830,1636762428,Dad Saves America,1,1,200,John Papola
20260830,1798460240,10 Minute Drill,1,1,103,Matt Whitlock
20260830,1471411980,American Thought Leaders,1,1,163,The Epoch Times
20260830,1714879044,The Tony Kinnett Cast,1,1,102,The Daily Signal
20260830,1579061364,Head in the Office,1,1,150,HITO Media LLC
20260830,1093260018,Slate News,1,1,165,Slate Podcasts
20260830,925428680,Conversations with Bill Kristol,1,0,,
20260830,1462195742,The Al Franken Podcast,1,1,247,The Al Franken Podcast
20260830,1576614213,American Conservative University,1,1,198,American Conservative University
20260830,1467993804,What the Hell Is Going On,1,0,,
20260830,1877144831,Paul Krugman Podcast,1,1,235,Paul Krugman
20260830,1709994511,UNGOVERNED,1,1,135,Shawn Farash
20260830,73329719,KQED's Forum,1,1,113,KQED
20260830,1785081636,The Mary Trump Podcast,1,1,149,Mary Trump Media
20260830,1432118523,The Damage Report with John Iadarola,1,1,96,TYT Network
20260830,791564318,Jacobin Radio,1,1,134,Jacobin
20260830,1843478428,Owen Report,1,1,132,Owen Shroyer
20260830,1531192509,Bad Faith,1,1,129,Briahna Joy Gray
20260830,1702202187,Perino on Politics,1,1,131,FOX News Podcasts
20260830,1568505052,MOATS with George Galloway,1,1,214,Molucca Media Ltd
20260830,380996798,"The Bob Cesca Show | Politics Podcast, News & Commentary",1,1,93,Bob Cesca
20260830,1172546141,The President’s Inbox,1,1,117,Council on Foreign Relations
20260830,1043245989,The Dig,1,1,189,Daniel Denvir
20260830,1535255041,Unf*cking The Republic,1,0,,
20260830,387042247,Washington Today,1,1,169,C-SPAN
20260830,682478916,War on the Rocks,1,1,62,Ryan Evans
20260830,983782306,Federalist Radio Hour,1,1,97,Radio America
20260830,1111319839,The Conversation with Dasha Burns,1,1,242,POLITICO
20260830,1476110521,Useful Idiots with Katie Halper and Aaron Maté,1,0,,
20260830,1549624070,Amarica's Constitution,1,1,166,Akhil Reed Amar
20260830,1289062927,ChinaTalk,1,1,158,Jordan Schneider
20260830,1570380458,The Victor Davis Hanson Show,1,1,187,Victor Davis Hanson and Jack Fowler
20260830,1356662668,Politically Georgia,1,1,128,The Atlanta Journal-Constitution
20260830,1725442221,Hawk Podcasts,1,1,191,Hawk
20260830,1721813926,Bad Hasbara - The World's Most Moral Podcast,1,1,154,Matt Lieb
20260830,1439837349,The Political Orphanage,1,1,210,Andrew Heaton
20260830,1671451793,Maiden Mother Matriarch with Louise Perry,1,1,195,Louise Perry
20260830,1502568407,SGT Report’s The Propaganda Antidote,1,1,125,SGT Report
20260830,1607829807,Mark Kaye Saves The Republic,1,1,218,Kayetriot Media
20260830,545045867,Scott Horton Show - Just the Interviews,1,1,89,Scott Horton
20260830,1317356120,The Peter McCormack Show,1,1,167,Peter McCormack
20260830,1570432345,Firing Line with Margaret Hoover,1,0,,
20260830,1818658022,"Life, Liberty & Levin Podcast",1,0,,
20260830,1634341981,Antiwar News With Dave DeCamp,1,1,202,Dave DeCamp
20260830,474763182,The Globalist,1,1,181,Monocle
20260830,1871628261,The Harry Sisson Show,1,0,,
20260830,1788891712,It's A Numbers Game with Ryan Girdusky,1,1,248,iHeartPodcasts
20260830,1654162813,The Kyle Seraphin Show,1,1,133,Kyle Seraphin
20260830,1480605295,POLITICO Energy,1,1,201,POLITICO
20260830,1648125917,Stay Free with Russell Brand,1,0,,
20260830,1612691018,THE WEEKEND SHOW,1,0,,
20260830,1880163995,The Kyle Kulinski Show,1,1,101,Kyle Kulinski
20260830,1536984072,The Dishcast with Andrew Sullivan,1,0,,
20260830,1309354521,Majority 54,1,0,,
20260830,1362265400,Timcast News,1,1,42,Timcast Media
20260830,1874174561,Hope For America with Heather Delaney Reese,1,0,,
20260830,124960485,"Best of the Left - Leftist Perspectives on Progressive Politics, News, Culture, Economics and Democracy",1,0,,
20260830,1587936366,The Inside Story Podcast,1,0,,
20260830,1594728054,The Great America Show,1,1,196,Fawcett Strategies
20260830,1767877239,No Gods No Mayors,1,1,130,The Office of the Mayor
20260830,1549502623,Cleanup on Aisle 45 with AG & Harry Dunn,1,1,108,MSW Media
20260830,956270301,Rational Security,1,0,,
20260830,1548086514,The Arena,1,0,,
20260830,1155629323,The Reason Roundtable,1,1,109,The Reason Roundtable
20260830,1868807558,Batya!,1,0,,
20260830,1592116227,The Breitbart News Daily Podcast,1,1,193,SiriusXM
20260830,1809246826,The Keith Edwards Show,1,1,238,Keith Edwards
20260830,1060110806,The Nation Podcasts,1,1,171,The Nation Magazine
20260830,702998658,Week In Review,1,0,,
20260830,1493858530,Hood Politics with Prop,1,1,137,Cool Zone Media and iHeartPodcasts
20260830,1485186805,Timothy Gordon Rules for Retrogrades Podcast,1,0,,
20260830,1567204040,The Drill Down with Peter Schweizer,1,1,98,Government Accountability Institute
20260830,1869456664,What's The Plan? with Leah Greenberg and Ezra Levin,1,0,,
20260830,1614844654,Week In Review,1,0,,
20260830,1751785203,Brad vs Everyone,1,0,,
20260830,1599891719,Seattle Nice,1,0,,
20260830,1368074498,The Lars Larson Show Pacific Northwest Podcast,1,1,182,Lars Larson
20260830,1800671132,Destiny,1,1,223,Destiny
20260830,1208232103,The Buck Sexton Show,1,0,,
20260830,1485021241,The Reason Interview With Nick Gillespie,1,1,136,The Reason Interview With Nick Gillespie
20260830,1606834013,The Josh Hammer Show,1,1,175,The Josh Hammer Show
20260830,1714009198,Mea Culpa,1,1,145,Podcast WABCRadio
20260830,1839861250,The Moment with Jorge Ramos and Paola Ramos,1,1,229,iHeartPodcasts
20260830,1449848509,I Don't Speak German,1,0,,
20260830,1633301179,Countdown with Keith Olbermann,1,1,180,iHeartPodcasts
20260830,1482179882,The Mona Charen Show,1,1,170,The Bulwark
20260830,1112258664,Russian Roulette,1,0,,
20260830,1721969693,Politix,1,1,139,Politix
20260830,1351411911,The TPM Show with Josh and Kate,1,1,106,Talking Points Memo
20260830,1212380212,The Five,0,1,28,FOX News Podcasts
20260830,1375568988,TRIGGERnometry,0,1,31,TRIGGERnometry
20260830,1611374685,The Rest Is Politics,0,1,38,Goalhanger
20260830,1493229344,The Dispatch Podcast,0,1,44,The Dispatch
20260830,1788738240,It’s That Part,0,1,47,Jesse Lee Hammonds
20260830,1879498704,Power and Consequences,0,1,68,Third Clumber Productions
20260830,1243130823,The John Kobylt Show,0,1,78,iHeartPodcasts
20260830,159752078,This Morning With Gordon Deal,0,1,79,Compass Media Networks
20260830,1473150244,Americast,0,1,84,BBC News
20260830,1801103648,The Nerd Reich,0,1,85,nerdreich
20260830,1601727251,Central Air,0,1,110,"Josh Barro, Megan McArdle & Ben Dreyfuss"
20260830,1651903715,The Rush Hour With Dave Neal,0,1,111,Dave Neal
20260830,1896805652,NARITAS,0,1,115,Yanis AHMADI
20260830,1769997814,Normally,0,1,116,iHeartPodcasts
20260830,1896897095,Wired In,0,1,121,The Daily Wire
20260830,1835450563,Sources & Methods,0,1,126,NPR
20260830,1552899676,The Luke Beasley Show,0,1,127,Luke Beasley
20260830,563127951,"Law Talk With Epstein, Yoo & Cooke",0,1,138,The Civitas Institute at the University of Texas at Austin
20260830,1530639447,THE OFFICIAL MEA CULPA WITH MICHAEL COHEN ARCHIVE,0,1,140,Audio Up Media
20260830,1573983987,On the Nose,0,1,142,Jewish Currents
20260830,1494037881,Checks and Balance from The Economist,0,1,143,The Economist
20260830,1882760486,Jack Cocchiarella Show,0,1,144,Jack Cocchiarella
20260830,1504048545,The Rachman Review,0,1,146,Financial Times
20260830,1504713161,El hilo,0,1,148,My Cultura and iHeartPodcasts
20260830,1701280578,The Sean Spicer Show,0,1,152,The Sean Spicer Show
20260830,155974141,Common Sense with Dan Carlin,0,1,156,Dan Carlin
20260830,1803015612,All Things with Kim Strassel,0,1,157,The Wall Street Journal
20260830,1665265193,The Rest Is Politics: Leading,0,1,159,Goalhanger
20260830,1605545539,In the Litter Box,0,1,160,Jewels Jones & Catturd
20260830,1893673410,Agitation Nation: A Podcast From The Fenton Forecast,0,1,161,David Fenton
20260830,1485109198,Politix,0,1,162,Politix
20260830,1507832825,Time To Say Goodbye,0,1,168,Time To Say Goodbye
20260830,1327641087,Political Breakdown,0,1,172,KQED
20260830,1195899470,The Takeout with Major Garrett,0,1,173,CBS News
20260830,1643776565,You're Wrong w/ Mollie Hemingway & David Harsanyi,0,1,174,Radio America
20260830,1762436723,Dan Wootton Outspoken,0,1,176,Dan Wootton
20260830,1805502607,The MiddleGround Mic,0,1,177,Joseph Steagall
20260830,863338913,Texas Standard,0,1,178,Texas Standard
20260830,1889550138,The Loren Piretra Show,0,1,179,Loren Piretra
20260830,1696250206,HasanAbi,0,1,183,HasanAbi
20260830,1871531782,Uncertain with DL Hughley,0,1,186,DL Hughley
20260830,1136826256,Election Profit Makers,0,1,190,Jon Kimball & David Rees
20260830,1591300785,Lost Debate,0,1,192,The Branch
20260830,1121407665,Sinica Podcast,0,1,194,Kaiser Kuo
20260830,1400926647,Gaslit Nation,0,1,199,Andrea Chalupa
20260830,1685475850,The Econoclasts,0,1,203,UnHerd
20260830,886656768,The Politics Bar,0,1,204,From The Bunker
20260830,1884144340,Get Angry,0,1,206,"Bryan Andrews, ItsLuke"
20260830,1692381473,The News Agents - USA,0,1,207,Global
20260830,1896561822,NORMAL GAYS Podcast,0,1,208,NORMAL GAYS
20260830,1625856906,不明白播客,0,1,209,袁莉和她的朋友们
20260830,1412905534,The Michael Steele Podcast,0,1,211,Michael Steele
20260830,960814054,The Ricochet Superfeed,0,1,212,Ricochet
20260830,1506676334,Means Morning News,0,1,213,Means Cooperative
20260830,1381291342,If You're Listening,0,1,216,ABC Australia
20260830,517293050,The Pete Kaliner Show,0,1,217,"Pete Kaliner - news, politics, NC"
20260830,1706536336,Political Currency,0,1,220,Persephonica
20260830,1668143992,Texas Minute,0,1,221,Texas Scorecard
20260830,1551827752,The Counsel,0,1,222,CAFE
20260830,1053981528,Economic Update with Richard D. Wolff,0,1,224,"Democracy at Work, Richard D. Wolff"
20260830,1547098165,Krystal Kyle & Friends,0,1,225,Krystal
20260830,1485475085,Stand Up! with Pete Dominick,0,1,226,pete dominick
20260830,1245265763,"Oh God, What Now?",0,1,227,Podmasters
20260830,1857136176,SPN LIVE - The Stew Peters Network,0,1,228,Stew Peters
20260830,1796721454,,0,1,230,
20260830,1843174639,"The Rich Zeoli Podcast: Daily Politics, Culture & Chaos",0,1,231,Rich Zeoli
20260830,1754976617,No BS Newshour with Charlie LeDuff,0,1,232,Charlie LeDuff
20260830,1700432142,RONZHEIMER.,0,1,233,Paul Ronzheimer
20260830,1721382033,Vibes Only,0,1,236,Brian Derrick and Glennis Meagher
20260830,1896591532,Nation States with Yates,0,1,237,iHeartPodcasts
20260830,1644366053,Decoding Fox News,0,1,239,I watch all the Fox News you'd never want to.
20260830,1733640626,,0,1,240,
20260830,1882414469,On the Road with Jonathan Martin,0,1,243,POLITICO
20260830,1450994745,Balance of Power,0,1,244,Bloomberg
20260830,1833272507,Executive Disorder: White House Weekly,0,1,245,Cool Zone Media and iHeartPodcasts
20260830,1562652774,DW News Brief,0,1,246,DW
20260830,1663927350,Multipolarity,0,1,250,Multipolarity
20260831,1192761536,Pod Save America,1,1,1,Pod Save America
20260831,1510240831,The MeidasTouch Podcast,1,1,4,MeidasTouch Network
20260831,1794450472,Bulwark Takes,1,1,9,The Bulwark
20260831,1447684472,The Bulwark Podcast,1,1,2,The Bulwark
20260831,1730358737,Letters from an American,1,1,8,Heather Cox Richardson
20260831,1750591415,Candace,1,1,3,Candace Owens
20260831,1617887885,The President's Daily Brief,1,1,11,The First TV
20260831,1050430296,The New Yorker Radio Hour,1,1,27,WNYC Studios and The New Yorker
20260831,1057255460,The NPR Politics Podcast,1,1,7,NPR
20260831,1865794721,Real Baron Podcast,1,1,25,Baron Coleman
20260831,1495601614,Verdict with Ted Cruz,1,1,26,iHeartPodcasts
20260831,1645614328,Fast Politics with Molly Jong-Fast,1,1,24,iHeartPodcasts
20260831,1640311112,The Necessary Conversation,1,1,36,The Necessary Conversation
20260831,1647085571,The Next Level,1,1,15,The Bulwark
20260831,1258635512,Radio Atlantic,1,1,30,The Atlantic
20260831,268213039,The Political Scene | The New Yorker,1,1,20,The New Yorker
20260831,1535384390,Ruthless Podcast,1,1,12,"Josh Holmes, Comfortably Smug, Michael Duncan and John Ashbrook"
20260831,1408796715,Runaway Country with Alex Wagner,1,1,40,Runaway Country with Alex Wagner
20260831,1774505095,Raging Moderates with Scott Galloway and Jessica Tarlov,1,1,13,Vox Media Podcast Network
20260831,1570045623,Breaking Points with Krystal and Saagar,1,1,6,iHeartPodcasts
20260831,1317481380,UnJustified,1,1,119,MSW Media
20260831,73330715,On the Media,1,1,33,WNYC Studios
20260831,1200016351,Pod Save the World,1,1,5,Pod Save the World
20260831,1692806415,The Briefing with Jen Psaki,1,1,14,"MS NOW, Jen Psaki"
20260831,1551206847,#SistersInLaw,1,1,45,Politicon
20260831,1485351658,Bannon`s War Room,1,1,21,WarRoom.org
20260831,1507444393,X22 Report,1,1,32,X22 Report
20260831,1314170606,All In with Chris Hayes,1,1,16,"MS NOW, Chris Hayes"
20260831,1795032531,The Jim Acosta Show,1,1,50,Jim Acosta
20260831,1367201919,Deadline: White House,1,1,10,"Nicolle Wallace, MS NOW"
20260831,75462585,NBC Nightly News with Tom Llamas,1,1,43,NBC News
20260831,1674095262,The Wright Report,1,1,34,Bryan Dean Wright
20260831,1456045551,Talking Feds,1,1,56,Harry Litman
20260831,1876034889,Breaking News from Pod Save America,1,1,48,Crooked Media
20260831,1551582052,The Lincoln Project,1,1,69,The Lincoln Project
20260831,158004641,Political Gabfest,1,1,99,Slate Podcasts
20260831,1303660358,The Fox News Rundown,1,1,51,FOX News Podcasts
20260831,1743030473,The Rest Is Politics: US,1,1,29,Goalhanger
20260831,1490993194,Advisory Opinions,1,1,35,The Dispatch
20260831,1586423406,The Focus Group Podcast,1,1,114,The Bulwark
20260831,91959525,This Week with George Stephanopoulos,1,1,153,ABC News
20260831,1529346075,Impolitic with John Heilemann,1,1,92,Audacy | Puck
20260831,1515399733,No Lie with Brian Tyler Cohen,1,1,83,Brian Tyler Cohen
20260831,1169056746,The Playbook Podcast,1,1,53,POLITICO
20260831,1495251160,John Solomon Reports,1,1,60,John Solomon
20260831,1549272440,The Daily Punch,1,1,63,Punchbowl News
20260831,1291144720,The Remnant with Jonah Goldberg,1,1,54,The Dispatch
20260831,1725387804,The Illegal News with Sarah Longwell,1,1,124,The Bulwark
20260831,1810218232,Next Up with Mark Halperin,1,1,59,MK Media
20260831,78911087,Face the Nation with Margaret Brennan,1,1,197,CBS News
20260831,597919007,The Young Turks,1,1,46,TYT Network
20260831,1314368109,The 11th Hour with Ali Velshi,1,1,41,"MS NOW, Ali Velshi"
20260831,1536169792,Talkin‘ Politics & Religion Without Killin‘ Each Other,1,1,88,"Scan Media, LLC"
20260831,929121341,Louder with Crowder,1,1,18,Louder with Crowder
20260831,1386375601,The Ben Ferguson Podcast,1,1,75,iHeartPodcasts
20260831,1818418128,Pod Force One,1,1,104,New York Post
20260831,402050558,The David Pakman Show,1,1,37,David Pakman
20260831,219258773,Brian Kilmeade Show,1,1,70,FOX News Podcasts
20260831,1265845136,Stay Tuned with Preet,1,1,19,Preet Bharara
20260831,1474001390,TRUE ANON TRUTH FEED,1,1,71,TrueAnon
20260831,1506127536,Making the Argument with Nick Freitas,1,1,52,Nick Freitas
20260831,1681586867,The Warning with Steve Schmidt,1,1,64,iHeartPodcasts
20260831,1873028393,Politics Chat,1,1,58,Heather Cox Richardson
20260831,1679657705,Main Justice,1,1,22,"MS NOW, Andrew Weissmann, Mary McCord"
20260831,1138657182,Liberty Lockdown,1,1,91,Clint Russell
20260831,402306412,The Majority Report with Sam Seder,1,1,49,Sam Seder
20260831,1364113251,The Beat with Ari Melber,1,1,39,"Ari Melber, MS NOW"
20260831,354628391,Renegade Talk Radio,1,1,94,Renegade Talk Radio
20260831,1595408601,The PoliticsGirl Podcast,1,0,,
20260831,1467297559,Hacks On Tap,1,1,17,Vox Media
20260831,1728152109,THE DAILY BLAST with Greg Sargent,1,1,23,Greg Sargent
20260831,1484862164,Politics War Room with James Carville & Al Hunt,1,1,55,Politicon
20260831,1452065072,Newt's World,1,1,185,Gingrich 360
20260831,1790957194,The 47 Morning Update with Ben Ferguson,1,1,80,iHeartPodcasts
20260831,1462703434,Know Your Enemy,1,1,123,Matthew Sitman
20260831,1886801652,Sidebar with Katie Phang,1,0,,
20260831,1584730781,The Benny Show,1,1,66,Benny Johnson
20260831,1517313007,The Hugh Hewitt Show: Highly Concentrated,1,1,57,Salem Podcast Network
20260831,1441649707,Straight White American Jesus,1,1,100,Bradley Onishi + Daniel Miller
20260831,1195206601,The Intercept Briefing,1,1,219,The Intercept
20260831,1538788132,Tangle,1,1,67,Isaac Saul
20260831,1294461271,GZERO World with Ian Bremmer,1,1,205,GZERO Media
20260831,1585243541,Human Events Daily with Jack Posobiec,1,1,120,Human Events with Jack Posobiec
20260831,1253076699,The Michael Berry Show,1,1,76,KTRH (KTRH-AM)
20260831,1635418897,The Chris Cuomo Project,1,1,81,Chris Cuomo
20260831,969924303,The Skepticrat,1,0,,
20260831,1623855270,The Foreign Affairs Interview,1,1,82,Foreign Affairs Magazine
20260831,73331636,The Brian Lehrer Show,1,1,77,WNYC
20260831,1822142909,Glenn Diesen - Greater Eurasia Podcast,1,1,107,Glenn Diesen
20260831,1072469956,Fox Across America w/ Jimmy Failla,1,1,90,FOX News Podcasts
20260831,1218054701,Rev Left Radio,1,1,122,Revolutionary Left Radio
20260831,1456850698,The Graham Allen Show,1,1,112,Graham Allen
20260831,1805186512,Going Rogue with Lara Logan,1,1,118,Lara Logan
20260831,1509826894,RealClearPolitics Podcast,1,1,73,"RealClearPolitics, Carl Cannon, Tom Bevan"
20260831,716825890,The Tom Woods Show,1,1,95,Tom Woods
20260831,1820648828,The Joy Reid Show,1,1,105,Joy-Ann Reid
20260831,1889705401,Nobody Knows Anything,1,0,,
20260831,1573813504,The Smerconish Podcast,1,1,72,SiriusXM
20260831,1696974077,The Source with Kaitlan Collins,1,1,61,CNN Podcasts
20260831,1574741668,American Prestige,1,1,151,Daniel Bessner & Derek Davison
20260831,1669610956,System Update with Glenn Greenwald,1,1,188,Rumble
20260831,1548554104,Volts,1,1,86,David Roberts
20260831,1647025876,Wendy Bell Radio Podcast,1,1,87,Wendy Bell
20260831,1378389941,Uncommon Knowledge,1,1,74,Hoover Institution
20260831,1896576050,Brian Tyler Cohen,1,1,215,Brian Tyler Cohen Network
20260831,1715894000,Trump's Terms,1,1,65,NPR
20260831,1587492577,The Mel K Show,1,1,164,Mel K
20260831,1660317917,Defending Democracy with Marc Elias,1,1,155,Democracy Docket
20260831,1635446643,The Coffee Klatch with Robert Reich,1,1,234,Robert Reich
20260831,1722246285,The Breakdown,1,1,184,Alberto fo sho
20260831,506779862,Lectures in History,1,1,249,C-SPAN
20260831,1147092464,Opening Arguments,1,1,141,Opening Arguments Media LLC
20260831,1695205478,What Really Matters with Walter Russell Mead,1,0,,
20260831,1263295815,The Pete Quiñones Show,1,1,147,Peter R Quiñones
20260831,1728340033,Mission Implausible,1,1,241,Jon Stern
20260831,1636762428,Dad Saves America,1,1,200,John Papola
20260831,1798460240,10 Minute Drill,1,1,103,Matt Whitlock
20260831,1471411980,American Thought Leaders,1,1,163,The Epoch Times
20260831,1714879044,The Tony Kinnett Cast,1,1,102,The Daily Signal
20260831,1579061364,Head in the Office,1,1,150,HITO Media LLC
20260831,1093260018,Slate News,1,1,165,Slate Podcasts
20260831,925428680,Conversations with Bill Kristol,1,0,,
20260831,1462195742,The Al Franken Podcast,1,1,247,The Al Franken Podcast
20260831,1576614213,American Conservative University,1,1,198,American Conservative University
20260831,1467993804,What the Hell Is Going On,1,0,,
20260831,1877144831,Paul Krugman Podcast,1,1,235,Paul Krugman
20260831,1709994511,UNGOVERNED,1,1,135,Shawn Farash
20260831,73329719,KQED's Forum,1,1,113,KQED
20260831,1785081636,The Mary Trump Podcast,1,1,149,Mary Trump Media
20260831,1432118523,The Damage Report with John Iadarola,1,1,96,TYT Network
20260831,791564318,Jacobin Radio,1,1,134,Jacobin
20260831,1843478428,Owen Report,1,1,132,Owen Shroyer
20260831,1531192509,Bad Faith,1,1,129,Briahna Joy Gray
20260831,1702202187,Perino on Politics,1,1,131,FOX News Podcasts
20260831,1568505052,MOATS with George Galloway,1,1,214,Molucca Media Ltd
20260831,380996798,"The Bob Cesca Show | Politics Podcast, News & Commentary",1,1,93,Bob Cesca
20260831,1172546141,The President’s Inbox,1,1,117,Council on Foreign Relations
20260831,1043245989,The Dig,1,1,189,Daniel Denvir
20260831,1535255041,Unf*cking The Republic,1,0,,
20260831,387042247,Washington Today,1,1,169,C-SPAN
20260831,682478916,War on the Rocks,1,1,62,Ryan Evans
20260831,983782306,Federalist Radio Hour,1,1,97,Radio America
20260831,1111319839,The Conversation with Dasha Burns,1,1,242,POLITICO
20260831,1476110521,Useful Idiots with Katie Halper and Aaron Maté,1,0,,
20260831,1549624070,Amarica's Constitution,1,1,166,Akhil Reed Amar
20260831,1289062927,ChinaTalk,1,1,158,Jordan Schneider
20260831,1570380458,The Victor Davis Hanson Show,1,1,187,Victor Davis Hanson and Jack Fowler
20260831,1356662668,Politically Georgia,1,1,128,The Atlanta Journal-Constitution
20260831,1725442221,Hawk Podcasts,1,1,191,Hawk
20260831,1721813926,Bad Hasbara - The World's Most Moral Podcast,1,1,154,Matt Lieb
20260831,1439837349,The Political Orphanage,1,1,210,Andrew Heaton
20260831,1671451793,Maiden Mother Matriarch with Louise Perry,1,1,195,Louise Perry
20260831,1502568407,SGT Report’s The Propaganda Antidote,1,1,125,SGT Report
20260831,1607829807,Mark Kaye Saves The Republic,1,1,218,Kayetriot Media
20260831,545045867,Scott Horton Show - Just the Interviews,1,1,89,Scott Horton
20260831,1317356120,The Peter McCormack Show,1,1,167,Peter McCormack
20260831,1570432345,Firing Line with Margaret Hoover,1,0,,
20260831,1818658022,"Life, Liberty & Levin Podcast",1,0,,
20260831,1634341981,Antiwar News With Dave DeCamp,1,1,202,Dave DeCamp
20260831,474763182,The Globalist,1,1,181,Monocle
20260831,1871628261,The Harry Sisson Show,1,0,,
20260831,1788891712,It's A Numbers Game with Ryan Girdusky,1,1,248,iHeartPodcasts
20260831,1654162813,The Kyle Seraphin Show,1,1,133,Kyle Seraphin
20260831,1480605295,POLITICO Energy,1,1,201,POLITICO
20260831,1648125917,Stay Free with Russell Brand,1,0,,
20260831,1612691018,THE WEEKEND SHOW,1,0,,
20260831,1880163995,The Kyle Kulinski Show,1,1,101,Kyle Kulinski
20260831,1536984072,The Dishcast with Andrew Sullivan,1,0,,
20260831,1309354521,Majority 54,1,0,,
20260831,1362265400,Timcast News,1,1,42,Timcast Media
20260831,1874174561,Hope For America with Heather Delaney Reese,1,0,,
20260831,124960485,"Best of the Left - Leftist Perspectives on Progressive Politics, News, Culture, Economics and Democracy",1,0,,
20260831,1587936366,The Inside Story Podcast,1,0,,
20260831,1594728054,The Great America Show,1,1,196,Fawcett Strategies
20260831,1767877239,No Gods No Mayors,1,1,130,The Office of the Mayor
20260831,1549502623,Cleanup on Aisle 45 with AG & Harry Dunn,1,1,108,MSW Media
20260831,956270301,Rational Security,1,0,,
20260831,1548086514,The Arena,1,0,,
20260831,1155629323,The Reason Roundtable,1,1,109,The Reason Roundtable
20260831,1868807558,Batya!,1,0,,
20260831,1592116227,The Breitbart News Daily Podcast,1,1,193,SiriusXM
20260831,1809246826,The Keith Edwards Show,1,1,238,Keith Edwards
20260831,1060110806,The Nation Podcasts,1,1,171,The Nation Magazine
20260831,702998658,Week In Review,1,0,,
20260831,1493858530,Hood Politics with Prop,1,1,137,Cool Zone Media and iHeartPodcasts
20260831,1485186805,Timothy Gordon Rules for Retrogrades Podcast,1,0,,
20260831,1567204040,The Drill Down with Peter Schweizer,1,1,98,Government Accountability Institute
20260831,1869456664,What's The Plan? with Leah Greenberg and Ezra Levin,1,0,,
20260831,1614844654,Week In Review,1,0,,
20260831,1751785203,Brad vs Everyone,1,0,,
20260831,1599891719,Seattle Nice,1,0,,
20260831,1368074498,The Lars Larson Show Pacific Northwest Podcast,1,1,182,Lars Larson
20260831,1800671132,Destiny,1,1,223,Destiny
20260831,1208232103,The Buck Sexton Show,1,0,,
20260831,1485021241,The Reason Interview With Nick Gillespie,1,1,136,The Reason Interview With Nick Gillespie
20260831,1606834013,The Josh Hammer Show,1,1,175,The Josh Hammer Show
20260831,1714009198,Mea Culpa,1,1,145,Podcast WABCRadio
20260831,1839861250,The Moment with Jorge Ramos and Paola Ramos,1,1,229,iHeartPodcasts
20260831,1449848509,I Don't Speak German,1,0,,
20260831,1633301179,Countdown with Keith Olbermann,1,1,180,iHeartPodcasts
20260831,1482179882,The Mona Charen Show,1,1,170,The Bulwark
20260831,1112258664,Russian Roulette,1,0,,
20260831,1721969693,Politix,1,1,139,Politix
20260831,1351411911,The TPM Show with Josh and Kate,1,1,106,Talking Points Memo
20260831,1212380212,The Five,0,1,28,FOX News Podcasts
20260831,1375568988,TRIGGERnometry,0,1,31,TRIGGERnometry
20260831,1611374685,The Rest Is Politics,0,1,38,Goalhanger
20260831,1493229344,The Dispatch Podcast,0,1,44,The Dispatch
20260831,1788738240,It’s That Part,0,1,47,Jesse Lee Hammonds
20260831,1879498704,Power and Consequences,0,1,68,Third Clumber Productions
20260831,1243130823,The John Kobylt Show,0,1,78,iHeartPodcasts
20260831,159752078,This Morning With Gordon Deal,0,1,79,Compass Media Networks
20260831,1473150244,Americast,0,1,84,BBC News
20260831,1801103648,The Nerd Reich,0,1,85,nerdreich
20260831,1601727251,Central Air,0,1,110,"Josh Barro, Megan McArdle & Ben Dreyfuss"
20260831,1651903715,The Rush Hour With Dave Neal,0,1,111,Dave Neal
20260831,1896805652,NARITAS,0,1,115,Yanis AHMADI
20260831,1769997814,Normally,0,1,116,iHeartPodcasts
20260831,1896897095,Wired In,0,1,121,The Daily Wire
20260831,1835450563,Sources & Methods,0,1,126,NPR
20260831,1552899676,The Luke Beasley Show,0,1,127,Luke Beasley
20260831,563127951,"Law Talk With Epstein, Yoo & Cooke",0,1,138,The Civitas Institute at the University of Texas at Austin
20260831,1530639447,THE OFFICIAL MEA CULPA WITH MICHAEL COHEN ARCHIVE,0,1,140,Audio Up Media
20260831,1573983987,On the Nose,0,1,142,Jewish Currents
20260831,1494037881,Checks and Balance from The Economist,0,1,143,The Economist
20260831,1882760486,Jack Cocchiarella Show,0,1,144,Jack Cocchiarella
20260831,1504048545,The Rachman Review,0,1,146,Financial Times
20260831,1504713161,El hilo,0,1,148,My Cultura and iHeartPodcasts
20260831,1701280578,The Sean Spicer Show,0,1,152,The Sean Spicer Show
20260831,155974141,Common Sense with Dan Carlin,0,1,156,Dan Carlin
20260831,1803015612,All Things with Kim Strassel,0,1,157,The Wall Street Journal
20260831,1665265193,The Rest Is Politics: Leading,0,1,159,Goalhanger
20260831,1605545539,In the Litter Box,0,1,160,Jewels Jones & Catturd
20260831,1893673410,Agitation Nation: A Podcast From The Fenton Forecast,0,1,161,David Fenton
20260831,1485109198,Politix,0,1,162,Politix
20260831,1507832825,Time To Say Goodbye,0,1,168,Time To Say Goodbye
20260831,1327641087,Political Breakdown,0,1,172,KQED
20260831,1195899470,The Takeout with Major Garrett,0,1,173,CBS News
20260831,1643776565,You're Wrong w/ Mollie Hemingway & David Harsanyi,0,1,174,Radio America
20260831,1762436723,Dan Wootton Outspoken,0,1,176,Dan Wootton
20260831,1805502607,The MiddleGround Mic,0,1,177,Joseph Steagall
20260831,863338913,Texas Standard,0,1,178,Texas Standard
20260831,1889550138,The Loren Piretra Show,0,1,179,Loren Piretra
20260831,1696250206,HasanAbi,0,1,183,HasanAbi
20260831,1871531782,Uncertain with DL Hughley,0,1,186,DL Hughley
20260831,1136826256,Election Profit Makers,0,1,190,Jon Kimball & David Rees
20260831,1591300785,Lost Debate,0,1,192,The Branch
20260831,1121407665,Sinica Podcast,0,1,194,Kaiser Kuo
20260831,1400926647,Gaslit Nation,0,1,199,Andrea Chalupa
20260831,1685475850,The Econoclasts,0,1,203,UnHerd
20260831,886656768,The Politics Bar,0,1,204,From The Bunker
20260831,1884144340,Get Angry,0,1,206,"Bryan Andrews, ItsLuke"
20260831,1692381473,The News Agents - USA,0,1,207,Global
20260831,1896561822,NORMAL GAYS Podcast,0,1,208,NORMAL GAYS
20260831,1625856906,不明白播客,0,1,209,袁莉和她的朋友们
20260831,1412905534,The Michael Steele Podcast,0,1,211,Michael Steele
20260831,960814054,The Ricochet Superfeed,0,1,212,Ricochet
20260831,1506676334,Means Morning News,0,1,213,Means Cooperative
20260831,1381291342,If You're Listening,0,1,216,ABC Australia
20260831,517293050,The Pete Kaliner Show,0,1,217,"Pete Kaliner - news, politics, NC"
20260831,1706536336,Political Currency,0,1,220,Persephonica
20260831,1668143992,Texas Minute,0,1,221,Texas Scorecard
20260831,1551827752,The Counsel,0,1,222,CAFE
20260831,1053981528,Economic Update with Richard D. Wolff,0,1,224,"Democracy at Work, Richard D. Wolff"
20260831,1547098165,Krystal Kyle & Friends,0,1,225,Krystal
20260831,1485475085,Stand Up! with Pete Dominick,0,1,226,pete dominick
20260831,1245265763,"Oh God, What Now?",0,1,227,Podmasters
20260831,1857136176,SPN LIVE - The Stew Peters Network,0,1,228,Stew Peters
20260831,1796721454,,0,1,230,
20260831,1843174639,"The Rich Zeoli Podcast: Daily Politics, Culture & Chaos",0,1,231,Rich Zeoli
20260831,1754976617,No BS Newshour with Charlie LeDuff,0,1,232,Charlie LeDuff
20260831,1700432142,RONZHEIMER.,0,1,233,Paul Ronzheimer
20260831,1721382033,Vibes Only,0,1,236,Brian Derrick and Glennis Meagher
20260831,1896591532,Nation States with Yates,0,1,237,iHeartPodcasts
20260831,1644366053,Decoding Fox News,0,1,239,I watch all the Fox News you'd never want to.
20260831,1733640626,,0,1,240,
20260831,1882414469,On the Road with Jonathan Martin,0,1,243,POLITICO
20260831,1450994745,Balance of Power,0,1,244,Bloomberg
20260831,1833272507,Executive Disorder: White House Weekly,0,1,245,Cool Zone Media and iHeartPodcasts
20260831,1562652774,DW News Brief,0,1,246,DW
20260831,1663927350,Multipolarity,0,1,250,Multipolarity
20260901,1192761536,Pod Save America,1,1,1,Pod Save America
20260901,1510240831,The MeidasTouch Podcast,1,1,4,MeidasTouch Network
20260901,1794450472,Bulwark Takes,1,1,9,The Bulwark
20260901,1447684472,The Bulwark Podcast,1,1,2,The Bulwark
20260901,1730358737,Letters from an American,1,1,8,Heather Cox Richardson
20260901,1750591415,Candace,1,1,3,Candace Owens
20260901,1617887885,The President's Daily Brief,1,1,11,The First TV
20260901,1050430296,The New Yorker Radio Hour,1,1,27,WNYC Studios and The New Yorker
20260901,1057255460,The NPR Politics Podcast,1,1,7,NPR
20260901,1865794721,Real Baron Podcast,1,1,25,Baron Coleman
20260901,1495601614,Verdict with Ted Cruz,1,1,26,iHeartPodcasts
20260901,1645614328,Fast Politics with Molly Jong-Fast,1,1,24,iHeartPodcasts
20260901,1640311112,The Necessary Conversation,1,1,36,The Necessary Conversation
20260901,1647085571,The Next Level,1,1,15,The Bulwark
20260901,1258635512,Radio Atlantic,1,1,30,The Atlantic
20260901,268213039,The Political Scene | The New Yorker,1,1,20,The New Yorker
20260901,1535384390,Ruthless Podcast,1,1,12,"Josh Holmes, Comfortably Smug, Michael Duncan and John Ashbrook"
20260901,1408796715,Runaway Country with Alex Wagner,1,1,40,Runaway Country with Alex Wagner
20260901,1774505095,Raging Moderates with Scott Galloway and Jessica Tarlov,1,1,13,Vox Media Podcast Network
20260901,1570045623,Breaking Points with Krystal and Saagar,1,1,6,iHeartPodcasts
20260901,1317481380,UnJustified,1,1,119,MSW Media
20260901,73330715,On the Media,1,1,33,WNYC Studios
20260901,1200016351,Pod Save the World,1,1,5,Pod Save the World
20260901,1692806415,The Briefing with Jen Psaki,1,1,14,"MS NOW, Jen Psaki"
20260901,1551206847,#SistersInLaw,1,1,45,Politicon
20260901,1485351658,Bannon`s War Room,1,1,21,WarRoom.org
20260901,1507444393,X22 Report,1,1,32,X22 Report
20260901,1314170606,All In with Chris Hayes,1,1,16,"MS NOW, Chris Hayes"
20260901,1795032531,The Jim Acosta Show,1,1,50,Jim Acosta
20260901,1367201919,Deadline: White House,1,1,10,"Nicolle Wallace, MS NOW"
20260901,75462585,NBC Nightly News with Tom Llamas,1,1,43,NBC News
20260901,1674095262,The Wright Report,1,1,34,Bryan Dean Wright
20260901,1456045551,Talking Feds,1,1,56,Harry Litman
20260901,1876034889,Breaking News from Pod Save America,1,1,48,Crooked Media
20260901,1551582052,The Lincoln Project,1,1,69,The Lincoln Project
20260901,158004641,Political Gabfest,1,1,99,Slate Podcasts
20260901,1303660358,The Fox News Rundown,1,1,51,FOX News Podcasts
20260901,1743030473,The Rest Is Politics: US,1,1,29,Goalhanger
20260901,1490993194,Advisory Opinions,1,1,35,The Dispatch
20260901,1586423406,The Focus Group Podcast,1,1,114,The Bulwark
20260901,91959525,This Week with George Stephanopoulos,1,1,153,ABC News
20260901,1529346075,Impolitic with John Heilemann,1,1,92,Audacy | Puck
20260901,1515399733,No Lie with Brian Tyler Cohen,1,1,83,Brian Tyler Cohen
20260901,1169056746,The Playbook Podcast,1,1,53,POLITICO
20260901,1495251160,John Solomon Reports,1,1,60,John Solomon
20260901,1549272440,The Daily Punch,1,1,63,Punchbowl News
20260901,1291144720,The Remnant with Jonah Goldberg,1,1,54,The Dispatch
20260901,1725387804,The Illegal News with Sarah Longwell,1,1,124,The Bulwark
20260901,1810218232,Next Up with Mark Halperin,1,1,59,MK Media
20260901,78911087,Face the Nation with Margaret Brennan,1,1,197,CBS News
20260901,597919007,The Young Turks,1,1,46,TYT Network
20260901,1314368109,The 11th Hour with Ali Velshi,1,1,41,"MS NOW, Ali Velshi"
20260901,1536169792,Talkin‘ Politics & Religion Without Killin‘ Each Other,1,1,88,"Scan Media, LLC"
20260901,929121341,Louder with Crowder,1,1,18,Louder with Crowder
20260901,1386375601,The Ben Ferguson Podcast,1,1,75,iHeartPodcasts
20260901,1818418128,Pod Force One,1,1,104,New York Post
20260901,402050558,The David Pakman Show,1,1,37,David Pakman
20260901,219258773,Brian Kilmeade Show,1,1,70,FOX News Podcasts
20260901,1265845136,Stay Tuned with Preet,1,1,19,Preet Bharara
20260901,1474001390,TRUE ANON TRUTH FEED,1,1,71,TrueAnon
20260901,1506127536,Making the Argument with Nick Freitas,1,1,52,Nick Freitas
20260901,1681586867,The Warning with Steve Schmidt,1,1,64,iHeartPodcasts
20260901,1873028393,Politics Chat,1,1,58,Heather Cox Richardson
20260901,1679657705,Main Justice,1,1,22,"MS NOW, Andrew Weissmann, Mary McCord"
20260901,1138657182,Liberty Lockdown,1,1,91,Clint Russell
20260901,402306412,The Majority Report with Sam Seder,1,1,49,Sam Seder
20260901,1364113251,The Beat with Ari Melber,1,1,39,"Ari Melber, MS NOW"
20260901,354628391,Renegade Talk Radio,1,1,94,Renegade Talk Radio
20260901,1595408601,The PoliticsGirl Podcast,1,0,,
20260901,1467297559,Hacks On Tap,1,1,17,Vox Media
20260901,1728152109,THE DAILY BLAST with Greg Sargent,1,1,23,Greg Sargent
20260901,1484862164,Politics War Room with James Carville & Al Hunt,1,1,55,Politicon
20260901,1452065072,Newt's World,1,1,185,Gingrich 360
20260901,1790957194,The 47 Morning Update with Ben Ferguson,1,1,80,iHeartPodcasts
20260901,1462703434,Know Your Enemy,1,1,123,Matthew Sitman
20260901,1886801652,Sidebar with Katie Phang,1,0,,
20260901,1584730781,The Benny Show,1,1,66,Benny Johnson
20260901,1517313007,The Hugh Hewitt Show: Highly Concentrated,1,1,57,Salem Podcast Network
20260901,1441649707,Straight White American Jesus,1,1,100,Bradley Onishi + Daniel Miller
20260901,1195206601,The Intercept Briefing,1,1,219,The Intercept
20260901,1538788132,Tangle,1,1,67,Isaac Saul
20260901,1294461271,GZERO World with Ian Bremmer,1,1,205,GZERO Media
20260901,1585243541,Human Events Daily with Jack Posobiec,1,1,120,Human Events with Jack Posobiec
20260901,1253076699,The Michael Berry Show,1,1,76,KTRH (KTRH-AM)
20260901,1635418897,The Chris Cuomo Project,1,1,81,Chris Cuomo
20260901,969924303,The Skepticrat,1,0,,
20260901,1623855270,The Foreign Affairs Interview,1,1,82,Foreign Affairs Magazine
20260901,73331636,The Brian Lehrer Show,1,1,77,WNYC
20260901,1822142909,Glenn Diesen - Greater Eurasia Podcast,1,1,107,Glenn Diesen
20260901,1072469956,Fox Across America w/ Jimmy Failla,1,1,90,FOX News Podcasts
20260901,1218054701,Rev Left Radio,1,1,122,Revolutionary Left Radio
20260901,1456850698,The Graham Allen Show,1,1,112,Graham Allen
20260901,1805186512,Going Rogue with Lara Logan,1,1,118,Lara Logan
20260901,1509826894,RealClearPolitics Podcast,1,1,73,"RealClearPolitics, Carl Cannon, Tom Bevan"
20260901,716825890,The Tom Woods Show,1,1,95,Tom Woods
20260901,1820648828,The Joy Reid Show,1,1,105,Joy-Ann Reid
20260901,1889705401,Nobody Knows Anything,1,0,,
20260901,1573813504,The Smerconish Podcast,1,1,72,SiriusXM
20260901,1696974077,The Source with Kaitlan Collins,1,1,61,CNN Podcasts
20260901,1574741668,American Prestige,1,1,151,Daniel Bessner & Derek Davison
20260901,1669610956,System Update with Glenn Greenwald,1,1,188,Rumble
20260901,1548554104,Volts,1,1,86,David Roberts
20260901,1647025876,Wendy Bell Radio Podcast,1,1,87,Wendy Bell
20260901,1378389941,Uncommon Knowledge,1,1,74,Hoover Institution
20260901,1896576050,Brian Tyler Cohen,1,1,215,Brian Tyler Cohen Network
20260901,1715894000,Trump's Terms,1,1,65,NPR
20260901,1587492577,The Mel K Show,1,1,164,Mel K
20260901,1660317917,Defending Democracy with Marc Elias,1,1,155,Democracy Docket
20260901,1635446643,The Coffee Klatch with Robert Reich,1,1,234,Robert Reich
20260901,1722246285,The Breakdown,1,1,184,Alberto fo sho
20260901,506779862,Lectures in History,1,1,249,C-SPAN
20260901,1147092464,Opening Arguments,1,1,141,Opening Arguments Media LLC
20260901,1695205478,What Really Matters with Walter Russell Mead,1,0,,
20260901,1263295815,The Pete Quiñones Show,1,1,147,Peter R Quiñones
20260901,1728340033,Mission Implausible,1,1,241,Jon Stern
20260901,1636762428,Dad Saves America,1,1,200,John Papola
20260901,1798460240,10 Minute Drill,1,1,103,Matt Whitlock
20260901,1471411980,American Thought Leaders,1,1,163,The Epoch Times
20260901,1714879044,The Tony Kinnett Cast,1,1,102,The Daily Signal
20260901,1579061364,Head in the Office,1,1,150,HITO Media LLC
20260901,1093260018,Slate News,1,1,165,Slate Podcasts
20260901,925428680,Conversations with Bill Kristol,1,0,,
20260901,1462195742,The Al Franken Podcast,1,1,247,The Al Franken Podcast
20260901,1576614213,American Conservative University,1,1,198,American Conservative University
20260901,1467993804,What the Hell Is Going On,1,0,,
20260901,1877144831,Paul Krugman Podcast,1,1,235,Paul Krugman
20260901,1709994511,UNGOVERNED,1,1,135,Shawn Farash
20260901,73329719,KQED's Forum,1,1,113,KQED
20260901,1785081636,The Mary Trump Podcast,1,1,149,Mary Trump Media
20260901,1432118523,The Damage Report with John Iadarola,1,1,96,TYT Network
20260901,791564318,Jacobin Radio,1,1,134,Jacobin
20260901,1843478428,Owen Report,1,1,132,Owen Shroyer
20260901,1531192509,Bad Faith,1,1,129,Briahna Joy Gray
20260901,1702202187,Perino on Politics,1,1,131,FOX News Podcasts
20260901,1568505052,MOATS with George Galloway,1,1,214,Molucca Media Ltd
20260901,380996798,"The Bob Cesca Show | Politics Podcast, News & Commentary",1,1,93,Bob Cesca
20260901,1172546141,The President’s Inbox,1,1,117,Council on Foreign Relations
20260901,1043245989,The Dig,1,1,189,Daniel Denvir
20260901,1535255041,Unf*cking The Republic,1,0,,
20260901,387042247,Washington Today,1,1,169,C-SPAN
20260901,682478916,War on the Rocks,1,1,62,Ryan Evans
20260901,983782306,Federalist Radio Hour,1,1,97,Radio America
20260901,1111319839,The Conversation with Dasha Burns,1,1,242,POLITICO
20260901,1476110521,Useful Idiots with Katie Halper and Aaron Maté,1,0,,
20260901,1549624070,Amarica's Constitution,1,1,166,Akhil Reed Amar
20260901,1289062927,ChinaTalk,1,1,158,Jordan Schneider
20260901,1570380458,The Victor Davis Hanson Show,1,1,187,Victor Davis Hanson and Jack Fowler
20260901,1356662668,Politically Georgia,1,1,128,The Atlanta Journal-Constitution
20260901,1725442221,Hawk Podcasts,1,1,191,Hawk
20260901,1721813926,Bad Hasbara - The World's Most Moral Podcast,1,1,154,Matt Lieb
20260901,1439837349,The Political Orphanage,1,1,210,Andrew Heaton
20260901,1671451793,Maiden Mother Matriarch with Louise Perry,1,1,195,Louise Perry
20260901,1502568407,SGT Report’s The Propaganda Antidote,1,1,125,SGT Report
20260901,1607829807,Mark Kaye Saves The Republic,1,1,218,Kayetriot Media
20260901,545045867,Scott Horton Show - Just the Interviews,1,1,89,Scott Horton
20260901,1317356120,The Peter McCormack Show,1,1,167,Peter McCormack
20260901,1570432345,Firing Line with Margaret Hoover,1,0,,
20260901,1818658022,"Life, Liberty & Levin Podcast",1,0,,
20260901,1634341981,Antiwar News With Dave DeCamp,1,1,202,Dave DeCamp
20260901,474763182,The Globalist,1,1,181,Monocle
20260901,1871628261,The Harry Sisson Show,1,0,,
20260901,1788891712,It's A Numbers Game with Ryan Girdusky,1,1,248,iHeartPodcasts
20260901,1654162813,The Kyle Seraphin Show,1,1,133,Kyle Seraphin
20260901,1480605295,POLITICO Energy,1,1,201,POLITICO
20260901,1648125917,Stay Free with Russell Brand,1,0,,
20260901,1612691018,THE WEEKEND SHOW,1,0,,
20260901,1880163995,The Kyle Kulinski Show,1,1,101,Kyle Kulinski
20260901,1536984072,The Dishcast with Andrew Sullivan,1,0,,
20260901,1309354521,Majority 54,1,0,,
20260901,1362265400,Timcast News,1,1,42,Timcast Media
20260901,1874174561,Hope For America with Heather Delaney Reese,1,0,,
20260901,124960485,"Best of the Left - Leftist Perspectives on Progressive Politics, News, Culture, Economics and Democracy",1,0,,
20260901,1587936366,The Inside Story Podcast,1,0,,
20260901,1594728054,The Great America Show,1,1,196,Fawcett Strategies
20260901,1767877239,No Gods No Mayors,1,1,130,The Office of the Mayor
20260901,1549502623,Cleanup on Aisle 45 with AG & Harry Dunn,1,1,108,MSW Media
20260901,956270301,Rational Security,1,0,,
20260901,1548086514,The Arena,1,0,,
20260901,1155629323,The Reason Roundtable,1,1,109,The Reason Roundtable
20260901,1868807558,Batya!,1,0,,
20260901,1592116227,The Breitbart News Daily Podcast,1,1,193,SiriusXM
20260901,1809246826,The Keith Edwards Show,1,1,238,Keith Edwards
20260901,1060110806,The Nation Podcasts,1,1,171,The Nation Magazine
20260901,702998658,Week In Review,1,0,,
20260901,1493858530,Hood Politics with Prop,1,1,137,Cool Zone Media and iHeartPodcasts
20260901,1485186805,Timothy Gordon Rules for Retrogrades Podcast,1,0,,
20260901,1567204040,The Drill Down with Peter Schweizer,1,1,98,Government Accountability Institute
20260901,1869456664,What's The Plan? with Leah Greenberg and Ezra Levin,1,0,,
20260901,1614844654,Week In Review,1,0,,
20260901,1751785203,Brad vs Everyone,1,0,,
20260901,1599891719,Seattle Nice,1,0,,
20260901,1368074498,The Lars Larson Show Pacific Northwest Podcast,1,1,182,Lars Larson
20260901,1800671132,Destiny,1,1,223,Destiny
20260901,1208232103,The Buck Sexton Show,1,0,,
20260901,1485021241,The Reason Interview With Nick Gillespie,1,1,136,The Reason Interview With Nick Gillespie
20260901,1606834013,The Josh Hammer Show,1,1,175,The Josh Hammer Show
20260901,1714009198,Mea Culpa,1,1,145,Podcast WABCRadio
20260901,1839861250,The Moment with Jorge Ramos and Paola Ramos,1,1,229,iHeartPodcasts
20260901,1449848509,I Don't Speak German,1,0,,
20260901,1633301179,Countdown with Keith Olbermann,1,1,180,iHeartPodcasts
20260901,1482179882,The Mona Charen Show,1,1,170,The Bulwark
20260901,1112258664,Russian Roulette,1,0,,
20260901,1721969693,Politix,1,1,139,Politix
20260901,1351411911,The TPM Show with Josh and Kate,1,1,106,Talking Points Memo
20260901,1212380212,The Five,0,1,28,FOX News Podcasts
20260901,1375568988,TRIGGERnometry,0,1,31,TRIGGERnometry
20260901,1611374685,The Rest Is Politics,0,1,38,Goalhanger
20260901,1493229344,The Dispatch Podcast,0,1,44,The Dispatch
20260901,1788738240,It’s That Part,0,1,47,Jesse Lee Hammonds
20260901,1879498704,Power and Consequences,0,1,68,Third Clumber Productions
20260901,1243130823,The John Kobylt Show,0,1,78,iHeartPodcasts
20260901,159752078,This Morning With Gordon Deal,0,1,79,Compass Media Networks
20260901,1473150244,Americast,0,1,84,BBC News
20260901,1801103648,The Nerd Reich,0,1,85,nerdreich
20260901,1601727251,Central Air,0,1,110,"Josh Barro, Megan McArdle & Ben Dreyfuss"
20260901,1651903715,The Rush Hour With Dave Neal,0,1,111,Dave Neal
20260901,1896805652,NARITAS,0,1,115,Yanis AHMADI
20260901,1769997814,Normally,0,1,116,iHeartPodcasts
20260901,1896897095,Wired In,0,1,121,The Daily Wire
20260901,1835450563,Sources & Methods,0,1,126,NPR
20260901,1552899676,The Luke Beasley Show,0,1,127,Luke Beasley
20260901,563127951,"Law Talk With Epstein, Yoo & Cooke",0,1,138,The Civitas Institute at the University of Texas at Austin
20260901,1530639447,THE OFFICIAL MEA CULPA WITH MICHAEL COHEN ARCHIVE,0,1,140,Audio Up Media
20260901,1573983987,On the Nose,0,1,142,Jewish Currents
20260901,1494037881,Checks and Balance from The Economist,0,1,143,The Economist
20260901,1882760486,Jack Cocchiarella Show,0,1,144,Jack Cocchiarella
20260901,1504048545,The Rachman Review,0,1,146,Financial Times
20260901,1504713161,El hilo,0,1,148,My Cultura and iHeartPodcasts
20260901,1701280578,The Sean Spicer Show,0,1,152,The Sean Spicer Show
20260901,155974141,Common Sense with Dan Carlin,0,1,156,Dan Carlin
20260901,1803015612,All Things with Kim Strassel,0,1,157,The Wall Street Journal
20260901,1665265193,The Rest Is Politics: Leading,0,1,159,Goalhanger
20260901,1605545539,In the Litter Box,0,1,160,Jewels Jones & Catturd
20260901,1893673410,Agitation Nation: A Podcast From The Fenton Forecast,0,1,161,David Fenton
20260901,1485109198,Politix,0,1,162,Politix
20260901,1507832825,Time To Say Goodbye,0,1,168,Time To Say Goodbye
20260901,1327641087,Political Breakdown,0,1,172,KQED
20260901,1195899470,The Takeout with Major Garrett,0,1,173,CBS News
20260901,1643776565,You're Wrong w/ Mollie Hemingway & David Harsanyi,0,1,174,Radio America
20260901,1762436723,Dan Wootton Outspoken,0,1,176,Dan Wootton
20260901,1805502607,The MiddleGround Mic,0,1,177,Joseph Steagall
20260901,863338913,Texas Standard,0,1,178,Texas Standard
20260901,1889550138,The Loren Piretra Show,0,1,179,Loren Piretra
20260901,1696250206,HasanAbi,0,1,183,HasanAbi
20260901,1871531782,Uncertain with DL Hughley,0,1,186,DL Hughley
20260901,1136826256,Election Profit Makers,0,1,190,Jon Kimball & David Rees
20260901,1591300785,Lost Debate,0,1,192,The Branch
20260901,1121407665,Sinica Podcast,0,1,194,Kaiser Kuo
20260901,1400926647,Gaslit Nation,0,1,199,Andrea Chalupa
20260901,1685475850,The Econoclasts,0,1,203,UnHerd
20260901,886656768,The Politics Bar,0,1,204,From The Bunker
20260901,1884144340,Get Angry,0,1,206,"Bryan Andrews, ItsLuke"
20260901,1692381473,The News Agents - USA,0,1,207,Global
20260901,1896561822,NORMAL GAYS Podcast,0,1,208,NORMAL GAYS
20260901,1625856906,不明白播客,0,1,209,袁莉和她的朋友们
20260901,1412905534,The Michael Steele Podcast,0,1,211,Michael Steele
20260901,960814054,The Ricochet Superfeed,0,1,212,Ricochet
20260901,1506676334,Means Morning News,0,1,213,Means Cooperative
20260901,1381291342,If You're Listening,0,1,216,ABC Australia
20260901,517293050,The Pete Kaliner Show,0,1,217,"Pete Kaliner - news, politics, NC"
20260901,1706536336,Political Currency,0,1,220,Persephonica
20260901,1668143992,Texas Minute,0,1,221,Texas Scorecard
20260901,1551827752,The Counsel,0,1,222,CAFE
20260901,1053981528,Economic Update with Richard D. Wolff,0,1,224,"Democracy at Work, Richard D. Wolff"
20260901,1547098165,Krystal Kyle & Friends,0,1,225,Krystal
20260901,1485475085,Stand Up! with Pete Dominick,0,1,226,pete dominick
20260901,1245265763,"Oh God, What Now?",0,1,227,Podmasters
20260901,1857136176,SPN LIVE - The Stew Peters Network,0,1,228,Stew Peters
20260901,1796721454,,0,1,230,
20260901,1843174639,"The Rich Zeoli Podcast: Daily Politics, Culture & Chaos",0,1,231,Rich Zeoli
20260901,1754976617,No BS Newshour with Charlie LeDuff,0,1,232,Charlie LeDuff
20260901,1700432142,RONZHEIMER.,0,1,233,Paul Ronzheimer
20260901,1721382033,Vibes Only,0,1,236,Brian Derrick and Glennis Meagher
20260901,1896591532,Nation States with Yates,0,1,237,iHeartPodcasts
20260901,1644366053,Decoding Fox News,0,1,239,I watch all the Fox News you'd never want to.
20260901,1733640626,,0,1,240,
20260901,1882414469,On the Road with Jonathan Martin,0,1,243,POLITICO
20260901,1450994745,Balance of Power,0,1,244,Bloomberg
20260901,1833272507,Executive Disorder: White House Weekly,0,1,245,Cool Zone Media and iHeartPodcasts
20260901,1562652774,DW News Brief,0,1,246,DW
20260901,1663927350,Multipolarity,0,1,250,Multipolarity
20260902,1192761536,Pod Save America,1,1,1,Pod Save America
20260902,1510240831,The MeidasTouch Podcast,1,1,4,MeidasTouch Network
20260902,1794450472,Bulwark Takes,1,1,9,The Bulwark
20260902,1447684472,The Bulwark Podcast,1,1,2,The Bulwark
20260902,1730358737,Letters from an American,1,1,8,Heather Cox Richardson
20260902,1750591415,Candace,1,1,3,Candace Owens
20260902,1617887885,The President's Daily Brief,1,1,11,The First TV
20260902,1050430296,The New Yorker Radio Hour,1,1,27,WNYC Studios and The New Yorker
20260902,1057255460,The NPR Politics Podcast,1,1,7,NPR
20260902,1865794721,Real Baron Podcast,1,1,25,Baron Coleman
20260902,1495601614,Verdict with Ted Cruz,1,1,26,iHeartPodcasts
20260902,1645614328,Fast Politics with Molly Jong-Fast,1,1,24,iHeartPodcasts
20260902,1640311112,The Necessary Conversation,1,1,36,The Necessary Conversation
20260902,1647085571,The Next Level,1,1,15,The Bulwark
20260902,1258635512,Radio Atlantic,1,1,30,The Atlantic
20260902,268213039,The Political Scene | The New Yorker,1,1,20,The New Yorker
20260902,1535384390,Ruthless Podcast,1,1,12,"Josh Holmes, Comfortably Smug, Michael Duncan and John Ashbrook"
20260902,1408796715,Runaway Country with Alex Wagner,1,1,40,Runaway Country with Alex Wagner
20260902,1774505095,Raging Moderates with Scott Galloway and Jessica Tarlov,1,1,13,Vox Media Podcast Network
20260902,1570045623,Breaking Points with Krystal and Saagar,1,1,6,iHeartPodcasts
20260902,1317481380,UnJustified,1,1,119,MSW Media
20260902,73330715,On the Media,1,1,33,WNYC Studios
20260902,1200016351,Pod Save the World,1,1,5,Pod Save the World
20260902,1692806415,The Briefing with Jen Psaki,1,1,14,"MS NOW, Jen Psaki"
20260902,1551206847,#SistersInLaw,1,1,45,Politicon
20260902,1485351658,Bannon`s War Room,1,1,21,WarRoom.org
20260902,1507444393,X22 Report,1,1,32,X22 Report
20260902,1314170606,All In with Chris Hayes,1,1,16,"MS NOW, Chris Hayes"
20260902,1795032531,The Jim Acosta Show,1,1,50,Jim Acosta
20260902,1367201919,Deadline: White House,1,1,10,"Nicolle Wallace, MS NOW"
20260902,75462585,NBC Nightly News with Tom Llamas,1,1,43,NBC News
20260902,1674095262,The Wright Report,1,1,34,Bryan Dean Wright
20260902,1456045551,Talking Feds,1,1,56,Harry Litman
20260902,1876034889,Breaking News from Pod Save America,1,1,48,Crooked Media
20260902,1551582052,The Lincoln Project,1,1,69,The Lincoln Project
20260902,158004641,Political Gabfest,1,1,99,Slate Podcasts
20260902,1303660358,The Fox News Rundown,1,1,51,FOX News Podcasts
20260902,1743030473,The Rest Is Politics: US,1,1,29,Goalhanger
20260902,1490993194,Advisory Opinions,1,1,35,The Dispatch
20260902,1586423406,The Focus Group Podcast,1,1,114,The Bulwark
20260902,91959525,This Week with George Stephanopoulos,1,1,153,ABC News
20260902,1529346075,Impolitic with John Heilemann,1,1,92,Audacy | Puck
20260902,1515399733,No Lie with Brian Tyler Cohen,1,1,83,Brian Tyler Cohen
20260902,1169056746,The Playbook Podcast,1,1,53,POLITICO
20260902,1495251160,John Solomon Reports,1,1,60,John Solomon
20260902,1549272440,The Daily Punch,1,1,63,Punchbowl News
20260902,1291144720,The Remnant with Jonah Goldberg,1,1,54,The Dispatch
20260902,1725387804,The Illegal News with Sarah Longwell,1,1,124,The Bulwark
20260902,1810218232,Next Up with Mark Halperin,1,1,59,MK Media
20260902,78911087,Face the Nation with Margaret Brennan,1,1,197,CBS News
20260902,597919007,The Young Turks,1,1,46,TYT Network
20260902,1314368109,The 11th Hour with Ali Velshi,1,1,41,"MS NOW, Ali Velshi"
20260902,1536169792,Talkin‘ Politics & Religion Without Killin‘ Each Other,1,1,88,"Scan Media, LLC"
20260902,929121341,Louder with Crowder,1,1,18,Louder with Crowder
20260902,1386375601,The Ben Ferguson Podcast,1,1,75,iHeartPodcasts
20260902,1818418128,Pod Force One,1,1,104,New York Post
20260902,402050558,The David Pakman Show,1,1,37,David Pakman
20260902,219258773,Brian Kilmeade Show,1,1,70,FOX News Podcasts
20260902,1265845136,Stay Tuned with Preet,1,1,19,Preet Bharara
20260902,1474001390,TRUE ANON TRUTH FEED,1,1,71,TrueAnon
20260902,1506127536,Making the Argument with Nick Freitas,1,1,52,Nick Freitas
20260902,1681586867,The Warning with Steve Schmidt,1,1,64,iHeartPodcasts
20260902,1873028393,Politics Chat,1,1,58,Heather Cox Richardson
20260902,1679657705,Main Justice,1,1,22,"MS NOW, Andrew Weissmann, Mary McCord"
20260902,1138657182,Liberty Lockdown,1,1,91,Clint Russell
20260902,402306412,The Majority Report with Sam Seder,1,1,49,Sam Seder
20260902,1364113251,The Beat with Ari Melber,1,1,39,"Ari Melber, MS NOW"
20260902,354628391,Renegade Talk Radio,1,1,94,Renegade Talk Radio
20260902,1595408601,The PoliticsGirl Podcast,1,0,,
20260902,1467297559,Hacks On Tap,1,1,17,Vox Media
20260902,1728152109,THE DAILY BLAST with Greg Sargent,1,1,23,Greg Sargent
20260902,1484862164,Politics War Room with James Carville & Al Hunt,1,1,55,Politicon
20260902,1452065072,Newt's World,1,1,185,Gingrich 360
20260902,1790957194,The 47 Morning Update with Ben Ferguson,1,1,80,iHeartPodcasts
20260902,1462703434,Know Your Enemy,1,1,123,Matthew Sitman
20260902,1886801652,Sidebar with Katie Phang,1,0,,
20260902,1584730781,The Benny Show,1,1,66,Benny Johnson
20260902,1517313007,The Hugh Hewitt Show: Highly Concentrated,1,1,57,Salem Podcast Network
20260902,1441649707,Straight White American Jesus,1,1,100,Bradley Onishi + Daniel Miller
20260902,1195206601,The Intercept Briefing,1,1,219,The Intercept
20260902,1538788132,Tangle,1,1,67,Isaac Saul
20260902,1294461271,GZERO World with Ian Bremmer,1,1,205,GZERO Media
20260902,1585243541,Human Events Daily with Jack Posobiec,1,1,120,Human Events with Jack Posobiec
20260902,1253076699,The Michael Berry Show,1,1,76,KTRH (KTRH-AM)
20260902,1635418897,The Chris Cuomo Project,1,1,81,Chris Cuomo
20260902,969924303,The Skepticrat,1,0,,
20260902,1623855270,The Foreign Affairs Interview,1,1,82,Foreign Affairs Magazine
20260902,73331636,The Brian Lehrer Show,1,1,77,WNYC
20260902,1822142909,Glenn Diesen - Greater Eurasia Podcast,1,1,107,Glenn Diesen
20260902,1072469956,Fox Across America w/ Jimmy Failla,1,1,90,FOX News Podcasts
20260902,1218054701,Rev Left Radio,1,1,122,Revolutionary Left Radio
20260902,1456850698,The Graham Allen Show,1,1,112,Graham Allen
20260902,1805186512,Going Rogue with Lara Logan,1,1,118,Lara Logan
20260902,1509826894,RealClearPolitics Podcast,1,1,73,"RealClearPolitics, Carl Cannon, Tom Bevan"
20260902,716825890,The Tom Woods Show,1,1,95,Tom Woods
20260902,1820648828,The Joy Reid Show,1,1,105,Joy-Ann Reid
20260902,1889705401,Nobody Knows Anything,1,0,,
20260902,1573813504,The Smerconish Podcast,1,1,72,SiriusXM
20260902,1696974077,The Source with Kaitlan Collins,1,1,61,CNN Podcasts
20260902,1574741668,American Prestige,1,1,151,Daniel Bessner & Derek Davison
20260902,1669610956,System Update with Glenn Greenwald,1,1,188,Rumble
20260902,1548554104,Volts,1,1,86,David Roberts
20260902,1647025876,Wendy Bell Radio Podcast,1,1,87,Wendy Bell
20260902,1378389941,Uncommon Knowledge,1,1,74,Hoover Institution
20260902,1896576050,Brian Tyler Cohen,1,1,215,Brian Tyler Cohen Network
20260902,1715894000,Trump's Terms,1,1,65,NPR
20260902,1587492577,The Mel K Show,1,1,164,Mel K
20260902,1660317917,Defending Democracy with Marc Elias,1,1,155,Democracy Docket
20260902,1635446643,The Coffee Klatch with Robert Reich,1,1,234,Robert Reich
20260902,1722246285,The Breakdown,1,1,184,Alberto fo sho
20260902,506779862,Lectures in History,1,1,249,C-SPAN
20260902,1147092464,Opening Arguments,1,1,141,Opening Arguments Media LLC
20260902,1695205478,What Really Matters with Walter Russell Mead,1,0,,
20260902,1263295815,The Pete Quiñones Show,1,1,147,Peter R Quiñones
20260902,1728340033,Mission Implausible,1,1,241,Jon Stern
20260902,1636762428,Dad Saves America,1,1,200,John Papola
20260902,1798460240,10 Minute Drill,1,1,103,Matt Whitlock
20260902,1471411980,American Thought Leaders,1,1,163,The Epoch Times
20260902,1714879044,The Tony Kinnett Cast,1,1,102,The Daily Signal
20260902,1579061364,Head in the Office,1,1,150,HITO Media LLC
20260902,1093260018,Slate News,1,1,165,Slate Podcasts
20260902,925428680,Conversations with Bill Kristol,1,0,,
20260902,1462195742,The Al Franken Podcast,1,1,247,The Al Franken Podcast
20260902,1576614213,American Conservative University,1,1,198,American Conservative University
20260902,1467993804,What the Hell Is Going On,1,0,,
20260902,1877144831,Paul Krugman Podcast,1,1,235,Paul Krugman
20260902,1709994511,UNGOVERNED,1,1,135,Shawn Farash
20260902,73329719,KQED's Forum,1,1,113,KQED
20260902,1785081636,The Mary Trump Podcast,1,1,149,Mary Trump Media
20260902,1432118523,The Damage Report with John Iadarola,1,1,96,TYT Network
20260902,791564318,Jacobin Radio,1,1,134,Jacobin
20260902,1843478428,Owen Report,1,1,132,Owen Shroyer
20260902,1531192509,Bad Faith,1,1,129,Briahna Joy Gray
20260902,1702202187,Perino on Politics,1,1,131,FOX News Podcasts
20260902,1568505052,MOATS with George Galloway,1,1,214,Molucca Media Ltd
20260902,380996798,"The Bob Cesca Show | Politics Podcast, News & Commentary",1,1,93,Bob Cesca
20260902,1172546141,The President’s Inbox,1,1,117,Council on Foreign Relations
20260902,1043245989,The Dig,1,1,189,Daniel Denvir
20260902,1535255041,Unf*cking The Republic,1,0,,
20260902,387042247,Washington Today,1,1,169,C-SPAN
20260902,682478916,War on the Rocks,1,1,62,Ryan Evans
20260902,983782306,Federalist Radio Hour,1,1,97,Radio America
20260902,1111319839,The Conversation with Dasha Burns,1,1,242,POLITICO
20260902,1476110521,Useful Idiots with Katie Halper and Aaron Maté,1,0,,
20260902,1549624070,Amarica's Constitution,1,1,166,Akhil Reed Amar
20260902,1289062927,ChinaTalk,1,1,158,Jordan Schneider
20260902,1570380458,The Victor Davis Hanson Show,1,1,187,Victor Davis Hanson and Jack Fowler
20260902,1356662668,Politically Georgia,1,1,128,The Atlanta Journal-Constitution
20260902,1725442221,Hawk Podcasts,1,1,191,Hawk
20260902,1721813926,Bad Hasbara - The World's Most Moral Podcast,1,1,154,Matt Lieb
20260902,1439837349,The Political Orphanage,1,1,210,Andrew Heaton
20260902,1671451793,Maiden Mother Matriarch with Louise Perry,1,1,195,Louise Perry
20260902,1502568407,SGT Report’s The Propaganda Antidote,1,1,125,SGT Report
20260902,1607829807,Mark Kaye Saves The Republic,1,1,218,Kayetriot Media
20260902,545045867,Scott Horton Show - Just the Interviews,1,1,89,Scott Horton
20260902,1317356120,The Peter McCormack Show,1,1,167,Peter McCormack
20260902,1570432345,Firing Line with Margaret Hoover,1,0,,
20260902,1818658022,"Life, Liberty & Levin Podcast",1,0,,
20260902,1634341981,Antiwar News With Dave DeCamp,1,1,202,Dave DeCamp
20260902,474763182,The Globalist,1,1,181,Monocle
20260902,1871628261,The Harry Sisson Show,1,0,,
20260902,1788891712,It's A Numbers Game with Ryan Girdusky,1,1,248,iHeartPodcasts
20260902,1654162813,The Kyle Seraphin Show,1,1,133,Kyle Seraphin
20260902,1480605295,POLITICO Energy,1,1,201,POLITICO
20260902,1648125917,Stay Free with Russell Brand,1,0,,
20260902,1612691018,THE WEEKEND SHOW,1,0,,
20260902,1880163995,The Kyle Kulinski Show,1,1,101,Kyle Kulinski
20260902,1536984072,The Dishcast with Andrew Sullivan,1,0,,
20260902,1309354521,Majority 54,1,0,,
20260902,1362265400,Timcast News,1,1,42,Timcast Media
20260902,1874174561,Hope For America with Heather Delaney Reese,1,0,,
20260902,124960485,"Best of the Left - Leftist Perspectives on Progressive Politics, News, Culture, Economics and Democracy",1,0,,
20260902,1587936366,The Inside Story Podcast,1,0,,
20260902,1594728054,The Great America Show,1,1,196,Fawcett Strategies
20260902,1767877239,No Gods No Mayors,1,1,130,The Office of the Mayor
20260902,1549502623,Cleanup on Aisle 45 with AG & Harry Dunn,1,1,108,MSW Media
20260902,956270301,Rational Security,1,0,,
20260902,1548086514,The Arena,1,0,,
20260902,1155629323,The Reason Roundtable,1,1,109,The Reason Roundtable
20260902,1868807558,Batya!,1,0,,
20260902,1592116227,The Breitbart News Daily Podcast,1,1,193,SiriusXM
20260902,1809246826,The Keith Edwards Show,1,1,238,Keith Edwards
20260902,1060110806,The Nation Podcasts,1,1,171,The Nation Magazine
20260902,702998658,Week In Review,1,0,,
20260902,1493858530,Hood Politics with Prop,1,1,137,Cool Zone Media and iHeartPodcasts
20260902,1485186805,Timothy Gordon Rules for Retrogrades Podcast,1,0,,
20260902,1567204040,The Drill Down with Peter Schweizer,1,1,98,Government Accountability Institute
20260902,1869456664,What's The Plan? with Leah Greenberg and Ezra Levin,1,0,,
20260902,1614844654,Week In Review,1,0,,
20260902,1751785203,Brad vs Everyone,1,0,,
20260902,1599891719,Seattle Nice,1,0,,
20260902,1368074498,The Lars Larson Show Pacific Northwest Podcast,1,1,182,Lars Larson
20260902,1800671132,Destiny,1,1,223,Destiny
20260902,1208232103,The Buck Sexton Show,1,0,,
20260902,1485021241,The Reason Interview With Nick Gillespie,1,1,136,The Reason Interview With Nick Gillespie
20260902,1606834013,The Josh Hammer Show,1,1,175,The Josh Hammer Show
20260902,1714009198,Mea Culpa,1,1,145,Podcast WABCRadio
20260902,1839861250,The Moment with Jorge Ramos and Paola Ramos,1,1,229,iHeartPodcasts
20260902,1449848509,I Don't Speak German,1,0,,
20260902,1633301179,Countdown with Keith Olbermann,1,1,180,iHeartPodcasts
20260902,1482179882,The Mona Charen Show,1,1,170,The Bulwark
20260902,1112258664,Russian Roulette,1,0,,
20260902,1721969693,Politix,1,1,139,Politix
20260902,1351411911,The TPM Show with Josh and Kate,1,1,106,Talking Points Memo
20260902,1212380212,The Five,0,1,28,FOX News Podcasts
20260902,1375568988,TRIGGERnometry,0,1,31,TRIGGERnometry
20260902,1611374685,The Rest Is Politics,0,1,38,Goalhanger
20260902,1493229344,The Dispatch Podcast,0,1,44,The Dispatch
20260902,1788738240,It’s That Part,0,1,47,Jesse Lee Hammonds
20260902,1879498704,Power and Consequences,0,1,68,Third Clumber Productions
20260902,1243130823,The John Kobylt Show,0,1,78,iHeartPodcasts
20260902,159752078,This Morning With Gordon Deal,0,1,79,Compass Media Networks
20260902,1473150244,Americast,0,1,84,BBC News
20260902,1801103648,The Nerd Reich,0,1,85,nerdreich
20260902,1601727251,Central Air,0,1,110,"Josh Barro, Megan McArdle & Ben Dreyfuss"
20260902,1651903715,The Rush Hour With Dave Neal,0,1,111,Dave Neal
20260902,1896805652,NARITAS,0,1,115,Yanis AHMADI
20260902,1769997814,Normally,0,1,116,iHeartPodcasts
20260902,1896897095,Wired In,0,1,121,The Daily Wire
20260902,1835450563,Sources & Methods,0,1,126,NPR
20260902,1552899676,The Luke Beasley Show,0,1,127,Luke Beasley
20260902,563127951,"Law Talk With Epstein, Yoo & Cooke",0,1,138,The Civitas Institute at the University of Texas at Austin
20260902,1530639447,THE OFFICIAL MEA CULPA WITH MICHAEL COHEN ARCHIVE,0,1,140,Audio Up Media
20260902,1573983987,On the Nose,0,1,142,Jewish Currents
20260902,1494037881,Checks and Balance from The Economist,0,1,143,The Economist
20260902,1882760486,Jack Cocchiarella Show,0,1,144,Jack Cocchiarella
20260902,1504048545,The Rachman Review,0,1,146,Financial Times
20260902,1504713161,El hilo,0,1,148,My Cultura and iHeartPodcasts
20260902,1701280578,The Sean Spicer Show,0,1,152,The Sean Spicer Show
20260902,155974141,Common Sense with Dan Carlin,0,1,156,Dan Carlin
20260902,1803015612,All Things with Kim Strassel,0,1,157,The Wall Street Journal
20260902,1665265193,The Rest Is Politics: Leading,0,1,159,Goalhanger
20260902,1605545539,In the Litter Box,0,1,160,Jewels Jones & Catturd
20260902,1893673410,Agitation Nation: A Podcast From The Fenton Forecast,0,1,161,David Fenton
20260902,1485109198,Politix,0,1,162,Politix
20260902,1507832825,Time To Say Goodbye,0,1,168,Time To Say Goodbye
20260902,1327641087,Political Breakdown,0,1,172,KQED
20260902,1195899470,The Takeout with Major Garrett,0,1,173,CBS News
20260902,1643776565,You're Wrong w/ Mollie Hemingway & David Harsanyi,0,1,174,Radio America
20260902,1762436723,Dan Wootton Outspoken,0,1,176,Dan Wootton
20260902,1805502607,The MiddleGround Mic,0,1,177,Joseph Steagall
20260902,863338913,Texas Standard,0,1,178,Texas Standard
20260902,1889550138,The Loren Piretra Show,0,1,179,Loren Piretra
20260902,1696250206,HasanAbi,0,1,183,HasanAbi
20260902,1871531782,Uncertain with DL Hughley,0,1,186,DL Hughley
20260902,1136826256,Election Profit Makers,0,1,190,Jon Kimball & David Rees
20260902,1591300785,Lost Debate,0,1,192,The Branch
20260902,1121407665,Sinica Podcast,0,1,194,Kaiser Kuo
20260902,1400926647,Gaslit Nation,0,1,199,Andrea Chalupa
20260902,1685475850,The Econoclasts,0,1,203,UnHerd
20260902,886656768,The Politics Bar,0,1,204,From The Bunker
20260902,1884144340,Get Angry,0,1,206,"Bryan Andrews, ItsLuke"
20260902,1692381473,The News Agents - USA,0,1,207,Global
20260902,1896561822,NORMAL GAYS Podcast,0,1,208,NORMAL GAYS
20260902,1625856906,不明白播客,0,1,209,袁莉和她的朋友们
20260902,1412905534,The Michael Steele Podcast,0,1,211,Michael Steele
20260902,960814054,The Ricochet Superfeed,0,1,212,Ricochet
20260902,1506676334,Means Morning News,0,1,213,Means Cooperative
20260902,1381291342,If You're Listening,0,1,216,ABC Australia
20260902,517293050,The Pete Kaliner Show,0,1,217,"Pete Kaliner - news, politics, NC"
20260902,1706536336,Political Currency,0,1,220,Persephonica
20260902,1668143992,Texas Minute,0,1,221,Texas Scorecard
20260902,1551827752,The Counsel,0,1,222,CAFE
20260902,1053981528,Economic Update with Richard D. Wolff,0,1,224,"Democracy at Work, Richard D. Wolff"
20260902,1547098165,Krystal Kyle & Friends,0,1,225,Krystal
20260902,1485475085,Stand Up! with Pete Dominick,0,1,226,pete dominick
20260902,1245265763,"Oh God, What Now?",0,1,227,Podmasters
20260902,1857136176,SPN LIVE - The Stew Peters Network,0,1,228,Stew Peters
20260902,1796721454,,0,1,230,
20260902,1843174639,"The Rich Zeoli Podcast: Daily Politics, Culture & Chaos",0,1,231,Rich Zeoli
20260902,1754976617,No BS Newshour with Charlie LeDuff,0,1,232,Charlie LeDuff
20260902,1700432142,RONZHEIMER.,0,1,233,Paul Ronzheimer
20260902,1721382033,Vibes Only,0,1,236,Brian Derrick and Glennis Meagher
20260902,1896591532,Nation States with Yates,0,1,237,iHeartPodcasts
20260902,1644366053,Decoding Fox News,0,1,239,I watch all the Fox News you'd never want to.
20260902,1733640626,,0,1,240,
20260902,1882414469,On the Road with Jonathan Martin,0,1,243,POLITICO
20260902,1450994745,Balance of Power,0,1,244,Bloomberg
20260902,1833272507,Executive Disorder: White House Weekly,0,1,245,Cool Zone Media and iHeartPodcasts
20260902,1562652774,DW News Brief,0,1,246,DW
20260902,1663927350,Multipolarity,0,1,250,Multipolarity
20260903,1192761536,Pod Save America,1,1,1,Pod Save America
20260903,1510240831,The MeidasTouch Podcast,1,1,4,MeidasTouch Network
20260903,1794450472,Bulwark Takes,1,1,9,The Bulwark
20260903,1447684472,The Bulwark Podcast,1,1,2,The Bulwark
20260903,1730358737,Letters from an American,1,1,8,Heather Cox Richardson
20260903,1750591415,Candace,1,1,3,Candace Owens
20260903,1617887885,The President's Daily Brief,1,1,11,The First TV
20260903,1050430296,The New Yorker Radio Hour,1,1,27,WNYC Studios and The New Yorker
20260903,1057255460,The NPR Politics Podcast,1,1,7,NPR
20260903,1865794721,Real Baron Podcast,1,1,25,Baron Coleman
20260903,1495601614,Verdict with Ted Cruz,1,1,26,iHeartPodcasts
20260903,1645614328,Fast Politics with Molly Jong-Fast,1,1,24,iHeartPodcasts
20260903,1640311112,The Necessary Conversation,1,1,36,The Necessary Conversation
20260903,1647085571,The Next Level,1,1,15,The Bulwark
20260903,1258635512,Radio Atlantic,1,1,30,The Atlantic
20260903,268213039,The Political Scene | The New Yorker,1,1,20,The New Yorker
20260903,1535384390,Ruthless Podcast,1,1,12,"Josh Holmes, Comfortably Smug, Michael Duncan and John Ashbrook"
20260903,1408796715,Runaway Country with Alex Wagner,1,1,40,Runaway Country with Alex Wagner
20260903,1774505095,Raging Moderates with Scott Galloway and Jessica Tarlov,1,1,13,Vox Media Podcast Network
20260903,1570045623,Breaking Points with Krystal and Saagar,1,1,6,iHeartPodcasts
20260903,1317481380,UnJustified,1,1,119,MSW Media
20260903,73330715,On the Media,1,1,33,WNYC Studios
20260903,1200016351,Pod Save the World,1,1,5,Pod Save the World
20260903,1692806415,The Briefing with Jen Psaki,1,1,14,"MS NOW, Jen Psaki"
20260903,1551206847,#SistersInLaw,1,1,45,Politicon
20260903,1485351658,Bannon`s War Room,1,1,21,WarRoom.org
20260903,1507444393,X22 Report,1,1,32,X22 Report
20260903,1314170606,All In with Chris Hayes,1,1,16,"MS NOW, Chris Hayes"
20260903,1795032531,The Jim Acosta Show,1,1,50,Jim Acosta
20260903,1367201919,Deadline: White House,1,1,10,"Nicolle Wallace, MS NOW"
20260903,75462585,NBC Nightly News with Tom Llamas,1,1,43,NBC News
20260903,1674095262,The Wright Report,1,1,34,Bryan Dean Wright
20260903,1456045551,Talking Feds,1,1,56,Harry Litman
20260903,1876034889,Breaking News from Pod Save America,1,1,48,Crooked Media
20260903,1551582052,The Lincoln Project,1,1,69,The Lincoln Project
20260903,158004641,Political Gabfest,1,1,99,Slate Podcasts
20260903,1303660358,The Fox News Rundown,1,1,51,FOX News Podcasts
20260903,1743030473,The Rest Is Politics: US,1,1,29,Goalhanger
20260903,1490993194,Advisory Opinions,1,1,35,The Dispatch
20260903,1586423406,The Focus Group Podcast,1,1,114,The Bulwark
20260903,91959525,This Week with George Stephanopoulos,1,1,153,ABC News
20260903,1529346075,Impolitic with John Heilemann,1,1,92,Audacy | Puck
20260903,1515399733,No Lie with Brian Tyler Cohen,1,1,83,Brian Tyler Cohen
20260903,1169056746,The Playbook Podcast,1,1,53,POLITICO
20260903,1495251160,John Solomon Reports,1,1,60,John Solomon
20260903,1549272440,The Daily Punch,1,1,63,Punchbowl News
20260903,1291144720,The Remnant with Jonah Goldberg,1,1,54,The Dispatch
20260903,1725387804,The Illegal News with Sarah Longwell,1,1,124,The Bulwark
20260903,1810218232,Next Up with Mark Halperin,1,1,59,MK Media
20260903,78911087,Face the Nation with Margaret Brennan,1,1,197,CBS News
20260903,597919007,The Young Turks,1,1,46,TYT Network
20260903,1314368109,The 11th Hour with Ali Velshi,1,1,41,"MS NOW, Ali Velshi"
20260903,1536169792,Talkin‘ Politics & Religion Without Killin‘ Each Other,1,1,88,"Scan Media, LLC"
20260903,929121341,Louder with Crowder,1,1,18,Louder with Crowder
20260903,1386375601,The Ben Ferguson Podcast,1,1,75,iHeartPodcasts
20260903,1818418128,Pod Force One,1,1,104,New York Post
20260903,402050558,The David Pakman Show,1,1,37,David Pakman
20260903,219258773,Brian Kilmeade Show,1,1,70,FOX News Podcasts
20260903,1265845136,Stay Tuned with Preet,1,1,19,Preet Bharara
20260903,1474001390,TRUE ANON TRUTH FEED,1,1,71,TrueAnon
20260903,1506127536,Making the Argument with Nick Freitas,1,1,52,Nick Freitas
20260903,1681586867,The Warning with Steve Schmidt,1,1,64,iHeartPodcasts
20260903,1873028393,Politics Chat,1,1,58,Heather Cox Richardson
20260903,1679657705,Main Justice,1,1,22,"MS NOW, Andrew Weissmann, Mary McCord"
20260903,1138657182,Liberty Lockdown,1,1,91,Clint Russell
20260903,402306412,The Majority Report with Sam Seder,1,1,49,Sam Seder
20260903,1364113251,The Beat with Ari Melber,1,1,39,"Ari Melber, MS NOW"
20260903,354628391,Renegade Talk Radio,1,1,94,Renegade Talk Radio
20260903,1595408601,The PoliticsGirl Podcast,1,0,,
20260903,1467297559,Hacks On Tap,1,1,17,Vox Media
20260903,1728152109,THE DAILY BLAST with Greg Sargent,1,1,23,Greg Sargent
20260903,1484862164,Politics War Room with James Carville & Al Hunt,1,1,55,Politicon
20260903,1452065072,Newt's World,1,1,185,Gingrich 360
20260903,1790957194,The 47 Morning Update with Ben Ferguson,1,1,80,iHeartPodcasts
20260903,1462703434,Know Your Enemy,1,1,123,Matthew Sitman
20260903,1886801652,Sidebar with Katie Phang,1,0,,
20260903,1584730781,The Benny Show,1,1,66,Benny Johnson
20260903,1517313007,The Hugh Hewitt Show: Highly Concentrated,1,1,57,Salem Podcast Network
20260903,1441649707,Straight White American Jesus,1,1,100,Bradley Onishi + Daniel Miller
20260903,1195206601,The Intercept Briefing,1,1,219,The Intercept
20260903,1538788132,Tangle,1,1,67,Isaac Saul
20260903,1294461271,GZERO World with Ian Bremmer,1,1,205,GZERO Media
20260903,1585243541,Human Events Daily with Jack Posobiec,1,1,120,Human Events with Jack Posobiec
20260903,1253076699,The Michael Berry Show,1,1,76,KTRH (KTRH-AM)
20260903,1635418897,The Chris Cuomo Project,1,1,81,Chris Cuomo
20260903,969924303,The Skepticrat,1,0,,
20260903,1623855270,The Foreign Affairs Interview,1,1,82,Foreign Affairs Magazine
20260903,73331636,The Brian Lehrer Show,1,1,77,WNYC
20260903,1822142909,Glenn Diesen - Greater Eurasia Podcast,1,1,107,Glenn Diesen
20260903,1072469956,Fox Across America w/ Jimmy Failla,1,1,90,FOX News Podcasts
20260903,1218054701,Rev Left Radio,1,1,122,Revolutionary Left Radio
20260903,1456850698,The Graham Allen Show,1,1,112,Graham Allen
20260903,1805186512,Going Rogue with Lara Logan,1,1,118,Lara Logan
20260903,1509826894,RealClearPolitics Podcast,1,1,73,"RealClearPolitics, Carl Cannon, Tom Bevan"
20260903,716825890,The Tom Woods Show,1,1,95,Tom Woods
20260903,1820648828,The Joy Reid Show,1,1,105,Joy-Ann Reid
20260903,1889705401,Nobody Knows Anything,1,0,,
20260903,1573813504,The Smerconish Podcast,1,1,72,SiriusXM
20260903,1696974077,The Source with Kaitlan Collins,1,1,61,CNN Podcasts
20260903,1574741668,American Prestige,1,1,151,Daniel Bessner & Derek Davison
20260903,1669610956,System Update with Glenn Greenwald,1,1,188,Rumble
20260903,1548554104,Volts,1,1,86,David Roberts
20260903,1647025876,Wendy Bell Radio Podcast,1,1,87,Wendy Bell
20260903,1378389941,Uncommon Knowledge,1,1,74,Hoover Institution
20260903,1896576050,Brian Tyler Cohen,1,1,215,Brian Tyler Cohen Network
20260903,1715894000,Trump's Terms,1,1,65,NPR
20260903,1587492577,The Mel K Show,1,1,164,Mel K
20260903,1660317917,Defending Democracy with Marc Elias,1,1,155,Democracy Docket
20260903,1635446643,The Coffee Klatch with Robert Reich,1,1,234,Robert Reich
20260903,1722246285,The Breakdown,1,1,184,Alberto fo sho
20260903,506779862,Lectures in History,1,1,249,C-SPAN
20260903,1147092464,Opening Arguments,1,1,141,Opening Arguments Media LLC
20260903,1695205478,What Really Matters with Walter Russell Mead,1,0,,
20260903,1263295815,The Pete Quiñones Show,1,1,147,Peter R Quiñones
20260903,1728340033,Mission Implausible,1,1,241,Jon Stern
20260903,1636762428,Dad Saves America,1,1,200,John Papola
20260903,1798460240,10 Minute Drill,1,1,103,Matt Whitlock
20260903,1471411980,American Thought Leaders,1,1,163,The Epoch Times
20260903,1714879044,The Tony Kinnett Cast,1,1,102,The Daily Signal
20260903,1579061364,Head in the Office,1,1,150,HITO Media LLC
20260903,1093260018,Slate News,1,1,165,Slate Podcasts
20260903,925428680,Conversations with Bill Kristol,1,0,,
20260903,1462195742,The Al Franken Podcast,1,1,247,The Al Franken Podcast
20260903,1576614213,American Conservative University,1,1,198,American Conservative University
20260903,1467993804,What the Hell Is Going On,1,0,,
20260903,1877144831,Paul Krugman Podcast,1,1,235,Paul Krugman
20260903,1709994511,UNGOVERNED,1,1,135,Shawn Farash
20260903,73329719,KQED's Forum,1,1,113,KQED
20260903,1785081636,The Mary Trump Podcast,1,1,149,Mary Trump Media
20260903,1432118523,The Damage Report with John Iadarola,1,1,96,TYT Network
20260903,791564318,Jacobin Radio,1,1,134,Jacobin
20260903,1843478428,Owen Report,1,1,132,Owen Shroyer
20260903,1531192509,Bad Faith,1,1,129,Briahna Joy Gray
20260903,1702202187,Perino on Politics,1,1,131,FOX News Podcasts
20260903,1568505052,MOATS with George Galloway,1,1,214,Molucca Media Ltd
20260903,380996798,"The Bob Cesca Show | Politics Podcast, News & Commentary",1,1,93,Bob Cesca
20260903,1172546141,The President’s Inbox,1,1,117,Council on Foreign Relations
20260903,1043245989,The Dig,1,1,189,Daniel Denvir
20260903,1535255041,Unf*cking The Republic,1,0,,
20260903,387042247,Washington Today,1,1,169,C-SPAN
20260903,682478916,War on the Rocks,1,1,62,Ryan Evans
20260903,983782306,Federalist Radio Hour,1,1,97,Radio America
20260903,1111319839,The Conversation with Dasha Burns,1,1,242,POLITICO
20260903,1476110521,Useful Idiots with Katie Halper and Aaron Maté,1,0,,
20260903,1549624070,Amarica's Constitution,1,1,166,Akhil Reed Amar
20260903,1289062927,ChinaTalk,1,1,158,Jordan Schneider
20260903,1570380458,The Victor Davis Hanson Show,1,1,187,Victor Davis Hanson and Jack Fowler
20260903,1356662668,Politically Georgia,1,1,128,The Atlanta Journal-Constitution
20260903,1725442221,Hawk Podcasts,1,1,191,Hawk
20260903,1721813926,Bad Hasbara - The World's Most Moral Podcast,1,1,154,Matt Lieb
20260903,1439837349,The Political Orphanage,1,1,210,Andrew Heaton
20260903,1671451793,Maiden Mother Matriarch with Louise Perry,1,1,195,Louise Perry
20260903,1502568407,SGT Report’s The Propaganda Antidote,1,1,125,SGT Report
20260903,1607829807,Mark Kaye Saves The Republic,1,1,218,Kayetriot Media
20260903,545045867,Scott Horton Show - Just the Interviews,1,1,89,Scott Horton
20260903,1317356120,The Peter McCormack Show,1,1,167,Peter McCormack
20260903,1570432345,Firing Line with Margaret Hoover,1,0,,
20260903,1818658022,"Life, Liberty & Levin Podcast",1,0,,
20260903,1634341981,Antiwar News With Dave DeCamp,1,1,202,Dave DeCamp
20260903,474763182,The Globalist,1,1,181,Monocle
20260903,1871628261,The Harry Sisson Show,1,0,,
20260903,1788891712,It's A Numbers Game with Ryan Girdusky,1,1,248,iHeartPodcasts
20260903,1654162813,The Kyle Seraphin Show,1,1,133,Kyle Seraphin
20260903,1480605295,POLITICO Energy,1,1,201,POLITICO
20260903,1648125917,Stay Free with Russell Brand,1,0,,
20260903,1612691018,THE WEEKEND SHOW,1,0,,
20260903,1880163995,The Kyle Kulinski Show,1,1,101,Kyle Kulinski
20260903,1536984072,The Dishcast with Andrew Sullivan,1,0,,
20260903,1309354521,Majority 54,1,0,,
20260903,1362265400,Timcast News,1,1,42,Timcast Media
20260903,1874174561,Hope For America with Heather Delaney Reese,1,0,,
20260903,124960485,"Best of the Left - Leftist Perspectives on Progressive Politics, News, Culture, Economics and Democracy",1,0,,
20260903,1587936366,The Inside Story Podcast,1,0,,
20260903,1594728054,The Great America Show,1,1,196,Fawcett Strategies
20260903,1767877239,No Gods No Mayors,1,1,130,The Office of the Mayor
20260903,1549502623,Cleanup on Aisle 45 with AG & Harry Dunn,1,1,108,MSW Media
20260903,956270301,Rational Security,1,0,,
20260903,1548086514,The Arena,1,0,,
20260903,1155629323,The Reason Roundtable,1,1,109,The Reason Roundtable
20260903,1868807558,Batya!,1,0,,
20260903,1592116227,The Breitbart News Daily Podcast,1,1,193,SiriusXM
20260903,1809246826,The Keith Edwards Show,1,1,238,Keith Edwards
20260903,1060110806,The Nation Podcasts,1,1,171,The Nation Magazine
20260903,702998658,Week In Review,1,0,,
20260903,1493858530,Hood Politics with Prop,1,1,137,Cool Zone Media and iHeartPodcasts
20260903,1485186805,Timothy Gordon Rules for Retrogrades Podcast,1,0,,
20260903,1567204040,The Drill Down with Peter Schweizer,1,1,98,Government Accountability Institute
20260903,1869456664,What's The Plan? with Leah Greenberg and Ezra Levin,1,0,,
20260903,1614844654,Week In Review,1,0,,
20260903,1751785203,Brad vs Everyone,1,0,,
20260903,1599891719,Seattle Nice,1,0,,
20260903,1368074498,The Lars Larson Show Pacific Northwest Podcast,1,1,182,Lars Larson
20260903,1800671132,Destiny,1,1,223,Destiny
20260903,1208232103,The Buck Sexton Show,1,0,,
20260903,1485021241,The Reason Interview With Nick Gillespie,1,1,136,The Reason Interview With Nick Gillespie
20260903,1606834013,The Josh Hammer Show,1,1,175,The Josh Hammer Show
20260903,1714009198,Mea Culpa,1,1,145,Podcast WABCRadio
20260903,1839861250,The Moment with Jorge Ramos and Paola Ramos,1,1,229,iHeartPodcasts
20260903,1449848509,I Don't Speak German,1,0,,
20260903,1633301179,Countdown with Keith Olbermann,1,1,180,iHeartPodcasts
20260903,1482179882,The Mona Charen Show,1,1,170,The Bulwark
20260903,1112258664,Russian Roulette,1,0,,
20260903,1721969693,Politix,1,1,139,Politix
20260903,1351411911,The TPM Show with Josh and Kate,1,1,106,Talking Points Memo
20260903,1212380212,The Five,0,1,28,FOX News Podcasts
20260903,1375568988,TRIGGERnometry,0,1,31,TRIGGERnometry
20260903,1611374685,The Rest Is Politics,0,1,38,Goalhanger
20260903,1493229344,The Dispatch Podcast,0,1,44,The Dispatch
20260903,1788738240,It’s That Part,0,1,47,Jesse Lee Hammonds
20260903,1879498704,Power and Consequences,0,1,68,Third Clumber Productions
20260903,1243130823,The John Kobylt Show,0,1,78,iHeartPodcasts
20260903,159752078,This Morning With Gordon Deal,0,1,79,Compass Media Networks
20260903,1473150244,Americast,0,1,84,BBC News
20260903,1801103648,The Nerd Reich,0,1,85,nerdreich
20260903,1601727251,Central Air,0,1,110,"Josh Barro, Megan McArdle & Ben Dreyfuss"
20260903,1651903715,The Rush Hour With Dave Neal,0,1,111,Dave Neal
20260903,1896805652,NARITAS,0,1,115,Yanis AHMADI
20260903,1769997814,Normally,0,1,116,iHeartPodcasts
20260903,1896897095,Wired In,0,1,121,The Daily Wire
20260903,1835450563,Sources & Methods,0,1,126,NPR
20260903,1552899676,The Luke Beasley Show,0,1,127,Luke Beasley
20260903,563127951,"Law Talk With Epstein, Yoo & Cooke",0,1,138,The Civitas Institute at the University of Texas at Austin
20260903,1530639447,THE OFFICIAL MEA CULPA WITH MICHAEL COHEN ARCHIVE,0,1,140,Audio Up Media
20260903,1573983987,On the Nose,0,1,142,Jewish Currents
20260903,1494037881,Checks and Balance from The Economist,0,1,143,The Economist
20260903,1882760486,Jack Cocchiarella Show,0,1,144,Jack Cocchiarella
20260903,1504048545,The Rachman Review,0,1,146,Financial Times
20260903,1504713161,El hilo,0,1,148,My Cultura and iHeartPodcasts
20260903,1701280578,The Sean Spicer Show,0,1,152,The Sean Spicer Show
20260903,155974141,Common Sense with Dan Carlin,0,1,156,Dan Carlin
20260903,1803015612,All Things with Kim Strassel,0,1,157,The Wall Street Journal
20260903,1665265193,The Rest Is Politics: Leading,0,1,159,Goalhanger
20260903,1605545539,In the Litter Box,0,1,160,Jewels Jones & Catturd
20260903,1893673410,Agitation Nation: A Podcast From The Fenton Forecast,0,1,161,David Fenton
20260903,1485109198,Politix,0,1,162,Politix
20260903,1507832825,Time To Say Goodbye,0,1,168,Time To Say Goodbye
20260903,1327641087,Political Breakdown,0,1,172,KQED
20260903,1195899470,The Takeout with Major Garrett,0,1,173,CBS News
20260903,1643776565,You're Wrong w/ Mollie Hemingway & David Harsanyi,0,1,174,Radio America
20260903,1762436723,Dan Wootton Outspoken,0,1,176,Dan Wootton
20260903,1805502607,The MiddleGround Mic,0,1,177,Joseph Steagall
20260903,863338913,Texas Standard,0,1,178,Texas Standard
20260903,1889550138,The Loren Piretra Show,0,1,179,Loren Piretra
20260903,1696250206,HasanAbi,0,1,183,HasanAbi
20260903,1871531782,Uncertain with DL Hughley,0,1,186,DL Hughley
20260903,1136826256,Election Profit Makers,0,1,190,Jon Kimball & David Rees
20260903,1591300785,Lost Debate,0,1,192,The Branch
20260903,1121407665,Sinica Podcast,0,1,194,Kaiser Kuo
20260903,1400926647,Gaslit Nation,0,1,199,Andrea Chalupa
20260903,1685475850,The Econoclasts,0,1,203,UnHerd
20260903,886656768,The Politics Bar,0,1,204,From The Bunker
20260903,1884144340,Get Angry,0,1,206,"Bryan Andrews, ItsLuke"
20260903,1692381473,The News Agents - USA,0,1,207,Global
20260903,1896561822,NORMAL GAYS Podcast,0,1,208,NORMAL GAYS
20260903,1625856906,不明白播客,0,1,209,袁莉和她的朋友们
20260903,1412905534,The Michael Steele Podcast,0,1,211,Michael Steele
20260903,960814054,The Ricochet Superfeed,0,1,212,Ricochet
20260903,1506676334,Means Morning News,0,1,213,Means Cooperative
20260903,1381291342,If You're Listening,0,1,216,ABC Australia
20260903,517293050,The Pete Kaliner Show,0,1,217,"Pete Kaliner - news, politics, NC"
20260903,1706536336,Political Currency,0,1,220,Persephonica
20260903,1668143992,Texas Minute,0,1,221,Texas Scorecard
20260903,1551827752,The Counsel,0,1,222,CAFE
20260903,1053981528,Economic Update with Richard D. Wolff,0,1,224,"Democracy at Work, Richard D. Wolff"
20260903,1547098165,Krystal Kyle & Friends,0,1,225,Krystal
20260903,1485475085,Stand Up! with Pete Dominick,0,1,226,pete dominick
20260903,1245265763,"Oh God, What Now?",0,1,227,Podmasters
20260903,1857136176,SPN LIVE - The Stew Peters Network,0,1,228,Stew Peters
20260903,1796721454,,0,1,230,
20260903,1843174639,"The Rich Zeoli Podcast: Daily Politics, Culture & Chaos",0,1,231,Rich Zeoli
20260903,1754976617,No BS Newshour with Charlie LeDuff,0,1,232,Charlie LeDuff
20260903,1700432142,RONZHEIMER.,0,1,233,Paul Ronzheimer
20260903,1721382033,Vibes Only,0,1,236,Brian Derrick and Glennis Meagher
20260903,1896591532,Nation States with Yates,0,1,237,iHeartPodcasts
20260903,1644366053,Decoding Fox News,0,1,239,I watch all the Fox News you'd never want to.
20260903,1733640626,,0,1,240,
20260903,1882414469,On the Road with Jonathan Martin,0,1,243,POLITICO
20260903,1450994745,Balance of Power,0,1,244,Bloomberg
20260903,1833272507,Executive Disorder: White House Weekly,0,1,245,Cool Zone Media and iHeartPodcasts
20260903,1562652774,DW News Brief,0,1,246,DW
20260903,1663927350,Multipolarity,0,1,250,Multipolarity
20260904,1192761536,Pod Save America,1,1,1,Pod Save America
20260904,1510240831,The MeidasTouch Podcast,1,1,4,MeidasTouch Network
20260904,1794450472,Bulwark Takes,1,1,9,The Bulwark
20260904,1447684472,The Bulwark Podcast,1,1,2,The Bulwark
20260904,1730358737,Letters from an American,1,1,8,Heather Cox Richardson
20260904,1750591415,Candace,1,1,3,Candace Owens
20260904,1617887885,The President's Daily Brief,1,1,11,The First TV
20260904,1050430296,The New Yorker Radio Hour,1,1,27,WNYC Studios and The New Yorker
20260904,1057255460,The NPR Politics Podcast,1,1,7,NPR
20260904,1865794721,Real Baron Podcast,1,1,25,Baron Coleman
20260904,1495601614,Verdict with Ted Cruz,1,1,26,iHeartPodcasts
20260904,1645614328,Fast Politics with Molly Jong-Fast,1,1,24,iHeartPodcasts
20260904,1640311112,The Necessary Conversation,1,1,36,The Necessary Conversation
20260904,1647085571,The Next Level,1,1,15,The Bulwark
20260904,1258635512,Radio Atlantic,1,1,30,The Atlantic
20260904,268213039,The Political Scene | The New Yorker,1,1,20,The New Yorker
20260904,1535384390,Ruthless Podcast,1,1,12,"Josh Holmes, Comfortably Smug, Michael Duncan and John Ashbrook"
20260904,1408796715,Runaway Country with Alex Wagner,1,1,40,Runaway Country with Alex Wagner
20260904,1774505095,Raging Moderates with Scott Galloway and Jessica Tarlov,1,1,13,Vox Media Podcast Network
20260904,1570045623,Breaking Points with Krystal and Saagar,1,1,6,iHeartPodcasts
20260904,1317481380,UnJustified,1,1,119,MSW Media
20260904,73330715,On the Media,1,1,33,WNYC Studios
20260904,1200016351,Pod Save the World,1,1,5,Pod Save the World
20260904,1692806415,The Briefing with Jen Psaki,1,1,14,"MS NOW, Jen Psaki"
20260904,1551206847,#SistersInLaw,1,1,45,Politicon
20260904,1485351658,Bannon`s War Room,1,1,21,WarRoom.org
20260904,1507444393,X22 Report,1,1,32,X22 Report
20260904,1314170606,All In with Chris Hayes,1,1,16,"MS NOW, Chris Hayes"
20260904,1795032531,The Jim Acosta Show,1,1,50,Jim Acosta
20260904,1367201919,Deadline: White House,1,1,10,"Nicolle Wallace, MS NOW"
20260904,75462585,NBC Nightly News with Tom Llamas,1,1,43,NBC News
20260904,1674095262,The Wright Report,1,1,34,Bryan Dean Wright
20260904,1456045551,Talking Feds,1,1,56,Harry Litman
20260904,1876034889,Breaking News from Pod Save America,1,1,48,Crooked Media
20260904,1551582052,The Lincoln Project,1,1,69,The Lincoln Project
20260904,158004641,Political Gabfest,1,1,99,Slate Podcasts
20260904,1303660358,The Fox News Rundown,1,1,51,FOX News Podcasts
20260904,1743030473,The Rest Is Politics: US,1,1,29,Goalhanger
20260904,1490993194,Advisory Opinions,1,1,35,The Dispatch
20260904,1586423406,The Focus Group Podcast,1,1,114,The Bulwark
20260904,91959525,This Week with George Stephanopoulos,1,1,153,ABC News
20260904,1529346075,Impolitic with John Heilemann,1,1,92,Audacy | Puck
20260904,1515399733,No Lie with Brian Tyler Cohen,1,1,83,Brian Tyler Cohen
20260904,1169056746,The Playbook Podcast,1,1,53,POLITICO
20260904,1495251160,John Solomon Reports,1,1,60,John Solomon
20260904,1549272440,The Daily Punch,1,1,63,Punchbowl News
20260904,1291144720,The Remnant with Jonah Goldberg,1,1,54,The Dispatch
20260904,1725387804,The Illegal News with Sarah Longwell,1,1,124,The Bulwark
20260904,1810218232,Next Up with Mark Halperin,1,1,59,MK Media
20260904,78911087,Face the Nation with Margaret Brennan,1,1,197,CBS News
20260904,597919007,The Young Turks,1,1,46,TYT Network
20260904,1314368109,The 11th Hour with Ali Velshi,1,1,41,"MS NOW, Ali Velshi"
20260904,1536169792,Talkin‘ Politics & Religion Without Killin‘ Each Other,1,1,88,"Scan Media, LLC"
20260904,929121341,Louder with Crowder,1,1,18,Louder with Crowder
20260904,1386375601,The Ben Ferguson Podcast,1,1,75,iHeartPodcasts
20260904,1818418128,Pod Force One,1,1,104,New York Post
20260904,402050558,The David Pakman Show,1,1,37,David Pakman
20260904,219258773,Brian Kilmeade Show,1,1,70,FOX News Podcasts
20260904,1265845136,Stay Tuned with Preet,1,1,19,Preet Bharara
20260904,1474001390,TRUE ANON TRUTH FEED,1,1,71,TrueAnon
20260904,1506127536,Making the Argument with Nick Freitas,1,1,52,Nick Freitas
20260904,1681586867,The Warning with Steve Schmidt,1,1,64,iHeartPodcasts
20260904,1873028393,Politics Chat,1,1,58,Heather Cox Richardson
20260904,1679657705,Main Justice,1,1,22,"MS NOW, Andrew Weissmann, Mary McCord"
20260904,1138657182,Liberty Lockdown,1,1,91,Clint Russell
20260904,402306412,The Majority Report with Sam Seder,1,1,49,Sam Seder
20260904,1364113251,The Beat with Ari Melber,1,1,39,"Ari Melber, MS NOW"
20260904,354628391,Renegade Talk Radio,1,1,94,Renegade Talk Radio
20260904,1595408601,The PoliticsGirl Podcast,1,0,,
20260904,1467297559,Hacks On Tap,1,1,17,Vox Media
20260904,1728152109,THE DAILY BLAST with Greg Sargent,1,1,23,Greg Sargent
20260904,1484862164,Politics War Room with James Carville & Al Hunt,1,1,55,Politicon
20260904,1452065072,Newt's World,1,1,185,Gingrich 360
20260904,1790957194,The 47 Morning Update with Ben Ferguson,1,1,80,iHeartPodcasts
20260904,1462703434,Know Your Enemy,1,1,123,Matthew Sitman
20260904,1886801652,Sidebar with Katie Phang,1,0,,
20260904,1584730781,The Benny Show,1,1,66,Benny Johnson
20260904,1517313007,The Hugh Hewitt Show: Highly Concentrated,1,1,57,Salem Podcast Network
20260904,1441649707,Straight White American Jesus,1,1,100,Bradley Onishi + Daniel Miller
20260904,1195206601,The Intercept Briefing,1,1,219,The Intercept
20260904,1538788132,Tangle,1,1,67,Isaac Saul
20260904,1294461271,GZERO World with Ian Bremmer,1,1,205,GZERO Media
20260904,1585243541,Human Events Daily with Jack Posobiec,1,1,120,Human Events with Jack Posobiec
20260904,1253076699,The Michael Berry Show,1,1,76,KTRH (KTRH-AM)
20260904,1635418897,The Chris Cuomo Project,1,1,81,Chris Cuomo
20260904,969924303,The Skepticrat,1,0,,
20260904,1623855270,The Foreign Affairs Interview,1,1,82,Foreign Affairs Magazine
20260904,73331636,The Brian Lehrer Show,1,1,77,WNYC
20260904,1822142909,Glenn Diesen - Greater Eurasia Podcast,1,1,107,Glenn Diesen
20260904,1072469956,Fox Across America w/ Jimmy Failla,1,1,90,FOX News Podcasts
20260904,1218054701,Rev Left Radio,1,1,122,Revolutionary Left Radio
20260904,1456850698,The Graham Allen Show,1,1,112,Graham Allen
20260904,1805186512,Going Rogue with Lara Logan,1,1,118,Lara Logan
20260904,1509826894,RealClearPolitics Podcast,1,1,73,"RealClearPolitics, Carl Cannon, Tom Bevan"
20260904,716825890,The Tom Woods Show,1,1,95,Tom Woods
20260904,1820648828,The Joy Reid Show,1,1,105,Joy-Ann Reid
20260904,1889705401,Nobody Knows Anything,1,0,,
20260904,1573813504,The Smerconish Podcast,1,1,72,SiriusXM
20260904,1696974077,The Source with Kaitlan Collins,1,1,61,CNN Podcasts
20260904,1574741668,American Prestige,1,1,151,Daniel Bessner & Derek Davison
20260904,1669610956,System Update with Glenn Greenwald,1,1,188,Rumble
20260904,1548554104,Volts,1,1,86,David Roberts
20260904,1647025876,Wendy Bell Radio Podcast,1,1,87,Wendy Bell
20260904,1378389941,Uncommon Knowledge,1,1,74,Hoover Institution
20260904,1896576050,Brian Tyler Cohen,1,1,215,Brian Tyler Cohen Network
20260904,1715894000,Trump's Terms,1,1,65,NPR
20260904,1587492577,The Mel K Show,1,1,164,Mel K
20260904,1660317917,Defending Democracy with Marc Elias,1,1,155,Democracy Docket
20260904,1635446643,The Coffee Klatch with Robert Reich,1,1,234,Robert Reich
20260904,1722246285,The Breakdown,1,1,184,Alberto fo sho
20260904,506779862,Lectures in History,1,1,249,C-SPAN
20260904,1147092464,Opening Arguments,1,1,141,Opening Arguments Media LLC
20260904,1695205478,What Really Matters with Walter Russell Mead,1,0,,
20260904,1263295815,The Pete Quiñones Show,1,1,147,Peter R Quiñones
20260904,1728340033,Mission Implausible,1,1,241,Jon Stern
20260904,1636762428,Dad Saves America,1,1,200,John Papola
20260904,1798460240,10 Minute Drill,1,1,103,Matt Whitlock
20260904,1471411980,American Thought Leaders,1,1,163,The Epoch Times
20260904,1714879044,The Tony Kinnett Cast,1,1,102,The Daily Signal
20260904,1579061364,Head in the Office,1,1,150,HITO Media LLC
20260904,1093260018,Slate News,1,1,165,Slate Podcasts
20260904,925428680,Conversations with Bill Kristol,1,0,,
20260904,1462195742,The Al Franken Podcast,1,1,247,The Al Franken Podcast
20260904,1576614213,American Conservative University,1,1,198,American Conservative University
20260904,1467993804,What the Hell Is Going On,1,0,,
20260904,1877144831,Paul Krugman Podcast,1,1,235,Paul Krugman
20260904,1709994511,UNGOVERNED,1,1,135,Shawn Farash
20260904,73329719,KQED's Forum,1,1,113,KQED
20260904,1785081636,The Mary Trump Podcast,1,1,149,Mary Trump Media
20260904,1432118523,The Damage Report with John Iadarola,1,1,96,TYT Network
20260904,791564318,Jacobin Radio,1,1,134,Jacobin
20260904,1843478428,Owen Report,1,1,132,Owen Shroyer
20260904,1531192509,Bad Faith,1,1,129,Briahna Joy Gray
20260904,1702202187,Perino on Politics,1,1,131,FOX News Podcasts
20260904,1568505052,MOATS with George Galloway,1,1,214,Molucca Media Ltd
20260904,380996798,"The Bob Cesca Show | Politics Podcast, News & Commentary",1,1,93,Bob Cesca
20260904,1172546141,The President’s Inbox,1,1,117,Council on Foreign Relations
20260904,1043245989,The Dig,1,1,189,Daniel Denvir
20260904,1535255041,Unf*cking The Republic,1,0,,
20260904,387042247,Washington Today,1,1,169,C-SPAN
20260904,682478916,War on the Rocks,1,1,62,Ryan Evans
20260904,983782306,Federalist Radio Hour,1,1,97,Radio America
20260904,1111319839,The Conversation with Dasha Burns,1,1,242,POLITICO
20260904,1476110521,Useful Idiots with Katie Halper and Aaron Maté,1,0,,
20260904,1549624070,Amarica's Constitution,1,1,166,Akhil Reed Amar
20260904,1289062927,ChinaTalk,1,1,158,Jordan Schneider
20260904,1570380458,The Victor Davis Hanson Show,1,1,187,Victor Davis Hanson and Jack Fowler
20260904,1356662668,Politically Georgia,1,1,128,The Atlanta Journal-Constitution
20260904,1725442221,Hawk Podcasts,1,1,191,Hawk
20260904,1721813926,Bad Hasbara - The World's Most Moral Podcast,1,1,154,Matt Lieb
20260904,1439837349,The Political Orphanage,1,1,210,Andrew Heaton
20260904,1671451793,Maiden Mother Matriarch with Louise Perry,1,1,195,Louise Perry
20260904,1502568407,SGT Report’s The Propaganda Antidote,1,1,125,SGT Report
20260904,1607829807,Mark Kaye Saves The Republic,1,1,218,Kayetriot Media
20260904,545045867,Scott Horton Show - Just the Interviews,1,1,89,Scott Horton
20260904,1317356120,The Peter McCormack Show,1,1,167,Peter McCormack
20260904,1570432345,Firing Line with Margaret Hoover,1,0,,
20260904,1818658022,"Life, Liberty & Levin Podcast",1,0,,
20260904,1634341981,Antiwar News With Dave DeCamp,1,1,202,Dave DeCamp
20260904,474763182,The Globalist,1,1,181,Monocle
20260904,1871628261,The Harry Sisson Show,1,0,,
20260904,1788891712,It's A Numbers Game with Ryan Girdusky,1,1,248,iHeartPodcasts
20260904,1654162813,The Kyle Seraphin Show,1,1,133,Kyle Seraphin
20260904,1480605295,POLITICO Energy,1,1,201,POLITICO
20260904,1648125917,Stay Free with Russell Brand,1,0,,
20260904,1612691018,THE WEEKEND SHOW,1,0,,
20260904,1880163995,The Kyle Kulinski Show,1,1,101,Kyle Kulinski
20260904,1536984072,The Dishcast with Andrew Sullivan,1,0,,
20260904,1309354521,Majority 54,1,0,,
20260904,1362265400,Timcast News,1,1,42,Timcast Media
20260904,1874174561,Hope For America with Heather Delaney Reese,1,0,,
20260904,124960485,"Best of the Left - Leftist Perspectives on Progressive Politics, News, Culture, Economics and Democracy",1,0,,
20260904,1587936366,The Inside Story Podcast,1,0,,
20260904,1594728054,The Great America Show,1,1,196,Fawcett Strategies
20260904,1767877239,No Gods No Mayors,1,1,130,The Office of the Mayor
20260904,1549502623,Cleanup on Aisle 45 with AG & Harry Dunn,1,1,108,MSW Media
20260904,956270301,Rational Security,1,0,,
20260904,1548086514,The Arena,1,0,,
20260904,1155629323,The Reason Roundtable,1,1,109,The Reason Roundtable
20260904,1868807558,Batya!,1,0,,
20260904,1592116227,The Breitbart News Daily Podcast,1,1,193,SiriusXM
20260904,1809246826,The Keith Edwards Show,1,1,238,Keith Edwards
20260904,1060110806,The Nation Podcasts,1,1,171,The Nation Magazine
20260904,702998658,Week In Review,1,0,,
20260904,1493858530,Hood Politics with Prop,1,1,137,Cool Zone Media and iHeartPodcasts
20260904,1485186805,Timothy Gordon Rules for Retrogrades Podcast,1,0,,
20260904,1567204040,The Drill Down with Peter Schweizer,1,1,98,Government Accountability Institute
20260904,1869456664,What's The Plan? with Leah Greenberg and Ezra Levin,1,0,,
20260904,1614844654,Week In Review,1,0,,
20260904,1751785203,Brad vs Everyone,1,0,,
20260904,1599891719,Seattle Nice,1,0,,
20260904,1368074498,The Lars Larson Show Pacific Northwest Podcast,1,1,182,Lars Larson
20260904,1800671132,Destiny,1,1,223,Destiny
20260904,1208232103,The Buck Sexton Show,1,0,,
20260904,1485021241,The Reason Interview With Nick Gillespie,1,1,136,The Reason Interview With Nick Gillespie
20260904,1606834013,The Josh Hammer Show,1,1,175,The Josh Hammer Show
20260904,1714009198,Mea Culpa,1,1,145,Podcast WABCRadio
20260904,1839861250,The Moment with Jorge Ramos and Paola Ramos,1,1,229,iHeartPodcasts
20260904,1449848509,I Don't Speak German,1,0,,
20260904,1633301179,Countdown with Keith Olbermann,1,1,180,iHeartPodcasts
20260904,1482179882,The Mona Charen Show,1,1,170,The Bulwark
20260904,1112258664,Russian Roulette,1,0,,
20260904,1721969693,Politix,1,1,139,Politix
20260904,1351411911,The TPM Show with Josh and Kate,1,1,106,Talking Points Memo
20260904,1212380212,The Five,0,1,28,FOX News Podcasts
20260904,1375568988,TRIGGERnometry,0,1,31,TRIGGERnometry
20260904,1611374685,The Rest Is Politics,0,1,38,Goalhanger
20260904,1493229344,The Dispatch Podcast,0,1,44,The Dispatch
20260904,1788738240,It’s That Part,0,1,47,Jesse Lee Hammonds
20260904,1879498704,Power and Consequences,0,1,68,Third Clumber Productions
20260904,1243130823,The John Kobylt Show,0,1,78,iHeartPodcasts
20260904,159752078,This Morning With Gordon Deal,0,1,79,Compass Media Networks
20260904,1473150244,Americast,0,1,84,BBC News
20260904,1801103648,The Nerd Reich,0,1,85,nerdreich
20260904,1601727251,Central Air,0,1,110,"Josh Barro, Megan McArdle & Ben Dreyfuss"
20260904,1651903715,The Rush Hour With Dave Neal,0,1,111,Dave Neal
20260904,1896805652,NARITAS,0,1,115,Yanis AHMADI
20260904,1769997814,Normally,0,1,116,iHeartPodcasts
20260904,1896897095,Wired In,0,1,121,The Daily Wire
20260904,1835450563,Sources & Methods,0,1,126,NPR
20260904,1552899676,The Luke Beasley Show,0,1,127,Luke Beasley
20260904,563127951,"Law Talk With Epstein, Yoo & Cooke",0,1,138,The Civitas Institute at the University of Texas at Austin
20260904,1530639447,THE OFFICIAL MEA CULPA WITH MICHAEL COHEN ARCHIVE,0,1,140,Audio Up Media
20260904,1573983987,On the Nose,0,1,142,Jewish Currents
20260904,1494037881,Checks and Balance from The Economist,0,1,143,The Economist
20260904,1882760486,Jack Cocchiarella Show,0,1,144,Jack Cocchiarella
20260904,1504048545,The Rachman Review,0,1,146,Financial Times
20260904,1504713161,El hilo,0,1,148,My Cultura and iHeartPodcasts
20260904,1701280578,The Sean Spicer Show,0,1,152,The Sean Spicer Show
20260904,155974141,Common Sense with Dan Carlin,0,1,156,Dan Carlin
20260904,1803015612,All Things with Kim Strassel,0,1,157,The Wall Street Journal
20260904,1665265193,The Rest Is Politics: Leading,0,1,159,Goalhanger
20260904,1605545539,In the Litter Box,0,1,160,Jewels Jones & Catturd
20260904,1893673410,Agitation Nation: A Podcast From The Fenton Forecast,0,1,161,David Fenton
20260904,1485109198,Politix,0,1,162,Politix
20260904,1507832825,Time To Say Goodbye,0,1,168,Time To Say Goodbye
20260904,1327641087,Political Breakdown,0,1,172,KQED
20260904,1195899470,The Takeout with Major Garrett,0,1,173,CBS News
20260904,1643776565,You're Wrong w/ Mollie Hemingway & David Harsanyi,0,1,174,Radio America
20260904,1762436723,Dan Wootton Outspoken,0,1,176,Dan Wootton
20260904,1805502607,The MiddleGround Mic,0,1,177,Joseph Steagall
20260904,863338913,Texas Standard,0,1,178,Texas Standard
20260904,1889550138,The Loren Piretra Show,0,1,179,Loren Piretra
20260904,1696250206,HasanAbi,0,1,183,HasanAbi
20260904,1871531782,Uncertain with DL Hughley,0,1,186,DL Hughley
20260904,1136826256,Election Profit Makers,0,1,190,Jon Kimball & David Rees
20260904,1591300785,Lost Debate,0,1,192,The Branch
20260904,1121407665,Sinica Podcast,0,1,194,Kaiser Kuo
20260904,1400926647,Gaslit Nation,0,1,199,Andrea Chalupa
20260904,1685475850,The Econoclasts,0,1,203,UnHerd
20260904,886656768,The Politics Bar,0,1,204,From The Bunker
20260904,1884144340,Get Angry,0,1,206,"Bryan Andrews, ItsLuke"
20260904,1692381473,The News Agents - USA,0,1,207,Global
20260904,1896561822,NORMAL GAYS Podcast,0,1,208,NORMAL GAYS
20260904,1625856906,不明白播客,0,1,209,袁莉和她的朋友们
20260904,1412905534,The Michael Steele Podcast,0,1,211,Michael Steele
20260904,960814054,The Ricochet Superfeed,0,1,212,Ricochet
20260904,1506676334,Means Morning News,0,1,213,Means Cooperative
20260904,1381291342,If You're Listening,0,1,216,ABC Australia
20260904,517293050,The Pete Kaliner Show,0,1,217,"Pete Kaliner - news, politics, NC"
20260904,1706536336,Political Currency,0,1,220,Persephonica
20260904,1668143992,Texas Minute,0,1,221,Texas Scorecard
20260904,1551827752,The Counsel,0,1,222,CAFE
20260904,1053981528,Economic Update with Richard D. Wolff,0,1,224,"Democracy at Work, Richard D. Wolff"
20260904,1547098165,Krystal Kyle & Friends,0,1,225,Krystal
20260904,1485475085,Stand Up! with Pete Dominick,0,1,226,pete dominick
20260904,1245265763,"Oh God, What Now?",0,1,227,Podmasters
20260904,1857136176,SPN LIVE - The Stew Peters Network,0,1,228,Stew Peters
20260904,1796721454,,0,1,230,
20260904,1843174639,"The Rich Zeoli Podcast: Daily Politics, Culture & Chaos",0,1,231,Rich Zeoli
20260904,1754976617,No BS Newshour with Charlie LeDuff,0,1,232,Charlie LeDuff
20260904,1700432142,RONZHEIMER.,0,1,233,Paul Ronzheimer
20260904,1721382033,Vibes Only,0,1,236,Brian Derrick and Glennis Meagher
20260904,1896591532,Nation States with Yates,0,1,237,iHeartPodcasts
20260904,1644366053,Decoding Fox News,0,1,239,I watch all the Fox News you'd never want to.
20260904,1733640626,,0,1,240,
20260904,1882414469,On the Road with Jonathan Martin,0,1,243,POLITICO
20260904,1450994745,Balance of Power,0,1,244,Bloomberg
20260904,1833272507,Executive Disorder: White House Weekly,0,1,245,Cool Zone Media and iHeartPodcasts
20260904,1562652774,DW News Brief,0,1,246,DW
20260904,1663927350,Multipolarity,0,1,250,Multipolarity
20260905,1192761536,Pod Save America,1,1,1,Pod Save America
20260905,1510240831,The MeidasTouch Podcast,1,1,4,MeidasTouch Network
20260905,1794450472,Bulwark Takes,1,1,9,The Bulwark
20260905,1447684472,The Bulwark Podcast,1,1,2,The Bulwark
20260905,1730358737,Letters from an American,1,1,8,Heather Cox Richardson
20260905,1750591415,Candace,1,1,3,Candace Owens
20260905,1617887885,The President's Daily Brief,1,1,11,The First TV
20260905,1050430296,The New Yorker Radio Hour,1,1,27,WNYC Studios and The New Yorker
20260905,1057255460,The NPR Politics Podcast,1,1,7,NPR
20260905,1865794721,Real Baron Podcast,1,1,25,Baron Coleman
20260905,1495601614,Verdict with Ted Cruz,1,1,26,iHeartPodcasts
20260905,1645614328,Fast Politics with Molly Jong-Fast,1,1,24,iHeartPodcasts
20260905,1640311112,The Necessary Conversation,1,1,36,The Necessary Conversation
20260905,1647085571,The Next Level,1,1,15,The Bulwark
20260905,1258635512,Radio Atlantic,1,1,30,The Atlantic
20260905,268213039,The Political Scene | The New Yorker,1,1,20,The New Yorker
20260905,1535384390,Ruthless Podcast,1,1,12,"Josh Holmes, Comfortably Smug, Michael Duncan and John Ashbrook"
20260905,1408796715,Runaway Country with Alex Wagner,1,1,40,Runaway Country with Alex Wagner
20260905,1774505095,Raging Moderates with Scott Galloway and Jessica Tarlov,1,1,13,Vox Media Podcast Network
20260905,1570045623,Breaking Points with Krystal and Saagar,1,1,6,iHeartPodcasts
20260905,1317481380,UnJustified,1,1,119,MSW Media
20260905,73330715,On the Media,1,1,33,WNYC Studios
20260905,1200016351,Pod Save the World,1,1,5,Pod Save the World
20260905,1692806415,The Briefing with Jen Psaki,1,1,14,"MS NOW, Jen Psaki"
20260905,1551206847,#SistersInLaw,1,1,45,Politicon
20260905,1485351658,Bannon`s War Room,1,1,21,WarRoom.org
20260905,1507444393,X22 Report,1,1,32,X22 Report
20260905,1314170606,All In with Chris Hayes,1,1,16,"MS NOW, Chris Hayes"
20260905,1795032531,The Jim Acosta Show,1,1,50,Jim Acosta
20260905,1367201919,Deadline: White House,1,1,10,"Nicolle Wallace, MS NOW"
20260905,75462585,NBC Nightly News with Tom Llamas,1,1,43,NBC News
20260905,1674095262,The Wright Report,1,1,34,Bryan Dean Wright
20260905,1456045551,Talking Feds,1,1,56,Harry Litman
20260905,1876034889,Breaking News from Pod Save America,1,1,48,Crooked Media
20260905,1551582052,The Lincoln Project,1,1,69,The Lincoln Project
20260905,158004641,Political Gabfest,1,1,99,Slate Podcasts
20260905,1303660358,The Fox News Rundown,1,1,51,FOX News Podcasts
20260905,1743030473,The Rest Is Politics: US,1,1,29,Goalhanger
20260905,1490993194,Advisory Opinions,1,1,35,The Dispatch
20260905,1586423406,The Focus Group Podcast,1,1,114,The Bulwark
20260905,91959525,This Week with George Stephanopoulos,1,1,153,ABC News
20260905,1529346075,Impolitic with John Heilemann,1,1,92,Audacy | Puck
20260905,1515399733,No Lie with Brian Tyler Cohen,1,1,83,Brian Tyler Cohen
20260905,1169056746,The Playbook Podcast,1,1,53,POLITICO
20260905,1495251160,John Solomon Reports,1,1,60,John Solomon
20260905,1549272440,The Daily Punch,1,1,63,Punchbowl News
20260905,1291144720,The Remnant with Jonah Goldberg,1,1,54,The Dispatch
20260905,1725387804,The Illegal News with Sarah Longwell,1,1,124,The Bulwark
20260905,1810218232,Next Up with Mark Halperin,1,1,59,MK Media
20260905,78911087,Face the Nation with Margaret Brennan,1,1,197,CBS News
20260905,597919007,The Young Turks,1,1,46,TYT Network
20260905,1314368109,The 11th Hour with Ali Velshi,1,1,41,"MS NOW, Ali Velshi"
20260905,1536169792,Talkin‘ Politics & Religion Without Killin‘ Each Other,1,1,88,"Scan Media, LLC"
20260905,929121341,Louder with Crowder,1,1,18,Louder with Crowder
20260905,1386375601,The Ben Ferguson Podcast,1,1,75,iHeartPodcasts
20260905,1818418128,Pod Force One,1,1,104,New York Post
20260905,402050558,The David Pakman Show,1,1,37,David Pakman
20260905,219258773,Brian Kilmeade Show,1,1,70,FOX News Podcasts
20260905,1265845136,Stay Tuned with Preet,1,1,19,Preet Bharara
20260905,1474001390,TRUE ANON TRUTH FEED,1,1,71,TrueAnon
20260905,1506127536,Making the Argument with Nick Freitas,1,1,52,Nick Freitas
20260905,1681586867,The Warning with Steve Schmidt,1,1,64,iHeartPodcasts
20260905,1873028393,Politics Chat,1,1,58,Heather Cox Richardson
20260905,1679657705,Main Justice,1,1,22,"MS NOW, Andrew Weissmann, Mary McCord"
20260905,1138657182,Liberty Lockdown,1,1,91,Clint Russell
20260905,402306412,The Majority Report with Sam Seder,1,1,49,Sam Seder
20260905,1364113251,The Beat with Ari Melber,1,1,39,"Ari Melber, MS NOW"
20260905,354628391,Renegade Talk Radio,1,1,94,Renegade Talk Radio
20260905,1595408601,The PoliticsGirl Podcast,1,0,,
20260905,1467297559,Hacks On Tap,1,1,17,Vox Media
20260905,1728152109,THE DAILY BLAST with Greg Sargent,1,1,23,Greg Sargent
20260905,1484862164,Politics War Room with James Carville & Al Hunt,1,1,55,Politicon
20260905,1452065072,Newt's World,1,1,185,Gingrich 360
20260905,1790957194,The 47 Morning Update with Ben Ferguson,1,1,80,iHeartPodcasts
20260905,1462703434,Know Your Enemy,1,1,123,Matthew Sitman
20260905,1886801652,Sidebar with Katie Phang,1,0,,
20260905,1584730781,The Benny Show,1,1,66,Benny Johnson
20260905,1517313007,The Hugh Hewitt Show: Highly Concentrated,1,1,57,Salem Podcast Network
20260905,1441649707,Straight White American Jesus,1,1,100,Bradley Onishi + Daniel Miller
20260905,1195206601,The Intercept Briefing,1,1,219,The Intercept
20260905,1538788132,Tangle,1,1,67,Isaac Saul
20260905,1294461271,GZERO World with Ian Bremmer,1,1,205,GZERO Media
20260905,1585243541,Human Events Daily with Jack Posobiec,1,1,120,Human Events with Jack Posobiec
20260905,1253076699,The Michael Berry Show,1,1,76,KTRH (KTRH-AM)
20260905,1635418897,The Chris Cuomo Project,1,1,81,Chris Cuomo
20260905,969924303,The Skepticrat,1,0,,
20260905,1623855270,The Foreign Affairs Interview,1,1,82,Foreign Affairs Magazine
20260905,73331636,The Brian Lehrer Show,1,1,77,WNYC
20260905,1822142909,Glenn Diesen - Greater Eurasia Podcast,1,1,107,Glenn Diesen
20260905,1072469956,Fox Across America w/ Jimmy Failla,1,1,90,FOX News Podcasts
20260905,1218054701,Rev Left Radio,1,1,122,Revolutionary Left Radio
20260905,1456850698,The Graham Allen Show,1,1,112,Graham Allen
20260905,1805186512,Going Rogue with Lara Logan,1,1,118,Lara Logan
20260905,1509826894,RealClearPolitics Podcast,1,1,73,"RealClearPolitics, Carl Cannon, Tom Bevan"
20260905,716825890,The Tom Woods Show,1,1,95,Tom Woods
20260905,1820648828,The Joy Reid Show,1,1,105,Joy-Ann Reid
20260905,1889705401,Nobody Knows Anything,1,0,,
20260905,1573813504,The Smerconish Podcast,1,1,72,SiriusXM
20260905,1696974077,The Source with Kaitlan Collins,1,1,61,CNN Podcasts
20260905,1574741668,American Prestige,1,1,151,Daniel Bessner & Derek Davison
20260905,1669610956,System Update with Glenn Greenwald,1,1,188,Rumble
20260905,1548554104,Volts,1,1,86,David Roberts
20260905,1647025876,Wendy Bell Radio Podcast,1,1,87,Wendy Bell
20260905,1378389941,Uncommon Knowledge,1,1,74,Hoover Institution
20260905,1896576050,Brian Tyler Cohen,1,1,215,Brian Tyler Cohen Network
20260905,1715894000,Trump's Terms,1,1,65,NPR
20260905,1587492577,The Mel K Show,1,1,164,Mel K
20260905,1660317917,Defending Democracy with Marc Elias,1,1,155,Democracy Docket
20260905,1635446643,The Coffee Klatch with Robert Reich,1,1,234,Robert Reich
20260905,1722246285,The Breakdown,1,1,184,Alberto fo sho
20260905,506779862,Lectures in History,1,1,249,C-SPAN
20260905,1147092464,Opening Arguments,1,1,141,Opening Arguments Media LLC
20260905,1695205478,What Really Matters with Walter Russell Mead,1,0,,
20260905,1263295815,The Pete Quiñones Show,1,1,147,Peter R Quiñones
20260905,1728340033,Mission Implausible,1,1,241,Jon Stern
20260905,1636762428,Dad Saves America,1,1,200,John Papola
20260905,1798460240,10 Minute Drill,1,1,103,Matt Whitlock
20260905,1471411980,American Thought Leaders,1,1,163,The Epoch Times
20260905,1714879044,The Tony Kinnett Cast,1,1,102,The Daily Signal
20260905,1579061364,Head in the Office,1,1,150,HITO Media LLC
20260905,1093260018,Slate News,1,1,165,Slate Podcasts
20260905,925428680,Conversations with Bill Kristol,1,0,,
20260905,1462195742,The Al Franken Podcast,1,1,247,The Al Franken Podcast
20260905,1576614213,American Conservative University,1,1,198,American Conservative University
20260905,1467993804,What the Hell Is Going On,1,0,,
20260905,1877144831,Paul Krugman Podcast,1,1,235,Paul Krugman
20260905,1709994511,UNGOVERNED,1,1,135,Shawn Farash
20260905,73329719,KQED's Forum,1,1,113,KQED
20260905,1785081636,The Mary Trump Podcast,1,1,149,Mary Trump Media
20260905,1432118523,The Damage Report with John Iadarola,1,1,96,TYT Network
20260905,791564318,Jacobin Radio,1,1,134,Jacobin
20260905,1843478428,Owen Report,1,1,132,Owen Shroyer
20260905,1531192509,Bad Faith,1,1,129,Briahna Joy Gray
20260905,1702202187,Perino on Politics,1,1,131,FOX News Podcasts
20260905,1568505052,MOATS with George Galloway,1,1,214,Molucca Media Ltd
20260905,380996798,"The Bob Cesca Show | Politics Podcast, News & Commentary",1,1,93,Bob Cesca
20260905,1172546141,The President’s Inbox,1,1,117,Council on Foreign Relations
20260905,1043245989,The Dig,1,1,189,Daniel Denvir
20260905,1535255041,Unf*cking The Republic,1,0,,
20260905,387042247,Washington Today,1,1,169,C-SPAN
20260905,682478916,War on the Rocks,1,1,62,Ryan Evans
20260905,983782306,Federalist Radio Hour,1,1,97,Radio America
20260905,1111319839,The Conversation with Dasha Burns,1,1,242,POLITICO
20260905,1476110521,Useful Idiots with Katie Halper and Aaron Maté,1,0,,
20260905,1549624070,Amarica's Constitution,1,1,166,Akhil Reed Amar
20260905,1289062927,ChinaTalk,1,1,158,Jordan Schneider
20260905,1570380458,The Victor Davis Hanson Show,1,1,187,Victor Davis Hanson and Jack Fowler
20260905,1356662668,Politically Georgia,1,1,128,The Atlanta Journal-Constitution
20260905,1725442221,Hawk Podcasts,1,1,191,Hawk
20260905,1721813926,Bad Hasbara - The World's Most Moral Podcast,1,1,154,Matt Lieb
20260905,1439837349,The Political Orphanage,1,1,210,Andrew Heaton
20260905,1671451793,Maiden Mother Matriarch with Louise Perry,1,1,195,Louise Perry
20260905,1502568407,SGT Report’s The Propaganda Antidote,1,1,125,SGT Report
20260905,1607829807,Mark Kaye Saves The Republic,1,1,218,Kayetriot Media
20260905,545045867,Scott Horton Show - Just the Interviews,1,1,89,Scott Horton
20260905,1317356120,The Peter McCormack Show,1,1,167,Peter McCormack
20260905,1570432345,Firing Line with Margaret Hoover,1,0,,
20260905,1818658022,"Life, Liberty & Levin Podcast",1,0,,
20260905,1634341981,Antiwar News With Dave DeCamp,1,1,202,Dave DeCamp
20260905,474763182,The Globalist,1,1,181,Monocle
20260905,1871628261,The Harry Sisson Show,1,0,,
20260905,1788891712,It's A Numbers Game with Ryan Girdusky,1,1,248,iHeartPodcasts
20260905,1654162813,The Kyle Seraphin Show,1,1,133,Kyle Seraphin
20260905,1480605295,POLITICO Energy,1,1,201,POLITICO
20260905,1648125917,Stay Free with Russell Brand,1,0,,
20260905,1612691018,THE WEEKEND SHOW,1,0,,
20260905,1880163995,The Kyle Kulinski Show,1,1,101,Kyle Kulinski
20260905,1536984072,The Dishcast with Andrew Sullivan,1,0,,
20260905,1309354521,Majority 54,1,0,,
20260905,1362265400,Timcast News,1,1,42,Timcast Media
20260905,1874174561,Hope For America with Heather Delaney Reese,1,0,,
20260905,124960485,"Best of the Left - Leftist Perspectives on Progressive Politics, News, Culture, Economics and Democracy",1,0,,
20260905,1587936366,The Inside Story Podcast,1,0,,
20260905,1594728054,The Great America Show,1,1,196,Fawcett Strategies
20260905,1767877239,No Gods No Mayors,1,1,130,The Office of the Mayor
20260905,1549502623,Cleanup on Aisle 45 with AG & Harry Dunn,1,1,108,MSW Media
20260905,956270301,Rational Security,1,0,,
20260905,1548086514,The Arena,1,0,,
20260905,1155629323,The Reason Roundtable,1,1,109,The Reason Roundtable
20260905,1868807558,Batya!,1,0,,
20260905,1592116227,The Breitbart News Daily Podcast,1,1,193,SiriusXM
20260905,1809246826,The Keith Edwards Show,1,1,238,Keith Edwards
20260905,1060110806,The Nation Podcasts,1,1,171,The Nation Magazine
20260905,702998658,Week In Review,1,0,,
20260905,1493858530,Hood Politics with Prop,1,1,137,Cool Zone Media and iHeartPodcasts
20260905,1485186805,Timothy Gordon Rules for Retrogrades Podcast,1,0,,
20260905,1567204040,The Drill Down with Peter Schweizer,1,1,98,Government Accountability Institute
20260905,1869456664,What's The Plan? with Leah Greenberg and Ezra Levin,1,0,,
20260905,1614844654,Week In Review,1,0,,
20260905,1751785203,Brad vs Everyone,1,0,,
20260905,1599891719,Seattle Nice,1,0,,
20260905,1368074498,The Lars Larson Show Pacific Northwest Podcast,1,1,182,Lars Larson
20260905,1800671132,Destiny,1,1,223,Destiny
20260905,1208232103,The Buck Sexton Show,1,0,,
20260905,1485021241,The Reason Interview With Nick Gillespie,1,1,136,The Reason Interview With Nick Gillespie
20260905,1606834013,The Josh Hammer Show,1,1,175,The Josh Hammer Show
20260905,1714009198,Mea Culpa,1,1,145,Podcast WABCRadio
20260905,1839861250,The Moment with Jorge Ramos and Paola Ramos,1,1,229,iHeartPodcasts
20260905,1449848509,I Don't Speak German,1,0,,
20260905,1633301179,Countdown with Keith Olbermann,1,1,180,iHeartPodcasts
20260905,1482179882,The Mona Charen Show,1,1,170,The Bulwark
20260905,1112258664,Russian Roulette,1,0,,
20260905,1721969693,Politix,1,1,139,Politix
20260905,1351411911,The TPM Show with Josh and Kate,1,1,106,Talking Points Memo
20260905,1212380212,The Five,0,1,28,FOX News Podcasts
20260905,1375568988,TRIGGERnometry,0,1,31,TRIGGERnometry
20260905,1611374685,The Rest Is Politics,0,1,38,Goalhanger
20260905,1493229344,The Dispatch Podcast,0,1,44,The Dispatch
20260905,1788738240,It’s That Part,0,1,47,Jesse Lee Hammonds
20260905,1879498704,Power and Consequences,0,1,68,Third Clumber Productions
20260905,1243130823,The John Kobylt Show,0,1,78,iHeartPodcasts
20260905,159752078,This Morning With Gordon Deal,0,1,79,Compass Media Networks
20260905,1473150244,Americast,0,1,84,BBC News
20260905,1801103648,The Nerd Reich,0,1,85,nerdreich
20260905,1601727251,Central Air,0,1,110,"Josh Barro, Megan McArdle & Ben Dreyfuss"
20260905,1651903715,The Rush Hour With Dave Neal,0,1,111,Dave Neal
20260905,1896805652,NARITAS,0,1,115,Yanis AHMADI
20260905,1769997814,Normally,0,1,116,iHeartPodcasts
20260905,1896897095,Wired In,0,1,121,The Daily Wire
20260905,1835450563,Sources & Methods,0,1,126,NPR
20260905,1552899676,The Luke Beasley Show,0,1,127,Luke Beasley
20260905,563127951,"Law Talk With Epstein, Yoo & Cooke",0,1,138,The Civitas Institute at the University of Texas at Austin
20260905,1530639447,THE OFFICIAL MEA CULPA WITH MICHAEL COHEN ARCHIVE,0,1,140,Audio Up Media
20260905,1573983987,On the Nose,0,1,142,Jewish Currents
20260905,1494037881,Checks and Balance from The Economist,0,1,143,The Economist
20260905,1882760486,Jack Cocchiarella Show,0,1,144,Jack Cocchiarella
20260905,1504048545,The Rachman Review,0,1,146,Financial Times
20260905,1504713161,El hilo,0,1,148,My Cultura and iHeartPodcasts
20260905,1701280578,The Sean Spicer Show,0,1,152,The Sean Spicer Show
20260905,155974141,Common Sense with Dan Carlin,0,1,156,Dan Carlin
20260905,1803015612,All Things with Kim Strassel,0,1,157,The Wall Street Journal
20260905,1665265193,The Rest Is Politics: Leading,0,1,159,Goalhanger
20260905,1605545539,In the Litter Box,0,1,160,Jewels Jones & Catturd
20260905,1893673410,Agitation Nation: A Podcast From The Fenton Forecast,0,1,161,David Fenton
20260905,1485109198,Politix,0,1,162,Politix
20260905,1507832825,Time To Say Goodbye,0,1,168,Time To Say Goodbye
20260905,1327641087,Political Breakdown,0,1,172,KQED
20260905,1195899470,The Takeout with Major Garrett,0,1,173,CBS News
20260905,1643776565,You're Wrong w/ Mollie Hemingway & David Harsanyi,0,1,174,Radio America
20260905,1762436723,Dan Wootton Outspoken,0,1,176,Dan Wootton
20260905,1805502607,The MiddleGround Mic,0,1,177,Joseph Steagall
20260905,863338913,Texas Standard,0,1,178,Texas Standard
20260905,1889550138,The Loren Piretra Show,0,1,179,Loren Piretra
20260905,1696250206,HasanAbi,0,1,183,HasanAbi
20260905,1871531782,Uncertain with DL Hughley,0,1,186,DL Hughley
20260905,1136826256,Election Profit Makers,0,1,190,Jon Kimball & David Rees
20260905,1591300785,Lost Debate,0,1,192,The Branch
20260905,1121407665,Sinica Podcast,0,1,194,Kaiser Kuo
20260905,1400926647,Gaslit Nation,0,1,199,Andrea Chalupa
20260905,1685475850,The Econoclasts,0,1,203,UnHerd
20260905,886656768,The Politics Bar,0,1,204,From The Bunker
20260905,1884144340,Get Angry,0,1,206,"Bryan Andrews, ItsLuke"
20260905,1692381473,The News Agents - USA,0,1,207,Global
20260905,1896561822,NORMAL GAYS Podcast,0,1,208,NORMAL GAYS
20260905,1625856906,不明白播客,0,1,209,袁莉和她的朋友们
20260905,1412905534,The Michael Steele Podcast,0,1,211,Michael Steele
20260905,960814054,The Ricochet Superfeed,0,1,212,Ricochet
20260905,1506676334,Means Morning News,0,1,213,Means Cooperative
20260905,1381291342,If You're Listening,0,1,216,ABC Australia
20260905,517293050,The Pete Kaliner Show,0,1,217,"Pete Kaliner - news, politics, NC"
20260905,1706536336,Political Currency,0,1,220,Persephonica
20260905,1668143992,Texas Minute,0,1,221,Texas Scorecard
20260905,1551827752,The Counsel,0,1,222,CAFE
20260905,1053981528,Economic Update with Richard D. Wolff,0,1,224,"Democracy at Work, Richard D. Wolff"
20260905,1547098165,Krystal Kyle & Friends,0,1,225,Krystal
20260905,1485475085,Stand Up! with Pete Dominick,0,1,226,pete dominick
20260905,1245265763,"Oh God, What Now?",0,1,227,Podmasters
20260905,1857136176,SPN LIVE - The Stew Peters Network,0,1,228,Stew Peters
20260905,1796721454,,0,1,230,
20260905,1843174639,"The Rich Zeoli Podcast: Daily Politics, Culture & Chaos",0,1,231,Rich Zeoli
20260905,1754976617,No BS Newshour with Charlie LeDuff,0,1,232,Charlie LeDuff
20260905,1700432142,RONZHEIMER.,0,1,233,Paul Ronzheimer
20260905,1721382033,Vibes Only,0,1,236,Brian Derrick and Glennis Meagher
20260905,1896591532,Nation States with Yates,0,1,237,iHeartPodcasts
20260905,1644366053,Decoding Fox News,0,1,239,I watch all the Fox News you'd never want to.
20260905,1733640626,,0,1,240,
20260905,1882414469,On the Road with Jonathan Martin,0,1,243,POLITICO
20260905,1450994745,Balance of Power,0,1,244,Bloomberg
20260905,1833272507,Executive Disorder: White House Weekly,0,1,245,Cool Zone Media and iHeartPodcasts
20260905,1562652774,DW News Brief,0,1,246,DW
20260905,1663927350,Multipolarity,0,1,250,Multipolarity
20260906,1192761536,Pod Save America,1,1,1,Pod Save America
20260906,1510240831,The MeidasTouch Podcast,1,1,4,MeidasTouch Network
20260906,1794450472,Bulwark Takes,1,1,9,The Bulwark
20260906,1447684472,The Bulwark Podcast,1,1,2,The Bulwark
20260906,1730358737,Letters from an American,1,1,8,Heather Cox Richardson
20260906,1750591415,Candace,1,1,3,Candace Owens
20260906,1617887885,The President's Daily Brief,1,1,11,The First TV
20260906,1050430296,The New Yorker Radio Hour,1,1,27,WNYC Studios and The New Yorker
20260906,1057255460,The NPR Politics Podcast,1,1,7,NPR
20260906,1865794721,Real Baron Podcast,1,1,25,Baron Coleman
20260906,1495601614,Verdict with Ted Cruz,1,1,26,iHeartPodcasts
20260906,1645614328,Fast Politics with Molly Jong-Fast,1,1,24,iHeartPodcasts
20260906,1640311112,The Necessary Conversation,1,1,36,The Necessary Conversation
20260906,1647085571,The Next Level,1,1,15,The Bulwark
20260906,1258635512,Radio Atlantic,1,1,30,The Atlantic
20260906,268213039,The Political Scene | The New Yorker,1,1,20,The New Yorker
20260906,1535384390,Ruthless Podcast,1,1,12,"Josh Holmes, Comfortably Smug, Michael Duncan and John Ashbrook"
20260906,1408796715,Runaway Country with Alex Wagner,1,1,40,Runaway Country with Alex Wagner
20260906,1774505095,Raging Moderates with Scott Galloway and Jessica Tarlov,1,1,13,Vox Media Podcast Network
20260906,1570045623,Breaking Points with Krystal and Saagar,1,1,6,iHeartPodcasts
20260906,1317481380,UnJustified,1,1,119,MSW Media
20260906,73330715,On the Media,1,1,33,WNYC Studios
20260906,1200016351,Pod Save the World,1,1,5,Pod Save the World
20260906,1692806415,The Briefing with Jen Psaki,1,1,14,"MS NOW, Jen Psaki"
20260906,1551206847,#SistersInLaw,1,1,45,Politicon
20260906,1485351658,Bannon`s War Room,1,1,21,WarRoom.org
20260906,1507444393,X22 Report,1,1,32,X22 Report
20260906,1314170606,All In with Chris Hayes,1,1,16,"MS NOW, Chris Hayes"
20260906,1795032531,The Jim Acosta Show,1,1,50,Jim Acosta
20260906,1367201919,Deadline: White House,1,1,10,"Nicolle Wallace, MS NOW"
20260906,75462585,NBC Nightly News with Tom Llamas,1,1,43,NBC News
20260906,1674095262,The Wright Report,1,1,34,Bryan Dean Wright
20260906,1456045551,Talking Feds,1,1,56,Harry Litman
20260906,1876034889,Breaking News from Pod Save America,1,1,48,Crooked Media
20260906,1551582052,The Lincoln Project,1,1,69,The Lincoln Project
20260906,158004641,Political Gabfest,1,1,99,Slate Podcasts
20260906,1303660358,The Fox News Rundown,1,1,51,FOX News Podcasts
20260906,1743030473,The Rest Is Politics: US,1,1,29,Goalhanger
20260906,1490993194,Advisory Opinions,1,1,35,The Dispatch
20260906,1586423406,The Focus Group Podcast,1,1,114,The Bulwark
20260906,91959525,This Week with George Stephanopoulos,1,1,153,ABC News
20260906,1529346075,Impolitic with John Heilemann,1,1,92,Audacy | Puck
20260906,1515399733,No Lie with Brian Tyler Cohen,1,1,83,Brian Tyler Cohen
20260906,1169056746,The Playbook Podcast,1,1,53,POLITICO
20260906,1495251160,John Solomon Reports,1,1,60,John Solomon
20260906,1549272440,The Daily Punch,1,1,63,Punchbowl News
20260906,1291144720,The Remnant with Jonah Goldberg,1,1,54,The Dispatch
20260906,1725387804,The Illegal News with Sarah Longwell,1,1,124,The Bulwark
20260906,1810218232,Next Up with Mark Halperin,1,1,59,MK Media
20260906,78911087,Face the Nation with Margaret Brennan,1,1,197,CBS News
20260906,597919007,The Young Turks,1,1,46,TYT Network
20260906,1314368109,The 11th Hour with Ali Velshi,1,1,41,"MS NOW, Ali Velshi"
20260906,1536169792,Talkin‘ Politics & Religion Without Killin‘ Each Other,1,1,88,"Scan Media, LLC"
20260906,929121341,Louder with Crowder,1,1,18,Louder with Crowder
20260906,1386375601,The Ben Ferguson Podcast,1,1,75,iHeartPodcasts
20260906,1818418128,Pod Force One,1,1,104,New York Post
20260906,402050558,The David Pakman Show,1,1,37,David Pakman
20260906,219258773,Brian Kilmeade Show,1,1,70,FOX News Podcasts
20260906,1265845136,Stay Tuned with Preet,1,1,19,Preet Bharara
20260906,1474001390,TRUE ANON TRUTH FEED,1,1,71,TrueAnon
20260906,1506127536,Making the Argument with Nick Freitas,1,1,52,Nick Freitas
20260906,1681586867,The Warning with Steve Schmidt,1,1,64,iHeartPodcasts
20260906,1873028393,Politics Chat,1,1,58,Heather Cox Richardson
20260906,1679657705,Main Justice,1,1,22,"MS NOW, Andrew Weissmann, Mary McCord"
20260906,1138657182,Liberty Lockdown,1,1,91,Clint Russell
20260906,402306412,The Majority Report with Sam Seder,1,1,49,Sam Seder
20260906,1364113251,The Beat with Ari Melber,1,1,39,"Ari Melber, MS NOW"
20260906,354628391,Renegade Talk Radio,1,1,94,Renegade Talk Radio
20260906,1595408601,The PoliticsGirl Podcast,1,0,,
20260906,1467297559,Hacks On Tap,1,1,17,Vox Media
20260906,1728152109,THE DAILY BLAST with Greg Sargent,1,1,23,Greg Sargent
20260906,1484862164,Politics War Room with James Carville & Al Hunt,1,1,55,Politicon
20260906,1452065072,Newt's World,1,1,185,Gingrich 360
20260906,1790957194,The 47 Morning Update with Ben Ferguson,1,1,80,iHeartPodcasts
20260906,1462703434,Know Your Enemy,1,1,123,Matthew Sitman
20260906,1886801652,Sidebar with Katie Phang,1,0,,
20260906,1584730781,The Benny Show,1,1,66,Benny Johnson
20260906,1517313007,The Hugh Hewitt Show: Highly Concentrated,1,1,57,Salem Podcast Network
20260906,1441649707,Straight White American Jesus,1,1,100,Bradley Onishi + Daniel Miller
20260906,1195206601,The Intercept Briefing,1,1,219,The Intercept
20260906,1538788132,Tangle,1,1,67,Isaac Saul
20260906,1294461271,GZERO World with Ian Bremmer,1,1,205,GZERO Media
20260906,1585243541,Human Events Daily with Jack Posobiec,1,1,120,Human Events with Jack Posobiec
20260906,1253076699,The Michael Berry Show,1,1,76,KTRH (KTRH-AM)
20260906,1635418897,The Chris Cuomo Project,1,1,81,Chris Cuomo
20260906,969924303,The Skepticrat,1,0,,
20260906,1623855270,The Foreign Affairs Interview,1,1,82,Foreign Affairs Magazine
20260906,73331636,The Brian Lehrer Show,1,1,77,WNYC
20260906,1822142909,Glenn Diesen - Greater Eurasia Podcast,1,1,107,Glenn Diesen
20260906,1072469956,Fox Across America w/ Jimmy Failla,1,1,90,FOX News Podcasts
20260906,1218054701,Rev Left Radio,1,1,122,Revolutionary Left Radio
20260906,1456850698,The Graham Allen Show,1,1,112,Graham Allen
20260906,1805186512,Going Rogue with Lara Logan,1,1,118,Lara Logan
20260906,1509826894,RealClearPolitics Podcast,1,1,73,"RealClearPolitics, Carl Cannon, Tom Bevan"
20260906,716825890,The Tom Woods Show,1,1,95,Tom Woods
20260906,1820648828,The Joy Reid Show,1,1,105,Joy-Ann Reid
20260906,1889705401,Nobody Knows Anything,1,0,,
20260906,1573813504,The Smerconish Podcast,1,1,72,SiriusXM
20260906,1696974077,The Source with Kaitlan Collins,1,1,61,CNN Podcasts
20260906,1574741668,American Prestige,1,1,151,Daniel Bessner & Derek Davison
20260906,1669610956,System Update with Glenn Greenwald,1,1,188,Rumble
20260906,1548554104,Volts,1,1,86,David Roberts
20260906,1647025876,Wendy Bell Radio Podcast,1,1,87,Wendy Bell
20260906,1378389941,Uncommon Knowledge,1,1,74,Hoover Institution
20260906,1896576050,Brian Tyler Cohen,1,1,215,Brian Tyler Cohen Network
20260906,1715894000,Trump's Terms,1,1,65,NPR
20260906,1587492577,The Mel K Show,1,1,164,Mel K
20260906,1660317917,Defending Democracy with Marc Elias,1,1,155,Democracy Docket
20260906,1635446643,The Coffee Klatch with Robert Reich,1,1,234,Robert Reich
20260906,1722246285,The Breakdown,1,1,184,Alberto fo sho
20260906,506779862,Lectures in History,1,1,249,C-SPAN
20260906,1147092464,Opening Arguments,1,1,141,Opening Arguments Media LLC
20260906,1695205478,What Really Matters with Walter Russell Mead,1,0,,
20260906,1263295815,The Pete Quiñones Show,1,1,147,Peter R Quiñones
20260906,1728340033,Mission Implausible,1,1,241,Jon Stern
20260906,1636762428,Dad Saves America,1,1,200,John Papola
20260906,1798460240,10 Minute Drill,1,1,103,Matt Whitlock
20260906,1471411980,American Thought Leaders,1,1,163,The Epoch Times
20260906,1714879044,The Tony Kinnett Cast,1,1,102,The Daily Signal
20260906,1579061364,Head in the Office,1,1,150,HITO Media LLC
20260906,1093260018,Slate News,1,1,165,Slate Podcasts
20260906,925428680,Conversations with Bill Kristol,1,0,,
20260906,1462195742,The Al Franken Podcast,1,1,247,The Al Franken Podcast
20260906,1576614213,American Conservative University,1,1,198,American Conservative University
20260906,1467993804,What the Hell Is Going On,1,0,,
20260906,1877144831,Paul Krugman Podcast,1,1,235,Paul Krugman
20260906,1709994511,UNGOVERNED,1,1,135,Shawn Farash
20260906,73329719,KQED's Forum,1,1,113,KQED
20260906,1785081636,The Mary Trump Podcast,1,1,149,Mary Trump Media
20260906,1432118523,The Damage Report with John Iadarola,1,1,96,TYT Network
20260906,791564318,Jacobin Radio,1,1,134,Jacobin
20260906,1843478428,Owen Report,1,1,132,Owen Shroyer
20260906,1531192509,Bad Faith,1,1,129,Briahna Joy Gray
20260906,1702202187,Perino on Politics,1,1,131,FOX News Podcasts
20260906,1568505052,MOATS with George Galloway,1,1,214,Molucca Media Ltd
20260906,380996798,"The Bob Cesca Show | Politics Podcast, News & Commentary",1,1,93,Bob Cesca
20260906,1172546141,The President’s Inbox,1,1,117,Council on Foreign Relations
20260906,1043245989,The Dig,1,1,189,Daniel Denvir
20260906,1535255041,Unf*cking The Republic,1,0,,
20260906,387042247,Washington Today,1,1,169,C-SPAN
20260906,682478916,War on the Rocks,1,1,62,Ryan Evans
20260906,983782306,Federalist Radio Hour,1,1,97,Radio America
20260906,1111319839,The Conversation with Dasha Burns,1,1,242,POLITICO
20260906,1476110521,Useful Idiots with Katie Halper and Aaron Maté,1,0,,
20260906,1549624070,Amarica's Constitution,1,1,166,Akhil Reed Amar
20260906,1289062927,ChinaTalk,1,1,158,Jordan Schneider
20260906,1570380458,The Victor Davis Hanson Show,1,1,187,Victor Davis Hanson and Jack Fowler
20260906,1356662668,Politically Georgia,1,1,128,The Atlanta Journal-Constitution
20260906,1725442221,Hawk Podcasts,1,1,191,Hawk
20260906,1721813926,Bad Hasbara - The World's Most Moral Podcast,1,1,154,Matt Lieb
20260906,1439837349,The Political Orphanage,1,1,210,Andrew Heaton
20260906,1671451793,Maiden Mother Matriarch with Louise Perry,1,1,195,Louise Perry
20260906,1502568407,SGT Report’s The Propaganda Antidote,1,1,125,SGT Report
20260906,1607829807,Mark Kaye Saves The Republic,1,1,218,Kayetriot Media
20260906,545045867,Scott Horton Show - Just the Interviews,1,1,89,Scott Horton
20260906,1317356120,The Peter McCormack Show,1,1,167,Peter McCormack
20260906,1570432345,Firing Line with Margaret Hoover,1,0,,
20260906,1818658022,"Life, Liberty & Levin Podcast",1,0,,
20260906,1634341981,Antiwar News With Dave DeCamp,1,1,202,Dave DeCamp
20260906,474763182,The Globalist,1,1,181,Monocle
20260906,1871628261,The Harry Sisson Show,1,0,,
20260906,1788891712,It's A Numbers Game with Ryan Girdusky,1,1,248,iHeartPodcasts
20260906,1654162813,The Kyle Seraphin Show,1,1,133,Kyle Seraphin
20260906,1480605295,POLITICO Energy,1,1,201,POLITICO
20260906,1648125917,Stay Free with Russell Brand,1,0,,
20260906,1612691018,THE WEEKEND SHOW,1,0,,
20260906,1880163995,The Kyle Kulinski Show,1,1,101,Kyle Kulinski
20260906,1536984072,The Dishcast with Andrew Sullivan,1,0,,
20260906,1309354521,Majority 54,1,0,,
20260906,1362265400,Timcast News,1,1,42,Timcast Media
20260906,1874174561,Hope For America with Heather Delaney Reese,1,0,,
20260906,124960485,"Best of the Left - Leftist Perspectives on Progressive Politics, News, Culture, Economics and Democracy",1,0,,
20260906,1587936366,The Inside Story Podcast,1,0,,
20260906,1594728054,The Great America Show,1,1,196,Fawcett Strategies
20260906,1767877239,No Gods No Mayors,1,1,130,The Office of the Mayor
20260906,1549502623,Cleanup on Aisle 45 with AG & Harry Dunn,1,1,108,MSW Media
20260906,956270301,Rational Security,1,0,,
20260906,1548086514,The Arena,1,0,,
20260906,1155629323,The Reason Roundtable,1,1,109,The Reason Roundtable
20260906,1868807558,Batya!,1,0,,
20260906,1592116227,The Breitbart News Daily Podcast,1,1,193,SiriusXM
20260906,1809246826,The Keith Edwards Show,1,1,238,Keith Edwards
20260906,1060110806,The Nation Podcasts,1,1,171,The Nation Magazine
20260906,702998658,Week In Review,1,0,,
20260906,1493858530,Hood Politics with Prop,1,1,137,Cool Zone Media and iHeartPodcasts
20260906,1485186805,Timothy Gordon Rules for Retrogrades Podcast,1,0,,
20260906,1567204040,The Drill Down with Peter Schweizer,1,1,98,Government Accountability Institute
20260906,1869456664,What's The Plan? with Leah Greenberg and Ezra Levin,1,0,,
20260906,1614844654,Week In Review,1,0,,
20260906,1751785203,Brad vs Everyone,1,0,,
20260906,1599891719,Seattle Nice,1,0,,
20260906,1368074498,The Lars Larson Show Pacific Northwest Podcast,1,1,182,Lars Larson
20260906,1800671132,Destiny,1,1,223,Destiny
20260906,1208232103,The Buck Sexton Show,1,0,,
20260906,1485021241,The Reason Interview With Nick Gillespie,1,1,136,The Reason Interview With Nick Gillespie
20260906,1606834013,The Josh Hammer Show,1,1,175,The Josh Hammer Show
20260906,1714009198,Mea Culpa,1,1,145,Podcast WABCRadio
20260906,1839861250,The Moment with Jorge Ramos and Paola Ramos,1,1,229,iHeartPodcasts
20260906,1449848509,I Don't Speak German,1,0,,
20260906,1633301179,Countdown with Keith Olbermann,1,1,180,iHeartPodcasts
20260906,1482179882,The Mona Charen Show,1,1,170,The Bulwark
20260906,1112258664,Russian Roulette,1,0,,
20260906,1721969693,Politix,1,1,139,Politix
20260906,1351411911,The TPM Show with Josh and Kate,1,1,106,Talking Points Memo
20260906,1212380212,The Five,0,1,28,FOX News Podcasts
20260906,1375568988,TRIGGERnometry,0,1,31,TRIGGERnometry
20260906,1611374685,The Rest Is Politics,0,1,38,Goalhanger
20260906,1493229344,The Dispatch Podcast,0,1,44,The Dispatch
20260906,1788738240,It’s That Part,0,1,47,Jesse Lee Hammonds
20260906,1879498704,Power and Consequences,0,1,68,Third Clumber Productions
20260906,1243130823,The John Kobylt Show,0,1,78,iHeartPodcasts
20260906,159752078,This Morning With Gordon Deal,0,1,79,Compass Media Networks
20260906,1473150244,Americast,0,1,84,BBC News
20260906,1801103648,The Nerd Reich,0,1,85,nerdreich
20260906,1601727251,Central Air,0,1,110,"Josh Barro, Megan McArdle & Ben Dreyfuss"
20260906,1651903715,The Rush Hour With Dave Neal,0,1,111,Dave Neal
20260906,1896805652,NARITAS,0,1,115,Yanis AHMADI
20260906,1769997814,Normally,0,1,116,iHeartPodcasts
20260906,1896897095,Wired In,0,1,121,The Daily Wire
20260906,1835450563,Sources & Methods,0,1,126,NPR
20260906,1552899676,The Luke Beasley Show,0,1,127,Luke Beasley
20260906,563127951,"Law Talk With Epstein, Yoo & Cooke",0,1,138,The Civitas Institute at the University of Texas at Austin
20260906,1530639447,THE OFFICIAL MEA CULPA WITH MICHAEL COHEN ARCHIVE,0,1,140,Audio Up Media
20260906,1573983987,On the Nose,0,1,142,Jewish Currents
20260906,1494037881,Checks and Balance from The Economist,0,1,143,The Economist
20260906,1882760486,Jack Cocchiarella Show,0,1,144,Jack Cocchiarella
20260906,1504048545,The Rachman Review,0,1,146,Financial Times
20260906,1504713161,El hilo,0,1,148,My Cultura and iHeartPodcasts
20260906,1701280578,The Sean Spicer Show,0,1,152,The Sean Spicer Show
20260906,155974141,Common Sense with Dan Carlin,0,1,156,Dan Carlin
20260906,1803015612,All Things with Kim Strassel,0,1,157,The Wall Street Journal
20260906,1665265193,The Rest Is Politics: Leading,0,1,159,Goalhanger
20260906,1605545539,In the Litter Box,0,1,160,Jewels Jones & Catturd
20260906,1893673410,Agitation Nation: A Podcast From The Fenton Forecast,0,1,161,David Fenton
20260906,1485109198,Politix,0,1,162,Politix
20260906,1507832825,Time To Say Goodbye,0,1,168,Time To Say Goodbye
20260906,1327641087,Political Breakdown,0,1,172,KQED
20260906,1195899470,The Takeout with Major Garrett,0,1,173,CBS News
20260906,1643776565,You're Wrong w/ Mollie Hemingway & David Harsanyi,0,1,174,Radio America
20260906,1762436723,Dan Wootton Outspoken,0,1,176,Dan Wootton
20260906,1805502607,The MiddleGround Mic,0,1,177,Joseph Steagall
20260906,863338913,Texas Standard,0,1,178,Texas Standard
20260906,1889550138,The Loren Piretra Show,0,1,179,Loren Piretra
20260906,1696250206,HasanAbi,0,1,183,HasanAbi
20260906,1871531782,Uncertain with DL Hughley,0,1,186,DL Hughley
20260906,1136826256,Election Profit Makers,0,1,190,Jon Kimball & David Rees
20260906,1591300785,Lost Debate,0,1,192,The Branch
20260906,1121407665,Sinica Podcast,0,1,194,Kaiser Kuo
20260906,1400926647,Gaslit Nation,0,1,199,Andrea Chalupa
20260906,1685475850,The Econoclasts,0,1,203,UnHerd
20260906,886656768,The Politics Bar,0,1,204,From The Bunker
20260906,1884144340,Get Angry,0,1,206,"Bryan Andrews, ItsLuke"
20260906,1692381473,The News Agents - USA,0,1,207,Global
20260906,1896561822,NORMAL GAYS Podcast,0,1,208,NORMAL GAYS
20260906,1625856906,不明白播客,0,1,209,袁莉和她的朋友们
20260906,1412905534,The Michael Steele Podcast,0,1,211,Michael Steele
20260906,960814054,The Ricochet Superfeed,0,1,212,Ricochet
20260906,1506676334,Means Morning News,0,1,213,Means Cooperative
20260906,1381291342,If You're Listening,0,1,216,ABC Australia
20260906,517293050,The Pete Kaliner Show,0,1,217,"Pete Kaliner - news, politics, NC"
20260906,1706536336,Political Currency,0,1,220,Persephonica
20260906,1668143992,Texas Minute,0,1,221,Texas Scorecard
20260906,1551827752,The Counsel,0,1,222,CAFE
20260906,1053981528,Economic Update with Richard D. Wolff,0,1,224,"Democracy at Work, Richard D. Wolff"
20260906,1547098165,Krystal Kyle & Friends,0,1,225,Krystal
20260906,1485475085,Stand Up! with Pete Dominick,0,1,226,pete dominick
20260906,1245265763,"Oh God, What Now?",0,1,227,Podmasters
20260906,1857136176,SPN LIVE - The Stew Peters Network,0,1,228,Stew Peters
20260906,1796721454,,0,1,230,
20260906,1843174639,"The Rich Zeoli Podcast: Daily Politics, Culture & Chaos",0,1,231,Rich Zeoli
20260906,1754976617,No BS Newshour with Charlie LeDuff,0,1,232,Charlie LeDuff
20260906,1700432142,RONZHEIMER.,0,1,233,Paul Ronzheimer
20260906,1721382033,Vibes Only,0,1,236,Brian Derrick and Glennis Meagher
20260906,1896591532,Nation States with Yates,0,1,237,iHeartPodcasts
20260906,1644366053,Decoding Fox News,0,1,239,I watch all the Fox News you'd never want to.
20260906,1733640626,,0,1,240,
20260906,1882414469,On the Road with Jonathan Martin,0,1,243,POLITICO
20260906,1450994745,Balance of Power,0,1,244,Bloomberg
20260906,1833272507,Executive Disorder: White House Weekly,0,1,245,Cool Zone Media and iHeartPodcasts
20260906,1562652774,DW News Brief,0,1,246,DW
20260906,1663927350,Multipolarity,0,1,250,Multipolarity
20260907,1192761536,Pod Save America,1,1,1,Pod Save America
20260907,1510240831,The MeidasTouch Podcast,1,1,4,MeidasTouch Network
20260907,1794450472,Bulwark Takes,1,1,9,The Bulwark
20260907,1447684472,The Bulwark Podcast,1,1,2,The Bulwark
20260907,1730358737,Letters from an American,1,1,8,Heather Cox Richardson
20260907,1750591415,Candace,1,1,3,Candace Owens
20260907,1617887885,The President's Daily Brief,1,1,11,The First TV
20260907,1050430296,The New Yorker Radio Hour,1,1,27,WNYC Studios and The New Yorker
20260907,1057255460,The NPR Politics Podcast,1,1,7,NPR
20260907,1865794721,Real Baron Podcast,1,1,25,Baron Coleman
20260907,1495601614,Verdict with Ted Cruz,1,1,26,iHeartPodcasts
20260907,1645614328,Fast Politics with Molly Jong-Fast,1,1,24,iHeartPodcasts
20260907,1640311112,The Necessary Conversation,1,1,36,The Necessary Conversation
20260907,1647085571,The Next Level,1,1,15,The Bulwark
20260907,1258635512,Radio Atlantic,1,1,30,The Atlantic
20260907,268213039,The Political Scene | The New Yorker,1,1,20,The New Yorker
20260907,1535384390,Ruthless Podcast,1,1,12,"Josh Holmes, Comfortably Smug, Michael Duncan and John Ashbrook"
20260907,1408796715,Runaway Country with Alex Wagner,1,1,40,Runaway Country with Alex Wagner
20260907,1774505095,Raging Moderates with Scott Galloway and Jessica Tarlov,1,1,13,Vox Media Podcast Network
20260907,1570045623,Breaking Points with Krystal and Saagar,1,1,6,iHeartPodcasts
20260907,1317481380,UnJustified,1,1,119,MSW Media
20260907,73330715,On the Media,1,1,33,WNYC Studios
20260907,1200016351,Pod Save the World,1,1,5,Pod Save the World
20260907,1692806415,The Briefing with Jen Psaki,1,1,14,"MS NOW, Jen Psaki"
20260907,1551206847,#SistersInLaw,1,1,45,Politicon
20260907,1485351658,Bannon`s War Room,1,1,21,WarRoom.org
20260907,1507444393,X22 Report,1,1,32,X22 Report
20260907,1314170606,All In with Chris Hayes,1,1,16,"MS NOW, Chris Hayes"
20260907,1795032531,The Jim Acosta Show,1,1,50,Jim Acosta
20260907,1367201919,Deadline: White House,1,1,10,"Nicolle Wallace, MS NOW"
20260907,75462585,NBC Nightly News with Tom Llamas,1,1,43,NBC News
20260907,1674095262,The Wright Report,1,1,34,Bryan Dean Wright
20260907,1456045551,Talking Feds,1,1,56,Harry Litman
20260907,1876034889,Breaking News from Pod Save America,1,1,48,Crooked Media
20260907,1551582052,The Lincoln Project,1,1,69,The Lincoln Project
20260907,158004641,Political Gabfest,1,1,99,Slate Podcasts
20260907,1303660358,The Fox News Rundown,1,1,51,FOX News Podcasts
20260907,1743030473,The Rest Is Politics: US,1,1,29,Goalhanger
20260907,1490993194,Advisory Opinions,1,1,35,The Dispatch
20260907,1586423406,The Focus Group Podcast,1,1,114,The Bulwark
20260907,91959525,This Week with George Stephanopoulos,1,1,153,ABC News
20260907,1529346075,Impolitic with John Heilemann,1,1,92,Audacy | Puck
20260907,1515399733,No Lie with Brian Tyler Cohen,1,1,83,Brian Tyler Cohen
20260907,1169056746,The Playbook Podcast,1,1,53,POLITICO
20260907,1495251160,John Solomon Reports,1,1,60,John Solomon
20260907,1549272440,The Daily Punch,1,1,63,Punchbowl News
20260907,1291144720,The Remnant with Jonah Goldberg,1,1,54,The Dispatch
20260907,1725387804,The Illegal News with Sarah Longwell,1,1,124,The Bulwark
20260907,1810218232,Next Up with Mark Halperin,1,1,59,MK Media
20260907,78911087,Face the Nation with Margaret Brennan,1,1,197,CBS News
20260907,597919007,The Young Turks,1,1,46,TYT Network
20260907,1314368109,The 11th Hour with Ali Velshi,1,1,41,"MS NOW, Ali Velshi"
20260907,1536169792,Talkin‘ Politics & Religion Without Killin‘ Each Other,1,1,88,"Scan Media, LLC"
20260907,929121341,Louder with Crowder,1,1,18,Louder with Crowder
20260907,1386375601,The Ben Ferguson Podcast,1,1,75,iHeartPodcasts
20260907,1818418128,Pod Force One,1,1,104,New York Post
20260907,402050558,The David Pakman Show,1,1,37,David Pakman
20260907,219258773,Brian Kilmeade Show,1,1,70,FOX News Podcasts
20260907,1265845136,Stay Tuned with Preet,1,1,19,Preet Bharara
20260907,1474001390,TRUE ANON TRUTH FEED,1,1,71,TrueAnon
20260907,1506127536,Making the Argument with Nick Freitas,1,1,52,Nick Freitas
20260907,1681586867,The Warning with Steve Schmidt,1,1,64,iHeartPodcasts
20260907,1873028393,Politics Chat,1,1,58,Heather Cox Richardson
20260907,1679657705,Main Justice,1,1,22,"MS NOW, Andrew Weissmann, Mary McCord"
20260907,1138657182,Liberty Lockdown,1,1,91,Clint Russell
20260907,402306412,The Majority Report with Sam Seder,1,1,49,Sam Seder
20260907,1364113251,The Beat with Ari Melber,1,1,39,"Ari Melber, MS NOW"
20260907,354628391,Renegade Talk Radio,1,1,94,Renegade Talk Radio
20260907,1595408601,The PoliticsGirl Podcast,1,0,,
20260907,1467297559,Hacks On Tap,1,1,17,Vox Media
20260907,1728152109,THE DAILY BLAST with Greg Sargent,1,1,23,Greg Sargent
20260907,1484862164,Politics War Room with James Carville & Al Hunt,1,1,55,Politicon
20260907,1452065072,Newt's World,1,1,185,Gingrich 360
20260907,1790957194,The 47 Morning Update with Ben Ferguson,1,1,80,iHeartPodcasts
20260907,1462703434,Know Your Enemy,1,1,123,Matthew Sitman
20260907,1886801652,Sidebar with Katie Phang,1,0,,
20260907,1584730781,The Benny Show,1,1,66,Benny Johnson
20260907,1517313007,The Hugh Hewitt Show: Highly Concentrated,1,1,57,Salem Podcast Network
20260907,1441649707,Straight White American Jesus,1,1,100,Bradley Onishi + Daniel Miller
20260907,1195206601,The Intercept Briefing,1,1,219,The Intercept
20260907,1538788132,Tangle,1,1,67,Isaac Saul
20260907,1294461271,GZERO World with Ian Bremmer,1,1,205,GZERO Media
20260907,1585243541,Human Events Daily with Jack Posobiec,1,1,120,Human Events with Jack Posobiec
20260907,1253076699,The Michael Berry Show,1,1,76,KTRH (KTRH-AM)
20260907,1635418897,The Chris Cuomo Project,1,1,81,Chris Cuomo
20260907,969924303,The Skepticrat,1,0,,
20260907,1623855270,The Foreign Affairs Interview,1,1,82,Foreign Affairs Magazine
20260907,73331636,The Brian Lehrer Show,1,1,77,WNYC
20260907,1822142909,Glenn Diesen - Greater Eurasia Podcast,1,1,107,Glenn Diesen
20260907,1072469956,Fox Across America w/ Jimmy Failla,1,1,90,FOX News Podcasts
20260907,1218054701,Rev Left Radio,1,1,122,Revolutionary Left Radio
20260907,1456850698,The Graham Allen Show,1,1,112,Graham Allen
20260907,1805186512,Going Rogue with Lara Logan,1,1,118,Lara Logan
20260907,1509826894,RealClearPolitics Podcast,1,1,73,"RealClearPolitics, Carl Cannon, Tom Bevan"
20260907,716825890,The Tom Woods Show,1,1,95,Tom Woods
20260907,1820648828,The Joy Reid Show,1,1,105,Joy-Ann Reid
20260907,1889705401,Nobody Knows Anything,1,0,,
20260907,1573813504,The Smerconish Podcast,1,1,72,SiriusXM
20260907,1696974077,The Source with Kaitlan Collins,1,1,61,CNN Podcasts
20260907,1574741668,American Prestige,1,1,151,Daniel Bessner & Derek Davison
20260907,1669610956,System Update with Glenn Greenwald,1,1,188,Rumble
20260907,1548554104,Volts,1,1,86,David Roberts
20260907,1647025876,Wendy Bell Radio Podcast,1,1,87,Wendy Bell
20260907,1378389941,Uncommon Knowledge,1,1,74,Hoover Institution
20260907,1896576050,Brian Tyler Cohen,1,1,215,Brian Tyler Cohen Network
20260907,1715894000,Trump's Terms,1,1,65,NPR
20260907,1587492577,The Mel K Show,1,1,164,Mel K
20260907,1660317917,Defending Democracy with Marc Elias,1,1,155,Democracy Docket
20260907,1635446643,The Coffee Klatch with Robert Reich,1,1,234,Robert Reich
20260907,1722246285,The Breakdown,1,1,184,Alberto fo sho
20260907,506779862,Lectures in History,1,1,249,C-SPAN
20260907,1147092464,Opening Arguments,1,1,141,Opening Arguments Media LLC
20260907,1695205478,What Really Matters with Walter Russell Mead,1,0,,
20260907,1263295815,The Pete Quiñones Show,1,1,147,Peter R Quiñones
20260907,1728340033,Mission Implausible,1,1,241,Jon Stern
20260907,1636762428,Dad Saves America,1,1,200,John Papola
20260907,1798460240,10 Minute Drill,1,1,103,Matt Whitlock
20260907,1471411980,American Thought Leaders,1,1,163,The Epoch Times
20260907,1714879044,The Tony Kinnett Cast,1,1,102,The Daily Signal
20260907,1579061364,Head in the Office,1,1,150,HITO Media LLC
20260907,1093260018,Slate News,1,1,165,Slate Podcasts
20260907,925428680,Conversations with Bill Kristol,1,0,,
20260907,1462195742,The Al Franken Podcast,1,1,247,The Al Franken Podcast
20260907,1576614213,American Conservative University,1,1,198,American Conservative University
20260907,1467993804,What the Hell Is Going On,1,0,,
20260907,1877144831,Paul Krugman Podcast,1,1,235,Paul Krugman
20260907,1709994511,UNGOVERNED,1,1,135,Shawn Farash
20260907,73329719,KQED's Forum,1,1,113,KQED
20260907,1785081636,The Mary Trump Podcast,1,1,149,Mary Trump Media
20260907,1432118523,The Damage Report with John Iadarola,1,1,96,TYT Network
20260907,791564318,Jacobin Radio,1,1,134,Jacobin
20260907,1843478428,Owen Report,1,1,132,Owen Shroyer
20260907,1531192509,Bad Faith,1,1,129,Briahna Joy Gray
20260907,1702202187,Perino on Politics,1,1,131,FOX News Podcasts
20260907,1568505052,MOATS with George Galloway,1,1,214,Molucca Media Ltd
20260907,380996798,"The Bob Cesca Show | Politics Podcast, News & Commentary",1,1,93,Bob Cesca
20260907,1172546141,The President’s Inbox,1,1,117,Council on Foreign Relations
20260907,1043245989,The Dig,1,1,189,Daniel Denvir
20260907,1535255041,Unf*cking The Republic,1,0,,
20260907,387042247,Washington Today,1,1,169,C-SPAN
20260907,682478916,War on the Rocks,1,1,62,Ryan Evans
20260907,983782306,Federalist Radio Hour,1,1,97,Radio America
20260907,1111319839,The Conversation with Dasha Burns,1,1,242,POLITICO
20260907,1476110521,Useful Idiots with Katie Halper and Aaron Maté,1,0,,
20260907,1549624070,Amarica's Constitution,1,1,166,Akhil Reed Amar
20260907,1289062927,ChinaTalk,1,1,158,Jordan Schneider
20260907,1570380458,The Victor Davis Hanson Show,1,1,187,Victor Davis Hanson and Jack Fowler
20260907,1356662668,Politically Georgia,1,1,128,The Atlanta Journal-Constitution
20260907,1725442221,Hawk Podcasts,1,1,191,Hawk
20260907,1721813926,Bad Hasbara - The World's Most Moral Podcast,1,1,154,Matt Lieb
20260907,1439837349,The Political Orphanage,1,1,210,Andrew Heaton
20260907,1671451793,Maiden Mother Matriarch with Louise Perry,1,1,195,Louise Perry
20260907,1502568407,SGT Report’s The Propaganda Antidote,1,1,125,SGT Report
20260907,1607829807,Mark Kaye Saves The Republic,1,1,218,Kayetriot Media
20260907,545045867,Scott Horton Show - Just the Interviews,1,1,89,Scott Horton
20260907,1317356120,The Peter McCormack Show,1,1,167,Peter McCormack
20260907,1570432345,Firing Line with Margaret Hoover,1,0,,
20260907,1818658022,"Life, Liberty & Levin Podcast",1,0,,
20260907,1634341981,Antiwar News With Dave DeCamp,1,1,202,Dave DeCamp
20260907,474763182,The Globalist,1,1,181,Monocle
20260907,1871628261,The Harry Sisson Show,1,0,,
20260907,1788891712,It's A Numbers Game with Ryan Girdusky,1,1,248,iHeartPodcasts
20260907,1654162813,The Kyle Seraphin Show,1,1,133,Kyle Seraphin
20260907,1480605295,POLITICO Energy,1,1,201,POLITICO
20260907,1648125917,Stay Free with Russell Brand,1,0,,
20260907,1612691018,THE WEEKEND SHOW,1,0,,
20260907,1880163995,The Kyle Kulinski Show,1,1,101,Kyle Kulinski
20260907,1536984072,The Dishcast with Andrew Sullivan,1,0,,
20260907,1309354521,Majority 54,1,0,,
20260907,1362265400,Timcast News,1,1,42,Timcast Media
20260907,1874174561,Hope For America with Heather Delaney Reese,1,0,,
20260907,124960485,"Best of the Left - Leftist Perspectives on Progressive Politics, News, Culture, Economics and Democracy",1,0,,
20260907,1587936366,The Inside Story Podcast,1,0,,
20260907,1594728054,The Great America Show,1,1,196,Fawcett Strategies
20260907,1767877239,No Gods No Mayors,1,1,130,The Office of the Mayor
20260907,1549502623,Cleanup on Aisle 45 with AG & Harry Dunn,1,1,108,MSW Media
20260907,956270301,Rational Security,1,0,,
20260907,1548086514,The Arena,1,0,,
20260907,1155629323,The Reason Roundtable,1,1,109,The Reason Roundtable
20260907,1868807558,Batya!,1,0,,
20260907,1592116227,The Breitbart News Daily Podcast,1,1,193,SiriusXM
20260907,1809246826,The Keith Edwards Show,1,1,238,Keith Edwards
20260907,1060110806,The Nation Podcasts,1,1,171,The Nation Magazine
20260907,702998658,Week In Review,1,0,,
20260907,1493858530,Hood Politics with Prop,1,1,137,Cool Zone Media and iHeartPodcasts
20260907,1485186805,Timothy Gordon Rules for Retrogrades Podcast,1,0,,
20260907,1567204040,The Drill Down with Peter Schweizer,1,1,98,Government Accountability Institute
20260907,1869456664,What's The Plan? with Leah Greenberg and Ezra Levin,1,0,,
20260907,1614844654,Week In Review,1,0,,
20260907,1751785203,Brad vs Everyone,1,0,,
20260907,1599891719,Seattle Nice,1,0,,
20260907,1368074498,The Lars Larson Show Pacific Northwest Podcast,1,1,182,Lars Larson
20260907,1800671132,Destiny,1,1,223,Destiny
20260907,1208232103,The Buck Sexton Show,1,0,,
20260907,1485021241,The Reason Interview With Nick Gillespie,1,1,136,The Reason Interview With Nick Gillespie
20260907,1606834013,The Josh Hammer Show,1,1,175,The Josh Hammer Show
20260907,1714009198,Mea Culpa,1,1,145,Podcast WABCRadio
20260907,1839861250,The Moment with Jorge Ramos and Paola Ramos,1,1,229,iHeartPodcasts
20260907,1449848509,I Don't Speak German,1,0,,
20260907,1633301179,Countdown with Keith Olbermann,1,1,180,iHeartPodcasts
20260907,1482179882,The Mona Charen Show,1,1,170,The Bulwark
20260907,1112258664,Russian Roulette,1,0,,
20260907,1721969693,Politix,1,1,139,Politix
20260907,1351411911,The TPM Show with Josh and Kate,1,1,106,Talking Points Memo
20260907,1212380212,The Five,0,1,28,FOX News Podcasts
20260907,1375568988,TRIGGERnometry,0,1,31,TRIGGERnometry
20260907,1611374685,The Rest Is Politics,0,1,38,Goalhanger
20260907,1493229344,The Dispatch Podcast,0,1,44,The Dispatch
20260907,1788738240,It’s That Part,0,1,47,Jesse Lee Hammonds
20260907,1879498704,Power and Consequences,0,1,68,Third Clumber Productions
20260907,1243130823,The John Kobylt Show,0,1,78,iHeartPodcasts
20260907,159752078,This Morning With Gordon Deal,0,1,79,Compass Media Networks
20260907,1473150244,Americast,0,1,84,BBC News
20260907,1801103648,The Nerd Reich,0,1,85,nerdreich
20260907,1601727251,Central Air,0,1,110,"Josh Barro, Megan McArdle & Ben Dreyfuss"
20260907,1651903715,The Rush Hour With Dave Neal,0,1,111,Dave Neal
20260907,1896805652,NARITAS,0,1,115,Yanis AHMADI
20260907,1769997814,Normally,0,1,116,iHeartPodcasts
20260907,1896897095,Wired In,0,1,121,The Daily Wire
20260907,1835450563,Sources & Methods,0,1,126,NPR
20260907,1552899676,The Luke Beasley Show,0,1,127,Luke Beasley
20260907,563127951,"Law Talk With Epstein, Yoo & Cooke",0,1,138,The Civitas Institute at the University of Texas at Austin
20260907,1530639447,THE OFFICIAL MEA CULPA WITH MICHAEL COHEN ARCHIVE,0,1,140,Audio Up Media
20260907,1573983987,On the Nose,0,1,142,Jewish Currents
20260907,1494037881,Checks and Balance from The Economist,0,1,143,The Economist
20260907,1882760486,Jack Cocchiarella Show,0,1,144,Jack Cocchiarella
20260907,1504048545,The Rachman Review,0,1,146,Financial Times
20260907,1504713161,El hilo,0,1,148,My Cultura and iHeartPodcasts
20260907,1701280578,The Sean Spicer Show,0,1,152,The Sean Spicer Show
20260907,155974141,Common Sense with Dan Carlin,0,1,156,Dan Carlin
20260907,1803015612,All Things with Kim Strassel,0,1,157,The Wall Street Journal
20260907,1665265193,The Rest Is Politics: Leading,0,1,159,Goalhanger
20260907,1605545539,In the Litter Box,0,1,160,Jewels Jones & Catturd
20260907,1893673410,Agitation Nation: A Podcast From The Fenton Forecast,0,1,161,David Fenton
20260907,1485109198,Politix,0,1,162,Politix
20260907,1507832825,Time To Say Goodbye,0,1,168,Time To Say Goodbye
20260907,1327641087,Political Breakdown,0,1,172,KQED
20260907,1195899470,The Takeout with Major Garrett,0,1,173,CBS News
20260907,1643776565,You're Wrong w/ Mollie Hemingway & David Harsanyi,0,1,174,Radio America
20260907,1762436723,Dan Wootton Outspoken,0,1,176,Dan Wootton
20260907,1805502607,The MiddleGround Mic,0,1,177,Joseph Steagall
20260907,863338913,Texas Standard,0,1,178,Texas Standard
20260907,1889550138,The Loren Piretra Show,0,1,179,Loren Piretra
20260907,1696250206,HasanAbi,0,1,183,HasanAbi
20260907,1871531782,Uncertain with DL Hughley,0,1,186,DL Hughley
20260907,1136826256,Election Profit Makers,0,1,190,Jon Kimball & David Rees
20260907,1591300785,Lost Debate,0,1,192,The Branch
20260907,1121407665,Sinica Podcast,0,1,194,Kaiser Kuo
20260907,1400926647,Gaslit Nation,0,1,199,Andrea Chalupa
20260907,1685475850,The Econoclasts,0,1,203,UnHerd
20260907,886656768,The Politics Bar,0,1,204,From The Bunker
20260907,1884144340,Get Angry,0,1,206,"Bryan Andrews, ItsLuke"
20260907,1692381473,The News Agents - USA,0,1,207,Global
20260907,1896561822,NORMAL GAYS Podcast,0,1,208,NORMAL GAYS
20260907,1625856906,不明白播客,0,1,209,袁莉和她的朋友们
20260907,1412905534,The Michael Steele Podcast,0,1,211,Michael Steele
20260907,960814054,The Ricochet Superfeed,0,1,212,Ricochet
20260907,1506676334,Means Morning News,0,1,213,Means Cooperative
20260907,1381291342,If You're Listening,0,1,216,ABC Australia
20260907,517293050,The Pete Kaliner Show,0,1,217,"Pete Kaliner - news, politics, NC"
20260907,1706536336,Political Currency,0,1,220,Persephonica
20260907,1668143992,Texas Minute,0,1,221,Texas Scorecard
20260907,1551827752,The Counsel,0,1,222,CAFE
20260907,1053981528,Economic Update with Richard D. Wolff,0,1,224,"Democracy at Work, Richard D. Wolff"
20260907,1547098165,Krystal Kyle & Friends,0,1,225,Krystal
20260907,1485475085,Stand Up! with Pete Dominick,0,1,226,pete dominick
20260907,1245265763,"Oh God, What Now?",0,1,227,Podmasters
20260907,1857136176,SPN LIVE - The Stew Peters Network,0,1,228,Stew Peters
20260907,1796721454,,0,1,230,
20260907,1843174639,"The Rich Zeoli Podcast: Daily Politics, Culture & Chaos",0,1,231,Rich Zeoli
20260907,1754976617,No BS Newshour with Charlie LeDuff,0,1,232,Charlie LeDuff
20260907,1700432142,RONZHEIMER.,0,1,233,Paul Ronzheimer
20260907,1721382033,Vibes Only,0,1,236,Brian Derrick and Glennis Meagher
20260907,1896591532,Nation States with Yates,0,1,237,iHeartPodcasts
20260907,1644366053,Decoding Fox News,0,1,239,I watch all the Fox News you'd never want to.
20260907,1733640626,,0,1,240,
20260907,1882414469,On the Road with Jonathan Martin,0,1,243,POLITICO
20260907,1450994745,Balance of Power,0,1,244,Bloomberg
20260907,1833272507,Executive Disorder: White House Weekly,0,1,245,Cool Zone Media and iHeartPodcasts
20260907,1562652774,DW News Brief,0,1,246,DW
20260907,1663927350,Multipolarity,0,1,250,Multipolarity
20260908,1192761536,Pod Save America,1,1,1,Pod Save America
20260908,1510240831,The MeidasTouch Podcast,1,1,4,MeidasTouch Network
20260908,1794450472,Bulwark Takes,1,1,9,The Bulwark
20260908,1447684472,The Bulwark Podcast,1,1,2,The Bulwark
20260908,1730358737,Letters from an American,1,1,8,Heather Cox Richardson
20260908,1750591415,Candace,1,1,3,Candace Owens
20260908,1617887885,The President's Daily Brief,1,1,11,The First TV
20260908,1050430296,The New Yorker Radio Hour,1,1,27,WNYC Studios and The New Yorker
20260908,1057255460,The NPR Politics Podcast,1,1,7,NPR
20260908,1865794721,Real Baron Podcast,1,1,25,Baron Coleman
20260908,1495601614,Verdict with Ted Cruz,1,1,26,iHeartPodcasts
20260908,1645614328,Fast Politics with Molly Jong-Fast,1,1,24,iHeartPodcasts
20260908,1640311112,The Necessary Conversation,1,1,36,The Necessary Conversation
20260908,1647085571,The Next Level,1,1,15,The Bulwark
20260908,1258635512,Radio Atlantic,1,1,30,The Atlantic
20260908,268213039,The Political Scene | The New Yorker,1,1,20,The New Yorker
20260908,1535384390,Ruthless Podcast,1,1,12,"Josh Holmes, Comfortably Smug, Michael Duncan and John Ashbrook"
20260908,1408796715,Runaway Country with Alex Wagner,1,1,40,Runaway Country with Alex Wagner
20260908,1774505095,Raging Moderates with Scott Galloway and Jessica Tarlov,1,1,13,Vox Media Podcast Network
20260908,1570045623,Breaking Points with Krystal and Saagar,1,1,6,iHeartPodcasts
20260908,1317481380,UnJustified,1,1,119,MSW Media
20260908,73330715,On the Media,1,1,33,WNYC Studios
20260908,1200016351,Pod Save the World,1,1,5,Pod Save the World
20260908,1692806415,The Briefing with Jen Psaki,1,1,14,"MS NOW, Jen Psaki"
20260908,1551206847,#SistersInLaw,1,1,45,Politicon
20260908,1485351658,Bannon`s War Room,1,1,21,WarRoom.org
20260908,1507444393,X22 Report,1,1,32,X22 Report
20260908,1314170606,All In with Chris Hayes,1,1,16,"MS NOW, Chris Hayes"
20260908,1795032531,The Jim Acosta Show,1,1,50,Jim Acosta
20260908,1367201919,Deadline: White House,1,1,10,"Nicolle Wallace, MS NOW"
20260908,75462585,NBC Nightly News with Tom Llamas,1,1,43,NBC News
20260908,1674095262,The Wright Report,1,1,34,Bryan Dean Wright
20260908,1456045551,Talking Feds,1,1,56,Harry Litman
20260908,1876034889,Breaking News from Pod Save America,1,1,48,Crooked Media
20260908,1551582052,The Lincoln Project,1,1,69,The Lincoln Project
20260908,158004641,Political Gabfest,1,1,99,Slate Podcasts
20260908,1303660358,The Fox News Rundown,1,1,51,FOX News Podcasts
20260908,1743030473,The Rest Is Politics: US,1,1,29,Goalhanger
20260908,1490993194,Advisory Opinions,1,1,35,The Dispatch
20260908,1586423406,The Focus Group Podcast,1,1,114,The Bulwark
20260908,91959525,This Week with George Stephanopoulos,1,1,153,ABC News
20260908,1529346075,Impolitic with John Heilemann,1,1,92,Audacy | Puck
20260908,1515399733,No Lie with Brian Tyler Cohen,1,1,83,Brian Tyler Cohen
20260908,1169056746,The Playbook Podcast,1,1,53,POLITICO
20260908,1495251160,John Solomon Reports,1,1,60,John Solomon
20260908,1549272440,The Daily Punch,1,1,63,Punchbowl News
20260908,1291144720,The Remnant with Jonah Goldberg,1,1,54,The Dispatch
20260908,1725387804,The Illegal News with Sarah Longwell,1,1,124,The Bulwark
20260908,1810218232,Next Up with Mark Halperin,1,1,59,MK Media
20260908,78911087,Face the Nation with Margaret Brennan,1,1,197,CBS News
20260908,597919007,The Young Turks,1,1,46,TYT Network
20260908,1314368109,The 11th Hour with Ali Velshi,1,1,41,"MS NOW, Ali Velshi"
20260908,1536169792,Talkin‘ Politics & Religion Without Killin‘ Each Other,1,1,88,"Scan Media, LLC"
20260908,929121341,Louder with Crowder,1,1,18,Louder with Crowder
20260908,1386375601,The Ben Ferguson Podcast,1,1,75,iHeartPodcasts
20260908,1818418128,Pod Force One,1,1,104,New York Post
20260908,402050558,The David Pakman Show,1,1,37,David Pakman
20260908,219258773,Brian Kilmeade Show,1,1,70,FOX News Podcasts
20260908,1265845136,Stay Tuned with Preet,1,1,19,Preet Bharara
20260908,1474001390,TRUE ANON TRUTH FEED,1,1,71,TrueAnon
20260908,1506127536,Making the Argument with Nick Freitas,1,1,52,Nick Freitas
20260908,1681586867,The Warning with Steve Schmidt,1,1,64,iHeartPodcasts
20260908,1873028393,Politics Chat,1,1,58,Heather Cox Richardson
20260908,1679657705,Main Justice,1,1,22,"MS NOW, Andrew Weissmann, Mary McCord"
20260908,1138657182,Liberty Lockdown,1,1,91,Clint Russell
20260908,402306412,The Majority Report with Sam Seder,1,1,49,Sam Seder
20260908,1364113251,The Beat with Ari Melber,1,1,39,"Ari Melber, MS NOW"
20260908,354628391,Renegade Talk Radio,1,1,94,Renegade Talk Radio
20260908,1595408601,The PoliticsGirl Podcast,1,0,,
20260908,1467297559,Hacks On Tap,1,1,17,Vox Media
20260908,1728152109,THE DAILY BLAST with Greg Sargent,1,1,23,Greg Sargent
20260908,1484862164,Politics War Room with James Carville & Al Hunt,1,1,55,Politicon
20260908,1452065072,Newt's World,1,1,185,Gingrich 360
20260908,1790957194,The 47 Morning Update with Ben Ferguson,1,1,80,iHeartPodcasts
20260908,1462703434,Know Your Enemy,1,1,123,Matthew Sitman
20260908,1886801652,Sidebar with Katie Phang,1,0,,
20260908,1584730781,The Benny Show,1,1,66,Benny Johnson
20260908,1517313007,The Hugh Hewitt Show: Highly Concentrated,1,1,57,Salem Podcast Network
20260908,1441649707,Straight White American Jesus,1,1,100,Bradley Onishi + Daniel Miller
20260908,1195206601,The Intercept Briefing,1,1,219,The Intercept
20260908,1538788132,Tangle,1,1,67,Isaac Saul
20260908,1294461271,GZERO World with Ian Bremmer,1,1,205,GZERO Media
20260908,1585243541,Human Events Daily with Jack Posobiec,1,1,120,Human Events with Jack Posobiec
20260908,1253076699,The Michael Berry Show,1,1,76,KTRH (KTRH-AM)
20260908,1635418897,The Chris Cuomo Project,1,1,81,Chris Cuomo
20260908,969924303,The Skepticrat,1,0,,
20260908,1623855270,The Foreign Affairs Interview,1,1,82,Foreign Affairs Magazine
20260908,73331636,The Brian Lehrer Show,1,1,77,WNYC
20260908,1822142909,Glenn Diesen - Greater Eurasia Podcast,1,1,107,Glenn Diesen
20260908,1072469956,Fox Across America w/ Jimmy Failla,1,1,90,FOX News Podcasts
20260908,1218054701,Rev Left Radio,1,1,122,Revolutionary Left Radio
20260908,1456850698,The Graham Allen Show,1,1,112,Graham Allen
20260908,1805186512,Going Rogue with Lara Logan,1,1,118,Lara Logan
20260908,1509826894,RealClearPolitics Podcast,1,1,73,"RealClearPolitics, Carl Cannon, Tom Bevan"
20260908,716825890,The Tom Woods Show,1,1,95,Tom Woods
20260908,1820648828,The Joy Reid Show,1,1,105,Joy-Ann Reid
20260908,1889705401,Nobody Knows Anything,1,0,,
20260908,1573813504,The Smerconish Podcast,1,1,72,SiriusXM
20260908,1696974077,The Source with Kaitlan Collins,1,1,61,CNN Podcasts
20260908,1574741668,American Prestige,1,1,151,Daniel Bessner & Derek Davison
20260908,1669610956,System Update with Glenn Greenwald,1,1,188,Rumble
20260908,1548554104,Volts,1,1,86,David Roberts
20260908,1647025876,Wendy Bell Radio Podcast,1,1,87,Wendy Bell
20260908,1378389941,Uncommon Knowledge,1,1,74,Hoover Institution
20260908,1896576050,Brian Tyler Cohen,1,1,215,Brian Tyler Cohen Network
20260908,1715894000,Trump's Terms,1,1,65,NPR
20260908,1587492577,The Mel K Show,1,1,164,Mel K
20260908,1660317917,Defending Democracy with Marc Elias,1,1,155,Democracy Docket
20260908,1635446643,The Coffee Klatch with Robert Reich,1,1,234,Robert Reich
20260908,1722246285,The Breakdown,1,1,184,Alberto fo sho
20260908,506779862,Lectures in History,1,1,249,C-SPAN
20260908,1147092464,Opening Arguments,1,1,141,Opening Arguments Media LLC
20260908,1695205478,What Really Matters with Walter Russell Mead,1,0,,
20260908,1263295815,The Pete Quiñones Show,1,1,147,Peter R Quiñones
20260908,1728340033,Mission Implausible,1,1,241,Jon Stern
20260908,1636762428,Dad Saves America,1,1,200,John Papola
20260908,1798460240,10 Minute Drill,1,1,103,Matt Whitlock
20260908,1471411980,American Thought Leaders,1,1,163,The Epoch Times
20260908,1714879044,The Tony Kinnett Cast,1,1,102,The Daily Signal
20260908,1579061364,Head in the Office,1,1,150,HITO Media LLC
20260908,1093260018,Slate News,1,1,165,Slate Podcasts
20260908,925428680,Conversations with Bill Kristol,1,0,,
20260908,1462195742,The Al Franken Podcast,1,1,247,The Al Franken Podcast
20260908,1576614213,American Conservative University,1,1,198,American Conservative University
20260908,1467993804,What the Hell Is Going On,1,0,,
20260908,1877144831,Paul Krugman Podcast,1,1,235,Paul Krugman
20260908,1709994511,UNGOVERNED,1,1,135,Shawn Farash
20260908,73329719,KQED's Forum,1,1,113,KQED
20260908,1785081636,The Mary Trump Podcast,1,1,149,Mary Trump Media
20260908,1432118523,The Damage Report with John Iadarola,1,1,96,TYT Network
20260908,791564318,Jacobin Radio,1,1,134,Jacobin
20260908,1843478428,Owen Report,1,1,132,Owen Shroyer
20260908,1531192509,Bad Faith,1,1,129,Briahna Joy Gray
20260908,1702202187,Perino on Politics,1,1,131,FOX News Podcasts
20260908,1568505052,MOATS with George Galloway,1,1,214,Molucca Media Ltd
20260908,380996798,"The Bob Cesca Show | Politics Podcast, News & Commentary",1,1,93,Bob Cesca
20260908,1172546141,The President’s Inbox,1,1,117,Council on Foreign Relations
20260908,1043245989,The Dig,1,1,189,Daniel Denvir
20260908,1535255041,Unf*cking The Republic,1,0,,
20260908,387042247,Washington Today,1,1,169,C-SPAN
20260908,682478916,War on the Rocks,1,1,62,Ryan Evans
20260908,983782306,Federalist Radio Hour,1,1,97,Radio America
20260908,1111319839,The Conversation with Dasha Burns,1,1,242,POLITICO
20260908,1476110521,Useful Idiots with Katie Halper and Aaron Maté,1,0,,
20260908,1549624070,Amarica's Constitution,1,1,166,Akhil Reed Amar
20260908,1289062927,ChinaTalk,1,1,158,Jordan Schneider
20260908,1570380458,The Victor Davis Hanson Show,1,1,187,Victor Davis Hanson and Jack Fowler
20260908,1356662668,Politically Georgia,1,1,128,The Atlanta Journal-Constitution
20260908,1725442221,Hawk Podcasts,1,1,191,Hawk
20260908,1721813926,Bad Hasbara - The World's Most Moral Podcast,1,1,154,Matt Lieb
20260908,1439837349,The Political Orphanage,1,1,210,Andrew Heaton
20260908,1671451793,Maiden Mother Matriarch with Louise Perry,1,1,195,Louise Perry
20260908,1502568407,SGT Report’s The Propaganda Antidote,1,1,125,SGT Report
20260908,1607829807,Mark Kaye Saves The Republic,1,1,218,Kayetriot Media
20260908,545045867,Scott Horton Show - Just the Interviews,1,1,89,Scott Horton
20260908,1317356120,The Peter McCormack Show,1,1,167,Peter McCormack
20260908,1570432345,Firing Line with Margaret Hoover,1,0,,
20260908,1818658022,"Life, Liberty & Levin Podcast",1,0,,
20260908,1634341981,Antiwar News With Dave DeCamp,1,1,202,Dave DeCamp
20260908,474763182,The Globalist,1,1,181,Monocle
20260908,1871628261,The Harry Sisson Show,1,0,,
20260908,1788891712,It's A Numbers Game with Ryan Girdusky,1,1,248,iHeartPodcasts
20260908,1654162813,The Kyle Seraphin Show,1,1,133,Kyle Seraphin
20260908,1480605295,POLITICO Energy,1,1,201,POLITICO
20260908,1648125917,Stay Free with Russell Brand,1,0,,
20260908,1612691018,THE WEEKEND SHOW,1,0,,
20260908,1880163995,The Kyle Kulinski Show,1,1,101,Kyle Kulinski
20260908,1536984072,The Dishcast with Andrew Sullivan,1,0,,
20260908,1309354521,Majority 54,1,0,,
20260908,1362265400,Timcast News,1,1,42,Timcast Media
20260908,1874174561,Hope For America with Heather Delaney Reese,1,0,,
20260908,124960485,"Best of the Left - Leftist Perspectives on Progressive Politics, News, Culture, Economics and Democracy",1,0,,
20260908,1587936366,The Inside Story Podcast,1,0,,
20260908,1594728054,The Great America Show,1,1,196,Fawcett Strategies
20260908,1767877239,No Gods No Mayors,1,1,130,The Office of the Mayor
20260908,1549502623,Cleanup on Aisle 45 with AG & Harry Dunn,1,1,108,MSW Media
20260908,956270301,Rational Security,1,0,,
20260908,1548086514,The Arena,1,0,,
20260908,1155629323,The Reason Roundtable,1,1,109,The Reason Roundtable
20260908,1868807558,Batya!,1,0,,
20260908,1592116227,The Breitbart News Daily Podcast,1,1,193,SiriusXM
20260908,1809246826,The Keith Edwards Show,1,1,238,Keith Edwards
20260908,1060110806,The Nation Podcasts,1,1,171,The Nation Magazine
20260908,702998658,Week In Review,1,0,,
20260908,1493858530,Hood Politics with Prop,1,1,137,Cool Zone Media and iHeartPodcasts
20260908,1485186805,Timothy Gordon Rules for Retrogrades Podcast,1,0,,
20260908,1567204040,The Drill Down with Peter Schweizer,1,1,98,Government Accountability Institute
20260908,1869456664,What's The Plan? with Leah Greenberg and Ezra Levin,1,0,,
20260908,1614844654,Week In Review,1,0,,
20260908,1751785203,Brad vs Everyone,1,0,,
20260908,1599891719,Seattle Nice,1,0,,
20260908,1368074498,The Lars Larson Show Pacific Northwest Podcast,1,1,182,Lars Larson
20260908,1800671132,Destiny,1,1,223,Destiny
20260908,1208232103,The Buck Sexton Show,1,0,,
20260908,1485021241,The Reason Interview With Nick Gillespie,1,1,136,The Reason Interview With Nick Gillespie
20260908,1606834013,The Josh Hammer Show,1,1,175,The Josh Hammer Show
20260908,1714009198,Mea Culpa,1,1,145,Podcast WABCRadio
20260908,1839861250,The Moment with Jorge Ramos and Paola Ramos,1,1,229,iHeartPodcasts
20260908,1449848509,I Don't Speak German,1,0,,
20260908,1633301179,Countdown with Keith Olbermann,1,1,180,iHeartPodcasts
20260908,1482179882,The Mona Charen Show,1,1,170,The Bulwark
20260908,1112258664,Russian Roulette,1,0,,
20260908,1721969693,Politix,1,1,139,Politix
20260908,1351411911,The TPM Show with Josh and Kate,1,1,106,Talking Points Memo
20260908,1212380212,The Five,0,1,28,FOX News Podcasts
20260908,1375568988,TRIGGERnometry,0,1,31,TRIGGERnometry
20260908,1611374685,The Rest Is Politics,0,1,38,Goalhanger
20260908,1493229344,The Dispatch Podcast,0,1,44,The Dispatch
20260908,1788738240,It’s That Part,0,1,47,Jesse Lee Hammonds
20260908,1879498704,Power and Consequences,0,1,68,Third Clumber Productions
20260908,1243130823,The John Kobylt Show,0,1,78,iHeartPodcasts
20260908,159752078,This Morning With Gordon Deal,0,1,79,Compass Media Networks
20260908,1473150244,Americast,0,1,84,BBC News
20260908,1801103648,The Nerd Reich,0,1,85,nerdreich
20260908,1601727251,Central Air,0,1,110,"Josh Barro, Megan McArdle & Ben Dreyfuss"
20260908,1651903715,The Rush Hour With Dave Neal,0,1,111,Dave Neal
20260908,1896805652,NARITAS,0,1,115,Yanis AHMADI
20260908,1769997814,Normally,0,1,116,iHeartPodcasts
20260908,1896897095,Wired In,0,1,121,The Daily Wire
20260908,1835450563,Sources & Methods,0,1,126,NPR
20260908,1552899676,The Luke Beasley Show,0,1,127,Luke Beasley
20260908,563127951,"Law Talk With Epstein, Yoo & Cooke",0,1,138,The Civitas Institute at the University of Texas at Austin
20260908,1530639447,THE OFFICIAL MEA CULPA WITH MICHAEL COHEN ARCHIVE,0,1,140,Audio Up Media
20260908,1573983987,On the Nose,0,1,142,Jewish Currents
20260908,1494037881,Checks and Balance from The Economist,0,1,143,The Economist
20260908,1882760486,Jack Cocchiarella Show,0,1,144,Jack Cocchiarella
20260908,1504048545,The Rachman Review,0,1,146,Financial Times
20260908,1504713161,El hilo,0,1,148,My Cultura and iHeartPodcasts
20260908,1701280578,The Sean Spicer Show,0,1,152,The Sean Spicer Show
20260908,155974141,Common Sense with Dan Carlin,0,1,156,Dan Carlin
20260908,1803015612,All Things with Kim Strassel,0,1,157,The Wall Street Journal
20260908,1665265193,The Rest Is Politics: Leading,0,1,159,Goalhanger
20260908,1605545539,In the Litter Box,0,1,160,Jewels Jones & Catturd
20260908,1893673410,Agitation Nation: A Podcast From The Fenton Forecast,0,1,161,David Fenton
20260908,1485109198,Politix,0,1,162,Politix
20260908,1507832825,Time To Say Goodbye,0,1,168,Time To Say Goodbye
20260908,1327641087,Political Breakdown,0,1,172,KQED
20260908,1195899470,The Takeout with Major Garrett,0,1,173,CBS News
20260908,1643776565,You're Wrong w/ Mollie Hemingway & David Harsanyi,0,1,174,Radio America
20260908,1762436723,Dan Wootton Outspoken,0,1,176,Dan Wootton
20260908,1805502607,The MiddleGround Mic,0,1,177,Joseph Steagall
20260908,863338913,Texas Standard,0,1,178,Texas Standard
20260908,1889550138,The Loren Piretra Show,0,1,179,Loren Piretra
20260908,1696250206,HasanAbi,0,1,183,HasanAbi
20260908,1871531782,Uncertain with DL Hughley,0,1,186,DL Hughley
20260908,1136826256,Election Profit Makers,0,1,190,Jon Kimball & David Rees
20260908,1591300785,Lost Debate,0,1,192,The Branch
20260908,1121407665,Sinica Podcast,0,1,194,Kaiser Kuo
20260908,1400926647,Gaslit Nation,0,1,199,Andrea Chalupa
20260908,1685475850,The Econoclasts,0,1,203,UnHerd
20260908,886656768,The Politics Bar,0,1,204,From The Bunker
20260908,1884144340,Get Angry,0,1,206,"Bryan Andrews, ItsLuke"
20260908,1692381473,The News Agents - USA,0,1,207,Global
20260908,1896561822,NORMAL GAYS Podcast,0,1,208,NORMAL GAYS
20260908,1625856906,不明白播客,0,1,209,袁莉和她的朋友们
20260908,1412905534,The Michael Steele Podcast,0,1,211,Michael Steele
20260908,960814054,The Ricochet Superfeed,0,1,212,Ricochet
20260908,1506676334,Means Morning News,0,1,213,Means Cooperative
20260908,1381291342,If You're Listening,0,1,216,ABC Australia
20260908,517293050,The Pete Kaliner Show,0,1,217,"Pete Kaliner - news, politics, NC"
20260908,1706536336,Political Currency,0,1,220,Persephonica
20260908,1668143992,Texas Minute,0,1,221,Texas Scorecard
20260908,1551827752,The Counsel,0,1,222,CAFE
20260908,1053981528,Economic Update with Richard D. Wolff,0,1,224,"Democracy at Work, Richard D. Wolff"
20260908,1547098165,Krystal Kyle & Friends,0,1,225,Krystal
20260908,1485475085,Stand Up! with Pete Dominick,0,1,226,pete dominick
20260908,1245265763,"Oh God, What Now?",0,1,227,Podmasters
20260908,1857136176,SPN LIVE - The Stew Peters Network,0,1,228,Stew Peters
20260908,1796721454,,0,1,230,
20260908,1843174639,"The Rich Zeoli Podcast: Daily Politics, Culture & Chaos",0,1,231,Rich Zeoli
20260908,1754976617,No BS Newshour with Charlie LeDuff,0,1,232,Charlie LeDuff
20260908,1700432142,RONZHEIMER.,0,1,233,Paul Ronzheimer
20260908,1721382033,Vibes Only,0,1,236,Brian Derrick and Glennis Meagher
20260908,1896591532,Nation States with Yates,0,1,237,iHeartPodcasts
20260908,1644366053,Decoding Fox News,0,1,239,I watch all the Fox News you'd never want to.
20260908,1733640626,,0,1,240,
20260908,1882414469,On the Road with Jonathan Martin,0,1,243,POLITICO
20260908,1450994745,Balance of Power,0,1,244,Bloomberg
20260908,1833272507,Executive Disorder: White House Weekly,0,1,245,Cool Zone Media and iHeartPodcasts
20260908,1562652774,DW News Brief,0,1,246,DW
20260908,1663927350,Multipolarity,0,1,250,Multipolarity
20260909,1192761536,Pod Save America,1,1,1,Pod Save America
20260909,1510240831,The MeidasTouch Podcast,1,1,4,MeidasTouch Network
20260909,1794450472,Bulwark Takes,1,1,9,The Bulwark
20260909,1447684472,The Bulwark Podcast,1,1,2,The Bulwark
20260909,1730358737,Letters from an American,1,1,8,Heather Cox Richardson
20260909,1750591415,Candace,1,1,3,Candace Owens
20260909,1617887885,The President's Daily Brief,1,1,11,The First TV
20260909,1050430296,The New Yorker Radio Hour,1,1,27,WNYC Studios and The New Yorker
20260909,1057255460,The NPR Politics Podcast,1,1,7,NPR
20260909,1865794721,Real Baron Podcast,1,1,25,Baron Coleman
20260909,1495601614,Verdict with Ted Cruz,1,1,26,iHeartPodcasts
20260909,1645614328,Fast Politics with Molly Jong-Fast,1,1,24,iHeartPodcasts
20260909,1640311112,The Necessary Conversation,1,1,36,The Necessary Conversation
20260909,1647085571,The Next Level,1,1,15,The Bulwark
20260909,1258635512,Radio Atlantic,1,1,30,The Atlantic
20260909,268213039,The Political Scene | The New Yorker,1,1,20,The New Yorker
20260909,1535384390,Ruthless Podcast,1,1,12,"Josh Holmes, Comfortably Smug, Michael Duncan and John Ashbrook"
20260909,1408796715,Runaway Country with Alex Wagner,1,1,40,Runaway Country with Alex Wagner
20260909,1774505095,Raging Moderates with Scott Galloway and Jessica Tarlov,1,1,13,Vox Media Podcast Network
20260909,1570045623,Breaking Points with Krystal and Saagar,1,1,6,iHeartPodcasts
20260909,1317481380,UnJustified,1,1,119,MSW Media
20260909,73330715,On the Media,1,1,33,WNYC Studios
20260909,1200016351,Pod Save the World,1,1,5,Pod Save the World
20260909,1692806415,The Briefing with Jen Psaki,1,1,14,"MS NOW, Jen Psaki"
20260909,1551206847,#SistersInLaw,1,1,45,Politicon
20260909,1485351658,Bannon`s War Room,1,1,21,WarRoom.org
20260909,1507444393,X22 Report,1,1,32,X22 Report
20260909,1314170606,All In with Chris Hayes,1,1,16,"MS NOW, Chris Hayes"
20260909,1795032531,The Jim Acosta Show,1,1,50,Jim Acosta
20260909,1367201919,Deadline: White House,1,1,10,"Nicolle Wallace, MS NOW"
20260909,75462585,NBC Nightly News with Tom Llamas,1,1,43,NBC News
20260909,1674095262,The Wright Report,1,1,34,Bryan Dean Wright
20260909,1456045551,Talking Feds,1,1,56,Harry Litman
20260909,1876034889,Breaking News from Pod Save America,1,1,48,Crooked Media
20260909,1551582052,The Lincoln Project,1,1,69,The Lincoln Project
20260909,158004641,Political Gabfest,1,1,99,Slate Podcasts
20260909,1303660358,The Fox News Rundown,1,1,51,FOX News Podcasts
20260909,1743030473,The Rest Is Politics: US,1,1,29,Goalhanger
20260909,1490993194,Advisory Opinions,1,1,35,The Dispatch
20260909,1586423406,The Focus Group Podcast,1,1,114,The Bulwark
20260909,91959525,This Week with George Stephanopoulos,1,1,153,ABC News
20260909,1529346075,Impolitic with John Heilemann,1,1,92,Audacy | Puck
20260909,1515399733,No Lie with Brian Tyler Cohen,1,1,83,Brian Tyler Cohen
20260909,1169056746,The Playbook Podcast,1,1,53,POLITICO
20260909,1495251160,John Solomon Reports,1,1,60,John Solomon
20260909,1549272440,The Daily Punch,1,1,63,Punchbowl News
20260909,1291144720,The Remnant with Jonah Goldberg,1,1,54,The Dispatch
20260909,1725387804,The Illegal News with Sarah Longwell,1,1,124,The Bulwark
20260909,1810218232,Next Up with Mark Halperin,1,1,59,MK Media
20260909,78911087,Face the Nation with Margaret Brennan,1,1,197,CBS News
20260909,597919007,The Young Turks,1,1,46,TYT Network
20260909,1314368109,The 11th Hour with Ali Velshi,1,1,41,"MS NOW, Ali Velshi"
20260909,1536169792,Talkin‘ Politics & Religion Without Killin‘ Each Other,1,1,88,"Scan Media, LLC"
20260909,929121341,Louder with Crowder,1,1,18,Louder with Crowder
20260909,1386375601,The Ben Ferguson Podcast,1,1,75,iHeartPodcasts
20260909,1818418128,Pod Force One,1,1,104,New York Post
20260909,402050558,The David Pakman Show,1,1,37,David Pakman
20260909,219258773,Brian Kilmeade Show,1,1,70,FOX News Podcasts
20260909,1265845136,Stay Tuned with Preet,1,1,19,Preet Bharara
20260909,1474001390,TRUE ANON TRUTH FEED,1,1,71,TrueAnon
20260909,1506127536,Making the Argument with Nick Freitas,1,1,52,Nick Freitas
20260909,1681586867,The Warning with Steve Schmidt,1,1,64,iHeartPodcasts
20260909,1873028393,Politics Chat,1,1,58,Heather Cox Richardson
20260909,1679657705,Main Justice,1,1,22,"MS NOW, Andrew Weissmann, Mary McCord"
20260909,1138657182,Liberty Lockdown,1,1,91,Clint Russell
20260909,402306412,The Majority Report with Sam Seder,1,1,49,Sam Seder
20260909,1364113251,The Beat with Ari Melber,1,1,39,"Ari Melber, MS NOW"
20260909,354628391,Renegade Talk Radio,1,1,94,Renegade Talk Radio
20260909,1595408601,The PoliticsGirl Podcast,1,0,,
20260909,1467297559,Hacks On Tap,1,1,17,Vox Media
20260909,1728152109,THE DAILY BLAST with Greg Sargent,1,1,23,Greg Sargent
20260909,1484862164,Politics War Room with James Carville & Al Hunt,1,1,55,Politicon
20260909,1452065072,Newt's World,1,1,185,Gingrich 360
20260909,1790957194,The 47 Morning Update with Ben Ferguson,1,1,80,iHeartPodcasts
20260909,1462703434,Know Your Enemy,1,1,123,Matthew Sitman
20260909,1886801652,Sidebar with Katie Phang,1,0,,
20260909,1584730781,The Benny Show,1,1,66,Benny Johnson
20260909,1517313007,The Hugh Hewitt Show: Highly Concentrated,1,1,57,Salem Podcast Network
20260909,1441649707,Straight White American Jesus,1,1,100,Bradley Onishi + Daniel Miller
20260909,1195206601,The Intercept Briefing,1,1,219,The Intercept
20260909,1538788132,Tangle,1,1,67,Isaac Saul
20260909,1294461271,GZERO World with Ian Bremmer,1,1,205,GZERO Media
20260909,1585243541,Human Events Daily with Jack Posobiec,1,1,120,Human Events with Jack Posobiec
20260909,1253076699,The Michael Berry Show,1,1,76,KTRH (KTRH-AM)
20260909,1635418897,The Chris Cuomo Project,1,1,81,Chris Cuomo
20260909,969924303,The Skepticrat,1,0,,
20260909,1623855270,The Foreign Affairs Interview,1,1,82,Foreign Affairs Magazine
20260909,73331636,The Brian Lehrer Show,1,1,77,WNYC
20260909,1822142909,Glenn Diesen - Greater Eurasia Podcast,1,1,107,Glenn Diesen
20260909,1072469956,Fox Across America w/ Jimmy Failla,1,1,90,FOX News Podcasts
20260909,1218054701,Rev Left Radio,1,1,122,Revolutionary Left Radio
20260909,1456850698,The Graham Allen Show,1,1,112,Graham Allen
20260909,1805186512,Going Rogue with Lara Logan,1,1,118,Lara Logan
20260909,1509826894,RealClearPolitics Podcast,1,1,73,"RealClearPolitics, Carl Cannon, Tom Bevan"
20260909,716825890,The Tom Woods Show,1,1,95,Tom Woods
20260909,1820648828,The Joy Reid Show,1,1,105,Joy-Ann Reid
20260909,1889705401,Nobody Knows Anything,1,0,,
20260909,1573813504,The Smerconish Podcast,1,1,72,SiriusXM
20260909,1696974077,The Source with Kaitlan Collins,1,1,61,CNN Podcasts
20260909,1574741668,American Prestige,1,1,151,Daniel Bessner & Derek Davison
20260909,1669610956,System Update with Glenn Greenwald,1,1,188,Rumble
20260909,1548554104,Volts,1,1,86,David Roberts
20260909,1647025876,Wendy Bell Radio Podcast,1,1,87,Wendy Bell
20260909,1378389941,Uncommon Knowledge,1,1,74,Hoover Institution
20260909,1896576050,Brian Tyler Cohen,1,1,215,Brian Tyler Cohen Network
20260909,1715894000,Trump's Terms,1,1,65,NPR
20260909,1587492577,The Mel K Show,1,1,164,Mel K
20260909,1660317917,Defending Democracy with Marc Elias,1,1,155,Democracy Docket
20260909,1635446643,The Coffee Klatch with Robert Reich,1,1,234,Robert Reich
20260909,1722246285,The Breakdown,1,1,184,Alberto fo sho
20260909,506779862,Lectures in History,1,1,249,C-SPAN
20260909,1147092464,Opening Arguments,1,1,141,Opening Arguments Media LLC
20260909,1695205478,What Really Matters with Walter Russell Mead,1,0,,
20260909,1263295815,The Pete Quiñones Show,1,1,147,Peter R Quiñones
20260909,1728340033,Mission Implausible,1,1,241,Jon Stern
20260909,1636762428,Dad Saves America,1,1,200,John Papola
20260909,1798460240,10 Minute Drill,1,1,103,Matt Whitlock
20260909,1471411980,American Thought Leaders,1,1,163,The Epoch Times
20260909,1714879044,The Tony Kinnett Cast,1,1,102,The Daily Signal
20260909,1579061364,Head in the Office,1,1,150,HITO Media LLC
20260909,1093260018,Slate News,1,1,165,Slate Podcasts
20260909,925428680,Conversations with Bill Kristol,1,0,,
20260909,1462195742,The Al Franken Podcast,1,1,247,The Al Franken Podcast
20260909,1576614213,American Conservative University,1,1,198,American Conservative University
20260909,1467993804,What the Hell Is Going On,1,0,,
20260909,1877144831,Paul Krugman Podcast,1,1,235,Paul Krugman
20260909,1709994511,UNGOVERNED,1,1,135,Shawn Farash
20260909,73329719,KQED's Forum,1,1,113,KQED
20260909,1785081636,The Mary Trump Podcast,1,1,149,Mary Trump Media
20260909,1432118523,The Damage Report with John Iadarola,1,1,96,TYT Network
20260909,791564318,Jacobin Radio,1,1,134,Jacobin
20260909,1843478428,Owen Report,1,1,132,Owen Shroyer
20260909,1531192509,Bad Faith,1,1,129,Briahna Joy Gray
20260909,1702202187,Perino on Politics,1,1,131,FOX News Podcasts
20260909,1568505052,MOATS with George Galloway,1,1,214,Molucca Media Ltd
20260909,380996798,"The Bob Cesca Show | Politics Podcast, News & Commentary",1,1,93,Bob Cesca
20260909,1172546141,The President’s Inbox,1,1,117,Council on Foreign Relations
20260909,1043245989,The Dig,1,1,189,Daniel Denvir
20260909,1535255041,Unf*cking The Republic,1,0,,
20260909,387042247,Washington Today,1,1,169,C-SPAN
20260909,682478916,War on the Rocks,1,1,62,Ryan Evans
20260909,983782306,Federalist Radio Hour,1,1,97,Radio America
20260909,1111319839,The Conversation with Dasha Burns,1,1,242,POLITICO
20260909,1476110521,Useful Idiots with Katie Halper and Aaron Maté,1,0,,
20260909,1549624070,Amarica's Constitution,1,1,166,Akhil Reed Amar
20260909,1289062927,ChinaTalk,1,1,158,Jordan Schneider
20260909,1570380458,The Victor Davis Hanson Show,1,1,187,Victor Davis Hanson and Jack Fowler
20260909,1356662668,Politically Georgia,1,1,128,The Atlanta Journal-Constitution
20260909,1725442221,Hawk Podcasts,1,1,191,Hawk
20260909,1721813926,Bad Hasbara - The World's Most Moral Podcast,1,1,154,Matt Lieb
20260909,1439837349,The Political Orphanage,1,1,210,Andrew Heaton
20260909,1671451793,Maiden Mother Matriarch with Louise Perry,1,1,195,Louise Perry
20260909,1502568407,SGT Report’s The Propaganda Antidote,1,1,125,SGT Report
20260909,1607829807,Mark Kaye Saves The Republic,1,1,218,Kayetriot Media
20260909,545045867,Scott Horton Show - Just the Interviews,1,1,89,Scott Horton
20260909,1317356120,The Peter McCormack Show,1,1,167,Peter McCormack
20260909,1570432345,Firing Line with Margaret Hoover,1,0,,
20260909,1818658022,"Life, Liberty & Levin Podcast",1,0,,
20260909,1634341981,Antiwar News With Dave DeCamp,1,1,202,Dave DeCamp
20260909,474763182,The Globalist,1,1,181,Monocle
20260909,1871628261,The Harry Sisson Show,1,0,,
20260909,1788891712,It's A Numbers Game with Ryan Girdusky,1,1,248,iHeartPodcasts
20260909,1654162813,The Kyle Seraphin Show,1,1,133,Kyle Seraphin
20260909,1480605295,POLITICO Energy,1,1,201,POLITICO
20260909,1648125917,Stay Free with Russell Brand,1,0,,
20260909,1612691018,THE WEEKEND SHOW,1,0,,
20260909,1880163995,The Kyle Kulinski Show,1,1,101,Kyle Kulinski
20260909,1536984072,The Dishcast with Andrew Sullivan,1,0,,
20260909,1309354521,Majority 54,1,0,,
20260909,1362265400,Timcast News,1,1,42,Timcast Media
20260909,1874174561,Hope For America with Heather Delaney Reese,1,0,,
20260909,124960485,"Best of the Left - Leftist Perspectives on Progressive Politics, News, Culture, Economics and Democracy",1,0,,
20260909,1587936366,The Inside Story Podcast,1,0,,
20260909,1594728054,The Great America Show,1,1,196,Fawcett Strategies
20260909,1767877239,No Gods No Mayors,1,1,130,The Office of the Mayor
20260909,1549502623,Cleanup on Aisle 45 with AG & Harry Dunn,1,1,108,MSW Media
20260909,956270301,Rational Security,1,0,,
20260909,1548086514,The Arena,1,0,,
20260909,1155629323,The Reason Roundtable,1,1,109,The Reason Roundtable
20260909,1868807558,Batya!,1,0,,
20260909,1592116227,The Breitbart News Daily Podcast,1,1,193,SiriusXM
20260909,1809246826,The Keith Edwards Show,1,1,238,Keith Edwards
20260909,1060110806,The Nation Podcasts,1,1,171,The Nation Magazine
20260909,702998658,Week In Review,1,0,,
20260909,1493858530,Hood Politics with Prop,1,1,137,Cool Zone Media and iHeartPodcasts
20260909,1485186805,Timothy Gordon Rules for Retrogrades Podcast,1,0,,
20260909,1567204040,The Drill Down with Peter Schweizer,1,1,98,Government Accountability Institute
20260909,1869456664,What's The Plan? with Leah Greenberg and Ezra Levin,1,0,,
20260909,1614844654,Week In Review,1,0,,
20260909,1751785203,Brad vs Everyone,1,0,,
20260909,1599891719,Seattle Nice,1,0,,
20260909,1368074498,The Lars Larson Show Pacific Northwest Podcast,1,1,182,Lars Larson
20260909,1800671132,Destiny,1,1,223,Destiny
20260909,1208232103,The Buck Sexton Show,1,0,,
20260909,1485021241,The Reason Interview With Nick Gillespie,1,1,136,The Reason Interview With Nick Gillespie
20260909,1606834013,The Josh Hammer Show,1,1,175,The Josh Hammer Show
20260909,1714009198,Mea Culpa,1,1,145,Podcast WABCRadio
20260909,1839861250,The Moment with Jorge Ramos and Paola Ramos,1,1,229,iHeartPodcasts
20260909,1449848509,I Don't Speak German,1,0,,
20260909,1633301179,Countdown with Keith Olbermann,1,1,180,iHeartPodcasts
20260909,1482179882,The Mona Charen Show,1,1,170,The Bulwark
20260909,1112258664,Russian Roulette,1,0,,
20260909,1721969693,Politix,1,1,139,Politix
20260909,1351411911,The TPM Show with Josh and Kate,1,1,106,Talking Points Memo
20260909,1212380212,The Five,0,1,28,FOX News Podcasts
20260909,1375568988,TRIGGERnometry,0,1,31,TRIGGERnometry
20260909,1611374685,The Rest Is Politics,0,1,38,Goalhanger
20260909,1493229344,The Dispatch Podcast,0,1,44,The Dispatch
20260909,1788738240,It’s That Part,0,1,47,Jesse Lee Hammonds
20260909,1879498704,Power and Consequences,0,1,68,Third Clumber Productions
20260909,1243130823,The John Kobylt Show,0,1,78,iHeartPodcasts
20260909,159752078,This Morning With Gordon Deal,0,1,79,Compass Media Networks
20260909,1473150244,Americast,0,1,84,BBC News
20260909,1801103648,The Nerd Reich,0,1,85,nerdreich
20260909,1601727251,Central Air,0,1,110,"Josh Barro, Megan McArdle & Ben Dreyfuss"
20260909,1651903715,The Rush Hour With Dave Neal,0,1,111,Dave Neal
20260909,1896805652,NARITAS,0,1,115,Yanis AHMADI
20260909,1769997814,Normally,0,1,116,iHeartPodcasts
20260909,1896897095,Wired In,0,1,121,The Daily Wire
20260909,1835450563,Sources & Methods,0,1,126,NPR
20260909,1552899676,The Luke Beasley Show,0,1,127,Luke Beasley
20260909,563127951,"Law Talk With Epstein, Yoo & Cooke",0,1,138,The Civitas Institute at the University of Texas at Austin
20260909,1530639447,THE OFFICIAL MEA CULPA WITH MICHAEL COHEN ARCHIVE,0,1,140,Audio Up Media
20260909,1573983987,On the Nose,0,1,142,Jewish Currents
20260909,1494037881,Checks and Balance from The Economist,0,1,143,The Economist
20260909,1882760486,Jack Cocchiarella Show,0,1,144,Jack Cocchiarella
20260909,1504048545,The Rachman Review,0,1,146,Financial Times
20260909,1504713161,El hilo,0,1,148,My Cultura and iHeartPodcasts
20260909,1701280578,The Sean Spicer Show,0,1,152,The Sean Spicer Show
20260909,155974141,Common Sense with Dan Carlin,0,1,156,Dan Carlin
20260909,1803015612,All Things with Kim Strassel,0,1,157,The Wall Street Journal
20260909,1665265193,The Rest Is Politics: Leading,0,1,159,Goalhanger
20260909,1605545539,In the Litter Box,0,1,160,Jewels Jones & Catturd
20260909,1893673410,Agitation Nation: A Podcast From The Fenton Forecast,0,1,161,David Fenton
20260909,1485109198,Politix,0,1,162,Politix
20260909,1507832825,Time To Say Goodbye,0,1,168,Time To Say Goodbye
20260909,1327641087,Political Breakdown,0,1,172,KQED
20260909,1195899470,The Takeout with Major Garrett,0,1,173,CBS News
20260909,1643776565,You're Wrong w/ Mollie Hemingway & David Harsanyi,0,1,174,Radio America
20260909,1762436723,Dan Wootton Outspoken,0,1,176,Dan Wootton
20260909,1805502607,The MiddleGround Mic,0,1,177,Joseph Steagall
20260909,863338913,Texas Standard,0,1,178,Texas Standard
20260909,1889550138,The Loren Piretra Show,0,1,179,Loren Piretra
20260909,1696250206,HasanAbi,0,1,183,HasanAbi
20260909,1871531782,Uncertain with DL Hughley,0,1,186,DL Hughley
20260909,1136826256,Election Profit Makers,0,1,190,Jon Kimball & David Rees
20260909,1591300785,Lost Debate,0,1,192,The Branch
20260909,1121407665,Sinica Podcast,0,1,194,Kaiser Kuo
20260909,1400926647,Gaslit Nation,0,1,199,Andrea Chalupa
20260909,1685475850,The Econoclasts,0,1,203,UnHerd
20260909,886656768,The Politics Bar,0,1,204,From The Bunker
20260909,1884144340,Get Angry,0,1,206,"Bryan Andrews, ItsLuke"
20260909,1692381473,The News Agents - USA,0,1,207,Global
20260909,1896561822,NORMAL GAYS Podcast,0,1,208,NORMAL GAYS
20260909,1625856906,不明白播客,0,1,209,袁莉和她的朋友们
20260909,1412905534,The Michael Steele Podcast,0,1,211,Michael Steele
20260909,960814054,The Ricochet Superfeed,0,1,212,Ricochet
20260909,1506676334,Means Morning News,0,1,213,Means Cooperative
20260909,1381291342,If You're Listening,0,1,216,ABC Australia
20260909,517293050,The Pete Kaliner Show,0,1,217,"Pete Kaliner - news, politics, NC"
20260909,1706536336,Political Currency,0,1,220,Persephonica
20260909,1668143992,Texas Minute,0,1,221,Texas Scorecard
20260909,1551827752,The Counsel,0,1,222,CAFE
20260909,1053981528,Economic Update with Richard D. Wolff,0,1,224,"Democracy at Work, Richard D. Wolff"
20260909,1547098165,Krystal Kyle & Friends,0,1,225,Krystal
20260909,1485475085,Stand Up! with Pete Dominick,0,1,226,pete dominick
20260909,1245265763,"Oh God, What Now?",0,1,227,Podmasters
20260909,1857136176,SPN LIVE - The Stew Peters Network,0,1,228,Stew Peters
20260909,1796721454,,0,1,230,
20260909,1843174639,"The Rich Zeoli Podcast: Daily Politics, Culture & Chaos",0,1,231,Rich Zeoli
20260909,1754976617,No BS Newshour with Charlie LeDuff,0,1,232,Charlie LeDuff
20260909,1700432142,RONZHEIMER.,0,1,233,Paul Ronzheimer
20260909,1721382033,Vibes Only,0,1,236,Brian Derrick and Glennis Meagher
20260909,1896591532,Nation States with Yates,0,1,237,iHeartPodcasts
20260909,1644366053,Decoding Fox News,0,1,239,I watch all the Fox News you'd never want to.
20260909,1733640626,,0,1,240,
20260909,1882414469,On the Road with Jonathan Martin,0,1,243,POLITICO
20260909,1450994745,Balance of Power,0,1,244,Bloomberg
20260909,1833272507,Executive Disorder: White House Weekly,0,1,245,Cool Zone Media and iHeartPodcasts
20260909,1562652774,DW News Brief,0,1,246,DW
20260909,1663927350,Multipolarity,0,1,250,Multipolarity
20260910,1192761536,Pod Save America,1,1,1,Pod Save America
20260910,1510240831,The MeidasTouch Podcast,1,1,4,MeidasTouch Network
20260910,1794450472,Bulwark Takes,1,1,9,The Bulwark
20260910,1447684472,The Bulwark Podcast,1,1,2,The Bulwark
20260910,1730358737,Letters from an American,1,1,8,Heather Cox Richardson
20260910,1750591415,Candace,1,1,3,Candace Owens
20260910,1617887885,The President's Daily Brief,1,1,11,The First TV
20260910,1050430296,The New Yorker Radio Hour,1,1,27,WNYC Studios and The New Yorker
20260910,1057255460,The NPR Politics Podcast,1,1,7,NPR
20260910,1865794721,Real Baron Podcast,1,1,25,Baron Coleman
20260910,1495601614,Verdict with Ted Cruz,1,1,26,iHeartPodcasts
20260910,1645614328,Fast Politics with Molly Jong-Fast,1,1,24,iHeartPodcasts
20260910,1640311112,The Necessary Conversation,1,1,36,The Necessary Conversation
20260910,1647085571,The Next Level,1,1,15,The Bulwark
20260910,1258635512,Radio Atlantic,1,1,30,The Atlantic
20260910,268213039,The Political Scene | The New Yorker,1,1,20,The New Yorker
20260910,1535384390,Ruthless Podcast,1,1,12,"Josh Holmes, Comfortably Smug, Michael Duncan and John Ashbrook"
20260910,1408796715,Runaway Country with Alex Wagner,1,1,40,Runaway Country with Alex Wagner
20260910,1774505095,Raging Moderates with Scott Galloway and Jessica Tarlov,1,1,13,Vox Media Podcast Network
20260910,1570045623,Breaking Points with Krystal and Saagar,1,1,6,iHeartPodcasts
20260910,1317481380,UnJustified,1,1,119,MSW Media
20260910,73330715,On the Media,1,1,33,WNYC Studios
20260910,1200016351,Pod Save the World,1,1,5,Pod Save the World
20260910,1692806415,The Briefing with Jen Psaki,1,1,14,"MS NOW, Jen Psaki"
20260910,1551206847,#SistersInLaw,1,1,45,Politicon
20260910,1485351658,Bannon`s War Room,1,1,21,WarRoom.org
20260910,1507444393,X22 Report,1,1,32,X22 Report
20260910,1314170606,All In with Chris Hayes,1,1,16,"MS NOW, Chris Hayes"
20260910,1795032531,The Jim Acosta Show,1,1,50,Jim Acosta
20260910,1367201919,Deadline: White House,1,1,10,"Nicolle Wallace, MS NOW"
20260910,75462585,NBC Nightly News with Tom Llamas,1,1,43,NBC News
20260910,1674095262,The Wright Report,1,1,34,Bryan Dean Wright
20260910,1456045551,Talking Feds,1,1,56,Harry Litman
20260910,1876034889,Breaking News from Pod Save America,1,1,48,Crooked Media
20260910,1551582052,The Lincoln Project,1,1,69,The Lincoln Project
20260910,158004641,Political Gabfest,1,1,99,Slate Podcasts
20260910,1303660358,The Fox News Rundown,1,1,51,FOX News Podcasts
20260910,1743030473,The Rest Is Politics: US,1,1,29,Goalhanger
20260910,1490993194,Advisory Opinions,1,1,35,The Dispatch
20260910,1586423406,The Focus Group Podcast,1,1,114,The Bulwark
20260910,91959525,This Week with George Stephanopoulos,1,1,153,ABC News
20260910,1529346075,Impolitic with John Heilemann,1,1,92,Audacy | Puck
20260910,1515399733,No Lie with Brian Tyler Cohen,1,1,83,Brian Tyler Cohen
20260910,1169056746,The Playbook Podcast,1,1,53,POLITICO
20260910,1495251160,John Solomon Reports,1,1,60,John Solomon
20260910,1549272440,The Daily Punch,1,1,63,Punchbowl News
20260910,1291144720,The Remnant with Jonah Goldberg,1,1,54,The Dispatch
20260910,1725387804,The Illegal News with Sarah Longwell,1,1,124,The Bulwark
20260910,1810218232,Next Up with Mark Halperin,1,1,59,MK Media
20260910,78911087,Face the Nation with Margaret Brennan,1,1,197,CBS News
20260910,597919007,The Young Turks,1,1,46,TYT Network
20260910,1314368109,The 11th Hour with Ali Velshi,1,1,41,"MS NOW, Ali Velshi"
20260910,1536169792,Talkin‘ Politics & Religion Without Killin‘ Each Other,1,1,88,"Scan Media, LLC"
20260910,929121341,Louder with Crowder,1,1,18,Louder with Crowder
20260910,1386375601,The Ben Ferguson Podcast,1,1,75,iHeartPodcasts
20260910,1818418128,Pod Force One,1,1,104,New York Post
20260910,402050558,The David Pakman Show,1,1,37,David Pakman
20260910,219258773,Brian Kilmeade Show,1,1,70,FOX News Podcasts
20260910,1265845136,Stay Tuned with Preet,1,1,19,Preet Bharara
20260910,1474001390,TRUE ANON TRUTH FEED,1,1,71,TrueAnon
20260910,1506127536,Making the Argument with Nick Freitas,1,1,52,Nick Freitas
20260910,1681586867,The Warning with Steve Schmidt,1,1,64,iHeartPodcasts
20260910,1873028393,Politics Chat,1,1,58,Heather Cox Richardson
20260910,1679657705,Main Justice,1,1,22,"MS NOW, Andrew Weissmann, Mary McCord"
20260910,1138657182,Liberty Lockdown,1,1,91,Clint Russell
20260910,402306412,The Majority Report with Sam Seder,1,1,49,Sam Seder
20260910,1364113251,The Beat with Ari Melber,1,1,39,"Ari Melber, MS NOW"
20260910,354628391,Renegade Talk Radio,1,1,94,Renegade Talk Radio
20260910,1595408601,The PoliticsGirl Podcast,1,0,,
20260910,1467297559,Hacks On Tap,1,1,17,Vox Media
20260910,1728152109,THE DAILY BLAST with Greg Sargent,1,1,23,Greg Sargent
20260910,1484862164,Politics War Room with James Carville & Al Hunt,1,1,55,Politicon
20260910,1452065072,Newt's World,1,1,185,Gingrich 360
20260910,1790957194,The 47 Morning Update with Ben Ferguson,1,1,80,iHeartPodcasts
20260910,1462703434,Know Your Enemy,1,1,123,Matthew Sitman
20260910,1886801652,Sidebar with Katie Phang,1,0,,
20260910,1584730781,The Benny Show,1,1,66,Benny Johnson
20260910,1517313007,The Hugh Hewitt Show: Highly Concentrated,1,1,57,Salem Podcast Network
20260910,1441649707,Straight White American Jesus,1,1,100,Bradley Onishi + Daniel Miller
20260910,1195206601,The Intercept Briefing,1,1,219,The Intercept
20260910,1538788132,Tangle,1,1,67,Isaac Saul
20260910,1294461271,GZERO World with Ian Bremmer,1,1,205,GZERO Media
20260910,1585243541,Human Events Daily with Jack Posobiec,1,1,120,Human Events with Jack Posobiec
20260910,1253076699,The Michael Berry Show,1,1,76,KTRH (KTRH-AM)
20260910,1635418897,The Chris Cuomo Project,1,1,81,Chris Cuomo
20260910,969924303,The Skepticrat,1,0,,
20260910,1623855270,The Foreign Affairs Interview,1,1,82,Foreign Affairs Magazine
20260910,73331636,The Brian Lehrer Show,1,1,77,WNYC
20260910,1822142909,Glenn Diesen - Greater Eurasia Podcast,1,1,107,Glenn Diesen
20260910,1072469956,Fox Across America w/ Jimmy Failla,1,1,90,FOX News Podcasts
20260910,1218054701,Rev Left Radio,1,1,122,Revolutionary Left Radio
20260910,1456850698,The Graham Allen Show,1,1,112,Graham Allen
20260910,1805186512,Going Rogue with Lara Logan,1,1,118,Lara Logan
20260910,1509826894,RealClearPolitics Podcast,1,1,73,"RealClearPolitics, Carl Cannon, Tom Bevan"
20260910,716825890,The Tom Woods Show,1,1,95,Tom Woods
20260910,1820648828,The Joy Reid Show,1,1,105,Joy-Ann Reid
20260910,1889705401,Nobody Knows Anything,1,0,,
20260910,1573813504,The Smerconish Podcast,1,1,72,SiriusXM
20260910,1696974077,The Source with Kaitlan Collins,1,1,61,CNN Podcasts
20260910,1574741668,American Prestige,1,1,151,Daniel Bessner & Derek Davison
20260910,1669610956,System Update with Glenn Greenwald,1,1,188,Rumble
20260910,1548554104,Volts,1,1,86,David Roberts
20260910,1647025876,Wendy Bell Radio Podcast,1,1,87,Wendy Bell
20260910,1378389941,Uncommon Knowledge,1,1,74,Hoover Institution
20260910,1896576050,Brian Tyler Cohen,1,1,215,Brian Tyler Cohen Network
20260910,1715894000,Trump's Terms,1,1,65,NPR
20260910,1587492577,The Mel K Show,1,1,164,Mel K
20260910,1660317917,Defending Democracy with Marc Elias,1,1,155,Democracy Docket
20260910,1635446643,The Coffee Klatch with Robert Reich,1,1,234,Robert Reich
20260910,1722246285,The Breakdown,1,1,184,Alberto fo sho
20260910,506779862,Lectures in History,1,1,249,C-SPAN
20260910,1147092464,Opening Arguments,1,1,141,Opening Arguments Media LLC
20260910,1695205478,What Really Matters with Walter Russell Mead,1,0,,
20260910,1263295815,The Pete Quiñones Show,1,1,147,Peter R Quiñones
20260910,1728340033,Mission Implausible,1,1,241,Jon Stern
20260910,1636762428,Dad Saves America,1,1,200,John Papola
20260910,1798460240,10 Minute Drill,1,1,103,Matt Whitlock
20260910,1471411980,American Thought Leaders,1,1,163,The Epoch Times
20260910,1714879044,The Tony Kinnett Cast,1,1,102,The Daily Signal
20260910,1579061364,Head in the Office,1,1,150,HITO Media LLC
20260910,1093260018,Slate News,1,1,165,Slate Podcasts
20260910,925428680,Conversations with Bill Kristol,1,0,,
20260910,1462195742,The Al Franken Podcast,1,1,247,The Al Franken Podcast
20260910,1576614213,American Conservative University,1,1,198,American Conservative University
20260910,1467993804,What the Hell Is Going On,1,0,,
20260910,1877144831,Paul Krugman Podcast,1,1,235,Paul Krugman
20260910,1709994511,UNGOVERNED,1,1,135,Shawn Farash
20260910,73329719,KQED's Forum,1,1,113,KQED
20260910,1785081636,The Mary Trump Podcast,1,1,149,Mary Trump Media
20260910,1432118523,The Damage Report with John Iadarola,1,1,96,TYT Network
20260910,791564318,Jacobin Radio,1,1,134,Jacobin
20260910,1843478428,Owen Report,1,1,132,Owen Shroyer
20260910,1531192509,Bad Faith,1,1,129,Briahna Joy Gray
20260910,1702202187,Perino on Politics,1,1,131,FOX News Podcasts
20260910,1568505052,MOATS with George Galloway,1,1,214,Molucca Media Ltd
20260910,380996798,"The Bob Cesca Show | Politics Podcast, News & Commentary",1,1,93,Bob Cesca
20260910,1172546141,The President’s Inbox,1,1,117,Council on Foreign Relations
20260910,1043245989,The Dig,1,1,189,Daniel Denvir
20260910,1535255041,Unf*cking The Republic,1,0,,
20260910,387042247,Washington Today,1,1,169,C-SPAN
20260910,682478916,War on the Rocks,1,1,62,Ryan Evans
20260910,983782306,Federalist Radio Hour,1,1,97,Radio America
20260910,1111319839,The Conversation with Dasha Burns,1,1,242,POLITICO
20260910,1476110521,Useful Idiots with Katie Halper and Aaron Maté,1,0,,
20260910,1549624070,Amarica's Constitution,1,1,166,Akhil Reed Amar
20260910,1289062927,ChinaTalk,1,1,158,Jordan Schneider
20260910,1570380458,The Victor Davis Hanson Show,1,1,187,Victor Davis Hanson and Jack Fowler
20260910,1356662668,Politically Georgia,1,1,128,The Atlanta Journal-Constitution
20260910,1725442221,Hawk Podcasts,1,1,191,Hawk
20260910,1721813926,Bad Hasbara - The World's Most Moral Podcast,1,1,154,Matt Lieb
20260910,1439837349,The Political Orphanage,1,1,210,Andrew Heaton
20260910,1671451793,Maiden Mother Matriarch with Louise Perry,1,1,195,Louise Perry
20260910,1502568407,SGT Report’s The Propaganda Antidote,1,1,125,SGT Report
20260910,1607829807,Mark Kaye Saves The Republic,1,1,218,Kayetriot Media
20260910,545045867,Scott Horton Show - Just the Interviews,1,1,89,Scott Horton
20260910,1317356120,The Peter McCormack Show,1,1,167,Peter McCormack
20260910,1570432345,Firing Line with Margaret Hoover,1,0,,
20260910,1818658022,"Life, Liberty & Levin Podcast",1,0,,
20260910,1634341981,Antiwar News With Dave DeCamp,1,1,202,Dave DeCamp
20260910,474763182,The Globalist,1,1,181,Monocle
20260910,1871628261,The Harry Sisson Show,1,0,,
20260910,1788891712,It's A Numbers Game with Ryan Girdusky,1,1,248,iHeartPodcasts
20260910,1654162813,The Kyle Seraphin Show,1,1,133,Kyle Seraphin
20260910,1480605295,POLITICO Energy,1,1,201,POLITICO
20260910,1648125917,Stay Free with Russell Brand,1,0,,
20260910,1612691018,THE WEEKEND SHOW,1,0,,
20260910,1880163995,The Kyle Kulinski Show,1,1,101,Kyle Kulinski
20260910,1536984072,The Dishcast with Andrew Sullivan,1,0,,
20260910,1309354521,Majority 54,1,0,,
20260910,1362265400,Timcast News,1,1,42,Timcast Media
20260910,1874174561,Hope For America with Heather Delaney Reese,1,0,,
20260910,124960485,"Best of the Left - Leftist Perspectives on Progressive Politics, News, Culture, Economics and Democracy",1,0,,
20260910,1587936366,The Inside Story Podcast,1,0,,
20260910,1594728054,The Great America Show,1,1,196,Fawcett Strategies
20260910,1767877239,No Gods No Mayors,1,1,130,The Office of the Mayor
20260910,1549502623,Cleanup on Aisle 45 with AG & Harry Dunn,1,1,108,MSW Media
20260910,956270301,Rational Security,1,0,,
20260910,1548086514,The Arena,1,0,,
20260910,1155629323,The Reason Roundtable,1,1,109,The Reason Roundtable
20260910,1868807558,Batya!,1,0,,
20260910,1592116227,The Breitbart News Daily Podcast,1,1,193,SiriusXM
20260910,1809246826,The Keith Edwards Show,1,1,238,Keith Edwards
20260910,1060110806,The Nation Podcasts,1,1,171,The Nation Magazine
20260910,702998658,Week In Review,1,0,,
20260910,1493858530,Hood Politics with Prop,1,1,137,Cool Zone Media and iHeartPodcasts
20260910,1485186805,Timothy Gordon Rules for Retrogrades Podcast,1,0,,
20260910,1567204040,The Drill Down with Peter Schweizer,1,1,98,Government Accountability Institute
20260910,1869456664,What's The Plan? with Leah Greenberg and Ezra Levin,1,0,,
20260910,1614844654,Week In Review,1,0,,
20260910,1751785203,Brad vs Everyone,1,0,,
20260910,1599891719,Seattle Nice,1,0,,
20260910,1368074498,The Lars Larson Show Pacific Northwest Podcast,1,1,182,Lars Larson
20260910,1800671132,Destiny,1,1,223,Destiny
20260910,1208232103,The Buck Sexton Show,1,0,,
20260910,1485021241,The Reason Interview With Nick Gillespie,1,1,136,The Reason Interview With Nick Gillespie
20260910,1606834013,The Josh Hammer Show,1,1,175,The Josh Hammer Show
20260910,1714009198,Mea Culpa,1,1,145,Podcast WABCRadio
20260910,1839861250,The Moment with Jorge Ramos and Paola Ramos,1,1,229,iHeartPodcasts
20260910,1449848509,I Don't Speak German,1,0,,
20260910,1633301179,Countdown with Keith Olbermann,1,1,180,iHeartPodcasts
20260910,1482179882,The Mona Charen Show,1,1,170,The Bulwark
20260910,1112258664,Russian Roulette,1,0,,
20260910,1721969693,Politix,1,1,139,Politix
20260910,1351411911,The TPM Show with Josh and Kate,1,1,106,Talking Points Memo
20260910,1212380212,The Five,0,1,28,FOX News Podcasts
20260910,1375568988,TRIGGERnometry,0,1,31,TRIGGERnometry
20260910,1611374685,The Rest Is Politics,0,1,38,Goalhanger
20260910,1493229344,The Dispatch Podcast,0,1,44,The Dispatch
20260910,1788738240,It’s That Part,0,1,47,Jesse Lee Hammonds
20260910,1879498704,Power and Consequences,0,1,68,Third Clumber Productions
20260910,1243130823,The John Kobylt Show,0,1,78,iHeartPodcasts
20260910,159752078,This Morning With Gordon Deal,0,1,79,Compass Media Networks
20260910,1473150244,Americast,0,1,84,BBC News
20260910,1801103648,The Nerd Reich,0,1,85,nerdreich
20260910,1601727251,Central Air,0,1,110,"Josh Barro, Megan McArdle & Ben Dreyfuss"
20260910,1651903715,The Rush Hour With Dave Neal,0,1,111,Dave Neal
20260910,1896805652,NARITAS,0,1,115,Yanis AHMADI
20260910,1769997814,Normally,0,1,116,iHeartPodcasts
20260910,1896897095,Wired In,0,1,121,The Daily Wire
20260910,1835450563,Sources & Methods,0,1,126,NPR
20260910,1552899676,The Luke Beasley Show,0,1,127,Luke Beasley
20260910,563127951,"Law Talk With Epstein, Yoo & Cooke",0,1,138,The Civitas Institute at the University of Texas at Austin
20260910,1530639447,THE OFFICIAL MEA CULPA WITH MICHAEL COHEN ARCHIVE,0,1,140,Audio Up Media
20260910,1573983987,On the Nose,0,1,142,Jewish Currents
20260910,1494037881,Checks and Balance from The Economist,0,1,143,The Economist
20260910,1882760486,Jack Cocchiarella Show,0,1,144,Jack Cocchiarella
20260910,1504048545,The Rachman Review,0,1,146,Financial Times
20260910,1504713161,El hilo,0,1,148,My Cultura and iHeartPodcasts
20260910,1701280578,The Sean Spicer Show,0,1,152,The Sean Spicer Show
20260910,155974141,Common Sense with Dan Carlin,0,1,156,Dan Carlin
20260910,1803015612,All Things with Kim Strassel,0,1,157,The Wall Street Journal
20260910,1665265193,The Rest Is Politics: Leading,0,1,159,Goalhanger
20260910,1605545539,In the Litter Box,0,1,160,Jewels Jones & Catturd
20260910,1893673410,Agitation Nation: A Podcast From The Fenton Forecast,0,1,161,David Fenton
20260910,1485109198,Politix,0,1,162,Politix
20260910,1507832825,Time To Say Goodbye,0,1,168,Time To Say Goodbye
20260910,1327641087,Political Breakdown,0,1,172,KQED
20260910,1195899470,The Takeout with Major Garrett,0,1,173,CBS News
20260910,1643776565,You're Wrong w/ Mollie Hemingway & David Harsanyi,0,1,174,Radio America
20260910,1762436723,Dan Wootton Outspoken,0,1,176,Dan Wootton
20260910,1805502607,The MiddleGround Mic,0,1,177,Joseph Steagall
20260910,863338913,Texas Standard,0,1,178,Texas Standard
20260910,1889550138,The Loren Piretra Show,0,1,179,Loren Piretra
20260910,1696250206,HasanAbi,0,1,183,HasanAbi
20260910,1871531782,Uncertain with DL Hughley,0,1,186,DL Hughley
20260910,1136826256,Election Profit Makers,0,1,190,Jon Kimball & David Rees
20260910,1591300785,Lost Debate,0,1,192,The Branch
20260910,1121407665,Sinica Podcast,0,1,194,Kaiser Kuo
20260910,1400926647,Gaslit Nation,0,1,199,Andrea Chalupa
20260910,1685475850,The Econoclasts,0,1,203,UnHerd
20260910,886656768,The Politics Bar,0,1,204,From The Bunker
20260910,1884144340,Get Angry,0,1,206,"Bryan Andrews, ItsLuke"
20260910,1692381473,The News Agents - USA,0,1,207,Global
20260910,1896561822,NORMAL GAYS Podcast,0,1,208,NORMAL GAYS
20260910,1625856906,不明白播客,0,1,209,袁莉和她的朋友们
20260910,1412905534,The Michael Steele Podcast,0,1,211,Michael Steele
20260910,960814054,The Ricochet Superfeed,0,1,212,Ricochet
20260910,1506676334,Means Morning News,0,1,213,Means Cooperative
20260910,1381291342,If You're Listening,0,1,216,ABC Australia
20260910,517293050,The Pete Kaliner Show,0,1,217,"Pete Kaliner - news, politics, NC"
20260910,1706536336,Political Currency,0,1,220,Persephonica
20260910,1668143992,Texas Minute,0,1,221,Texas Scorecard
20260910,1551827752,The Counsel,0,1,222,CAFE
20260910,1053981528,Economic Update with Richard D. Wolff,0,1,224,"Democracy at Work, Richard D. Wolff"
20260910,1547098165,Krystal Kyle & Friends,0,1,225,Krystal
20260910,1485475085,Stand Up! with Pete Dominick,0,1,226,pete dominick
20260910,1245265763,"Oh God, What Now?",0,1,227,Podmasters
20260910,1857136176,SPN LIVE - The Stew Peters Network,0,1,228,Stew Peters
20260910,1796721454,,0,1,230,
20260910,1843174639,"The Rich Zeoli Podcast: Daily Politics, Culture & Chaos",0,1,231,Rich Zeoli
20260910,1754976617,No BS Newshour with Charlie LeDuff,0,1,232,Charlie LeDuff
20260910,1700432142,RONZHEIMER.,0,1,233,Paul Ronzheimer
20260910,1721382033,Vibes Only,0,1,236,Brian Derrick and Glennis Meagher
20260910,1896591532,Nation States with Yates,0,1,237,iHeartPodcasts
20260910,1644366053,Decoding Fox News,0,1,239,I watch all the Fox News you'd never want to.
20260910,1733640626,,0,1,240,
20260910,1882414469,On the Road with Jonathan Martin,0,1,243,POLITICO
20260910,1450994745,Balance of Power,0,1,244,Bloomberg
20260910,1833272507,Executive Disorder: White House Weekly,0,1,245,Cool Zone Media and iHeartPodcasts
20260910,1562652774,DW News Brief,0,1,246,DW
20260910,1663927350,Multipolarity,0,1,250,Multipolarity
20260911,1192761536,Pod Save America,1,1,1,Pod Save America
20260911,1510240831,The MeidasTouch Podcast,1,1,4,MeidasTouch Network
20260911,1794450472,Bulwark Takes,1,1,9,The Bulwark
20260911,1447684472,The Bulwark Podcast,1,1,2,The Bulwark
20260911,1730358737,Letters from an American,1,1,8,Heather Cox Richardson
20260911,1750591415,Candace,1,1,3,Candace Owens
20260911,1617887885,The President's Daily Brief,1,1,11,The First TV
20260911,1050430296,The New Yorker Radio Hour,1,1,27,WNYC Studios and The New Yorker
20260911,1057255460,The NPR Politics Podcast,1,1,7,NPR
20260911,1865794721,Real Baron Podcast,1,1,25,Baron Coleman
20260911,1495601614,Verdict with Ted Cruz,1,1,26,iHeartPodcasts
20260911,1645614328,Fast Politics with Molly Jong-Fast,1,1,24,iHeartPodcasts
20260911,1640311112,The Necessary Conversation,1,1,36,The Necessary Conversation
20260911,1647085571,The Next Level,1,1,15,The Bulwark
20260911,1258635512,Radio Atlantic,1,1,30,The Atlantic
20260911,268213039,The Political Scene | The New Yorker,1,1,20,The New Yorker
20260911,1535384390,Ruthless Podcast,1,1,12,"Josh Holmes, Comfortably Smug, Michael Duncan and John Ashbrook"
20260911,1408796715,Runaway Country with Alex Wagner,1,1,40,Runaway Country with Alex Wagner
20260911,1774505095,Raging Moderates with Scott Galloway and Jessica Tarlov,1,1,13,Vox Media Podcast Network
20260911,1570045623,Breaking Points with Krystal and Saagar,1,1,6,iHeartPodcasts
20260911,1317481380,UnJustified,1,1,119,MSW Media
20260911,73330715,On the Media,1,1,33,WNYC Studios
20260911,1200016351,Pod Save the World,1,1,5,Pod Save the World
20260911,1692806415,The Briefing with Jen Psaki,1,1,14,"MS NOW, Jen Psaki"
20260911,1551206847,#SistersInLaw,1,1,45,Politicon
20260911,1485351658,Bannon`s War Room,1,1,21,WarRoom.org
20260911,1507444393,X22 Report,1,1,32,X22 Report
20260911,1314170606,All In with Chris Hayes,1,1,16,"MS NOW, Chris Hayes"
20260911,1795032531,The Jim Acosta Show,1,1,50,Jim Acosta
20260911,1367201919,Deadline: White House,1,1,10,"Nicolle Wallace, MS NOW"
20260911,75462585,NBC Nightly News with Tom Llamas,1,1,43,NBC News
20260911,1674095262,The Wright Report,1,1,34,Bryan Dean Wright
20260911,1456045551,Talking Feds,1,1,56,Harry Litman
20260911,1876034889,Breaking News from Pod Save America,1,1,48,Crooked Media
20260911,1551582052,The Lincoln Project,1,1,69,The Lincoln Project
20260911,158004641,Political Gabfest,1,1,99,Slate Podcasts
20260911,1303660358,The Fox News Rundown,1,1,51,FOX News Podcasts
20260911,1743030473,The Rest Is Politics: US,1,1,29,Goalhanger
20260911,1490993194,Advisory Opinions,1,1,35,The Dispatch
20260911,1586423406,The Focus Group Podcast,1,1,114,The Bulwark
20260911,91959525,This Week with George Stephanopoulos,1,1,153,ABC News
20260911,1529346075,Impolitic with John Heilemann,1,1,92,Audacy | Puck
20260911,1515399733,No Lie with Brian Tyler Cohen,1,1,83,Brian Tyler Cohen
20260911,1169056746,The Playbook Podcast,1,1,53,POLITICO
20260911,1495251160,John Solomon Reports,1,1,60,John Solomon
20260911,1549272440,The Daily Punch,1,1,63,Punchbowl News
20260911,1291144720,The Remnant with Jonah Goldberg,1,1,54,The Dispatch
20260911,1725387804,The Illegal News with Sarah Longwell,1,1,124,The Bulwark
20260911,1810218232,Next Up with Mark Halperin,1,1,59,MK Media
20260911,78911087,Face the Nation with Margaret Brennan,1,1,197,CBS News
20260911,597919007,The Young Turks,1,1,46,TYT Network
20260911,1314368109,The 11th Hour with Ali Velshi,1,1,41,"MS NOW, Ali Velshi"
20260911,1536169792,Talkin‘ Politics & Religion Without Killin‘ Each Other,1,1,88,"Scan Media, LLC"
20260911,929121341,Louder with Crowder,1,1,18,Louder with Crowder
20260911,1386375601,The Ben Ferguson Podcast,1,1,75,iHeartPodcasts
20260911,1818418128,Pod Force One,1,1,104,New York Post
20260911,402050558,The David Pakman Show,1,1,37,David Pakman
20260911,219258773,Brian Kilmeade Show,1,1,70,FOX News Podcasts
20260911,1265845136,Stay Tuned with Preet,1,1,19,Preet Bharara
20260911,1474001390,TRUE ANON TRUTH FEED,1,1,71,TrueAnon
20260911,1506127536,Making the Argument with Nick Freitas,1,1,52,Nick Freitas
20260911,1681586867,The Warning with Steve Schmidt,1,1,64,iHeartPodcasts
20260911,1873028393,Politics Chat,1,1,58,Heather Cox Richardson
20260911,1679657705,Main Justice,1,1,22,"MS NOW, Andrew Weissmann, Mary McCord"
20260911,1138657182,Liberty Lockdown,1,1,91,Clint Russell
20260911,402306412,The Majority Report with Sam Seder,1,1,49,Sam Seder
20260911,1364113251,The Beat with Ari Melber,1,1,39,"Ari Melber, MS NOW"
20260911,354628391,Renegade Talk Radio,1,1,94,Renegade Talk Radio
20260911,1595408601,The PoliticsGirl Podcast,1,0,,
20260911,1467297559,Hacks On Tap,1,1,17,Vox Media
20260911,1728152109,THE DAILY BLAST with Greg Sargent,1,1,23,Greg Sargent
20260911,1484862164,Politics War Room with James Carville & Al Hunt,1,1,55,Politicon
20260911,1452065072,Newt's World,1,1,185,Gingrich 360
20260911,1790957194,The 47 Morning Update with Ben Ferguson,1,1,80,iHeartPodcasts
20260911,1462703434,Know Your Enemy,1,1,123,Matthew Sitman
20260911,1886801652,Sidebar with Katie Phang,1,0,,
20260911,1584730781,The Benny Show,1,1,66,Benny Johnson
20260911,1517313007,The Hugh Hewitt Show: Highly Concentrated,1,1,57,Salem Podcast Network
20260911,1441649707,Straight White American Jesus,1,1,100,Bradley Onishi + Daniel Miller
20260911,1195206601,The Intercept Briefing,1,1,219,The Intercept
20260911,1538788132,Tangle,1,1,67,Isaac Saul
20260911,1294461271,GZERO World with Ian Bremmer,1,1,205,GZERO Media
20260911,1585243541,Human Events Daily with Jack Posobiec,1,1,120,Human Events with Jack Posobiec
20260911,1253076699,The Michael Berry Show,1,1,76,KTRH (KTRH-AM)
20260911,1635418897,The Chris Cuomo Project,1,1,81,Chris Cuomo
20260911,969924303,The Skepticrat,1,0,,
20260911,1623855270,The Foreign Affairs Interview,1,1,82,Foreign Affairs Magazine
20260911,73331636,The Brian Lehrer Show,1,1,77,WNYC
20260911,1822142909,Glenn Diesen - Greater Eurasia Podcast,1,1,107,Glenn Diesen
20260911,1072469956,Fox Across America w/ Jimmy Failla,1,1,90,FOX News Podcasts
20260911,1218054701,Rev Left Radio,1,1,122,Revolutionary Left Radio
20260911,1456850698,The Graham Allen Show,1,1,112,Graham Allen
20260911,1805186512,Going Rogue with Lara Logan,1,1,118,Lara Logan
20260911,1509826894,RealClearPolitics Podcast,1,1,73,"RealClearPolitics, Carl Cannon, Tom Bevan"
20260911,716825890,The Tom Woods Show,1,1,95,Tom Woods
20260911,1820648828,The Joy Reid Show,1,1,105,Joy-Ann Reid
20260911,1889705401,Nobody Knows Anything,1,0,,
20260911,1573813504,The Smerconish Podcast,1,1,72,SiriusXM
20260911,1696974077,The Source with Kaitlan Collins,1,1,61,CNN Podcasts
20260911,1574741668,American Prestige,1,1,151,Daniel Bessner & Derek Davison
20260911,1669610956,System Update with Glenn Greenwald,1,1,188,Rumble
20260911,1548554104,Volts,1,1,86,David Roberts
20260911,1647025876,Wendy Bell Radio Podcast,1,1,87,Wendy Bell
20260911,1378389941,Uncommon Knowledge,1,1,74,Hoover Institution
20260911,1896576050,Brian Tyler Cohen,1,1,215,Brian Tyler Cohen Network
20260911,1715894000,Trump's Terms,1,1,65,NPR
20260911,1587492577,The Mel K Show,1,1,164,Mel K
20260911,1660317917,Defending Democracy with Marc Elias,1,1,155,Democracy Docket
20260911,1635446643,The Coffee Klatch with Robert Reich,1,1,234,Robert Reich
20260911,1722246285,The Breakdown,1,1,184,Alberto fo sho
20260911,506779862,Lectures in History,1,1,249,C-SPAN
20260911,1147092464,Opening Arguments,1,1,141,Opening Arguments Media LLC
20260911,1695205478,What Really Matters with Walter Russell Mead,1,0,,
20260911,1263295815,The Pete Quiñones Show,1,1,147,Peter R Quiñones
20260911,1728340033,Mission Implausible,1,1,241,Jon Stern
20260911,1636762428,Dad Saves America,1,1,200,John Papola
20260911,1798460240,10 Minute Drill,1,1,103,Matt Whitlock
20260911,1471411980,American Thought Leaders,1,1,163,The Epoch Times
20260911,1714879044,The Tony Kinnett Cast,1,1,102,The Daily Signal
20260911,1579061364,Head in the Office,1,1,150,HITO Media LLC
20260911,1093260018,Slate News,1,1,165,Slate Podcasts
20260911,925428680,Conversations with Bill Kristol,1,0,,
20260911,1462195742,The Al Franken Podcast,1,1,247,The Al Franken Podcast
20260911,1576614213,American Conservative University,1,1,198,American Conservative University
20260911,1467993804,What the Hell Is Going On,1,0,,
20260911,1877144831,Paul Krugman Podcast,1,1,235,Paul Krugman
20260911,1709994511,UNGOVERNED,1,1,135,Shawn Farash
20260911,73329719,KQED's Forum,1,1,113,KQED
20260911,1785081636,The Mary Trump Podcast,1,1,149,Mary Trump Media
20260911,1432118523,The Damage Report with John Iadarola,1,1,96,TYT Network
20260911,791564318,Jacobin Radio,1,1,134,Jacobin
20260911,1843478428,Owen Report,1,1,132,Owen Shroyer
20260911,1531192509,Bad Faith,1,1,129,Briahna Joy Gray
20260911,1702202187,Perino on Politics,1,1,131,FOX News Podcasts
20260911,1568505052,MOATS with George Galloway,1,1,214,Molucca Media Ltd
20260911,380996798,"The Bob Cesca Show | Politics Podcast, News & Commentary",1,1,93,Bob Cesca
20260911,1172546141,The President’s Inbox,1,1,117,Council on Foreign Relations
20260911,1043245989,The Dig,1,1,189,Daniel Denvir
20260911,1535255041,Unf*cking The Republic,1,0,,
20260911,387042247,Washington Today,1,1,169,C-SPAN
20260911,682478916,War on the Rocks,1,1,62,Ryan Evans
20260911,983782306,Federalist Radio Hour,1,1,97,Radio America
20260911,1111319839,The Conversation with Dasha Burns,1,1,242,POLITICO
20260911,1476110521,Useful Idiots with Katie Halper and Aaron Maté,1,0,,
20260911,1549624070,Amarica's Constitution,1,1,166,Akhil Reed Amar
20260911,1289062927,ChinaTalk,1,1,158,Jordan Schneider
20260911,1570380458,The Victor Davis Hanson Show,1,1,187,Victor Davis Hanson and Jack Fowler
20260911,1356662668,Politically Georgia,1,1,128,The Atlanta Journal-Constitution
20260911,1725442221,Hawk Podcasts,1,1,191,Hawk
20260911,1721813926,Bad Hasbara - The World's Most Moral Podcast,1,1,154,Matt Lieb
20260911,1439837349,The Political Orphanage,1,1,210,Andrew Heaton
20260911,1671451793,Maiden Mother Matriarch with Louise Perry,1,1,195,Louise Perry
20260911,1502568407,SGT Report’s The Propaganda Antidote,1,1,125,SGT Report
20260911,1607829807,Mark Kaye Saves The Republic,1,1,218,Kayetriot Media
20260911,545045867,Scott Horton Show - Just the Interviews,1,1,89,Scott Horton
20260911,1317356120,The Peter McCormack Show,1,1,167,Peter McCormack
20260911,1570432345,Firing Line with Margaret Hoover,1,0,,
20260911,1818658022,"Life, Liberty & Levin Podcast",1,0,,
20260911,1634341981,Antiwar News With Dave DeCamp,1,1,202,Dave DeCamp
20260911,474763182,The Globalist,1,1,181,Monocle
20260911,1871628261,The Harry Sisson Show,1,0,,
20260911,1788891712,It's A Numbers Game with Ryan Girdusky,1,1,248,iHeartPodcasts
20260911,1654162813,The Kyle Seraphin Show,1,1,133,Kyle Seraphin
20260911,1480605295,POLITICO Energy,1,1,201,POLITICO
20260911,1648125917,Stay Free with Russell Brand,1,0,,
20260911,1612691018,THE WEEKEND SHOW,1,0,,
20260911,1880163995,The Kyle Kulinski Show,1,1,101,Kyle Kulinski
20260911,1536984072,The Dishcast with Andrew Sullivan,1,0,,
20260911,1309354521,Majority 54,1,0,,
20260911,1362265400,Timcast News,1,1,42,Timcast Media
20260911,1874174561,Hope For America with Heather Delaney Reese,1,0,,
20260911,124960485,"Best of the Left - Leftist Perspectives on Progressive Politics, News, Culture, Economics and Democracy",1,0,,
20260911,1587936366,The Inside Story Podcast,1,0,,
20260911,1594728054,The Great America Show,1,1,196,Fawcett Strategies
20260911,1767877239,No Gods No Mayors,1,1,130,The Office of the Mayor
20260911,1549502623,Cleanup on Aisle 45 with AG & Harry Dunn,1,1,108,MSW Media
20260911,956270301,Rational Security,1,0,,
20260911,1548086514,The Arena,1,0,,
20260911,1155629323,The Reason Roundtable,1,1,109,The Reason Roundtable
20260911,1868807558,Batya!,1,0,,
20260911,1592116227,The Breitbart News Daily Podcast,1,1,193,SiriusXM
20260911,1809246826,The Keith Edwards Show,1,1,238,Keith Edwards
20260911,1060110806,The Nation Podcasts,1,1,171,The Nation Magazine
20260911,702998658,Week In Review,1,0,,
20260911,1493858530,Hood Politics with Prop,1,1,137,Cool Zone Media and iHeartPodcasts
20260911,1485186805,Timothy Gordon Rules for Retrogrades Podcast,1,0,,
20260911,1567204040,The Drill Down with Peter Schweizer,1,1,98,Government Accountability Institute
20260911,1869456664,What's The Plan? with Leah Greenberg and Ezra Levin,1,0,,
20260911,1614844654,Week In Review,1,0,,
20260911,1751785203,Brad vs Everyone,1,0,,
20260911,1599891719,Seattle Nice,1,0,,
20260911,1368074498,The Lars Larson Show Pacific Northwest Podcast,1,1,182,Lars Larson
20260911,1800671132,Destiny,1,1,223,Destiny
20260911,1208232103,The Buck Sexton Show,1,0,,
20260911,1485021241,The Reason Interview With Nick Gillespie,1,1,136,The Reason Interview With Nick Gillespie
20260911,1606834013,The Josh Hammer Show,1,1,175,The Josh Hammer Show
20260911,1714009198,Mea Culpa,1,1,145,Podcast WABCRadio
20260911,1839861250,The Moment with Jorge Ramos and Paola Ramos,1,1,229,iHeartPodcasts
20260911,1449848509,I Don't Speak German,1,0,,
20260911,1633301179,Countdown with Keith Olbermann,1,1,180,iHeartPodcasts
20260911,1482179882,The Mona Charen Show,1,1,170,The Bulwark
20260911,1112258664,Russian Roulette,1,0,,
20260911,1721969693,Politix,1,1,139,Politix
20260911,1351411911,The TPM Show with Josh and Kate,1,1,106,Talking Points Memo
20260911,1212380212,The Five,0,1,28,FOX News Podcasts
20260911,1375568988,TRIGGERnometry,0,1,31,TRIGGERnometry
20260911,1611374685,The Rest Is Politics,0,1,38,Goalhanger
20260911,1493229344,The Dispatch Podcast,0,1,44,The Dispatch
20260911,1788738240,It’s That Part,0,1,47,Jesse Lee Hammonds
20260911,1879498704,Power and Consequences,0,1,68,Third Clumber Productions
20260911,1243130823,The John Kobylt Show,0,1,78,iHeartPodcasts
20260911,159752078,This Morning With Gordon Deal,0,1,79,Compass Media Networks
20260911,1473150244,Americast,0,1,84,BBC News
20260911,1801103648,The Nerd Reich,0,1,85,nerdreich
20260911,1601727251,Central Air,0,1,110,"Josh Barro, Megan McArdle & Ben Dreyfuss"
20260911,1651903715,The Rush Hour With Dave Neal,0,1,111,Dave Neal
20260911,1896805652,NARITAS,0,1,115,Yanis AHMADI
20260911,1769997814,Normally,0,1,116,iHeartPodcasts
20260911,1896897095,Wired In,0,1,121,The Daily Wire
20260911,1835450563,Sources & Methods,0,1,126,NPR
20260911,1552899676,The Luke Beasley Show,0,1,127,Luke Beasley
20260911,563127951,"Law Talk With Epstein, Yoo & Cooke",0,1,138,The Civitas Institute at the University of Texas at Austin
20260911,1530639447,THE OFFICIAL MEA CULPA WITH MICHAEL COHEN ARCHIVE,0,1,140,Audio Up Media
20260911,1573983987,On the Nose,0,1,142,Jewish Currents
20260911,1494037881,Checks and Balance from The Economist,0,1,143,The Economist
20260911,1882760486,Jack Cocchiarella Show,0,1,144,Jack Cocchiarella
20260911,1504048545,The Rachman Review,0,1,146,Financial Times
20260911,1504713161,El hilo,0,1,148,My Cultura and iHeartPodcasts
20260911,1701280578,The Sean Spicer Show,0,1,152,The Sean Spicer Show
20260911,155974141,Common Sense with Dan Carlin,0,1,156,Dan Carlin
20260911,1803015612,All Things with Kim Strassel,0,1,157,The Wall Street Journal
20260911,1665265193,The Rest Is Politics: Leading,0,1,159,Goalhanger
20260911,1605545539,In the Litter Box,0,1,160,Jewels Jones & Catturd
20260911,1893673410,Agitation Nation: A Podcast From The Fenton Forecast,0,1,161,David Fenton
20260911,1485109198,Politix,0,1,162,Politix
20260911,1507832825,Time To Say Goodbye,0,1,168,Time To Say Goodbye
20260911,1327641087,Political Breakdown,0,1,172,KQED
20260911,1195899470,The Takeout with Major Garrett,0,1,173,CBS News
20260911,1643776565,You're Wrong w/ Mollie Hemingway & David Harsanyi,0,1,174,Radio America
20260911,1762436723,Dan Wootton Outspoken,0,1,176,Dan Wootton
20260911,1805502607,The MiddleGround Mic,0,1,177,Joseph Steagall
20260911,863338913,Texas Standard,0,1,178,Texas Standard
20260911,1889550138,The Loren Piretra Show,0,1,179,Loren Piretra
20260911,1696250206,HasanAbi,0,1,183,HasanAbi
20260911,1871531782,Uncertain with DL Hughley,0,1,186,DL Hughley
20260911,1136826256,Election Profit Makers,0,1,190,Jon Kimball & David Rees
20260911,1591300785,Lost Debate,0,1,192,The Branch
20260911,1121407665,Sinica Podcast,0,1,194,Kaiser Kuo
20260911,1400926647,Gaslit Nation,0,1,199,Andrea Chalupa
20260911,1685475850,The Econoclasts,0,1,203,UnHerd
20260911,886656768,The Politics Bar,0,1,204,From The Bunker
20260911,1884144340,Get Angry,0,1,206,"Bryan Andrews, ItsLuke"
20260911,1692381473,The News Agents - USA,0,1,207,Global
20260911,1896561822,NORMAL GAYS Podcast,0,1,208,NORMAL GAYS
20260911,1625856906,不明白播客,0,1,209,袁莉和她的朋友们
20260911,1412905534,The Michael Steele Podcast,0,1,211,Michael Steele
20260911,960814054,The Ricochet Superfeed,0,1,212,Ricochet
20260911,1506676334,Means Morning News,0,1,213,Means Cooperative
20260911,1381291342,If You're Listening,0,1,216,ABC Australia
20260911,517293050,The Pete Kaliner Show,0,1,217,"Pete Kaliner - news, politics, NC"
20260911,1706536336,Political Currency,0,1,220,Persephonica
20260911,1668143992,Texas Minute,0,1,221,Texas Scorecard
20260911,1551827752,The Counsel,0,1,222,CAFE
20260911,1053981528,Economic Update with Richard D. Wolff,0,1,224,"Democracy at Work, Richard D. Wolff"
20260911,1547098165,Krystal Kyle & Friends,0,1,225,Krystal
20260911,1485475085,Stand Up! with Pete Dominick,0,1,226,pete dominick
20260911,1245265763,"Oh God, What Now?",0,1,227,Podmasters
20260911,1857136176,SPN LIVE - The Stew Peters Network,0,1,228,Stew Peters
20260911,1796721454,,0,1,230,
20260911,1843174639,"The Rich Zeoli Podcast: Daily Politics, Culture & Chaos",0,1,231,Rich Zeoli
20260911,1754976617,No BS Newshour with Charlie LeDuff,0,1,232,Charlie LeDuff
20260911,1700432142,RONZHEIMER.,0,1,233,Paul Ronzheimer
20260911,1721382033,Vibes Only,0,1,236,Brian Derrick and Glennis Meagher
20260911,1896591532,Nation States with Yates,0,1,237,iHeartPodcasts
20260911,1644366053,Decoding Fox News,0,1,239,I watch all the Fox News you'd never want to.
20260911,1733640626,,0,1,240,
20260911,1882414469,On the Road with Jonathan Martin,0,1,243,POLITICO
20260911,1450994745,Balance of Power,0,1,244,Bloomberg
20260911,1833272507,Executive Disorder: White House Weekly,0,1,245,Cool Zone Media and iHeartPodcasts
20260911,1562652774,DW News Brief,0,1,246,DW
20260911,1663927350,Multipolarity,0,1,250,Multipolarity
