show_id,episode_id,audio_url,episode_title,reason
1467297559,2debf9512e8d7645,https://www.podtrac.com/pts/redirect.mp3/pscrb.fm/rss/p/mgln.ai/e/257/traffic.megaphone.fm/VMP7054333463.mp3,Maximum Don (with Alex Isenstadt & Doug Heye),"stream failed: ('Connection broken: IncompleteRead(3489516 bytes read, 53967448 more expected)', IncompleteRead(3489516 bytes read, 53967448 more expected))"
1485021241,36b5cc54ad522181,https://dts.podtrac.com/redirect.mp3/d2h6a3ly6ooodw.cloudfront.net/reasontv_audio_8302725.mp3,Penny Lane: Why I Gave a Kidney to a Total Stranger,HTTP 404
1485021241,36b5cc54ad522181,https://dts.podtrac.com/redirect.mp3/d2h6a3ly6ooodw.cloudfront.net/reasontv_audio_8302725.mp3,Penny Lane: Why I Gave a Kidney to a Total Stranger,HTTP 404
1485021241,36b5cc54ad522181,https://dts.podtrac.com/redirect.mp3/d2h6a3ly6ooodw.cloudfront.net/reasontv_audio_8302725.mp3,Penny Lane: Why I Gave a Kidney to a Total Stranger,HTTP 404
1495601614,de0bda928656c687,https://podtrac.com/pts/redirect.mp3/pscrb.fm/rss/p/arttrk.com/p/D5CA5/mgln.ai/e/28/traffic.omny.fm/d/clips/e73c998e-6e60-432f-8610-ae210140c5b1/57c236de-aec0-46c1-b141-ae3c00026d77/e32e0dfb-fbaa-4ac5-a3dc-b40401484cb7/audio.mp3?utm_source=Podcast&in_playlist=84cf551f-a33b-41d8-b112-af2a01167541,Bonus:  Daily Review with Clay and Buck - Mar 5 2026,"ReadTimeout: HTTPSConnectionPool(host='28243.mc.tritondigital.com', port=443): Read timed out. (read timeout=30)"
1681586867,dea3a35d66776d88,https://podtrac.com/pts/redirect.mp3/traffic.omny.fm/d/clips/e73c998e-6e60-432f-8610-ae210140c5b1/33540024-ed06-44d0-a06c-b33100f8453e/ac05a7b4-9943-4489-b1e5-b3320132dd24/audio.mp3?utm_source=Podcast&in_playlist=2307f122-2695-49ea-a058-b33100f84545,How Money and Corruption Obstruct Criminal Justice | A Conversation with Vicky Ward,HTTP 500
1681586867,f701e0aaa6968588,https://podtrac.com/pts/redirect.mp3/traffic.omny.fm/d/clips/e73c998e-6e60-432f-8610-ae210140c5b1/33540024-ed06-44d0-a06c-b33100f8453e/06990689-8030-4d32-a3b3-b331017895ae/audio.mp3?utm_source=Podcast&in_playlist=2307f122-2695-49ea-a058-b33100f84545,Why Independent Journalism May Save Democracy | A Conversation with Judd Legum,"ReadTimeout: HTTPSConnectionPool(host='28243.mc.tritondigital.com', port=443): Read timed out. (read timeout=30)"
1681586867,16b15eafca302f1a,https://podtrac.com/pts/redirect.mp3/traffic.omny.fm/d/clips/e73c998e-6e60-432f-8610-ae210140c5b1/33540024-ed06-44d0-a06c-b33100f8453e/78f8ffe3-1469-4b8c-bdac-b3760167370a/audio.mp3?utm_source=Podcast&in_playlist=2307f122-2695-49ea-a058-b33100f84545,Why The Media Is Complicit In Trump's Crimes Against America | A Conversation with Matthew Dowd,"ReadTimeout: HTTPSConnectionPool(host='28243.mc.tritondigital.com', port=443): Read timed out. (read timeout=30)"
1728340033,c61a31413ad57d42,https://podtrac.com/pts/redirect.mp3/traffic.omny.fm/d/clips/e73c998e-6e60-432f-8610-ae210140c5b1/485bef61-b08e-4849-88be-b0fa0111de37/98029bd2-ad9a-406e-af03-b27e0057c9ae/audio.mp3?utm_source=Podcast&in_playlist=93e2b79d-acec-404d-abfe-b0fa01125f97,The Cult of Trump (with Steven Hassan),"ReadTimeout: HTTPSConnectionPool(host='28243.mc.tritondigital.com', port=443): Read timed out. (read timeout=30)"
1730358737,3bdd9cd1ee79bea5,https://api.substack.com/feed/podcast/147133381/9d5e07ce27df9c7a36bd6818bda4139d.mp3,"July 28, 2024",HTTP 429
1751785203,20da53f57dea69b6,https://podtrac.com/pts/redirect.mp3/traffic.omny.fm/d/clips/e73c998e-6e60-432f-8610-ae210140c5b1/10221242-2279-4b44-8188-b2de0169482e/832c0789-f893-4adc-914d-b2e60113fce5/audio.mp3?utm_source=Podcast&in_playlist=41afbd40-bcc0-4351-8477-b2de0169484b,"""My school PUNISHED me for liking right-wing YouTubers!"" | Voicemail Friday","ReadTimeout: HTTPSConnectionPool(host='28243.mc.tritondigital.com', port=443): Read timed out. (read timeout=30)"
1751785203,c5f914b1731ba597,https://podtrac.com/pts/redirect.mp3/traffic.omny.fm/d/clips/e73c998e-6e60-432f-8610-ae210140c5b1/10221242-2279-4b44-8188-b2de0169482e/740d446a-1db5-417c-b6f5-b2de016f2b00/audio.mp3?utm_source=Podcast&in_playlist=41afbd40-bcc0-4351-8477-b2de0169484b,This VIOLENT leftist YouTuber messed around (now he’s finding out!),"ReadTimeout: HTTPSConnectionPool(host='28243.mc.tritondigital.com', port=443): Read timed out. (read timeout=30)"
1790957194,69b535f6b07c07eb,https://mgln.ai/e/28/podtrac.com/pts/redirect.mp3/arttrk.com/p/D5CA5/traffic.omny.fm/d/clips/e73c998e-6e60-432f-8610-ae210140c5b1/e58f1878-99b7-4abb-a99c-b26500f28948/14ddbea5-b463-48a6-b416-b36e0003582b/audio.mp3?utm_source=Podcast&in_playlist=9b18f067-7f9a-4c6f-8002-b26500f28a44,"Charlie Kirk receives the Medal of freedom plus Trump to Venezuela ""FAFO""","ReadTimeout: HTTPSConnectionPool(host='28243.mc.tritondigital.com', port=443): Read timed out. (read timeout=30)"
1790957194,d3bda8005585b4ba,https://mgln.ai/e/28/podtrac.com/pts/redirect.mp3/arttrk.com/p/D5CA5/traffic.omny.fm/d/clips/e73c998e-6e60-432f-8610-ae210140c5b1/2bee9419-43de-46ce-8996-af2a01167517/3ab1f7b6-f009-4b4e-a295-b3eb00631665/audio.mp3?utm_source=Podcast&in_playlist=9b18f067-7f9a-4c6f-8002-b26500f28a44,What's the Objective in Iran? plus New DHS Secretary & Big Texas Primaries,"ReadTimeout: HTTPSConnectionPool(host='28243.mc.tritondigital.com', port=443): Read timed out. (read timeout=30)"
1790957194,07d3229b2f3db9c5,https://mgln.ai/e/28/podtrac.com/pts/redirect.mp3/arttrk.com/p/D5CA5/traffic.omny.fm/d/clips/e73c998e-6e60-432f-8610-ae210140c5b1/2bee9419-43de-46ce-8996-af2a01167517/d98d402b-4089-4c41-8221-b27e006f7009/audio.mp3?utm_source=Podcast&in_playlist=9b18f067-7f9a-4c6f-8002-b26500f28a44,"House Budget VICTORY, Cartels Escalate War Zone at Southern Border & Dems DIg in on Boys in Girls' Sports","ReadTimeout: HTTPSConnectionPool(host='28243.mc.tritondigital.com', port=443): Read timed out. (read timeout=30)"
1790957194,412ed624b1c4f2d3,https://mgln.ai/e/28/podtrac.com/pts/redirect.mp3/arttrk.com/p/D5CA5/traffic.omny.fm/d/clips/e73c998e-6e60-432f-8610-ae210140c5b1/2bee9419-43de-46ce-8996-af2a01167517/6386918a-03af-4c12-8b46-b251006fe424/audio.mp3?utm_source=Podcast&in_playlist=9b18f067-7f9a-4c6f-8002-b26500f28a44,How to WIN:The Inside Story on the Battle to Enact Trump's Legislative Agenda,"ReadTimeout: HTTPSConnectionPool(host='28243.mc.tritondigital.com', port=443): Read timed out. (read timeout=30)"
1790957194,234dfcc46abb3ade,https://mgln.ai/e/28/podtrac.com/pts/redirect.mp3/arttrk.com/p/D5CA5/traffic.omny.fm/d/clips/e73c998e-6e60-432f-8610-ae210140c5b1/e58f1878-99b7-4abb-a99c-b26500f28948/0140ca53-371d-4b88-a7e8-b2780070690a/audio.mp3?utm_source=Podcast&in_playlist=9b18f067-7f9a-4c6f-8002-b26500f28a44,Dems Panic as Trump Downsizes Government & Shuts Down Border,"ReadTimeout: HTTPSConnectionPool(host='28243.mc.tritondigital.com', port=443): Read timed out. (read timeout=30)"
1790957194,eaf1dfcb8c1b3ea0,https://mgln.ai/e/28/podtrac.com/pts/redirect.mp3/arttrk.com/p/D5CA5/traffic.omny.fm/d/clips/e73c998e-6e60-432f-8610-ae210140c5b1/2bee9419-43de-46ce-8996-af2a01167517/4a15dbbf-a468-4695-8272-b32f005e50d4/audio.mp3?utm_source=Podcast&in_playlist=9b18f067-7f9a-4c6f-8002-b26500f28a44,"Trump WINS as NY $500M Judgement goes to ZERO plus DEM Registration Plummeting, Sen Eric Schmitt on Fighting the Left in Court & Biden Auto-Pen Scandal Gets Worse","ReadTimeout: HTTPSConnectionPool(host='28243.mc.tritondigital.com', port=443): Read timed out. (read timeout=30)"
1854256395,cb5a6c6510ef959d,https://mcdn.podbean.com/mf/web/52a7c6hmjk2sfrwq/1712.mp3,PLATNER DROPS OUT??? White Populist ME TOO'D Out Of Senate | America First Ep. 1712,HTTP 404
1854256395,45fe29cfe91554c4,https://mcdn.podbean.com/mf/web/4234z6tzppwvkupa/2026-03-13-AF-E1656.mp3,IRAN WAR DAY 13: Netanyahu Concedes NO REGIME CHANGE??? | America First Ep. 1656,HTTP 404
1854256395,ac779a62776ac687,https://mcdn.podbean.com/mf/web/hd6wgc9tent4cdjg/NXR9.mp3,The Real Origins of JD Vance (w/Nick Fuentes) - NXR EP9,HTTP 404
1854256395,52d01a4e9b6fbd41,https://mcdn.podbean.com/mf/web/24tv42evjhxfeivs/2026-03-19-AF-E1660.mp3,"IRAN WAR DAY 19: Israel Strikes IRANIAN OIL, Iran RETALIATES | America First Ep. 1660",HTTP 404
1854256395,d46d95e3ad2a740c,https://mcdn.podbean.com/mf/web/hzipfkurukr5hpce/NXR4.mp3,Calling Out Conservative Grifters By Name! (w/Nick Fuentes) - NXR EP4,HTTP 404
1854256395,d3f282e6d87f571f,https://mcdn.podbean.com/mf/web/gtjq2qesum6yc8aj/2026-04-10-AF-E1671.mp3,IRAN WAR DAY 41: Netanyahu SABOTAGES Iran Ceasefire | America First Ep. 1671,HTTP 404
1854256395,29fb107c4e5ef7b0,https://mcdn.podbean.com/mf/web/ve3a5dx7v6uakc7f/1707.mp3,"BIRTHRIGHT CITIZENSHIP UPHELD??? Trump Judges BETRAY AMERICA, GOP FAILS AGAIN | America First Ep. 1707",HTTP 404
1854256395,5eecdc4c46b20103,https://mcdn.podbean.com/mf/web/6akhy8fmaj5g2426/2026-04-07-AF-E1668.mp3,IRAN WAR DAY 38: Trump Threatens TO DESTROY IRAN... AGAIN??? | America First Ep. 1668,HTTP 404
1854256395,d666028d6c7c4128,https://mcdn.podbean.com/mf/web/86zfegbanqcm8p2q/2026-03-03-AF-E1649.mp3,"IRAN WAR DAY 3: ISRAEL Dragged US To War, Rubio CONFIRMS | America First Ep. 1649",HTTP 404
1854256395,0dae486191132d7c,https://mcdn.podbean.com/mf/web/3uzqedbwghu5jefn/2026-06-23-AF-E1703.mp3,"MOU COLLAPSES??? Israel SABOTAGES MOU, US Scrambling | America First Ep. 1703",HTTP 404
1854256395,6048f88022656e4e,https://mcdn.podbean.com/mf/web/uk6im4ygufni8tum/2026-05-07-AF-E1678.mp3,DEMS EXPOSE ISRAEL??? Democrats DEMAND Israel Nuclear Disclosure | America First Ep. 1678,HTTP 404
1854256395,3d3735a6ba7f188a,https://mcdn.podbean.com/mf/web/9ihf2h33x9f7km58/2026-04-29-AF-E1673.mp3,SPLC INDICTED??? DOJ Brings FRAUD Charges Against Left Wing Group | America First Ep. 1673,HTTP 404
1854256395,a167d4b0199cd044,https://mcdn.podbean.com/mf/web/pudtqanzvg73ajza/2026-02-19-AF-E1643.mp3,IRAN WAR WATCH: US Assembles Largest Force Since Iraq War??? | America First Ep. 1643,HTTP 404
1839861250,1c2aa29f2881a2e5,https://podtrac.com/pts/redirect.mp3/traffic.omny.fm/d/clips/e73c998e-6e60-432f-8610-ae210140c5b1/759cedb2-b3e2-4407-a599-b34d00fb38a6/1b37424f-858f-442e-b429-b3ed016cd700/audio.mp3?utm_source=Podcast&in_playlist=bffd2c26-6b20-4ca7-bf31-b34d00fb3cab,Medical Aid in Dying Explained by Dr. Peg Sandeen,"ReadTimeout: HTTPSConnectionPool(host='28243.mc.tritondigital.com', port=443): Read timed out. (read timeout=30)"
1876034889,4afec34b892b2e81,https://pdst.fm/e/arttrk.com/p/CRMDA/claritaspod.com/measure/pscrb.fm/rss/p/mgln.ai/e/284/traffic.megaphone.fm/CROOKEDMEDIAINC9158069267.mp3,Tucker Carlson Says He REGRETS Supporting Trump,HTTP 500
1874174561,b03b8bf44d88e7d8,https://www.buzzsprout.com/2592752/episodes/19186565-trump-s-trip-to-china-exposed-the-corruption-in-plain-sight.mp3,Trump’s trip to China exposed the corruption in plain sight,"stream failed: HTTPSConnectionPool(host='audio.buzzsprout.com', port=443): Read timed out."
1485021241,36b5cc54ad522181,https://dts.podtrac.com/redirect.mp3/d2h6a3ly6ooodw.cloudfront.net/reasontv_audio_8302725.mp3,Penny Lane: Why I Gave a Kidney to a Total Stranger,HTTP 404
1728340033,c61a31413ad57d42,https://podtrac.com/pts/redirect.mp3/traffic.omny.fm/d/clips/e73c998e-6e60-432f-8610-ae210140c5b1/485bef61-b08e-4849-88be-b0fa0111de37/98029bd2-ad9a-406e-af03-b27e0057c9ae/audio.mp3?utm_source=Podcast&in_playlist=93e2b79d-acec-404d-abfe-b0fa01125f97,The Cult of Trump (with Steven Hassan),HTTP 404
1751785203,c5f914b1731ba597,https://podtrac.com/pts/redirect.mp3/traffic.omny.fm/d/clips/e73c998e-6e60-432f-8610-ae210140c5b1/10221242-2279-4b44-8188-b2de0169482e/740d446a-1db5-417c-b6f5-b2de016f2b00/audio.mp3?utm_source=Podcast&in_playlist=41afbd40-bcc0-4351-8477-b2de0169484b,This VIOLENT leftist YouTuber messed around (now he’s finding out!),HTTP 404
1790957194,69b535f6b07c07eb,https://mgln.ai/e/28/podtrac.com/pts/redirect.mp3/arttrk.com/p/D5CA5/traffic.omny.fm/d/clips/e73c998e-6e60-432f-8610-ae210140c5b1/e58f1878-99b7-4abb-a99c-b26500f28948/14ddbea5-b463-48a6-b416-b36e0003582b/audio.mp3?utm_source=Podcast&in_playlist=9b18f067-7f9a-4c6f-8002-b26500f28a44,"Charlie Kirk receives the Medal of freedom plus Trump to Venezuela ""FAFO""",HTTP 404
1790957194,d3bda8005585b4ba,https://mgln.ai/e/28/podtrac.com/pts/redirect.mp3/arttrk.com/p/D5CA5/traffic.omny.fm/d/clips/e73c998e-6e60-432f-8610-ae210140c5b1/2bee9419-43de-46ce-8996-af2a01167517/3ab1f7b6-f009-4b4e-a295-b3eb00631665/audio.mp3?utm_source=Podcast&in_playlist=9b18f067-7f9a-4c6f-8002-b26500f28a44,What's the Objective in Iran? plus New DHS Secretary & Big Texas Primaries,HTTP 404
1854256395,cb5a6c6510ef959d,https://mcdn.podbean.com/mf/web/52a7c6hmjk2sfrwq/1712.mp3,PLATNER DROPS OUT??? White Populist ME TOO'D Out Of Senate | America First Ep. 1712,HTTP 404
1854256395,45fe29cfe91554c4,https://mcdn.podbean.com/mf/web/4234z6tzppwvkupa/2026-03-13-AF-E1656.mp3,IRAN WAR DAY 13: Netanyahu Concedes NO REGIME CHANGE??? | America First Ep. 1656,HTTP 404
1854256395,ac779a62776ac687,https://mcdn.podbean.com/mf/web/hd6wgc9tent4cdjg/NXR9.mp3,The Real Origins of JD Vance (w/Nick Fuentes) - NXR EP9,HTTP 404
1854256395,52d01a4e9b6fbd41,https://mcdn.podbean.com/mf/web/24tv42evjhxfeivs/2026-03-19-AF-E1660.mp3,"IRAN WAR DAY 19: Israel Strikes IRANIAN OIL, Iran RETALIATES | America First Ep. 1660",HTTP 404
1854256395,d46d95e3ad2a740c,https://mcdn.podbean.com/mf/web/hzipfkurukr5hpce/NXR4.mp3,Calling Out Conservative Grifters By Name! (w/Nick Fuentes) - NXR EP4,HTTP 404
1854256395,d3f282e6d87f571f,https://mcdn.podbean.com/mf/web/gtjq2qesum6yc8aj/2026-04-10-AF-E1671.mp3,IRAN WAR DAY 41: Netanyahu SABOTAGES Iran Ceasefire | America First Ep. 1671,HTTP 404
1854256395,29fb107c4e5ef7b0,https://mcdn.podbean.com/mf/web/ve3a5dx7v6uakc7f/1707.mp3,"BIRTHRIGHT CITIZENSHIP UPHELD??? Trump Judges BETRAY AMERICA, GOP FAILS AGAIN | America First Ep. 1707",HTTP 404
1854256395,5eecdc4c46b20103,https://mcdn.podbean.com/mf/web/6akhy8fmaj5g2426/2026-04-07-AF-E1668.mp3,IRAN WAR DAY 38: Trump Threatens TO DESTROY IRAN... AGAIN??? | America First Ep. 1668,HTTP 404
1854256395,d666028d6c7c4128,https://mcdn.podbean.com/mf/web/86zfegbanqcm8p2q/2026-03-03-AF-E1649.mp3,"IRAN WAR DAY 3: ISRAEL Dragged US To War, Rubio CONFIRMS | America First Ep. 1649",HTTP 404
1854256395,0dae486191132d7c,https://mcdn.podbean.com/mf/web/3uzqedbwghu5jefn/2026-06-23-AF-E1703.mp3,"MOU COLLAPSES??? Israel SABOTAGES MOU, US Scrambling | America First Ep. 1703",HTTP 404
1854256395,6048f88022656e4e,https://mcdn.podbean.com/mf/web/uk6im4ygufni8tum/2026-05-07-AF-E1678.mp3,DEMS EXPOSE ISRAEL??? Democrats DEMAND Israel Nuclear Disclosure | America First Ep. 1678,HTTP 404
1854256395,3d3735a6ba7f188a,https://mcdn.podbean.com/mf/web/9ihf2h33x9f7km58/2026-04-29-AF-E1673.mp3,SPLC INDICTED??? DOJ Brings FRAUD Charges Against Left Wing Group | America First Ep. 1673,HTTP 404
1854256395,a167d4b0199cd044,https://mcdn.podbean.com/mf/web/pudtqanzvg73ajza/2026-02-19-AF-E1643.mp3,IRAN WAR WATCH: US Assembles Largest Force Since Iraq War??? | America First Ep. 1643,HTTP 404
1790957194,234dfcc46abb3ade,https://mgln.ai/e/28/podtrac.com/pts/redirect.mp3/arttrk.com/p/D5CA5/traffic.omny.fm/d/clips/e73c998e-6e60-432f-8610-ae210140c5b1/e58f1878-99b7-4abb-a99c-b26500f28948/0140ca53-371d-4b88-a7e8-b2780070690a/audio.mp3?utm_source=Podcast&in_playlist=9b18f067-7f9a-4c6f-8002-b26500f28a44,Dems Panic as Trump Downsizes Government & Shuts Down Border,HTTP 404
1876034889,4afec34b892b2e81,https://pdst.fm/e/arttrk.com/p/CRMDA/claritaspod.com/measure/pscrb.fm/rss/p/mgln.ai/e/284/traffic.megaphone.fm/CROOKEDMEDIAINC9158069267.mp3,Tucker Carlson Says He REGRETS Supporting Trump,HTTP 500
1485021241,36b5cc54ad522181,https://dts.podtrac.com/redirect.mp3/d2h6a3ly6ooodw.cloudfront.net/reasontv_audio_8302725.mp3,Penny Lane: Why I Gave a Kidney to a Total Stranger,HTTP 404
1728340033,c61a31413ad57d42,https://podtrac.com/pts/redirect.mp3/traffic.omny.fm/d/clips/e73c998e-6e60-432f-8610-ae210140c5b1/485bef61-b08e-4849-88be-b0fa0111de37/98029bd2-ad9a-406e-af03-b27e0057c9ae/audio.mp3?utm_source=Podcast&in_playlist=93e2b79d-acec-404d-abfe-b0fa01125f97,The Cult of Trump (with Steven Hassan),HTTP 404
1751785203,c5f914b1731ba597,https://podtrac.com/pts/redirect.mp3/traffic.omny.fm/d/clips/e73c998e-6e60-432f-8610-ae210140c5b1/10221242-2279-4b44-8188-b2de0169482e/740d446a-1db5-417c-b6f5-b2de016f2b00/audio.mp3?utm_source=Podcast&in_playlist=41afbd40-bcc0-4351-8477-b2de0169484b,This VIOLENT leftist YouTuber messed around (now he’s finding out!),HTTP 404
1854256395,cb5a6c6510ef959d,https://mcdn.podbean.com/mf/web/52a7c6hmjk2sfrwq/1712.mp3,PLATNER DROPS OUT??? White Populist ME TOO'D Out Of Senate | America First Ep. 1712,HTTP 404
1790957194,d3bda8005585b4ba,https://mgln.ai/e/28/podtrac.com/pts/redirect.mp3/arttrk.com/p/D5CA5/traffic.omny.fm/d/clips/e73c998e-6e60-432f-8610-ae210140c5b1/2bee9419-43de-46ce-8996-af2a01167517/3ab1f7b6-f009-4b4e-a295-b3eb00631665/audio.mp3?utm_source=Podcast&in_playlist=9b18f067-7f9a-4c6f-8002-b26500f28a44,What's the Objective in Iran? plus New DHS Secretary & Big Texas Primaries,HTTP 404
1790957194,69b535f6b07c07eb,https://mgln.ai/e/28/podtrac.com/pts/redirect.mp3/arttrk.com/p/D5CA5/traffic.omny.fm/d/clips/e73c998e-6e60-432f-8610-ae210140c5b1/e58f1878-99b7-4abb-a99c-b26500f28948/14ddbea5-b463-48a6-b416-b36e0003582b/audio.mp3?utm_source=Podcast&in_playlist=9b18f067-7f9a-4c6f-8002-b26500f28a44,"Charlie Kirk receives the Medal of freedom plus Trump to Venezuela ""FAFO""",HTTP 404
1854256395,45fe29cfe91554c4,https://mcdn.podbean.com/mf/web/4234z6tzppwvkupa/2026-03-13-AF-E1656.mp3,IRAN WAR DAY 13: Netanyahu Concedes NO REGIME CHANGE??? | America First Ep. 1656,HTTP 404
1854256395,ac779a62776ac687,https://mcdn.podbean.com/mf/web/hd6wgc9tent4cdjg/NXR9.mp3,The Real Origins of JD Vance (w/Nick Fuentes) - NXR EP9,HTTP 404
1854256395,52d01a4e9b6fbd41,https://mcdn.podbean.com/mf/web/24tv42evjhxfeivs/2026-03-19-AF-E1660.mp3,"IRAN WAR DAY 19: Israel Strikes IRANIAN OIL, Iran RETALIATES | America First Ep. 1660",HTTP 404
1854256395,d46d95e3ad2a740c,https://mcdn.podbean.com/mf/web/hzipfkurukr5hpce/NXR4.mp3,Calling Out Conservative Grifters By Name! (w/Nick Fuentes) - NXR EP4,HTTP 404
1854256395,d3f282e6d87f571f,https://mcdn.podbean.com/mf/web/gtjq2qesum6yc8aj/2026-04-10-AF-E1671.mp3,IRAN WAR DAY 41: Netanyahu SABOTAGES Iran Ceasefire | America First Ep. 1671,HTTP 404
1854256395,29fb107c4e5ef7b0,https://mcdn.podbean.com/mf/web/ve3a5dx7v6uakc7f/1707.mp3,"BIRTHRIGHT CITIZENSHIP UPHELD??? Trump Judges BETRAY AMERICA, GOP FAILS AGAIN | America First Ep. 1707",HTTP 404
1854256395,5eecdc4c46b20103,https://mcdn.podbean.com/mf/web/6akhy8fmaj5g2426/2026-04-07-AF-E1668.mp3,IRAN WAR DAY 38: Trump Threatens TO DESTROY IRAN... AGAIN??? | America First Ep. 1668,HTTP 404
1854256395,d666028d6c7c4128,https://mcdn.podbean.com/mf/web/86zfegbanqcm8p2q/2026-03-03-AF-E1649.mp3,"IRAN WAR DAY 3: ISRAEL Dragged US To War, Rubio CONFIRMS | America First Ep. 1649",HTTP 404
1854256395,0dae486191132d7c,https://mcdn.podbean.com/mf/web/3uzqedbwghu5jefn/2026-06-23-AF-E1703.mp3,"MOU COLLAPSES??? Israel SABOTAGES MOU, US Scrambling | America First Ep. 1703",HTTP 404
1854256395,6048f88022656e4e,https://mcdn.podbean.com/mf/web/uk6im4ygufni8tum/2026-05-07-AF-E1678.mp3,DEMS EXPOSE ISRAEL??? Democrats DEMAND Israel Nuclear Disclosure | America First Ep. 1678,HTTP 404
1854256395,3d3735a6ba7f188a,https://mcdn.podbean.com/mf/web/9ihf2h33x9f7km58/2026-04-29-AF-E1673.mp3,SPLC INDICTED??? DOJ Brings FRAUD Charges Against Left Wing Group | America First Ep. 1673,HTTP 404
1854256395,a167d4b0199cd044,https://mcdn.podbean.com/mf/web/pudtqanzvg73ajza/2026-02-19-AF-E1643.mp3,IRAN WAR WATCH: US Assembles Largest Force Since Iraq War??? | America First Ep. 1643,HTTP 404
1876034889,4afec34b892b2e81,https://pdst.fm/e/arttrk.com/p/CRMDA/claritaspod.com/measure/pscrb.fm/rss/p/mgln.ai/e/284/traffic.megaphone.fm/CROOKEDMEDIAINC9158069267.mp3,Tucker Carlson Says He REGRETS Supporting Trump,HTTP 404
1790957194,234dfcc46abb3ade,https://mgln.ai/e/28/podtrac.com/pts/redirect.mp3/arttrk.com/p/D5CA5/traffic.omny.fm/d/clips/e73c998e-6e60-432f-8610-ae210140c5b1/e58f1878-99b7-4abb-a99c-b26500f28948/0140ca53-371d-4b88-a7e8-b2780070690a/audio.mp3?utm_source=Podcast&in_playlist=9b18f067-7f9a-4c6f-8002-b26500f28a44,Dems Panic as Trump Downsizes Government & Shuts Down Border,HTTP 404
1208232103,96430c38156d3b01,https://podtrac.com/pts/redirect.mp3/arttrk.com/p/D5CA5/pdst.fm/e/mgln.ai/e/28/claritaspod.com/measure/traffic.omny.fm/d/clips/e73c998e-6e60-432f-8610-ae210140c5b1/3dae0b07-aac0-4154-8c1e-ae2b00350f94/96375919-a140-40f7-91cb-ae2b01337ab3/audio.mp3?utm_source=Podcast&in_playlist=961e484b-1dff-48ef-8bdd-ae2b00350fab,Trump Launches ‘Made in America’ Week 07/17/17,"ReadTimeout: HTTPSConnectionPool(host='28243.mc.tritondigital.com', port=443): Read timed out. (read timeout=30)"
1208232103,41c45b406cf5e11f,https://podtrac.com/pts/redirect.mp3/arttrk.com/p/D5CA5/pdst.fm/e/mgln.ai/e/28/claritaspod.com/measure/traffic.omny.fm/d/clips/e73c998e-6e60-432f-8610-ae210140c5b1/3dae0b07-aac0-4154-8c1e-ae2b00350f94/cb54b4b0-33d0-4dec-a823-ae2b0133d0f1/audio.mp3?utm_source=Podcast&in_playlist=961e484b-1dff-48ef-8bdd-ae2b00350fab,No Shame: DNC Collusion Exposed 07/14/17,HTTP 404
1208232103,a85219e71543c4fd,https://podtrac.com/pts/redirect.mp3/arttrk.com/p/D5CA5/pdst.fm/e/mgln.ai/e/28/claritaspod.com/measure/traffic.omny.fm/d/clips/e73c998e-6e60-432f-8610-ae210140c5b1/3dae0b07-aac0-4154-8c1e-ae2b00350f94/40b7cd83-b1e9-40f5-aabd-ae2b01335e20/audio.mp3?utm_source=Podcast&in_playlist=961e484b-1dff-48ef-8bdd-ae2b00350fab,The GOP’s Health Care Double Cross 07/18/17,"ReadTimeout: HTTPSConnectionPool(host='27073.mc.tritondigital.com', port=443): Read timed out. (read timeout=30)"
1208232103,ebb102d08335ef35,https://podtrac.com/pts/redirect.mp3/arttrk.com/p/D5CA5/pdst.fm/e/mgln.ai/e/28/claritaspod.com/measure/traffic.omny.fm/d/clips/e73c998e-6e60-432f-8610-ae210140c5b1/3dae0b07-aac0-4154-8c1e-ae2b00350f94/c81f13fc-e038-43cb-b664-ae2b01334095/audio.mp3?utm_source=Podcast&in_playlist=961e484b-1dff-48ef-8bdd-ae2b00350fab,Buck Talks to Fred Fleitz 7/19,"ReadTimeout: HTTPSConnectionPool(host='27093.mc.tritondigital.com', port=443): Read timed out. (read timeout=30)"
1208232103,babf86de704ad30e,https://podtrac.com/pts/redirect.mp3/arttrk.com/p/D5CA5/pdst.fm/e/mgln.ai/e/28/claritaspod.com/measure/traffic.omny.fm/d/clips/e73c998e-6e60-432f-8610-ae210140c5b1/3dae0b07-aac0-4154-8c1e-ae2b00350f94/073833b3-faab-4d25-bba3-ae2b013337cb/audio.mp3?utm_source=Podcast&in_playlist=961e484b-1dff-48ef-8bdd-ae2b00350fab,Buck Talks to Michael Goodwin 7/19,"ReadTimeout: HTTPSConnectionPool(host='27093.mc.tritondigital.com', port=443): Read timed out. (read timeout=30)"
1208232103,ec5e0c51363702c4,https://podtrac.com/pts/redirect.mp3/arttrk.com/p/D5CA5/pdst.fm/e/mgln.ai/e/28/claritaspod.com/measure/traffic.omny.fm/d/clips/e73c998e-6e60-432f-8610-ae210140c5b1/3dae0b07-aac0-4154-8c1e-ae2b00350f94/21553cc1-775a-4fdc-9619-ae2b01331dfb/audio.mp3?utm_source=Podcast&in_playlist=961e484b-1dff-48ef-8bdd-ae2b00350fab,Buck Talks to Matt Walsh 7/19,"ReadTimeout: HTTPSConnectionPool(host='27113.mc.tritondigital.com', port=443): Read timed out. (read timeout=30)"
1208232103,dc03f9f738663c9e,https://podtrac.com/pts/redirect.mp3/arttrk.com/p/D5CA5/pdst.fm/e/mgln.ai/e/28/claritaspod.com/measure/traffic.omny.fm/d/clips/e73c998e-6e60-432f-8610-ae210140c5b1/3dae0b07-aac0-4154-8c1e-ae2b00350f94/87dbc1d6-c4dd-462b-8044-ae2b01335681/audio.mp3?utm_source=Podcast&in_playlist=961e484b-1dff-48ef-8bdd-ae2b00350fab,GOP Does Damage Control on Healthcare 07/19/17,"ReadTimeout: HTTPSConnectionPool(host='27083.mc.tritondigital.com', port=443): Read timed out. (read timeout=30)"
1208232103,d76bec69ecd8b2fa,https://podtrac.com/pts/redirect.mp3/arttrk.com/p/D5CA5/pdst.fm/e/mgln.ai/e/28/claritaspod.com/measure/traffic.omny.fm/d/clips/e73c998e-6e60-432f-8610-ae210140c5b1/3dae0b07-aac0-4154-8c1e-ae2b00350f94/6d06530f-0516-4014-9430-ae2b013308cb/audio.mp3?utm_source=Podcast&in_playlist=961e484b-1dff-48ef-8bdd-ae2b00350fab,Buck on Civil Asset Forfeiture 7/19,"ReadTimeout: HTTPSConnectionPool(host='27073.mc.tritondigital.com', port=443): Read timed out. (read timeout=30)"
1208232103,b6a922202c7d0458,https://podtrac.com/pts/redirect.mp3/arttrk.com/p/D5CA5/pdst.fm/e/mgln.ai/e/28/claritaspod.com/measure/traffic.omny.fm/d/clips/e73c998e-6e60-432f-8610-ae210140c5b1/3dae0b07-aac0-4154-8c1e-ae2b00350f94/47adaef3-7432-42c7-b26e-ae2b0133097f/audio.mp3?utm_source=Podcast&in_playlist=961e484b-1dff-48ef-8bdd-ae2b00350fab,The Left’s Twisted Hierarchy 07/20/17,"ReadTimeout: HTTPSConnectionPool(host='27093.mc.tritondigital.com', port=443): Read timed out. (read timeout=30)"
1208232103,5d86c52afc3c4361,https://podtrac.com/pts/redirect.mp3/arttrk.com/p/D5CA5/pdst.fm/e/mgln.ai/e/28/claritaspod.com/measure/traffic.omny.fm/d/clips/e73c998e-6e60-432f-8610-ae210140c5b1/3dae0b07-aac0-4154-8c1e-ae2b00350f94/5b663c4d-754a-473e-b4a5-ae2b0132f0b9/audio.mp3?utm_source=Podcast&in_playlist=961e484b-1dff-48ef-8bdd-ae2b00350fab,Buck Talks to Ben Shapiro 7/20,"ReadTimeout: HTTPSConnectionPool(host='27073.mc.tritondigital.com', port=443): Read timed out. (read timeout=30)"
1208232103,2f316f810eef1659,https://podtrac.com/pts/redirect.mp3/arttrk.com/p/D5CA5/pdst.fm/e/mgln.ai/e/28/claritaspod.com/measure/traffic.omny.fm/d/clips/e73c998e-6e60-432f-8610-ae210140c5b1/3dae0b07-aac0-4154-8c1e-ae2b00350f94/fc114e89-d95a-484f-a341-ae2b0132be95/audio.mp3?utm_source=Podcast&in_playlist=961e484b-1dff-48ef-8bdd-ae2b00350fab,Will Trump Fire Mueller? 07/21/17,"ReadTimeout: HTTPSConnectionPool(host='27103.mc.tritondigital.com', port=443): Read timed out. (read timeout=30)"
1208232103,17728e92b234e752,https://podtrac.com/pts/redirect.mp3/arttrk.com/p/D5CA5/pdst.fm/e/mgln.ai/e/28/claritaspod.com/measure/traffic.omny.fm/d/clips/e73c998e-6e60-432f-8610-ae210140c5b1/3dae0b07-aac0-4154-8c1e-ae2b00350f94/f4c27642-16ee-4f79-aa5d-ae2b0132d947/audio.mp3?utm_source=Podcast&in_playlist=961e484b-1dff-48ef-8bdd-ae2b00350fab,Buck Talks to Kyle Smith 7/20,"ReadTimeout: HTTPSConnectionPool(host='27113.mc.tritondigital.com', port=443): Read timed out. (read timeout=30)"
1208232103,db1919de21816a58,https://podtrac.com/pts/redirect.mp3/arttrk.com/p/D5CA5/pdst.fm/e/mgln.ai/e/28/claritaspod.com/measure/traffic.omny.fm/d/clips/e73c998e-6e60-432f-8610-ae210140c5b1/3dae0b07-aac0-4154-8c1e-ae2b00350f94/1ec0034c-836b-4812-9369-ae2b01328e2e/audio.mp3?utm_source=Podcast&in_playlist=961e484b-1dff-48ef-8bdd-ae2b00350fab,Obamacare is Death 07/24/17,"ReadTimeout: HTTPSConnectionPool(host='27093.mc.tritondigital.com', port=443): Read timed out. (read timeout=30)"
1208232103,f6a6ffb551a07b88,https://podtrac.com/pts/redirect.mp3/arttrk.com/p/D5CA5/pdst.fm/e/mgln.ai/e/28/claritaspod.com/measure/traffic.omny.fm/d/clips/e73c998e-6e60-432f-8610-ae210140c5b1/3dae0b07-aac0-4154-8c1e-ae2b00350f94/c6d5affa-3267-42c1-bf7a-ae2b01326da3/audio.mp3?utm_source=Podcast&in_playlist=961e484b-1dff-48ef-8bdd-ae2b00350fab,Repeal and Replace Gets Revived 07/25/17,"ReadTimeout: HTTPSConnectionPool(host='27113.mc.tritondigital.com', port=443): Read timed out. (read timeout=30)"
1208232103,75284361cf398046,https://podtrac.com/pts/redirect.mp3/arttrk.com/p/D5CA5/pdst.fm/e/mgln.ai/e/28/claritaspod.com/measure/traffic.omny.fm/d/clips/e73c998e-6e60-432f-8610-ae210140c5b1/3dae0b07-aac0-4154-8c1e-ae2b00350f94/91323d76-3074-4429-8c10-ae2b01320110/audio.mp3?utm_source=Podcast&in_playlist=961e484b-1dff-48ef-8bdd-ae2b00350fab,GOP Health Care Plan B 07/27/17,"ReadTimeout: HTTPSConnectionPool(host='27113.mc.tritondigital.com', port=443): Read timed out. (read timeout=30)"
1208232103,0808ed9c6208804f,https://podtrac.com/pts/redirect.mp3/arttrk.com/p/D5CA5/pdst.fm/e/mgln.ai/e/28/claritaspod.com/measure/traffic.omny.fm/d/clips/e73c998e-6e60-432f-8610-ae210140c5b1/3dae0b07-aac0-4154-8c1e-ae2b00350f94/d3e1dc85-9033-4366-a8ee-ae2b0131c67e/audio.mp3?utm_source=Podcast&in_playlist=961e484b-1dff-48ef-8bdd-ae2b00350fab,Biggest GOP Betrayal Yet 07/28/17,"ReadTimeout: HTTPSConnectionPool(host='27123.mc.tritondigital.com', port=443): Read timed out. (read timeout=30)"
1208232103,70738fb6c3caac69,https://podtrac.com/pts/redirect.mp3/arttrk.com/p/D5CA5/pdst.fm/e/mgln.ai/e/28/claritaspod.com/measure/traffic.omny.fm/d/clips/e73c998e-6e60-432f-8610-ae210140c5b1/3dae0b07-aac0-4154-8c1e-ae2b00350f94/f1fb5d74-8496-4a52-a7ed-ae2b01324aae/audio.mp3?utm_source=Podcast&in_playlist=961e484b-1dff-48ef-8bdd-ae2b00350fab,Trump’s Jedi Mind Trick 07/26/17,"ReadTimeout: HTTPSConnectionPool(host='27073.mc.tritondigital.com', port=443): Read timed out. (read timeout=30)"
1208232103,1127cb653d6b7d74,https://podtrac.com/pts/redirect.mp3/arttrk.com/p/D5CA5/pdst.fm/e/mgln.ai/e/28/claritaspod.com/measure/traffic.omny.fm/d/clips/e73c998e-6e60-432f-8610-ae210140c5b1/3dae0b07-aac0-4154-8c1e-ae2b00350f94/895d2ef2-925e-48ca-b0e6-ae2b0131c4c1/audio.mp3?utm_source=Podcast&in_playlist=961e484b-1dff-48ef-8bdd-ae2b00350fab,Mooch is Out 07/31/17,"ReadTimeout: HTTPSConnectionPool(host='27073.mc.tritondigital.com', port=443): Read timed out. (read timeout=30)"
1208232103,b68f60204dc7b02e,https://podtrac.com/pts/redirect.mp3/arttrk.com/p/D5CA5/pdst.fm/e/mgln.ai/e/28/claritaspod.com/measure/traffic.omny.fm/d/clips/e73c998e-6e60-432f-8610-ae210140c5b1/3dae0b07-aac0-4154-8c1e-ae2b00350f94/3dd60e81-90f9-4794-ae41-ae2b0131959a/audio.mp3?utm_source=Podcast&in_playlist=961e484b-1dff-48ef-8bdd-ae2b00350fab,The Buck is Back & The Mooch Is on the Loose 08/01/17,"ReadTimeout: HTTPSConnectionPool(host='27123.mc.tritondigital.com', port=443): Read timed out. (read timeout=30)"
1208232103,9e176772335e2000,https://podtrac.com/pts/redirect.mp3/arttrk.com/p/D5CA5/pdst.fm/e/mgln.ai/e/28/claritaspod.com/measure/traffic.omny.fm/d/clips/e73c998e-6e60-432f-8610-ae210140c5b1/3dae0b07-aac0-4154-8c1e-ae2b00350f94/a7f8283b-25c2-4e4d-8993-ae2b013143a9/audio.mp3?utm_source=Podcast&in_playlist=961e484b-1dff-48ef-8bdd-ae2b00350fab,Big Media Gets Schooled on Immigration 08/02/17,"ReadTimeout: HTTPSConnectionPool(host='27083.mc.tritondigital.com', port=443): Read timed out. (read timeout=30)"
1208232103,9d93d94a19bfa12a,https://podtrac.com/pts/redirect.mp3/arttrk.com/p/D5CA5/pdst.fm/e/mgln.ai/e/28/claritaspod.com/measure/traffic.omny.fm/d/clips/e73c998e-6e60-432f-8610-ae210140c5b1/3dae0b07-aac0-4154-8c1e-ae2b00350f94/2fdcb4c6-43ee-45e1-8a74-ae2b0130e9a8/audio.mp3?utm_source=Podcast&in_playlist=961e484b-1dff-48ef-8bdd-ae2b00350fab,Clinton/Lynch Cover-Up Exposed 08/04/17,"ReadTimeout: HTTPSConnectionPool(host='27093.mc.tritondigital.com', port=443): Read timed out. (read timeout=30)"
1208232103,b9bf93c714120ab1,https://podtrac.com/pts/redirect.mp3/arttrk.com/p/D5CA5/pdst.fm/e/mgln.ai/e/28/claritaspod.com/measure/traffic.omny.fm/d/clips/e73c998e-6e60-432f-8610-ae210140c5b1/3dae0b07-aac0-4154-8c1e-ae2b00350f94/ef37b692-fd84-48e4-bcf1-ae2b0131230b/audio.mp3?utm_source=Podcast&in_playlist=961e484b-1dff-48ef-8bdd-ae2b00350fab,Mega-Leaks from the Deep State 08/03/17,"ReadTimeout: HTTPSConnectionPool(host='27123.mc.tritondigital.com', port=443): Read timed out. (read timeout=30)"
1208232103,424233c8e07e1f92,https://podtrac.com/pts/redirect.mp3/arttrk.com/p/D5CA5/pdst.fm/e/mgln.ai/e/28/claritaspod.com/measure/traffic.omny.fm/d/clips/e73c998e-6e60-432f-8610-ae210140c5b1/3dae0b07-aac0-4154-8c1e-ae2b00350f94/130db329-4560-40f5-a180-ae2b0130b233/audio.mp3?utm_source=Podcast&in_playlist=961e484b-1dff-48ef-8bdd-ae2b00350fab,Fire and Fury Against North Korea 08/08/17,"ReadTimeout: HTTPSConnectionPool(host='27093.mc.tritondigital.com', port=443): Read timed out. (read timeout=30)"
1208232103,fa66d325c02a0052,https://podtrac.com/pts/redirect.mp3/arttrk.com/p/D5CA5/pdst.fm/e/mgln.ai/e/28/claritaspod.com/measure/traffic.omny.fm/d/clips/e73c998e-6e60-432f-8610-ae210140c5b1/3dae0b07-aac0-4154-8c1e-ae2b00350f94/a2cbedc5-95e4-4ca1-8ec3-ae2b0130d3f5/audio.mp3?utm_source=Podcast&in_playlist=961e484b-1dff-48ef-8bdd-ae2b00350fab,Trump Fireworks on 200th Day 08/07/17,"ReadTimeout: HTTPSConnectionPool(host='27073.mc.tritondigital.com', port=443): Read timed out. (read timeout=30)"
1208232103,1cf3ef8f64917a5e,https://podtrac.com/pts/redirect.mp3/arttrk.com/p/D5CA5/pdst.fm/e/mgln.ai/e/28/claritaspod.com/measure/traffic.omny.fm/d/clips/e73c998e-6e60-432f-8610-ae210140c5b1/3dae0b07-aac0-4154-8c1e-ae2b00350f94/4341218c-9ab0-4eb6-be3d-ae2b01305d31/audio.mp3?utm_source=Podcast&in_playlist=961e484b-1dff-48ef-8bdd-ae2b00350fab,Wargaming a Nuclear North Korea 08/09/17,"ReadTimeout: HTTPSConnectionPool(host='27123.mc.tritondigital.com', port=443): Read timed out. (read timeout=30)"
1208232103,c339c5d2e3dacd5f,https://podtrac.com/pts/redirect.mp3/arttrk.com/p/D5CA5/pdst.fm/e/mgln.ai/e/28/claritaspod.com/measure/traffic.omny.fm/d/clips/e73c998e-6e60-432f-8610-ae210140c5b1/3dae0b07-aac0-4154-8c1e-ae2b00350f94/55a6d3c9-e218-472f-b7a8-ae2b01304f32/audio.mp3?utm_source=Podcast&in_playlist=961e484b-1dff-48ef-8bdd-ae2b00350fab,Trump Brings The Heat,"ReadTimeout: HTTPSConnectionPool(host='27083.mc.tritondigital.com', port=443): Read timed out. (read timeout=30)"
1208232103,ad180a017709144f,https://podtrac.com/pts/redirect.mp3/arttrk.com/p/D5CA5/pdst.fm/e/mgln.ai/e/28/claritaspod.com/measure/traffic.omny.fm/d/clips/e73c998e-6e60-432f-8610-ae210140c5b1/3dae0b07-aac0-4154-8c1e-ae2b00350f94/0e58c09b-e4ec-4dae-9026-ae2b013037b7/audio.mp3?utm_source=Podcast&in_playlist=961e484b-1dff-48ef-8bdd-ae2b00350fab,Big Trouble in North Korea 8/11/17,"ReadTimeout: HTTPSConnectionPool(host='27113.mc.tritondigital.com', port=443): Read timed out. (read timeout=30)"
1208232103,5caa47baaf8907d6,https://podtrac.com/pts/redirect.mp3/arttrk.com/p/D5CA5/pdst.fm/e/mgln.ai/e/28/claritaspod.com/measure/traffic.omny.fm/d/clips/e73c998e-6e60-432f-8610-ae210140c5b1/3dae0b07-aac0-4154-8c1e-ae2b00350f94/6a92d65c-0aef-415a-afaf-ae2b012fd0c0/audio.mp3?utm_source=Podcast&in_playlist=961e484b-1dff-48ef-8bdd-ae2b00350fab,Trump’s Tale of Two Sides,"ReadTimeout: HTTPSConnectionPool(host='27093.mc.tritondigital.com', port=443): Read timed out. (read timeout=30)"
1208232103,fbd8b836ffed7cbb,https://podtrac.com/pts/redirect.mp3/arttrk.com/p/D5CA5/pdst.fm/e/mgln.ai/e/28/claritaspod.com/measure/traffic.omny.fm/d/clips/e73c998e-6e60-432f-8610-ae210140c5b1/3dae0b07-aac0-4154-8c1e-ae2b00350f94/68fba82d-458d-4798-acdf-ae2b012fb7b9/audio.mp3?utm_source=Podcast&in_playlist=961e484b-1dff-48ef-8bdd-ae2b00350fab,Antifa are Leftist Heroes,"ReadTimeout: HTTPSConnectionPool(host='27083.mc.tritondigital.com', port=443): Read timed out. (read timeout=30)"
1208232103,b2da994eff7c54b7,https://podtrac.com/pts/redirect.mp3/arttrk.com/p/D5CA5/pdst.fm/e/mgln.ai/e/28/claritaspod.com/measure/traffic.omny.fm/d/clips/e73c998e-6e60-432f-8610-ae210140c5b1/3dae0b07-aac0-4154-8c1e-ae2b00350f94/d4fe15a1-5896-4101-8b97-ae2b012f4e85/audio.mp3?utm_source=Podcast&in_playlist=961e484b-1dff-48ef-8bdd-ae2b00350fab,Bannon Gets Bounced,"ReadTimeout: HTTPSConnectionPool(host='27073.mc.tritondigital.com', port=443): Read timed out. (read timeout=30)"
1208232103,878eb323ae396476,https://podtrac.com/pts/redirect.mp3/arttrk.com/p/D5CA5/pdst.fm/e/mgln.ai/e/28/claritaspod.com/measure/traffic.omny.fm/d/clips/e73c998e-6e60-432f-8610-ae210140c5b1/3dae0b07-aac0-4154-8c1e-ae2b00350f94/9feb53b8-198c-4827-80a1-ae2b012f3019/audio.mp3?utm_source=Podcast&in_playlist=961e484b-1dff-48ef-8bdd-ae2b00350fab,The Left's Eclipsing Sanity,"ReadTimeout: HTTPSConnectionPool(host='27083.mc.tritondigital.com', port=443): Read timed out. (read timeout=30)"
1208232103,1cce46e727491164,https://podtrac.com/pts/redirect.mp3/arttrk.com/p/D5CA5/pdst.fm/e/mgln.ai/e/28/claritaspod.com/measure/traffic.omny.fm/d/clips/e73c998e-6e60-432f-8610-ae210140c5b1/3dae0b07-aac0-4154-8c1e-ae2b00350f94/5dbc0f44-110a-4fb1-a963-ae2b012f6051/audio.mp3?utm_source=Podcast&in_playlist=961e484b-1dff-48ef-8bdd-ae2b00350fab,Terror In Barcelona,"ReadTimeout: HTTPSConnectionPool(host='27103.mc.tritondigital.com', port=443): Read timed out. (read timeout=30)"
1208232103,dcb67a05e4287a96,https://podtrac.com/pts/redirect.mp3/arttrk.com/p/D5CA5/pdst.fm/e/mgln.ai/e/28/claritaspod.com/measure/traffic.omny.fm/d/clips/e73c998e-6e60-432f-8610-ae210140c5b1/3dae0b07-aac0-4154-8c1e-ae2b00350f94/31fd2544-82d8-4956-812e-ae2b012fe84d/audio.mp3?utm_source=Podcast&in_playlist=961e484b-1dff-48ef-8bdd-ae2b00350fab,The Bloodshed in Charlottesville,"ReadTimeout: HTTPSConnectionPool(host='27083.mc.tritondigital.com', port=443): Read timed out. (read timeout=30)"
1208232103,aeaa972b6fc5fa82,https://podtrac.com/pts/redirect.mp3/arttrk.com/p/D5CA5/pdst.fm/e/mgln.ai/e/28/claritaspod.com/measure/traffic.omny.fm/d/clips/e73c998e-6e60-432f-8610-ae210140c5b1/3dae0b07-aac0-4154-8c1e-ae2b00350f94/845c9d44-2593-46e0-8e46-ae2b012ed1f0/audio.mp3?utm_source=Podcast&in_playlist=961e484b-1dff-48ef-8bdd-ae2b00350fab,Will Trump Win In Afghanistan?,"ReadTimeout: HTTPSConnectionPool(host='27093.mc.tritondigital.com', port=443): Read timed out. (read timeout=30)"
1208232103,dccaffaf2e2e7e3c,https://podtrac.com/pts/redirect.mp3/arttrk.com/p/D5CA5/pdst.fm/e/mgln.ai/e/28/claritaspod.com/measure/traffic.omny.fm/d/clips/e73c998e-6e60-432f-8610-ae210140c5b1/3dae0b07-aac0-4154-8c1e-ae2b00350f94/bd54b970-ba38-4544-a333-ae2b012ebced/audio.mp3?utm_source=Podcast&in_playlist=961e484b-1dff-48ef-8bdd-ae2b00350fab,Tearing Down Columbus,"ReadTimeout: HTTPSConnectionPool(host='27093.mc.tritondigital.com', port=443): Read timed out. (read timeout=30)"
1208232103,bbd8d1917ebaf1b0,https://podtrac.com/pts/redirect.mp3/arttrk.com/p/D5CA5/pdst.fm/e/mgln.ai/e/28/claritaspod.com/measure/traffic.omny.fm/d/clips/e73c998e-6e60-432f-8610-ae210140c5b1/3dae0b07-aac0-4154-8c1e-ae2b00350f94/8cfb5976-2ab7-4382-a244-ae2b012e351f/audio.mp3?utm_source=Podcast&in_playlist=961e484b-1dff-48ef-8bdd-ae2b00350fab,Heroes Emerge from Harvey,"ReadTimeout: HTTPSConnectionPool(host='27073.mc.tritondigital.com', port=443): Read timed out. (read timeout=30)"
1208232103,9fc35f486546893c,https://podtrac.com/pts/redirect.mp3/arttrk.com/p/D5CA5/pdst.fm/e/mgln.ai/e/28/claritaspod.com/measure/traffic.omny.fm/d/clips/e73c998e-6e60-432f-8610-ae210140c5b1/3dae0b07-aac0-4154-8c1e-ae2b00350f94/bbe8e952-6348-4ee9-a04f-ae2b012e3e35/audio.mp3?utm_source=Podcast&in_playlist=961e484b-1dff-48ef-8bdd-ae2b00350fab,Houston Strong,"ReadTimeout: HTTPSConnectionPool(host='27083.mc.tritondigital.com', port=443): Read timed out. (read timeout=30)"
1208232103,d8773ebccbdff0d2,https://podtrac.com/pts/redirect.mp3/arttrk.com/p/D5CA5/pdst.fm/e/mgln.ai/e/28/claritaspod.com/measure/traffic.omny.fm/d/clips/e73c998e-6e60-432f-8610-ae210140c5b1/3dae0b07-aac0-4154-8c1e-ae2b00350f94/6850be9f-0992-428c-bbc4-ae2b012dcfa0/audio.mp3?utm_source=Podcast&in_playlist=961e484b-1dff-48ef-8bdd-ae2b00350fab,Cajun Heroes & Climate Change Zeroes,"ReadTimeout: HTTPSConnectionPool(host='27093.mc.tritondigital.com', port=443): Read timed out. (read timeout=30)"
1208232103,01c24ecec6a563b4,https://podtrac.com/pts/redirect.mp3/arttrk.com/p/D5CA5/pdst.fm/e/mgln.ai/e/28/claritaspod.com/measure/traffic.omny.fm/d/clips/e73c998e-6e60-432f-8610-ae210140c5b1/3dae0b07-aac0-4154-8c1e-ae2b00350f94/3530760f-4ccd-4a63-8bdb-ae2b012ecf29/audio.mp3?utm_source=Podcast&in_playlist=961e484b-1dff-48ef-8bdd-ae2b00350fab,The Left's Moral Hysteria,"ReadTimeout: HTTPSConnectionPool(host='27103.mc.tritondigital.com', port=443): Read timed out. (read timeout=30)"
1208232103,1431c127f93d7e97,https://podtrac.com/pts/redirect.mp3/arttrk.com/p/D5CA5/pdst.fm/e/mgln.ai/e/28/claritaspod.com/measure/traffic.omny.fm/d/clips/e73c998e-6e60-432f-8610-ae210140c5b1/3dae0b07-aac0-4154-8c1e-ae2b00350f94/c2c0a003-3e3e-47db-a8bf-ae2b012e5697/audio.mp3?utm_source=Podcast&in_playlist=961e484b-1dff-48ef-8bdd-ae2b00350fab,Let’s Talk About Nazi Punching,"ReadTimeout: HTTPSConnectionPool(host='27093.mc.tritondigital.com', port=443): Read timed out. (read timeout=30)"
1208232103,7f7c9b1e6471bfd4,https://podtrac.com/pts/redirect.mp3/arttrk.com/p/D5CA5/pdst.fm/e/mgln.ai/e/28/claritaspod.com/measure/traffic.omny.fm/d/clips/e73c998e-6e60-432f-8610-ae210140c5b1/3dae0b07-aac0-4154-8c1e-ae2b00350f94/da6d0e80-0053-44a6-9862-ae2b012d6816/audio.mp3?utm_source=Podcast&in_playlist=961e484b-1dff-48ef-8bdd-ae2b00350fab,Trump Dumps DACA,"ReadTimeout: HTTPSConnectionPool(host='27093.mc.tritondigital.com', port=443): Read timed out. (read timeout=30)"
1208232103,f78cb3d46e517bf6,https://podtrac.com/pts/redirect.mp3/arttrk.com/p/D5CA5/pdst.fm/e/mgln.ai/e/28/claritaspod.com/measure/traffic.omny.fm/d/clips/e73c998e-6e60-432f-8610-ae210140c5b1/3dae0b07-aac0-4154-8c1e-ae2b00350f94/81c3fc1f-7817-4d7f-8baa-ae2b012de2e0/audio.mp3?utm_source=Podcast&in_playlist=961e484b-1dff-48ef-8bdd-ae2b00350fab,The Left Politicizes Harvey,"ReadTimeout: HTTPSConnectionPool(host='27093.mc.tritondigital.com', port=443): Read timed out. (read timeout=30)"
1208232103,b9e8e922434562b5,https://podtrac.com/pts/redirect.mp3/arttrk.com/p/D5CA5/pdst.fm/e/mgln.ai/e/28/claritaspod.com/measure/traffic.omny.fm/d/clips/e73c998e-6e60-432f-8610-ae210140c5b1/3dae0b07-aac0-4154-8c1e-ae2b00350f94/c5e7f45d-75c8-46a6-b91f-ae2b012d4c15/audio.mp3?utm_source=Podcast&in_playlist=961e484b-1dff-48ef-8bdd-ae2b00350fab,GOP Caves on Debt,"ReadTimeout: HTTPSConnectionPool(host='27103.mc.tritondigital.com', port=443): Read timed out. (read timeout=30)"
1208232103,39fd5156573ddcfa,https://podtrac.com/pts/redirect.mp3/arttrk.com/p/D5CA5/pdst.fm/e/mgln.ai/e/28/claritaspod.com/measure/traffic.omny.fm/d/clips/e73c998e-6e60-432f-8610-ae210140c5b1/3dae0b07-aac0-4154-8c1e-ae2b00350f94/c4e59fa6-daec-4dec-b7df-ae2b012d76cd/audio.mp3?utm_source=Podcast&in_playlist=961e484b-1dff-48ef-8bdd-ae2b00350fab,Antifa are the Dems' Militant Wing,"ReadTimeout: HTTPSConnectionPool(host='27123.mc.tritondigital.com', port=443): Read timed out. (read timeout=30)"
1208232103,9a67f4b12430f5cb,https://podtrac.com/pts/redirect.mp3/arttrk.com/p/D5CA5/pdst.fm/e/mgln.ai/e/28/claritaspod.com/measure/traffic.omny.fm/d/clips/e73c998e-6e60-432f-8610-ae210140c5b1/3dae0b07-aac0-4154-8c1e-ae2b00350f94/b19ef83d-c34a-4cb9-bdae-ae2b012cf523/audio.mp3?utm_source=Podcast&in_playlist=961e484b-1dff-48ef-8bdd-ae2b00350fab,Trump Goes Rogue,"ReadTimeout: HTTPSConnectionPool(host='27073.mc.tritondigital.com', port=443): Read timed out. (read timeout=30)"
1208232103,eb4e3940c60c08c2,https://podtrac.com/pts/redirect.mp3/arttrk.com/p/D5CA5/pdst.fm/e/mgln.ai/e/28/claritaspod.com/measure/traffic.omny.fm/d/clips/e73c998e-6e60-432f-8610-ae210140c5b1/3dae0b07-aac0-4154-8c1e-ae2b00350f94/5b7b5af7-cfa2-48ad-b4cf-ae2b012cf392/audio.mp3?utm_source=Podcast&in_playlist=961e484b-1dff-48ef-8bdd-ae2b00350fab,9/11 Global Jihad Sneak Attack,"ReadTimeout: HTTPSConnectionPool(host='27113.mc.tritondigital.com', port=443): Read timed out. (read timeout=30)"
1208232103,7add5d2797c33a15,https://podtrac.com/pts/redirect.mp3/arttrk.com/p/D5CA5/pdst.fm/e/mgln.ai/e/28/claritaspod.com/measure/traffic.omny.fm/d/clips/e73c998e-6e60-432f-8610-ae210140c5b1/3dae0b07-aac0-4154-8c1e-ae2b00350f94/ace49f5e-3d83-4f75-9865-ae2b012c5e3b/audio.mp3?utm_source=Podcast&in_playlist=961e484b-1dff-48ef-8bdd-ae2b00350fab,Buck Crushes Delusional Clinton Claims,"ReadTimeout: HTTPSConnectionPool(host='27113.mc.tritondigital.com', port=443): Read timed out. (read timeout=30)"
1208232103,2fc66cb76bf16042,https://podtrac.com/pts/redirect.mp3/arttrk.com/p/D5CA5/pdst.fm/e/mgln.ai/e/28/claritaspod.com/measure/traffic.omny.fm/d/clips/e73c998e-6e60-432f-8610-ae210140c5b1/3dae0b07-aac0-4154-8c1e-ae2b00350f94/2edb8bd1-5f3b-4533-b700-ae2b012c59e9/audio.mp3?utm_source=Podcast&in_playlist=961e484b-1dff-48ef-8bdd-ae2b00350fab,Trump’s DACA Deal,"ReadTimeout: HTTPSConnectionPool(host='27113.mc.tritondigital.com', port=443): Read timed out. (read timeout=30)"
1208232103,ddcbaa42383db087,https://podtrac.com/pts/redirect.mp3/arttrk.com/p/D5CA5/pdst.fm/e/mgln.ai/e/28/claritaspod.com/measure/traffic.omny.fm/d/clips/e73c998e-6e60-432f-8610-ae210140c5b1/3dae0b07-aac0-4154-8c1e-ae2b00350f94/0f183952-f11b-4315-b29b-ae2b012ca0ba/audio.mp3?utm_source=Podcast&in_playlist=961e484b-1dff-48ef-8bdd-ae2b00350fab,Hillary's Excuse Tour:The Complete Guide,"ReadTimeout: HTTPSConnectionPool(host='27113.mc.tritondigital.com', port=443): Read timed out. (read timeout=30)"
1208232103,c66ee78d65b9c3c3,https://podtrac.com/pts/redirect.mp3/arttrk.com/p/D5CA5/pdst.fm/e/mgln.ai/e/28/claritaspod.com/measure/traffic.omny.fm/d/clips/e73c998e-6e60-432f-8610-ae210140c5b1/3dae0b07-aac0-4154-8c1e-ae2b00350f94/f40557ba-5ece-44a2-a6c1-ae2b012ba250/audio.mp3?utm_source=Podcast&in_playlist=961e484b-1dff-48ef-8bdd-ae2b00350fab,Trump Puts the UN on Notice,"ReadTimeout: HTTPSConnectionPool(host='27083.mc.tritondigital.com', port=443): Read timed out. (read timeout=30)"
1208232103,80303d8aad470797,https://podtrac.com/pts/redirect.mp3/arttrk.com/p/D5CA5/pdst.fm/e/mgln.ai/e/28/claritaspod.com/measure/traffic.omny.fm/d/clips/e73c998e-6e60-432f-8610-ae210140c5b1/3dae0b07-aac0-4154-8c1e-ae2b00350f94/2c3f17ae-d902-4ff9-a31e-ae2b012bbeec/audio.mp3?utm_source=Podcast&in_playlist=961e484b-1dff-48ef-8bdd-ae2b00350fab,London Under Siege,"ReadTimeout: HTTPSConnectionPool(host='27073.mc.tritondigital.com', port=443): Read timed out. (read timeout=30)"
1208232103,f3a9fb833aab15bf,https://podtrac.com/pts/redirect.mp3/arttrk.com/p/D5CA5/pdst.fm/e/mgln.ai/e/28/claritaspod.com/measure/traffic.omny.fm/d/clips/e73c998e-6e60-432f-8610-ae210140c5b1/3dae0b07-aac0-4154-8c1e-ae2b00350f94/6985495e-f9ff-4ddd-925e-ae2b012bafbf/audio.mp3?utm_source=Podcast&in_playlist=961e484b-1dff-48ef-8bdd-ae2b00350fab,Hillary's Biggest Delusion,"ReadTimeout: HTTPSConnectionPool(host='27093.mc.tritondigital.com', port=443): Read timed out. (read timeout=30)"
1208232103,e67ca7ea5470fec5,https://podtrac.com/pts/redirect.mp3/arttrk.com/p/D5CA5/pdst.fm/e/mgln.ai/e/28/claritaspod.com/measure/traffic.omny.fm/d/clips/e73c998e-6e60-432f-8610-ae210140c5b1/3dae0b07-aac0-4154-8c1e-ae2b00350f94/ab3ffd7e-0ea0-4909-a694-ae2b012b208d/audio.mp3?utm_source=Podcast&in_playlist=961e484b-1dff-48ef-8bdd-ae2b00350fab,Hollywood's Health Care Hypocrisy,"ReadTimeout: HTTPSConnectionPool(host='27093.mc.tritondigital.com', port=443): Read timed out. (read timeout=30)"
1208232103,2fcdfc79fd8727f7,https://podtrac.com/pts/redirect.mp3/arttrk.com/p/D5CA5/pdst.fm/e/mgln.ai/e/28/claritaspod.com/measure/traffic.omny.fm/d/clips/e73c998e-6e60-432f-8610-ae210140c5b1/3dae0b07-aac0-4154-8c1e-ae2b00350f94/bfa87724-0502-4659-8709-ae2b012b1970/audio.mp3?utm_source=Podcast&in_playlist=961e484b-1dff-48ef-8bdd-ae2b00350fab,Media Hates Trump More Than Kim Jong Un,"ReadTimeout: HTTPSConnectionPool(host='27123.mc.tritondigital.com', port=443): Read timed out. (read timeout=30)"
1208232103,1b00a8910f45449c,https://podtrac.com/pts/redirect.mp3/arttrk.com/p/D5CA5/pdst.fm/e/mgln.ai/e/28/claritaspod.com/measure/traffic.omny.fm/d/clips/e73c998e-6e60-432f-8610-ae210140c5b1/3dae0b07-aac0-4154-8c1e-ae2b00350f94/62013b36-692a-4deb-b977-ae2b012a8177/audio.mp3?utm_source=Podcast&in_playlist=961e484b-1dff-48ef-8bdd-ae2b00350fab,The Pittsburgh Patriot,"ReadTimeout: HTTPSConnectionPool(host='27123.mc.tritondigital.com', port=443): Read timed out. (read timeout=30)"
1208232103,5f052cafbfc84856,https://podtrac.com/pts/redirect.mp3/arttrk.com/p/D5CA5/pdst.fm/e/mgln.ai/e/28/claritaspod.com/measure/traffic.omny.fm/d/clips/e73c998e-6e60-432f-8610-ae210140c5b1/3dae0b07-aac0-4154-8c1e-ae2b00350f94/7cb3fd8e-c9a0-4734-ae60-ae2b012aea4c/audio.mp3?utm_source=Podcast&in_playlist=961e484b-1dff-48ef-8bdd-ae2b00350fab,Here's Why Republicans Lose,"ReadTimeout: HTTPSConnectionPool(host='27113.mc.tritondigital.com', port=443): Read timed out. (read timeout=30)"
1208232103,ba81fda9cfa61666,https://podtrac.com/pts/redirect.mp3/arttrk.com/p/D5CA5/pdst.fm/e/mgln.ai/e/28/claritaspod.com/measure/traffic.omny.fm/d/clips/e73c998e-6e60-432f-8610-ae210140c5b1/3dae0b07-aac0-4154-8c1e-ae2b00350f94/898d2f06-54c5-4dec-986b-ae2b012a60eb/audio.mp3?utm_source=Podcast&in_playlist=961e484b-1dff-48ef-8bdd-ae2b00350fab,Freedom Hut Vegas Style,"ReadTimeout: HTTPSConnectionPool(host='27093.mc.tritondigital.com', port=443): Read timed out. (read timeout=30)"
1208232103,045c7cb4ad1797e2,https://podtrac.com/pts/redirect.mp3/arttrk.com/p/D5CA5/pdst.fm/e/mgln.ai/e/28/claritaspod.com/measure/traffic.omny.fm/d/clips/e73c998e-6e60-432f-8610-ae210140c5b1/3dae0b07-aac0-4154-8c1e-ae2b00350f94/c3597b81-6893-4aa1-949b-ae2b0129e0d6/audio.mp3?utm_source=Podcast&in_playlist=961e484b-1dff-48ef-8bdd-ae2b00350fab,Scalise Stands Tall for Freedom,"ReadTimeout: HTTPSConnectionPool(host='27093.mc.tritondigital.com', port=443): Read timed out. (read timeout=30)"
1208232103,fb1426a86611de5b,https://podtrac.com/pts/redirect.mp3/arttrk.com/p/D5CA5/pdst.fm/e/mgln.ai/e/28/claritaspod.com/measure/traffic.omny.fm/d/clips/e73c998e-6e60-432f-8610-ae210140c5b1/3dae0b07-aac0-4154-8c1e-ae2b00350f94/8bc488fb-933c-43ee-9281-ae2b0129d454/audio.mp3?utm_source=Podcast&in_playlist=961e484b-1dff-48ef-8bdd-ae2b00350fab,Trump Cuts the Price,"ReadTimeout: HTTPSConnectionPool(host='27103.mc.tritondigital.com', port=443): Read timed out. (read timeout=30)"
1208232103,27df7ab529f56530,https://podtrac.com/pts/redirect.mp3/arttrk.com/p/D5CA5/pdst.fm/e/mgln.ai/e/28/claritaspod.com/measure/traffic.omny.fm/d/clips/e73c998e-6e60-432f-8610-ae210140c5b1/3dae0b07-aac0-4154-8c1e-ae2b00350f94/043d502c-37a6-4af2-ac35-ae2b012a6e74/audio.mp3?utm_source=Podcast&in_playlist=961e484b-1dff-48ef-8bdd-ae2b00350fab,Trump Tackles the NFL,"ReadTimeout: HTTPSConnectionPool(host='27113.mc.tritondigital.com', port=443): Read timed out. (read timeout=30)"
1208232103,c5b93863150f8df2,https://podtrac.com/pts/redirect.mp3/arttrk.com/p/D5CA5/pdst.fm/e/mgln.ai/e/28/claritaspod.com/measure/traffic.omny.fm/d/clips/e73c998e-6e60-432f-8610-ae210140c5b1/3dae0b07-aac0-4154-8c1e-ae2b00350f94/3a96d229-02ff-4db7-a4ad-ae2b01294d13/audio.mp3?utm_source=Podcast&in_playlist=961e484b-1dff-48ef-8bdd-ae2b00350fab,Media Hacks Push Gun Control,"ReadTimeout: HTTPSConnectionPool(host='27093.mc.tritondigital.com', port=443): Read timed out. (read timeout=30)"
1208232103,3f07a6fd1ac87bdb,https://podtrac.com/pts/redirect.mp3/arttrk.com/p/D5CA5/pdst.fm/e/mgln.ai/e/28/claritaspod.com/measure/traffic.omny.fm/d/clips/e73c998e-6e60-432f-8610-ae210140c5b1/3dae0b07-aac0-4154-8c1e-ae2b00350f94/9f6e3570-95af-4538-b759-ae2b01294944/audio.mp3?utm_source=Podcast&in_playlist=961e484b-1dff-48ef-8bdd-ae2b00350fab,Vegas Mystery Deepens,"ReadTimeout: HTTPSConnectionPool(host='27093.mc.tritondigital.com', port=443): Read timed out. (read timeout=30)"
1208232103,2e24ce4e00563970,https://podtrac.com/pts/redirect.mp3/arttrk.com/p/D5CA5/pdst.fm/e/mgln.ai/e/28/claritaspod.com/measure/traffic.omny.fm/d/clips/e73c998e-6e60-432f-8610-ae210140c5b1/3dae0b07-aac0-4154-8c1e-ae2b00350f94/be5a507a-53cb-497b-a9d2-ae2b0129d3cb/audio.mp3?utm_source=Podcast&in_playlist=961e484b-1dff-48ef-8bdd-ae2b00350fab,Massacre in Mandalay,"ReadTimeout: HTTPSConnectionPool(host='27113.mc.tritondigital.com', port=443): Read timed out. (read timeout=30)"
1208232103,85540a41b23ec32d,https://podtrac.com/pts/redirect.mp3/arttrk.com/p/D5CA5/pdst.fm/e/mgln.ai/e/28/claritaspod.com/measure/traffic.omny.fm/d/clips/e73c998e-6e60-432f-8610-ae210140c5b1/3dae0b07-aac0-4154-8c1e-ae2b00350f94/ba376ecf-05ec-4f95-896c-ae2b0128dc56/audio.mp3?utm_source=Podcast&in_playlist=961e484b-1dff-48ef-8bdd-ae2b00350fab,Ban Bump Fire Stocks?,"ReadTimeout: HTTPSConnectionPool(host='27113.mc.tritondigital.com', port=443): Read timed out. (read timeout=30)"
1208232103,ecf23b2f8af756e1,https://podtrac.com/pts/redirect.mp3/arttrk.com/p/D5CA5/pdst.fm/e/mgln.ai/e/28/claritaspod.com/measure/traffic.omny.fm/d/clips/e73c998e-6e60-432f-8610-ae210140c5b1/3dae0b07-aac0-4154-8c1e-ae2b00350f94/240bb894-9095-4c39-a05d-ae2b0128bf59/audio.mp3?utm_source=Podcast&in_playlist=961e484b-1dff-48ef-8bdd-ae2b00350fab,Dems Get Trump-Lashed,"ReadTimeout: HTTPSConnectionPool(host='27123.mc.tritondigital.com', port=443): Read timed out. (read timeout=30)"
1208232103,22d7d20029c4e6df,https://podtrac.com/pts/redirect.mp3/arttrk.com/p/D5CA5/pdst.fm/e/mgln.ai/e/28/claritaspod.com/measure/traffic.omny.fm/d/clips/e73c998e-6e60-432f-8610-ae210140c5b1/3dae0b07-aac0-4154-8c1e-ae2b00350f94/52fe1a38-951f-4bb4-8c7e-ae2b0128c5ec/audio.mp3?utm_source=Podcast&in_playlist=961e484b-1dff-48ef-8bdd-ae2b00350fab,The Left's Deafening Silence on Weinstein,"ReadTimeout: HTTPSConnectionPool(host='27103.mc.tritondigital.com', port=443): Read timed out. (read timeout=30)"
1208232103,c0180a3390c5a859,https://podtrac.com/pts/redirect.mp3/arttrk.com/p/D5CA5/pdst.fm/e/mgln.ai/e/28/claritaspod.com/measure/traffic.omny.fm/d/clips/e73c998e-6e60-432f-8610-ae210140c5b1/3dae0b07-aac0-4154-8c1e-ae2b00350f94/77f71b98-2bb9-4b03-aee5-ae2b01282404/audio.mp3?utm_source=Podcast&in_playlist=961e484b-1dff-48ef-8bdd-ae2b00350fab,Trump's Obamacare Takedown,"ReadTimeout: HTTPSConnectionPool(host='27073.mc.tritondigital.com', port=443): Read timed out. (read timeout=30)"
1208232103,d28482e7ecc41b8a,https://podtrac.com/pts/redirect.mp3/arttrk.com/p/D5CA5/pdst.fm/e/mgln.ai/e/28/claritaspod.com/measure/traffic.omny.fm/d/clips/e73c998e-6e60-432f-8610-ae210140c5b1/3dae0b07-aac0-4154-8c1e-ae2b00350f94/d730d00b-ecc7-4c9c-9944-ae2b01283651/audio.mp3?utm_source=Podcast&in_playlist=961e484b-1dff-48ef-8bdd-ae2b00350fab,Trump Unleashes Fake News Fury,"ReadTimeout: HTTPSConnectionPool(host='27103.mc.tritondigital.com', port=443): Read timed out. (read timeout=30)"
1208232103,6c072c548a3822cc,https://podtrac.com/pts/redirect.mp3/arttrk.com/p/D5CA5/pdst.fm/e/mgln.ai/e/28/claritaspod.com/measure/traffic.omny.fm/d/clips/e73c998e-6e60-432f-8610-ae210140c5b1/3dae0b07-aac0-4154-8c1e-ae2b00350f94/dac5918a-80c8-4b84-a1b4-ae2b01284ca3/audio.mp3?utm_source=Podcast&in_playlist=961e484b-1dff-48ef-8bdd-ae2b00350fab,Weinstein's War on Women,"ReadTimeout: HTTPSConnectionPool(host='27093.mc.tritondigital.com', port=443): Read timed out. (read timeout=30)"
1208232103,9d9ae363cc64f737,https://podtrac.com/pts/redirect.mp3/arttrk.com/p/D5CA5/pdst.fm/e/mgln.ai/e/28/claritaspod.com/measure/traffic.omny.fm/d/clips/e73c998e-6e60-432f-8610-ae210140c5b1/3dae0b07-aac0-4154-8c1e-ae2b00350f94/ca508b57-f06c-4c9c-9aa3-ae2b0127aade/audio.mp3?utm_source=Podcast&in_playlist=961e484b-1dff-48ef-8bdd-ae2b00350fab,Trump Slaps Down Iran Deal,"ReadTimeout: HTTPSConnectionPool(host='27083.mc.tritondigital.com', port=443): Read timed out. (read timeout=30)"
1208232103,c7f8787ed7468756,https://podtrac.com/pts/redirect.mp3/arttrk.com/p/D5CA5/pdst.fm/e/mgln.ai/e/28/claritaspod.com/measure/traffic.omny.fm/d/clips/e73c998e-6e60-432f-8610-ae210140c5b1/3dae0b07-aac0-4154-8c1e-ae2b00350f94/f74b72cc-5ede-43ed-bab6-ae2b0127a758/audio.mp3?utm_source=Podcast&in_playlist=961e484b-1dff-48ef-8bdd-ae2b00350fab,Trump the Constitutionalist,"ReadTimeout: HTTPSConnectionPool(host='27093.mc.tritondigital.com', port=443): Read timed out. (read timeout=30)"
1208232103,b38055895e19396d,https://podtrac.com/pts/redirect.mp3/arttrk.com/p/D5CA5/pdst.fm/e/mgln.ai/e/28/claritaspod.com/measure/traffic.omny.fm/d/clips/e73c998e-6e60-432f-8610-ae210140c5b1/3dae0b07-aac0-4154-8c1e-ae2b00350f94/25bd94ae-d7de-4c2d-8213-ae2b01279c74/audio.mp3?utm_source=Podcast&in_playlist=961e484b-1dff-48ef-8bdd-ae2b00350fab,Clinton's Russia Red Hand,"ReadTimeout: HTTPSConnectionPool(host='27103.mc.tritondigital.com', port=443): Read timed out. (read timeout=30)"
1208232103,732819ef6a5cc56f,https://podtrac.com/pts/redirect.mp3/arttrk.com/p/D5CA5/pdst.fm/e/mgln.ai/e/28/claritaspod.com/measure/traffic.omny.fm/d/clips/e73c998e-6e60-432f-8610-ae210140c5b1/3dae0b07-aac0-4154-8c1e-ae2b00350f94/dd4f7c0e-3054-45eb-a4cf-ae2b0126f7ff/audio.mp3?utm_source=Podcast&in_playlist=961e484b-1dff-48ef-8bdd-ae2b00350fab,Politicization of Fallen Soldiers,"ReadTimeout: HTTPSConnectionPool(host='27113.mc.tritondigital.com', port=443): Read timed out. (read timeout=30)"
1208232103,7963b6919a3b60da,https://podtrac.com/pts/redirect.mp3/arttrk.com/p/D5CA5/pdst.fm/e/mgln.ai/e/28/claritaspod.com/measure/traffic.omny.fm/d/clips/e73c998e-6e60-432f-8610-ae210140c5b1/3dae0b07-aac0-4154-8c1e-ae2b00350f94/a9f7c477-0451-4855-a082-ae2b0126e72c/audio.mp3?utm_source=Podcast&in_playlist=961e484b-1dff-48ef-8bdd-ae2b00350fab,John Kelly Sets the Record Straight,"ReadTimeout: HTTPSConnectionPool(host='27083.mc.tritondigital.com', port=443): Read timed out. (read timeout=30)"
1208232103,2e3b198cbb86a6be,https://podtrac.com/pts/redirect.mp3/arttrk.com/p/D5CA5/pdst.fm/e/mgln.ai/e/28/claritaspod.com/measure/traffic.omny.fm/d/clips/e73c998e-6e60-432f-8610-ae210140c5b1/3dae0b07-aac0-4154-8c1e-ae2b00350f94/f225e8e1-f114-419b-95a1-ae2b01266a0d/audio.mp3?utm_source=Podcast&in_playlist=961e484b-1dff-48ef-8bdd-ae2b00350fab,Clinton's Russia Cash Collusion,"ReadTimeout: HTTPSConnectionPool(host='27103.mc.tritondigital.com', port=443): Read timed out. (read timeout=30)"
1208232103,bbf83f2296cbe407,https://podtrac.com/pts/redirect.mp3/arttrk.com/p/D5CA5/pdst.fm/e/mgln.ai/e/28/claritaspod.com/measure/traffic.omny.fm/d/clips/e73c998e-6e60-432f-8610-ae210140c5b1/3dae0b07-aac0-4154-8c1e-ae2b00350f94/1914fd96-c814-4a16-a843-ae2b0126e563/audio.mp3?utm_source=Podcast&in_playlist=961e484b-1dff-48ef-8bdd-ae2b00350fab,Nothing is Sacred to the Left,"ReadTimeout: HTTPSConnectionPool(host='27113.mc.tritondigital.com', port=443): Read timed out. (read timeout=30)"
1208232103,2b10706c199aaf70,https://podtrac.com/pts/redirect.mp3/arttrk.com/p/D5CA5/pdst.fm/e/mgln.ai/e/28/claritaspod.com/measure/traffic.omny.fm/d/clips/e73c998e-6e60-432f-8610-ae210140c5b1/3dae0b07-aac0-4154-8c1e-ae2b00350f94/19252b18-5ede-4b15-b7fd-ae2b01264f5d/audio.mp3?utm_source=Podcast&in_playlist=961e484b-1dff-48ef-8bdd-ae2b00350fab,Russian Hoax Is Turned Around,"ReadTimeout: HTTPSConnectionPool(host='27103.mc.tritondigital.com', port=443): Read timed out. (read timeout=30)"
1208232103,f60ece3f92c7921b,https://podtrac.com/pts/redirect.mp3/arttrk.com/p/D5CA5/pdst.fm/e/mgln.ai/e/28/claritaspod.com/measure/traffic.omny.fm/d/clips/e73c998e-6e60-432f-8610-ae210140c5b1/3dae0b07-aac0-4154-8c1e-ae2b00350f94/9b4323de-b1b3-4162-a072-ae2b0125f54d/audio.mp3?utm_source=Podcast&in_playlist=961e484b-1dff-48ef-8bdd-ae2b00350fab,DNC's Dirty Dossier,"ReadTimeout: HTTPSConnectionPool(host='27103.mc.tritondigital.com', port=443): Read timed out. (read timeout=30)"
1208232103,9e2bc6753f0e2a48,https://podtrac.com/pts/redirect.mp3/arttrk.com/p/D5CA5/pdst.fm/e/mgln.ai/e/28/claritaspod.com/measure/traffic.omny.fm/d/clips/e73c998e-6e60-432f-8610-ae210140c5b1/3dae0b07-aac0-4154-8c1e-ae2b00350f94/5936817f-19eb-448a-a423-ae2b0126659e/audio.mp3?utm_source=Podcast&in_playlist=961e484b-1dff-48ef-8bdd-ae2b00350fab,Clash of Clowns in Congress,"ReadTimeout: HTTPSConnectionPool(host='27073.mc.tritondigital.com', port=443): Read timed out. (read timeout=30)"
1208232103,9dbd963c525c8fb9,https://podtrac.com/pts/redirect.mp3/arttrk.com/p/D5CA5/pdst.fm/e/mgln.ai/e/28/claritaspod.com/measure/traffic.omny.fm/d/clips/e73c998e-6e60-432f-8610-ae210140c5b1/3dae0b07-aac0-4154-8c1e-ae2b00350f94/0ce0b7f9-1367-4226-99cc-ae2b0125e6d6/audio.mp3?utm_source=Podcast&in_playlist=961e484b-1dff-48ef-8bdd-ae2b00350fab,The Still Secret JFK Files,"ReadTimeout: HTTPSConnectionPool(host='27093.mc.tritondigital.com', port=443): Read timed out. (read timeout=30)"
1208232103,767ad8e7ed91dde0,https://podtrac.com/pts/redirect.mp3/arttrk.com/p/D5CA5/pdst.fm/e/mgln.ai/e/28/claritaspod.com/measure/traffic.omny.fm/d/clips/e73c998e-6e60-432f-8610-ae210140c5b1/3dae0b07-aac0-4154-8c1e-ae2b00350f94/38ca1e4a-8316-473d-8ce4-ae2b01254f4a/audio.mp3?utm_source=Podcast&in_playlist=961e484b-1dff-48ef-8bdd-ae2b00350fab,Terror in New York City,"ReadTimeout: HTTPSConnectionPool(host='27123.mc.tritondigital.com', port=443): Read timed out. (read timeout=30)"
1208232103,806e51a87a414718,https://podtrac.com/pts/redirect.mp3/arttrk.com/p/D5CA5/pdst.fm/e/mgln.ai/e/28/claritaspod.com/measure/traffic.omny.fm/d/clips/e73c998e-6e60-432f-8610-ae210140c5b1/3dae0b07-aac0-4154-8c1e-ae2b00350f94/d5eae7c7-18b0-4795-a6ea-ae2b0125ce46/audio.mp3?utm_source=Podcast&in_playlist=961e484b-1dff-48ef-8bdd-ae2b00350fab,Manafort Gets Muellered,"ReadTimeout: HTTPSConnectionPool(host='27073.mc.tritondigital.com', port=443): Read timed out. (read timeout=30)"
1208232103,ec2b2c37c7e9b12f,https://podtrac.com/pts/redirect.mp3/arttrk.com/p/D5CA5/pdst.fm/e/mgln.ai/e/28/claritaspod.com/measure/traffic.omny.fm/d/clips/e73c998e-6e60-432f-8610-ae210140c5b1/3dae0b07-aac0-4154-8c1e-ae2b00350f94/97ef5d39-eaea-46c1-a4fc-ae2b0124aa6f/audio.mp3?utm_source=Podcast&in_playlist=961e484b-1dff-48ef-8bdd-ae2b00350fab,Tragedy Strikes Texas,"ReadTimeout: HTTPSConnectionPool(host='27073.mc.tritondigital.com', port=443): Read timed out. (read timeout=30)"
1208232103,ecab1814e77de6ec,https://podtrac.com/pts/redirect.mp3/arttrk.com/p/D5CA5/pdst.fm/e/mgln.ai/e/28/claritaspod.com/measure/traffic.omny.fm/d/clips/e73c998e-6e60-432f-8610-ae210140c5b1/3dae0b07-aac0-4154-8c1e-ae2b00350f94/117fc2e2-7d1c-49d9-8979-ae2b0124bcf4/audio.mp3?utm_source=Podcast&in_playlist=961e484b-1dff-48ef-8bdd-ae2b00350fab,Bowe Bergdahl Walks,"ReadTimeout: HTTPSConnectionPool(host='27083.mc.tritondigital.com', port=443): Read timed out. (read timeout=30)"
1208232103,7f62ad20da46bca2,https://podtrac.com/pts/redirect.mp3/arttrk.com/p/D5CA5/pdst.fm/e/mgln.ai/e/28/claritaspod.com/measure/traffic.omny.fm/d/clips/e73c998e-6e60-432f-8610-ae210140c5b1/3dae0b07-aac0-4154-8c1e-ae2b00350f94/bcb829ed-6b09-447e-bb71-ae2b012549ec/audio.mp3?utm_source=Podcast&in_playlist=961e484b-1dff-48ef-8bdd-ae2b00350fab,Trump Fights Terror,"ReadTimeout: HTTPSConnectionPool(host='27093.mc.tritondigital.com', port=443): Read timed out. (read timeout=30)"
1208232103,448a9ec7964f86a2,https://podtrac.com/pts/redirect.mp3/arttrk.com/p/D5CA5/pdst.fm/e/mgln.ai/e/28/claritaspod.com/measure/traffic.omny.fm/d/clips/e73c998e-6e60-432f-8610-ae210140c5b1/3dae0b07-aac0-4154-8c1e-ae2b00350f94/deb3fc5e-12fc-4a50-a83a-ae2b012427c5/audio.mp3?utm_source=Podcast&in_playlist=961e484b-1dff-48ef-8bdd-ae2b00350fab,MAGA Turns One,"ReadTimeout: HTTPSConnectionPool(host='27103.mc.tritondigital.com', port=443): Read timed out. (read timeout=30)"
1208232103,fc9ae6ffa6046f9d,https://podtrac.com/pts/redirect.mp3/arttrk.com/p/D5CA5/pdst.fm/e/mgln.ai/e/28/claritaspod.com/measure/traffic.omny.fm/d/clips/e73c998e-6e60-432f-8610-ae210140c5b1/3dae0b07-aac0-4154-8c1e-ae2b00350f94/ab16f5a7-f937-4ce5-a3d3-ae2b01249dd4/audio.mp3?utm_source=Podcast&in_playlist=961e484b-1dff-48ef-8bdd-ae2b00350fab,NRA Hero Saved Texas Lives,"ReadTimeout: HTTPSConnectionPool(host='27103.mc.tritondigital.com', port=443): Read timed out. (read timeout=30)"
1208232103,5d6eca6c1bb0b0f9,https://podtrac.com/pts/redirect.mp3/arttrk.com/p/D5CA5/pdst.fm/e/mgln.ai/e/28/claritaspod.com/measure/traffic.omny.fm/d/clips/e73c998e-6e60-432f-8610-ae210140c5b1/3dae0b07-aac0-4154-8c1e-ae2b00350f94/bc18aa47-c61f-4dcd-9ff4-ae2b01241d99/audio.mp3?utm_source=Podcast&in_playlist=961e484b-1dff-48ef-8bdd-ae2b00350fab,More Sexual Assault Bombshells Drop,"ReadTimeout: HTTPSConnectionPool(host='27123.mc.tritondigital.com', port=443): Read timed out. (read timeout=30)"
1208232103,56e78c7f05c2ef92,https://podtrac.com/pts/redirect.mp3/arttrk.com/p/D5CA5/pdst.fm/e/mgln.ai/e/28/claritaspod.com/measure/traffic.omny.fm/d/clips/e73c998e-6e60-432f-8610-ae210140c5b1/3dae0b07-aac0-4154-8c1e-ae2b00350f94/a4b6b6e0-207b-40a6-bafc-ae2b01253441/audio.mp3?utm_source=Podcast&in_playlist=961e484b-1dff-48ef-8bdd-ae2b00350fab,Bombshell: Democrats Rigged the Election,"ReadTimeout: HTTPSConnectionPool(host='27083.mc.tritondigital.com', port=443): Read timed out. (read timeout=30)"
1208232103,690429f54c9a9859,https://podtrac.com/pts/redirect.mp3/arttrk.com/p/D5CA5/pdst.fm/e/mgln.ai/e/28/claritaspod.com/measure/traffic.omny.fm/d/clips/e73c998e-6e60-432f-8610-ae210140c5b1/3dae0b07-aac0-4154-8c1e-ae2b00350f94/927431e4-d458-4c32-bcc2-ae2b012417bc/audio.mp3?utm_source=Podcast&in_playlist=961e484b-1dff-48ef-8bdd-ae2b00350fab,More Moore Allegations,"ReadTimeout: HTTPSConnectionPool(host='27083.mc.tritondigital.com', port=443): Read timed out. (read timeout=30)"
1208232103,42e30ac3025cd165,https://podtrac.com/pts/redirect.mp3/arttrk.com/p/D5CA5/pdst.fm/e/mgln.ai/e/28/claritaspod.com/measure/traffic.omny.fm/d/clips/e73c998e-6e60-432f-8610-ae210140c5b1/3dae0b07-aac0-4154-8c1e-ae2b00350f94/f39e136c-ad6e-405d-abf7-ae2b0123a463/audio.mp3?utm_source=Podcast&in_playlist=961e484b-1dff-48ef-8bdd-ae2b00350fab,Purge of the Perverts,"ReadTimeout: HTTPSConnectionPool(host='27093.mc.tritondigital.com', port=443): Read timed out. (read timeout=30)"
1208232103,681a13ae5267f4df,https://podtrac.com/pts/redirect.mp3/arttrk.com/p/D5CA5/pdst.fm/e/mgln.ai/e/28/claritaspod.com/measure/traffic.omny.fm/d/clips/e73c998e-6e60-432f-8610-ae210140c5b1/3dae0b07-aac0-4154-8c1e-ae2b00350f94/67bd533b-8d98-45bd-9c7b-ae2b012371e7/audio.mp3?utm_source=Podcast&in_playlist=961e484b-1dff-48ef-8bdd-ae2b00350fab,GOP's Tax Slash,"ReadTimeout: HTTPSConnectionPool(host='27093.mc.tritondigital.com', port=443): Read timed out. (read timeout=30)"
1208232103,b961e6087f030f4a,https://podtrac.com/pts/redirect.mp3/arttrk.com/p/D5CA5/pdst.fm/e/mgln.ai/e/28/claritaspod.com/measure/traffic.omny.fm/d/clips/e73c998e-6e60-432f-8610-ae210140c5b1/3dae0b07-aac0-4154-8c1e-ae2b00350f94/6e135388-ba7f-4a6f-9241-ae2b01239679/audio.mp3?utm_source=Podcast&in_playlist=961e484b-1dff-48ef-8bdd-ae2b00350fab,Judge Moore Doubles Down,"ReadTimeout: HTTPSConnectionPool(host='27093.mc.tritondigital.com', port=443): Read timed out. (read timeout=30)"
1208232103,c1a67bb2f3ba6b47,https://podtrac.com/pts/redirect.mp3/arttrk.com/p/D5CA5/pdst.fm/e/mgln.ai/e/28/claritaspod.com/measure/traffic.omny.fm/d/clips/e73c998e-6e60-432f-8610-ae210140c5b1/3dae0b07-aac0-4154-8c1e-ae2b00350f94/c9cea1b7-cf78-4ced-9548-ae2b01233514/audio.mp3?utm_source=Podcast&in_playlist=961e484b-1dff-48ef-8bdd-ae2b00350fab,Stump the Buck!,"ReadTimeout: HTTPSConnectionPool(host='27093.mc.tritondigital.com', port=443): Read timed out. (read timeout=30)"
1208232103,d0148c153ff11e10,https://podtrac.com/pts/redirect.mp3/arttrk.com/p/D5CA5/pdst.fm/e/mgln.ai/e/28/claritaspod.com/measure/traffic.omny.fm/d/clips/e73c998e-6e60-432f-8610-ae210140c5b1/3dae0b07-aac0-4154-8c1e-ae2b00350f94/559e5ce8-4d43-4bcd-9af8-ae2b0122d4fe/audio.mp3?utm_source=Podcast&in_playlist=961e484b-1dff-48ef-8bdd-ae2b00350fab,The Fall of Charlie Rose,"ReadTimeout: HTTPSConnectionPool(host='27123.mc.tritondigital.com', port=443): Read timed out. (read timeout=30)"
1208232103,5f42982d3fb0c67c,https://podtrac.com/pts/redirect.mp3/arttrk.com/p/D5CA5/pdst.fm/e/mgln.ai/e/28/claritaspod.com/measure/traffic.omny.fm/d/clips/e73c998e-6e60-432f-8610-ae210140c5b1/3dae0b07-aac0-4154-8c1e-ae2b00350f94/ec91978d-e432-4b90-99f4-ae2b01230d93/audio.mp3?utm_source=Podcast&in_playlist=961e484b-1dff-48ef-8bdd-ae2b00350fab,The Clintons Destroyed Political Ethics,"ReadTimeout: HTTPSConnectionPool(host='27103.mc.tritondigital.com', port=443): Read timed out. (read timeout=30)"
1208232103,57ee3de945d8cb0e,https://podtrac.com/pts/redirect.mp3/arttrk.com/p/D5CA5/pdst.fm/e/mgln.ai/e/28/claritaspod.com/measure/traffic.omny.fm/d/clips/e73c998e-6e60-432f-8610-ae210140c5b1/3dae0b07-aac0-4154-8c1e-ae2b00350f94/21ee728d-8314-4e5c-ab77-ae2b01223f4a/audio.mp3?utm_source=Podcast&in_playlist=961e484b-1dff-48ef-8bdd-ae2b00350fab,NOKO's Most Powerful Missile Launch Yet,"ReadTimeout: HTTPSConnectionPool(host='27103.mc.tritondigital.com', port=443): Read timed out. (read timeout=30)"
1208232103,149c86ec77e93eda,https://podtrac.com/pts/redirect.mp3/arttrk.com/p/D5CA5/pdst.fm/e/mgln.ai/e/28/claritaspod.com/measure/traffic.omny.fm/d/clips/e73c998e-6e60-432f-8610-ae210140c5b1/3dae0b07-aac0-4154-8c1e-ae2b00350f94/d3585258-adcc-4ab5-85ae-ae2b0122750b/audio.mp3?utm_source=Podcast&in_playlist=961e484b-1dff-48ef-8bdd-ae2b00350fab,Pelosi's Icon Double Standard,"ReadTimeout: HTTPSConnectionPool(host='27073.mc.tritondigital.com', port=443): Read timed out. (read timeout=30)"
1208232103,0f933f26ec18cdb4,https://podtrac.com/pts/redirect.mp3/arttrk.com/p/D5CA5/pdst.fm/e/mgln.ai/e/28/claritaspod.com/measure/traffic.omny.fm/d/clips/e73c998e-6e60-432f-8610-ae210140c5b1/3dae0b07-aac0-4154-8c1e-ae2b00350f94/407c138a-d527-4080-8b5d-ae2b0121fafe/audio.mp3?utm_source=Podcast&in_playlist=961e484b-1dff-48ef-8bdd-ae2b00350fab,Matt Lauer is Toast,"ReadTimeout: HTTPSConnectionPool(host='27073.mc.tritondigital.com', port=443): Read timed out. (read timeout=30)"
1208232103,406d7d1133f39965,https://podtrac.com/pts/redirect.mp3/arttrk.com/p/D5CA5/pdst.fm/e/mgln.ai/e/28/claritaspod.com/measure/traffic.omny.fm/d/clips/e73c998e-6e60-432f-8610-ae210140c5b1/3dae0b07-aac0-4154-8c1e-ae2b00350f94/56258d3b-25e3-4dd0-a4c8-ae2b0121ccb6/audio.mp3?utm_source=Podcast&in_playlist=961e484b-1dff-48ef-8bdd-ae2b00350fab,General Flynn Pleads Guilty,"ReadTimeout: HTTPSConnectionPool(host='27093.mc.tritondigital.com', port=443): Read timed out. (read timeout=30)"
1208232103,9a45a4749fcdb1d7,https://podtrac.com/pts/redirect.mp3/arttrk.com/p/D5CA5/pdst.fm/e/mgln.ai/e/28/claritaspod.com/measure/traffic.omny.fm/d/clips/e73c998e-6e60-432f-8610-ae210140c5b1/3dae0b07-aac0-4154-8c1e-ae2b00350f94/9ccc3847-d2cb-4fed-97a5-ae2b01228c5c/audio.mp3?utm_source=Podcast&in_playlist=961e484b-1dff-48ef-8bdd-ae2b00350fab,"Forks High, Team Buck!","ReadTimeout: HTTPSConnectionPool(host='27103.mc.tritondigital.com', port=443): Read timed out. (read timeout=30)"
1208232103,e5174ac16f8f1c9e,https://podtrac.com/pts/redirect.mp3/arttrk.com/p/D5CA5/pdst.fm/e/mgln.ai/e/28/claritaspod.com/measure/traffic.omny.fm/d/clips/e73c998e-6e60-432f-8610-ae210140c5b1/3dae0b07-aac0-4154-8c1e-ae2b00350f94/181f0745-383d-4145-a2c4-ae2b0121d106/audio.mp3?utm_source=Podcast&in_playlist=961e484b-1dff-48ef-8bdd-ae2b00350fab,Dems' Covert War on Women,"ReadTimeout: HTTPSConnectionPool(host='27083.mc.tritondigital.com', port=443): Read timed out. (read timeout=30)"
1208232103,a36bb78697e48dcc,https://podtrac.com/pts/redirect.mp3/arttrk.com/p/D5CA5/pdst.fm/e/mgln.ai/e/28/claritaspod.com/measure/traffic.omny.fm/d/clips/e73c998e-6e60-432f-8610-ae210140c5b1/3dae0b07-aac0-4154-8c1e-ae2b00350f94/b3bafa69-27f0-4a51-ba5a-ae2b0121811a/audio.mp3?utm_source=Podcast&in_playlist=961e484b-1dff-48ef-8bdd-ae2b00350fab,Trump Calls Out FBI,"ReadTimeout: HTTPSConnectionPool(host='27083.mc.tritondigital.com', port=443): Read timed out. (read timeout=30)"
1208232103,ccc280111976f9a2,https://podtrac.com/pts/redirect.mp3/arttrk.com/p/D5CA5/pdst.fm/e/mgln.ai/e/28/claritaspod.com/measure/traffic.omny.fm/d/clips/e73c998e-6e60-432f-8610-ae210140c5b1/3dae0b07-aac0-4154-8c1e-ae2b00350f94/c03ad353-91c0-47ac-b894-ae2b01214c34/audio.mp3?utm_source=Podcast&in_playlist=961e484b-1dff-48ef-8bdd-ae2b00350fab,The Deep State's War on Trump,"ReadTimeout: HTTPSConnectionPool(host='27093.mc.tritondigital.com', port=443): Read timed out. (read timeout=30)"
1208232103,95fd7352d6ec5254,https://podtrac.com/pts/redirect.mp3/arttrk.com/p/D5CA5/pdst.fm/e/mgln.ai/e/28/claritaspod.com/measure/traffic.omny.fm/d/clips/e73c998e-6e60-432f-8610-ae210140c5b1/3dae0b07-aac0-4154-8c1e-ae2b00350f94/96f514ad-8301-4848-b27f-ae2b01210322/audio.mp3?utm_source=Podcast&in_playlist=961e484b-1dff-48ef-8bdd-ae2b00350fab,Trump's Mideast Power Play,"ReadTimeout: HTTPSConnectionPool(host='27103.mc.tritondigital.com', port=443): Read timed out. (read timeout=30)"
1208232103,a1af5183656d3067,https://podtrac.com/pts/redirect.mp3/arttrk.com/p/D5CA5/pdst.fm/e/mgln.ai/e/28/claritaspod.com/measure/traffic.omny.fm/d/clips/e73c998e-6e60-432f-8610-ae210140c5b1/3dae0b07-aac0-4154-8c1e-ae2b00350f94/0363f004-6876-4b1e-a77e-ae2b0120d3e6/audio.mp3?utm_source=Podcast&in_playlist=961e484b-1dff-48ef-8bdd-ae2b00350fab,CNN's Fake News Flub,"ReadTimeout: HTTPSConnectionPool(host='27113.mc.tritondigital.com', port=443): Read timed out. (read timeout=30)"
1208232103,61f99ef10c44bde3,https://podtrac.com/pts/redirect.mp3/arttrk.com/p/D5CA5/pdst.fm/e/mgln.ai/e/28/claritaspod.com/measure/traffic.omny.fm/d/clips/e73c998e-6e60-432f-8610-ae210140c5b1/3dae0b07-aac0-4154-8c1e-ae2b00350f94/1f1be41f-f42b-423e-9ab0-ae2b012064e6/audio.mp3?utm_source=Podcast&in_playlist=961e484b-1dff-48ef-8bdd-ae2b00350fab,Terror in Times Square,"ReadTimeout: HTTPSConnectionPool(host='27123.mc.tritondigital.com', port=443): Read timed out. (read timeout=30)"
1208232103,b1166587f15a0d49,https://podtrac.com/pts/redirect.mp3/arttrk.com/p/D5CA5/pdst.fm/e/mgln.ai/e/28/claritaspod.com/measure/traffic.omny.fm/d/clips/e73c998e-6e60-432f-8610-ae210140c5b1/3dae0b07-aac0-4154-8c1e-ae2b00350f94/d88b7f0f-45f4-45b0-b824-ae2b0120f85f/audio.mp3?utm_source=Podcast&in_playlist=961e484b-1dff-48ef-8bdd-ae2b00350fab,Dems Sacrifice Franken,"ReadTimeout: HTTPSConnectionPool(host='27093.mc.tritondigital.com', port=443): Read timed out. (read timeout=30)"
1208232103,bf43741ae202d629,https://podtrac.com/pts/redirect.mp3/arttrk.com/p/D5CA5/pdst.fm/e/mgln.ai/e/28/claritaspod.com/measure/traffic.omny.fm/d/clips/e73c998e-6e60-432f-8610-ae210140c5b1/3dae0b07-aac0-4154-8c1e-ae2b00350f94/1383b033-ecc5-4576-972c-ae2b01204deb/audio.mp3?utm_source=Podcast&in_playlist=961e484b-1dff-48ef-8bdd-ae2b00350fab,Conservatives: Cops Can Be Wrong,"ReadTimeout: HTTPSConnectionPool(host='27113.mc.tritondigital.com', port=443): Read timed out. (read timeout=30)"
1208232103,4e1d7219e190cda8,https://podtrac.com/pts/redirect.mp3/arttrk.com/p/D5CA5/pdst.fm/e/mgln.ai/e/28/claritaspod.com/measure/traffic.omny.fm/d/clips/e73c998e-6e60-432f-8610-ae210140c5b1/3dae0b07-aac0-4154-8c1e-ae2b00350f94/20053812-e326-4e25-bbb6-ae2b012047f3/audio.mp3?utm_source=Podcast&in_playlist=961e484b-1dff-48ef-8bdd-ae2b00350fab,Texts from the Deep State,"ReadTimeout: HTTPSConnectionPool(host='27093.mc.tritondigital.com', port=443): Read timed out. (read timeout=30)"
1208232103,f9bf4bbb96e11ad4,https://podtrac.com/pts/redirect.mp3/arttrk.com/p/D5CA5/pdst.fm/e/mgln.ai/e/28/claritaspod.com/measure/traffic.omny.fm/d/clips/e73c998e-6e60-432f-8610-ae210140c5b1/3dae0b07-aac0-4154-8c1e-ae2b00350f94/34ff4a67-ff55-48a2-aec3-ae2b011fd390/audio.mp3?utm_source=Podcast&in_playlist=961e484b-1dff-48ef-8bdd-ae2b00350fab,The GOP's Tax Triumph,"ReadTimeout: HTTPSConnectionPool(host='27083.mc.tritondigital.com', port=443): Read timed out. (read timeout=30)"
1208232103,3e83051a3dbd4b12,https://podtrac.com/pts/redirect.mp3/arttrk.com/p/D5CA5/pdst.fm/e/mgln.ai/e/28/claritaspod.com/measure/traffic.omny.fm/d/clips/e73c998e-6e60-432f-8610-ae210140c5b1/3dae0b07-aac0-4154-8c1e-ae2b00350f94/d4ea72da-8a77-4f20-a11b-ae2b011f2bac/audio.mp3?utm_source=Podcast&in_playlist=961e484b-1dff-48ef-8bdd-ae2b00350fab,GOP Finally Slashes Taxes,"ReadTimeout: HTTPSConnectionPool(host='27083.mc.tritondigital.com', port=443): Read timed out. (read timeout=30)"
1208232103,b2c515149db833f9,https://podtrac.com/pts/redirect.mp3/arttrk.com/p/D5CA5/pdst.fm/e/mgln.ai/e/28/claritaspod.com/measure/traffic.omny.fm/d/clips/e73c998e-6e60-432f-8610-ae210140c5b1/3dae0b07-aac0-4154-8c1e-ae2b00350f94/ceabbe36-9dac-43bf-ad41-ae2b011fc591/audio.mp3?utm_source=Podcast&in_playlist=961e484b-1dff-48ef-8bdd-ae2b00350fab,The Trump Doctrine,"ReadTimeout: HTTPSConnectionPool(host='27093.mc.tritondigital.com', port=443): Read timed out. (read timeout=30)"
1208232103,b87416baf87474c8,https://podtrac.com/pts/redirect.mp3/arttrk.com/p/D5CA5/pdst.fm/e/mgln.ai/e/28/claritaspod.com/measure/traffic.omny.fm/d/clips/e73c998e-6e60-432f-8610-ae210140c5b1/3dae0b07-aac0-4154-8c1e-ae2b00350f94/ab3ddc16-5bb2-4bd4-ab71-ae2b011fe644/audio.mp3?utm_source=Podcast&in_playlist=961e484b-1dff-48ef-8bdd-ae2b00350fab,The Great Comey Cover-Up,"ReadTimeout: HTTPSConnectionPool(host='27113.mc.tritondigital.com', port=443): Read timed out. (read timeout=30)"
1208232103,4a71470b43c10e21,https://podtrac.com/pts/redirect.mp3/arttrk.com/p/D5CA5/pdst.fm/e/mgln.ai/e/28/claritaspod.com/measure/traffic.omny.fm/d/clips/e73c998e-6e60-432f-8610-ae210140c5b1/3dae0b07-aac0-4154-8c1e-ae2b00350f94/7509ab37-75e9-48c4-9b53-ae2b011f297e/audio.mp3?utm_source=Podcast&in_playlist=961e484b-1dff-48ef-8bdd-ae2b00350fab,Dem Scrooges on Taxes,"ReadTimeout: HTTPSConnectionPool(host='27073.mc.tritondigital.com', port=443): Read timed out. (read timeout=30)"
1208232103,ea3456c6d58b6b35,https://podtrac.com/pts/redirect.mp3/arttrk.com/p/D5CA5/pdst.fm/e/mgln.ai/e/28/claritaspod.com/measure/traffic.omny.fm/d/clips/e73c998e-6e60-432f-8610-ae210140c5b1/3dae0b07-aac0-4154-8c1e-ae2b00350f94/1e5cc28f-780c-4c94-a430-ae2b011f18c0/audio.mp3?utm_source=Podcast&in_playlist=961e484b-1dff-48ef-8bdd-ae2b00350fab,The Nikki Haley Smackdown,"ReadTimeout: HTTPSConnectionPool(host='27083.mc.tritondigital.com', port=443): Read timed out. (read timeout=30)"
1208232103,70e2fbe625c14ad2,https://podtrac.com/pts/redirect.mp3/arttrk.com/p/D5CA5/pdst.fm/e/mgln.ai/e/28/claritaspod.com/measure/traffic.omny.fm/d/clips/e73c998e-6e60-432f-8610-ae210140c5b1/3dae0b07-aac0-4154-8c1e-ae2b00350f94/d71710d9-7b27-44f4-bd5a-ae2b011e929a/audio.mp3?utm_source=Podcast&in_playlist=961e484b-1dff-48ef-8bdd-ae2b00350fab,"Merry Christmas, Team Buck!","ReadTimeout: HTTPSConnectionPool(host='27093.mc.tritondigital.com', port=443): Read timed out. (read timeout=30)"
1208232103,96430c38156d3b01,https://podtrac.com/pts/redirect.mp3/arttrk.com/p/D5CA5/pdst.fm/e/mgln.ai/e/28/claritaspod.com/measure/traffic.omny.fm/d/clips/e73c998e-6e60-432f-8610-ae210140c5b1/3dae0b07-aac0-4154-8c1e-ae2b00350f94/96375919-a140-40f7-91cb-ae2b01337ab3/audio.mp3?utm_source=Podcast&in_playlist=961e484b-1dff-48ef-8bdd-ae2b00350fab,Trump Launches ‘Made in America’ Week 07/17/17,"ReadTimeout: HTTPSConnectionPool(host='27093.mc.tritondigital.com', port=443): Read timed out. (read timeout=30)"
1208232103,a85219e71543c4fd,https://podtrac.com/pts/redirect.mp3/arttrk.com/p/D5CA5/pdst.fm/e/mgln.ai/e/28/claritaspod.com/measure/traffic.omny.fm/d/clips/e73c998e-6e60-432f-8610-ae210140c5b1/3dae0b07-aac0-4154-8c1e-ae2b00350f94/40b7cd83-b1e9-40f5-aabd-ae2b01335e20/audio.mp3?utm_source=Podcast&in_playlist=961e484b-1dff-48ef-8bdd-ae2b00350fab,The GOP’s Health Care Double Cross 07/18/17,"ReadTimeout: HTTPSConnectionPool(host='27123.mc.tritondigital.com', port=443): Read timed out. (read timeout=30)"
1208232103,41c45b406cf5e11f,https://podtrac.com/pts/redirect.mp3/arttrk.com/p/D5CA5/pdst.fm/e/mgln.ai/e/28/claritaspod.com/measure/traffic.omny.fm/d/clips/e73c998e-6e60-432f-8610-ae210140c5b1/3dae0b07-aac0-4154-8c1e-ae2b00350f94/cb54b4b0-33d0-4dec-a823-ae2b0133d0f1/audio.mp3?utm_source=Podcast&in_playlist=961e484b-1dff-48ef-8bdd-ae2b00350fab,No Shame: DNC Collusion Exposed 07/14/17,"ReadTimeout: HTTPSConnectionPool(host='27123.mc.tritondigital.com', port=443): Read timed out. (read timeout=30)"
1208232103,dc03f9f738663c9e,https://podtrac.com/pts/redirect.mp3/arttrk.com/p/D5CA5/pdst.fm/e/mgln.ai/e/28/claritaspod.com/measure/traffic.omny.fm/d/clips/e73c998e-6e60-432f-8610-ae210140c5b1/3dae0b07-aac0-4154-8c1e-ae2b00350f94/87dbc1d6-c4dd-462b-8044-ae2b01335681/audio.mp3?utm_source=Podcast&in_playlist=961e484b-1dff-48ef-8bdd-ae2b00350fab,GOP Does Damage Control on Healthcare 07/19/17,"ReadTimeout: HTTPSConnectionPool(host='27073.mc.tritondigital.com', port=443): Read timed out. (read timeout=30)"
1208232103,b6a922202c7d0458,https://podtrac.com/pts/redirect.mp3/arttrk.com/p/D5CA5/pdst.fm/e/mgln.ai/e/28/claritaspod.com/measure/traffic.omny.fm/d/clips/e73c998e-6e60-432f-8610-ae210140c5b1/3dae0b07-aac0-4154-8c1e-ae2b00350f94/47adaef3-7432-42c7-b26e-ae2b0133097f/audio.mp3?utm_source=Podcast&in_playlist=961e484b-1dff-48ef-8bdd-ae2b00350fab,The Left’s Twisted Hierarchy 07/20/17,"ReadTimeout: HTTPSConnectionPool(host='27073.mc.tritondigital.com', port=443): Read timed out. (read timeout=30)"
1208232103,f6a6ffb551a07b88,https://podtrac.com/pts/redirect.mp3/arttrk.com/p/D5CA5/pdst.fm/e/mgln.ai/e/28/claritaspod.com/measure/traffic.omny.fm/d/clips/e73c998e-6e60-432f-8610-ae210140c5b1/3dae0b07-aac0-4154-8c1e-ae2b00350f94/c6d5affa-3267-42c1-bf7a-ae2b01326da3/audio.mp3?utm_source=Podcast&in_playlist=961e484b-1dff-48ef-8bdd-ae2b00350fab,Repeal and Replace Gets Revived 07/25/17,"ReadTimeout: HTTPSConnectionPool(host='27123.mc.tritondigital.com', port=443): Read timed out. (read timeout=30)"
1208232103,75284361cf398046,https://podtrac.com/pts/redirect.mp3/arttrk.com/p/D5CA5/pdst.fm/e/mgln.ai/e/28/claritaspod.com/measure/traffic.omny.fm/d/clips/e73c998e-6e60-432f-8610-ae210140c5b1/3dae0b07-aac0-4154-8c1e-ae2b00350f94/91323d76-3074-4429-8c10-ae2b01320110/audio.mp3?utm_source=Podcast&in_playlist=961e484b-1dff-48ef-8bdd-ae2b00350fab,GOP Health Care Plan B 07/27/17,"ReadTimeout: HTTPSConnectionPool(host='27083.mc.tritondigital.com', port=443): Read timed out. (read timeout=30)"
1208232103,db1919de21816a58,https://podtrac.com/pts/redirect.mp3/arttrk.com/p/D5CA5/pdst.fm/e/mgln.ai/e/28/claritaspod.com/measure/traffic.omny.fm/d/clips/e73c998e-6e60-432f-8610-ae210140c5b1/3dae0b07-aac0-4154-8c1e-ae2b00350f94/1ec0034c-836b-4812-9369-ae2b01328e2e/audio.mp3?utm_source=Podcast&in_playlist=961e484b-1dff-48ef-8bdd-ae2b00350fab,Obamacare is Death 07/24/17,"ReadTimeout: HTTPSConnectionPool(host='27123.mc.tritondigital.com', port=443): Read timed out. (read timeout=30)"
1208232103,70738fb6c3caac69,https://podtrac.com/pts/redirect.mp3/arttrk.com/p/D5CA5/pdst.fm/e/mgln.ai/e/28/claritaspod.com/measure/traffic.omny.fm/d/clips/e73c998e-6e60-432f-8610-ae210140c5b1/3dae0b07-aac0-4154-8c1e-ae2b00350f94/f1fb5d74-8496-4a52-a7ed-ae2b01324aae/audio.mp3?utm_source=Podcast&in_playlist=961e484b-1dff-48ef-8bdd-ae2b00350fab,Trump’s Jedi Mind Trick 07/26/17,"ReadTimeout: HTTPSConnectionPool(host='27103.mc.tritondigital.com', port=443): Read timed out. (read timeout=30)"
1208232103,2f316f810eef1659,https://podtrac.com/pts/redirect.mp3/arttrk.com/p/D5CA5/pdst.fm/e/mgln.ai/e/28/claritaspod.com/measure/traffic.omny.fm/d/clips/e73c998e-6e60-432f-8610-ae210140c5b1/3dae0b07-aac0-4154-8c1e-ae2b00350f94/fc114e89-d95a-484f-a341-ae2b0132be95/audio.mp3?utm_source=Podcast&in_playlist=961e484b-1dff-48ef-8bdd-ae2b00350fab,Will Trump Fire Mueller? 07/21/17,"ReadTimeout: HTTPSConnectionPool(host='27083.mc.tritondigital.com', port=443): Read timed out. (read timeout=30)"
1208232103,0808ed9c6208804f,https://podtrac.com/pts/redirect.mp3/arttrk.com/p/D5CA5/pdst.fm/e/mgln.ai/e/28/claritaspod.com/measure/traffic.omny.fm/d/clips/e73c998e-6e60-432f-8610-ae210140c5b1/3dae0b07-aac0-4154-8c1e-ae2b00350f94/d3e1dc85-9033-4366-a8ee-ae2b0131c67e/audio.mp3?utm_source=Podcast&in_playlist=961e484b-1dff-48ef-8bdd-ae2b00350fab,Biggest GOP Betrayal Yet 07/28/17,"ReadTimeout: HTTPSConnectionPool(host='27093.mc.tritondigital.com', port=443): Read timed out. (read timeout=30)"
1208232103,1127cb653d6b7d74,https://podtrac.com/pts/redirect.mp3/arttrk.com/p/D5CA5/pdst.fm/e/mgln.ai/e/28/claritaspod.com/measure/traffic.omny.fm/d/clips/e73c998e-6e60-432f-8610-ae210140c5b1/3dae0b07-aac0-4154-8c1e-ae2b00350f94/895d2ef2-925e-48ca-b0e6-ae2b0131c4c1/audio.mp3?utm_source=Podcast&in_playlist=961e484b-1dff-48ef-8bdd-ae2b00350fab,Mooch is Out 07/31/17,"ReadTimeout: HTTPSConnectionPool(host='27103.mc.tritondigital.com', port=443): Read timed out. (read timeout=30)"
1208232103,b68f60204dc7b02e,https://podtrac.com/pts/redirect.mp3/arttrk.com/p/D5CA5/pdst.fm/e/mgln.ai/e/28/claritaspod.com/measure/traffic.omny.fm/d/clips/e73c998e-6e60-432f-8610-ae210140c5b1/3dae0b07-aac0-4154-8c1e-ae2b00350f94/3dd60e81-90f9-4794-ae41-ae2b0131959a/audio.mp3?utm_source=Podcast&in_playlist=961e484b-1dff-48ef-8bdd-ae2b00350fab,The Buck is Back & The Mooch Is on the Loose 08/01/17,"ReadTimeout: HTTPSConnectionPool(host='27123.mc.tritondigital.com', port=443): Read timed out. (read timeout=30)"
1208232103,9e176772335e2000,https://podtrac.com/pts/redirect.mp3/arttrk.com/p/D5CA5/pdst.fm/e/mgln.ai/e/28/claritaspod.com/measure/traffic.omny.fm/d/clips/e73c998e-6e60-432f-8610-ae210140c5b1/3dae0b07-aac0-4154-8c1e-ae2b00350f94/a7f8283b-25c2-4e4d-8993-ae2b013143a9/audio.mp3?utm_source=Podcast&in_playlist=961e484b-1dff-48ef-8bdd-ae2b00350fab,Big Media Gets Schooled on Immigration 08/02/17,"ReadTimeout: HTTPSConnectionPool(host='27113.mc.tritondigital.com', port=443): Read timed out. (read timeout=30)"
1208232103,b9bf93c714120ab1,https://podtrac.com/pts/redirect.mp3/arttrk.com/p/D5CA5/pdst.fm/e/mgln.ai/e/28/claritaspod.com/measure/traffic.omny.fm/d/clips/e73c998e-6e60-432f-8610-ae210140c5b1/3dae0b07-aac0-4154-8c1e-ae2b00350f94/ef37b692-fd84-48e4-bcf1-ae2b0131230b/audio.mp3?utm_source=Podcast&in_playlist=961e484b-1dff-48ef-8bdd-ae2b00350fab,Mega-Leaks from the Deep State 08/03/17,"ReadTimeout: HTTPSConnectionPool(host='27123.mc.tritondigital.com', port=443): Read timed out. (read timeout=30)"
1208232103,9d93d94a19bfa12a,https://podtrac.com/pts/redirect.mp3/arttrk.com/p/D5CA5/pdst.fm/e/mgln.ai/e/28/claritaspod.com/measure/traffic.omny.fm/d/clips/e73c998e-6e60-432f-8610-ae210140c5b1/3dae0b07-aac0-4154-8c1e-ae2b00350f94/2fdcb4c6-43ee-45e1-8a74-ae2b0130e9a8/audio.mp3?utm_source=Podcast&in_playlist=961e484b-1dff-48ef-8bdd-ae2b00350fab,Clinton/Lynch Cover-Up Exposed 08/04/17,"ReadTimeout: HTTPSConnectionPool(host='27103.mc.tritondigital.com', port=443): Read timed out. (read timeout=30)"
1208232103,fa66d325c02a0052,https://podtrac.com/pts/redirect.mp3/arttrk.com/p/D5CA5/pdst.fm/e/mgln.ai/e/28/claritaspod.com/measure/traffic.omny.fm/d/clips/e73c998e-6e60-432f-8610-ae210140c5b1/3dae0b07-aac0-4154-8c1e-ae2b00350f94/a2cbedc5-95e4-4ca1-8ec3-ae2b0130d3f5/audio.mp3?utm_source=Podcast&in_playlist=961e484b-1dff-48ef-8bdd-ae2b00350fab,Trump Fireworks on 200th Day 08/07/17,"ReadTimeout: HTTPSConnectionPool(host='27103.mc.tritondigital.com', port=443): Read timed out. (read timeout=30)"
1208232103,424233c8e07e1f92,https://podtrac.com/pts/redirect.mp3/arttrk.com/p/D5CA5/pdst.fm/e/mgln.ai/e/28/claritaspod.com/measure/traffic.omny.fm/d/clips/e73c998e-6e60-432f-8610-ae210140c5b1/3dae0b07-aac0-4154-8c1e-ae2b00350f94/130db329-4560-40f5-a180-ae2b0130b233/audio.mp3?utm_source=Podcast&in_playlist=961e484b-1dff-48ef-8bdd-ae2b00350fab,Fire and Fury Against North Korea 08/08/17,"ReadTimeout: HTTPSConnectionPool(host='27103.mc.tritondigital.com', port=443): Read timed out. (read timeout=30)"
1208232103,1cf3ef8f64917a5e,https://podtrac.com/pts/redirect.mp3/arttrk.com/p/D5CA5/pdst.fm/e/mgln.ai/e/28/claritaspod.com/measure/traffic.omny.fm/d/clips/e73c998e-6e60-432f-8610-ae210140c5b1/3dae0b07-aac0-4154-8c1e-ae2b00350f94/4341218c-9ab0-4eb6-be3d-ae2b01305d31/audio.mp3?utm_source=Podcast&in_playlist=961e484b-1dff-48ef-8bdd-ae2b00350fab,Wargaming a Nuclear North Korea 08/09/17,"ReadTimeout: HTTPSConnectionPool(host='27073.mc.tritondigital.com', port=443): Read timed out. (read timeout=30)"
1208232103,c339c5d2e3dacd5f,https://podtrac.com/pts/redirect.mp3/arttrk.com/p/D5CA5/pdst.fm/e/mgln.ai/e/28/claritaspod.com/measure/traffic.omny.fm/d/clips/e73c998e-6e60-432f-8610-ae210140c5b1/3dae0b07-aac0-4154-8c1e-ae2b00350f94/55a6d3c9-e218-472f-b7a8-ae2b01304f32/audio.mp3?utm_source=Podcast&in_playlist=961e484b-1dff-48ef-8bdd-ae2b00350fab,Trump Brings The Heat,"ReadTimeout: HTTPSConnectionPool(host='27083.mc.tritondigital.com', port=443): Read timed out. (read timeout=30)"
1208232103,ad180a017709144f,https://podtrac.com/pts/redirect.mp3/arttrk.com/p/D5CA5/pdst.fm/e/mgln.ai/e/28/claritaspod.com/measure/traffic.omny.fm/d/clips/e73c998e-6e60-432f-8610-ae210140c5b1/3dae0b07-aac0-4154-8c1e-ae2b00350f94/0e58c09b-e4ec-4dae-9026-ae2b013037b7/audio.mp3?utm_source=Podcast&in_playlist=961e484b-1dff-48ef-8bdd-ae2b00350fab,Big Trouble in North Korea 8/11/17,"ReadTimeout: HTTPSConnectionPool(host='27113.mc.tritondigital.com', port=443): Read timed out. (read timeout=30)"
1208232103,dcb67a05e4287a96,https://podtrac.com/pts/redirect.mp3/arttrk.com/p/D5CA5/pdst.fm/e/mgln.ai/e/28/claritaspod.com/measure/traffic.omny.fm/d/clips/e73c998e-6e60-432f-8610-ae210140c5b1/3dae0b07-aac0-4154-8c1e-ae2b00350f94/31fd2544-82d8-4956-812e-ae2b012fe84d/audio.mp3?utm_source=Podcast&in_playlist=961e484b-1dff-48ef-8bdd-ae2b00350fab,The Bloodshed in Charlottesville,"ReadTimeout: HTTPSConnectionPool(host='27073.mc.tritondigital.com', port=443): Read timed out. (read timeout=30)"
1208232103,5caa47baaf8907d6,https://podtrac.com/pts/redirect.mp3/arttrk.com/p/D5CA5/pdst.fm/e/mgln.ai/e/28/claritaspod.com/measure/traffic.omny.fm/d/clips/e73c998e-6e60-432f-8610-ae210140c5b1/3dae0b07-aac0-4154-8c1e-ae2b00350f94/6a92d65c-0aef-415a-afaf-ae2b012fd0c0/audio.mp3?utm_source=Podcast&in_playlist=961e484b-1dff-48ef-8bdd-ae2b00350fab,Trump’s Tale of Two Sides,"ReadTimeout: HTTPSConnectionPool(host='27093.mc.tritondigital.com', port=443): Read timed out. (read timeout=30)"
1208232103,fbd8b836ffed7cbb,https://podtrac.com/pts/redirect.mp3/arttrk.com/p/D5CA5/pdst.fm/e/mgln.ai/e/28/claritaspod.com/measure/traffic.omny.fm/d/clips/e73c998e-6e60-432f-8610-ae210140c5b1/3dae0b07-aac0-4154-8c1e-ae2b00350f94/68fba82d-458d-4798-acdf-ae2b012fb7b9/audio.mp3?utm_source=Podcast&in_playlist=961e484b-1dff-48ef-8bdd-ae2b00350fab,Antifa are Leftist Heroes,"ReadTimeout: HTTPSConnectionPool(host='27113.mc.tritondigital.com', port=443): Read timed out. (read timeout=30)"
1208232103,1cce46e727491164,https://podtrac.com/pts/redirect.mp3/arttrk.com/p/D5CA5/pdst.fm/e/mgln.ai/e/28/claritaspod.com/measure/traffic.omny.fm/d/clips/e73c998e-6e60-432f-8610-ae210140c5b1/3dae0b07-aac0-4154-8c1e-ae2b00350f94/5dbc0f44-110a-4fb1-a963-ae2b012f6051/audio.mp3?utm_source=Podcast&in_playlist=961e484b-1dff-48ef-8bdd-ae2b00350fab,Terror In Barcelona,"ReadTimeout: HTTPSConnectionPool(host='27103.mc.tritondigital.com', port=443): Read timed out. (read timeout=30)"
1208232103,b2da994eff7c54b7,https://podtrac.com/pts/redirect.mp3/arttrk.com/p/D5CA5/pdst.fm/e/mgln.ai/e/28/claritaspod.com/measure/traffic.omny.fm/d/clips/e73c998e-6e60-432f-8610-ae210140c5b1/3dae0b07-aac0-4154-8c1e-ae2b00350f94/d4fe15a1-5896-4101-8b97-ae2b012f4e85/audio.mp3?utm_source=Podcast&in_playlist=961e484b-1dff-48ef-8bdd-ae2b00350fab,Bannon Gets Bounced,"ReadTimeout: HTTPSConnectionPool(host='27083.mc.tritondigital.com', port=443): Read timed out. (read timeout=30)"
1208232103,878eb323ae396476,https://podtrac.com/pts/redirect.mp3/arttrk.com/p/D5CA5/pdst.fm/e/mgln.ai/e/28/claritaspod.com/measure/traffic.omny.fm/d/clips/e73c998e-6e60-432f-8610-ae210140c5b1/3dae0b07-aac0-4154-8c1e-ae2b00350f94/9feb53b8-198c-4827-80a1-ae2b012f3019/audio.mp3?utm_source=Podcast&in_playlist=961e484b-1dff-48ef-8bdd-ae2b00350fab,The Left's Eclipsing Sanity,"ReadTimeout: HTTPSConnectionPool(host='27113.mc.tritondigital.com', port=443): Read timed out. (read timeout=30)"
1208232103,aeaa972b6fc5fa82,https://podtrac.com/pts/redirect.mp3/arttrk.com/p/D5CA5/pdst.fm/e/mgln.ai/e/28/claritaspod.com/measure/traffic.omny.fm/d/clips/e73c998e-6e60-432f-8610-ae210140c5b1/3dae0b07-aac0-4154-8c1e-ae2b00350f94/845c9d44-2593-46e0-8e46-ae2b012ed1f0/audio.mp3?utm_source=Podcast&in_playlist=961e484b-1dff-48ef-8bdd-ae2b00350fab,Will Trump Win In Afghanistan?,"ReadTimeout: HTTPSConnectionPool(host='27123.mc.tritondigital.com', port=443): Read timed out. (read timeout=30)"
1208232103,01c24ecec6a563b4,https://podtrac.com/pts/redirect.mp3/arttrk.com/p/D5CA5/pdst.fm/e/mgln.ai/e/28/claritaspod.com/measure/traffic.omny.fm/d/clips/e73c998e-6e60-432f-8610-ae210140c5b1/3dae0b07-aac0-4154-8c1e-ae2b00350f94/3530760f-4ccd-4a63-8bdb-ae2b012ecf29/audio.mp3?utm_source=Podcast&in_playlist=961e484b-1dff-48ef-8bdd-ae2b00350fab,The Left's Moral Hysteria,"ReadTimeout: HTTPSConnectionPool(host='27083.mc.tritondigital.com', port=443): Read timed out. (read timeout=30)"
1208232103,dccaffaf2e2e7e3c,https://podtrac.com/pts/redirect.mp3/arttrk.com/p/D5CA5/pdst.fm/e/mgln.ai/e/28/claritaspod.com/measure/traffic.omny.fm/d/clips/e73c998e-6e60-432f-8610-ae210140c5b1/3dae0b07-aac0-4154-8c1e-ae2b00350f94/bd54b970-ba38-4544-a333-ae2b012ebced/audio.mp3?utm_source=Podcast&in_playlist=961e484b-1dff-48ef-8bdd-ae2b00350fab,Tearing Down Columbus,"ReadTimeout: HTTPSConnectionPool(host='27103.mc.tritondigital.com', port=443): Read timed out. (read timeout=30)"
1208232103,1431c127f93d7e97,https://podtrac.com/pts/redirect.mp3/arttrk.com/p/D5CA5/pdst.fm/e/mgln.ai/e/28/claritaspod.com/measure/traffic.omny.fm/d/clips/e73c998e-6e60-432f-8610-ae210140c5b1/3dae0b07-aac0-4154-8c1e-ae2b00350f94/c2c0a003-3e3e-47db-a8bf-ae2b012e5697/audio.mp3?utm_source=Podcast&in_playlist=961e484b-1dff-48ef-8bdd-ae2b00350fab,Let’s Talk About Nazi Punching,"ReadTimeout: HTTPSConnectionPool(host='27113.mc.tritondigital.com', port=443): Read timed out. (read timeout=30)"
1208232103,9fc35f486546893c,https://podtrac.com/pts/redirect.mp3/arttrk.com/p/D5CA5/pdst.fm/e/mgln.ai/e/28/claritaspod.com/measure/traffic.omny.fm/d/clips/e73c998e-6e60-432f-8610-ae210140c5b1/3dae0b07-aac0-4154-8c1e-ae2b00350f94/bbe8e952-6348-4ee9-a04f-ae2b012e3e35/audio.mp3?utm_source=Podcast&in_playlist=961e484b-1dff-48ef-8bdd-ae2b00350fab,Houston Strong,"ReadTimeout: HTTPSConnectionPool(host='27093.mc.tritondigital.com', port=443): Read timed out. (read timeout=30)"
1208232103,bbd8d1917ebaf1b0,https://podtrac.com/pts/redirect.mp3/arttrk.com/p/D5CA5/pdst.fm/e/mgln.ai/e/28/claritaspod.com/measure/traffic.omny.fm/d/clips/e73c998e-6e60-432f-8610-ae210140c5b1/3dae0b07-aac0-4154-8c1e-ae2b00350f94/8cfb5976-2ab7-4382-a244-ae2b012e351f/audio.mp3?utm_source=Podcast&in_playlist=961e484b-1dff-48ef-8bdd-ae2b00350fab,Heroes Emerge from Harvey,"ReadTimeout: HTTPSConnectionPool(host='27093.mc.tritondigital.com', port=443): Read timed out. (read timeout=30)"
1208232103,f78cb3d46e517bf6,https://podtrac.com/pts/redirect.mp3/arttrk.com/p/D5CA5/pdst.fm/e/mgln.ai/e/28/claritaspod.com/measure/traffic.omny.fm/d/clips/e73c998e-6e60-432f-8610-ae210140c5b1/3dae0b07-aac0-4154-8c1e-ae2b00350f94/81c3fc1f-7817-4d7f-8baa-ae2b012de2e0/audio.mp3?utm_source=Podcast&in_playlist=961e484b-1dff-48ef-8bdd-ae2b00350fab,The Left Politicizes Harvey,"ReadTimeout: HTTPSConnectionPool(host='27093.mc.tritondigital.com', port=443): Read timed out. (read timeout=30)"
1208232103,d8773ebccbdff0d2,https://podtrac.com/pts/redirect.mp3/arttrk.com/p/D5CA5/pdst.fm/e/mgln.ai/e/28/claritaspod.com/measure/traffic.omny.fm/d/clips/e73c998e-6e60-432f-8610-ae210140c5b1/3dae0b07-aac0-4154-8c1e-ae2b00350f94/6850be9f-0992-428c-bbc4-ae2b012dcfa0/audio.mp3?utm_source=Podcast&in_playlist=961e484b-1dff-48ef-8bdd-ae2b00350fab,Cajun Heroes & Climate Change Zeroes,"ReadTimeout: HTTPSConnectionPool(host='27073.mc.tritondigital.com', port=443): Read timed out. (read timeout=30)"
1208232103,39fd5156573ddcfa,https://podtrac.com/pts/redirect.mp3/arttrk.com/p/D5CA5/pdst.fm/e/mgln.ai/e/28/claritaspod.com/measure/traffic.omny.fm/d/clips/e73c998e-6e60-432f-8610-ae210140c5b1/3dae0b07-aac0-4154-8c1e-ae2b00350f94/c4e59fa6-daec-4dec-b7df-ae2b012d76cd/audio.mp3?utm_source=Podcast&in_playlist=961e484b-1dff-48ef-8bdd-ae2b00350fab,Antifa are the Dems' Militant Wing,"ReadTimeout: HTTPSConnectionPool(host='27113.mc.tritondigital.com', port=443): Read timed out. (read timeout=30)"
1208232103,7f7c9b1e6471bfd4,https://podtrac.com/pts/redirect.mp3/arttrk.com/p/D5CA5/pdst.fm/e/mgln.ai/e/28/claritaspod.com/measure/traffic.omny.fm/d/clips/e73c998e-6e60-432f-8610-ae210140c5b1/3dae0b07-aac0-4154-8c1e-ae2b00350f94/da6d0e80-0053-44a6-9862-ae2b012d6816/audio.mp3?utm_source=Podcast&in_playlist=961e484b-1dff-48ef-8bdd-ae2b00350fab,Trump Dumps DACA,"ReadTimeout: HTTPSConnectionPool(host='27113.mc.tritondigital.com', port=443): Read timed out. (read timeout=30)"
1208232103,b9e8e922434562b5,https://podtrac.com/pts/redirect.mp3/arttrk.com/p/D5CA5/pdst.fm/e/mgln.ai/e/28/claritaspod.com/measure/traffic.omny.fm/d/clips/e73c998e-6e60-432f-8610-ae210140c5b1/3dae0b07-aac0-4154-8c1e-ae2b00350f94/c5e7f45d-75c8-46a6-b91f-ae2b012d4c15/audio.mp3?utm_source=Podcast&in_playlist=961e484b-1dff-48ef-8bdd-ae2b00350fab,GOP Caves on Debt,"ReadTimeout: HTTPSConnectionPool(host='27083.mc.tritondigital.com', port=443): Read timed out. (read timeout=30)"
1208232103,9a67f4b12430f5cb,https://podtrac.com/pts/redirect.mp3/arttrk.com/p/D5CA5/pdst.fm/e/mgln.ai/e/28/claritaspod.com/measure/traffic.omny.fm/d/clips/e73c998e-6e60-432f-8610-ae210140c5b1/3dae0b07-aac0-4154-8c1e-ae2b00350f94/b19ef83d-c34a-4cb9-bdae-ae2b012cf523/audio.mp3?utm_source=Podcast&in_playlist=961e484b-1dff-48ef-8bdd-ae2b00350fab,Trump Goes Rogue,"ReadTimeout: HTTPSConnectionPool(host='27073.mc.tritondigital.com', port=443): Read timed out. (read timeout=30)"
1208232103,eb4e3940c60c08c2,https://podtrac.com/pts/redirect.mp3/arttrk.com/p/D5CA5/pdst.fm/e/mgln.ai/e/28/claritaspod.com/measure/traffic.omny.fm/d/clips/e73c998e-6e60-432f-8610-ae210140c5b1/3dae0b07-aac0-4154-8c1e-ae2b00350f94/5b7b5af7-cfa2-48ad-b4cf-ae2b012cf392/audio.mp3?utm_source=Podcast&in_playlist=961e484b-1dff-48ef-8bdd-ae2b00350fab,9/11 Global Jihad Sneak Attack,"ReadTimeout: HTTPSConnectionPool(host='27083.mc.tritondigital.com', port=443): Read timed out. (read timeout=30)"
1208232103,ddcbaa42383db087,https://podtrac.com/pts/redirect.mp3/arttrk.com/p/D5CA5/pdst.fm/e/mgln.ai/e/28/claritaspod.com/measure/traffic.omny.fm/d/clips/e73c998e-6e60-432f-8610-ae210140c5b1/3dae0b07-aac0-4154-8c1e-ae2b00350f94/0f183952-f11b-4315-b29b-ae2b012ca0ba/audio.mp3?utm_source=Podcast&in_playlist=961e484b-1dff-48ef-8bdd-ae2b00350fab,Hillary's Excuse Tour:The Complete Guide,"ReadTimeout: HTTPSConnectionPool(host='27073.mc.tritondigital.com', port=443): Read timed out. (read timeout=30)"
1208232103,7add5d2797c33a15,https://podtrac.com/pts/redirect.mp3/arttrk.com/p/D5CA5/pdst.fm/e/mgln.ai/e/28/claritaspod.com/measure/traffic.omny.fm/d/clips/e73c998e-6e60-432f-8610-ae210140c5b1/3dae0b07-aac0-4154-8c1e-ae2b00350f94/ace49f5e-3d83-4f75-9865-ae2b012c5e3b/audio.mp3?utm_source=Podcast&in_playlist=961e484b-1dff-48ef-8bdd-ae2b00350fab,Buck Crushes Delusional Clinton Claims,"ReadTimeout: HTTPSConnectionPool(host='27113.mc.tritondigital.com', port=443): Read timed out. (read timeout=30)"
1208232103,2fc66cb76bf16042,https://podtrac.com/pts/redirect.mp3/arttrk.com/p/D5CA5/pdst.fm/e/mgln.ai/e/28/claritaspod.com/measure/traffic.omny.fm/d/clips/e73c998e-6e60-432f-8610-ae210140c5b1/3dae0b07-aac0-4154-8c1e-ae2b00350f94/2edb8bd1-5f3b-4533-b700-ae2b012c59e9/audio.mp3?utm_source=Podcast&in_playlist=961e484b-1dff-48ef-8bdd-ae2b00350fab,Trump’s DACA Deal,"ReadTimeout: HTTPSConnectionPool(host='27103.mc.tritondigital.com', port=443): Read timed out. (read timeout=30)"
1208232103,80303d8aad470797,https://podtrac.com/pts/redirect.mp3/arttrk.com/p/D5CA5/pdst.fm/e/mgln.ai/e/28/claritaspod.com/measure/traffic.omny.fm/d/clips/e73c998e-6e60-432f-8610-ae210140c5b1/3dae0b07-aac0-4154-8c1e-ae2b00350f94/2c3f17ae-d902-4ff9-a31e-ae2b012bbeec/audio.mp3?utm_source=Podcast&in_playlist=961e484b-1dff-48ef-8bdd-ae2b00350fab,London Under Siege,"ReadTimeout: HTTPSConnectionPool(host='27113.mc.tritondigital.com', port=443): Read timed out. (read timeout=30)"
1208232103,f3a9fb833aab15bf,https://podtrac.com/pts/redirect.mp3/arttrk.com/p/D5CA5/pdst.fm/e/mgln.ai/e/28/claritaspod.com/measure/traffic.omny.fm/d/clips/e73c998e-6e60-432f-8610-ae210140c5b1/3dae0b07-aac0-4154-8c1e-ae2b00350f94/6985495e-f9ff-4ddd-925e-ae2b012bafbf/audio.mp3?utm_source=Podcast&in_playlist=961e484b-1dff-48ef-8bdd-ae2b00350fab,Hillary's Biggest Delusion,"ReadTimeout: HTTPSConnectionPool(host='27083.mc.tritondigital.com', port=443): Read timed out. (read timeout=30)"
1208232103,c66ee78d65b9c3c3,https://podtrac.com/pts/redirect.mp3/arttrk.com/p/D5CA5/pdst.fm/e/mgln.ai/e/28/claritaspod.com/measure/traffic.omny.fm/d/clips/e73c998e-6e60-432f-8610-ae210140c5b1/3dae0b07-aac0-4154-8c1e-ae2b00350f94/f40557ba-5ece-44a2-a6c1-ae2b012ba250/audio.mp3?utm_source=Podcast&in_playlist=961e484b-1dff-48ef-8bdd-ae2b00350fab,Trump Puts the UN on Notice,"ReadTimeout: HTTPSConnectionPool(host='27083.mc.tritondigital.com', port=443): Read timed out. (read timeout=30)"
1208232103,e67ca7ea5470fec5,https://podtrac.com/pts/redirect.mp3/arttrk.com/p/D5CA5/pdst.fm/e/mgln.ai/e/28/claritaspod.com/measure/traffic.omny.fm/d/clips/e73c998e-6e60-432f-8610-ae210140c5b1/3dae0b07-aac0-4154-8c1e-ae2b00350f94/ab3ffd7e-0ea0-4909-a694-ae2b012b208d/audio.mp3?utm_source=Podcast&in_playlist=961e484b-1dff-48ef-8bdd-ae2b00350fab,Hollywood's Health Care Hypocrisy,"ReadTimeout: HTTPSConnectionPool(host='27103.mc.tritondigital.com', port=443): Read timed out. (read timeout=30)"
1208232103,2fcdfc79fd8727f7,https://podtrac.com/pts/redirect.mp3/arttrk.com/p/D5CA5/pdst.fm/e/mgln.ai/e/28/claritaspod.com/measure/traffic.omny.fm/d/clips/e73c998e-6e60-432f-8610-ae210140c5b1/3dae0b07-aac0-4154-8c1e-ae2b00350f94/bfa87724-0502-4659-8709-ae2b012b1970/audio.mp3?utm_source=Podcast&in_playlist=961e484b-1dff-48ef-8bdd-ae2b00350fab,Media Hates Trump More Than Kim Jong Un,"ReadTimeout: HTTPSConnectionPool(host='27103.mc.tritondigital.com', port=443): Read timed out. (read timeout=30)"
1208232103,5f052cafbfc84856,https://podtrac.com/pts/redirect.mp3/arttrk.com/p/D5CA5/pdst.fm/e/mgln.ai/e/28/claritaspod.com/measure/traffic.omny.fm/d/clips/e73c998e-6e60-432f-8610-ae210140c5b1/3dae0b07-aac0-4154-8c1e-ae2b00350f94/7cb3fd8e-c9a0-4734-ae60-ae2b012aea4c/audio.mp3?utm_source=Podcast&in_playlist=961e484b-1dff-48ef-8bdd-ae2b00350fab,Here's Why Republicans Lose,"ReadTimeout: HTTPSConnectionPool(host='27123.mc.tritondigital.com', port=443): Read timed out. (read timeout=30)"
1208232103,1b00a8910f45449c,https://podtrac.com/pts/redirect.mp3/arttrk.com/p/D5CA5/pdst.fm/e/mgln.ai/e/28/claritaspod.com/measure/traffic.omny.fm/d/clips/e73c998e-6e60-432f-8610-ae210140c5b1/3dae0b07-aac0-4154-8c1e-ae2b00350f94/62013b36-692a-4deb-b977-ae2b012a8177/audio.mp3?utm_source=Podcast&in_playlist=961e484b-1dff-48ef-8bdd-ae2b00350fab,The Pittsburgh Patriot,"ReadTimeout: HTTPSConnectionPool(host='27103.mc.tritondigital.com', port=443): Read timed out. (read timeout=30)"
1208232103,27df7ab529f56530,https://podtrac.com/pts/redirect.mp3/arttrk.com/p/D5CA5/pdst.fm/e/mgln.ai/e/28/claritaspod.com/measure/traffic.omny.fm/d/clips/e73c998e-6e60-432f-8610-ae210140c5b1/3dae0b07-aac0-4154-8c1e-ae2b00350f94/043d502c-37a6-4af2-ac35-ae2b012a6e74/audio.mp3?utm_source=Podcast&in_playlist=961e484b-1dff-48ef-8bdd-ae2b00350fab,Trump Tackles the NFL,"ReadTimeout: HTTPSConnectionPool(host='27113.mc.tritondigital.com', port=443): Read timed out. (read timeout=30)"
1208232103,ba81fda9cfa61666,https://podtrac.com/pts/redirect.mp3/arttrk.com/p/D5CA5/pdst.fm/e/mgln.ai/e/28/claritaspod.com/measure/traffic.omny.fm/d/clips/e73c998e-6e60-432f-8610-ae210140c5b1/3dae0b07-aac0-4154-8c1e-ae2b00350f94/898d2f06-54c5-4dec-986b-ae2b012a60eb/audio.mp3?utm_source=Podcast&in_playlist=961e484b-1dff-48ef-8bdd-ae2b00350fab,Freedom Hut Vegas Style,"ReadTimeout: HTTPSConnectionPool(host='27073.mc.tritondigital.com', port=443): Read timed out. (read timeout=30)"
1208232103,045c7cb4ad1797e2,https://podtrac.com/pts/redirect.mp3/arttrk.com/p/D5CA5/pdst.fm/e/mgln.ai/e/28/claritaspod.com/measure/traffic.omny.fm/d/clips/e73c998e-6e60-432f-8610-ae210140c5b1/3dae0b07-aac0-4154-8c1e-ae2b00350f94/c3597b81-6893-4aa1-949b-ae2b0129e0d6/audio.mp3?utm_source=Podcast&in_playlist=961e484b-1dff-48ef-8bdd-ae2b00350fab,Scalise Stands Tall for Freedom,"ReadTimeout: HTTPSConnectionPool(host='27113.mc.tritondigital.com', port=443): Read timed out. (read timeout=30)"
1208232103,fb1426a86611de5b,https://podtrac.com/pts/redirect.mp3/arttrk.com/p/D5CA5/pdst.fm/e/mgln.ai/e/28/claritaspod.com/measure/traffic.omny.fm/d/clips/e73c998e-6e60-432f-8610-ae210140c5b1/3dae0b07-aac0-4154-8c1e-ae2b00350f94/8bc488fb-933c-43ee-9281-ae2b0129d454/audio.mp3?utm_source=Podcast&in_playlist=961e484b-1dff-48ef-8bdd-ae2b00350fab,Trump Cuts the Price,"ReadTimeout: HTTPSConnectionPool(host='27093.mc.tritondigital.com', port=443): Read timed out. (read timeout=30)"
1208232103,2e24ce4e00563970,https://podtrac.com/pts/redirect.mp3/arttrk.com/p/D5CA5/pdst.fm/e/mgln.ai/e/28/claritaspod.com/measure/traffic.omny.fm/d/clips/e73c998e-6e60-432f-8610-ae210140c5b1/3dae0b07-aac0-4154-8c1e-ae2b00350f94/be5a507a-53cb-497b-a9d2-ae2b0129d3cb/audio.mp3?utm_source=Podcast&in_playlist=961e484b-1dff-48ef-8bdd-ae2b00350fab,Massacre in Mandalay,"ReadTimeout: HTTPSConnectionPool(host='27073.mc.tritondigital.com', port=443): Read timed out. (read timeout=30)"
1208232103,c5b93863150f8df2,https://podtrac.com/pts/redirect.mp3/arttrk.com/p/D5CA5/pdst.fm/e/mgln.ai/e/28/claritaspod.com/measure/traffic.omny.fm/d/clips/e73c998e-6e60-432f-8610-ae210140c5b1/3dae0b07-aac0-4154-8c1e-ae2b00350f94/3a96d229-02ff-4db7-a4ad-ae2b01294d13/audio.mp3?utm_source=Podcast&in_playlist=961e484b-1dff-48ef-8bdd-ae2b00350fab,Media Hacks Push Gun Control,"ReadTimeout: HTTPSConnectionPool(host='27093.mc.tritondigital.com', port=443): Read timed out. (read timeout=30)"
1208232103,3f07a6fd1ac87bdb,https://podtrac.com/pts/redirect.mp3/arttrk.com/p/D5CA5/pdst.fm/e/mgln.ai/e/28/claritaspod.com/measure/traffic.omny.fm/d/clips/e73c998e-6e60-432f-8610-ae210140c5b1/3dae0b07-aac0-4154-8c1e-ae2b00350f94/9f6e3570-95af-4538-b759-ae2b01294944/audio.mp3?utm_source=Podcast&in_playlist=961e484b-1dff-48ef-8bdd-ae2b00350fab,Vegas Mystery Deepens,"ReadTimeout: HTTPSConnectionPool(host='27093.mc.tritondigital.com', port=443): Read timed out. (read timeout=30)"
1208232103,85540a41b23ec32d,https://podtrac.com/pts/redirect.mp3/arttrk.com/p/D5CA5/pdst.fm/e/mgln.ai/e/28/claritaspod.com/measure/traffic.omny.fm/d/clips/e73c998e-6e60-432f-8610-ae210140c5b1/3dae0b07-aac0-4154-8c1e-ae2b00350f94/ba376ecf-05ec-4f95-896c-ae2b0128dc56/audio.mp3?utm_source=Podcast&in_playlist=961e484b-1dff-48ef-8bdd-ae2b00350fab,Ban Bump Fire Stocks?,"ReadTimeout: HTTPSConnectionPool(host='27083.mc.tritondigital.com', port=443): Read timed out. (read timeout=30)"
1208232103,22d7d20029c4e6df,https://podtrac.com/pts/redirect.mp3/arttrk.com/p/D5CA5/pdst.fm/e/mgln.ai/e/28/claritaspod.com/measure/traffic.omny.fm/d/clips/e73c998e-6e60-432f-8610-ae210140c5b1/3dae0b07-aac0-4154-8c1e-ae2b00350f94/52fe1a38-951f-4bb4-8c7e-ae2b0128c5ec/audio.mp3?utm_source=Podcast&in_playlist=961e484b-1dff-48ef-8bdd-ae2b00350fab,The Left's Deafening Silence on Weinstein,"ReadTimeout: HTTPSConnectionPool(host='27083.mc.tritondigital.com', port=443): Read timed out. (read timeout=30)"
1208232103,ecf23b2f8af756e1,https://podtrac.com/pts/redirect.mp3/arttrk.com/p/D5CA5/pdst.fm/e/mgln.ai/e/28/claritaspod.com/measure/traffic.omny.fm/d/clips/e73c998e-6e60-432f-8610-ae210140c5b1/3dae0b07-aac0-4154-8c1e-ae2b00350f94/240bb894-9095-4c39-a05d-ae2b0128bf59/audio.mp3?utm_source=Podcast&in_playlist=961e484b-1dff-48ef-8bdd-ae2b00350fab,Dems Get Trump-Lashed,"ReadTimeout: HTTPSConnectionPool(host='27093.mc.tritondigital.com', port=443): Read timed out. (read timeout=30)"
1208232103,6c072c548a3822cc,https://podtrac.com/pts/redirect.mp3/arttrk.com/p/D5CA5/pdst.fm/e/mgln.ai/e/28/claritaspod.com/measure/traffic.omny.fm/d/clips/e73c998e-6e60-432f-8610-ae210140c5b1/3dae0b07-aac0-4154-8c1e-ae2b00350f94/dac5918a-80c8-4b84-a1b4-ae2b01284ca3/audio.mp3?utm_source=Podcast&in_playlist=961e484b-1dff-48ef-8bdd-ae2b00350fab,Weinstein's War on Women,"ReadTimeout: HTTPSConnectionPool(host='27113.mc.tritondigital.com', port=443): Read timed out. (read timeout=30)"
1208232103,d28482e7ecc41b8a,https://podtrac.com/pts/redirect.mp3/arttrk.com/p/D5CA5/pdst.fm/e/mgln.ai/e/28/claritaspod.com/measure/traffic.omny.fm/d/clips/e73c998e-6e60-432f-8610-ae210140c5b1/3dae0b07-aac0-4154-8c1e-ae2b00350f94/d730d00b-ecc7-4c9c-9944-ae2b01283651/audio.mp3?utm_source=Podcast&in_playlist=961e484b-1dff-48ef-8bdd-ae2b00350fab,Trump Unleashes Fake News Fury,"ReadTimeout: HTTPSConnectionPool(host='27103.mc.tritondigital.com', port=443): Read timed out. (read timeout=30)"
1208232103,c0180a3390c5a859,https://podtrac.com/pts/redirect.mp3/arttrk.com/p/D5CA5/pdst.fm/e/mgln.ai/e/28/claritaspod.com/measure/traffic.omny.fm/d/clips/e73c998e-6e60-432f-8610-ae210140c5b1/3dae0b07-aac0-4154-8c1e-ae2b00350f94/77f71b98-2bb9-4b03-aee5-ae2b01282404/audio.mp3?utm_source=Podcast&in_playlist=961e484b-1dff-48ef-8bdd-ae2b00350fab,Trump's Obamacare Takedown,"ReadTimeout: HTTPSConnectionPool(host='27083.mc.tritondigital.com', port=443): Read timed out. (read timeout=30)"
1208232103,9d9ae363cc64f737,https://podtrac.com/pts/redirect.mp3/arttrk.com/p/D5CA5/pdst.fm/e/mgln.ai/e/28/claritaspod.com/measure/traffic.omny.fm/d/clips/e73c998e-6e60-432f-8610-ae210140c5b1/3dae0b07-aac0-4154-8c1e-ae2b00350f94/ca508b57-f06c-4c9c-9aa3-ae2b0127aade/audio.mp3?utm_source=Podcast&in_playlist=961e484b-1dff-48ef-8bdd-ae2b00350fab,Trump Slaps Down Iran Deal,"ReadTimeout: HTTPSConnectionPool(host='27093.mc.tritondigital.com', port=443): Read timed out. (read timeout=30)"
1208232103,c7f8787ed7468756,https://podtrac.com/pts/redirect.mp3/arttrk.com/p/D5CA5/pdst.fm/e/mgln.ai/e/28/claritaspod.com/measure/traffic.omny.fm/d/clips/e73c998e-6e60-432f-8610-ae210140c5b1/3dae0b07-aac0-4154-8c1e-ae2b00350f94/f74b72cc-5ede-43ed-bab6-ae2b0127a758/audio.mp3?utm_source=Podcast&in_playlist=961e484b-1dff-48ef-8bdd-ae2b00350fab,Trump the Constitutionalist,"ReadTimeout: HTTPSConnectionPool(host='27103.mc.tritondigital.com', port=443): Read timed out. (read timeout=30)"
1208232103,b38055895e19396d,https://podtrac.com/pts/redirect.mp3/arttrk.com/p/D5CA5/pdst.fm/e/mgln.ai/e/28/claritaspod.com/measure/traffic.omny.fm/d/clips/e73c998e-6e60-432f-8610-ae210140c5b1/3dae0b07-aac0-4154-8c1e-ae2b00350f94/25bd94ae-d7de-4c2d-8213-ae2b01279c74/audio.mp3?utm_source=Podcast&in_playlist=961e484b-1dff-48ef-8bdd-ae2b00350fab,Clinton's Russia Red Hand,"ReadTimeout: HTTPSConnectionPool(host='27113.mc.tritondigital.com', port=443): Read timed out. (read timeout=30)"
1208232103,732819ef6a5cc56f,https://podtrac.com/pts/redirect.mp3/arttrk.com/p/D5CA5/pdst.fm/e/mgln.ai/e/28/claritaspod.com/measure/traffic.omny.fm/d/clips/e73c998e-6e60-432f-8610-ae210140c5b1/3dae0b07-aac0-4154-8c1e-ae2b00350f94/dd4f7c0e-3054-45eb-a4cf-ae2b0126f7ff/audio.mp3?utm_source=Podcast&in_playlist=961e484b-1dff-48ef-8bdd-ae2b00350fab,Politicization of Fallen Soldiers,"ReadTimeout: HTTPSConnectionPool(host='27113.mc.tritondigital.com', port=443): Read timed out. (read timeout=30)"
1208232103,7963b6919a3b60da,https://podtrac.com/pts/redirect.mp3/arttrk.com/p/D5CA5/pdst.fm/e/mgln.ai/e/28/claritaspod.com/measure/traffic.omny.fm/d/clips/e73c998e-6e60-432f-8610-ae210140c5b1/3dae0b07-aac0-4154-8c1e-ae2b00350f94/a9f7c477-0451-4855-a082-ae2b0126e72c/audio.mp3?utm_source=Podcast&in_playlist=961e484b-1dff-48ef-8bdd-ae2b00350fab,John Kelly Sets the Record Straight,"ReadTimeout: HTTPSConnectionPool(host='27113.mc.tritondigital.com', port=443): Read timed out. (read timeout=30)"
1208232103,bbf83f2296cbe407,https://podtrac.com/pts/redirect.mp3/arttrk.com/p/D5CA5/pdst.fm/e/mgln.ai/e/28/claritaspod.com/measure/traffic.omny.fm/d/clips/e73c998e-6e60-432f-8610-ae210140c5b1/3dae0b07-aac0-4154-8c1e-ae2b00350f94/1914fd96-c814-4a16-a843-ae2b0126e563/audio.mp3?utm_source=Podcast&in_playlist=961e484b-1dff-48ef-8bdd-ae2b00350fab,Nothing is Sacred to the Left,"ReadTimeout: HTTPSConnectionPool(host='27113.mc.tritondigital.com', port=443): Read timed out. (read timeout=30)"
1208232103,2e3b198cbb86a6be,https://podtrac.com/pts/redirect.mp3/arttrk.com/p/D5CA5/pdst.fm/e/mgln.ai/e/28/claritaspod.com/measure/traffic.omny.fm/d/clips/e73c998e-6e60-432f-8610-ae210140c5b1/3dae0b07-aac0-4154-8c1e-ae2b00350f94/f225e8e1-f114-419b-95a1-ae2b01266a0d/audio.mp3?utm_source=Podcast&in_playlist=961e484b-1dff-48ef-8bdd-ae2b00350fab,Clinton's Russia Cash Collusion,"ReadTimeout: HTTPSConnectionPool(host='27113.mc.tritondigital.com', port=443): Read timed out. (read timeout=30)"
1208232103,9e2bc6753f0e2a48,https://podtrac.com/pts/redirect.mp3/arttrk.com/p/D5CA5/pdst.fm/e/mgln.ai/e/28/claritaspod.com/measure/traffic.omny.fm/d/clips/e73c998e-6e60-432f-8610-ae210140c5b1/3dae0b07-aac0-4154-8c1e-ae2b00350f94/5936817f-19eb-448a-a423-ae2b0126659e/audio.mp3?utm_source=Podcast&in_playlist=961e484b-1dff-48ef-8bdd-ae2b00350fab,Clash of Clowns in Congress,"ReadTimeout: HTTPSConnectionPool(host='27093.mc.tritondigital.com', port=443): Read timed out. (read timeout=30)"
1208232103,2b10706c199aaf70,https://podtrac.com/pts/redirect.mp3/arttrk.com/p/D5CA5/pdst.fm/e/mgln.ai/e/28/claritaspod.com/measure/traffic.omny.fm/d/clips/e73c998e-6e60-432f-8610-ae210140c5b1/3dae0b07-aac0-4154-8c1e-ae2b00350f94/19252b18-5ede-4b15-b7fd-ae2b01264f5d/audio.mp3?utm_source=Podcast&in_playlist=961e484b-1dff-48ef-8bdd-ae2b00350fab,Russian Hoax Is Turned Around,"ReadTimeout: HTTPSConnectionPool(host='27093.mc.tritondigital.com', port=443): Read timed out. (read timeout=30)"
1208232103,f60ece3f92c7921b,https://podtrac.com/pts/redirect.mp3/arttrk.com/p/D5CA5/pdst.fm/e/mgln.ai/e/28/claritaspod.com/measure/traffic.omny.fm/d/clips/e73c998e-6e60-432f-8610-ae210140c5b1/3dae0b07-aac0-4154-8c1e-ae2b00350f94/9b4323de-b1b3-4162-a072-ae2b0125f54d/audio.mp3?utm_source=Podcast&in_playlist=961e484b-1dff-48ef-8bdd-ae2b00350fab,DNC's Dirty Dossier,"ReadTimeout: HTTPSConnectionPool(host='27073.mc.tritondigital.com', port=443): Read timed out. (read timeout=30)"
1208232103,9dbd963c525c8fb9,https://podtrac.com/pts/redirect.mp3/arttrk.com/p/D5CA5/pdst.fm/e/mgln.ai/e/28/claritaspod.com/measure/traffic.omny.fm/d/clips/e73c998e-6e60-432f-8610-ae210140c5b1/3dae0b07-aac0-4154-8c1e-ae2b00350f94/0ce0b7f9-1367-4226-99cc-ae2b0125e6d6/audio.mp3?utm_source=Podcast&in_playlist=961e484b-1dff-48ef-8bdd-ae2b00350fab,The Still Secret JFK Files,"ReadTimeout: HTTPSConnectionPool(host='27123.mc.tritondigital.com', port=443): Read timed out. (read timeout=30)"
1208232103,806e51a87a414718,https://podtrac.com/pts/redirect.mp3/arttrk.com/p/D5CA5/pdst.fm/e/mgln.ai/e/28/claritaspod.com/measure/traffic.omny.fm/d/clips/e73c998e-6e60-432f-8610-ae210140c5b1/3dae0b07-aac0-4154-8c1e-ae2b00350f94/d5eae7c7-18b0-4795-a6ea-ae2b0125ce46/audio.mp3?utm_source=Podcast&in_playlist=961e484b-1dff-48ef-8bdd-ae2b00350fab,Manafort Gets Muellered,"ReadTimeout: HTTPSConnectionPool(host='27093.mc.tritondigital.com', port=443): Read timed out. (read timeout=30)"
1208232103,767ad8e7ed91dde0,https://podtrac.com/pts/redirect.mp3/arttrk.com/p/D5CA5/pdst.fm/e/mgln.ai/e/28/claritaspod.com/measure/traffic.omny.fm/d/clips/e73c998e-6e60-432f-8610-ae210140c5b1/3dae0b07-aac0-4154-8c1e-ae2b00350f94/38ca1e4a-8316-473d-8ce4-ae2b01254f4a/audio.mp3?utm_source=Podcast&in_playlist=961e484b-1dff-48ef-8bdd-ae2b00350fab,Terror in New York City,"ReadTimeout: HTTPSConnectionPool(host='27103.mc.tritondigital.com', port=443): Read timed out. (read timeout=30)"
1208232103,7f62ad20da46bca2,https://podtrac.com/pts/redirect.mp3/arttrk.com/p/D5CA5/pdst.fm/e/mgln.ai/e/28/claritaspod.com/measure/traffic.omny.fm/d/clips/e73c998e-6e60-432f-8610-ae210140c5b1/3dae0b07-aac0-4154-8c1e-ae2b00350f94/bcb829ed-6b09-447e-bb71-ae2b012549ec/audio.mp3?utm_source=Podcast&in_playlist=961e484b-1dff-48ef-8bdd-ae2b00350fab,Trump Fights Terror,"ReadTimeout: HTTPSConnectionPool(host='27113.mc.tritondigital.com', port=443): Read timed out. (read timeout=30)"
1208232103,56e78c7f05c2ef92,https://podtrac.com/pts/redirect.mp3/arttrk.com/p/D5CA5/pdst.fm/e/mgln.ai/e/28/claritaspod.com/measure/traffic.omny.fm/d/clips/e73c998e-6e60-432f-8610-ae210140c5b1/3dae0b07-aac0-4154-8c1e-ae2b00350f94/a4b6b6e0-207b-40a6-bafc-ae2b01253441/audio.mp3?utm_source=Podcast&in_playlist=961e484b-1dff-48ef-8bdd-ae2b00350fab,Bombshell: Democrats Rigged the Election,"ReadTimeout: HTTPSConnectionPool(host='27103.mc.tritondigital.com', port=443): Read timed out. (read timeout=30)"
1208232103,ecab1814e77de6ec,https://podtrac.com/pts/redirect.mp3/arttrk.com/p/D5CA5/pdst.fm/e/mgln.ai/e/28/claritaspod.com/measure/traffic.omny.fm/d/clips/e73c998e-6e60-432f-8610-ae210140c5b1/3dae0b07-aac0-4154-8c1e-ae2b00350f94/117fc2e2-7d1c-49d9-8979-ae2b0124bcf4/audio.mp3?utm_source=Podcast&in_playlist=961e484b-1dff-48ef-8bdd-ae2b00350fab,Bowe Bergdahl Walks,"ReadTimeout: HTTPSConnectionPool(host='27093.mc.tritondigital.com', port=443): Read timed out. (read timeout=30)"
1208232103,ec2b2c37c7e9b12f,https://podtrac.com/pts/redirect.mp3/arttrk.com/p/D5CA5/pdst.fm/e/mgln.ai/e/28/claritaspod.com/measure/traffic.omny.fm/d/clips/e73c998e-6e60-432f-8610-ae210140c5b1/3dae0b07-aac0-4154-8c1e-ae2b00350f94/97ef5d39-eaea-46c1-a4fc-ae2b0124aa6f/audio.mp3?utm_source=Podcast&in_playlist=961e484b-1dff-48ef-8bdd-ae2b00350fab,Tragedy Strikes Texas,"ReadTimeout: HTTPSConnectionPool(host='27123.mc.tritondigital.com', port=443): Read timed out. (read timeout=30)"
1208232103,fc9ae6ffa6046f9d,https://podtrac.com/pts/redirect.mp3/arttrk.com/p/D5CA5/pdst.fm/e/mgln.ai/e/28/claritaspod.com/measure/traffic.omny.fm/d/clips/e73c998e-6e60-432f-8610-ae210140c5b1/3dae0b07-aac0-4154-8c1e-ae2b00350f94/ab16f5a7-f937-4ce5-a3d3-ae2b01249dd4/audio.mp3?utm_source=Podcast&in_playlist=961e484b-1dff-48ef-8bdd-ae2b00350fab,NRA Hero Saved Texas Lives,"ReadTimeout: HTTPSConnectionPool(host='27123.mc.tritondigital.com', port=443): Read timed out. (read timeout=30)"
1208232103,448a9ec7964f86a2,https://podtrac.com/pts/redirect.mp3/arttrk.com/p/D5CA5/pdst.fm/e/mgln.ai/e/28/claritaspod.com/measure/traffic.omny.fm/d/clips/e73c998e-6e60-432f-8610-ae210140c5b1/3dae0b07-aac0-4154-8c1e-ae2b00350f94/deb3fc5e-12fc-4a50-a83a-ae2b012427c5/audio.mp3?utm_source=Podcast&in_playlist=961e484b-1dff-48ef-8bdd-ae2b00350fab,MAGA Turns One,"ReadTimeout: HTTPSConnectionPool(host='27093.mc.tritondigital.com', port=443): Read timed out. (read timeout=30)"
1208232103,5d6eca6c1bb0b0f9,https://podtrac.com/pts/redirect.mp3/arttrk.com/p/D5CA5/pdst.fm/e/mgln.ai/e/28/claritaspod.com/measure/traffic.omny.fm/d/clips/e73c998e-6e60-432f-8610-ae210140c5b1/3dae0b07-aac0-4154-8c1e-ae2b00350f94/bc18aa47-c61f-4dcd-9ff4-ae2b01241d99/audio.mp3?utm_source=Podcast&in_playlist=961e484b-1dff-48ef-8bdd-ae2b00350fab,More Sexual Assault Bombshells Drop,"ReadTimeout: HTTPSConnectionPool(host='27093.mc.tritondigital.com', port=443): Read timed out. (read timeout=30)"
1208232103,690429f54c9a9859,https://podtrac.com/pts/redirect.mp3/arttrk.com/p/D5CA5/pdst.fm/e/mgln.ai/e/28/claritaspod.com/measure/traffic.omny.fm/d/clips/e73c998e-6e60-432f-8610-ae210140c5b1/3dae0b07-aac0-4154-8c1e-ae2b00350f94/927431e4-d458-4c32-bcc2-ae2b012417bc/audio.mp3?utm_source=Podcast&in_playlist=961e484b-1dff-48ef-8bdd-ae2b00350fab,More Moore Allegations,"ReadTimeout: HTTPSConnectionPool(host='27113.mc.tritondigital.com', port=443): Read timed out. (read timeout=30)"
1208232103,42e30ac3025cd165,https://podtrac.com/pts/redirect.mp3/arttrk.com/p/D5CA5/pdst.fm/e/mgln.ai/e/28/claritaspod.com/measure/traffic.omny.fm/d/clips/e73c998e-6e60-432f-8610-ae210140c5b1/3dae0b07-aac0-4154-8c1e-ae2b00350f94/f39e136c-ad6e-405d-abf7-ae2b0123a463/audio.mp3?utm_source=Podcast&in_playlist=961e484b-1dff-48ef-8bdd-ae2b00350fab,Purge of the Perverts,"ReadTimeout: HTTPSConnectionPool(host='27093.mc.tritondigital.com', port=443): Read timed out. (read timeout=30)"
1208232103,b961e6087f030f4a,https://podtrac.com/pts/redirect.mp3/arttrk.com/p/D5CA5/pdst.fm/e/mgln.ai/e/28/claritaspod.com/measure/traffic.omny.fm/d/clips/e73c998e-6e60-432f-8610-ae210140c5b1/3dae0b07-aac0-4154-8c1e-ae2b00350f94/6e135388-ba7f-4a6f-9241-ae2b01239679/audio.mp3?utm_source=Podcast&in_playlist=961e484b-1dff-48ef-8bdd-ae2b00350fab,Judge Moore Doubles Down,"ReadTimeout: HTTPSConnectionPool(host='27093.mc.tritondigital.com', port=443): Read timed out. (read timeout=30)"
1208232103,681a13ae5267f4df,https://podtrac.com/pts/redirect.mp3/arttrk.com/p/D5CA5/pdst.fm/e/mgln.ai/e/28/claritaspod.com/measure/traffic.omny.fm/d/clips/e73c998e-6e60-432f-8610-ae210140c5b1/3dae0b07-aac0-4154-8c1e-ae2b00350f94/67bd533b-8d98-45bd-9c7b-ae2b012371e7/audio.mp3?utm_source=Podcast&in_playlist=961e484b-1dff-48ef-8bdd-ae2b00350fab,GOP's Tax Slash,"ReadTimeout: HTTPSConnectionPool(host='27113.mc.tritondigital.com', port=443): Read timed out. (read timeout=30)"
1208232103,c1a67bb2f3ba6b47,https://podtrac.com/pts/redirect.mp3/arttrk.com/p/D5CA5/pdst.fm/e/mgln.ai/e/28/claritaspod.com/measure/traffic.omny.fm/d/clips/e73c998e-6e60-432f-8610-ae210140c5b1/3dae0b07-aac0-4154-8c1e-ae2b00350f94/c9cea1b7-cf78-4ced-9548-ae2b01233514/audio.mp3?utm_source=Podcast&in_playlist=961e484b-1dff-48ef-8bdd-ae2b00350fab,Stump the Buck!,"ReadTimeout: HTTPSConnectionPool(host='27103.mc.tritondigital.com', port=443): Read timed out. (read timeout=30)"
1208232103,5f42982d3fb0c67c,https://podtrac.com/pts/redirect.mp3/arttrk.com/p/D5CA5/pdst.fm/e/mgln.ai/e/28/claritaspod.com/measure/traffic.omny.fm/d/clips/e73c998e-6e60-432f-8610-ae210140c5b1/3dae0b07-aac0-4154-8c1e-ae2b00350f94/ec91978d-e432-4b90-99f4-ae2b01230d93/audio.mp3?utm_source=Podcast&in_playlist=961e484b-1dff-48ef-8bdd-ae2b00350fab,The Clintons Destroyed Political Ethics,"ReadTimeout: HTTPSConnectionPool(host='27123.mc.tritondigital.com', port=443): Read timed out. (read timeout=30)"
1208232103,d0148c153ff11e10,https://podtrac.com/pts/redirect.mp3/arttrk.com/p/D5CA5/pdst.fm/e/mgln.ai/e/28/claritaspod.com/measure/traffic.omny.fm/d/clips/e73c998e-6e60-432f-8610-ae210140c5b1/3dae0b07-aac0-4154-8c1e-ae2b00350f94/559e5ce8-4d43-4bcd-9af8-ae2b0122d4fe/audio.mp3?utm_source=Podcast&in_playlist=961e484b-1dff-48ef-8bdd-ae2b00350fab,The Fall of Charlie Rose,"ReadTimeout: HTTPSConnectionPool(host='27113.mc.tritondigital.com', port=443): Read timed out. (read timeout=30)"
1208232103,9a45a4749fcdb1d7,https://podtrac.com/pts/redirect.mp3/arttrk.com/p/D5CA5/pdst.fm/e/mgln.ai/e/28/claritaspod.com/measure/traffic.omny.fm/d/clips/e73c998e-6e60-432f-8610-ae210140c5b1/3dae0b07-aac0-4154-8c1e-ae2b00350f94/9ccc3847-d2cb-4fed-97a5-ae2b01228c5c/audio.mp3?utm_source=Podcast&in_playlist=961e484b-1dff-48ef-8bdd-ae2b00350fab,"Forks High, Team Buck!","ReadTimeout: HTTPSConnectionPool(host='27103.mc.tritondigital.com', port=443): Read timed out. (read timeout=30)"
1208232103,149c86ec77e93eda,https://podtrac.com/pts/redirect.mp3/arttrk.com/p/D5CA5/pdst.fm/e/mgln.ai/e/28/claritaspod.com/measure/traffic.omny.fm/d/clips/e73c998e-6e60-432f-8610-ae210140c5b1/3dae0b07-aac0-4154-8c1e-ae2b00350f94/d3585258-adcc-4ab5-85ae-ae2b0122750b/audio.mp3?utm_source=Podcast&in_playlist=961e484b-1dff-48ef-8bdd-ae2b00350fab,Pelosi's Icon Double Standard,"ReadTimeout: HTTPSConnectionPool(host='27073.mc.tritondigital.com', port=443): Read timed out. (read timeout=30)"
1208232103,57ee3de945d8cb0e,https://podtrac.com/pts/redirect.mp3/arttrk.com/p/D5CA5/pdst.fm/e/mgln.ai/e/28/claritaspod.com/measure/traffic.omny.fm/d/clips/e73c998e-6e60-432f-8610-ae210140c5b1/3dae0b07-aac0-4154-8c1e-ae2b00350f94/21ee728d-8314-4e5c-ab77-ae2b01223f4a/audio.mp3?utm_source=Podcast&in_playlist=961e484b-1dff-48ef-8bdd-ae2b00350fab,NOKO's Most Powerful Missile Launch Yet,"ReadTimeout: HTTPSConnectionPool(host='27103.mc.tritondigital.com', port=443): Read timed out. (read timeout=30)"
1208232103,0f933f26ec18cdb4,https://podtrac.com/pts/redirect.mp3/arttrk.com/p/D5CA5/pdst.fm/e/mgln.ai/e/28/claritaspod.com/measure/traffic.omny.fm/d/clips/e73c998e-6e60-432f-8610-ae210140c5b1/3dae0b07-aac0-4154-8c1e-ae2b00350f94/407c138a-d527-4080-8b5d-ae2b0121fafe/audio.mp3?utm_source=Podcast&in_playlist=961e484b-1dff-48ef-8bdd-ae2b00350fab,Matt Lauer is Toast,"ReadTimeout: HTTPSConnectionPool(host='27073.mc.tritondigital.com', port=443): Read timed out. (read timeout=30)"
1208232103,e5174ac16f8f1c9e,https://podtrac.com/pts/redirect.mp3/arttrk.com/p/D5CA5/pdst.fm/e/mgln.ai/e/28/claritaspod.com/measure/traffic.omny.fm/d/clips/e73c998e-6e60-432f-8610-ae210140c5b1/3dae0b07-aac0-4154-8c1e-ae2b00350f94/181f0745-383d-4145-a2c4-ae2b0121d106/audio.mp3?utm_source=Podcast&in_playlist=961e484b-1dff-48ef-8bdd-ae2b00350fab,Dems' Covert War on Women,"ReadTimeout: HTTPSConnectionPool(host='27083.mc.tritondigital.com', port=443): Read timed out. (read timeout=30)"
1208232103,406d7d1133f39965,https://podtrac.com/pts/redirect.mp3/arttrk.com/p/D5CA5/pdst.fm/e/mgln.ai/e/28/claritaspod.com/measure/traffic.omny.fm/d/clips/e73c998e-6e60-432f-8610-ae210140c5b1/3dae0b07-aac0-4154-8c1e-ae2b00350f94/56258d3b-25e3-4dd0-a4c8-ae2b0121ccb6/audio.mp3?utm_source=Podcast&in_playlist=961e484b-1dff-48ef-8bdd-ae2b00350fab,General Flynn Pleads Guilty,"ReadTimeout: HTTPSConnectionPool(host='27093.mc.tritondigital.com', port=443): Read timed out. (read timeout=30)"
1208232103,a36bb78697e48dcc,https://podtrac.com/pts/redirect.mp3/arttrk.com/p/D5CA5/pdst.fm/e/mgln.ai/e/28/claritaspod.com/measure/traffic.omny.fm/d/clips/e73c998e-6e60-432f-8610-ae210140c5b1/3dae0b07-aac0-4154-8c1e-ae2b00350f94/b3bafa69-27f0-4a51-ba5a-ae2b0121811a/audio.mp3?utm_source=Podcast&in_playlist=961e484b-1dff-48ef-8bdd-ae2b00350fab,Trump Calls Out FBI,"ReadTimeout: HTTPSConnectionPool(host='27083.mc.tritondigital.com', port=443): Read timed out. (read timeout=30)"
1208232103,ccc280111976f9a2,https://podtrac.com/pts/redirect.mp3/arttrk.com/p/D5CA5/pdst.fm/e/mgln.ai/e/28/claritaspod.com/measure/traffic.omny.fm/d/clips/e73c998e-6e60-432f-8610-ae210140c5b1/3dae0b07-aac0-4154-8c1e-ae2b00350f94/c03ad353-91c0-47ac-b894-ae2b01214c34/audio.mp3?utm_source=Podcast&in_playlist=961e484b-1dff-48ef-8bdd-ae2b00350fab,The Deep State's War on Trump,"ReadTimeout: HTTPSConnectionPool(host='27093.mc.tritondigital.com', port=443): Read timed out. (read timeout=30)"
1208232103,95fd7352d6ec5254,https://podtrac.com/pts/redirect.mp3/arttrk.com/p/D5CA5/pdst.fm/e/mgln.ai/e/28/claritaspod.com/measure/traffic.omny.fm/d/clips/e73c998e-6e60-432f-8610-ae210140c5b1/3dae0b07-aac0-4154-8c1e-ae2b00350f94/96f514ad-8301-4848-b27f-ae2b01210322/audio.mp3?utm_source=Podcast&in_playlist=961e484b-1dff-48ef-8bdd-ae2b00350fab,Trump's Mideast Power Play,"ReadTimeout: HTTPSConnectionPool(host='27103.mc.tritondigital.com', port=443): Read timed out. (read timeout=30)"
1208232103,b1166587f15a0d49,https://podtrac.com/pts/redirect.mp3/arttrk.com/p/D5CA5/pdst.fm/e/mgln.ai/e/28/claritaspod.com/measure/traffic.omny.fm/d/clips/e73c998e-6e60-432f-8610-ae210140c5b1/3dae0b07-aac0-4154-8c1e-ae2b00350f94/d88b7f0f-45f4-45b0-b824-ae2b0120f85f/audio.mp3?utm_source=Podcast&in_playlist=961e484b-1dff-48ef-8bdd-ae2b00350fab,Dems Sacrifice Franken,"ReadTimeout: HTTPSConnectionPool(host='27093.mc.tritondigital.com', port=443): Read timed out. (read timeout=30)"
1208232103,a1af5183656d3067,https://podtrac.com/pts/redirect.mp3/arttrk.com/p/D5CA5/pdst.fm/e/mgln.ai/e/28/claritaspod.com/measure/traffic.omny.fm/d/clips/e73c998e-6e60-432f-8610-ae210140c5b1/3dae0b07-aac0-4154-8c1e-ae2b00350f94/0363f004-6876-4b1e-a77e-ae2b0120d3e6/audio.mp3?utm_source=Podcast&in_playlist=961e484b-1dff-48ef-8bdd-ae2b00350fab,CNN's Fake News Flub,"ReadTimeout: HTTPSConnectionPool(host='27113.mc.tritondigital.com', port=443): Read timed out. (read timeout=30)"
1208232103,61f99ef10c44bde3,https://podtrac.com/pts/redirect.mp3/arttrk.com/p/D5CA5/pdst.fm/e/mgln.ai/e/28/claritaspod.com/measure/traffic.omny.fm/d/clips/e73c998e-6e60-432f-8610-ae210140c5b1/3dae0b07-aac0-4154-8c1e-ae2b00350f94/1f1be41f-f42b-423e-9ab0-ae2b012064e6/audio.mp3?utm_source=Podcast&in_playlist=961e484b-1dff-48ef-8bdd-ae2b00350fab,Terror in Times Square,"ReadTimeout: HTTPSConnectionPool(host='27123.mc.tritondigital.com', port=443): Read timed out. (read timeout=30)"
1208232103,bf43741ae202d629,https://podtrac.com/pts/redirect.mp3/arttrk.com/p/D5CA5/pdst.fm/e/mgln.ai/e/28/claritaspod.com/measure/traffic.omny.fm/d/clips/e73c998e-6e60-432f-8610-ae210140c5b1/3dae0b07-aac0-4154-8c1e-ae2b00350f94/1383b033-ecc5-4576-972c-ae2b01204deb/audio.mp3?utm_source=Podcast&in_playlist=961e484b-1dff-48ef-8bdd-ae2b00350fab,Conservatives: Cops Can Be Wrong,"ReadTimeout: HTTPSConnectionPool(host='27113.mc.tritondigital.com', port=443): Read timed out. (read timeout=30)"
1208232103,4e1d7219e190cda8,https://podtrac.com/pts/redirect.mp3/arttrk.com/p/D5CA5/pdst.fm/e/mgln.ai/e/28/claritaspod.com/measure/traffic.omny.fm/d/clips/e73c998e-6e60-432f-8610-ae210140c5b1/3dae0b07-aac0-4154-8c1e-ae2b00350f94/20053812-e326-4e25-bbb6-ae2b012047f3/audio.mp3?utm_source=Podcast&in_playlist=961e484b-1dff-48ef-8bdd-ae2b00350fab,Texts from the Deep State,"ReadTimeout: HTTPSConnectionPool(host='27093.mc.tritondigital.com', port=443): Read timed out. (read timeout=30)"
1208232103,b87416baf87474c8,https://podtrac.com/pts/redirect.mp3/arttrk.com/p/D5CA5/pdst.fm/e/mgln.ai/e/28/claritaspod.com/measure/traffic.omny.fm/d/clips/e73c998e-6e60-432f-8610-ae210140c5b1/3dae0b07-aac0-4154-8c1e-ae2b00350f94/ab3ddc16-5bb2-4bd4-ab71-ae2b011fe644/audio.mp3?utm_source=Podcast&in_playlist=961e484b-1dff-48ef-8bdd-ae2b00350fab,The Great Comey Cover-Up,"ReadTimeout: HTTPSConnectionPool(host='27113.mc.tritondigital.com', port=443): Read timed out. (read timeout=30)"
1208232103,f9bf4bbb96e11ad4,https://podtrac.com/pts/redirect.mp3/arttrk.com/p/D5CA5/pdst.fm/e/mgln.ai/e/28/claritaspod.com/measure/traffic.omny.fm/d/clips/e73c998e-6e60-432f-8610-ae210140c5b1/3dae0b07-aac0-4154-8c1e-ae2b00350f94/34ff4a67-ff55-48a2-aec3-ae2b011fd390/audio.mp3?utm_source=Podcast&in_playlist=961e484b-1dff-48ef-8bdd-ae2b00350fab,The GOP's Tax Triumph,"ReadTimeout: HTTPSConnectionPool(host='27083.mc.tritondigital.com', port=443): Read timed out. (read timeout=30)"
1208232103,b2c515149db833f9,https://podtrac.com/pts/redirect.mp3/arttrk.com/p/D5CA5/pdst.fm/e/mgln.ai/e/28/claritaspod.com/measure/traffic.omny.fm/d/clips/e73c998e-6e60-432f-8610-ae210140c5b1/3dae0b07-aac0-4154-8c1e-ae2b00350f94/ceabbe36-9dac-43bf-ad41-ae2b011fc591/audio.mp3?utm_source=Podcast&in_playlist=961e484b-1dff-48ef-8bdd-ae2b00350fab,The Trump Doctrine,"ReadTimeout: HTTPSConnectionPool(host='27093.mc.tritondigital.com', port=443): Read timed out. (read timeout=30)"
1208232103,3e83051a3dbd4b12,https://podtrac.com/pts/redirect.mp3/arttrk.com/p/D5CA5/pdst.fm/e/mgln.ai/e/28/claritaspod.com/measure/traffic.omny.fm/d/clips/e73c998e-6e60-432f-8610-ae210140c5b1/3dae0b07-aac0-4154-8c1e-ae2b00350f94/d4ea72da-8a77-4f20-a11b-ae2b011f2bac/audio.mp3?utm_source=Podcast&in_playlist=961e484b-1dff-48ef-8bdd-ae2b00350fab,GOP Finally Slashes Taxes,"ReadTimeout: HTTPSConnectionPool(host='27083.mc.tritondigital.com', port=443): Read timed out. (read timeout=30)"
1208232103,4a71470b43c10e21,https://podtrac.com/pts/redirect.mp3/arttrk.com/p/D5CA5/pdst.fm/e/mgln.ai/e/28/claritaspod.com/measure/traffic.omny.fm/d/clips/e73c998e-6e60-432f-8610-ae210140c5b1/3dae0b07-aac0-4154-8c1e-ae2b00350f94/7509ab37-75e9-48c4-9b53-ae2b011f297e/audio.mp3?utm_source=Podcast&in_playlist=961e484b-1dff-48ef-8bdd-ae2b00350fab,Dem Scrooges on Taxes,"ReadTimeout: HTTPSConnectionPool(host='27073.mc.tritondigital.com', port=443): Read timed out. (read timeout=30)"
1208232103,ea3456c6d58b6b35,https://podtrac.com/pts/redirect.mp3/arttrk.com/p/D5CA5/pdst.fm/e/mgln.ai/e/28/claritaspod.com/measure/traffic.omny.fm/d/clips/e73c998e-6e60-432f-8610-ae210140c5b1/3dae0b07-aac0-4154-8c1e-ae2b00350f94/1e5cc28f-780c-4c94-a430-ae2b011f18c0/audio.mp3?utm_source=Podcast&in_playlist=961e484b-1dff-48ef-8bdd-ae2b00350fab,The Nikki Haley Smackdown,"ReadTimeout: HTTPSConnectionPool(host='27083.mc.tritondigital.com', port=443): Read timed out. (read timeout=30)"
1208232103,70e2fbe625c14ad2,https://podtrac.com/pts/redirect.mp3/arttrk.com/p/D5CA5/pdst.fm/e/mgln.ai/e/28/claritaspod.com/measure/traffic.omny.fm/d/clips/e73c998e-6e60-432f-8610-ae210140c5b1/3dae0b07-aac0-4154-8c1e-ae2b00350f94/d71710d9-7b27-44f4-bd5a-ae2b011e929a/audio.mp3?utm_source=Podcast&in_playlist=961e484b-1dff-48ef-8bdd-ae2b00350fab,"Merry Christmas, Team Buck!","ReadTimeout: HTTPSConnectionPool(host='27093.mc.tritondigital.com', port=443): Read timed out. (read timeout=30)"
1208232103,2f316f810eef1659,https://podtrac.com/pts/redirect.mp3/arttrk.com/p/D5CA5/pdst.fm/e/mgln.ai/e/28/claritaspod.com/measure/traffic.omny.fm/d/clips/e73c998e-6e60-432f-8610-ae210140c5b1/3dae0b07-aac0-4154-8c1e-ae2b00350f94/fc114e89-d95a-484f-a341-ae2b0132be95/audio.mp3?utm_source=Podcast&in_playlist=961e484b-1dff-48ef-8bdd-ae2b00350fab,Will Trump Fire Mueller? 07/21/17,"ReadTimeout: HTTPSConnectionPool(host='27093.mc.tritondigital.com', port=443): Read timed out. (read timeout=30)"
1208232103,db1919de21816a58,https://podtrac.com/pts/redirect.mp3/arttrk.com/p/D5CA5/pdst.fm/e/mgln.ai/e/28/claritaspod.com/measure/traffic.omny.fm/d/clips/e73c998e-6e60-432f-8610-ae210140c5b1/3dae0b07-aac0-4154-8c1e-ae2b00350f94/1ec0034c-836b-4812-9369-ae2b01328e2e/audio.mp3?utm_source=Podcast&in_playlist=961e484b-1dff-48ef-8bdd-ae2b00350fab,Obamacare is Death 07/24/17,"ReadTimeout: HTTPSConnectionPool(host='27093.mc.tritondigital.com', port=443): Read timed out. (read timeout=30)"
1208232103,75284361cf398046,https://podtrac.com/pts/redirect.mp3/arttrk.com/p/D5CA5/pdst.fm/e/mgln.ai/e/28/claritaspod.com/measure/traffic.omny.fm/d/clips/e73c998e-6e60-432f-8610-ae210140c5b1/3dae0b07-aac0-4154-8c1e-ae2b00350f94/91323d76-3074-4429-8c10-ae2b01320110/audio.mp3?utm_source=Podcast&in_playlist=961e484b-1dff-48ef-8bdd-ae2b00350fab,GOP Health Care Plan B 07/27/17,"ReadTimeout: HTTPSConnectionPool(host='27113.mc.tritondigital.com', port=443): Read timed out. (read timeout=30)"
1208232103,70738fb6c3caac69,https://podtrac.com/pts/redirect.mp3/arttrk.com/p/D5CA5/pdst.fm/e/mgln.ai/e/28/claritaspod.com/measure/traffic.omny.fm/d/clips/e73c998e-6e60-432f-8610-ae210140c5b1/3dae0b07-aac0-4154-8c1e-ae2b00350f94/f1fb5d74-8496-4a52-a7ed-ae2b01324aae/audio.mp3?utm_source=Podcast&in_playlist=961e484b-1dff-48ef-8bdd-ae2b00350fab,Trump’s Jedi Mind Trick 07/26/17,"ReadTimeout: HTTPSConnectionPool(host='27123.mc.tritondigital.com', port=443): Read timed out. (read timeout=30)"
1208232103,0808ed9c6208804f,https://podtrac.com/pts/redirect.mp3/arttrk.com/p/D5CA5/pdst.fm/e/mgln.ai/e/28/claritaspod.com/measure/traffic.omny.fm/d/clips/e73c998e-6e60-432f-8610-ae210140c5b1/3dae0b07-aac0-4154-8c1e-ae2b00350f94/d3e1dc85-9033-4366-a8ee-ae2b0131c67e/audio.mp3?utm_source=Podcast&in_playlist=961e484b-1dff-48ef-8bdd-ae2b00350fab,Biggest GOP Betrayal Yet 07/28/17,"ReadTimeout: HTTPSConnectionPool(host='27123.mc.tritondigital.com', port=443): Read timed out. (read timeout=30)"
1208232103,1127cb653d6b7d74,https://podtrac.com/pts/redirect.mp3/arttrk.com/p/D5CA5/pdst.fm/e/mgln.ai/e/28/claritaspod.com/measure/traffic.omny.fm/d/clips/e73c998e-6e60-432f-8610-ae210140c5b1/3dae0b07-aac0-4154-8c1e-ae2b00350f94/895d2ef2-925e-48ca-b0e6-ae2b0131c4c1/audio.mp3?utm_source=Podcast&in_playlist=961e484b-1dff-48ef-8bdd-ae2b00350fab,Mooch is Out 07/31/17,"ReadTimeout: HTTPSConnectionPool(host='27113.mc.tritondigital.com', port=443): Read timed out. (read timeout=30)"
1208232103,9d93d94a19bfa12a,https://podtrac.com/pts/redirect.mp3/arttrk.com/p/D5CA5/pdst.fm/e/mgln.ai/e/28/claritaspod.com/measure/traffic.omny.fm/d/clips/e73c998e-6e60-432f-8610-ae210140c5b1/3dae0b07-aac0-4154-8c1e-ae2b00350f94/2fdcb4c6-43ee-45e1-8a74-ae2b0130e9a8/audio.mp3?utm_source=Podcast&in_playlist=961e484b-1dff-48ef-8bdd-ae2b00350fab,Clinton/Lynch Cover-Up Exposed 08/04/17,"ReadTimeout: HTTPSConnectionPool(host='27113.mc.tritondigital.com', port=443): Read timed out. (read timeout=30)"
1208232103,dc03f9f738663c9e,https://podtrac.com/pts/redirect.mp3/arttrk.com/p/D5CA5/pdst.fm/e/mgln.ai/e/28/claritaspod.com/measure/traffic.omny.fm/d/clips/e73c998e-6e60-432f-8610-ae210140c5b1/3dae0b07-aac0-4154-8c1e-ae2b00350f94/87dbc1d6-c4dd-462b-8044-ae2b01335681/audio.mp3?utm_source=Podcast&in_playlist=961e484b-1dff-48ef-8bdd-ae2b00350fab,GOP Does Damage Control on Healthcare 07/19/17,"ReadTimeout: HTTPSConnectionPool(host='27073.mc.tritondigital.com', port=443): Read timed out. (read timeout=30)"
1208232103,b9bf93c714120ab1,https://podtrac.com/pts/redirect.mp3/arttrk.com/p/D5CA5/pdst.fm/e/mgln.ai/e/28/claritaspod.com/measure/traffic.omny.fm/d/clips/e73c998e-6e60-432f-8610-ae210140c5b1/3dae0b07-aac0-4154-8c1e-ae2b00350f94/ef37b692-fd84-48e4-bcf1-ae2b0131230b/audio.mp3?utm_source=Podcast&in_playlist=961e484b-1dff-48ef-8bdd-ae2b00350fab,Mega-Leaks from the Deep State 08/03/17,"ReadTimeout: HTTPSConnectionPool(host='27083.mc.tritondigital.com', port=443): Read timed out. (read timeout=30)"
1208232103,9e176772335e2000,https://podtrac.com/pts/redirect.mp3/arttrk.com/p/D5CA5/pdst.fm/e/mgln.ai/e/28/claritaspod.com/measure/traffic.omny.fm/d/clips/e73c998e-6e60-432f-8610-ae210140c5b1/3dae0b07-aac0-4154-8c1e-ae2b00350f94/a7f8283b-25c2-4e4d-8993-ae2b013143a9/audio.mp3?utm_source=Podcast&in_playlist=961e484b-1dff-48ef-8bdd-ae2b00350fab,Big Media Gets Schooled on Immigration 08/02/17,"ReadTimeout: HTTPSConnectionPool(host='27113.mc.tritondigital.com', port=443): Read timed out. (read timeout=30)"
1208232103,b68f60204dc7b02e,https://podtrac.com/pts/redirect.mp3/arttrk.com/p/D5CA5/pdst.fm/e/mgln.ai/e/28/claritaspod.com/measure/traffic.omny.fm/d/clips/e73c998e-6e60-432f-8610-ae210140c5b1/3dae0b07-aac0-4154-8c1e-ae2b00350f94/3dd60e81-90f9-4794-ae41-ae2b0131959a/audio.mp3?utm_source=Podcast&in_playlist=961e484b-1dff-48ef-8bdd-ae2b00350fab,The Buck is Back & The Mooch Is on the Loose 08/01/17,"ReadTimeout: HTTPSConnectionPool(host='27093.mc.tritondigital.com', port=443): Read timed out. (read timeout=30)"
1208232103,a85219e71543c4fd,https://podtrac.com/pts/redirect.mp3/arttrk.com/p/D5CA5/pdst.fm/e/mgln.ai/e/28/claritaspod.com/measure/traffic.omny.fm/d/clips/e73c998e-6e60-432f-8610-ae210140c5b1/3dae0b07-aac0-4154-8c1e-ae2b00350f94/40b7cd83-b1e9-40f5-aabd-ae2b01335e20/audio.mp3?utm_source=Podcast&in_playlist=961e484b-1dff-48ef-8bdd-ae2b00350fab,The GOP’s Health Care Double Cross 07/18/17,"ReadTimeout: HTTPSConnectionPool(host='27113.mc.tritondigital.com', port=443): Read timed out. (read timeout=30)"
1208232103,b6a922202c7d0458,https://podtrac.com/pts/redirect.mp3/arttrk.com/p/D5CA5/pdst.fm/e/mgln.ai/e/28/claritaspod.com/measure/traffic.omny.fm/d/clips/e73c998e-6e60-432f-8610-ae210140c5b1/3dae0b07-aac0-4154-8c1e-ae2b00350f94/47adaef3-7432-42c7-b26e-ae2b0133097f/audio.mp3?utm_source=Podcast&in_playlist=961e484b-1dff-48ef-8bdd-ae2b00350fab,The Left’s Twisted Hierarchy 07/20/17,"ReadTimeout: HTTPSConnectionPool(host='27093.mc.tritondigital.com', port=443): Read timed out. (read timeout=30)"
1208232103,41c45b406cf5e11f,https://podtrac.com/pts/redirect.mp3/arttrk.com/p/D5CA5/pdst.fm/e/mgln.ai/e/28/claritaspod.com/measure/traffic.omny.fm/d/clips/e73c998e-6e60-432f-8610-ae210140c5b1/3dae0b07-aac0-4154-8c1e-ae2b00350f94/cb54b4b0-33d0-4dec-a823-ae2b0133d0f1/audio.mp3?utm_source=Podcast&in_playlist=961e484b-1dff-48ef-8bdd-ae2b00350fab,No Shame: DNC Collusion Exposed 07/14/17,"ReadTimeout: HTTPSConnectionPool(host='27093.mc.tritondigital.com', port=443): Read timed out. (read timeout=30)"
1208232103,96430c38156d3b01,https://podtrac.com/pts/redirect.mp3/arttrk.com/p/D5CA5/pdst.fm/e/mgln.ai/e/28/claritaspod.com/measure/traffic.omny.fm/d/clips/e73c998e-6e60-432f-8610-ae210140c5b1/3dae0b07-aac0-4154-8c1e-ae2b00350f94/96375919-a140-40f7-91cb-ae2b01337ab3/audio.mp3?utm_source=Podcast&in_playlist=961e484b-1dff-48ef-8bdd-ae2b00350fab,Trump Launches ‘Made in America’ Week 07/17/17,"ReadTimeout: HTTPSConnectionPool(host='27093.mc.tritondigital.com', port=443): Read timed out. (read timeout=30)"
1208232103,f6a6ffb551a07b88,https://podtrac.com/pts/redirect.mp3/arttrk.com/p/D5CA5/pdst.fm/e/mgln.ai/e/28/claritaspod.com/measure/traffic.omny.fm/d/clips/e73c998e-6e60-432f-8610-ae210140c5b1/3dae0b07-aac0-4154-8c1e-ae2b00350f94/c6d5affa-3267-42c1-bf7a-ae2b01326da3/audio.mp3?utm_source=Podcast&in_playlist=961e484b-1dff-48ef-8bdd-ae2b00350fab,Repeal and Replace Gets Revived 07/25/17,"ReadTimeout: HTTPSConnectionPool(host='27093.mc.tritondigital.com', port=443): Read timed out. (read timeout=30)"
1208232103,fa66d325c02a0052,https://podtrac.com/pts/redirect.mp3/arttrk.com/p/D5CA5/pdst.fm/e/mgln.ai/e/28/claritaspod.com/measure/traffic.omny.fm/d/clips/e73c998e-6e60-432f-8610-ae210140c5b1/3dae0b07-aac0-4154-8c1e-ae2b00350f94/a2cbedc5-95e4-4ca1-8ec3-ae2b0130d3f5/audio.mp3?utm_source=Podcast&in_playlist=961e484b-1dff-48ef-8bdd-ae2b00350fab,Trump Fireworks on 200th Day 08/07/17,"ReadTimeout: HTTPSConnectionPool(host='27083.mc.tritondigital.com', port=443): Read timed out. (read timeout=30)"
1208232103,424233c8e07e1f92,https://podtrac.com/pts/redirect.mp3/arttrk.com/p/D5CA5/pdst.fm/e/mgln.ai/e/28/claritaspod.com/measure/traffic.omny.fm/d/clips/e73c998e-6e60-432f-8610-ae210140c5b1/3dae0b07-aac0-4154-8c1e-ae2b00350f94/130db329-4560-40f5-a180-ae2b0130b233/audio.mp3?utm_source=Podcast&in_playlist=961e484b-1dff-48ef-8bdd-ae2b00350fab,Fire and Fury Against North Korea 08/08/17,"ReadTimeout: HTTPSConnectionPool(host='27083.mc.tritondigital.com', port=443): Read timed out. (read timeout=30)"
1474001390,b7d2e07ef599d03f,https://c10.patreonusercontent.com/4/patreon-media/p/post/29531522/5e2d2a1b5a394fc49ba6028567050be1/eyJhIjoxLCJpc19hdWRpbyI6MSwicCI6MX0%3D/1.mp3?token-hash=CxBev5DqhWdMXOZ3sooKHw2dSepgmQfxyoXEHCxeLcc%3D&token-time=1784678400,📢SPECIAL REPORT📢 Night Court,HTTP 403
1567204040,2699349267d9ac17,https://traffic.megaphone.fm/SHDI7667178538.mp3?updated=1731596466,The High Profits and Corruption of the Marijuana Industry,HTTP 410
1567204040,2699349267d9ac17,https://traffic.megaphone.fm/SHDI7667178538.mp3?updated=1731596466,The High Profits and Corruption of the Marijuana Industry,HTTP 410
1474001390,b7d2e07ef599d03f,https://c10.patreonusercontent.com/4/patreon-media/p/post/29531522/5e2d2a1b5a394fc49ba6028567050be1/eyJhIjoxLCJpc19hdWRpbyI6MSwicCI6MX0%3D/1.mp3?token-hash=CxBev5DqhWdMXOZ3sooKHw2dSepgmQfxyoXEHCxeLcc%3D&token-time=1784678400,📢SPECIAL REPORT📢 Night Court,HTTP 403
1474001390,2bceac09a26c2dd4,https://c10.patreonusercontent.com/4/patreon-media/p/media/45745113/ad215af498b94b7e9e1abe71757d761b/eyJhIjoxLCJpc19hdWRpbyI6MSwicCI6MX0%3D/1.mp3?token-hash=33PDfdxCW5Q4sUCpSIzYrbmkPVlvqeyFikPwYvnr5Uo%3D&token-time=1784678400,[PREVIEW] Episode 22: Q's Clues,HTTP 403
1474001390,b7d2e07ef599d03f,https://c10.patreonusercontent.com/4/patreon-media/p/post/29531522/5e2d2a1b5a394fc49ba6028567050be1/eyJhIjoxLCJpc19hdWRpbyI6MSwicCI6MX0%3D/1.mp3?token-hash=CxBev5DqhWdMXOZ3sooKHw2dSepgmQfxyoXEHCxeLcc%3D&token-time=1784678400,📢SPECIAL REPORT📢 Night Court,HTTP 403
1567204040,2699349267d9ac17,https://traffic.megaphone.fm/SHDI7667178538.mp3?updated=1731596466,The High Profits and Corruption of the Marijuana Industry,HTTP 410
1474001390,2bceac09a26c2dd4,https://c10.patreonusercontent.com/4/patreon-media/p/media/45745113/ad215af498b94b7e9e1abe71757d761b/eyJhIjoxLCJpc19hdWRpbyI6MSwicCI6MX0%3D/1.mp3?token-hash=33PDfdxCW5Q4sUCpSIzYrbmkPVlvqeyFikPwYvnr5Uo%3D&token-time=1784678400,[PREVIEW] Episode 22: Q's Clues,HTTP 403
1474001390,b7d2e07ef599d03f,https://c10.patreonusercontent.com/4/patreon-media/p/post/29531522/5e2d2a1b5a394fc49ba6028567050be1/eyJhIjoxLCJpc19hdWRpbyI6MSwicCI6MX0%3D/1.mp3?token-hash=CxBev5DqhWdMXOZ3sooKHw2dSepgmQfxyoXEHCxeLcc%3D&token-time=1784678400,📢SPECIAL REPORT📢 Night Court,HTTP 403
1567204040,2699349267d9ac17,https://traffic.megaphone.fm/SHDI7667178538.mp3?updated=1731596466,The High Profits and Corruption of the Marijuana Industry,HTTP 410
1474001390,2bceac09a26c2dd4,https://c10.patreonusercontent.com/4/patreon-media/p/media/45745113/ad215af498b94b7e9e1abe71757d761b/eyJhIjoxLCJpc19hdWRpbyI6MSwicCI6MX0%3D/1.mp3?token-hash=33PDfdxCW5Q4sUCpSIzYrbmkPVlvqeyFikPwYvnr5Uo%3D&token-time=1784678400,[PREVIEW] Episode 22: Q's Clues,HTTP 403
1567204040,220a5391f96ebc36,https://traffic.megaphone.fm/SHDI6244878770.mp3?updated=1731596444,The Ruling Class Failed Afghanistan,HTTP 410
1474001390,b7d2e07ef599d03f,https://c10.patreonusercontent.com/4/patreon-media/p/post/29531522/5e2d2a1b5a394fc49ba6028567050be1/eyJhIjoxLCJpc19hdWRpbyI6MSwicCI6MX0%3D/1.mp3?token-hash=CxBev5DqhWdMXOZ3sooKHw2dSepgmQfxyoXEHCxeLcc%3D&token-time=1784678400,📢SPECIAL REPORT📢 Night Court,HTTP 403
1567204040,220a5391f96ebc36,https://traffic.megaphone.fm/SHDI6244878770.mp3?updated=1731596444,The Ruling Class Failed Afghanistan,HTTP 410
1474001390,2bceac09a26c2dd4,https://c10.patreonusercontent.com/4/patreon-media/p/media/45745113/ad215af498b94b7e9e1abe71757d761b/eyJhIjoxLCJpc19hdWRpbyI6MSwicCI6MX0%3D/1.mp3?token-hash=33PDfdxCW5Q4sUCpSIzYrbmkPVlvqeyFikPwYvnr5Uo%3D&token-time=1784678400,[PREVIEW] Episode 22: Q's Clues,HTTP 403
1567204040,2699349267d9ac17,https://traffic.megaphone.fm/SHDI7667178538.mp3?updated=1731596466,The High Profits and Corruption of the Marijuana Industry,HTTP 410
1474001390,4fb5691c433f570e,https://c10.patreonusercontent.com/4/patreon-media/p/media/58349063/fa0a046b002544cbb46b4934d5b27122/eyJhIjoxLCJpc19hdWRpbyI6MSwicCI6MX0%3D/1.mp3?token-hash=q6zh17O_faV1EDYZ_sz1CDrW6QCxbHnIqaydH4Ixg1k%3D&token-time=1784678400,[PREVIEW] Episode 56: True & A II,HTTP 403
1567204040,cdb535365f9c0093,https://traffic.megaphone.fm/SHDI5944816967.mp3?updated=1731596439,"Corruption, China and Green Energy",HTTP 410
1474001390,2bceac09a26c2dd4,https://c10.patreonusercontent.com/4/patreon-media/p/media/45745113/ad215af498b94b7e9e1abe71757d761b/eyJhIjoxLCJpc19hdWRpbyI6MSwicCI6MX0%3D/1.mp3?token-hash=33PDfdxCW5Q4sUCpSIzYrbmkPVlvqeyFikPwYvnr5Uo%3D&token-time=1784678400,[PREVIEW] Episode 22: Q's Clues,HTTP 403
1567204040,2699349267d9ac17,https://traffic.megaphone.fm/SHDI7667178538.mp3?updated=1731596466,The High Profits and Corruption of the Marijuana Industry,HTTP 410
1474001390,b7d2e07ef599d03f,https://c10.patreonusercontent.com/4/patreon-media/p/post/29531522/5e2d2a1b5a394fc49ba6028567050be1/eyJhIjoxLCJpc19hdWRpbyI6MSwicCI6MX0%3D/1.mp3?token-hash=CxBev5DqhWdMXOZ3sooKHw2dSepgmQfxyoXEHCxeLcc%3D&token-time=1784678400,📢SPECIAL REPORT📢 Night Court,HTTP 403
1567204040,220a5391f96ebc36,https://traffic.megaphone.fm/SHDI6244878770.mp3?updated=1731596444,The Ruling Class Failed Afghanistan,HTTP 410
1474001390,4fb5691c433f570e,https://c10.patreonusercontent.com/4/patreon-media/p/media/58349063/fa0a046b002544cbb46b4934d5b27122/eyJhIjoxLCJpc19hdWRpbyI6MSwicCI6MX0%3D/1.mp3?token-hash=q6zh17O_faV1EDYZ_sz1CDrW6QCxbHnIqaydH4Ixg1k%3D&token-time=1784678400,[PREVIEW] Episode 56: True & A II,HTTP 403
1567204040,cdb535365f9c0093,https://traffic.megaphone.fm/SHDI5944816967.mp3?updated=1731596439,"Corruption, China and Green Energy",HTTP 410
1474001390,2bceac09a26c2dd4,https://c10.patreonusercontent.com/4/patreon-media/p/media/45745113/ad215af498b94b7e9e1abe71757d761b/eyJhIjoxLCJpc19hdWRpbyI6MSwicCI6MX0%3D/1.mp3?token-hash=33PDfdxCW5Q4sUCpSIzYrbmkPVlvqeyFikPwYvnr5Uo%3D&token-time=1784678400,[PREVIEW] Episode 22: Q's Clues,HTTP 403
1567204040,cdb535365f9c0093,https://traffic.megaphone.fm/SHDI5944816967.mp3?updated=1731596439,"Corruption, China and Green Energy",HTTP 410
1474001390,4fb5691c433f570e,https://c10.patreonusercontent.com/4/patreon-media/p/media/58349063/fa0a046b002544cbb46b4934d5b27122/eyJhIjoxLCJpc19hdWRpbyI6MSwicCI6MX0%3D/1.mp3?token-hash=q6zh17O_faV1EDYZ_sz1CDrW6QCxbHnIqaydH4Ixg1k%3D&token-time=1784678400,[PREVIEW] Episode 56: True & A II,HTTP 403
1567204040,2699349267d9ac17,https://traffic.megaphone.fm/SHDI7667178538.mp3?updated=1731596466,The High Profits and Corruption of the Marijuana Industry,HTTP 410
1474001390,b7d2e07ef599d03f,https://c10.patreonusercontent.com/4/patreon-media/p/post/29531522/5e2d2a1b5a394fc49ba6028567050be1/eyJhIjoxLCJpc19hdWRpbyI6MSwicCI6MX0%3D/1.mp3?token-hash=CxBev5DqhWdMXOZ3sooKHw2dSepgmQfxyoXEHCxeLcc%3D&token-time=1784678400,📢SPECIAL REPORT📢 Night Court,HTTP 403
1567204040,220a5391f96ebc36,https://traffic.megaphone.fm/SHDI6244878770.mp3?updated=1731596444,The Ruling Class Failed Afghanistan,HTTP 410
1474001390,9f06d1bba780c7d7,https://c10.patreonusercontent.com/4/patreon-media/p/media/61042173/d04a18c9d9f2490199e6fde2ca3ce05a/eyJhIjoxLCJpc19hdWRpbyI6MSwicCI6MX0%3D/1.mp3?token-hash=TR3VrmyXMGXJODd8w2JKqUqyjRHs6d-FvVvwNWBhAqw%3D&token-time=1784678400,[PREVIEW] Episode 62: London Brawling,HTTP 403
1567204040,56ddacecdb6ae2f1,https://traffic.megaphone.fm/SHDI6641754724.mp3?updated=1731596375,The Growing Power Of The Teachers Union,HTTP 410
1474001390,56d714b8594b7854,https://c10.patreonusercontent.com/4/patreon-media/p/post/40146232/2519c9359f154fdf84d64cce2cfd5ab1/eyJhIjoxLCJpc19hdWRpbyI6MSwicCI6MX0%3D/1.mp3?token-hash=L7bBtm4Z0cvNhioiZYDd56t0M_fQWsl9VgR1slN5A8M%3D&token-time=1784678400,Brace Has Fled,HTTP 403
1567204040,11a8acd3f7e9f668,https://traffic.megaphone.fm/SHDI3013818559.mp3?updated=1731596443,The Elites Attack On Free Speech,HTTP 410
1474001390,2bceac09a26c2dd4,https://c10.patreonusercontent.com/4/patreon-media/p/media/45745113/ad215af498b94b7e9e1abe71757d761b/eyJhIjoxLCJpc19hdWRpbyI6MSwicCI6MX0%3D/1.mp3?token-hash=33PDfdxCW5Q4sUCpSIzYrbmkPVlvqeyFikPwYvnr5Uo%3D&token-time=1784678400,[PREVIEW] Episode 22: Q's Clues,HTTP 403
1567204040,220a5391f96ebc36,https://traffic.megaphone.fm/SHDI6244878770.mp3?updated=1731596444,The Ruling Class Failed Afghanistan,HTTP 410
1474001390,56d714b8594b7854,https://c10.patreonusercontent.com/4/patreon-media/p/post/40146232/2519c9359f154fdf84d64cce2cfd5ab1/eyJhIjoxLCJpc19hdWRpbyI6MSwicCI6MX0%3D/1.mp3?token-hash=L7bBtm4Z0cvNhioiZYDd56t0M_fQWsl9VgR1slN5A8M%3D&token-time=1784678400,Brace Has Fled,HTTP 403
1567204040,2699349267d9ac17,https://traffic.megaphone.fm/SHDI7667178538.mp3?updated=1731596466,The High Profits and Corruption of the Marijuana Industry,HTTP 410
1474001390,b7d2e07ef599d03f,https://c10.patreonusercontent.com/4/patreon-media/p/post/29531522/5e2d2a1b5a394fc49ba6028567050be1/eyJhIjoxLCJpc19hdWRpbyI6MSwicCI6MX0%3D/1.mp3?token-hash=CxBev5DqhWdMXOZ3sooKHw2dSepgmQfxyoXEHCxeLcc%3D&token-time=1784678400,📢SPECIAL REPORT📢 Night Court,HTTP 403
1567204040,cdb535365f9c0093,https://traffic.megaphone.fm/SHDI5944816967.mp3?updated=1731596439,"Corruption, China and Green Energy",HTTP 410
1474001390,4fb5691c433f570e,https://c10.patreonusercontent.com/4/patreon-media/p/media/58349063/fa0a046b002544cbb46b4934d5b27122/eyJhIjoxLCJpc19hdWRpbyI6MSwicCI6MX0%3D/1.mp3?token-hash=q6zh17O_faV1EDYZ_sz1CDrW6QCxbHnIqaydH4Ixg1k%3D&token-time=1784678400,[PREVIEW] Episode 56: True & A II,HTTP 403
1567204040,56ddacecdb6ae2f1,https://traffic.megaphone.fm/SHDI6641754724.mp3?updated=1731596375,The Growing Power Of The Teachers Union,HTTP 410
1474001390,9f06d1bba780c7d7,https://c10.patreonusercontent.com/4/patreon-media/p/media/61042173/d04a18c9d9f2490199e6fde2ca3ce05a/eyJhIjoxLCJpc19hdWRpbyI6MSwicCI6MX0%3D/1.mp3?token-hash=TR3VrmyXMGXJODd8w2JKqUqyjRHs6d-FvVvwNWBhAqw%3D&token-time=1784678400,[PREVIEW] Episode 62: London Brawling,HTTP 403
1567204040,11a8acd3f7e9f668,https://traffic.megaphone.fm/SHDI3013818559.mp3?updated=1731596443,The Elites Attack On Free Speech,HTTP 410
1474001390,56d714b8594b7854,https://c10.patreonusercontent.com/4/patreon-media/p/post/40146232/2519c9359f154fdf84d64cce2cfd5ab1/eyJhIjoxLCJpc19hdWRpbyI6MSwicCI6MX0%3D/1.mp3?token-hash=L7bBtm4Z0cvNhioiZYDd56t0M_fQWsl9VgR1slN5A8M%3D&token-time=1784678400,Brace Has Fled,HTTP 403
1567204040,cdb535365f9c0093,https://traffic.megaphone.fm/SHDI5944816967.mp3?updated=1731596439,"Corruption, China and Green Energy",HTTP 410
1567204040,56ddacecdb6ae2f1,https://traffic.megaphone.fm/SHDI6641754724.mp3?updated=1731596375,The Growing Power Of The Teachers Union,HTTP 410
1567204040,220a5391f96ebc36,https://traffic.megaphone.fm/SHDI6244878770.mp3?updated=1731596444,The Ruling Class Failed Afghanistan,HTTP 410
1567204040,11a8acd3f7e9f668,https://traffic.megaphone.fm/SHDI3013818559.mp3?updated=1731596443,The Elites Attack On Free Speech,HTTP 410
1474001390,2bceac09a26c2dd4,https://c10.patreonusercontent.com/4/patreon-media/p/media/45745113/ad215af498b94b7e9e1abe71757d761b/eyJhIjoxLCJpc19hdWRpbyI6MSwicCI6MX0%3D/1.mp3?token-hash=33PDfdxCW5Q4sUCpSIzYrbmkPVlvqeyFikPwYvnr5Uo%3D&token-time=1784678400,[PREVIEW] Episode 22: Q's Clues,HTTP 403
1567204040,2699349267d9ac17,https://traffic.megaphone.fm/SHDI7667178538.mp3?updated=1731596466,The High Profits and Corruption of the Marijuana Industry,HTTP 410
1474001390,b7d2e07ef599d03f,https://c10.patreonusercontent.com/4/patreon-media/p/post/29531522/5e2d2a1b5a394fc49ba6028567050be1/eyJhIjoxLCJpc19hdWRpbyI6MSwicCI6MX0%3D/1.mp3?token-hash=CxBev5DqhWdMXOZ3sooKHw2dSepgmQfxyoXEHCxeLcc%3D&token-time=1784678400,📢SPECIAL REPORT📢 Night Court,HTTP 403
1567204040,11a8acd3f7e9f668,https://traffic.megaphone.fm/SHDI3013818559.mp3?updated=1731596443,The Elites Attack On Free Speech,HTTP 410
1474001390,4fb5691c433f570e,https://c10.patreonusercontent.com/4/patreon-media/p/media/58349063/fa0a046b002544cbb46b4934d5b27122/eyJhIjoxLCJpc19hdWRpbyI6MSwicCI6MX0%3D/1.mp3?token-hash=q6zh17O_faV1EDYZ_sz1CDrW6QCxbHnIqaydH4Ixg1k%3D&token-time=1784678400,[PREVIEW] Episode 56: True & A II,HTTP 403
1567204040,220a5391f96ebc36,https://traffic.megaphone.fm/SHDI6244878770.mp3?updated=1731596444,The Ruling Class Failed Afghanistan,HTTP 410
1474001390,9f06d1bba780c7d7,https://c10.patreonusercontent.com/4/patreon-media/p/media/61042173/d04a18c9d9f2490199e6fde2ca3ce05a/eyJhIjoxLCJpc19hdWRpbyI6MSwicCI6MX0%3D/1.mp3?token-hash=TR3VrmyXMGXJODd8w2JKqUqyjRHs6d-FvVvwNWBhAqw%3D&token-time=1784678400,[PREVIEW] Episode 62: London Brawling,HTTP 403
1567204040,56ddacecdb6ae2f1,https://traffic.megaphone.fm/SHDI6641754724.mp3?updated=1731596375,The Growing Power Of The Teachers Union,HTTP 410
1474001390,56d714b8594b7854,https://c10.patreonusercontent.com/4/patreon-media/p/post/40146232/2519c9359f154fdf84d64cce2cfd5ab1/eyJhIjoxLCJpc19hdWRpbyI6MSwicCI6MX0%3D/1.mp3?token-hash=L7bBtm4Z0cvNhioiZYDd56t0M_fQWsl9VgR1slN5A8M%3D&token-time=1784678400,Brace Has Fled,HTTP 403
1567204040,cdb535365f9c0093,https://traffic.megaphone.fm/SHDI5944816967.mp3?updated=1731596439,"Corruption, China and Green Energy",HTTP 410
1474001390,2bceac09a26c2dd4,https://c10.patreonusercontent.com/4/patreon-media/p/media/45745113/ad215af498b94b7e9e1abe71757d761b/eyJhIjoxLCJpc19hdWRpbyI6MSwicCI6MX0%3D/1.mp3?token-hash=33PDfdxCW5Q4sUCpSIzYrbmkPVlvqeyFikPwYvnr5Uo%3D&token-time=1784678400,[PREVIEW] Episode 22: Q's Clues,HTTP 403
1567204040,2699349267d9ac17,https://traffic.megaphone.fm/SHDI7667178538.mp3?updated=1731596466,The High Profits and Corruption of the Marijuana Industry,HTTP 410
1474001390,4fb5691c433f570e,https://c10.patreonusercontent.com/4/patreon-media/p/media/58349063/fa0a046b002544cbb46b4934d5b27122/eyJhIjoxLCJpc19hdWRpbyI6MSwicCI6MX0%3D/1.mp3?token-hash=q6zh17O_faV1EDYZ_sz1CDrW6QCxbHnIqaydH4Ixg1k%3D&token-time=1784678400,[PREVIEW] Episode 56: True & A II,HTTP 403
1567204040,56ddacecdb6ae2f1,https://traffic.megaphone.fm/SHDI6641754724.mp3?updated=1731596375,The Growing Power Of The Teachers Union,HTTP 410
1474001390,9f06d1bba780c7d7,https://c10.patreonusercontent.com/4/patreon-media/p/media/61042173/d04a18c9d9f2490199e6fde2ca3ce05a/eyJhIjoxLCJpc19hdWRpbyI6MSwicCI6MX0%3D/1.mp3?token-hash=TR3VrmyXMGXJODd8w2JKqUqyjRHs6d-FvVvwNWBhAqw%3D&token-time=1784678400,[PREVIEW] Episode 62: London Brawling,HTTP 403
1567204040,11a8acd3f7e9f668,https://traffic.megaphone.fm/SHDI3013818559.mp3?updated=1731596443,The Elites Attack On Free Speech,HTTP 410
1474001390,56d714b8594b7854,https://c10.patreonusercontent.com/4/patreon-media/p/post/40146232/2519c9359f154fdf84d64cce2cfd5ab1/eyJhIjoxLCJpc19hdWRpbyI6MSwicCI6MX0%3D/1.mp3?token-hash=L7bBtm4Z0cvNhioiZYDd56t0M_fQWsl9VgR1slN5A8M%3D&token-time=1784678400,Brace Has Fled,HTTP 403
1567204040,220a5391f96ebc36,https://traffic.megaphone.fm/SHDI6244878770.mp3?updated=1731596444,The Ruling Class Failed Afghanistan,HTTP 410
1474001390,b7d2e07ef599d03f,https://c10.patreonusercontent.com/4/patreon-media/p/post/29531522/5e2d2a1b5a394fc49ba6028567050be1/eyJhIjoxLCJpc19hdWRpbyI6MSwicCI6MX0%3D/1.mp3?token-hash=CxBev5DqhWdMXOZ3sooKHw2dSepgmQfxyoXEHCxeLcc%3D&token-time=1784678400,📢SPECIAL REPORT📢 Night Court,HTTP 403
1567204040,cdb535365f9c0093,https://traffic.megaphone.fm/SHDI5944816967.mp3?updated=1731596439,"Corruption, China and Green Energy",HTTP 410
1474001390,67f46d8d759957a0,https://c10.patreonusercontent.com/4/patreon-media/p/post/44059534/590f43a7ecb6482ba98dcf1deb95d8d4/eyJhIjoxLCJpc19hdWRpbyI6MSwicCI6MX0%3D/1.mp3?token-hash=Y0BsVOzYVb3zT85HVxfSyvYkmRFEqS6Ejn2Kf597pIA%3D&token-time=1784678400,Episode 118: To Live And Die In Davos Pt. 1,HTTP 403
1567204040,cdb535365f9c0093,https://traffic.megaphone.fm/SHDI5944816967.mp3?updated=1731596439,"Corruption, China and Green Energy",HTTP 410
1474001390,56d714b8594b7854,https://c10.patreonusercontent.com/4/patreon-media/p/post/40146232/2519c9359f154fdf84d64cce2cfd5ab1/eyJhIjoxLCJpc19hdWRpbyI6MSwicCI6MX0%3D/1.mp3?token-hash=L7bBtm4Z0cvNhioiZYDd56t0M_fQWsl9VgR1slN5A8M%3D&token-time=1784678400,Brace Has Fled,HTTP 403
1567204040,220a5391f96ebc36,https://traffic.megaphone.fm/SHDI6244878770.mp3?updated=1731596444,The Ruling Class Failed Afghanistan,HTTP 410
1474001390,4fb5691c433f570e,https://c10.patreonusercontent.com/4/patreon-media/p/media/58349063/fa0a046b002544cbb46b4934d5b27122/eyJhIjoxLCJpc19hdWRpbyI6MSwicCI6MX0%3D/1.mp3?token-hash=q6zh17O_faV1EDYZ_sz1CDrW6QCxbHnIqaydH4Ixg1k%3D&token-time=1784678400,[PREVIEW] Episode 56: True & A II,HTTP 403
1567204040,11a8acd3f7e9f668,https://traffic.megaphone.fm/SHDI3013818559.mp3?updated=1731596443,The Elites Attack On Free Speech,HTTP 410
1474001390,b7d2e07ef599d03f,https://c10.patreonusercontent.com/4/patreon-media/p/post/29531522/5e2d2a1b5a394fc49ba6028567050be1/eyJhIjoxLCJpc19hdWRpbyI6MSwicCI6MX0%3D/1.mp3?token-hash=CxBev5DqhWdMXOZ3sooKHw2dSepgmQfxyoXEHCxeLcc%3D&token-time=1784678400,📢SPECIAL REPORT📢 Night Court,HTTP 403
1567204040,2699349267d9ac17,https://traffic.megaphone.fm/SHDI7667178538.mp3?updated=1731596466,The High Profits and Corruption of the Marijuana Industry,HTTP 410
1474001390,2bceac09a26c2dd4,https://c10.patreonusercontent.com/4/patreon-media/p/media/45745113/ad215af498b94b7e9e1abe71757d761b/eyJhIjoxLCJpc19hdWRpbyI6MSwicCI6MX0%3D/1.mp3?token-hash=33PDfdxCW5Q4sUCpSIzYrbmkPVlvqeyFikPwYvnr5Uo%3D&token-time=1784678400,[PREVIEW] Episode 22: Q's Clues,HTTP 403
1567204040,56ddacecdb6ae2f1,https://traffic.megaphone.fm/SHDI6641754724.mp3?updated=1731596375,The Growing Power Of The Teachers Union,HTTP 410
1474001390,9f06d1bba780c7d7,https://c10.patreonusercontent.com/4/patreon-media/p/media/61042173/d04a18c9d9f2490199e6fde2ca3ce05a/eyJhIjoxLCJpc19hdWRpbyI6MSwicCI6MX0%3D/1.mp3?token-hash=TR3VrmyXMGXJODd8w2JKqUqyjRHs6d-FvVvwNWBhAqw%3D&token-time=1784678400,[PREVIEW] Episode 62: London Brawling,HTTP 403
1474001390,b7d2e07ef599d03f,https://c10.patreonusercontent.com/4/patreon-media/p/post/29531522/5e2d2a1b5a394fc49ba6028567050be1/eyJhIjoxLCJpc19hdWRpbyI6MSwicCI6MX0%3D/1.mp3?token-hash=CxBev5DqhWdMXOZ3sooKHw2dSepgmQfxyoXEHCxeLcc%3D&token-time=1784678400,📢SPECIAL REPORT📢 Night Court,HTTP 403
1474001390,b7d2e07ef599d03f,https://c10.patreonusercontent.com/4/patreon-media/p/post/29531522/5e2d2a1b5a394fc49ba6028567050be1/eyJhIjoxLCJpc19hdWRpbyI6MSwicCI6MX0%3D/1.mp3?token-hash=CxBev5DqhWdMXOZ3sooKHw2dSepgmQfxyoXEHCxeLcc%3D&token-time=1784678400,📢SPECIAL REPORT📢 Night Court,HTTP 403
1567204040,2699349267d9ac17,https://traffic.megaphone.fm/SHDI7667178538.mp3?updated=1731596466,The High Profits and Corruption of the Marijuana Industry,HTTP 410
1474001390,b7d2e07ef599d03f,https://c10.patreonusercontent.com/4/patreon-media/p/post/29531522/5e2d2a1b5a394fc49ba6028567050be1/eyJhIjoxLCJpc19hdWRpbyI6MSwicCI6MX0%3D/1.mp3?token-hash=CxBev5DqhWdMXOZ3sooKHw2dSepgmQfxyoXEHCxeLcc%3D&token-time=1784678400,📢SPECIAL REPORT📢 Night Court,HTTP 403
1567204040,2699349267d9ac17,https://traffic.megaphone.fm/SHDI7667178538.mp3?updated=1731596466,The High Profits and Corruption of the Marijuana Industry,HTTP 410
1567204040,2699349267d9ac17,https://traffic.megaphone.fm/SHDI7667178538.mp3?updated=1731596466,The High Profits and Corruption of the Marijuana Industry,HTTP 410
1474001390,b7d2e07ef599d03f,https://c10.patreonusercontent.com/4/patreon-media/p/post/29531522/5e2d2a1b5a394fc49ba6028567050be1/eyJhIjoxLCJpc19hdWRpbyI6MSwicCI6MX0%3D/1.mp3?token-hash=CxBev5DqhWdMXOZ3sooKHw2dSepgmQfxyoXEHCxeLcc%3D&token-time=1784678400,📢SPECIAL REPORT📢 Night Court,HTTP 403
1474001390,2bceac09a26c2dd4,https://c10.patreonusercontent.com/4/patreon-media/p/media/45745113/ad215af498b94b7e9e1abe71757d761b/eyJhIjoxLCJpc19hdWRpbyI6MSwicCI6MX0%3D/1.mp3?token-hash=33PDfdxCW5Q4sUCpSIzYrbmkPVlvqeyFikPwYvnr5Uo%3D&token-time=1784678400,[PREVIEW] Episode 22: Q's Clues,HTTP 403
1567204040,220a5391f96ebc36,https://traffic.megaphone.fm/SHDI6244878770.mp3?updated=1731596444,The Ruling Class Failed Afghanistan,HTTP 410
1474001390,4fb5691c433f570e,https://c10.patreonusercontent.com/4/patreon-media/p/media/58349063/fa0a046b002544cbb46b4934d5b27122/eyJhIjoxLCJpc19hdWRpbyI6MSwicCI6MX0%3D/1.mp3?token-hash=q6zh17O_faV1EDYZ_sz1CDrW6QCxbHnIqaydH4Ixg1k%3D&token-time=1784678400,[PREVIEW] Episode 56: True & A II,HTTP 403
1567204040,cdb535365f9c0093,https://traffic.megaphone.fm/SHDI5944816967.mp3?updated=1731596439,"Corruption, China and Green Energy",HTTP 410
1474001390,9f06d1bba780c7d7,https://c10.patreonusercontent.com/4/patreon-media/p/media/61042173/d04a18c9d9f2490199e6fde2ca3ce05a/eyJhIjoxLCJpc19hdWRpbyI6MSwicCI6MX0%3D/1.mp3?token-hash=TR3VrmyXMGXJODd8w2JKqUqyjRHs6d-FvVvwNWBhAqw%3D&token-time=1784678400,[PREVIEW] Episode 62: London Brawling,HTTP 403
1567204040,56ddacecdb6ae2f1,https://traffic.megaphone.fm/SHDI6641754724.mp3?updated=1731596375,The Growing Power Of The Teachers Union,HTTP 410
1474001390,56d714b8594b7854,https://c10.patreonusercontent.com/4/patreon-media/p/post/40146232/2519c9359f154fdf84d64cce2cfd5ab1/eyJhIjoxLCJpc19hdWRpbyI6MSwicCI6MX0%3D/1.mp3?token-hash=L7bBtm4Z0cvNhioiZYDd56t0M_fQWsl9VgR1slN5A8M%3D&token-time=1784678400,Brace Has Fled,HTTP 403
1567204040,11a8acd3f7e9f668,https://traffic.megaphone.fm/SHDI3013818559.mp3?updated=1731596443,The Elites Attack On Free Speech,HTTP 410
1474001390,67f46d8d759957a0,https://c10.patreonusercontent.com/4/patreon-media/p/post/44059534/590f43a7ecb6482ba98dcf1deb95d8d4/eyJhIjoxLCJpc19hdWRpbyI6MSwicCI6MX0%3D/1.mp3?token-hash=Y0BsVOzYVb3zT85HVxfSyvYkmRFEqS6Ejn2Kf597pIA%3D&token-time=1784678400,Episode 118: To Live And Die In Davos Pt. 1,HTTP 403
1567204040,870c002ca5a12224,https://traffic.megaphone.fm/SHDI9789138771.mp3?updated=1731596481,Is Congress Voting Their Way to Wealth?,HTTP 410
1474001390,10cc010da2d6a6a7,https://c10.patreonusercontent.com/4/patreon-media/p/post/46617424/8c31a39e808b48d1a719653595a40a71/eyJhIjoxLCJpc19hdWRpbyI6MSwicCI6MX0%3D/1.mp3?token-hash=-BYYg9D5cyWHS1u2hL6Bz7fIlFv5UDicLvEqaFDtFxk%3D&token-time=1784678400,Episode 132: Norman Finkelstein Pt 2,HTTP 403
1567204040,029c16e295c8ee02,https://traffic.megaphone.fm/SHDI6018488016.mp3?updated=1731596383,Is the Freedom of Speech on the Ballot?,HTTP 410
1474001390,78a3c19a7e69b0aa,https://c10.patreonusercontent.com/4/patreon-media/p/media/110177846/326ca0ed4ced42e6b328e5301f780914/eyJhIjoxLCJpc19hdWRpbyI6MSwicCI6MX0%3D/1.mp3?token-hash=NlTEc5CO5_283ZFNY5VNEoNCg-F7TfYmCP6d49brKKY%3D&token-time=1784678400,[PREVIEW] Episode 164: Which Way MAGA Man?,HTTP 403
1567204040,5fc3298f09cfb451,https://traffic.megaphone.fm/SHDI2502234345.mp3?updated=1731596409,Big Government Keeps Shattering The Debt Ceiling,HTTP 410
1474001390,5019678447d72229,https://c10.patreonusercontent.com/4/patreon-media/p/post/53469205/d7f49825ca174afe9ec947a8c3da8f3c/eyJhIjoxLCJpc19hdWRpbyI6MSwicCI6MX0%3D/1.mp3?token-hash=rF7cdbW_BCpUV1Che_DuCCvI4haygED6_B2BH3pus1o%3D&token-time=1784678400,Episode 167: Church and State,HTTP 403
1567204040,6a2575739027c916,https://traffic.megaphone.fm/SHDI3793748167.mp3?updated=1731596351,Punishing Americans With Good Credit,HTTP 410
1474001390,2bceac09a26c2dd4,https://c10.patreonusercontent.com/4/patreon-media/p/media/45745113/ad215af498b94b7e9e1abe71757d761b/eyJhIjoxLCJpc19hdWRpbyI6MSwicCI6MX0%3D/1.mp3?token-hash=33PDfdxCW5Q4sUCpSIzYrbmkPVlvqeyFikPwYvnr5Uo%3D&token-time=1784678400,[PREVIEW] Episode 22: Q's Clues,HTTP 403
1474001390,67f46d8d759957a0,https://c10.patreonusercontent.com/4/patreon-media/p/post/44059534/590f43a7ecb6482ba98dcf1deb95d8d4/eyJhIjoxLCJpc19hdWRpbyI6MSwicCI6MX0%3D/1.mp3?token-hash=Y0BsVOzYVb3zT85HVxfSyvYkmRFEqS6Ejn2Kf597pIA%3D&token-time=1784678400,Episode 118: To Live And Die In Davos Pt. 1,HTTP 403
1474001390,b7d2e07ef599d03f,https://c10.patreonusercontent.com/4/patreon-media/p/post/29531522/5e2d2a1b5a394fc49ba6028567050be1/eyJhIjoxLCJpc19hdWRpbyI6MSwicCI6MX0%3D/1.mp3?token-hash=CxBev5DqhWdMXOZ3sooKHw2dSepgmQfxyoXEHCxeLcc%3D&token-time=1784678400,📢SPECIAL REPORT📢 Night Court,HTTP 403
1567204040,cdb535365f9c0093,https://traffic.megaphone.fm/SHDI5944816967.mp3?updated=1731596439,"Corruption, China and Green Energy",HTTP 410
1567204040,220a5391f96ebc36,https://traffic.megaphone.fm/SHDI6244878770.mp3?updated=1731596444,The Ruling Class Failed Afghanistan,HTTP 410
1567204040,11a8acd3f7e9f668,https://traffic.megaphone.fm/SHDI3013818559.mp3?updated=1731596443,The Elites Attack On Free Speech,HTTP 410
1474001390,9f06d1bba780c7d7,https://c10.patreonusercontent.com/4/patreon-media/p/media/61042173/d04a18c9d9f2490199e6fde2ca3ce05a/eyJhIjoxLCJpc19hdWRpbyI6MSwicCI6MX0%3D/1.mp3?token-hash=TR3VrmyXMGXJODd8w2JKqUqyjRHs6d-FvVvwNWBhAqw%3D&token-time=1784678400,[PREVIEW] Episode 62: London Brawling,HTTP 403
1567204040,029c16e295c8ee02,https://traffic.megaphone.fm/SHDI6018488016.mp3?updated=1731596383,Is the Freedom of Speech on the Ballot?,HTTP 410
1474001390,56d714b8594b7854,https://c10.patreonusercontent.com/4/patreon-media/p/post/40146232/2519c9359f154fdf84d64cce2cfd5ab1/eyJhIjoxLCJpc19hdWRpbyI6MSwicCI6MX0%3D/1.mp3?token-hash=L7bBtm4Z0cvNhioiZYDd56t0M_fQWsl9VgR1slN5A8M%3D&token-time=1784678400,Brace Has Fled,HTTP 403
1567204040,5fc3298f09cfb451,https://traffic.megaphone.fm/SHDI2502234345.mp3?updated=1731596409,Big Government Keeps Shattering The Debt Ceiling,HTTP 410
1474001390,78a3c19a7e69b0aa,https://c10.patreonusercontent.com/4/patreon-media/p/media/110177846/326ca0ed4ced42e6b328e5301f780914/eyJhIjoxLCJpc19hdWRpbyI6MSwicCI6MX0%3D/1.mp3?token-hash=NlTEc5CO5_283ZFNY5VNEoNCg-F7TfYmCP6d49brKKY%3D&token-time=1784678400,[PREVIEW] Episode 164: Which Way MAGA Man?,HTTP 403
1567204040,56ddacecdb6ae2f1,https://traffic.megaphone.fm/SHDI6641754724.mp3?updated=1731596375,The Growing Power Of The Teachers Union,HTTP 410
1474001390,10cc010da2d6a6a7,https://c10.patreonusercontent.com/4/patreon-media/p/post/46617424/8c31a39e808b48d1a719653595a40a71/eyJhIjoxLCJpc19hdWRpbyI6MSwicCI6MX0%3D/1.mp3?token-hash=-BYYg9D5cyWHS1u2hL6Bz7fIlFv5UDicLvEqaFDtFxk%3D&token-time=1784678400,Episode 132: Norman Finkelstein Pt 2,HTTP 403
1567204040,870c002ca5a12224,https://traffic.megaphone.fm/SHDI9789138771.mp3?updated=1731596481,Is Congress Voting Their Way to Wealth?,HTTP 410
1474001390,4fb5691c433f570e,https://c10.patreonusercontent.com/4/patreon-media/p/media/58349063/fa0a046b002544cbb46b4934d5b27122/eyJhIjoxLCJpc19hdWRpbyI6MSwicCI6MX0%3D/1.mp3?token-hash=q6zh17O_faV1EDYZ_sz1CDrW6QCxbHnIqaydH4Ixg1k%3D&token-time=1784678400,[PREVIEW] Episode 56: True & A II,HTTP 403
1567204040,6a2575739027c916,https://traffic.megaphone.fm/SHDI3793748167.mp3?updated=1731596351,Punishing Americans With Good Credit,HTTP 410
1474001390,5019678447d72229,https://c10.patreonusercontent.com/4/patreon-media/p/post/53469205/d7f49825ca174afe9ec947a8c3da8f3c/eyJhIjoxLCJpc19hdWRpbyI6MSwicCI6MX0%3D/1.mp3?token-hash=rF7cdbW_BCpUV1Che_DuCCvI4haygED6_B2BH3pus1o%3D&token-time=1784678400,Episode 167: Church and State,HTTP 403
1567204040,2699349267d9ac17,https://traffic.megaphone.fm/SHDI7667178538.mp3?updated=1731596466,The High Profits and Corruption of the Marijuana Industry,HTTP 410
1474001390,b7d2e07ef599d03f,https://c10.patreonusercontent.com/4/patreon-media/p/post/29531522/5e2d2a1b5a394fc49ba6028567050be1/eyJhIjoxLCJpc19hdWRpbyI6MSwicCI6MX0%3D/1.mp3?token-hash=CxBev5DqhWdMXOZ3sooKHw2dSepgmQfxyoXEHCxeLcc%3D&token-time=1784678400,📢SPECIAL REPORT📢 Night Court,HTTP 403
1567204040,cdb535365f9c0093,https://traffic.megaphone.fm/SHDI5944816967.mp3?updated=1731596439,"Corruption, China and Green Energy",HTTP 410
1474001390,5019678447d72229,https://c10.patreonusercontent.com/4/patreon-media/p/post/53469205/d7f49825ca174afe9ec947a8c3da8f3c/eyJhIjoxLCJpc19hdWRpbyI6MSwicCI6MX0%3D/1.mp3?token-hash=rF7cdbW_BCpUV1Che_DuCCvI4haygED6_B2BH3pus1o%3D&token-time=1784678400,Episode 167: Church and State,HTTP 403
1567204040,2699349267d9ac17,https://traffic.megaphone.fm/SHDI7667178538.mp3?updated=1731596466,The High Profits and Corruption of the Marijuana Industry,HTTP 410
1474001390,67f46d8d759957a0,https://c10.patreonusercontent.com/4/patreon-media/p/post/44059534/590f43a7ecb6482ba98dcf1deb95d8d4/eyJhIjoxLCJpc19hdWRpbyI6MSwicCI6MX0%3D/1.mp3?token-hash=Y0BsVOzYVb3zT85HVxfSyvYkmRFEqS6Ejn2Kf597pIA%3D&token-time=1784678400,Episode 118: To Live And Die In Davos Pt. 1,HTTP 403
1567204040,870c002ca5a12224,https://traffic.megaphone.fm/SHDI9789138771.mp3?updated=1731596481,Is Congress Voting Their Way to Wealth?,HTTP 410
1474001390,9f06d1bba780c7d7,https://c10.patreonusercontent.com/4/patreon-media/p/media/61042173/d04a18c9d9f2490199e6fde2ca3ce05a/eyJhIjoxLCJpc19hdWRpbyI6MSwicCI6MX0%3D/1.mp3?token-hash=TR3VrmyXMGXJODd8w2JKqUqyjRHs6d-FvVvwNWBhAqw%3D&token-time=1784678400,[PREVIEW] Episode 62: London Brawling,HTTP 403
1567204040,56ddacecdb6ae2f1,https://traffic.megaphone.fm/SHDI6641754724.mp3?updated=1731596375,The Growing Power Of The Teachers Union,HTTP 410
1474001390,2bceac09a26c2dd4,https://c10.patreonusercontent.com/4/patreon-media/p/media/45745113/ad215af498b94b7e9e1abe71757d761b/eyJhIjoxLCJpc19hdWRpbyI6MSwicCI6MX0%3D/1.mp3?token-hash=33PDfdxCW5Q4sUCpSIzYrbmkPVlvqeyFikPwYvnr5Uo%3D&token-time=1784678400,[PREVIEW] Episode 22: Q's Clues,HTTP 403
1567204040,029c16e295c8ee02,https://traffic.megaphone.fm/SHDI6018488016.mp3?updated=1731596383,Is the Freedom of Speech on the Ballot?,HTTP 410
1474001390,56d714b8594b7854,https://c10.patreonusercontent.com/4/patreon-media/p/post/40146232/2519c9359f154fdf84d64cce2cfd5ab1/eyJhIjoxLCJpc19hdWRpbyI6MSwicCI6MX0%3D/1.mp3?token-hash=L7bBtm4Z0cvNhioiZYDd56t0M_fQWsl9VgR1slN5A8M%3D&token-time=1784678400,Brace Has Fled,HTTP 403
1567204040,5fc3298f09cfb451,https://traffic.megaphone.fm/SHDI2502234345.mp3?updated=1731596409,Big Government Keeps Shattering The Debt Ceiling,HTTP 410
1474001390,4fb5691c433f570e,https://c10.patreonusercontent.com/4/patreon-media/p/media/58349063/fa0a046b002544cbb46b4934d5b27122/eyJhIjoxLCJpc19hdWRpbyI6MSwicCI6MX0%3D/1.mp3?token-hash=q6zh17O_faV1EDYZ_sz1CDrW6QCxbHnIqaydH4Ixg1k%3D&token-time=1784678400,[PREVIEW] Episode 56: True & A II,HTTP 403
1567204040,11a8acd3f7e9f668,https://traffic.megaphone.fm/SHDI3013818559.mp3?updated=1731596443,The Elites Attack On Free Speech,HTTP 410
1474001390,78a3c19a7e69b0aa,https://c10.patreonusercontent.com/4/patreon-media/p/media/110177846/326ca0ed4ced42e6b328e5301f780914/eyJhIjoxLCJpc19hdWRpbyI6MSwicCI6MX0%3D/1.mp3?token-hash=NlTEc5CO5_283ZFNY5VNEoNCg-F7TfYmCP6d49brKKY%3D&token-time=1784678400,[PREVIEW] Episode 164: Which Way MAGA Man?,HTTP 403
1567204040,220a5391f96ebc36,https://traffic.megaphone.fm/SHDI6244878770.mp3?updated=1731596444,The Ruling Class Failed Afghanistan,HTTP 410
1474001390,10cc010da2d6a6a7,https://c10.patreonusercontent.com/4/patreon-media/p/post/46617424/8c31a39e808b48d1a719653595a40a71/eyJhIjoxLCJpc19hdWRpbyI6MSwicCI6MX0%3D/1.mp3?token-hash=-BYYg9D5cyWHS1u2hL6Bz7fIlFv5UDicLvEqaFDtFxk%3D&token-time=1784678400,Episode 132: Norman Finkelstein Pt 2,HTTP 403
1567204040,6a2575739027c916,https://traffic.megaphone.fm/SHDI3793748167.mp3?updated=1731596351,Punishing Americans With Good Credit,HTTP 410
1474001390,2bceac09a26c2dd4,https://c10.patreonusercontent.com/4/patreon-media/p/media/45745113/ad215af498b94b7e9e1abe71757d761b/eyJhIjoxLCJpc19hdWRpbyI6MSwicCI6MX0%3D/1.mp3?token-hash=33PDfdxCW5Q4sUCpSIzYrbmkPVlvqeyFikPwYvnr5Uo%3D&token-time=1784678400,[PREVIEW] Episode 22: Q's Clues,HTTP 403
1567204040,cdb535365f9c0093,https://traffic.megaphone.fm/SHDI5944816967.mp3?updated=1731596439,"Corruption, China and Green Energy",HTTP 410
1474001390,9f06d1bba780c7d7,https://c10.patreonusercontent.com/4/patreon-media/p/media/61042173/d04a18c9d9f2490199e6fde2ca3ce05a/eyJhIjoxLCJpc19hdWRpbyI6MSwicCI6MX0%3D/1.mp3?token-hash=TR3VrmyXMGXJODd8w2JKqUqyjRHs6d-FvVvwNWBhAqw%3D&token-time=1784678400,[PREVIEW] Episode 62: London Brawling,HTTP 403
1567204040,2699349267d9ac17,https://traffic.megaphone.fm/SHDI7667178538.mp3?updated=1731596466,The High Profits and Corruption of the Marijuana Industry,HTTP 410
1474001390,b7d2e07ef599d03f,https://c10.patreonusercontent.com/4/patreon-media/p/post/29531522/5e2d2a1b5a394fc49ba6028567050be1/eyJhIjoxLCJpc19hdWRpbyI6MSwicCI6MX0%3D/1.mp3?token-hash=CxBev5DqhWdMXOZ3sooKHw2dSepgmQfxyoXEHCxeLcc%3D&token-time=1784678400,📢SPECIAL REPORT📢 Night Court,HTTP 403
1567204040,56ddacecdb6ae2f1,https://traffic.megaphone.fm/SHDI6641754724.mp3?updated=1731596375,The Growing Power Of The Teachers Union,HTTP 410
1474001390,4fb5691c433f570e,https://c10.patreonusercontent.com/4/patreon-media/p/media/58349063/fa0a046b002544cbb46b4934d5b27122/eyJhIjoxLCJpc19hdWRpbyI6MSwicCI6MX0%3D/1.mp3?token-hash=q6zh17O_faV1EDYZ_sz1CDrW6QCxbHnIqaydH4Ixg1k%3D&token-time=1784678400,[PREVIEW] Episode 56: True & A II,HTTP 403
1567204040,11a8acd3f7e9f668,https://traffic.megaphone.fm/SHDI3013818559.mp3?updated=1731596443,The Elites Attack On Free Speech,HTTP 410
1474001390,56d714b8594b7854,https://c10.patreonusercontent.com/4/patreon-media/p/post/40146232/2519c9359f154fdf84d64cce2cfd5ab1/eyJhIjoxLCJpc19hdWRpbyI6MSwicCI6MX0%3D/1.mp3?token-hash=L7bBtm4Z0cvNhioiZYDd56t0M_fQWsl9VgR1slN5A8M%3D&token-time=1784678400,Brace Has Fled,HTTP 403
1567204040,220a5391f96ebc36,https://traffic.megaphone.fm/SHDI6244878770.mp3?updated=1731596444,The Ruling Class Failed Afghanistan,HTTP 410
1474001390,78a3c19a7e69b0aa,https://c10.patreonusercontent.com/4/patreon-media/p/media/110177846/326ca0ed4ced42e6b328e5301f780914/eyJhIjoxLCJpc19hdWRpbyI6MSwicCI6MX0%3D/1.mp3?token-hash=NlTEc5CO5_283ZFNY5VNEoNCg-F7TfYmCP6d49brKKY%3D&token-time=1784678400,[PREVIEW] Episode 164: Which Way MAGA Man?,HTTP 403
1567204040,870c002ca5a12224,https://traffic.megaphone.fm/SHDI9789138771.mp3?updated=1731596481,Is Congress Voting Their Way to Wealth?,HTTP 410
1474001390,67f46d8d759957a0,https://c10.patreonusercontent.com/4/patreon-media/p/post/44059534/590f43a7ecb6482ba98dcf1deb95d8d4/eyJhIjoxLCJpc19hdWRpbyI6MSwicCI6MX0%3D/1.mp3?token-hash=Y0BsVOzYVb3zT85HVxfSyvYkmRFEqS6Ejn2Kf597pIA%3D&token-time=1784678400,Episode 118: To Live And Die In Davos Pt. 1,HTTP 403
1567204040,029c16e295c8ee02,https://traffic.megaphone.fm/SHDI6018488016.mp3?updated=1731596383,Is the Freedom of Speech on the Ballot?,HTTP 410
1474001390,10cc010da2d6a6a7,https://c10.patreonusercontent.com/4/patreon-media/p/post/46617424/8c31a39e808b48d1a719653595a40a71/eyJhIjoxLCJpc19hdWRpbyI6MSwicCI6MX0%3D/1.mp3?token-hash=-BYYg9D5cyWHS1u2hL6Bz7fIlFv5UDicLvEqaFDtFxk%3D&token-time=1784678400,Episode 132: Norman Finkelstein Pt 2,HTTP 403
1567204040,5fc3298f09cfb451,https://traffic.megaphone.fm/SHDI2502234345.mp3?updated=1731596409,Big Government Keeps Shattering The Debt Ceiling,HTTP 410
1474001390,5019678447d72229,https://c10.patreonusercontent.com/4/patreon-media/p/post/53469205/d7f49825ca174afe9ec947a8c3da8f3c/eyJhIjoxLCJpc19hdWRpbyI6MSwicCI6MX0%3D/1.mp3?token-hash=rF7cdbW_BCpUV1Che_DuCCvI4haygED6_B2BH3pus1o%3D&token-time=1784678400,Episode 167: Church and State,HTTP 403
1567204040,6a2575739027c916,https://traffic.megaphone.fm/SHDI3793748167.mp3?updated=1731596351,Punishing Americans With Good Credit,HTTP 410
1474001390,b7d2e07ef599d03f,https://c10.patreonusercontent.com/4/patreon-media/p/post/29531522/5e2d2a1b5a394fc49ba6028567050be1/eyJhIjoxLCJpc19hdWRpbyI6MSwicCI6MX0%3D/1.mp3?token-hash=CxBev5DqhWdMXOZ3sooKHw2dSepgmQfxyoXEHCxeLcc%3D&token-time=1784678400,📢SPECIAL REPORT📢 Night Court,HTTP 403
1567204040,cdb535365f9c0093,https://traffic.megaphone.fm/SHDI5944816967.mp3?updated=1731596439,"Corruption, China and Green Energy",HTTP 410
1474001390,4fb5691c433f570e,https://c10.patreonusercontent.com/4/patreon-media/p/media/58349063/fa0a046b002544cbb46b4934d5b27122/eyJhIjoxLCJpc19hdWRpbyI6MSwicCI6MX0%3D/1.mp3?token-hash=q6zh17O_faV1EDYZ_sz1CDrW6QCxbHnIqaydH4Ixg1k%3D&token-time=1784678400,[PREVIEW] Episode 56: True & A II,HTTP 403
1567204040,2699349267d9ac17,https://traffic.megaphone.fm/SHDI7667178538.mp3?updated=1731596466,The High Profits and Corruption of the Marijuana Industry,HTTP 410
1474001390,2bceac09a26c2dd4,https://c10.patreonusercontent.com/4/patreon-media/p/media/45745113/ad215af498b94b7e9e1abe71757d761b/eyJhIjoxLCJpc19hdWRpbyI6MSwicCI6MX0%3D/1.mp3?token-hash=33PDfdxCW5Q4sUCpSIzYrbmkPVlvqeyFikPwYvnr5Uo%3D&token-time=1784678400,[PREVIEW] Episode 22: Q's Clues,HTTP 403
1567204040,11a8acd3f7e9f668,https://traffic.megaphone.fm/SHDI3013818559.mp3?updated=1731596443,The Elites Attack On Free Speech,HTTP 410
1474001390,5019678447d72229,https://c10.patreonusercontent.com/4/patreon-media/p/post/53469205/d7f49825ca174afe9ec947a8c3da8f3c/eyJhIjoxLCJpc19hdWRpbyI6MSwicCI6MX0%3D/1.mp3?token-hash=rF7cdbW_BCpUV1Che_DuCCvI4haygED6_B2BH3pus1o%3D&token-time=1784678400,Episode 167: Church and State,HTTP 403
1567204040,56ddacecdb6ae2f1,https://traffic.megaphone.fm/SHDI6641754724.mp3?updated=1731596375,The Growing Power Of The Teachers Union,HTTP 410
1474001390,78a3c19a7e69b0aa,https://c10.patreonusercontent.com/4/patreon-media/p/media/110177846/326ca0ed4ced42e6b328e5301f780914/eyJhIjoxLCJpc19hdWRpbyI6MSwicCI6MX0%3D/1.mp3?token-hash=NlTEc5CO5_283ZFNY5VNEoNCg-F7TfYmCP6d49brKKY%3D&token-time=1784678400,[PREVIEW] Episode 164: Which Way MAGA Man?,HTTP 403
1567204040,029c16e295c8ee02,https://traffic.megaphone.fm/SHDI6018488016.mp3?updated=1731596383,Is the Freedom of Speech on the Ballot?,HTTP 410
1474001390,10cc010da2d6a6a7,https://c10.patreonusercontent.com/4/patreon-media/p/post/46617424/8c31a39e808b48d1a719653595a40a71/eyJhIjoxLCJpc19hdWRpbyI6MSwicCI6MX0%3D/1.mp3?token-hash=-BYYg9D5cyWHS1u2hL6Bz7fIlFv5UDicLvEqaFDtFxk%3D&token-time=1784678400,Episode 132: Norman Finkelstein Pt 2,HTTP 403
1567204040,5fc3298f09cfb451,https://traffic.megaphone.fm/SHDI2502234345.mp3?updated=1731596409,Big Government Keeps Shattering The Debt Ceiling,HTTP 410
1474001390,9f06d1bba780c7d7,https://c10.patreonusercontent.com/4/patreon-media/p/media/61042173/d04a18c9d9f2490199e6fde2ca3ce05a/eyJhIjoxLCJpc19hdWRpbyI6MSwicCI6MX0%3D/1.mp3?token-hash=TR3VrmyXMGXJODd8w2JKqUqyjRHs6d-FvVvwNWBhAqw%3D&token-time=1784678400,[PREVIEW] Episode 62: London Brawling,HTTP 403
1567204040,220a5391f96ebc36,https://traffic.megaphone.fm/SHDI6244878770.mp3?updated=1731596444,The Ruling Class Failed Afghanistan,HTTP 410
1474001390,56d714b8594b7854,https://c10.patreonusercontent.com/4/patreon-media/p/post/40146232/2519c9359f154fdf84d64cce2cfd5ab1/eyJhIjoxLCJpc19hdWRpbyI6MSwicCI6MX0%3D/1.mp3?token-hash=L7bBtm4Z0cvNhioiZYDd56t0M_fQWsl9VgR1slN5A8M%3D&token-time=1784678400,Brace Has Fled,HTTP 403
1567204040,870c002ca5a12224,https://traffic.megaphone.fm/SHDI9789138771.mp3?updated=1731596481,Is Congress Voting Their Way to Wealth?,HTTP 410
1474001390,67f46d8d759957a0,https://c10.patreonusercontent.com/4/patreon-media/p/post/44059534/590f43a7ecb6482ba98dcf1deb95d8d4/eyJhIjoxLCJpc19hdWRpbyI6MSwicCI6MX0%3D/1.mp3?token-hash=Y0BsVOzYVb3zT85HVxfSyvYkmRFEqS6Ejn2Kf597pIA%3D&token-time=1784678400,Episode 118: To Live And Die In Davos Pt. 1,HTTP 403
1567204040,6a2575739027c916,https://traffic.megaphone.fm/SHDI3793748167.mp3?updated=1731596351,Punishing Americans With Good Credit,HTTP 410
1474001390,56d714b8594b7854,https://c10.patreonusercontent.com/4/patreon-media/p/post/40146232/2519c9359f154fdf84d64cce2cfd5ab1/eyJhIjoxLCJpc19hdWRpbyI6MSwicCI6MX0%3D/1.mp3?token-hash=L7bBtm4Z0cvNhioiZYDd56t0M_fQWsl9VgR1slN5A8M%3D&token-time=1784678400,Brace Has Fled,HTTP 403
1567204040,220a5391f96ebc36,https://traffic.megaphone.fm/SHDI6244878770.mp3?updated=1731596444,The Ruling Class Failed Afghanistan,HTTP 410
1474001390,4fb5691c433f570e,https://c10.patreonusercontent.com/4/patreon-media/p/media/58349063/fa0a046b002544cbb46b4934d5b27122/eyJhIjoxLCJpc19hdWRpbyI6MSwicCI6MX0%3D/1.mp3?token-hash=q6zh17O_faV1EDYZ_sz1CDrW6QCxbHnIqaydH4Ixg1k%3D&token-time=1784678400,[PREVIEW] Episode 56: True & A II,HTTP 403
1567204040,56ddacecdb6ae2f1,https://traffic.megaphone.fm/SHDI6641754724.mp3?updated=1731596375,The Growing Power Of The Teachers Union,HTTP 410
1474001390,5019678447d72229,https://c10.patreonusercontent.com/4/patreon-media/p/post/53469205/d7f49825ca174afe9ec947a8c3da8f3c/eyJhIjoxLCJpc19hdWRpbyI6MSwicCI6MX0%3D/1.mp3?token-hash=rF7cdbW_BCpUV1Che_DuCCvI4haygED6_B2BH3pus1o%3D&token-time=1784678400,Episode 167: Church and State,HTTP 403
1567204040,870c002ca5a12224,https://traffic.megaphone.fm/SHDI9789138771.mp3?updated=1731596481,Is Congress Voting Their Way to Wealth?,HTTP 410
1474001390,2bceac09a26c2dd4,https://c10.patreonusercontent.com/4/patreon-media/p/media/45745113/ad215af498b94b7e9e1abe71757d761b/eyJhIjoxLCJpc19hdWRpbyI6MSwicCI6MX0%3D/1.mp3?token-hash=33PDfdxCW5Q4sUCpSIzYrbmkPVlvqeyFikPwYvnr5Uo%3D&token-time=1784678400,[PREVIEW] Episode 22: Q's Clues,HTTP 403
1567204040,cdb535365f9c0093,https://traffic.megaphone.fm/SHDI5944816967.mp3?updated=1731596439,"Corruption, China and Green Energy",HTTP 410
1474001390,9f06d1bba780c7d7,https://c10.patreonusercontent.com/4/patreon-media/p/media/61042173/d04a18c9d9f2490199e6fde2ca3ce05a/eyJhIjoxLCJpc19hdWRpbyI6MSwicCI6MX0%3D/1.mp3?token-hash=TR3VrmyXMGXJODd8w2JKqUqyjRHs6d-FvVvwNWBhAqw%3D&token-time=1784678400,[PREVIEW] Episode 62: London Brawling,HTTP 403
1567204040,029c16e295c8ee02,https://traffic.megaphone.fm/SHDI6018488016.mp3?updated=1731596383,Is the Freedom of Speech on the Ballot?,HTTP 410
1474001390,67f46d8d759957a0,https://c10.patreonusercontent.com/4/patreon-media/p/post/44059534/590f43a7ecb6482ba98dcf1deb95d8d4/eyJhIjoxLCJpc19hdWRpbyI6MSwicCI6MX0%3D/1.mp3?token-hash=Y0BsVOzYVb3zT85HVxfSyvYkmRFEqS6Ejn2Kf597pIA%3D&token-time=1784678400,Episode 118: To Live And Die In Davos Pt. 1,HTTP 403
1567204040,6a2575739027c916,https://traffic.megaphone.fm/SHDI3793748167.mp3?updated=1731596351,Punishing Americans With Good Credit,HTTP 410
1474001390,b7d2e07ef599d03f,https://c10.patreonusercontent.com/4/patreon-media/p/post/29531522/5e2d2a1b5a394fc49ba6028567050be1/eyJhIjoxLCJpc19hdWRpbyI6MSwicCI6MX0%3D/1.mp3?token-hash=CxBev5DqhWdMXOZ3sooKHw2dSepgmQfxyoXEHCxeLcc%3D&token-time=1784678400,📢SPECIAL REPORT📢 Night Court,HTTP 403
1567204040,2699349267d9ac17,https://traffic.megaphone.fm/SHDI7667178538.mp3?updated=1731596466,The High Profits and Corruption of the Marijuana Industry,HTTP 410
1474001390,10cc010da2d6a6a7,https://c10.patreonusercontent.com/4/patreon-media/p/post/46617424/8c31a39e808b48d1a719653595a40a71/eyJhIjoxLCJpc19hdWRpbyI6MSwicCI6MX0%3D/1.mp3?token-hash=-BYYg9D5cyWHS1u2hL6Bz7fIlFv5UDicLvEqaFDtFxk%3D&token-time=1784678400,Episode 132: Norman Finkelstein Pt 2,HTTP 403
1567204040,5fc3298f09cfb451,https://traffic.megaphone.fm/SHDI2502234345.mp3?updated=1731596409,Big Government Keeps Shattering The Debt Ceiling,HTTP 410
1474001390,78a3c19a7e69b0aa,https://c10.patreonusercontent.com/4/patreon-media/p/media/110177846/326ca0ed4ced42e6b328e5301f780914/eyJhIjoxLCJpc19hdWRpbyI6MSwicCI6MX0%3D/1.mp3?token-hash=NlTEc5CO5_283ZFNY5VNEoNCg-F7TfYmCP6d49brKKY%3D&token-time=1784678400,[PREVIEW] Episode 164: Which Way MAGA Man?,HTTP 403
1567204040,11a8acd3f7e9f668,https://traffic.megaphone.fm/SHDI3013818559.mp3?updated=1731596443,The Elites Attack On Free Speech,HTTP 410
1474001390,0678f20237ebae97,https://c10.patreonusercontent.com/4/patreon-media/p/media/146093763/daaa7db1fd044f3da3ca4fd68297d069/eyJhIjoxLCJpc19hdWRpbyI6MSwicCI6MX0%3D/1.mp3?token-hash=NnF4C0n3b4Bd3DpRgWbhOUnlvkepuNFl0dqWEkprHiY%3D&token-time=1784678400,[PREVIEW] Episode 199: Uh Oh!,HTTP 403
1567204040,4c30973e3d3d449f,https://traffic.megaphone.fm/SHDI2250402190.mp3?updated=1731596494,The Bidens “Run a Very Sophisticated Criminal Enterprise”,HTTP 410
1474001390,a6dfd6fc502ee03d,https://c10.patreonusercontent.com/4/patreon-media/p/media/149530657/5c944222f7974499b18055394b646a3c/eyJhIjoxLCJpc19hdWRpbyI6MSwicCI6MX0%3D/1.mp3?token-hash=F28AsbFfsuud8pkDbCxYTm_Lxb-gQNEuZ4a0zWzd4AE%3D&token-time=1784678400,[PREVIEW] Episode 221: Marathon Men (Part 2),HTTP 403
1567204040,b4fa1dd4ebcf863e,https://traffic.megaphone.fm/SHDI3379737337.mp3?updated=1731596369,"Newt Gingrich: Left Wants to Eliminate American History, Raise Kids to Despise Their Own Country",HTTP 410
1474001390,86d94917b10243b3,https://c10.patreonusercontent.com/4/patreon-media/p/post/68684601/9cb702e1ba384f4d9c3a2eb557bf441e/eyJhIjoxLCJpc19hdWRpbyI6MSwicCI6MX0%3D/1.mp3?token-hash=Ax7ZhQrdZYdCEmargha7qwKBoifQYaZFcWFqAwH-fKE%3D&token-time=1784678400,Episode 236: Pledge A Legion,HTTP 403
1567204040,53bcfaf64ba25d3f,https://traffic.megaphone.fm/SHDI6672138702.mp3?updated=1731596414,GAI Issues New Report on Camp Lejeune and the Plaintiffs Bar,HTTP 410
1474001390,644c48bc05599466,https://c10.patreonusercontent.com/4/patreon-media/p/post/76282256/35fc1c98b7354b82909e662b086d6c10/eyJhIjoxLCJpc19hdWRpbyI6MSwicCI6MX0%3D/1.mp3?token-hash=0KOiar7ieC-PzxxNFoRlZoHWBPNc3P_gRfrKO7TATgA%3D&token-time=1784678400,Episode 260: God-Sperm of Mad Men,HTTP 403
1567204040,7c48d0d05c399702,https://traffic.megaphone.fm/SHDI7971531551.mp3?updated=1732197761,Storming the Ivory Tower - A Call for Educational Reform with Richard Corcoran,HTTP 410
1474001390,fb4a29eec6084445,https://c10.patreonusercontent.com/4/patreon-media/p/post/76777890/508c4b147da14287ab8f857e465f7d63/eyJhIjoxLCJpc19hdWRpbyI6MSwicCI6MX0%3D/1.mp3?token-hash=y6cNHjVEg4kqZ4npGDtUQtzyVH1wd_5bGLnctOpy_O4%3D&token-time=1784678400,Episode 262: CEDU Detective,HTTP 403
1567204040,fef2944c89ef9c0f,https://traffic.megaphone.fm/SHDI3173919390.mp3?updated=1736370740,Uncorrupting the FBI,HTTP 410
1474001390,4691e55c3b58a2e9,https://c10.patreonusercontent.com/4/patreon-media/p/post/81457652/59b3585435b146228d1556188b2a6fb1/eyJhIjoxLCJpc19hdWRpbyI6MSwicCI6MX0%3D/1.mp3?token-hash=1bw6WvEqyhQw-1aQmbnqMA4LUrX33imz6Gu1L1ng5Lk%3D&token-time=1784678400,Episode 283: Falun Gong Part 1: Shen Yun,HTTP 403
1567204040,ffc3c0661431ce1e,https://traffic.megaphone.fm/SHDI8230040860.mp3,Riot Inc - The Hidden Networks Fueling Unrest,HTTP 410
1474001390,bc5be53ffba5f9e8,https://c10.patreonusercontent.com/4/patreon-media/p/post/88539392/0f0cebf04afd4e48a8f77e99ea9a42d1/eyJhIjoxLCJpc19hdWRpbyI6MSwicCI6MX0%3D/1.mp3?token-hash=mIcyR09AWuO0AMOIAfB90k9YHkBKwax5AI-4SvCxzg8%3D&token-time=1784678400,Episode 316: Carceral Warfare,HTTP 403
1567204040,505de516739bf564,https://traffic.megaphone.fm/SHDI9058137634.mp3,Schweizer and Halperin Discuss Future of Media,HTTP 410
1474001390,630af44fe8312a9a,https://c10.patreonusercontent.com/4/patreon-media/p/post/91508360/62070a781fe945bba8d154dca2b2a129/eyJhIjoxLCJpc19hdWRpbyI6MSwicCI6MX0%3D/1.mp3?token-hash=iCHPeXf-9VeWfnGz10D96ZYrE1Wcc_OxMNGwSCcL8io%3D&token-time=1784678400,Episode 327: It's Not Too Late,HTTP 403
1535384390,895b4c217bd86d98,https://www.podtrac.com/pts/redirect.mp3/pdst.fm/e/traffic.megaphone.fm/FOXM8340938731.mp3,Is Talarico the Next Democrat to Implode? + What Everyone Missed in the Platner Video,"stream failed: ('Connection broken: IncompleteRead(3205966 bytes read, 200527331 more expected)', IncompleteRead(3205966 bytes read, 200527331 more expected))"
1567204040,7a7f583e076b0758,https://traffic.megaphone.fm/SHDI9265424903.mp3,"Schweizer: Spirit Air collapse a “classic Democrat problem""",HTTP 410
1474001390,babd20b81d933bcb,https://c10.patreonusercontent.com/4/patreon-media/p/post/98100832/c724425c92114590ae29104fbb8aee91/eyJhIjoxLCJpc19hdWRpbyI6MSwicCI6MX0%3D/1.mp3?token-hash=27nRzPYCPLM0TbKk1BUxvrh_-yLG-0GMKC4fG6OPwWk%3D&token-time=1784678400,Episode 352: CEDU Country,HTTP 403
1567204040,74f2dee5be20eedf,https://traffic.megaphone.fm/SHDI1528979433.mp3,SCOTUS Brings Life to the (Political) Parties,HTTP 410
1474001390,4401c0d4ac9e47f2,https://c10.patreonusercontent.com/4/patreon-media/p/post/101497066/c2fd6a290fc849eaab8c42e883a661eb/eyJhIjoxLCJpc19hdWRpbyI6MSwicCI6MX0%3D/1.mp3?token-hash=F39WUSEElT8243gE4ibV0sO49jrOE59CGO9sczBWD-4%3D&token-time=1784678400,Episode 366: Olive Branch,HTTP 403
1474001390,be8266adc1223542,https://c10.patreonusercontent.com/4/patreon-media/p/post/111475150/6d95132c4f54472787bb67b8ae5128a6/eyJhIjoxLCJpc19hdWRpbyI6MSwicCI6MX0%3D/1.mp3?token-hash=8PTVKb6sJVRu38xMnYITm9bL9wuBJ37fzMieX1BB55s%3D&token-time=1784678400,Episode 402: Sparks 2,HTTP 403
1474001390,3c29efc7b82a2ab8,https://c10.patreonusercontent.com/4/patreon-media/p/post/113256070/1a7153e812b64d01b8d50df6ec5b3050/eyJhIjoxLCJpc19hdWRpbyI6MSwicCI6MX0%3D/1.mp3?token-hash=4M0zy7NdhwiUwvrgZLxBwNTiYjglcgsPdE6C4DhbLFY%3D&token-time=1784678400,VP DEBATE,HTTP 403
1474001390,3a79dc67de87c66c,https://c10.patreonusercontent.com/4/patreon-media/p/post/138500613/19b29a77362348e59f2d8ec9f0eae852/eyJhIjoxLCJpc19hdWRpbyI6MSwicCI6MX0%3D/1.mp3?token-hash=00krcX6F-VWMzNbiQdTeo99ZFLs3fpl_I_6VI-vhc8w%3D&token-time=1784678400,UNLOCKED: Episode 479: The Lady Vanishes,HTTP 403
1474001390,08de5cc5bfe6b556,https://c10.patreonusercontent.com/4/patreon-media/p/media/566282826/4664c04df6fc4375a90891a9fb85c359/eyJhIjoxLCJpc19hdWRpbyI6MSwicCI6MX0%3D/1.mp3?token-hash=Q8ccnmh97fMrP5BtgS6EgRKrvtjIMhjYAI6iOCZGEnY%3D&token-time=1784678400,[PREVIEW] Episode 503: But His Emails II,HTTP 403
1474001390,151e9baf94ebaf93,https://c10.patreonusercontent.com/4/patreon-media/p/post/148853040/28e3d9ed9fc34912b568d217bcb3b270/eyJhIjoxLCJpc19hdWRpbyI6MSwicCI6MX0%3D/1.mp3?token-hash=g-j-3jY7lWqfi7mVPJye6n5l0QLKqn6ZN_V3tZFXoGk%3D&token-time=1784678400,"Episode 517: Sex, Lie, and Videotape",HTTP 403
1474001390,a2a05a93bddcdcb7,https://c10.patreonusercontent.com/4/patreon-media/p/post/155175322/eff0f12601f14915bcc99f05e932d65d/eyJhIjoxLCJpc19hdWRpbyI6MSwicCI6MX0%3D/1.mp3?token-hash=bLpXdIuVNZ4Ang4dlPyjjRPd616fyznwLfXECCnzV28%3D&token-time=1784678400,Episode 538: More Observations,HTTP 403
1474001390,4f99c0573db9946c,https://c10.patreonusercontent.com/4/patreon-media/p/media/691601454/efa7f101cd0e4eb494b49e512b3a0dc4/eyJhIjoxLCJpc19hdWRpbyI6MSwicCI6MX0%3D/1.mp3?token-hash=IcGp013uBl_tOpSD-s5UGdgJTJoZ3xV-baMdJk9JqT8%3D&token-time=1784678400,[PREVIEW] Episode 559: Deadpool,HTTP 403
1485021241,36b5cc54ad522181,https://dts.podtrac.com/redirect.mp3/d2h6a3ly6ooodw.cloudfront.net/reasontv_audio_8302725.mp3,Penny Lane: Why I Gave a Kidney to a Total Stranger,HTTP 404
1474001390,34d195a03a41fe3f,https://c10.patreonusercontent.com/4/patreon-media/p/post/29004617/996de31b4ce1470ba8b76cce76a0407c/eyJhIjoxLCJpc19hdWRpbyI6MSwicCI6MX0%3D/1.mp3?token-hash=xFgIDuYn--ZeUl4Zeg19gtbOtUCm9oFP3s4soDr_jcg%3D&token-time=1784678400,Episode 3: Sex Farm,HTTP 403
1567204040,cba71733017bae1e,https://traffic.megaphone.fm/SHDI1490448736.mp3?updated=1731596466,Why the CDC and NIH Failed to Control COVID-19,HTTP 410
1474001390,63a3b0211938a6dc,https://c10.patreonusercontent.com/4/patreon-media/p/post/32512666/40e97a6eec1b4c21b77ab262dd9fa722/eyJhIjoxLCJpc19hdWRpbyI6MSwicCI6MX0%3D/1.mp3?token-hash=PS3Jmuc-_Lg7CyTvVzfTCuY6ecUcJ97aoEoxmxOkKUM%3D&token-time=1784678400,Episode 31: Brexiting the Vampire Castle,HTTP 403
1474001390,b7d2e07ef599d03f,https://c10.patreonusercontent.com/4/patreon-media/p/post/29531522/5e2d2a1b5a394fc49ba6028567050be1/eyJhIjoxLCJpc19hdWRpbyI6MSwicCI6MX0%3D/1.mp3?token-hash=CxBev5DqhWdMXOZ3sooKHw2dSepgmQfxyoXEHCxeLcc%3D&token-time=1784678400,📢SPECIAL REPORT📢 Night Court,HTTP 403
1567204040,220a5391f96ebc36,https://traffic.megaphone.fm/SHDI6244878770.mp3?updated=1731596444,The Ruling Class Failed Afghanistan,HTTP 410
1474001390,4fb5691c433f570e,https://c10.patreonusercontent.com/4/patreon-media/p/media/58349063/fa0a046b002544cbb46b4934d5b27122/eyJhIjoxLCJpc19hdWRpbyI6MSwicCI6MX0%3D/1.mp3?token-hash=q6zh17O_faV1EDYZ_sz1CDrW6QCxbHnIqaydH4Ixg1k%3D&token-time=1784678400,[PREVIEW] Episode 56: True & A II,HTTP 403
1567204040,cdb535365f9c0093,https://traffic.megaphone.fm/SHDI5944816967.mp3?updated=1731596439,"Corruption, China and Green Energy",HTTP 410
1474001390,56d714b8594b7854,https://c10.patreonusercontent.com/4/patreon-media/p/post/40146232/2519c9359f154fdf84d64cce2cfd5ab1/eyJhIjoxLCJpc19hdWRpbyI6MSwicCI6MX0%3D/1.mp3?token-hash=L7bBtm4Z0cvNhioiZYDd56t0M_fQWsl9VgR1slN5A8M%3D&token-time=1784678400,Brace Has Fled,HTTP 403
1567204040,2699349267d9ac17,https://traffic.megaphone.fm/SHDI7667178538.mp3?updated=1731596466,The High Profits and Corruption of the Marijuana Industry,HTTP 410
1474001390,9f06d1bba780c7d7,https://c10.patreonusercontent.com/4/patreon-media/p/media/61042173/d04a18c9d9f2490199e6fde2ca3ce05a/eyJhIjoxLCJpc19hdWRpbyI6MSwicCI6MX0%3D/1.mp3?token-hash=TR3VrmyXMGXJODd8w2JKqUqyjRHs6d-FvVvwNWBhAqw%3D&token-time=1784678400,[PREVIEW] Episode 62: London Brawling,HTTP 403
1567204040,11a8acd3f7e9f668,https://traffic.megaphone.fm/SHDI3013818559.mp3?updated=1731596443,The Elites Attack On Free Speech,HTTP 410
1485021241,36b5cc54ad522181,https://dts.podtrac.com/redirect.mp3/d2h6a3ly6ooodw.cloudfront.net/reasontv_audio_8302725.mp3,Penny Lane: Why I Gave a Kidney to a Total Stranger,HTTP 404
1567204040,56ddacecdb6ae2f1,https://traffic.megaphone.fm/SHDI6641754724.mp3?updated=1731596375,The Growing Power Of The Teachers Union,HTTP 410
1474001390,2bceac09a26c2dd4,https://c10.patreonusercontent.com/4/patreon-media/p/media/45745113/ad215af498b94b7e9e1abe71757d761b/eyJhIjoxLCJpc19hdWRpbyI6MSwicCI6MX0%3D/1.mp3?token-hash=33PDfdxCW5Q4sUCpSIzYrbmkPVlvqeyFikPwYvnr5Uo%3D&token-time=1784678400,[PREVIEW] Episode 22: Q's Clues,HTTP 403
1474001390,10cc010da2d6a6a7,https://c10.patreonusercontent.com/4/patreon-media/p/post/46617424/8c31a39e808b48d1a719653595a40a71/eyJhIjoxLCJpc19hdWRpbyI6MSwicCI6MX0%3D/1.mp3?token-hash=-BYYg9D5cyWHS1u2hL6Bz7fIlFv5UDicLvEqaFDtFxk%3D&token-time=1784678400,Episode 132: Norman Finkelstein Pt 2,HTTP 403
1567204040,029c16e295c8ee02,https://traffic.megaphone.fm/SHDI6018488016.mp3?updated=1731596383,Is the Freedom of Speech on the Ballot?,HTTP 410
1474001390,67f46d8d759957a0,https://c10.patreonusercontent.com/4/patreon-media/p/post/44059534/590f43a7ecb6482ba98dcf1deb95d8d4/eyJhIjoxLCJpc19hdWRpbyI6MSwicCI6MX0%3D/1.mp3?token-hash=Y0BsVOzYVb3zT85HVxfSyvYkmRFEqS6Ejn2Kf597pIA%3D&token-time=1784678400,Episode 118: To Live And Die In Davos Pt. 1,HTTP 403
1567204040,5fc3298f09cfb451,https://traffic.megaphone.fm/SHDI2502234345.mp3?updated=1731596409,Big Government Keeps Shattering The Debt Ceiling,HTTP 410
1474001390,78a3c19a7e69b0aa,https://c10.patreonusercontent.com/4/patreon-media/p/media/110177846/326ca0ed4ced42e6b328e5301f780914/eyJhIjoxLCJpc19hdWRpbyI6MSwicCI6MX0%3D/1.mp3?token-hash=NlTEc5CO5_283ZFNY5VNEoNCg-F7TfYmCP6d49brKKY%3D&token-time=1784678400,[PREVIEW] Episode 164: Which Way MAGA Man?,HTTP 403
1567204040,870c002ca5a12224,https://traffic.megaphone.fm/SHDI9789138771.mp3?updated=1731596481,Is Congress Voting Their Way to Wealth?,HTTP 410
1474001390,5019678447d72229,https://c10.patreonusercontent.com/4/patreon-media/p/post/53469205/d7f49825ca174afe9ec947a8c3da8f3c/eyJhIjoxLCJpc19hdWRpbyI6MSwicCI6MX0%3D/1.mp3?token-hash=rF7cdbW_BCpUV1Che_DuCCvI4haygED6_B2BH3pus1o%3D&token-time=1784678400,Episode 167: Church and State,HTTP 403
1567204040,6a2575739027c916,https://traffic.megaphone.fm/SHDI3793748167.mp3?updated=1731596351,Punishing Americans With Good Credit,HTTP 410
1474001390,7127d8d2edce0339,https://c10.patreonusercontent.com/4/patreon-media/p/post/59773160/d19dc2fbaaa646f1a0269da2577dc401/eyJhIjoxLCJpc19hdWRpbyI6MSwicCI6MX0%3D/1.mp3?token-hash=D67oI9SOb6jqIAcmbkKUO2V2ikquWpHxb-VnGUfxO40%3D&token-time=1784678400,👁️ Ghislaine Maxwell Trial: Day 10 👁️,HTTP 403
1567204040,3b33b405207a6093,https://traffic.megaphone.fm/SHDI3005256543.mp3?updated=1731596498,How Big Tech is swaying elections and indoctrinating kids,HTTP 410
1567204040,4c30973e3d3d449f,https://traffic.megaphone.fm/SHDI2250402190.mp3?updated=1731596494,The Bidens “Run a Very Sophisticated Criminal Enterprise”,HTTP 410
1567204040,220a5391f96ebc36,https://traffic.megaphone.fm/SHDI6244878770.mp3?updated=1731596444,The Ruling Class Failed Afghanistan,HTTP 410
1474001390,b7d2e07ef599d03f,https://c10.patreonusercontent.com/4/patreon-media/p/post/29531522/5e2d2a1b5a394fc49ba6028567050be1/eyJhIjoxLCJpc19hdWRpbyI6MSwicCI6MX0%3D/1.mp3?token-hash=CxBev5DqhWdMXOZ3sooKHw2dSepgmQfxyoXEHCxeLcc%3D&token-time=1784678400,📢SPECIAL REPORT📢 Night Court,HTTP 403
1567204040,2699349267d9ac17,https://traffic.megaphone.fm/SHDI7667178538.mp3?updated=1731596466,The High Profits and Corruption of the Marijuana Industry,HTTP 410
1474001390,4fb5691c433f570e,https://c10.patreonusercontent.com/4/patreon-media/p/media/58349063/fa0a046b002544cbb46b4934d5b27122/eyJhIjoxLCJpc19hdWRpbyI6MSwicCI6MX0%3D/1.mp3?token-hash=q6zh17O_faV1EDYZ_sz1CDrW6QCxbHnIqaydH4Ixg1k%3D&token-time=1784678400,[PREVIEW] Episode 56: True & A II,HTTP 403
1567204040,cdb535365f9c0093,https://traffic.megaphone.fm/SHDI5944816967.mp3?updated=1731596439,"Corruption, China and Green Energy",HTTP 410
1474001390,9f06d1bba780c7d7,https://c10.patreonusercontent.com/4/patreon-media/p/media/61042173/d04a18c9d9f2490199e6fde2ca3ce05a/eyJhIjoxLCJpc19hdWRpbyI6MSwicCI6MX0%3D/1.mp3?token-hash=TR3VrmyXMGXJODd8w2JKqUqyjRHs6d-FvVvwNWBhAqw%3D&token-time=1784678400,[PREVIEW] Episode 62: London Brawling,HTTP 403
1485021241,36b5cc54ad522181,https://dts.podtrac.com/redirect.mp3/d2h6a3ly6ooodw.cloudfront.net/reasontv_audio_8302725.mp3,Penny Lane: Why I Gave a Kidney to a Total Stranger,HTTP 404
1567204040,11a8acd3f7e9f668,https://traffic.megaphone.fm/SHDI3013818559.mp3?updated=1731596443,The Elites Attack On Free Speech,HTTP 410
1474001390,56d714b8594b7854,https://c10.patreonusercontent.com/4/patreon-media/p/post/40146232/2519c9359f154fdf84d64cce2cfd5ab1/eyJhIjoxLCJpc19hdWRpbyI6MSwicCI6MX0%3D/1.mp3?token-hash=L7bBtm4Z0cvNhioiZYDd56t0M_fQWsl9VgR1slN5A8M%3D&token-time=1784678400,Brace Has Fled,HTTP 403
1567204040,870c002ca5a12224,https://traffic.megaphone.fm/SHDI9789138771.mp3?updated=1731596481,Is Congress Voting Their Way to Wealth?,HTTP 410
1474001390,2bceac09a26c2dd4,https://c10.patreonusercontent.com/4/patreon-media/p/media/45745113/ad215af498b94b7e9e1abe71757d761b/eyJhIjoxLCJpc19hdWRpbyI6MSwicCI6MX0%3D/1.mp3?token-hash=33PDfdxCW5Q4sUCpSIzYrbmkPVlvqeyFikPwYvnr5Uo%3D&token-time=1784678400,[PREVIEW] Episode 22: Q's Clues,HTTP 403
1567204040,029c16e295c8ee02,https://traffic.megaphone.fm/SHDI6018488016.mp3?updated=1731596383,Is the Freedom of Speech on the Ballot?,HTTP 410
1474001390,5019678447d72229,https://c10.patreonusercontent.com/4/patreon-media/p/post/53469205/d7f49825ca174afe9ec947a8c3da8f3c/eyJhIjoxLCJpc19hdWRpbyI6MSwicCI6MX0%3D/1.mp3?token-hash=rF7cdbW_BCpUV1Che_DuCCvI4haygED6_B2BH3pus1o%3D&token-time=1784678400,Episode 167: Church and State,HTTP 403
1567204040,56ddacecdb6ae2f1,https://traffic.megaphone.fm/SHDI6641754724.mp3?updated=1731596375,The Growing Power Of The Teachers Union,HTTP 410
1474001390,78a3c19a7e69b0aa,https://c10.patreonusercontent.com/4/patreon-media/p/media/110177846/326ca0ed4ced42e6b328e5301f780914/eyJhIjoxLCJpc19hdWRpbyI6MSwicCI6MX0%3D/1.mp3?token-hash=NlTEc5CO5_283ZFNY5VNEoNCg-F7TfYmCP6d49brKKY%3D&token-time=1784678400,[PREVIEW] Episode 164: Which Way MAGA Man?,HTTP 403
1474001390,10cc010da2d6a6a7,https://c10.patreonusercontent.com/4/patreon-media/p/post/46617424/8c31a39e808b48d1a719653595a40a71/eyJhIjoxLCJpc19hdWRpbyI6MSwicCI6MX0%3D/1.mp3?token-hash=-BYYg9D5cyWHS1u2hL6Bz7fIlFv5UDicLvEqaFDtFxk%3D&token-time=1784678400,Episode 132: Norman Finkelstein Pt 2,HTTP 403
1567204040,5fc3298f09cfb451,https://traffic.megaphone.fm/SHDI2502234345.mp3?updated=1731596409,Big Government Keeps Shattering The Debt Ceiling,HTTP 410
1567204040,6a2575739027c916,https://traffic.megaphone.fm/SHDI3793748167.mp3?updated=1731596351,Punishing Americans With Good Credit,HTTP 410
1474001390,67f46d8d759957a0,https://c10.patreonusercontent.com/4/patreon-media/p/post/44059534/590f43a7ecb6482ba98dcf1deb95d8d4/eyJhIjoxLCJpc19hdWRpbyI6MSwicCI6MX0%3D/1.mp3?token-hash=Y0BsVOzYVb3zT85HVxfSyvYkmRFEqS6Ejn2Kf597pIA%3D&token-time=1784678400,Episode 118: To Live And Die In Davos Pt. 1,HTTP 403
1474001390,7127d8d2edce0339,https://c10.patreonusercontent.com/4/patreon-media/p/post/59773160/d19dc2fbaaa646f1a0269da2577dc401/eyJhIjoxLCJpc19hdWRpbyI6MSwicCI6MX0%3D/1.mp3?token-hash=D67oI9SOb6jqIAcmbkKUO2V2ikquWpHxb-VnGUfxO40%3D&token-time=1784678400,👁️ Ghislaine Maxwell Trial: Day 10 👁️,HTTP 403
1567204040,3b33b405207a6093,https://traffic.megaphone.fm/SHDI3005256543.mp3?updated=1731596498,How Big Tech is swaying elections and indoctrinating kids,HTTP 410
1474001390,0678f20237ebae97,https://c10.patreonusercontent.com/4/patreon-media/p/media/146093763/daaa7db1fd044f3da3ca4fd68297d069/eyJhIjoxLCJpc19hdWRpbyI6MSwicCI6MX0%3D/1.mp3?token-hash=NnF4C0n3b4Bd3DpRgWbhOUnlvkepuNFl0dqWEkprHiY%3D&token-time=1784678400,[PREVIEW] Episode 199: Uh Oh!,HTTP 403
1474001390,10cc010da2d6a6a7,https://c10.patreonusercontent.com/4/patreon-media/p/post/46617424/8c31a39e808b48d1a719653595a40a71/eyJhIjoxLCJpc19hdWRpbyI6MSwicCI6MX0%3D/1.mp3?token-hash=-BYYg9D5cyWHS1u2hL6Bz7fIlFv5UDicLvEqaFDtFxk%3D&token-time=1784678400,Episode 132: Norman Finkelstein Pt 2,HTTP 403
1567204040,029c16e295c8ee02,https://traffic.megaphone.fm/SHDI6018488016.mp3?updated=1731596383,Is the Freedom of Speech on the Ballot?,HTTP 410
1474001390,67f46d8d759957a0,https://c10.patreonusercontent.com/4/patreon-media/p/post/44059534/590f43a7ecb6482ba98dcf1deb95d8d4/eyJhIjoxLCJpc19hdWRpbyI6MSwicCI6MX0%3D/1.mp3?token-hash=Y0BsVOzYVb3zT85HVxfSyvYkmRFEqS6Ejn2Kf597pIA%3D&token-time=1784678400,Episode 118: To Live And Die In Davos Pt. 1,HTTP 403
1567204040,cdb535365f9c0093,https://traffic.megaphone.fm/SHDI5944816967.mp3?updated=1731596439,"Corruption, China and Green Energy",HTTP 410
1474001390,9f06d1bba780c7d7,https://c10.patreonusercontent.com/4/patreon-media/p/media/61042173/d04a18c9d9f2490199e6fde2ca3ce05a/eyJhIjoxLCJpc19hdWRpbyI6MSwicCI6MX0%3D/1.mp3?token-hash=TR3VrmyXMGXJODd8w2JKqUqyjRHs6d-FvVvwNWBhAqw%3D&token-time=1784678400,[PREVIEW] Episode 62: London Brawling,HTTP 403
1567204040,5fc3298f09cfb451,https://traffic.megaphone.fm/SHDI2502234345.mp3?updated=1731596409,Big Government Keeps Shattering The Debt Ceiling,HTTP 410
1485021241,36b5cc54ad522181,https://dts.podtrac.com/redirect.mp3/d2h6a3ly6ooodw.cloudfront.net/reasontv_audio_8302725.mp3,Penny Lane: Why I Gave a Kidney to a Total Stranger,HTTP 404
1474001390,78a3c19a7e69b0aa,https://c10.patreonusercontent.com/4/patreon-media/p/media/110177846/326ca0ed4ced42e6b328e5301f780914/eyJhIjoxLCJpc19hdWRpbyI6MSwicCI6MX0%3D/1.mp3?token-hash=NlTEc5CO5_283ZFNY5VNEoNCg-F7TfYmCP6d49brKKY%3D&token-time=1784678400,[PREVIEW] Episode 164: Which Way MAGA Man?,HTTP 403
1567204040,11a8acd3f7e9f668,https://traffic.megaphone.fm/SHDI3013818559.mp3?updated=1731596443,The Elites Attack On Free Speech,HTTP 410
1474001390,56d714b8594b7854,https://c10.patreonusercontent.com/4/patreon-media/p/post/40146232/2519c9359f154fdf84d64cce2cfd5ab1/eyJhIjoxLCJpc19hdWRpbyI6MSwicCI6MX0%3D/1.mp3?token-hash=L7bBtm4Z0cvNhioiZYDd56t0M_fQWsl9VgR1slN5A8M%3D&token-time=1784678400,Brace Has Fled,HTTP 403
1567204040,56ddacecdb6ae2f1,https://traffic.megaphone.fm/SHDI6641754724.mp3?updated=1731596375,The Growing Power Of The Teachers Union,HTTP 410
1474001390,5019678447d72229,https://c10.patreonusercontent.com/4/patreon-media/p/post/53469205/d7f49825ca174afe9ec947a8c3da8f3c/eyJhIjoxLCJpc19hdWRpbyI6MSwicCI6MX0%3D/1.mp3?token-hash=rF7cdbW_BCpUV1Che_DuCCvI4haygED6_B2BH3pus1o%3D&token-time=1784678400,Episode 167: Church and State,HTTP 403
1567204040,870c002ca5a12224,https://traffic.megaphone.fm/SHDI9789138771.mp3?updated=1731596481,Is Congress Voting Their Way to Wealth?,HTTP 410
1474001390,7127d8d2edce0339,https://c10.patreonusercontent.com/4/patreon-media/p/post/59773160/d19dc2fbaaa646f1a0269da2577dc401/eyJhIjoxLCJpc19hdWRpbyI6MSwicCI6MX0%3D/1.mp3?token-hash=D67oI9SOb6jqIAcmbkKUO2V2ikquWpHxb-VnGUfxO40%3D&token-time=1784678400,👁️ Ghislaine Maxwell Trial: Day 10 👁️,HTTP 403
1567204040,6a2575739027c916,https://traffic.megaphone.fm/SHDI3793748167.mp3?updated=1731596351,Punishing Americans With Good Credit,HTTP 410
1474001390,4fb5691c433f570e,https://c10.patreonusercontent.com/4/patreon-media/p/media/58349063/fa0a046b002544cbb46b4934d5b27122/eyJhIjoxLCJpc19hdWRpbyI6MSwicCI6MX0%3D/1.mp3?token-hash=q6zh17O_faV1EDYZ_sz1CDrW6QCxbHnIqaydH4Ixg1k%3D&token-time=1784678400,[PREVIEW] Episode 56: True & A II,HTTP 403
1567204040,3b33b405207a6093,https://traffic.megaphone.fm/SHDI3005256543.mp3?updated=1731596498,How Big Tech is swaying elections and indoctrinating kids,HTTP 410
1474001390,b7d2e07ef599d03f,https://c10.patreonusercontent.com/4/patreon-media/p/post/29531522/5e2d2a1b5a394fc49ba6028567050be1/eyJhIjoxLCJpc19hdWRpbyI6MSwicCI6MX0%3D/1.mp3?token-hash=CxBev5DqhWdMXOZ3sooKHw2dSepgmQfxyoXEHCxeLcc%3D&token-time=1784678400,📢SPECIAL REPORT📢 Night Court,HTTP 403
1567204040,4c30973e3d3d449f,https://traffic.megaphone.fm/SHDI2250402190.mp3?updated=1731596494,The Bidens “Run a Very Sophisticated Criminal Enterprise”,HTTP 410
1474001390,2bceac09a26c2dd4,https://c10.patreonusercontent.com/4/patreon-media/p/media/45745113/ad215af498b94b7e9e1abe71757d761b/eyJhIjoxLCJpc19hdWRpbyI6MSwicCI6MX0%3D/1.mp3?token-hash=33PDfdxCW5Q4sUCpSIzYrbmkPVlvqeyFikPwYvnr5Uo%3D&token-time=1784678400,[PREVIEW] Episode 22: Q's Clues,HTTP 403
1567204040,220a5391f96ebc36,https://traffic.megaphone.fm/SHDI6244878770.mp3?updated=1731596444,The Ruling Class Failed Afghanistan,HTTP 410
1567204040,2699349267d9ac17,https://traffic.megaphone.fm/SHDI7667178538.mp3?updated=1731596466,The High Profits and Corruption of the Marijuana Industry,HTTP 410
1474001390,2bceac09a26c2dd4,https://c10.patreonusercontent.com/4/patreon-media/p/media/45745113/ad215af498b94b7e9e1abe71757d761b/eyJhIjoxLCJpc19hdWRpbyI6MSwicCI6MX0%3D/1.mp3?token-hash=33PDfdxCW5Q4sUCpSIzYrbmkPVlvqeyFikPwYvnr5Uo%3D&token-time=1784678400,[PREVIEW] Episode 22: Q's Clues,HTTP 403
1567204040,2699349267d9ac17,https://traffic.megaphone.fm/SHDI7667178538.mp3?updated=1731596466,The High Profits and Corruption of the Marijuana Industry,HTTP 410
1567204040,6a2575739027c916,https://traffic.megaphone.fm/SHDI3793748167.mp3?updated=1731596351,Punishing Americans With Good Credit,HTTP 410
1474001390,5019678447d72229,https://c10.patreonusercontent.com/4/patreon-media/p/post/53469205/d7f49825ca174afe9ec947a8c3da8f3c/eyJhIjoxLCJpc19hdWRpbyI6MSwicCI6MX0%3D/1.mp3?token-hash=rF7cdbW_BCpUV1Che_DuCCvI4haygED6_B2BH3pus1o%3D&token-time=1784678400,Episode 167: Church and State,HTTP 403
1474001390,9f06d1bba780c7d7,https://c10.patreonusercontent.com/4/patreon-media/p/media/61042173/d04a18c9d9f2490199e6fde2ca3ce05a/eyJhIjoxLCJpc19hdWRpbyI6MSwicCI6MX0%3D/1.mp3?token-hash=TR3VrmyXMGXJODd8w2JKqUqyjRHs6d-FvVvwNWBhAqw%3D&token-time=1784678400,[PREVIEW] Episode 62: London Brawling,HTTP 403
1567204040,220a5391f96ebc36,https://traffic.megaphone.fm/SHDI6244878770.mp3?updated=1731596444,The Ruling Class Failed Afghanistan,HTTP 410
1485021241,36b5cc54ad522181,https://dts.podtrac.com/redirect.mp3/d2h6a3ly6ooodw.cloudfront.net/reasontv_audio_8302725.mp3,Penny Lane: Why I Gave a Kidney to a Total Stranger,HTTP 404
1567204040,cdb535365f9c0093,https://traffic.megaphone.fm/SHDI5944816967.mp3?updated=1731596439,"Corruption, China and Green Energy",HTTP 410
1474001390,56d714b8594b7854,https://c10.patreonusercontent.com/4/patreon-media/p/post/40146232/2519c9359f154fdf84d64cce2cfd5ab1/eyJhIjoxLCJpc19hdWRpbyI6MSwicCI6MX0%3D/1.mp3?token-hash=L7bBtm4Z0cvNhioiZYDd56t0M_fQWsl9VgR1slN5A8M%3D&token-time=1784678400,Brace Has Fled,HTTP 403
1567204040,11a8acd3f7e9f668,https://traffic.megaphone.fm/SHDI3013818559.mp3?updated=1731596443,The Elites Attack On Free Speech,HTTP 410
1474001390,78a3c19a7e69b0aa,https://c10.patreonusercontent.com/4/patreon-media/p/media/110177846/326ca0ed4ced42e6b328e5301f780914/eyJhIjoxLCJpc19hdWRpbyI6MSwicCI6MX0%3D/1.mp3?token-hash=NlTEc5CO5_283ZFNY5VNEoNCg-F7TfYmCP6d49brKKY%3D&token-time=1784678400,[PREVIEW] Episode 164: Which Way MAGA Man?,HTTP 403
1567204040,870c002ca5a12224,https://traffic.megaphone.fm/SHDI9789138771.mp3?updated=1731596481,Is Congress Voting Their Way to Wealth?,HTTP 410
1474001390,b7d2e07ef599d03f,https://c10.patreonusercontent.com/4/patreon-media/p/post/29531522/5e2d2a1b5a394fc49ba6028567050be1/eyJhIjoxLCJpc19hdWRpbyI6MSwicCI6MX0%3D/1.mp3?token-hash=CxBev5DqhWdMXOZ3sooKHw2dSepgmQfxyoXEHCxeLcc%3D&token-time=1784678400,📢SPECIAL REPORT📢 Night Court,HTTP 403
1567204040,029c16e295c8ee02,https://traffic.megaphone.fm/SHDI6018488016.mp3?updated=1731596383,Is the Freedom of Speech on the Ballot?,HTTP 410
1474001390,4fb5691c433f570e,https://c10.patreonusercontent.com/4/patreon-media/p/media/58349063/fa0a046b002544cbb46b4934d5b27122/eyJhIjoxLCJpc19hdWRpbyI6MSwicCI6MX0%3D/1.mp3?token-hash=q6zh17O_faV1EDYZ_sz1CDrW6QCxbHnIqaydH4Ixg1k%3D&token-time=1784678400,[PREVIEW] Episode 56: True & A II,HTTP 403
1567204040,5fc3298f09cfb451,https://traffic.megaphone.fm/SHDI2502234345.mp3?updated=1731596409,Big Government Keeps Shattering The Debt Ceiling,HTTP 410
1474001390,67f46d8d759957a0,https://c10.patreonusercontent.com/4/patreon-media/p/post/44059534/590f43a7ecb6482ba98dcf1deb95d8d4/eyJhIjoxLCJpc19hdWRpbyI6MSwicCI6MX0%3D/1.mp3?token-hash=Y0BsVOzYVb3zT85HVxfSyvYkmRFEqS6Ejn2Kf597pIA%3D&token-time=1784678400,Episode 118: To Live And Die In Davos Pt. 1,HTTP 403
1474001390,10cc010da2d6a6a7,https://c10.patreonusercontent.com/4/patreon-media/p/post/46617424/8c31a39e808b48d1a719653595a40a71/eyJhIjoxLCJpc19hdWRpbyI6MSwicCI6MX0%3D/1.mp3?token-hash=-BYYg9D5cyWHS1u2hL6Bz7fIlFv5UDicLvEqaFDtFxk%3D&token-time=1784678400,Episode 132: Norman Finkelstein Pt 2,HTTP 403
1567204040,56ddacecdb6ae2f1,https://traffic.megaphone.fm/SHDI6641754724.mp3?updated=1731596375,The Growing Power Of The Teachers Union,HTTP 410
1474001390,7127d8d2edce0339,https://c10.patreonusercontent.com/4/patreon-media/p/post/59773160/d19dc2fbaaa646f1a0269da2577dc401/eyJhIjoxLCJpc19hdWRpbyI6MSwicCI6MX0%3D/1.mp3?token-hash=D67oI9SOb6jqIAcmbkKUO2V2ikquWpHxb-VnGUfxO40%3D&token-time=1784678400,👁️ Ghislaine Maxwell Trial: Day 10 👁️,HTTP 403
1567204040,3b33b405207a6093,https://traffic.megaphone.fm/SHDI3005256543.mp3?updated=1731596498,How Big Tech is swaying elections and indoctrinating kids,HTTP 410
1567204040,4c30973e3d3d449f,https://traffic.megaphone.fm/SHDI2250402190.mp3?updated=1731596494,The Bidens “Run a Very Sophisticated Criminal Enterprise”,HTTP 410
1474001390,2bceac09a26c2dd4,https://c10.patreonusercontent.com/4/patreon-media/p/media/45745113/ad215af498b94b7e9e1abe71757d761b/eyJhIjoxLCJpc19hdWRpbyI6MSwicCI6MX0%3D/1.mp3?token-hash=33PDfdxCW5Q4sUCpSIzYrbmkPVlvqeyFikPwYvnr5Uo%3D&token-time=1784678400,[PREVIEW] Episode 22: Q's Clues,HTTP 403
1567204040,220a5391f96ebc36,https://traffic.megaphone.fm/SHDI6244878770.mp3?updated=1731596444,The Ruling Class Failed Afghanistan,HTTP 410
1474001390,5019678447d72229,https://c10.patreonusercontent.com/4/patreon-media/p/post/53469205/d7f49825ca174afe9ec947a8c3da8f3c/eyJhIjoxLCJpc19hdWRpbyI6MSwicCI6MX0%3D/1.mp3?token-hash=rF7cdbW_BCpUV1Che_DuCCvI4haygED6_B2BH3pus1o%3D&token-time=1784678400,Episode 167: Church and State,HTTP 403
1567204040,2699349267d9ac17,https://traffic.megaphone.fm/SHDI7667178538.mp3?updated=1731596466,The High Profits and Corruption of the Marijuana Industry,HTTP 410
1474001390,b7d2e07ef599d03f,https://c10.patreonusercontent.com/4/patreon-media/p/post/29531522/5e2d2a1b5a394fc49ba6028567050be1/eyJhIjoxLCJpc19hdWRpbyI6MSwicCI6MX0%3D/1.mp3?token-hash=CxBev5DqhWdMXOZ3sooKHw2dSepgmQfxyoXEHCxeLcc%3D&token-time=1784678400,📢SPECIAL REPORT📢 Night Court,HTTP 403
1567204040,870c002ca5a12224,https://traffic.megaphone.fm/SHDI9789138771.mp3?updated=1731596481,Is Congress Voting Their Way to Wealth?,HTTP 410
1474001390,10cc010da2d6a6a7,https://c10.patreonusercontent.com/4/patreon-media/p/post/46617424/8c31a39e808b48d1a719653595a40a71/eyJhIjoxLCJpc19hdWRpbyI6MSwicCI6MX0%3D/1.mp3?token-hash=-BYYg9D5cyWHS1u2hL6Bz7fIlFv5UDicLvEqaFDtFxk%3D&token-time=1784678400,Episode 132: Norman Finkelstein Pt 2,HTTP 403
1567204040,11a8acd3f7e9f668,https://traffic.megaphone.fm/SHDI3013818559.mp3?updated=1731596443,The Elites Attack On Free Speech,HTTP 410
1474001390,9f06d1bba780c7d7,https://c10.patreonusercontent.com/4/patreon-media/p/media/61042173/d04a18c9d9f2490199e6fde2ca3ce05a/eyJhIjoxLCJpc19hdWRpbyI6MSwicCI6MX0%3D/1.mp3?token-hash=TR3VrmyXMGXJODd8w2JKqUqyjRHs6d-FvVvwNWBhAqw%3D&token-time=1784678400,[PREVIEW] Episode 62: London Brawling,HTTP 403
1567204040,cdb535365f9c0093,https://traffic.megaphone.fm/SHDI5944816967.mp3?updated=1731596439,"Corruption, China and Green Energy",HTTP 410
1474001390,78a3c19a7e69b0aa,https://c10.patreonusercontent.com/4/patreon-media/p/media/110177846/326ca0ed4ced42e6b328e5301f780914/eyJhIjoxLCJpc19hdWRpbyI6MSwicCI6MX0%3D/1.mp3?token-hash=NlTEc5CO5_283ZFNY5VNEoNCg-F7TfYmCP6d49brKKY%3D&token-time=1784678400,[PREVIEW] Episode 164: Which Way MAGA Man?,HTTP 403
1567204040,56ddacecdb6ae2f1,https://traffic.megaphone.fm/SHDI6641754724.mp3?updated=1731596375,The Growing Power Of The Teachers Union,HTTP 410
1474001390,4fb5691c433f570e,https://c10.patreonusercontent.com/4/patreon-media/p/media/58349063/fa0a046b002544cbb46b4934d5b27122/eyJhIjoxLCJpc19hdWRpbyI6MSwicCI6MX0%3D/1.mp3?token-hash=q6zh17O_faV1EDYZ_sz1CDrW6QCxbHnIqaydH4Ixg1k%3D&token-time=1784678400,[PREVIEW] Episode 56: True & A II,HTTP 403
1567204040,029c16e295c8ee02,https://traffic.megaphone.fm/SHDI6018488016.mp3?updated=1731596383,Is the Freedom of Speech on the Ballot?,HTTP 410
1474001390,56d714b8594b7854,https://c10.patreonusercontent.com/4/patreon-media/p/post/40146232/2519c9359f154fdf84d64cce2cfd5ab1/eyJhIjoxLCJpc19hdWRpbyI6MSwicCI6MX0%3D/1.mp3?token-hash=L7bBtm4Z0cvNhioiZYDd56t0M_fQWsl9VgR1slN5A8M%3D&token-time=1784678400,Brace Has Fled,HTTP 403
1567204040,5fc3298f09cfb451,https://traffic.megaphone.fm/SHDI2502234345.mp3?updated=1731596409,Big Government Keeps Shattering The Debt Ceiling,HTTP 410
1474001390,67f46d8d759957a0,https://c10.patreonusercontent.com/4/patreon-media/p/post/44059534/590f43a7ecb6482ba98dcf1deb95d8d4/eyJhIjoxLCJpc19hdWRpbyI6MSwicCI6MX0%3D/1.mp3?token-hash=Y0BsVOzYVb3zT85HVxfSyvYkmRFEqS6Ejn2Kf597pIA%3D&token-time=1784678400,Episode 118: To Live And Die In Davos Pt. 1,HTTP 403
1567204040,6a2575739027c916,https://traffic.megaphone.fm/SHDI3793748167.mp3?updated=1731596351,Punishing Americans With Good Credit,HTTP 410
1474001390,7127d8d2edce0339,https://c10.patreonusercontent.com/4/patreon-media/p/post/59773160/d19dc2fbaaa646f1a0269da2577dc401/eyJhIjoxLCJpc19hdWRpbyI6MSwicCI6MX0%3D/1.mp3?token-hash=D67oI9SOb6jqIAcmbkKUO2V2ikquWpHxb-VnGUfxO40%3D&token-time=1784678400,👁️ Ghislaine Maxwell Trial: Day 10 👁️,HTTP 403
1567204040,3b33b405207a6093,https://traffic.megaphone.fm/SHDI3005256543.mp3?updated=1731596498,How Big Tech is swaying elections and indoctrinating kids,HTTP 410
1567204040,4c30973e3d3d449f,https://traffic.megaphone.fm/SHDI2250402190.mp3?updated=1731596494,The Bidens “Run a Very Sophisticated Criminal Enterprise”,HTTP 410
1474001390,b7d2e07ef599d03f,https://c10.patreonusercontent.com/4/patreon-media/p/post/29531522/5e2d2a1b5a394fc49ba6028567050be1/eyJhIjoxLCJpc19hdWRpbyI6MSwicCI6MX0%3D/1.mp3?token-hash=CxBev5DqhWdMXOZ3sooKHw2dSepgmQfxyoXEHCxeLcc%3D&token-time=1784678400,📢SPECIAL REPORT📢 Night Court,HTTP 403
1567204040,220a5391f96ebc36,https://traffic.megaphone.fm/SHDI6244878770.mp3?updated=1731596444,The Ruling Class Failed Afghanistan,HTTP 410
1474001390,5019678447d72229,https://c10.patreonusercontent.com/4/patreon-media/p/post/53469205/d7f49825ca174afe9ec947a8c3da8f3c/eyJhIjoxLCJpc19hdWRpbyI6MSwicCI6MX0%3D/1.mp3?token-hash=rF7cdbW_BCpUV1Che_DuCCvI4haygED6_B2BH3pus1o%3D&token-time=1784678400,Episode 167: Church and State,HTTP 403
1567204040,6a2575739027c916,https://traffic.megaphone.fm/SHDI3793748167.mp3?updated=1731596351,Punishing Americans With Good Credit,HTTP 410
1474001390,56d714b8594b7854,https://c10.patreonusercontent.com/4/patreon-media/p/post/40146232/2519c9359f154fdf84d64cce2cfd5ab1/eyJhIjoxLCJpc19hdWRpbyI6MSwicCI6MX0%3D/1.mp3?token-hash=L7bBtm4Z0cvNhioiZYDd56t0M_fQWsl9VgR1slN5A8M%3D&token-time=1784678400,Brace Has Fled,HTTP 403
1567204040,2699349267d9ac17,https://traffic.megaphone.fm/SHDI7667178538.mp3?updated=1731596466,The High Profits and Corruption of the Marijuana Industry,HTTP 410
1474001390,67f46d8d759957a0,https://c10.patreonusercontent.com/4/patreon-media/p/post/44059534/590f43a7ecb6482ba98dcf1deb95d8d4/eyJhIjoxLCJpc19hdWRpbyI6MSwicCI6MX0%3D/1.mp3?token-hash=Y0BsVOzYVb3zT85HVxfSyvYkmRFEqS6Ejn2Kf597pIA%3D&token-time=1784678400,Episode 118: To Live And Die In Davos Pt. 1,HTTP 403
1567204040,cdb535365f9c0093,https://traffic.megaphone.fm/SHDI5944816967.mp3?updated=1731596439,"Corruption, China and Green Energy",HTTP 410
1474001390,4fb5691c433f570e,https://c10.patreonusercontent.com/4/patreon-media/p/media/58349063/fa0a046b002544cbb46b4934d5b27122/eyJhIjoxLCJpc19hdWRpbyI6MSwicCI6MX0%3D/1.mp3?token-hash=q6zh17O_faV1EDYZ_sz1CDrW6QCxbHnIqaydH4Ixg1k%3D&token-time=1784678400,[PREVIEW] Episode 56: True & A II,HTTP 403
1567204040,870c002ca5a12224,https://traffic.megaphone.fm/SHDI9789138771.mp3?updated=1731596481,Is Congress Voting Their Way to Wealth?,HTTP 410
1474001390,9f06d1bba780c7d7,https://c10.patreonusercontent.com/4/patreon-media/p/media/61042173/d04a18c9d9f2490199e6fde2ca3ce05a/eyJhIjoxLCJpc19hdWRpbyI6MSwicCI6MX0%3D/1.mp3?token-hash=TR3VrmyXMGXJODd8w2JKqUqyjRHs6d-FvVvwNWBhAqw%3D&token-time=1784678400,[PREVIEW] Episode 62: London Brawling,HTTP 403
1567204040,11a8acd3f7e9f668,https://traffic.megaphone.fm/SHDI3013818559.mp3?updated=1731596443,The Elites Attack On Free Speech,HTTP 410
1474001390,2bceac09a26c2dd4,https://c10.patreonusercontent.com/4/patreon-media/p/media/45745113/ad215af498b94b7e9e1abe71757d761b/eyJhIjoxLCJpc19hdWRpbyI6MSwicCI6MX0%3D/1.mp3?token-hash=33PDfdxCW5Q4sUCpSIzYrbmkPVlvqeyFikPwYvnr5Uo%3D&token-time=1784678400,[PREVIEW] Episode 22: Q's Clues,HTTP 403
1567204040,56ddacecdb6ae2f1,https://traffic.megaphone.fm/SHDI6641754724.mp3?updated=1731596375,The Growing Power Of The Teachers Union,HTTP 410
1474001390,10cc010da2d6a6a7,https://c10.patreonusercontent.com/4/patreon-media/p/post/46617424/8c31a39e808b48d1a719653595a40a71/eyJhIjoxLCJpc19hdWRpbyI6MSwicCI6MX0%3D/1.mp3?token-hash=-BYYg9D5cyWHS1u2hL6Bz7fIlFv5UDicLvEqaFDtFxk%3D&token-time=1784678400,Episode 132: Norman Finkelstein Pt 2,HTTP 403
1567204040,5fc3298f09cfb451,https://traffic.megaphone.fm/SHDI2502234345.mp3?updated=1731596409,Big Government Keeps Shattering The Debt Ceiling,HTTP 410
1474001390,78a3c19a7e69b0aa,https://c10.patreonusercontent.com/4/patreon-media/p/media/110177846/326ca0ed4ced42e6b328e5301f780914/eyJhIjoxLCJpc19hdWRpbyI6MSwicCI6MX0%3D/1.mp3?token-hash=NlTEc5CO5_283ZFNY5VNEoNCg-F7TfYmCP6d49brKKY%3D&token-time=1784678400,[PREVIEW] Episode 164: Which Way MAGA Man?,HTTP 403
1567204040,029c16e295c8ee02,https://traffic.megaphone.fm/SHDI6018488016.mp3?updated=1731596383,Is the Freedom of Speech on the Ballot?,HTTP 410
1474001390,7127d8d2edce0339,https://c10.patreonusercontent.com/4/patreon-media/p/post/59773160/d19dc2fbaaa646f1a0269da2577dc401/eyJhIjoxLCJpc19hdWRpbyI6MSwicCI6MX0%3D/1.mp3?token-hash=D67oI9SOb6jqIAcmbkKUO2V2ikquWpHxb-VnGUfxO40%3D&token-time=1784678400,👁️ Ghislaine Maxwell Trial: Day 10 👁️,HTTP 403
1567204040,3b33b405207a6093,https://traffic.megaphone.fm/SHDI3005256543.mp3?updated=1731596498,How Big Tech is swaying elections and indoctrinating kids,HTTP 410
1567204040,4c30973e3d3d449f,https://traffic.megaphone.fm/SHDI2250402190.mp3?updated=1731596494,The Bidens “Run a Very Sophisticated Criminal Enterprise”,HTTP 410
1567204040,2699349267d9ac17,https://traffic.megaphone.fm/SHDI7667178538.mp3?updated=1731596466,The High Profits and Corruption of the Marijuana Industry,HTTP 410
1474001390,5019678447d72229,https://c10.patreonusercontent.com/4/patreon-media/p/post/53469205/d7f49825ca174afe9ec947a8c3da8f3c/eyJhIjoxLCJpc19hdWRpbyI6MSwicCI6MX0%3D/1.mp3?token-hash=rF7cdbW_BCpUV1Che_DuCCvI4haygED6_B2BH3pus1o%3D&token-time=1784678400,Episode 167: Church and State,HTTP 403
1567204040,cdb535365f9c0093,https://traffic.megaphone.fm/SHDI5944816967.mp3?updated=1731596439,"Corruption, China and Green Energy",HTTP 410
1474001390,b7d2e07ef599d03f,https://c10.patreonusercontent.com/4/patreon-media/p/post/29531522/5e2d2a1b5a394fc49ba6028567050be1/eyJhIjoxLCJpc19hdWRpbyI6MSwicCI6MX0%3D/1.mp3?token-hash=CxBev5DqhWdMXOZ3sooKHw2dSepgmQfxyoXEHCxeLcc%3D&token-time=1784678400,📢SPECIAL REPORT📢 Night Court,HTTP 403
1567204040,6a2575739027c916,https://traffic.megaphone.fm/SHDI3793748167.mp3?updated=1731596351,Punishing Americans With Good Credit,HTTP 410
1474001390,9f06d1bba780c7d7,https://c10.patreonusercontent.com/4/patreon-media/p/media/61042173/d04a18c9d9f2490199e6fde2ca3ce05a/eyJhIjoxLCJpc19hdWRpbyI6MSwicCI6MX0%3D/1.mp3?token-hash=TR3VrmyXMGXJODd8w2JKqUqyjRHs6d-FvVvwNWBhAqw%3D&token-time=1784678400,[PREVIEW] Episode 62: London Brawling,HTTP 403
1567204040,220a5391f96ebc36,https://traffic.megaphone.fm/SHDI6244878770.mp3?updated=1731596444,The Ruling Class Failed Afghanistan,HTTP 410
1474001390,2bceac09a26c2dd4,https://c10.patreonusercontent.com/4/patreon-media/p/media/45745113/ad215af498b94b7e9e1abe71757d761b/eyJhIjoxLCJpc19hdWRpbyI6MSwicCI6MX0%3D/1.mp3?token-hash=33PDfdxCW5Q4sUCpSIzYrbmkPVlvqeyFikPwYvnr5Uo%3D&token-time=1784678400,[PREVIEW] Episode 22: Q's Clues,HTTP 403
1567204040,56ddacecdb6ae2f1,https://traffic.megaphone.fm/SHDI6641754724.mp3?updated=1731596375,The Growing Power Of The Teachers Union,HTTP 410
1474001390,56d714b8594b7854,https://c10.patreonusercontent.com/4/patreon-media/p/post/40146232/2519c9359f154fdf84d64cce2cfd5ab1/eyJhIjoxLCJpc19hdWRpbyI6MSwicCI6MX0%3D/1.mp3?token-hash=L7bBtm4Z0cvNhioiZYDd56t0M_fQWsl9VgR1slN5A8M%3D&token-time=1784678400,Brace Has Fled,HTTP 403
1567204040,029c16e295c8ee02,https://traffic.megaphone.fm/SHDI6018488016.mp3?updated=1731596383,Is the Freedom of Speech on the Ballot?,HTTP 410
1474001390,67f46d8d759957a0,https://c10.patreonusercontent.com/4/patreon-media/p/post/44059534/590f43a7ecb6482ba98dcf1deb95d8d4/eyJhIjoxLCJpc19hdWRpbyI6MSwicCI6MX0%3D/1.mp3?token-hash=Y0BsVOzYVb3zT85HVxfSyvYkmRFEqS6Ejn2Kf597pIA%3D&token-time=1784678400,Episode 118: To Live And Die In Davos Pt. 1,HTTP 403
1567204040,11a8acd3f7e9f668,https://traffic.megaphone.fm/SHDI3013818559.mp3?updated=1731596443,The Elites Attack On Free Speech,HTTP 410
1474001390,4fb5691c433f570e,https://c10.patreonusercontent.com/4/patreon-media/p/media/58349063/fa0a046b002544cbb46b4934d5b27122/eyJhIjoxLCJpc19hdWRpbyI6MSwicCI6MX0%3D/1.mp3?token-hash=q6zh17O_faV1EDYZ_sz1CDrW6QCxbHnIqaydH4Ixg1k%3D&token-time=1784678400,[PREVIEW] Episode 56: True & A II,HTTP 403
1567204040,5fc3298f09cfb451,https://traffic.megaphone.fm/SHDI2502234345.mp3?updated=1731596409,Big Government Keeps Shattering The Debt Ceiling,HTTP 410
1474001390,10cc010da2d6a6a7,https://c10.patreonusercontent.com/4/patreon-media/p/post/46617424/8c31a39e808b48d1a719653595a40a71/eyJhIjoxLCJpc19hdWRpbyI6MSwicCI6MX0%3D/1.mp3?token-hash=-BYYg9D5cyWHS1u2hL6Bz7fIlFv5UDicLvEqaFDtFxk%3D&token-time=1784678400,Episode 132: Norman Finkelstein Pt 2,HTTP 403
1567204040,870c002ca5a12224,https://traffic.megaphone.fm/SHDI9789138771.mp3?updated=1731596481,Is Congress Voting Their Way to Wealth?,HTTP 410
1474001390,78a3c19a7e69b0aa,https://c10.patreonusercontent.com/4/patreon-media/p/media/110177846/326ca0ed4ced42e6b328e5301f780914/eyJhIjoxLCJpc19hdWRpbyI6MSwicCI6MX0%3D/1.mp3?token-hash=NlTEc5CO5_283ZFNY5VNEoNCg-F7TfYmCP6d49brKKY%3D&token-time=1784678400,[PREVIEW] Episode 164: Which Way MAGA Man?,HTTP 403
1567204040,3b33b405207a6093,https://traffic.megaphone.fm/SHDI3005256543.mp3?updated=1731596498,How Big Tech is swaying elections and indoctrinating kids,HTTP 410
1474001390,7127d8d2edce0339,https://c10.patreonusercontent.com/4/patreon-media/p/post/59773160/d19dc2fbaaa646f1a0269da2577dc401/eyJhIjoxLCJpc19hdWRpbyI6MSwicCI6MX0%3D/1.mp3?token-hash=D67oI9SOb6jqIAcmbkKUO2V2ikquWpHxb-VnGUfxO40%3D&token-time=1784678400,👁️ Ghislaine Maxwell Trial: Day 10 👁️,HTTP 403
1474001390,0678f20237ebae97,https://c10.patreonusercontent.com/4/patreon-media/p/media/146093763/daaa7db1fd044f3da3ca4fd68297d069/eyJhIjoxLCJpc19hdWRpbyI6MSwicCI6MX0%3D/1.mp3?token-hash=NnF4C0n3b4Bd3DpRgWbhOUnlvkepuNFl0dqWEkprHiY%3D&token-time=1784678400,[PREVIEW] Episode 199: Uh Oh!,HTTP 403
1474001390,b7d2e07ef599d03f,https://c10.patreonusercontent.com/4/patreon-media/p/post/29531522/5e2d2a1b5a394fc49ba6028567050be1/eyJhIjoxLCJpc19hdWRpbyI6MSwicCI6MX0%3D/1.mp3?token-hash=CxBev5DqhWdMXOZ3sooKHw2dSepgmQfxyoXEHCxeLcc%3D&token-time=1784678400,📢SPECIAL REPORT📢 Night Court,HTTP 403
1567204040,220a5391f96ebc36,https://traffic.megaphone.fm/SHDI6244878770.mp3?updated=1731596444,The Ruling Class Failed Afghanistan,HTTP 410
1474001390,5019678447d72229,https://c10.patreonusercontent.com/4/patreon-media/p/post/53469205/d7f49825ca174afe9ec947a8c3da8f3c/eyJhIjoxLCJpc19hdWRpbyI6MSwicCI6MX0%3D/1.mp3?token-hash=rF7cdbW_BCpUV1Che_DuCCvI4haygED6_B2BH3pus1o%3D&token-time=1784678400,Episode 167: Church and State,HTTP 403
1567204040,cdb535365f9c0093,https://traffic.megaphone.fm/SHDI5944816967.mp3?updated=1731596439,"Corruption, China and Green Energy",HTTP 410
1474001390,4fb5691c433f570e,https://c10.patreonusercontent.com/4/patreon-media/p/media/58349063/fa0a046b002544cbb46b4934d5b27122/eyJhIjoxLCJpc19hdWRpbyI6MSwicCI6MX0%3D/1.mp3?token-hash=q6zh17O_faV1EDYZ_sz1CDrW6QCxbHnIqaydH4Ixg1k%3D&token-time=1784678400,[PREVIEW] Episode 56: True & A II,HTTP 403
1567204040,5fc3298f09cfb451,https://traffic.megaphone.fm/SHDI2502234345.mp3?updated=1731596409,Big Government Keeps Shattering The Debt Ceiling,HTTP 410
1474001390,9f06d1bba780c7d7,https://c10.patreonusercontent.com/4/patreon-media/p/media/61042173/d04a18c9d9f2490199e6fde2ca3ce05a/eyJhIjoxLCJpc19hdWRpbyI6MSwicCI6MX0%3D/1.mp3?token-hash=TR3VrmyXMGXJODd8w2JKqUqyjRHs6d-FvVvwNWBhAqw%3D&token-time=1784678400,[PREVIEW] Episode 62: London Brawling,HTTP 403
1567204040,870c002ca5a12224,https://traffic.megaphone.fm/SHDI9789138771.mp3?updated=1731596481,Is Congress Voting Their Way to Wealth?,HTTP 410
1474001390,67f46d8d759957a0,https://c10.patreonusercontent.com/4/patreon-media/p/post/44059534/590f43a7ecb6482ba98dcf1deb95d8d4/eyJhIjoxLCJpc19hdWRpbyI6MSwicCI6MX0%3D/1.mp3?token-hash=Y0BsVOzYVb3zT85HVxfSyvYkmRFEqS6Ejn2Kf597pIA%3D&token-time=1784678400,Episode 118: To Live And Die In Davos Pt. 1,HTTP 403
1567204040,56ddacecdb6ae2f1,https://traffic.megaphone.fm/SHDI6641754724.mp3?updated=1731596375,The Growing Power Of The Teachers Union,HTTP 410
1474001390,10cc010da2d6a6a7,https://c10.patreonusercontent.com/4/patreon-media/p/post/46617424/8c31a39e808b48d1a719653595a40a71/eyJhIjoxLCJpc19hdWRpbyI6MSwicCI6MX0%3D/1.mp3?token-hash=-BYYg9D5cyWHS1u2hL6Bz7fIlFv5UDicLvEqaFDtFxk%3D&token-time=1784678400,Episode 132: Norman Finkelstein Pt 2,HTTP 403
1567204040,2699349267d9ac17,https://traffic.megaphone.fm/SHDI7667178538.mp3?updated=1731596466,The High Profits and Corruption of the Marijuana Industry,HTTP 410
1474001390,2bceac09a26c2dd4,https://c10.patreonusercontent.com/4/patreon-media/p/media/45745113/ad215af498b94b7e9e1abe71757d761b/eyJhIjoxLCJpc19hdWRpbyI6MSwicCI6MX0%3D/1.mp3?token-hash=33PDfdxCW5Q4sUCpSIzYrbmkPVlvqeyFikPwYvnr5Uo%3D&token-time=1784678400,[PREVIEW] Episode 22: Q's Clues,HTTP 403
1567204040,11a8acd3f7e9f668,https://traffic.megaphone.fm/SHDI3013818559.mp3?updated=1731596443,The Elites Attack On Free Speech,HTTP 410
1474001390,56d714b8594b7854,https://c10.patreonusercontent.com/4/patreon-media/p/post/40146232/2519c9359f154fdf84d64cce2cfd5ab1/eyJhIjoxLCJpc19hdWRpbyI6MSwicCI6MX0%3D/1.mp3?token-hash=L7bBtm4Z0cvNhioiZYDd56t0M_fQWsl9VgR1slN5A8M%3D&token-time=1784678400,Brace Has Fled,HTTP 403
1567204040,029c16e295c8ee02,https://traffic.megaphone.fm/SHDI6018488016.mp3?updated=1731596383,Is the Freedom of Speech on the Ballot?,HTTP 410
1474001390,78a3c19a7e69b0aa,https://c10.patreonusercontent.com/4/patreon-media/p/media/110177846/326ca0ed4ced42e6b328e5301f780914/eyJhIjoxLCJpc19hdWRpbyI6MSwicCI6MX0%3D/1.mp3?token-hash=NlTEc5CO5_283ZFNY5VNEoNCg-F7TfYmCP6d49brKKY%3D&token-time=1784678400,[PREVIEW] Episode 164: Which Way MAGA Man?,HTTP 403
1474001390,7127d8d2edce0339,https://c10.patreonusercontent.com/4/patreon-media/p/post/59773160/d19dc2fbaaa646f1a0269da2577dc401/eyJhIjoxLCJpc19hdWRpbyI6MSwicCI6MX0%3D/1.mp3?token-hash=D67oI9SOb6jqIAcmbkKUO2V2ikquWpHxb-VnGUfxO40%3D&token-time=1784678400,👁️ Ghislaine Maxwell Trial: Day 10 👁️,HTTP 403
1567204040,3b33b405207a6093,https://traffic.megaphone.fm/SHDI3005256543.mp3?updated=1731596498,How Big Tech is swaying elections and indoctrinating kids,HTTP 410
1567204040,6a2575739027c916,https://traffic.megaphone.fm/SHDI3793748167.mp3?updated=1731596351,Punishing Americans With Good Credit,HTTP 410
1567204040,4c30973e3d3d449f,https://traffic.megaphone.fm/SHDI2250402190.mp3?updated=1731596494,The Bidens “Run a Very Sophisticated Criminal Enterprise”,HTTP 410
1485021241,36b5cc54ad522181,https://dts.podtrac.com/redirect.mp3/d2h6a3ly6ooodw.cloudfront.net/reasontv_audio_8302725.mp3,Penny Lane: Why I Gave a Kidney to a Total Stranger,HTTP 404
1567204040,2699349267d9ac17,https://traffic.megaphone.fm/SHDI7667178538.mp3?updated=1731596466,The High Profits and Corruption of the Marijuana Industry,HTTP 410
1474001390,b7d2e07ef599d03f,https://c10.patreonusercontent.com/4/patreon-media/p/post/29531522/5e2d2a1b5a394fc49ba6028567050be1/eyJhIjoxLCJpc19hdWRpbyI6MSwicCI6MX0%3D/1.mp3?token-hash=CxBev5DqhWdMXOZ3sooKHw2dSepgmQfxyoXEHCxeLcc%3D&token-time=1784678400,📢SPECIAL REPORT📢 Night Court,HTTP 403
1474001390,5019678447d72229,https://c10.patreonusercontent.com/4/patreon-media/p/post/53469205/d7f49825ca174afe9ec947a8c3da8f3c/eyJhIjoxLCJpc19hdWRpbyI6MSwicCI6MX0%3D/1.mp3?token-hash=rF7cdbW_BCpUV1Che_DuCCvI4haygED6_B2BH3pus1o%3D&token-time=1784678400,Episode 167: Church and State,HTTP 403
1567204040,6a2575739027c916,https://traffic.megaphone.fm/SHDI3793748167.mp3?updated=1731596351,Punishing Americans With Good Credit,HTTP 410
1474001390,10cc010da2d6a6a7,https://c10.patreonusercontent.com/4/patreon-media/p/post/46617424/8c31a39e808b48d1a719653595a40a71/eyJhIjoxLCJpc19hdWRpbyI6MSwicCI6MX0%3D/1.mp3?token-hash=-BYYg9D5cyWHS1u2hL6Bz7fIlFv5UDicLvEqaFDtFxk%3D&token-time=1784678400,Episode 132: Norman Finkelstein Pt 2,HTTP 403
1567204040,56ddacecdb6ae2f1,https://traffic.megaphone.fm/SHDI6641754724.mp3?updated=1731596375,The Growing Power Of The Teachers Union,HTTP 410
1485021241,36b5cc54ad522181,https://dts.podtrac.com/redirect.mp3/d2h6a3ly6ooodw.cloudfront.net/reasontv_audio_8302725.mp3,Penny Lane: Why I Gave a Kidney to a Total Stranger,HTTP 404
1567204040,029c16e295c8ee02,https://traffic.megaphone.fm/SHDI6018488016.mp3?updated=1731596383,Is the Freedom of Speech on the Ballot?,HTTP 410
1474001390,4fb5691c433f570e,https://c10.patreonusercontent.com/4/patreon-media/p/media/58349063/fa0a046b002544cbb46b4934d5b27122/eyJhIjoxLCJpc19hdWRpbyI6MSwicCI6MX0%3D/1.mp3?token-hash=q6zh17O_faV1EDYZ_sz1CDrW6QCxbHnIqaydH4Ixg1k%3D&token-time=1784678400,[PREVIEW] Episode 56: True & A II,HTTP 403
1474001390,2bceac09a26c2dd4,https://c10.patreonusercontent.com/4/patreon-media/p/media/45745113/ad215af498b94b7e9e1abe71757d761b/eyJhIjoxLCJpc19hdWRpbyI6MSwicCI6MX0%3D/1.mp3?token-hash=33PDfdxCW5Q4sUCpSIzYrbmkPVlvqeyFikPwYvnr5Uo%3D&token-time=1784678400,[PREVIEW] Episode 22: Q's Clues,HTTP 403
1567204040,220a5391f96ebc36,https://traffic.megaphone.fm/SHDI6244878770.mp3?updated=1731596444,The Ruling Class Failed Afghanistan,HTTP 410
1474001390,9f06d1bba780c7d7,https://c10.patreonusercontent.com/4/patreon-media/p/media/61042173/d04a18c9d9f2490199e6fde2ca3ce05a/eyJhIjoxLCJpc19hdWRpbyI6MSwicCI6MX0%3D/1.mp3?token-hash=TR3VrmyXMGXJODd8w2JKqUqyjRHs6d-FvVvwNWBhAqw%3D&token-time=1784678400,[PREVIEW] Episode 62: London Brawling,HTTP 403
1567204040,11a8acd3f7e9f668,https://traffic.megaphone.fm/SHDI3013818559.mp3?updated=1731596443,The Elites Attack On Free Speech,HTTP 410
1474001390,56d714b8594b7854,https://c10.patreonusercontent.com/4/patreon-media/p/post/40146232/2519c9359f154fdf84d64cce2cfd5ab1/eyJhIjoxLCJpc19hdWRpbyI6MSwicCI6MX0%3D/1.mp3?token-hash=L7bBtm4Z0cvNhioiZYDd56t0M_fQWsl9VgR1slN5A8M%3D&token-time=1784678400,Brace Has Fled,HTTP 403
1567204040,cdb535365f9c0093,https://traffic.megaphone.fm/SHDI5944816967.mp3?updated=1731596439,"Corruption, China and Green Energy",HTTP 410
1474001390,78a3c19a7e69b0aa,https://c10.patreonusercontent.com/4/patreon-media/p/media/110177846/326ca0ed4ced42e6b328e5301f780914/eyJhIjoxLCJpc19hdWRpbyI6MSwicCI6MX0%3D/1.mp3?token-hash=NlTEc5CO5_283ZFNY5VNEoNCg-F7TfYmCP6d49brKKY%3D&token-time=1784678400,[PREVIEW] Episode 164: Which Way MAGA Man?,HTTP 403
1567204040,870c002ca5a12224,https://traffic.megaphone.fm/SHDI9789138771.mp3?updated=1731596481,Is Congress Voting Their Way to Wealth?,HTTP 410
1474001390,67f46d8d759957a0,https://c10.patreonusercontent.com/4/patreon-media/p/post/44059534/590f43a7ecb6482ba98dcf1deb95d8d4/eyJhIjoxLCJpc19hdWRpbyI6MSwicCI6MX0%3D/1.mp3?token-hash=Y0BsVOzYVb3zT85HVxfSyvYkmRFEqS6Ejn2Kf597pIA%3D&token-time=1784678400,Episode 118: To Live And Die In Davos Pt. 1,HTTP 403
1567204040,5fc3298f09cfb451,https://traffic.megaphone.fm/SHDI2502234345.mp3?updated=1731596409,Big Government Keeps Shattering The Debt Ceiling,HTTP 410
1567204040,3b33b405207a6093,https://traffic.megaphone.fm/SHDI3005256543.mp3?updated=1731596498,How Big Tech is swaying elections and indoctrinating kids,HTTP 410
1474001390,7127d8d2edce0339,https://c10.patreonusercontent.com/4/patreon-media/p/post/59773160/d19dc2fbaaa646f1a0269da2577dc401/eyJhIjoxLCJpc19hdWRpbyI6MSwicCI6MX0%3D/1.mp3?token-hash=D67oI9SOb6jqIAcmbkKUO2V2ikquWpHxb-VnGUfxO40%3D&token-time=1784678400,👁️ Ghislaine Maxwell Trial: Day 10 👁️,HTTP 403
1567204040,4c30973e3d3d449f,https://traffic.megaphone.fm/SHDI2250402190.mp3?updated=1731596494,The Bidens “Run a Very Sophisticated Criminal Enterprise”,HTTP 410
1474001390,56d714b8594b7854,https://c10.patreonusercontent.com/4/patreon-media/p/post/40146232/2519c9359f154fdf84d64cce2cfd5ab1/eyJhIjoxLCJpc19hdWRpbyI6MSwicCI6MX0%3D/1.mp3?token-hash=L7bBtm4Z0cvNhioiZYDd56t0M_fQWsl9VgR1slN5A8M%3D&token-time=1784678400,Brace Has Fled,HTTP 403
1567204040,2699349267d9ac17,https://traffic.megaphone.fm/SHDI7667178538.mp3?updated=1731596466,The High Profits and Corruption of the Marijuana Industry,HTTP 410
1474001390,b7d2e07ef599d03f,https://c10.patreonusercontent.com/4/patreon-media/p/post/29531522/5e2d2a1b5a394fc49ba6028567050be1/eyJhIjoxLCJpc19hdWRpbyI6MSwicCI6MX0%3D/1.mp3?token-hash=CxBev5DqhWdMXOZ3sooKHw2dSepgmQfxyoXEHCxeLcc%3D&token-time=1784678400,📢SPECIAL REPORT📢 Night Court,HTTP 403
1474001390,630af44fe8312a9a,https://c10.patreonusercontent.com/4/patreon-media/p/post/91508360/62070a781fe945bba8d154dca2b2a129/eyJhIjoxLCJpc19hdWRpbyI6MSwicCI6MX0%3D/1.mp3?token-hash=iCHPeXf-9VeWfnGz10D96ZYrE1Wcc_OxMNGwSCcL8io%3D&token-time=1784678400,Episode 327: It's Not Too Late,HTTP 403
1485021241,36b5cc54ad522181,https://dts.podtrac.com/redirect.mp3/d2h6a3ly6ooodw.cloudfront.net/reasontv_audio_8302725.mp3,Penny Lane: Why I Gave a Kidney to a Total Stranger,HTTP 404
1474001390,5019678447d72229,https://c10.patreonusercontent.com/4/patreon-media/p/post/53469205/d7f49825ca174afe9ec947a8c3da8f3c/eyJhIjoxLCJpc19hdWRpbyI6MSwicCI6MX0%3D/1.mp3?token-hash=rF7cdbW_BCpUV1Che_DuCCvI4haygED6_B2BH3pus1o%3D&token-time=1784678400,Episode 167: Church and State,HTTP 403
1474001390,78a3c19a7e69b0aa,https://c10.patreonusercontent.com/4/patreon-media/p/media/110177846/326ca0ed4ced42e6b328e5301f780914/eyJhIjoxLCJpc19hdWRpbyI6MSwicCI6MX0%3D/1.mp3?token-hash=NlTEc5CO5_283ZFNY5VNEoNCg-F7TfYmCP6d49brKKY%3D&token-time=1784678400,[PREVIEW] Episode 164: Which Way MAGA Man?,HTTP 403
1474001390,10cc010da2d6a6a7,https://c10.patreonusercontent.com/4/patreon-media/p/post/46617424/8c31a39e808b48d1a719653595a40a71/eyJhIjoxLCJpc19hdWRpbyI6MSwicCI6MX0%3D/1.mp3?token-hash=-BYYg9D5cyWHS1u2hL6Bz7fIlFv5UDicLvEqaFDtFxk%3D&token-time=1784678400,Episode 132: Norman Finkelstein Pt 2,HTTP 403
1474001390,babd20b81d933bcb,https://c10.patreonusercontent.com/4/patreon-media/p/post/98100832/c724425c92114590ae29104fbb8aee91/eyJhIjoxLCJpc19hdWRpbyI6MSwicCI6MX0%3D/1.mp3?token-hash=27nRzPYCPLM0TbKk1BUxvrh_-yLG-0GMKC4fG6OPwWk%3D&token-time=1784678400,Episode 352: CEDU Country,HTTP 403
1474001390,0678f20237ebae97,https://c10.patreonusercontent.com/4/patreon-media/p/media/146093763/daaa7db1fd044f3da3ca4fd68297d069/eyJhIjoxLCJpc19hdWRpbyI6MSwicCI6MX0%3D/1.mp3?token-hash=NnF4C0n3b4Bd3DpRgWbhOUnlvkepuNFl0dqWEkprHiY%3D&token-time=1784678400,[PREVIEW] Episode 199: Uh Oh!,HTTP 403
1474001390,9f06d1bba780c7d7,https://c10.patreonusercontent.com/4/patreon-media/p/media/61042173/d04a18c9d9f2490199e6fde2ca3ce05a/eyJhIjoxLCJpc19hdWRpbyI6MSwicCI6MX0%3D/1.mp3?token-hash=TR3VrmyXMGXJODd8w2JKqUqyjRHs6d-FvVvwNWBhAqw%3D&token-time=1784678400,[PREVIEW] Episode 62: London Brawling,HTTP 403
1474001390,4691e55c3b58a2e9,https://c10.patreonusercontent.com/4/patreon-media/p/post/81457652/59b3585435b146228d1556188b2a6fb1/eyJhIjoxLCJpc19hdWRpbyI6MSwicCI6MX0%3D/1.mp3?token-hash=1bw6WvEqyhQw-1aQmbnqMA4LUrX33imz6Gu1L1ng5Lk%3D&token-time=1784678400,Episode 283: Falun Gong Part 1: Shen Yun,HTTP 403
1474001390,bc5be53ffba5f9e8,https://c10.patreonusercontent.com/4/patreon-media/p/post/88539392/0f0cebf04afd4e48a8f77e99ea9a42d1/eyJhIjoxLCJpc19hdWRpbyI6MSwicCI6MX0%3D/1.mp3?token-hash=mIcyR09AWuO0AMOIAfB90k9YHkBKwax5AI-4SvCxzg8%3D&token-time=1784678400,Episode 316: Carceral Warfare,HTTP 403
1474001390,a6dfd6fc502ee03d,https://c10.patreonusercontent.com/4/patreon-media/p/media/149530657/5c944222f7974499b18055394b646a3c/eyJhIjoxLCJpc19hdWRpbyI6MSwicCI6MX0%3D/1.mp3?token-hash=F28AsbFfsuud8pkDbCxYTm_Lxb-gQNEuZ4a0zWzd4AE%3D&token-time=1784678400,[PREVIEW] Episode 221: Marathon Men (Part 2),HTTP 403
1474001390,fb4a29eec6084445,https://c10.patreonusercontent.com/4/patreon-media/p/post/76777890/508c4b147da14287ab8f857e465f7d63/eyJhIjoxLCJpc19hdWRpbyI6MSwicCI6MX0%3D/1.mp3?token-hash=y6cNHjVEg4kqZ4npGDtUQtzyVH1wd_5bGLnctOpy_O4%3D&token-time=1784678400,Episode 262: CEDU Detective,HTTP 403
1474001390,86d94917b10243b3,https://c10.patreonusercontent.com/4/patreon-media/p/post/68684601/9cb702e1ba384f4d9c3a2eb557bf441e/eyJhIjoxLCJpc19hdWRpbyI6MSwicCI6MX0%3D/1.mp3?token-hash=Ax7ZhQrdZYdCEmargha7qwKBoifQYaZFcWFqAwH-fKE%3D&token-time=1784678400,Episode 236: Pledge A Legion,HTTP 403
1474001390,67f46d8d759957a0,https://c10.patreonusercontent.com/4/patreon-media/p/post/44059534/590f43a7ecb6482ba98dcf1deb95d8d4/eyJhIjoxLCJpc19hdWRpbyI6MSwicCI6MX0%3D/1.mp3?token-hash=Y0BsVOzYVb3zT85HVxfSyvYkmRFEqS6Ejn2Kf597pIA%3D&token-time=1784678400,Episode 118: To Live And Die In Davos Pt. 1,HTTP 403
1474001390,7127d8d2edce0339,https://c10.patreonusercontent.com/4/patreon-media/p/post/59773160/d19dc2fbaaa646f1a0269da2577dc401/eyJhIjoxLCJpc19hdWRpbyI6MSwicCI6MX0%3D/1.mp3?token-hash=D67oI9SOb6jqIAcmbkKUO2V2ikquWpHxb-VnGUfxO40%3D&token-time=1784678400,👁️ Ghislaine Maxwell Trial: Day 10 👁️,HTTP 403
1474001390,644c48bc05599466,https://c10.patreonusercontent.com/4/patreon-media/p/post/76282256/35fc1c98b7354b82909e662b086d6c10/eyJhIjoxLCJpc19hdWRpbyI6MSwicCI6MX0%3D/1.mp3?token-hash=0KOiar7ieC-PzxxNFoRlZoHWBPNc3P_gRfrKO7TATgA%3D&token-time=1784678400,Episode 260: God-Sperm of Mad Men,HTTP 403
1474001390,4401c0d4ac9e47f2,https://c10.patreonusercontent.com/4/patreon-media/p/post/101497066/c2fd6a290fc849eaab8c42e883a661eb/eyJhIjoxLCJpc19hdWRpbyI6MSwicCI6MX0%3D/1.mp3?token-hash=F39WUSEElT8243gE4ibV0sO49jrOE59CGO9sczBWD-4%3D&token-time=1784678400,Episode 366: Olive Branch,HTTP 403
1474001390,86d94917b10243b3,https://c10.patreonusercontent.com/4/patreon-media/p/post/68684601/9cb702e1ba384f4d9c3a2eb557bf441e/eyJhIjoxLCJpc19hdWRpbyI6MSwicCI6MX0%3D/1.mp3?token-hash=Ax7ZhQrdZYdCEmargha7qwKBoifQYaZFcWFqAwH-fKE%3D&token-time=1784678400,Episode 236: Pledge A Legion,HTTP 403
1474001390,9f06d1bba780c7d7,https://c10.patreonusercontent.com/4/patreon-media/p/media/61042173/d04a18c9d9f2490199e6fde2ca3ce05a/eyJhIjoxLCJpc19hdWRpbyI6MSwicCI6MX0%3D/1.mp3?token-hash=TR3VrmyXMGXJODd8w2JKqUqyjRHs6d-FvVvwNWBhAqw%3D&token-time=1784678400,[PREVIEW] Episode 62: London Brawling,HTTP 403
1474001390,0678f20237ebae97,https://c10.patreonusercontent.com/4/patreon-media/p/media/146093763/daaa7db1fd044f3da3ca4fd68297d069/eyJhIjoxLCJpc19hdWRpbyI6MSwicCI6MX0%3D/1.mp3?token-hash=NnF4C0n3b4Bd3DpRgWbhOUnlvkepuNFl0dqWEkprHiY%3D&token-time=1784678400,[PREVIEW] Episode 199: Uh Oh!,HTTP 403
1474001390,56d714b8594b7854,https://c10.patreonusercontent.com/4/patreon-media/p/post/40146232/2519c9359f154fdf84d64cce2cfd5ab1/eyJhIjoxLCJpc19hdWRpbyI6MSwicCI6MX0%3D/1.mp3?token-hash=L7bBtm4Z0cvNhioiZYDd56t0M_fQWsl9VgR1slN5A8M%3D&token-time=1784678400,Brace Has Fled,HTTP 403
1474001390,67f46d8d759957a0,https://c10.patreonusercontent.com/4/patreon-media/p/post/44059534/590f43a7ecb6482ba98dcf1deb95d8d4/eyJhIjoxLCJpc19hdWRpbyI6MSwicCI6MX0%3D/1.mp3?token-hash=Y0BsVOzYVb3zT85HVxfSyvYkmRFEqS6Ejn2Kf597pIA%3D&token-time=1784678400,Episode 118: To Live And Die In Davos Pt. 1,HTTP 403
1474001390,7127d8d2edce0339,https://c10.patreonusercontent.com/4/patreon-media/p/post/59773160/d19dc2fbaaa646f1a0269da2577dc401/eyJhIjoxLCJpc19hdWRpbyI6MSwicCI6MX0%3D/1.mp3?token-hash=D67oI9SOb6jqIAcmbkKUO2V2ikquWpHxb-VnGUfxO40%3D&token-time=1784678400,👁️ Ghislaine Maxwell Trial: Day 10 👁️,HTTP 403
1474001390,10cc010da2d6a6a7,https://c10.patreonusercontent.com/4/patreon-media/p/post/46617424/8c31a39e808b48d1a719653595a40a71/eyJhIjoxLCJpc19hdWRpbyI6MSwicCI6MX0%3D/1.mp3?token-hash=-BYYg9D5cyWHS1u2hL6Bz7fIlFv5UDicLvEqaFDtFxk%3D&token-time=1784678400,Episode 132: Norman Finkelstein Pt 2,HTTP 403
1474001390,644c48bc05599466,https://c10.patreonusercontent.com/4/patreon-media/p/post/76282256/35fc1c98b7354b82909e662b086d6c10/eyJhIjoxLCJpc19hdWRpbyI6MSwicCI6MX0%3D/1.mp3?token-hash=0KOiar7ieC-PzxxNFoRlZoHWBPNc3P_gRfrKO7TATgA%3D&token-time=1784678400,Episode 260: God-Sperm of Mad Men,HTTP 403
1474001390,4401c0d4ac9e47f2,https://c10.patreonusercontent.com/4/patreon-media/p/post/101497066/c2fd6a290fc849eaab8c42e883a661eb/eyJhIjoxLCJpc19hdWRpbyI6MSwicCI6MX0%3D/1.mp3?token-hash=F39WUSEElT8243gE4ibV0sO49jrOE59CGO9sczBWD-4%3D&token-time=1784678400,Episode 366: Olive Branch,HTTP 403
1474001390,bc5be53ffba5f9e8,https://c10.patreonusercontent.com/4/patreon-media/p/post/88539392/0f0cebf04afd4e48a8f77e99ea9a42d1/eyJhIjoxLCJpc19hdWRpbyI6MSwicCI6MX0%3D/1.mp3?token-hash=mIcyR09AWuO0AMOIAfB90k9YHkBKwax5AI-4SvCxzg8%3D&token-time=1784678400,Episode 316: Carceral Warfare,HTTP 403
1474001390,5019678447d72229,https://c10.patreonusercontent.com/4/patreon-media/p/post/53469205/d7f49825ca174afe9ec947a8c3da8f3c/eyJhIjoxLCJpc19hdWRpbyI6MSwicCI6MX0%3D/1.mp3?token-hash=rF7cdbW_BCpUV1Che_DuCCvI4haygED6_B2BH3pus1o%3D&token-time=1784678400,Episode 167: Church and State,HTTP 403
1474001390,4691e55c3b58a2e9,https://c10.patreonusercontent.com/4/patreon-media/p/post/81457652/59b3585435b146228d1556188b2a6fb1/eyJhIjoxLCJpc19hdWRpbyI6MSwicCI6MX0%3D/1.mp3?token-hash=1bw6WvEqyhQw-1aQmbnqMA4LUrX33imz6Gu1L1ng5Lk%3D&token-time=1784678400,Episode 283: Falun Gong Part 1: Shen Yun,HTTP 403
1474001390,fb4a29eec6084445,https://c10.patreonusercontent.com/4/patreon-media/p/post/76777890/508c4b147da14287ab8f857e465f7d63/eyJhIjoxLCJpc19hdWRpbyI6MSwicCI6MX0%3D/1.mp3?token-hash=y6cNHjVEg4kqZ4npGDtUQtzyVH1wd_5bGLnctOpy_O4%3D&token-time=1784678400,Episode 262: CEDU Detective,HTTP 403
1474001390,babd20b81d933bcb,https://c10.patreonusercontent.com/4/patreon-media/p/post/98100832/c724425c92114590ae29104fbb8aee91/eyJhIjoxLCJpc19hdWRpbyI6MSwicCI6MX0%3D/1.mp3?token-hash=27nRzPYCPLM0TbKk1BUxvrh_-yLG-0GMKC4fG6OPwWk%3D&token-time=1784678400,Episode 352: CEDU Country,HTTP 403
1474001390,78a3c19a7e69b0aa,https://c10.patreonusercontent.com/4/patreon-media/p/media/110177846/326ca0ed4ced42e6b328e5301f780914/eyJhIjoxLCJpc19hdWRpbyI6MSwicCI6MX0%3D/1.mp3?token-hash=NlTEc5CO5_283ZFNY5VNEoNCg-F7TfYmCP6d49brKKY%3D&token-time=1784678400,[PREVIEW] Episode 164: Which Way MAGA Man?,HTTP 403
1474001390,630af44fe8312a9a,https://c10.patreonusercontent.com/4/patreon-media/p/post/91508360/62070a781fe945bba8d154dca2b2a129/eyJhIjoxLCJpc19hdWRpbyI6MSwicCI6MX0%3D/1.mp3?token-hash=iCHPeXf-9VeWfnGz10D96ZYrE1Wcc_OxMNGwSCcL8io%3D&token-time=1784678400,Episode 327: It's Not Too Late,HTTP 403
1474001390,a6dfd6fc502ee03d,https://c10.patreonusercontent.com/4/patreon-media/p/media/149530657/5c944222f7974499b18055394b646a3c/eyJhIjoxLCJpc19hdWRpbyI6MSwicCI6MX0%3D/1.mp3?token-hash=F28AsbFfsuud8pkDbCxYTm_Lxb-gQNEuZ4a0zWzd4AE%3D&token-time=1784678400,[PREVIEW] Episode 221: Marathon Men (Part 2),HTTP 403
1474001390,3c29efc7b82a2ab8,https://c10.patreonusercontent.com/4/patreon-media/p/post/113256070/1a7153e812b64d01b8d50df6ec5b3050/eyJhIjoxLCJpc19hdWRpbyI6MSwicCI6MX0%3D/1.mp3?token-hash=4M0zy7NdhwiUwvrgZLxBwNTiYjglcgsPdE6C4DhbLFY%3D&token-time=1784678400,VP DEBATE,HTTP 403
1567204040,cba71733017bae1e,https://traffic.megaphone.fm/SHDI1490448736.mp3?updated=1731596466,Why the CDC and NIH Failed to Control COVID-19,HTTP 410
1785081636,db64124cc2b86107,https://sphinx.acast.com/p/open/s/675b829492bfc0e8869676aa/e/67cc9afba890beb52e40f8fc/media.mp3,"Trump Trolls Trump: ""Rapid Unscheduled Disassembly""",HTTP 404
1474001390,10cc010da2d6a6a7,https://c10.patreonusercontent.com/4/patreon-media/p/post/46617424/8c31a39e808b48d1a719653595a40a71/eyJhIjoxLCJpc19hdWRpbyI6MSwicCI6MX0%3D/1.mp3?token-hash=-BYYg9D5cyWHS1u2hL6Bz7fIlFv5UDicLvEqaFDtFxk%3D&token-time=1784678400,Episode 132: Norman Finkelstein Pt 2,HTTP 403
1474001390,67f46d8d759957a0,https://c10.patreonusercontent.com/4/patreon-media/p/post/44059534/590f43a7ecb6482ba98dcf1deb95d8d4/eyJhIjoxLCJpc19hdWRpbyI6MSwicCI6MX0%3D/1.mp3?token-hash=Y0BsVOzYVb3zT85HVxfSyvYkmRFEqS6Ejn2Kf597pIA%3D&token-time=1784678400,Episode 118: To Live And Die In Davos Pt. 1,HTTP 403
1474001390,78a3c19a7e69b0aa,https://c10.patreonusercontent.com/4/patreon-media/p/media/110177846/326ca0ed4ced42e6b328e5301f780914/eyJhIjoxLCJpc19hdWRpbyI6MSwicCI6MX0%3D/1.mp3?token-hash=NlTEc5CO5_283ZFNY5VNEoNCg-F7TfYmCP6d49brKKY%3D&token-time=1784678400,[PREVIEW] Episode 164: Which Way MAGA Man?,HTTP 403
1567204040,cba71733017bae1e,https://traffic.megaphone.fm/SHDI1490448736.mp3?updated=1731596466,Why the CDC and NIH Failed to Control COVID-19,HTTP 410
1785081636,db64124cc2b86107,https://sphinx.acast.com/p/open/s/675b829492bfc0e8869676aa/e/67cc9afba890beb52e40f8fc/media.mp3,"Trump Trolls Trump: ""Rapid Unscheduled Disassembly""",HTTP 404
1474001390,4401c0d4ac9e47f2,https://c10.patreonusercontent.com/4/patreon-media/p/post/101497066/c2fd6a290fc849eaab8c42e883a661eb/eyJhIjoxLCJpc19hdWRpbyI6MSwicCI6MX0%3D/1.mp3?token-hash=F39WUSEElT8243gE4ibV0sO49jrOE59CGO9sczBWD-4%3D&token-time=1784678400,Episode 366: Olive Branch,HTTP 403
1474001390,56d714b8594b7854,https://c10.patreonusercontent.com/4/patreon-media/p/post/40146232/2519c9359f154fdf84d64cce2cfd5ab1/eyJhIjoxLCJpc19hdWRpbyI6MSwicCI6MX0%3D/1.mp3?token-hash=L7bBtm4Z0cvNhioiZYDd56t0M_fQWsl9VgR1slN5A8M%3D&token-time=1784678400,Brace Has Fled,HTTP 403
1474001390,5019678447d72229,https://c10.patreonusercontent.com/4/patreon-media/p/post/53469205/d7f49825ca174afe9ec947a8c3da8f3c/eyJhIjoxLCJpc19hdWRpbyI6MSwicCI6MX0%3D/1.mp3?token-hash=rF7cdbW_BCpUV1Che_DuCCvI4haygED6_B2BH3pus1o%3D&token-time=1784678400,Episode 167: Church and State,HTTP 403
1474001390,fb4a29eec6084445,https://c10.patreonusercontent.com/4/patreon-media/p/post/76777890/508c4b147da14287ab8f857e465f7d63/eyJhIjoxLCJpc19hdWRpbyI6MSwicCI6MX0%3D/1.mp3?token-hash=y6cNHjVEg4kqZ4npGDtUQtzyVH1wd_5bGLnctOpy_O4%3D&token-time=1784678400,Episode 262: CEDU Detective,HTTP 403
1474001390,644c48bc05599466,https://c10.patreonusercontent.com/4/patreon-media/p/post/76282256/35fc1c98b7354b82909e662b086d6c10/eyJhIjoxLCJpc19hdWRpbyI6MSwicCI6MX0%3D/1.mp3?token-hash=0KOiar7ieC-PzxxNFoRlZoHWBPNc3P_gRfrKO7TATgA%3D&token-time=1784678400,Episode 260: God-Sperm of Mad Men,HTTP 403
1474001390,86d94917b10243b3,https://c10.patreonusercontent.com/4/patreon-media/p/post/68684601/9cb702e1ba384f4d9c3a2eb557bf441e/eyJhIjoxLCJpc19hdWRpbyI6MSwicCI6MX0%3D/1.mp3?token-hash=Ax7ZhQrdZYdCEmargha7qwKBoifQYaZFcWFqAwH-fKE%3D&token-time=1784678400,Episode 236: Pledge A Legion,HTTP 403
1474001390,7127d8d2edce0339,https://c10.patreonusercontent.com/4/patreon-media/p/post/59773160/d19dc2fbaaa646f1a0269da2577dc401/eyJhIjoxLCJpc19hdWRpbyI6MSwicCI6MX0%3D/1.mp3?token-hash=D67oI9SOb6jqIAcmbkKUO2V2ikquWpHxb-VnGUfxO40%3D&token-time=1784678400,👁️ Ghislaine Maxwell Trial: Day 10 👁️,HTTP 403
1474001390,0678f20237ebae97,https://c10.patreonusercontent.com/4/patreon-media/p/media/146093763/daaa7db1fd044f3da3ca4fd68297d069/eyJhIjoxLCJpc19hdWRpbyI6MSwicCI6MX0%3D/1.mp3?token-hash=NnF4C0n3b4Bd3DpRgWbhOUnlvkepuNFl0dqWEkprHiY%3D&token-time=1784678400,[PREVIEW] Episode 199: Uh Oh!,HTTP 403
1474001390,a6dfd6fc502ee03d,https://c10.patreonusercontent.com/4/patreon-media/p/media/149530657/5c944222f7974499b18055394b646a3c/eyJhIjoxLCJpc19hdWRpbyI6MSwicCI6MX0%3D/1.mp3?token-hash=F28AsbFfsuud8pkDbCxYTm_Lxb-gQNEuZ4a0zWzd4AE%3D&token-time=1784678400,[PREVIEW] Episode 221: Marathon Men (Part 2),HTTP 403
1474001390,9f06d1bba780c7d7,https://c10.patreonusercontent.com/4/patreon-media/p/media/61042173/d04a18c9d9f2490199e6fde2ca3ce05a/eyJhIjoxLCJpc19hdWRpbyI6MSwicCI6MX0%3D/1.mp3?token-hash=TR3VrmyXMGXJODd8w2JKqUqyjRHs6d-FvVvwNWBhAqw%3D&token-time=1784678400,[PREVIEW] Episode 62: London Brawling,HTTP 403
1474001390,4691e55c3b58a2e9,https://c10.patreonusercontent.com/4/patreon-media/p/post/81457652/59b3585435b146228d1556188b2a6fb1/eyJhIjoxLCJpc19hdWRpbyI6MSwicCI6MX0%3D/1.mp3?token-hash=1bw6WvEqyhQw-1aQmbnqMA4LUrX33imz6Gu1L1ng5Lk%3D&token-time=1784678400,Episode 283: Falun Gong Part 1: Shen Yun,HTTP 403
1474001390,630af44fe8312a9a,https://c10.patreonusercontent.com/4/patreon-media/p/post/91508360/62070a781fe945bba8d154dca2b2a129/eyJhIjoxLCJpc19hdWRpbyI6MSwicCI6MX0%3D/1.mp3?token-hash=iCHPeXf-9VeWfnGz10D96ZYrE1Wcc_OxMNGwSCcL8io%3D&token-time=1784678400,Episode 327: It's Not Too Late,HTTP 403
1474001390,bc5be53ffba5f9e8,https://c10.patreonusercontent.com/4/patreon-media/p/post/88539392/0f0cebf04afd4e48a8f77e99ea9a42d1/eyJhIjoxLCJpc19hdWRpbyI6MSwicCI6MX0%3D/1.mp3?token-hash=mIcyR09AWuO0AMOIAfB90k9YHkBKwax5AI-4SvCxzg8%3D&token-time=1784678400,Episode 316: Carceral Warfare,HTTP 403
1474001390,babd20b81d933bcb,https://c10.patreonusercontent.com/4/patreon-media/p/post/98100832/c724425c92114590ae29104fbb8aee91/eyJhIjoxLCJpc19hdWRpbyI6MSwicCI6MX0%3D/1.mp3?token-hash=27nRzPYCPLM0TbKk1BUxvrh_-yLG-0GMKC4fG6OPwWk%3D&token-time=1784678400,Episode 352: CEDU Country,HTTP 403
1474001390,3c29efc7b82a2ab8,https://c10.patreonusercontent.com/4/patreon-media/p/post/113256070/1a7153e812b64d01b8d50df6ec5b3050/eyJhIjoxLCJpc19hdWRpbyI6MSwicCI6MX0%3D/1.mp3?token-hash=4M0zy7NdhwiUwvrgZLxBwNTiYjglcgsPdE6C4DhbLFY%3D&token-time=1784678400,VP DEBATE,HTTP 403
1785081636,6b8e95b2b51ece63,https://sphinx.acast.com/p/open/s/675b829492bfc0e8869676aa/e/6855b995412e0f0fbff08b91/media.mp3,Trump Faces MAGA Revolt,HTTP 404
1567204040,47270c162c5decf3,https://traffic.megaphone.fm/SHDI4120390003.mp3?updated=1731596439,Corporate Connections to China with Alex Marlow,HTTP 410
1474001390,118af8b567aa9f89,https://c10.patreonusercontent.com/4/patreon-media/p/media/51112746/b2d3231b2d854a9793e3ec81b83223b0/eyJhIjoxLCJpc19hdWRpbyI6MSwicCI6MX0%3D/1.mp3?token-hash=7O4EhVQ-xI3IdQSJ8A08GWn6uFvf3M-K4CqTx9t2_N4%3D&token-time=1784678400,[PREVIEW] Episode 34: Douche Bank,HTTP 403
1785081636,e5dbdb9f9ea79e5e,https://sphinx.acast.com/p/open/s/675b829492bfc0e8869676aa/e/68c20c0a0fa00b58172d49ec/media.mp3,Charlie Kirk Shot and Killed at University Event in Utah,HTTP 404
1474001390,bd3f697a7c8fe67f,https://c10.patreonusercontent.com/4/patreon-media/p/media/68169698/468836a8cd0940f2be039467606ea43e/eyJhIjoxLCJpc19hdWRpbyI6MSwicCI6MX0%3D/1.mp3?token-hash=G-BNLSryWGgIV-BkceTamyHO02LjyoCSE4-jMfc5TYU%3D&token-time=1784678400,[PREVIEW] Episode 77: True and A III,HTTP 403
1785081636,542aad3d8ebb45d7,https://sphinx.acast.com/p/open/s/675b829492bfc0e8869676aa/e/69431aecb4589744b1131cb9/media.mp3,Supreme Court Torches Democracy for Trump,HTTP 404
1567204040,757e327944750061,https://traffic.megaphone.fm/SHDI5915551864.mp3?updated=1731596371,Crooks and Spies AKA Hunters Business Associates,HTTP 410
1785081636,d3b676db3dbce996,https://sphinx.acast.com/p/open/s/675b829492bfc0e8869676aa/e/69bb110dc4b9c3b6f4f9b7f9/media.mp3,Donald Trump Ties Resurface in Epstein Bombshell,HTTP 404
1474001390,819d500f84d8beed,https://c10.patreonusercontent.com/4/patreon-media/p/post/44873618/15a4b28b60f94686866b5111c939f117/eyJhIjoxLCJpc19hdWRpbyI6MSwicCI6MX0%3D/1.mp3?token-hash=VCdmiZWgcvNhefUADefH2K97dnvTPtflQIY-q92wZEs%3D&token-time=1784678400,Episode 123: The Stupid France of Mr. Macron,HTTP 403
1567204040,ad9fca7cee3a02ac,https://traffic.megaphone.fm/SHDI5900864474.mp3?updated=1731596402,Foreign Adversaries Influence Elected Officials' Family Members,HTTP 410
1785081636,2d0d0b84a23850da,https://sphinx.acast.com/p/open/s/675b829492bfc0e8869676aa/e/69f271bfeaa0279b7c7960eb/media.mp3,Trump’s Midterm Election Scheme Revealed,HTTP 404
1567204040,44fe41c5eb9643a8,https://traffic.megaphone.fm/SHDI4875902556.mp3?updated=1731596421,Voter Fraud is Enabled By Bad Policy,HTTP 410
1785081636,7b6576a02c84d5cc,https://sphinx.acast.com/p/open/s/675b829492bfc0e8869676aa/e/6a4ec85e81fe1f6460f10daa/media.mp3,DOJ Assault on Disability Rights | Big Voice Wednesday,HTTP 404
1474001390,b5b6e300f0a116ce,https://c10.patreonusercontent.com/4/patreon-media/p/post/50367986/01ef0f2f366240bdaca3f441bc6b4643/eyJhIjoxLCJpc19hdWRpbyI6MSwicCI6MX0%3D/1.mp3?token-hash=H-9m0LQ6G2EJhnKWId2E3cOlOPYHDwCoCxy4lQ-6KUM%3D&token-time=1784678400,Episode 153: JFK 101 (Pt. 1 of ???),HTTP 403
1567204040,ec60d1b5ceff1f73,https://traffic.megaphone.fm/SHDI4075516655.mp3?updated=1731596379,The Dark Side of Diversity at Harvard,HTTP 410
1474001390,cf824f9b7dc594bb,https://c10.patreonusercontent.com/4/patreon-media/p/post/60485217/35ef9372dc1b426dac769d4e74e49716/eyJhIjoxLCJpc19hdWRpbyI6MSwicCI6MX0%3D/1.mp3?token-hash=XKo1cxsYgR5ZbSSJlAZ0aUp5x-SGNH9gazSfax4Xrco%3D&token-time=1784678400,👁️ Ghislaine Maxwell Trial: Day 18 👁️,HTTP 403
1567204040,6d699f1b7b2de53d,https://traffic.megaphone.fm/SHDI3843021272.mp3?updated=1731596405,The End of Joe Biden's Political Career,HTTP 410
1474001390,db23b44c46acdd65,https://c10.patreonusercontent.com/4/patreon-media/p/media/140779072/ec6c8c952fd1437ea98d380098817cd7/eyJhIjoxLCJpc19hdWRpbyI6MSwicCI6MX0%3D/1.mp3?token-hash=86JLR8SMEHBnTWpsrw8wsC1ZilAFtyA0W9G9rr_wgzo%3D&token-time=1784678400,[PREVIEW] Keep the Dream Alive Part 3: How the West Was Won,HTTP 403
1567204040,81ad5ace06f903a8,https://traffic.megaphone.fm/SHDI1109796733.mp3?updated=1731596487,"Biden’s Energy Department ""Weaponized"" to Reward Friends, Help China",HTTP 410
1567204040,78e6c300abd6b05d,https://traffic.megaphone.fm/SHDI3640814044.mp3?updated=1731596492,Masters of Corruption: The Drill Down Interviews a Whistleblower,HTTP 410
1474001390,6624eeeb264418de,https://c10.patreonusercontent.com/4/patreon-media/p/media/159801245/32f6da9e102844b181f3441bc3d8ca49/eyJhIjoxLCJpc19hdWRpbyI6MSwicCI6MX0%3D/1.mp3?token-hash=oSieDk9WGgg9vaK_5NPWW2WXtjxFpkg1oM5nkjTdUhM%3D&token-time=1784678400,[PREVIEW] Episode 237: High Weirdness in the Great Salt Lake,HTTP 403
1567204040,7b75798a6a2e94d1,https://traffic.megaphone.fm/SHDI3380400057.mp3?updated=1731596348,The Mumble that Shook the World,HTTP 410
1474001390,b816d47f39059f0c,https://c10.patreonusercontent.com/4/patreon-media/p/media/188979074/669bf10de110427ca6c56a6c1ca19801/eyJhIjoxLCJpc19hdWRpbyI6MSwicCI6MX0%3D/1.mp3?token-hash=bVMC6WePVVLJqKrCPo8_j8kXEHGhVzOMyZc6RlQEHCo%3D&token-time=1784678400,[PREVIEW] Episode 269: Cosa Nostra Part 1,HTTP 403
1474001390,11aead67da3a3051,https://c10.patreonusercontent.com/4/patreon-media/p/post/84799882/b57b599817f8418595090466d120b39d/eyJhIjoxLCJpc19hdWRpbyI6MSwicCI6MX0%3D/1.mp3?token-hash=NzpI9ZgimyRebv0likCnzHrqG-2wgv4AKSE49z3ncbc%3D&token-time=1784678400,Episode 300: Episode 300,HTTP 403
1567204040,4599f76ba3cc1d6b,https://traffic.megaphone.fm/SHDI7183907117.mp3,Birth Tourism Wins at the Supreme Court,HTTP 410
1474001390,dbe722060343af83,https://c10.patreonusercontent.com/4/patreon-media/p/post/94661383/41bcc7888a784f828c4134159650a190/eyJhIjoxLCJpc19hdWRpbyI6MSwicCI6MX0%3D/1.mp3?token-hash=sMU0l-b9liK8yb0Ei7oEZYT3VZ9y5DY9EHUCHVIMqxg%3D&token-time=1784678400,Episode 340: Terminator vs. Avatar,HTTP 403
1474001390,7a2ab7063c6fdd05,https://c10.patreonusercontent.com/4/patreon-media/p/post/108861237/2c2058a5a1f3478b8359d8acf9719547/eyJhIjoxLCJpc19hdWRpbyI6MSwicCI6MX0%3D/1.mp3?token-hash=w4BqidWtHLRWKfFHnAI5Vo_wZriVyazY666cR0l_4pY%3D&token-time=1784678400,Episode 395: House of Tards,HTTP 403
1474001390,98c1188049a3f027,https://c10.patreonusercontent.com/4/patreon-media/p/post/133576710/e27511c91f284a4fa4f783539375e50b/eyJhIjoxLCJpc19hdWRpbyI6MSwicCI6MX0%3D/1.mp3?token-hash=Dk7wsWaQhEcfK4d1O1ovFSMyPTDmkftnPUx_wgXWtxQ%3D&token-time=1784678400,Episode 472: The Jane Street Coup,HTTP 403
1474001390,c4aff2d61ba8bbe9,https://c10.patreonusercontent.com/4/patreon-media/p/post/163718813/7f8e69c5d9584f1abd09b3a0b6bce1ed/eyJhIjoxLCJpc19hdWRpbyI6MSwicCI6MX0%3D/1.mp3?token-hash=wlUe0G_ucDZKfCpeT8-HwMp5Hgxow9sUv6hnBwNIaGg%3D&token-time=1784678400,UNLOCKED: Episode 546: Toboso,HTTP 403
1567204040,75260b808a9822e0,https://traffic.megaphone.fm/SHDI5440059225.mp3?updated=1731596468,Buying Underwear and Gazeboes With Taxpayer Money,HTTP 410
1567204040,3e9d052e8a5faf93,https://traffic.megaphone.fm/SHDI4010442639.mp3?updated=1731596433,DRILL BITS: American Toilets All Over,HTTP 410
1785081636,5d5c0b4ff6a92f80,https://sphinx.acast.com/p/open/s/675b829492bfc0e8869676aa/e/6842009fc4b70577af4d6f42/media.mp3,Donald and Elon Rage Against Each Other,HTTP 404
1567204040,0988cd4b84822e34,https://traffic.megaphone.fm/SHDI3049011100.mp3?updated=1731596444,Is Corrupt Money Funding The Obama Library?,HTTP 410
1474001390,42bc548182d18e04,https://c10.patreonusercontent.com/4/patreon-media/p/post/36893495/46487ba2d35c42279151b7d43412ad4e/eyJhIjoxLCJpc19hdWRpbyI6MSwicCI6MX0%3D/1.mp3?token-hash=errcsgV2wwlxqNw6CsUa-kWrOjY3FCu0UGjam8HL2Ok%3D&token-time=1784678400,Episode 67: Maria Farmer,HTTP 403
1785081636,51a83edeb2271fd1,https://sphinx.acast.com/p/open/s/675b829492bfc0e8869676aa/e/691e01810c464c16bd39ed14/media.mp3,Trump's Misogynistic Insult Sparks Viral Outrage,HTTP 404
1474001390,2ec84350873cda59,https://c10.patreonusercontent.com/4/patreon-media/p/post/44610088/eb83be5e701749578f33cec658e540a1/eyJhIjoxLCJpc19hdWRpbyI6MSwicCI6MX0%3D/1.mp3?token-hash=QcVba0bwvzf4jXCwAvBMj-BlyDLnZmDKaH66KcQ-XUg%3D&token-time=1784678400,Episode 121: The Usual Suspects,HTTP 403
1567204040,f928d5dac94a258c,https://traffic.megaphone.fm/SHDI6853434208.mp3?updated=1731596387,How To Fix Our Dysfunctional Elections,HTTP 410
1474001390,41f302eb9bb2218d,https://c10.patreonusercontent.com/4/patreon-media/p/post/47100466/e1102959cf0b44dea6fe3e7501030f03/eyJhIjoxLCJpc19hdWRpbyI6MSwicCI6MX0%3D/1.mp3?token-hash=ENLJu_eUCLOkHqDBCS6G_dKoOj16iKnbluXwh7petYI%3D&token-time=1784678400,Episode 134: Freakanomics,HTTP 403
1785081636,133a1112632f806c,https://sphinx.acast.com/p/open/s/675b829492bfc0e8869676aa/e/6a51fe5273fcc6a8a7a8f9f3/media.mp3,"Fireworks, Fraudsters, and False Claims: Trump Trolls Trump Week 77",HTTP 404
1474001390,2e06bd4592b231dd,https://c10.patreonusercontent.com/4/patreon-media/p/post/55033558/e8c9d7fb514c424eb2740f7914c17ac7/eyJhIjoxLCJpc19hdWRpbyI6MSwicCI6MX0%3D/1.mp3?token-hash=dW1Z9lGOA9KrJNwxVRIQUjTmks0fkKNN-e1L9Vjb4Wc%3D&token-time=1784678400,Episode 176: Lyndon LaRouche: The Assassin's Creed,HTTP 403
1567204040,f1833412d099b90f,https://traffic.megaphone.fm/SHDI3547961889.mp3?updated=1731596430,How DC Keeps Getting Richer With OpenTheBooks.com CEO Adam Andrzejewski,HTTP 410
1474001390,1a62866fc20b0145,https://c10.patreonusercontent.com/4/patreon-media/p/post/59304352/8e7ff6f1d6f447ae8c85c280c78a4711/eyJhIjoxLCJpc19hdWRpbyI6MSwicCI6MX0%3D/1.mp3?token-hash=R_nNTSKjkA1LuMaH-zVAWH5q8zil9aUjHigdwafkjQU%3D&token-time=1784678400,👁️ Ghislaine Maxwell Trial: Day 1👁️,HTTP 403
1474001390,0077998d0eaa2a7b,https://c10.patreonusercontent.com/4/patreon-media/p/media/137674645/65c9b1e510cb42838d908d2cc8e0b352/eyJhIjoxLCJpc19hdWRpbyI6MSwicCI6MX0%3D/1.mp3?token-hash=i8WL_tE95BobKFaeXHn96DH7ITQz7DOm_wVJEwRmeF8%3D&token-time=1784678400,[PREVIEW] Episode 201: Julie K. Brown,HTTP 403
1567204040,240353e6322ebcb6,https://traffic.megaphone.fm/SHDI5688767287.mp3?updated=1731596494,Bruner: Billionaires Who Want to Control Your Life Have a “God Complex on Steroids”,HTTP 410
1474001390,0c3c3f0f9afeff2c,https://c10.patreonusercontent.com/4/patreon-media/p/post/65715303/75b2efc1f9fe447da20e780bd9ecf6e7/eyJhIjoxLCJpc19hdWRpbyI6MSwicCI6MX0%3D/1.mp3?token-hash=WceKSU93r6DHfuD7erm2wFR_vPa6NJSxm3-SzFjdY-4%3D&token-time=1784678400,Episode 224: Krypto Kulturkampf,HTTP 403
1567204040,c8d422d99fb782af,https://traffic.megaphone.fm/SHDI6908959217.mp3?updated=1731596491,Solutions for Improving Election Integrity,HTTP 410
1535255041,f76a0801f7d1b8a6,https://traffic.omny.fm/d/clips/ed1c4567-4a2a-4d8b-862f-ab600003d530/e8f9d9b7-b747-4bb4-bc50-ac4f010d726b/f3437b49-9716-43a9-ac32-b0be013ab77b/audio.mp3?utm_source=Podcast&in_playlist=bdc5ba7b-7fd4-4566-9839-ac4f01122991,"Palestine: Part Three. Two states, one state, none.",HTTP 403
1474001390,14edb1d6e9ff9656,https://c10.patreonusercontent.com/4/patreon-media/p/post/74173972/ea999ea972354e9392266bc38410e644/eyJhIjoxLCJpc19hdWRpbyI6MSwicCI6MX0%3D/1.mp3?token-hash=pEh4-9kn5EWcrOR5sdFOEb0EyZmkFuEarNsEPdvCPFI%3D&token-time=1784678400,Episode 252: Fed Files,HTTP 403
1567204040,4f56612cc6d34a23,https://traffic.megaphone.fm/SHDI5641346391.mp3?updated=1731596367,A Deep Dive Into Election Integrity,HTTP 410
1567204040,d4b70c0cd935c6b2,https://traffic.megaphone.fm/SHDI7205289734.mp3,Schweizer One Million Chinese “US Citizens”,HTTP 410
1474001390,b7156d25cd99ccca,https://c10.patreonusercontent.com/4/patreon-media/p/post/82133648/f2efd63f4da0446084a7835797cd1b97/eyJhIjoxLCJpc19hdWRpbyI6MSwicCI6MX0%3D/1.mp3?token-hash=YXxZRc193MtnLvSYAFRuW4qGNHyjWREGSiIAAWKnc14%3D&token-time=1784678400,Episode 287: Creative Ass,HTTP 403
1474001390,cd912916cf2fd681,https://c10.patreonusercontent.com/4/patreon-media/p/post/91082205/7bdc5fce4a8c4237bf2c4eb81c36f786/eyJhIjoxLCJpc19hdWRpbyI6MSwicCI6MX0%3D/1.mp3?token-hash=UY-K85HH_FXB7JjLYI5qXRBiroO2o04fLRKCsmNtFsM%3D&token-time=1784678400,Episode 326: Palestine,HTTP 403
1474001390,d21f7e28b2a251e8,https://c10.patreonusercontent.com/4/patreon-media/p/media/297346327/4e15cf5bddd54699b7bd2645d2000c1c/eyJhIjoxLCJpc19hdWRpbyI6MSwicCI6MX0%3D/1.mp3?token-hash=n2Vxmsx2-swOh-wbL-_1H1KkowVdQZy_Y2B9DdpGToY%3D&token-time=1784678400,[PREVIEW] Episode 370: Cease to Exist (Part 1),HTTP 403
1474001390,1bd129441218624f,https://c10.patreonusercontent.com/4/patreon-media/p/post/113740912/6d2cd7b3416543b89bd1b317388335ee/eyJhIjoxLCJpc19hdWRpbyI6MSwicCI6MX0%3D/1.mp3?token-hash=z3LwUpja2ocXGVSRl5Ht2C7sYz3YqogvECx5a8FWT-Y%3D&token-time=1784678400,Episode 411: I Paid a Real Assassin to Try and Kill Me,HTTP 403
1474001390,02a4ce1fa9ed92e1,https://c10.patreonusercontent.com/4/patreon-media/p/media/569966529/59f57a7d7e3c4a75a7154b7ecf2d95b4/eyJhIjoxLCJpc19hdWRpbyI6MSwicCI6MX0%3D/1.mp3?token-hash=CEXWarQDtZN24LzSynyuvH4h5_5CVOpWF1T6V1YiEBc%3D&token-time=1784678400,[PREVIEW] Episode 505: Tranche Talk,HTTP 403
1474001390,d0a2791958837a80,https://c10.patreonusercontent.com/4/patreon-media/p/post/163340282/5dd15670613a49e9a8a79884c94bb4ee/eyJhIjoxLCJpc19hdWRpbyI6MSwicCI6MX0%3D/1.mp3?token-hash=J55rsRTCC9D0xX-XNOLuL7u5BG59bPGGMycoX-7pwSg%3D&token-time=1784678400,Episode 561: The New South,HTTP 403
1567204040,496c311844224753,https://traffic.megaphone.fm/SHDI7823774232.mp3?updated=1731596468,The Hunter China Connection,HTTP 410
1474001390,cf942a72bab6a089,https://c10.patreonusercontent.com/4/patreon-media/p/media/48169487/a4de6a56bd52462586be1a20670726f7/eyJhIjoxLCJpc19hdWRpbyI6MSwicCI6MX0%3D/1.mp3?token-hash=BDODEi7ZxAh51KFBp5ya8z1Bv3hUZXJADHmJsd5-LyI%3D&token-time=1784678400,[PREVIEW] Episode 28: Chuff Em and Cuff Em,HTTP 403
1785081636,452d1db36ac75704,https://sphinx.acast.com/p/open/s/675b829492bfc0e8869676aa/e/68b1e0b4993d10acb9c84a10/media.mp3,Trump's DC Crime Emergency is Just Trash Pickup,HTTP 404
1474001390,2bceac09a26c2dd4,https://c10.patreonusercontent.com/4/patreon-media/p/media/45745113/ad215af498b94b7e9e1abe71757d761b/eyJhIjoxLCJpc19hdWRpbyI6MSwicCI6MX0%3D/1.mp3?token-hash=33PDfdxCW5Q4sUCpSIzYrbmkPVlvqeyFikPwYvnr5Uo%3D&token-time=1784678400,[PREVIEW] Episode 22: Q's Clues,HTTP 403
1567204040,56ddacecdb6ae2f1,https://traffic.megaphone.fm/SHDI6641754724.mp3?updated=1731596375,The Growing Power Of The Teachers Union,HTTP 410
1474001390,b7d2e07ef599d03f,https://c10.patreonusercontent.com/4/patreon-media/p/post/29531522/5e2d2a1b5a394fc49ba6028567050be1/eyJhIjoxLCJpc19hdWRpbyI6MSwicCI6MX0%3D/1.mp3?token-hash=CxBev5DqhWdMXOZ3sooKHw2dSepgmQfxyoXEHCxeLcc%3D&token-time=1784678400,📢SPECIAL REPORT📢 Night Court,HTTP 403
1567204040,029c16e295c8ee02,https://traffic.megaphone.fm/SHDI6018488016.mp3?updated=1731596383,Is the Freedom of Speech on the Ballot?,HTTP 410
1474001390,4fb5691c433f570e,https://c10.patreonusercontent.com/4/patreon-media/p/media/58349063/fa0a046b002544cbb46b4934d5b27122/eyJhIjoxLCJpc19hdWRpbyI6MSwicCI6MX0%3D/1.mp3?token-hash=q6zh17O_faV1EDYZ_sz1CDrW6QCxbHnIqaydH4Ixg1k%3D&token-time=1784678400,[PREVIEW] Episode 56: True & A II,HTTP 403
1567204040,505de516739bf564,https://traffic.megaphone.fm/SHDI9058137634.mp3,Schweizer and Halperin Discuss Future of Media,HTTP 410
1474001390,be8266adc1223542,https://c10.patreonusercontent.com/4/patreon-media/p/post/111475150/6d95132c4f54472787bb67b8ae5128a6/eyJhIjoxLCJpc19hdWRpbyI6MSwicCI6MX0%3D/1.mp3?token-hash=8PTVKb6sJVRu38xMnYITm9bL9wuBJ37fzMieX1BB55s%3D&token-time=1784678400,Episode 402: Sparks 2,HTTP 403
1567204040,3b33b405207a6093,https://traffic.megaphone.fm/SHDI3005256543.mp3?updated=1731596498,How Big Tech is swaying elections and indoctrinating kids,HTTP 410
1567204040,7c48d0d05c399702,https://traffic.megaphone.fm/SHDI7971531551.mp3?updated=1732197761,Storming the Ivory Tower - A Call for Educational Reform with Richard Corcoran,HTTP 410
1567204040,5fc3298f09cfb451,https://traffic.megaphone.fm/SHDI2502234345.mp3?updated=1731596409,Big Government Keeps Shattering The Debt Ceiling,HTTP 410
1567204040,11a8acd3f7e9f668,https://traffic.megaphone.fm/SHDI3013818559.mp3?updated=1731596443,The Elites Attack On Free Speech,HTTP 410
1567204040,b4fa1dd4ebcf863e,https://traffic.megaphone.fm/SHDI3379737337.mp3?updated=1731596369,"Newt Gingrich: Left Wants to Eliminate American History, Raise Kids to Despise Their Own Country",HTTP 410
1567204040,6a2575739027c916,https://traffic.megaphone.fm/SHDI3793748167.mp3?updated=1731596351,Punishing Americans With Good Credit,HTTP 410
1567204040,fef2944c89ef9c0f,https://traffic.megaphone.fm/SHDI3173919390.mp3?updated=1736370740,Uncorrupting the FBI,HTTP 410
1567204040,870c002ca5a12224,https://traffic.megaphone.fm/SHDI9789138771.mp3?updated=1731596481,Is Congress Voting Their Way to Wealth?,HTTP 410
1567204040,53bcfaf64ba25d3f,https://traffic.megaphone.fm/SHDI6672138702.mp3?updated=1731596414,GAI Issues New Report on Camp Lejeune and the Plaintiffs Bar,HTTP 410
1567204040,4c30973e3d3d449f,https://traffic.megaphone.fm/SHDI2250402190.mp3?updated=1731596494,The Bidens “Run a Very Sophisticated Criminal Enterprise”,HTTP 410
1567204040,ffc3c0661431ce1e,https://traffic.megaphone.fm/SHDI8230040860.mp3,Riot Inc - The Hidden Networks Fueling Unrest,HTTP 410
1567204040,7a7f583e076b0758,https://traffic.megaphone.fm/SHDI9265424903.mp3,"Schweizer: Spirit Air collapse a “classic Democrat problem""",HTTP 410
1567204040,74f2dee5be20eedf,https://traffic.megaphone.fm/SHDI1528979433.mp3,SCOTUS Brings Life to the (Political) Parties,HTTP 410
1785081636,e5dbdb9f9ea79e5e,https://sphinx.acast.com/p/open/s/675b829492bfc0e8869676aa/e/68c20c0a0fa00b58172d49ec/media.mp3,Charlie Kirk Shot and Killed at University Event in Utah,HTTP 404
1785081636,7b6576a02c84d5cc,https://sphinx.acast.com/p/open/s/675b829492bfc0e8869676aa/e/6a4ec85e81fe1f6460f10daa/media.mp3,DOJ Assault on Disability Rights | Big Voice Wednesday,HTTP 404
1785081636,d3b676db3dbce996,https://sphinx.acast.com/p/open/s/675b829492bfc0e8869676aa/e/69bb110dc4b9c3b6f4f9b7f9/media.mp3,Donald Trump Ties Resurface in Epstein Bombshell,HTTP 404
1567204040,3e9d052e8a5faf93,https://traffic.megaphone.fm/SHDI4010442639.mp3?updated=1731596433,DRILL BITS: American Toilets All Over,HTTP 410
1474001390,3b7be7aa683bedd2,https://c10.patreonusercontent.com/4/patreon-media/p/media/53413404/8bd7953a17e247d893742a3799536fb0/eyJhIjoxLCJpc19hdWRpbyI6MSwicCI6MX0%3D/1.mp3?token-hash=8BTmbyoHUadCqU0rRdpSU9tWVrCLBUbCX5KGcP0fBhc%3D&token-time=1784678400,[PREVIEW] Episode 40: Moronavirus,HTTP 403
1567204040,0988cd4b84822e34,https://traffic.megaphone.fm/SHDI3049011100.mp3?updated=1731596444,Is Corrupt Money Funding The Obama Library?,HTTP 410
1785081636,970f3a160a88bc2b,https://sphinx.acast.com/p/open/s/675b829492bfc0e8869676aa/e/686c401d91efcd9815225b23/media.mp3,Veterans Angry with Trump's Deportation Efforts,HTTP 404
1567204040,34e8028af61d3f9b,https://traffic.megaphone.fm/SHDI9543507325.mp3?updated=1731596421,Why The NYT's Admits Hunters Emails Are Real,HTTP 410
1474001390,42bc548182d18e04,https://c10.patreonusercontent.com/4/patreon-media/p/post/36893495/46487ba2d35c42279151b7d43412ad4e/eyJhIjoxLCJpc19hdWRpbyI6MSwicCI6MX0%3D/1.mp3?token-hash=errcsgV2wwlxqNw6CsUa-kWrOjY3FCu0UGjam8HL2Ok%3D&token-time=1784678400,Episode 67: Maria Farmer,HTTP 403
1567204040,32808084faa1adaa,https://traffic.megaphone.fm/SHDI4076025585.mp3?updated=1731596390,The Fight for Election Integrity with Catherine Engelbrecht,HTTP 410
1535255041,f76a0801f7d1b8a6,https://traffic.omny.fm/d/clips/ed1c4567-4a2a-4d8b-862f-ab600003d530/e8f9d9b7-b747-4bb4-bc50-ac4f010d726b/f3437b49-9716-43a9-ac32-b0be013ab77b/audio.mp3?utm_source=Podcast&in_playlist=bdc5ba7b-7fd4-4566-9839-ac4f01122991,"Palestine: Part Three. Two states, one state, none.",HTTP 403
1474001390,2ec84350873cda59,https://c10.patreonusercontent.com/4/patreon-media/p/post/44610088/eb83be5e701749578f33cec658e540a1/eyJhIjoxLCJpc19hdWRpbyI6MSwicCI6MX0%3D/1.mp3?token-hash=QcVba0bwvzf4jXCwAvBMj-BlyDLnZmDKaH66KcQ-XUg%3D&token-time=1784678400,Episode 121: The Usual Suspects,HTTP 403
1567204040,f928d5dac94a258c,https://traffic.megaphone.fm/SHDI6853434208.mp3?updated=1731596387,How To Fix Our Dysfunctional Elections,HTTP 410
1567204040,4ffbfdf0b5350f3a,https://traffic.megaphone.fm/SHDI5969223598.mp3?updated=1731596484,Will The Real Robert Peters Please Stand Up,HTTP 410
1474001390,0077998d0eaa2a7b,https://c10.patreonusercontent.com/4/patreon-media/p/media/137674645/65c9b1e510cb42838d908d2cc8e0b352/eyJhIjoxLCJpc19hdWRpbyI6MSwicCI6MX0%3D/1.mp3?token-hash=i8WL_tE95BobKFaeXHn96DH7ITQz7DOm_wVJEwRmeF8%3D&token-time=1784678400,[PREVIEW] Episode 201: Julie K. Brown,HTTP 403
1474001390,14edb1d6e9ff9656,https://c10.patreonusercontent.com/4/patreon-media/p/post/74173972/ea999ea972354e9392266bc38410e644/eyJhIjoxLCJpc19hdWRpbyI6MSwicCI6MX0%3D/1.mp3?token-hash=pEh4-9kn5EWcrOR5sdFOEb0EyZmkFuEarNsEPdvCPFI%3D&token-time=1784678400,Episode 252: Fed Files,HTTP 403
1474001390,b7156d25cd99ccca,https://c10.patreonusercontent.com/4/patreon-media/p/post/82133648/f2efd63f4da0446084a7835797cd1b97/eyJhIjoxLCJpc19hdWRpbyI6MSwicCI6MX0%3D/1.mp3?token-hash=YXxZRc193MtnLvSYAFRuW4qGNHyjWREGSiIAAWKnc14%3D&token-time=1784678400,Episode 287: Creative Ass,HTTP 403
1567204040,496c311844224753,https://traffic.megaphone.fm/SHDI7823774232.mp3?updated=1731596468,The Hunter China Connection,HTTP 410
1785081636,ffb0123810fccb38,https://sphinx.acast.com/p/open/s/675b829492bfc0e8869676aa/e/67918d16455ab42f9dea588e/media.mp3,Donald Trump IS Birthright,HTTP 404
1474001390,cf942a72bab6a089,https://c10.patreonusercontent.com/4/patreon-media/p/media/48169487/a4de6a56bd52462586be1a20670726f7/eyJhIjoxLCJpc19hdWRpbyI6MSwicCI6MX0%3D/1.mp3?token-hash=BDODEi7ZxAh51KFBp5ya8z1Bv3hUZXJADHmJsd5-LyI%3D&token-time=1784678400,[PREVIEW] Episode 28: Chuff Em and Cuff Em,HTTP 403
1785081636,3ed6f54994a723bf,https://sphinx.acast.com/p/open/s/675b829492bfc0e8869676aa/e/69865950d4e01f1069e9854a/media.mp3,The Rise of Large-Scale Immigration Detention Centers,HTTP 404
1567204040,8c8e3e9e9b29d2c3,https://traffic.megaphone.fm/SHDI8834167363.mp3?updated=1731596354,Understanding The Fed with guest Chris Leonard,HTTP 410
1785081636,21c4fe109020a608,https://sphinx.acast.com/p/open/s/675b829492bfc0e8869676aa/e/69e9380b07ecece42a767f8a/media.mp3,MAGA Implodes as Trump Betrays Base,HTTP 404
1474001390,fd6858d6d480abb9,https://c10.patreonusercontent.com/4/patreon-media/p/post/39340731/27065807182d4ce59a4a644daf991cee/eyJhIjoxLCJpc19hdWRpbyI6MSwicCI6MX0%3D/1.mp3?token-hash=MPa3oxDbKD-iqT2Lk6OXmhOkLnkrtVUz9RuhvLDlB34%3D&token-time=1784678400,Episode 83: The Permanent Uncle & His Colony of Righteousness (Part 1),HTTP 403
929121341,945e3956833a7055,https://dts.podtrac.com/redirect.mp3/pscrb.fm/rss/p/traffic.libsyn.com/secure/b8d5c6ff-7fc4-4a28-b30f-99e02efd09b6/asset_d2482fbc69d52b1c3fd187059016a635.mp3?dest-id=4990850,THE LEFT'S WAR ON COMEDY! | John O'Hurley Guests | Louder with Crowder,"ReadTimeout: HTTPSConnectionPool(host='teletraan.libsyn.com', port=443): Read timed out. (read timeout=30)"
1785081636,ff4c9834b5a01400,https://sphinx.acast.com/p/open/s/675b829492bfc0e8869676aa/e/6a515930c2f78bb6897afc77/media.mp3,"Corruption, Profiteering, and Presidential Power",HTTP 404
1474001390,75c3daa50ae0b923,https://c10.patreonusercontent.com/4/patreon-media/p/post/46466625/ccccd3e01cd646c8859a448d6d8687fd/eyJhIjoxLCJpc19hdWRpbyI6MSwicCI6MX0%3D/1.mp3?token-hash=Cky1EHfWnK3pfkkGvJecZGm3C1ZoUh4pWiOPOACzx34%3D&token-time=1784678400,Episode 131: Norman Finkelstein Pt. 1,HTTP 403
1567204040,0239c6a2387e97bc,https://traffic.megaphone.fm/SHDI7511469152.mp3?updated=1731596367,Committee Assignments and Rules For the New Congress,HTTP 410
1567204040,c114b8eb666c78bb,https://traffic.megaphone.fm/SHDI3789947219.mp3?updated=1731596491,Kenny Xu: Reclaiming Our Schools From CRT,HTTP 410
1474001390,9c17adae433017dd,https://c10.patreonusercontent.com/4/patreon-media/p/media/141683403/afe7efe5422b4ca8ab5d8e0c485317ce/eyJhIjoxLCJpc19hdWRpbyI6MSwicCI6MX0%3D/1.mp3?token-hash=VH7h5fMLFeJbp797Yhb77SKh-jW9ZdzKCdrDqlikyFU%3D&token-time=1784678400,[PREVIEW] Keep The Dream Alive Part 4: Gruesome Details,HTTP 403
1567204040,c6bd6280f4328a6e,https://traffic.megaphone.fm/SHDI6098183454.mp3?updated=1731596458,Tethered to Terror: Are the Biggest Winners of Crypto the Regulators?,HTTP 410
1474001390,e99ac846fe8759f3,https://c10.patreonusercontent.com/4/patreon-media/p/media/181927743/49812a35c1074ee795769994ccb6f3e1/eyJhIjoxLCJpc19hdWRpbyI6MSwicCI6MX0%3D/1.mp3?token-hash=VPAna11Dl-KTmp7779GKwNZ6agbkg6jOC7Do3AXQmcA%3D&token-time=1784678400,[PREVIEW] Episode 261: Peace On Earth,HTTP 403
1567204040,54e25537ff2bb766,https://traffic.megaphone.fm/SHDI4366492419.mp3?updated=1731596398,Walz’s China Problem,HTTP 410
1567204040,13bbb32cd6a8c219,https://traffic.megaphone.fm/SHDI7028613450.mp3?updated=1734994945,The Right Wing’s Outlaws – Captured as Art,HTTP 410
1567204040,58e4affe16b9ae64,https://traffic.megaphone.fm/SHDI4252885969.mp3,On Power with Mark Levin,HTTP 410
1474001390,6ac832e528bbae9d,https://c10.patreonusercontent.com/4/patreon-media/p/post/101942884/cf9a553d2044453daa5a62f72daaae48/eyJhIjoxLCJpc19hdWRpbyI6MSwicCI6MX0%3D/1.mp3?token-hash=rfvCAoSIqlN5x_O1eBcKTCvvY2czpATmbrYMeT14U9o%3D&token-time=1784678400,Episode 368: High Weirding (Part 2),HTTP 403
1474001390,00ee42ebcdc14113,https://c10.patreonusercontent.com/4/patreon-media/p/post/120612637/22c97a81c18c41de8663dd4ee3940744/eyJhIjoxLCJpc19hdWRpbyI6MSwicCI6MX0%3D/1.mp3?token-hash=fEpAj8bWbegFZ1h4OgjPYh_uBZTWjYBKTXAv5aNTDjw%3D&token-time=1784678400,Episode 432: Trump and Dump,HTTP 403
1474001390,b077fa9649876ca1,https://c10.patreonusercontent.com/4/patreon-media/p/media/620352788/3f89a94e3d7c4479a822ed7f6fb2cf59/eyJhIjoxLCJpc19hdWRpbyI6MSwicCI6MX0%3D/1.mp3?token-hash=6E5MVOQSDRQMUD_nBsnJuUeoP4ZYf5NkQddhrkEF3oc%3D&token-time=1784678400,[PREVIEW] Episode 525: Parsing Jeffrey,HTTP 403
1567204040,1c8b8638e6faaa6c,https://traffic.megaphone.fm/SHDI8481000280.mp3?updated=1731596475,How corrupt officials enrich their families,HTTP 410
1785081636,58f01db715530595,https://sphinx.acast.com/p/open/s/675b829492bfc0e8869676aa/e/676e2154659d6af5972005af/media.mp3,A Very Freak Out Christmas,HTTP 404
1567204040,c73b9197efa3f9e7,https://traffic.megaphone.fm/SHDI9971940582.mp3?updated=1731596439,DRILL BITS: Is your Limo safe?  The government needs to know,HTTP 410
1263295815,37eb10fd0cc0f37a,https://dts.podtrac.com/redirect.mp3/api.spreaker.com/download/episode/70778691/per_0319_audio.mp3,Pony Express Radio - 03/19/26 - The Irish Question - w/ Thomas777,HTTP 404
1567204040,fc9ad2f8ba5c19b4,https://traffic.megaphone.fm/SHDI1115845691.mp3?updated=1731596436,Education Discussion and latest on Virginia Governor Election with Luke Rosiak,HTTP 410
1785081636,5402d0800258aeff,https://sphinx.acast.com/p/open/s/675b829492bfc0e8869676aa/e/682e2b1210ca442d5fe9f964/media.mp3,Trump Leadership Unprepared to Handle Disasters,HTTP 404
1474001390,f5d41585997aaff3,https://c10.patreonusercontent.com/4/patreon-media/p/post/36124176/8d39ba9b271a423eb57b4ed36338feb8/eyJhIjoxLCJpc19hdWRpbyI6MSwicCI6MX0%3D/1.mp3?token-hash=TWXSB6n5LGft2t9S_CiSg-73hbB2E1EqhG6G4ZMUm8c%3D&token-time=1784678400,Episode 61: Return to Little St. James,HTTP 403
1785081636,296e865f3059cf79,https://sphinx.acast.com/p/open/s/675b829492bfc0e8869676aa/e/68bcc39cb177a2f48437a05d/media.mp3,Trump Inadvertently Unites GOP and Dems,HTTP 404
1474001390,c98253901a61cc55,https://c10.patreonusercontent.com/4/patreon-media/p/media/76878889/92fb9a926415422d8d9071b09aced4b0/eyJhIjoxLCJpc19hdWRpbyI6MSwicCI6MX0%3D/1.mp3?token-hash=PxvhMTb4EguUeZSfUAHYAoTwSfw9tX95-ZHD9AAo8OY%3D&token-time=1784678400,[PREVIEW] Episode 97: Quentin Quarantino,HTTP 403
1567204040,4a96a34f2c22b1d8,https://traffic.megaphone.fm/SHDI8659517554.mp3?updated=1731596399,The Government Mob with Special Guest Michael Franzese,HTTP 410
1474001390,b2ae4175bfd6a8e5,https://c10.patreonusercontent.com/4/patreon-media/p/post/42524904/c5bfaa0ae21c48f3ba2083ae5f91bd48/eyJhIjoxLCJpc19hdWRpbyI6MSwicCI6MX0%3D/1.mp3?token-hash=dd-lKsvVQfiuW_aTHtTf6QgdS0JLVUrnhosSzRHd0z4%3D&token-time=1784678400,Episode 106: #FreeAssange,HTTP 403
1567204040,feba07331af65523,https://traffic.megaphone.fm/SHDI4473088381.mp3?updated=1731596415,"Big Pharma Seeking COVID Profits, Liability Limits",HTTP 410
1474001390,b141494dfc7923e4,https://c10.patreonusercontent.com/4/patreon-media/p/post/49423351/7e796684d5584654a2bf605a64e130b5/eyJhIjoxLCJpc19hdWRpbyI6MSwicCI6MX0%3D/1.mp3?token-hash=vLMvS3AuCRex_yPewP33BXKS0zax_7y1uJEPyZIxJ2E%3D&token-time=1784678400,Episode 147: You Are a Serf with Jodi Dean,HTTP 403
1567204040,1bff3767b831c513,https://traffic.megaphone.fm/SHDI5389935147.mp3?updated=1731596412,The Emails that Prove the Biden Family Pay to Play Scheme,HTTP 410
1474001390,ffed860bebf6e049,https://c10.patreonusercontent.com/4/patreon-media/p/media/147046055/72a4899102894a83b361cf53db6e4295/eyJhIjoxLCJpc19hdWRpbyI6MSwicCI6MX0%3D/1.mp3?token-hash=wCjHPFmHOA2rXc2eSZcnBm1w_wTq-yj6Y440DP4sW5I%3D&token-time=1784678400,[PREVIEW] Episode 217: Moderate Rebel: The Christopher Dorner Story (Part 2),HTTP 403
1474001390,93d8cd4296498631,https://c10.patreonusercontent.com/4/patreon-media/p/post/75952126/47483f5203454d54ae9022ff3f143bbc/eyJhIjoxLCJpc19hdWRpbyI6MSwicCI6MX0%3D/1.mp3?token-hash=NxZsSrlpzpB-v_NItiYIy6Ejwq5WuS-u006bCdF3zN0%3D&token-time=1784678400,Episode 258: Cloud Cover,HTTP 403
1567204040,a679cde9f8633f8f,https://traffic.megaphone.fm/SHDI1556005149.mp3?updated=1731596396,A Presidential Debate About Eating Ducks and Cats?,HTTP 410
1474001390,9dca293667044f6b,https://c10.patreonusercontent.com/4/patreon-media/p/media/199723939/51350c77ca3446e78b7b8fefb74b910a/eyJhIjoxLCJpc19hdWRpbyI6MSwicCI6MX0%3D/1.mp3?token-hash=pnrnXBEIhPsERcaS-gddIazE0KAQLJsxYvXw6sd9ETY%3D&token-time=1784678400,[PREVIEW] Episode 286: Falun Gong Part 3: Crazy Rich Asians,HTTP 403
1567204040,c209848afd7711bd,https://traffic.megaphone.fm/SHDI2944167075.mp3?updated=1750159807,Schweizer: No Kings Lesson For Leftist Billionaires – You Can’t Buy an Uprising,HTTP 410
1567204040,67f260bdb5165696,https://traffic.megaphone.fm/SHDI2325331770.mp3,2025 Highlights,HTTP 410
1474001390,ea3160a230901ef1,https://c10.patreonusercontent.com/4/patreon-media/p/post/90711855/da2deb8800e746439aa2071f480bbb9d/eyJhIjoxLCJpc19hdWRpbyI6MSwicCI6MX0%3D/1.mp3?token-hash=9UDBw5oWGG7KPYfyYBS42Fh66FImcHlZMR3KP8p3yEg%3D&token-time=1784678400,Episode 325: Sam Jailman Trial,HTTP 403
1474001390,0119e83b7caf4bb7,https://c10.patreonusercontent.com/4/patreon-media/p/post/111986421/04ea57ba8a1749458fcf735d96f0526b/eyJhIjoxLCJpc19hdWRpbyI6MSwicCI6MX0%3D/1.mp3?token-hash=3d0O2C9cgWSpeThsMkhGlsBHjiyESFZOoFomx9ff0xM%3D&token-time=1784678400,Episode 404: FARA Faucet,HTTP 403
1474001390,17ffbe5933ab472c,https://c10.patreonusercontent.com/4/patreon-media/p/post/145056822/23b312d282f540628e8d0c6820db0adc/eyJhIjoxLCJpc19hdWRpbyI6MSwicCI6MX0%3D/1.mp3?token-hash=Y4x2yeSl04WUXqJqjXyOLdeguD1JftoiAe9r_r4mATo%3D&token-time=1784678400,Episode 506: My Beautiful Dark Twisted Fantasy League,HTTP 403
1474001390,a731d3d55684e560,https://c10.patreonusercontent.com/4/patreon-media/p/post/29168187/c6152e37514d42928e9612f16d2c8e3f/eyJhIjoxLCJpc19hdWRpbyI6MSwicCI6MX0%3D/1.wav?token-hash=IEr7ASz7zD35FFDHesMCHLQT1CeoUdxSvHQ530oVCps%3D&token-time=1784678400,You'd Never Guess (Theme From TrueAnon),HTTP 403
1567204040,c1f1e24ac035fe9f,https://traffic.megaphone.fm/SHDI6385813920.mp3?updated=1731596444,DRILL BITS: What Happens When Multi-Trillion Dollar Bills Get Passes,HTTP 410
1474001390,b7d2e07ef599d03f,https://c10.patreonusercontent.com/4/patreon-media/p/post/29531522/5e2d2a1b5a394fc49ba6028567050be1/eyJhIjoxLCJpc19hdWRpbyI6MSwicCI6MX0%3D/1.mp3?token-hash=CxBev5DqhWdMXOZ3sooKHw2dSepgmQfxyoXEHCxeLcc%3D&token-time=1784678400,📢SPECIAL REPORT📢 Night Court,HTTP 403
1567204040,220a5391f96ebc36,https://traffic.megaphone.fm/SHDI6244878770.mp3?updated=1731596444,The Ruling Class Failed Afghanistan,HTTP 410
1474001390,644c48bc05599466,https://c10.patreonusercontent.com/4/patreon-media/p/post/76282256/35fc1c98b7354b82909e662b086d6c10/eyJhIjoxLCJpc19hdWRpbyI6MSwicCI6MX0%3D/1.mp3?token-hash=0KOiar7ieC-PzxxNFoRlZoHWBPNc3P_gRfrKO7TATgA%3D&token-time=1784678400,Episode 260: God-Sperm of Mad Men,HTTP 403
1567204040,cdb535365f9c0093,https://traffic.megaphone.fm/SHDI5944816967.mp3?updated=1731596439,"Corruption, China and Green Energy",HTTP 410
1474001390,a6dfd6fc502ee03d,https://c10.patreonusercontent.com/4/patreon-media/p/media/149530657/5c944222f7974499b18055394b646a3c/eyJhIjoxLCJpc19hdWRpbyI6MSwicCI6MX0%3D/1.mp3?token-hash=F28AsbFfsuud8pkDbCxYTm_Lxb-gQNEuZ4a0zWzd4AE%3D&token-time=1784678400,[PREVIEW] Episode 221: Marathon Men (Part 2),HTTP 403
1474001390,5019678447d72229,https://c10.patreonusercontent.com/4/patreon-media/p/post/53469205/d7f49825ca174afe9ec947a8c3da8f3c/eyJhIjoxLCJpc19hdWRpbyI6MSwicCI6MX0%3D/1.mp3?token-hash=rF7cdbW_BCpUV1Che_DuCCvI4haygED6_B2BH3pus1o%3D&token-time=1784678400,Episode 167: Church and State,HTTP 403
1474001390,67f46d8d759957a0,https://c10.patreonusercontent.com/4/patreon-media/p/post/44059534/590f43a7ecb6482ba98dcf1deb95d8d4/eyJhIjoxLCJpc19hdWRpbyI6MSwicCI6MX0%3D/1.mp3?token-hash=Y0BsVOzYVb3zT85HVxfSyvYkmRFEqS6Ejn2Kf597pIA%3D&token-time=1784678400,Episode 118: To Live And Die In Davos Pt. 1,HTTP 403
1485021241,36b5cc54ad522181,https://dts.podtrac.com/redirect.mp3/d2h6a3ly6ooodw.cloudfront.net/reasontv_audio_8302725.mp3,Penny Lane: Why I Gave a Kidney to a Total Stranger,HTTP 404
1474001390,56d714b8594b7854,https://c10.patreonusercontent.com/4/patreon-media/p/post/40146232/2519c9359f154fdf84d64cce2cfd5ab1/eyJhIjoxLCJpc19hdWRpbyI6MSwicCI6MX0%3D/1.mp3?token-hash=L7bBtm4Z0cvNhioiZYDd56t0M_fQWsl9VgR1slN5A8M%3D&token-time=1784678400,Brace Has Fled,HTTP 403
1474001390,10cc010da2d6a6a7,https://c10.patreonusercontent.com/4/patreon-media/p/post/46617424/8c31a39e808b48d1a719653595a40a71/eyJhIjoxLCJpc19hdWRpbyI6MSwicCI6MX0%3D/1.mp3?token-hash=-BYYg9D5cyWHS1u2hL6Bz7fIlFv5UDicLvEqaFDtFxk%3D&token-time=1784678400,Episode 132: Norman Finkelstein Pt 2,HTTP 403
1474001390,fb4a29eec6084445,https://c10.patreonusercontent.com/4/patreon-media/p/post/76777890/508c4b147da14287ab8f857e465f7d63/eyJhIjoxLCJpc19hdWRpbyI6MSwicCI6MX0%3D/1.mp3?token-hash=y6cNHjVEg4kqZ4npGDtUQtzyVH1wd_5bGLnctOpy_O4%3D&token-time=1784678400,Episode 262: CEDU Detective,HTTP 403
1474001390,86d94917b10243b3,https://c10.patreonusercontent.com/4/patreon-media/p/post/68684601/9cb702e1ba384f4d9c3a2eb557bf441e/eyJhIjoxLCJpc19hdWRpbyI6MSwicCI6MX0%3D/1.mp3?token-hash=Ax7ZhQrdZYdCEmargha7qwKBoifQYaZFcWFqAwH-fKE%3D&token-time=1784678400,Episode 236: Pledge A Legion,HTTP 403
1474001390,9f06d1bba780c7d7,https://c10.patreonusercontent.com/4/patreon-media/p/media/61042173/d04a18c9d9f2490199e6fde2ca3ce05a/eyJhIjoxLCJpc19hdWRpbyI6MSwicCI6MX0%3D/1.mp3?token-hash=TR3VrmyXMGXJODd8w2JKqUqyjRHs6d-FvVvwNWBhAqw%3D&token-time=1784678400,[PREVIEW] Episode 62: London Brawling,HTTP 403
1474001390,0678f20237ebae97,https://c10.patreonusercontent.com/4/patreon-media/p/media/146093763/daaa7db1fd044f3da3ca4fd68297d069/eyJhIjoxLCJpc19hdWRpbyI6MSwicCI6MX0%3D/1.mp3?token-hash=NnF4C0n3b4Bd3DpRgWbhOUnlvkepuNFl0dqWEkprHiY%3D&token-time=1784678400,[PREVIEW] Episode 199: Uh Oh!,HTTP 403
1474001390,7127d8d2edce0339,https://c10.patreonusercontent.com/4/patreon-media/p/post/59773160/d19dc2fbaaa646f1a0269da2577dc401/eyJhIjoxLCJpc19hdWRpbyI6MSwicCI6MX0%3D/1.mp3?token-hash=D67oI9SOb6jqIAcmbkKUO2V2ikquWpHxb-VnGUfxO40%3D&token-time=1784678400,👁️ Ghislaine Maxwell Trial: Day 10 👁️,HTTP 403
1474001390,78a3c19a7e69b0aa,https://c10.patreonusercontent.com/4/patreon-media/p/media/110177846/326ca0ed4ced42e6b328e5301f780914/eyJhIjoxLCJpc19hdWRpbyI6MSwicCI6MX0%3D/1.mp3?token-hash=NlTEc5CO5_283ZFNY5VNEoNCg-F7TfYmCP6d49brKKY%3D&token-time=1784678400,[PREVIEW] Episode 164: Which Way MAGA Man?,HTTP 403
1474001390,4691e55c3b58a2e9,https://c10.patreonusercontent.com/4/patreon-media/p/post/81457652/59b3585435b146228d1556188b2a6fb1/eyJhIjoxLCJpc19hdWRpbyI6MSwicCI6MX0%3D/1.mp3?token-hash=1bw6WvEqyhQw-1aQmbnqMA4LUrX33imz6Gu1L1ng5Lk%3D&token-time=1784678400,Episode 283: Falun Gong Part 1: Shen Yun,HTTP 403
1474001390,bc5be53ffba5f9e8,https://c10.patreonusercontent.com/4/patreon-media/p/post/88539392/0f0cebf04afd4e48a8f77e99ea9a42d1/eyJhIjoxLCJpc19hdWRpbyI6MSwicCI6MX0%3D/1.mp3?token-hash=mIcyR09AWuO0AMOIAfB90k9YHkBKwax5AI-4SvCxzg8%3D&token-time=1784678400,Episode 316: Carceral Warfare,HTTP 403
1474001390,630af44fe8312a9a,https://c10.patreonusercontent.com/4/patreon-media/p/post/91508360/62070a781fe945bba8d154dca2b2a129/eyJhIjoxLCJpc19hdWRpbyI6MSwicCI6MX0%3D/1.mp3?token-hash=iCHPeXf-9VeWfnGz10D96ZYrE1Wcc_OxMNGwSCcL8io%3D&token-time=1784678400,Episode 327: It's Not Too Late,HTTP 403
1474001390,babd20b81d933bcb,https://c10.patreonusercontent.com/4/patreon-media/p/post/98100832/c724425c92114590ae29104fbb8aee91/eyJhIjoxLCJpc19hdWRpbyI6MSwicCI6MX0%3D/1.mp3?token-hash=27nRzPYCPLM0TbKk1BUxvrh_-yLG-0GMKC4fG6OPwWk%3D&token-time=1784678400,Episode 352: CEDU Country,HTTP 403
1474001390,4401c0d4ac9e47f2,https://c10.patreonusercontent.com/4/patreon-media/p/post/101497066/c2fd6a290fc849eaab8c42e883a661eb/eyJhIjoxLCJpc19hdWRpbyI6MSwicCI6MX0%3D/1.mp3?token-hash=F39WUSEElT8243gE4ibV0sO49jrOE59CGO9sczBWD-4%3D&token-time=1784678400,Episode 366: Olive Branch,HTTP 403
1567204040,0988cd4b84822e34,https://traffic.megaphone.fm/SHDI3049011100.mp3?updated=1731596444,Is Corrupt Money Funding The Obama Library?,HTTP 410
1785081636,542aad3d8ebb45d7,https://sphinx.acast.com/p/open/s/675b829492bfc0e8869676aa/e/69431aecb4589744b1131cb9/media.mp3,Supreme Court Torches Democracy for Trump,HTTP 404
1567204040,757e327944750061,https://traffic.megaphone.fm/SHDI5915551864.mp3?updated=1731596371,Crooks and Spies AKA Hunters Business Associates,HTTP 410
1785081636,2d0d0b84a23850da,https://sphinx.acast.com/p/open/s/675b829492bfc0e8869676aa/e/69f271bfeaa0279b7c7960eb/media.mp3,Trump’s Midterm Election Scheme Revealed,HTTP 404
1567204040,44fe41c5eb9643a8,https://traffic.megaphone.fm/SHDI4875902556.mp3?updated=1731596421,Voter Fraud is Enabled By Bad Policy,HTTP 410
1785081636,fe8c4173f7b9cf40,https://sphinx.acast.com/p/open/s/675b829492bfc0e8869676aa/e/69fe4570051b78474e4aca32/media.mp3,Democracy Under Attack,HTTP 404
1567204040,34e8028af61d3f9b,https://traffic.megaphone.fm/SHDI9543507325.mp3?updated=1731596421,Why The NYT's Admits Hunters Emails Are Real,HTTP 410
1785081636,6b8e95b2b51ece63,https://sphinx.acast.com/p/open/s/675b829492bfc0e8869676aa/e/6855b995412e0f0fbff08b91/media.mp3,Trump Faces MAGA Revolt,HTTP 404
1567204040,75260b808a9822e0,https://traffic.megaphone.fm/SHDI5440059225.mp3?updated=1731596468,Buying Underwear and Gazeboes With Taxpayer Money,HTTP 410
1567204040,cba71733017bae1e,https://traffic.megaphone.fm/SHDI1490448736.mp3?updated=1731596466,Why the CDC and NIH Failed to Control COVID-19,HTTP 410
1567204040,32808084faa1adaa,https://traffic.megaphone.fm/SHDI4076025585.mp3?updated=1731596390,The Fight for Election Integrity with Catherine Engelbrecht,HTTP 410
1785081636,eb6e80c2452633f4,https://sphinx.acast.com/p/open/s/675b829492bfc0e8869676aa/e/69a8a6cad7234219a30152a3/media.mp3,Trump Declares War to Save Himself,HTTP 404
1567204040,3e9d052e8a5faf93,https://traffic.megaphone.fm/SHDI4010442639.mp3?updated=1731596433,DRILL BITS: American Toilets All Over,HTTP 410
1567204040,47270c162c5decf3,https://traffic.megaphone.fm/SHDI4120390003.mp3?updated=1731596439,Corporate Connections to China with Alex Marlow,HTTP 410
1567204040,8c8e3e9e9b29d2c3,https://traffic.megaphone.fm/SHDI8834167363.mp3?updated=1731596354,Understanding The Fed with guest Chris Leonard,HTTP 410
1474001390,fd6858d6d480abb9,https://c10.patreonusercontent.com/4/patreon-media/p/post/39340731/27065807182d4ce59a4a644daf991cee/eyJhIjoxLCJpc19hdWRpbyI6MSwicCI6MX0%3D/1.mp3?token-hash=MPa3oxDbKD-iqT2Lk6OXmhOkLnkrtVUz9RuhvLDlB34%3D&token-time=1784678400,Episode 83: The Permanent Uncle & His Colony of Righteousness (Part 1),HTTP 403
1567204040,20eb87cf4b7c5361,https://traffic.megaphone.fm/SHDI9623863453.mp3?updated=1731596348,The Rise of the Police State,HTTP 410
1474001390,75c3daa50ae0b923,https://c10.patreonusercontent.com/4/patreon-media/p/post/46466625/ccccd3e01cd646c8859a448d6d8687fd/eyJhIjoxLCJpc19hdWRpbyI6MSwicCI6MX0%3D/1.mp3?token-hash=Cky1EHfWnK3pfkkGvJecZGm3C1ZoUh4pWiOPOACzx34%3D&token-time=1784678400,Episode 131: Norman Finkelstein Pt. 1,HTTP 403
1567204040,42edca730b0585c5,https://traffic.megaphone.fm/SHDI3772550660.mp3?updated=1731596454,Is the Fight in Ukraine Winnable?,HTTP 410
1474001390,1dbe0c5628ad9548,https://c10.patreonusercontent.com/4/patreon-media/p/post/60238155/f8fa35371bd44ce08fdb290df64463ca/eyJhIjoxLCJpc19hdWRpbyI6MSwicCI6MX0%3D/1.mp3?token-hash=O-2CQWK0fHKMuo_B6Sklhc0PH9-pnSk2wGuQSDNnRqA%3D&token-time=1784678400,👁️ Ghislaine Maxwell Trial: Day 15 👁️,HTTP 403
1567204040,c114b8eb666c78bb,https://traffic.megaphone.fm/SHDI3789947219.mp3?updated=1731596491,Kenny Xu: Reclaiming Our Schools From CRT,HTTP 410
1567204040,44bdd0d579ec538e,https://traffic.megaphone.fm/SHDI7123366023.mp3?updated=1731596396,Caribbean Vacations and Election Fraud,HTTP 410
1474001390,d722b673487b5a05,https://c10.patreonusercontent.com/4/patreon-media/p/post/69725981/6e4a0684d52d474ba4601c0a57dd9fbd/eyJhIjoxLCJpc19hdWRpbyI6MSwicCI6MX0%3D/1.mp3?token-hash=3sNuLtT-kut5KxytMzVv6FOuUjojgK4JK7LkJH7lIRc%3D&token-time=1784678400,Episode 242: Spycops III,HTTP 403
1474001390,c6df61cce5d78df0,https://c10.patreonusercontent.com/4/patreon-media/p/post/81129240/aba2d644dbb046aebcabac7975eb4a69/eyJhIjoxLCJpc19hdWRpbyI6MSwicCI6MX0%3D/1.mp3?token-hash=eDs_9YlU-6OdLcGyj50TsJ5yZcoOt8OntzHKqxdZrSg%3D&token-time=1784678400,Episode 281: Next Year in Jerusalem,HTTP 403
1567204040,58e4affe16b9ae64,https://traffic.megaphone.fm/SHDI4252885969.mp3,On Power with Mark Levin,HTTP 410
1567204040,58a1ba69c9f3ecf0,https://traffic.megaphone.fm/SHDI2804449736.mp3?updated=1741200180,"In the DOGE era, the Pentagon holds all the (credit) cards",HTTP 410
929121341,963850bd376875e8,https://dts.podtrac.com/redirect.mp3/pscrb.fm/rss/p/traffic.libsyn.com/secure/b8d5c6ff-7fc4-4a28-b30f-99e02efd09b6/2023_03_22_17_54_09_660c3537-818f-4a9f-ae0a-0a99af0e3b95.mp3?dest-id=4990850,ROUND 1: TRUMP VS. DESANTIS! THE FIGHT IS ON! GUEST: ALEX JONES! | Louder with Crowder,HTTP 503
1474001390,d926fffca499422b,https://c10.patreonusercontent.com/4/patreon-media/p/media/556556042/89a156dca6e0412b96f2218555506b0b/eyJhIjoxLCJpc19hdWRpbyI6MSwicCI6MX0%3D/1.mp3?token-hash=qFaXukBW8fTsj2iSv-kcZJSSzTFzu7BNz21OtlHfpvM%3D&token-time=1784678400,[PREVIEW] Episode 499.5: Gooned!,HTTP 403
1474001390,b077fa9649876ca1,https://c10.patreonusercontent.com/4/patreon-media/p/media/620352788/3f89a94e3d7c4479a822ed7f6fb2cf59/eyJhIjoxLCJpc19hdWRpbyI6MSwicCI6MX0%3D/1.mp3?token-hash=6E5MVOQSDRQMUD_nBsnJuUeoP4ZYf5NkQddhrkEF3oc%3D&token-time=1784678400,[PREVIEW] Episode 525: Parsing Jeffrey,HTTP 403
1474001390,6f5392c93cf145c1,https://c10.patreonusercontent.com/4/patreon-media/p/post/30183745/5c190d11bc814d0dac1bc68ef076ff43/eyJhIjoxLCJpc19hdWRpbyI6MSwicCI6MX0%3D/1.mp3?token-hash=uIydjGv6Bq_CHMqdBBg614p7yy29IfDjHLNimfALmmY%3D&token-time=1784678400,Episode 13: Let Me Be Frank,HTTP 403
1567204040,c73b9197efa3f9e7,https://traffic.megaphone.fm/SHDI9971940582.mp3?updated=1731596439,DRILL BITS: Is your Limo safe?  The government needs to know,HTTP 410
1785081636,dce5071bda35b667,https://sphinx.acast.com/p/open/s/675b829492bfc0e8869676aa/e/67e5db7c3cc004e453670d7d/media.mp3,Trump's Cover-Up Crumbles,HTTP 404
1474001390,9b71377e27f4bd84,https://c10.patreonusercontent.com/4/patreon-media/p/post/34757183/7d36c0dd2df34b88ac8640cb7740d2d4/eyJhIjoxLCJpc19hdWRpbyI6MSwicCI6MX0%3D/1.mp3?token-hash=chR0EHgeLD0ozomvDPQXTDXQYUvrvKgbpm78x_ynNWc%3D&token-time=1784678400,Episode 51: Moronavirus II: Epidemic Flu-galoo,HTTP 403
1263295815,37eb10fd0cc0f37a,https://dts.podtrac.com/redirect.mp3/api.spreaker.com/download/episode/70778691/per_0319_audio.mp3,Pony Express Radio - 03/19/26 - The Irish Question - w/ Thomas777,HTTP 404
1567204040,5ad933d6e30a9cbe,https://traffic.megaphone.fm/SHDI3327715849.mp3?updated=1731596427,The Media Blackout of the #1 Book in The Country with Alex Marlow,HTTP 410
1474001390,c98253901a61cc55,https://c10.patreonusercontent.com/4/patreon-media/p/media/76878889/92fb9a926415422d8d9071b09aced4b0/eyJhIjoxLCJpc19hdWRpbyI6MSwicCI6MX0%3D/1.mp3?token-hash=PxvhMTb4EguUeZSfUAHYAoTwSfw9tX95-ZHD9AAo8OY%3D&token-time=1784678400,[PREVIEW] Episode 97: Quentin Quarantino,HTTP 403
1567204040,feba07331af65523,https://traffic.megaphone.fm/SHDI4473088381.mp3?updated=1731596415,"Big Pharma Seeking COVID Profits, Liability Limits",HTTP 410
1785081636,e4bcbc83cabb188c,https://sphinx.acast.com/p/open/s/675b829492bfc0e8869676aa/e/6a2ecf3a0592e82545480a1e/media.mp3,"Star Trek’s Bratty Tyrant Mirrors Trump | ""The Squire of Gothos"" (TOS)",HTTP 404
1474001390,288657f31f6c67e0,https://c10.patreonusercontent.com/4/patreon-media/p/post/60441589/2130c402286e481a89b8589f0809f560/eyJhIjoxLCJpc19hdWRpbyI6MSwicCI6MX0%3D/1.mp3?token-hash=3DT0uD6ksFw2VyClAHWQwpncXwcxG1ddKvUfZEJfm3w%3D&token-time=1784678400,👁️ Ghislaine Maxwell Trial: Day 17 👁️,HTTP 403
1567204040,7247f664fe1cb233,https://traffic.megaphone.fm/SHDI9101962306.mp3?updated=1731596364,Schweizer on Archer Testimony: “The Noose is Tightening”,HTTP 410
1474001390,1f399fb22a98117e,https://c10.patreonusercontent.com/4/patreon-media/p/post/66319722/386fbecd75e84ad2a865e340ba0bcfba/eyJhIjoxLCJpc19hdWRpbyI6MSwicCI6MX0%3D/1.mp3?token-hash=1XMmLnkAVGGI1QudFK8qwh5xg1Puw3zXXG1oaztiHFA%3D&token-time=1784678400,Episode 227: Sons and Daughters,HTTP 403
1567204040,dd7af5968c7a3b6b,https://traffic.megaphone.fm/SHDI3522654077.mp3?updated=1731596405,Brother's Keeper: Jim and Joe Biden’s ‘Loan’ Problem and the Americore Mess Explained,HTTP 410
1567204040,87960ccbde40648a,https://traffic.megaphone.fm/SHDI9474121840.mp3?updated=1731596474,Smurfing the Election - What does it mean?,HTTP 410
1474001390,3cb4a9f6d98e65df,https://c10.patreonusercontent.com/4/patreon-media/p/media/225552269/22fe1c54c5df4a8e9719a2418db47b6c/eyJhIjoxLCJpc19hdWRpbyI6MSwicCI6MX0%3D/1.mp3?token-hash=lWY7wSp0btJC8-b8kdjLWd6K25eeZQa91mHWiy1S9-s%3D&token-time=1784678400,[PREVIEW] Episode 315: Libertarian Noir,HTTP 403
1567204040,67f260bdb5165696,https://traffic.megaphone.fm/SHDI2325331770.mp3,2025 Highlights,HTTP 410
1474001390,aabc221bf589df93,https://c10.patreonusercontent.com/4/patreon-media/p/post/101697679/27649270cd0c40a2b617e047e610a3f5/eyJhIjoxLCJpc19hdWRpbyI6MSwicCI6MX0%3D/1.mp3?token-hash=MBY-LxBVLRWNBdAbH9EVfqhm6m900yzBWgjKveBmjpA%3D&token-time=1784678400,Episode 367: High Weirding (Part 1),HTTP 403
1474001390,17ffbe5933ab472c,https://c10.patreonusercontent.com/4/patreon-media/p/post/145056822/23b312d282f540628e8d0c6820db0adc/eyJhIjoxLCJpc19hdWRpbyI6MSwicCI6MX0%3D/1.mp3?token-hash=Y4x2yeSl04WUXqJqjXyOLdeguD1JftoiAe9r_r4mATo%3D&token-time=1784678400,Episode 506: My Beautiful Dark Twisted Fantasy League,HTTP 403
1474001390,3c29efc7b82a2ab8,https://c10.patreonusercontent.com/4/patreon-media/p/post/113256070/1a7153e812b64d01b8d50df6ec5b3050/eyJhIjoxLCJpc19hdWRpbyI6MSwicCI6MX0%3D/1.mp3?token-hash=4M0zy7NdhwiUwvrgZLxBwNTiYjglcgsPdE6C4DhbLFY%3D&token-time=1784678400,VP DEBATE,HTTP 403
1567204040,4ffbfdf0b5350f3a,https://traffic.megaphone.fm/SHDI5969223598.mp3?updated=1731596484,Will The Real Robert Peters Please Stand Up,HTTP 410
1785081636,3ed6f54994a723bf,https://sphinx.acast.com/p/open/s/675b829492bfc0e8869676aa/e/69865950d4e01f1069e9854a/media.mp3,The Rise of Large-Scale Immigration Detention Centers,HTTP 404
1474001390,08de5cc5bfe6b556,https://c10.patreonusercontent.com/4/patreon-media/p/media/566282826/4664c04df6fc4375a90891a9fb85c359/eyJhIjoxLCJpc19hdWRpbyI6MSwicCI6MX0%3D/1.mp3?token-hash=Q8ccnmh97fMrP5BtgS6EgRKrvtjIMhjYAI6iOCZGEnY%3D&token-time=1784678400,[PREVIEW] Episode 503: But His Emails II,HTTP 403
1474001390,819d500f84d8beed,https://c10.patreonusercontent.com/4/patreon-media/p/post/44873618/15a4b28b60f94686866b5111c939f117/eyJhIjoxLCJpc19hdWRpbyI6MSwicCI6MX0%3D/1.mp3?token-hash=VCdmiZWgcvNhefUADefH2K97dnvTPtflQIY-q92wZEs%3D&token-time=1784678400,Episode 123: The Stupid France of Mr. Macron,HTTP 403
1474001390,db23b44c46acdd65,https://c10.patreonusercontent.com/4/patreon-media/p/media/140779072/ec6c8c952fd1437ea98d380098817cd7/eyJhIjoxLCJpc19hdWRpbyI6MSwicCI6MX0%3D/1.mp3?token-hash=86JLR8SMEHBnTWpsrw8wsC1ZilAFtyA0W9G9rr_wgzo%3D&token-time=1784678400,[PREVIEW] Keep the Dream Alive Part 3: How the West Was Won,HTTP 403
1474001390,0105bb2ad16bdb56,https://c10.patreonusercontent.com/4/patreon-media/p/post/68192817/d428e86c034443748317bc6616461a8b/eyJhIjoxLCJpc19hdWRpbyI6MSwicCI6MX0%3D/1.mp3?token-hash=8oKiKN3JF3KUl8q3YZ7Tkf8vbaH5ZcLvtbOC31FchTA%3D&token-time=1784678400,Episode 234: Flibbertigibbet,HTTP 403
1474001390,a2a05a93bddcdcb7,https://c10.patreonusercontent.com/4/patreon-media/p/post/155175322/eff0f12601f14915bcc99f05e932d65d/eyJhIjoxLCJpc19hdWRpbyI6MSwicCI6MX0%3D/1.mp3?token-hash=bLpXdIuVNZ4Ang4dlPyjjRPd616fyznwLfXECCnzV28%3D&token-time=1784678400,Episode 538: More Observations,HTTP 403
1474001390,78219f4fb403378b,https://c10.patreonusercontent.com/4/patreon-media/p/post/56045481/c557d07b92bb4f80bd5a411d43c3fb61/eyJhIjoxLCJpc19hdWRpbyI6MSwicCI6MX0%3D/1.mp3?token-hash=OiELxPHj3cZ6H96x3BLGFQCOe327uzl0fEzRvdYfrpU%3D&token-time=1784678400,Episode 183: Hillary Did 9/11 (Part I),HTTP 403
1474001390,b5b6e300f0a116ce,https://c10.patreonusercontent.com/4/patreon-media/p/post/50367986/01ef0f2f366240bdaca3f441bc6b4643/eyJhIjoxLCJpc19hdWRpbyI6MSwicCI6MX0%3D/1.mp3?token-hash=H-9m0LQ6G2EJhnKWId2E3cOlOPYHDwCoCxy4lQ-6KUM%3D&token-time=1784678400,Episode 153: JFK 101 (Pt. 1 of ???),HTTP 403
1474001390,dd53e62c1b5a9ad2,https://c10.patreonusercontent.com/4/patreon-media/p/post/87327154/52175d2f639547f482d1fb3cb4d4f309/eyJhIjoxLCJpc19hdWRpbyI6MSwicCI6MX0%3D/1.wav?token-hash=gOruXbPO3ltHmXROQ1g4wxFcp6ZkcnxPuZH4483aXfY%3D&token-time=1784678400,[PREVIEW] Episode 310: The Plane Truth,HTTP 403
1474001390,bd3f697a7c8fe67f,https://c10.patreonusercontent.com/4/patreon-media/p/media/68169698/468836a8cd0940f2be039467606ea43e/eyJhIjoxLCJpc19hdWRpbyI6MSwicCI6MX0%3D/1.mp3?token-hash=G-BNLSryWGgIV-BkceTamyHO02LjyoCSE4-jMfc5TYU%3D&token-time=1784678400,[PREVIEW] Episode 77: True and A III,HTTP 403
1474001390,77dc7e81351b1845,https://c10.patreonusercontent.com/4/patreon-media/p/post/75653051/9339694aa2f24be0941195e827c8f07c/eyJhIjoxLCJpc19hdWRpbyI6MSwicCI6MX0%3D/1.mp3?token-hash=GqDoyMS9FETwzm7HaVwefxk64PKksXmhTqQv_3Xg3v0%3D&token-time=1784678400,Episode 256: Programmed to Kill,HTTP 403
1474001390,11aead67da3a3051,https://c10.patreonusercontent.com/4/patreon-media/p/post/84799882/b57b599817f8418595090466d120b39d/eyJhIjoxLCJpc19hdWRpbyI6MSwicCI6MX0%3D/1.mp3?token-hash=NzpI9ZgimyRebv0likCnzHrqG-2wgv4AKSE49z3ncbc%3D&token-time=1784678400,Episode 300: Episode 300,HTTP 403
1474001390,dbe722060343af83,https://c10.patreonusercontent.com/4/patreon-media/p/post/94661383/41bcc7888a784f828c4134159650a190/eyJhIjoxLCJpc19hdWRpbyI6MSwicCI6MX0%3D/1.mp3?token-hash=sMU0l-b9liK8yb0Ei7oEZYT3VZ9y5DY9EHUCHVIMqxg%3D&token-time=1784678400,Episode 340: Terminator vs. Avatar,HTTP 403
1474001390,6624eeeb264418de,https://c10.patreonusercontent.com/4/patreon-media/p/media/159801245/32f6da9e102844b181f3441bc3d8ca49/eyJhIjoxLCJpc19hdWRpbyI6MSwicCI6MX0%3D/1.mp3?token-hash=oSieDk9WGgg9vaK_5NPWW2WXtjxFpkg1oM5nkjTdUhM%3D&token-time=1784678400,[PREVIEW] Episode 237: High Weirdness in the Great Salt Lake,HTTP 403
1474001390,b816d47f39059f0c,https://c10.patreonusercontent.com/4/patreon-media/p/media/188979074/669bf10de110427ca6c56a6c1ca19801/eyJhIjoxLCJpc19hdWRpbyI6MSwicCI6MX0%3D/1.mp3?token-hash=bVMC6WePVVLJqKrCPo8_j8kXEHGhVzOMyZc6RlQEHCo%3D&token-time=1784678400,[PREVIEW] Episode 269: Cosa Nostra Part 1,HTTP 403
1474001390,cf824f9b7dc594bb,https://c10.patreonusercontent.com/4/patreon-media/p/post/60485217/35ef9372dc1b426dac769d4e74e49716/eyJhIjoxLCJpc19hdWRpbyI6MSwicCI6MX0%3D/1.mp3?token-hash=XKo1cxsYgR5ZbSSJlAZ0aUp5x-SGNH9gazSfax4Xrco%3D&token-time=1784678400,👁️ Ghislaine Maxwell Trial: Day 18 👁️,HTTP 403
1474001390,0e95eda95f260143,https://c10.patreonusercontent.com/4/patreon-media/p/post/105025601/daa260630b1a425a99616c7fa9928a4f/eyJhIjoxLCJpc19hdWRpbyI6MSwicCI6MX0%3D/1.mp3?token-hash=UOxdkKfMeq83teagvxQET4TqTMd0rC2nK5oNkXnFHDI%3D&token-time=1784678400,Episode 382: Tribunal 2,HTTP 403
1474001390,507b99633927fec4,https://c10.patreonusercontent.com/4/patreon-media/p/post/115080660/9ec6020000e547b5b394501d70c70a07/eyJhIjoxLCJpc19hdWRpbyI6MSwicCI6MX0%3D/1.mp3?token-hash=RLfjwTZaE_0SRNw59fmdB-Io_Wyp0zTOrNPBhBJiezI%3D&token-time=1784678400,Episode 416: The Player Hater's Ball,HTTP 403
1474001390,3b7be7aa683bedd2,https://c10.patreonusercontent.com/4/patreon-media/p/media/53413404/8bd7953a17e247d893742a3799536fb0/eyJhIjoxLCJpc19hdWRpbyI6MSwicCI6MX0%3D/1.mp3?token-hash=8BTmbyoHUadCqU0rRdpSU9tWVrCLBUbCX5KGcP0fBhc%3D&token-time=1784678400,[PREVIEW] Episode 40: Moronavirus,HTTP 403
1474001390,a46c7dd20795ae04,https://c10.patreonusercontent.com/4/patreon-media/p/post/39439872/222f17f738674eb4a948bb9cb4eacf08/eyJhIjoxLCJpc19hdWRpbyI6MSwicCI6MX0%3D/1.mp3?token-hash=HJLcUtIGS03IyGHvPhQ520DlDAsTTEZ9pl-eAAiKUdo%3D&token-time=1784678400,Episode 84: Zooming In On Maxwell,HTTP 403
1474001390,53e8e5632395a0e6,https://c10.patreonusercontent.com/4/patreon-media/p/media/562606969/998ef0f77b1a4f278005a9f44422e6ce/eyJhIjoxLCJpc19hdWRpbyI6MSwicCI6MX0%3D/1.mp3?token-hash=xDoVRYpsgjWfYjUncXKSba3n_Ij_SnmOZK42D8V_65M%3D&token-time=1784678400,[PREVIEW] Episode 501: Demonrats and Rethuglicans,HTTP 403
1474001390,4076176fdafbf8f2,https://c10.patreonusercontent.com/4/patreon-media/p/post/51195084/22db555eea864dd5b060241261ea0903/eyJhIjoxLCJpc19hdWRpbyI6MSwicCI6MX0%3D/1.mp3?token-hash=h-ZZIkm9jLnjN8bpfthGHPvhJHrvw80M0LZqQBq8g44%3D&token-time=1784678400,Episode 157: Havana Nights,HTTP 403
1474001390,4cded62f4b724c0a,https://c10.patreonusercontent.com/4/patreon-media/p/post/161428338/e7d99938a89d4895906c7e4a0f7cc4f9/eyJhIjoxLCJpc19hdWRpbyI6MSwicCI6MX0%3D/1.mp3?token-hash=6gXBRa6Um9yseuvDE6lQQg2XST9g_BLEb_fpQcX-a2g%3D&token-time=1784678400,Episode 555: Observations III,HTTP 403
1474001390,1bd129441218624f,https://c10.patreonusercontent.com/4/patreon-media/p/post/113740912/6d2cd7b3416543b89bd1b317388335ee/eyJhIjoxLCJpc19hdWRpbyI6MSwicCI6MX0%3D/1.mp3?token-hash=z3LwUpja2ocXGVSRl5Ht2C7sYz3YqogvECx5a8FWT-Y%3D&token-time=1784678400,Episode 411: I Paid a Real Assassin to Try and Kill Me,HTTP 403
1474001390,2e06bd4592b231dd,https://c10.patreonusercontent.com/4/patreon-media/p/post/55033558/e8c9d7fb514c424eb2740f7914c17ac7/eyJhIjoxLCJpc19hdWRpbyI6MSwicCI6MX0%3D/1.mp3?token-hash=dW1Z9lGOA9KrJNwxVRIQUjTmks0fkKNN-e1L9Vjb4Wc%3D&token-time=1784678400,Episode 176: Lyndon LaRouche: The Assassin's Creed,HTTP 403
1474001390,599c2a3ca4602043,https://c10.patreonusercontent.com/4/patreon-media/p/media/465785805/f60f2f5677ad4c75bf41786eefa4939e/eyJhIjoxLCJpc19hdWRpbyI6MSwicCI6MX0%3D/1.mp3?token-hash=mvlcr6mpQR45VWjy8EM23TcqhPP_f_a7ZJ94Fzc9qtg%3D&token-time=1784678400,[PREVIEW] Episode 458: Betar Tar Binks,HTTP 403
1474001390,1771e317048e945b,https://c10.patreonusercontent.com/4/patreon-media/p/post/126629184/3c4b2213406d4d6aa01b927ef20c0094/eyJhIjoxLCJpc19hdWRpbyI6MSwicCI6MX0%3D/1.mp3?token-hash=natMc1QeQtxp0t0H93t2ehOs95bLbVXAcv7hXAYrF3U%3D&token-time=1784678400,Episode 451: Art of the Deal,HTTP 403
1474001390,ccc30e924d894721,https://c10.patreonusercontent.com/4/patreon-media/p/post/69142293/b211d2f67be5412284ddea87db62f0ea/eyJhIjoxLCJpc19hdWRpbyI6MSwicCI6MX0%3D/1.mp3?token-hash=ZtjNBB7HamseQTqVdFPyVT-nuIcfhzioXf-fKjT92MM%3D&token-time=1784678400,Episode 239: Mooned in Nara,HTTP 403
1474001390,14edb1d6e9ff9656,https://c10.patreonusercontent.com/4/patreon-media/p/post/74173972/ea999ea972354e9392266bc38410e644/eyJhIjoxLCJpc19hdWRpbyI6MSwicCI6MX0%3D/1.mp3?token-hash=pEh4-9kn5EWcrOR5sdFOEb0EyZmkFuEarNsEPdvCPFI%3D&token-time=1784678400,Episode 252: Fed Files,HTTP 403
1474001390,02a4ce1fa9ed92e1,https://c10.patreonusercontent.com/4/patreon-media/p/media/569966529/59f57a7d7e3c4a75a7154b7ecf2d95b4/eyJhIjoxLCJpc19hdWRpbyI6MSwicCI6MX0%3D/1.mp3?token-hash=CEXWarQDtZN24LzSynyuvH4h5_5CVOpWF1T6V1YiEBc%3D&token-time=1784678400,[PREVIEW] Episode 505: Tranche Talk,HTTP 403
1474001390,d21f7e28b2a251e8,https://c10.patreonusercontent.com/4/patreon-media/p/media/297346327/4e15cf5bddd54699b7bd2645d2000c1c/eyJhIjoxLCJpc19hdWRpbyI6MSwicCI6MX0%3D/1.mp3?token-hash=n2Vxmsx2-swOh-wbL-_1H1KkowVdQZy_Y2B9DdpGToY%3D&token-time=1784678400,[PREVIEW] Episode 370: Cease to Exist (Part 1),HTTP 403
1474001390,41f302eb9bb2218d,https://c10.patreonusercontent.com/4/patreon-media/p/post/47100466/e1102959cf0b44dea6fe3e7501030f03/eyJhIjoxLCJpc19hdWRpbyI6MSwicCI6MX0%3D/1.mp3?token-hash=ENLJu_eUCLOkHqDBCS6G_dKoOj16iKnbluXwh7petYI%3D&token-time=1784678400,Episode 134: Freakanomics,HTTP 403
1567204040,20a7603c7a3d72e0,https://traffic.megaphone.fm/SHDI9978592439.mp3?updated=1752089319,Schweizer: Feds have had Epstein list since 2019,HTTP 410
1785081636,3e542d65c7332cf6,https://sphinx.acast.com/p/open/s/675b829492bfc0e8869676aa/e/6a4eab67f8a80edf85f5d9d7/media.mp3,Can Progressives Finally Turn MAGA's Weakness Into Victory?,HTTP 404
1567204040,7f14f7b737804918,https://traffic.megaphone.fm/SHDI3355989461.mp3?updated=1731596483,Will Peter's New Book Shake Up the Biden Campaign?,HTTP 410
1567204040,496c311844224753,https://traffic.megaphone.fm/SHDI7823774232.mp3?updated=1731596468,The Hunter China Connection,HTTP 410
1567204040,d4b70c0cd935c6b2,https://traffic.megaphone.fm/SHDI7205289734.mp3,Schweizer One Million Chinese “US Citizens”,HTTP 410
1567204040,8b58a9f763dbc219,https://traffic.megaphone.fm/SHDI6686834781.mp3,Schweizer: Gerrymandering is as old as the United States,HTTP 410
1567204040,30608bd5b1231d19,https://traffic.megaphone.fm/SHDI6089920014.mp3?updated=1731596386,Woke Boeing has Abandoned Excellence,HTTP 410
1567204040,eaf688d53b614801,https://traffic.megaphone.fm/SHDI9798308740.mp3?updated=1731596416,Will The Clinton Crime Family Finally Face Justice,HTTP 410
1567204040,1bff3767b831c513,https://traffic.megaphone.fm/SHDI5389935147.mp3?updated=1731596412,The Emails that Prove the Biden Family Pay to Play Scheme,HTTP 410
1567204040,b000a3a938befd14,https://traffic.megaphone.fm/SHDI2077676504.mp3?updated=1731596348,Fighting Against Indoctrination and Reshaping A University,HTTP 410
1474001390,9016f45486dbb276,https://c10.patreonusercontent.com/4/patreon-media/p/post/162397774/4942166654c14b148eb7f2507c9c25bd/eyJhIjoxLCJpc19hdWRpbyI6MSwicCI6MX0%3D/1.mp3?token-hash=1_BXe_mtql4stzYXv1-Qj-1I2fZItfr6bwyffG5yVvg%3D&token-time=1784678400,Episode 558: Zone Time,deferred: show blocked for the whole run
1474001390,cf942a72bab6a089,https://c10.patreonusercontent.com/4/patreon-media/p/media/48169487/a4de6a56bd52462586be1a20670726f7/eyJhIjoxLCJpc19hdWRpbyI6MSwicCI6MX0%3D/1.mp3?token-hash=BDODEi7ZxAh51KFBp5ya8z1Bv3hUZXJADHmJsd5-LyI%3D&token-time=1784678400,[PREVIEW] Episode 28: Chuff Em and Cuff Em,deferred: show blocked for the whole run
1474001390,1ad00d3f47468102,https://c10.patreonusercontent.com/4/patreon-media/p/media/106819706/c4ad65fd1ca6426a83422d59da9ed1a8/eyJhIjoxLCJpc19hdWRpbyI6MSwicCI6MX0%3D/1.mp3?token-hash=spoGkTiA-Cfel3NduGju5wphw60Am4VzmKiQGkUbUc0%3D&token-time=1784678400,[PREVIEW] Episode 156: JFK 101 (Pt. 4 of ???),deferred: show blocked for the whole run
1474001390,d2b6110b51b5aab7,https://c10.patreonusercontent.com/4/patreon-media/p/media/120444239/4f6771ecc7004ae28559ee8c0fa8571a/eyJhIjoxLCJpc19hdWRpbyI6MSwicCI6MX0%3D/1.mp3?token-hash=1KIQDst1EQ36AqB69DZFz-7fQC_PoZldExk-U-a-me0%3D&token-time=1784678400,[PREVIEW] Episode 181: 9/11: Twenty Years On the Road,deferred: show blocked for the whole run
1474001390,9c17adae433017dd,https://c10.patreonusercontent.com/4/patreon-media/p/media/141683403/afe7efe5422b4ca8ab5d8e0c485317ce/eyJhIjoxLCJpc19hdWRpbyI6MSwicCI6MX0%3D/1.mp3?token-hash=VH7h5fMLFeJbp797Yhb77SKh-jW9ZdzKCdrDqlikyFU%3D&token-time=1784678400,[PREVIEW] Keep The Dream Alive Part 4: Gruesome Details,deferred: show blocked for the whole run
1474001390,33214f0ecbce20fa,https://c10.patreonusercontent.com/4/patreon-media/p/post/94481237/299d9cc72da0463ca8565a87360b2f0f/eyJhIjoxLCJpc19hdWRpbyI6MSwicCI6MX0%3D/1.mp3?token-hash=ztFPr4RgdBN2K198aMf66fpsz7HFV8BlQ0WaGiJvJ20%3D&token-time=1784678400,Episode 339: Dead on the Trail: The Potomac Murder,deferred: show blocked for the whole run
1474001390,dea974ca080d61fc,https://c10.patreonusercontent.com/4/patreon-media/p/post/158244705/0181459f39fe412c9bfdfa8fdae40066/eyJhIjoxLCJpc19hdWRpbyI6MSwicCI6MX0%3D/1.mp3?token-hash=tDKoOTFFauSFFQMQ72XnDqosb_S7I1MutSws_8s64Fo%3D&token-time=1784678400,Episode 548: Boy School Academy,deferred: show blocked for the whole run
1474001390,ffed860bebf6e049,https://c10.patreonusercontent.com/4/patreon-media/p/media/147046055/72a4899102894a83b361cf53db6e4295/eyJhIjoxLCJpc19hdWRpbyI6MSwicCI6MX0%3D/1.mp3?token-hash=wCjHPFmHOA2rXc2eSZcnBm1w_wTq-yj6Y440DP4sW5I%3D&token-time=1784678400,[PREVIEW] Episode 217: Moderate Rebel: The Christopher Dorner Story (Part 2),deferred: show blocked for the whole run
1474001390,d3a1d867e3b6492f,https://c10.patreonusercontent.com/4/patreon-media/p/media/169148199/fe4eb68c71b54486bf4940ab6953b9b4/eyJhIjoxLCJpc19hdWRpbyI6MSwicCI6MX0%3D/1.mp3?token-hash=xV-EWdrAVoP3Qr5zkCw6R7r8S7Gvsrr-BIBV3oXCBz8%3D&token-time=1784678400,[PREVIEW] Episode 249: Worldwide Webb,deferred: show blocked for the whole run
1474001390,ea3160a230901ef1,https://c10.patreonusercontent.com/4/patreon-media/p/post/90711855/da2deb8800e746439aa2071f480bbb9d/eyJhIjoxLCJpc19hdWRpbyI6MSwicCI6MX0%3D/1.mp3?token-hash=9UDBw5oWGG7KPYfyYBS42Fh66FImcHlZMR3KP8p3yEg%3D&token-time=1784678400,Episode 325: Sam Jailman Trial,deferred: show blocked for the whole run
1474001390,bc0dfbd5e1c5fb42,https://c10.patreonusercontent.com/4/patreon-media/p/media/272093862/e5e70cdb8cb740daad9599d6060c8853/eyJhIjoxLCJpc19hdWRpbyI6MSwicCI6MX0%3D/1.mp3?token-hash=j9srdO2dTUGziD0XZJ8c69zdhwhx15p96pSuXym69lU%3D&token-time=1784678400,[PREVIEW] Episode 349: State of Play,deferred: show blocked for the whole run
1474001390,e03475c2c0b9a1fe,https://c10.patreonusercontent.com/4/patreon-media/p/post/153833193/1ed19699b6414de2a14271e64e11fc52/eyJhIjoxLCJpc19hdWRpbyI6MSwicCI6MX0%3D/1.mp3?token-hash=gXMMBUjs1efkC09dH45waODhlQteLNXdWdWOutR7Fyc%3D&token-time=1784678400,Episode 532: Cuba 1,deferred: show blocked for the whole run
1474001390,f8ab2a635b0ffced,https://c10.patreonusercontent.com/4/patreon-media/p/media/659237483/78e703609ccd4029b9ef99ff8b847678/eyJhIjoxLCJpc19hdWRpbyI6MSwicCI6MX0%3D/1.mp3?token-hash=8iejahzkp0n5TXYWYyUhE-YB5O8sivzL70X5pqTdVMc%3D&token-time=1784678400,[PREVIEW] Episode 546: Toboso,deferred: show blocked for the whole run
1474001390,2bceac09a26c2dd4,https://c10.patreonusercontent.com/4/patreon-media/p/media/45745113/ad215af498b94b7e9e1abe71757d761b/eyJhIjoxLCJpc19hdWRpbyI6MSwicCI6MX0%3D/1.mp3?token-hash=33PDfdxCW5Q4sUCpSIzYrbmkPVlvqeyFikPwYvnr5Uo%3D&token-time=1784678400,[PREVIEW] Episode 22: Q's Clues,HTTP 403
1567204040,2699349267d9ac17,https://traffic.megaphone.fm/SHDI7667178538.mp3?updated=1731596466,The High Profits and Corruption of the Marijuana Industry,HTTP 410
1474001390,4fb5691c433f570e,https://c10.patreonusercontent.com/4/patreon-media/p/media/58349063/fa0a046b002544cbb46b4934d5b27122/eyJhIjoxLCJpc19hdWRpbyI6MSwicCI6MX0%3D/1.mp3?token-hash=q6zh17O_faV1EDYZ_sz1CDrW6QCxbHnIqaydH4Ixg1k%3D&token-time=1784678400,[PREVIEW] Episode 56: True & A II,HTTP 403
1567204040,56ddacecdb6ae2f1,https://traffic.megaphone.fm/SHDI6641754724.mp3?updated=1731596375,The Growing Power Of The Teachers Union,HTTP 410
1474001390,be8266adc1223542,https://c10.patreonusercontent.com/4/patreon-media/p/post/111475150/6d95132c4f54472787bb67b8ae5128a6/eyJhIjoxLCJpc19hdWRpbyI6MSwicCI6MX0%3D/1.mp3?token-hash=8PTVKb6sJVRu38xMnYITm9bL9wuBJ37fzMieX1BB55s%3D&token-time=1784678400,Episode 402: Sparks 2,HTTP 403
1567204040,5fc3298f09cfb451,https://traffic.megaphone.fm/SHDI2502234345.mp3?updated=1731596409,Big Government Keeps Shattering The Debt Ceiling,HTTP 410
1567204040,3b33b405207a6093,https://traffic.megaphone.fm/SHDI3005256543.mp3?updated=1731596498,How Big Tech is swaying elections and indoctrinating kids,HTTP 410
1567204040,6a2575739027c916,https://traffic.megaphone.fm/SHDI3793748167.mp3?updated=1731596351,Punishing Americans With Good Credit,HTTP 410
1567204040,029c16e295c8ee02,https://traffic.megaphone.fm/SHDI6018488016.mp3?updated=1731596383,Is the Freedom of Speech on the Ballot?,HTTP 410
1567204040,11a8acd3f7e9f668,https://traffic.megaphone.fm/SHDI3013818559.mp3?updated=1731596443,The Elites Attack On Free Speech,HTTP 410
1567204040,870c002ca5a12224,https://traffic.megaphone.fm/SHDI9789138771.mp3?updated=1731596481,Is Congress Voting Their Way to Wealth?,HTTP 410
1785081636,db64124cc2b86107,https://sphinx.acast.com/p/open/s/675b829492bfc0e8869676aa/e/67cc9afba890beb52e40f8fc/media.mp3,"Trump Trolls Trump: ""Rapid Unscheduled Disassembly""",HTTP 404
1567204040,b4fa1dd4ebcf863e,https://traffic.megaphone.fm/SHDI3379737337.mp3?updated=1731596369,"Newt Gingrich: Left Wants to Eliminate American History, Raise Kids to Despise Their Own Country",HTTP 410
1785081636,e5dbdb9f9ea79e5e,https://sphinx.acast.com/p/open/s/675b829492bfc0e8869676aa/e/68c20c0a0fa00b58172d49ec/media.mp3,Charlie Kirk Shot and Killed at University Event in Utah,HTTP 404
1567204040,4c30973e3d3d449f,https://traffic.megaphone.fm/SHDI2250402190.mp3?updated=1731596494,The Bidens “Run a Very Sophisticated Criminal Enterprise”,HTTP 410
1785081636,d3b676db3dbce996,https://sphinx.acast.com/p/open/s/675b829492bfc0e8869676aa/e/69bb110dc4b9c3b6f4f9b7f9/media.mp3,Donald Trump Ties Resurface in Epstein Bombshell,HTTP 404
1567204040,ffc3c0661431ce1e,https://traffic.megaphone.fm/SHDI8230040860.mp3,Riot Inc - The Hidden Networks Fueling Unrest,HTTP 410
1785081636,7b6576a02c84d5cc,https://sphinx.acast.com/p/open/s/675b829492bfc0e8869676aa/e/6a4ec85e81fe1f6460f10daa/media.mp3,DOJ Assault on Disability Rights | Big Voice Wednesday,HTTP 404
1567204040,7c48d0d05c399702,https://traffic.megaphone.fm/SHDI7971531551.mp3?updated=1732197761,Storming the Ivory Tower - A Call for Educational Reform with Richard Corcoran,HTTP 410
1785081636,f214b601cbde6ec4,https://sphinx.acast.com/p/open/s/675b829492bfc0e8869676aa/e/6792c530d50dd45655f1b9e4/media.mp3,Donald Trumps Crypto Scheme,HTTP 404
1567204040,53bcfaf64ba25d3f,https://traffic.megaphone.fm/SHDI6672138702.mp3?updated=1731596414,GAI Issues New Report on Camp Lejeune and the Plaintiffs Bar,HTTP 410
1567204040,fef2944c89ef9c0f,https://traffic.megaphone.fm/SHDI3173919390.mp3?updated=1736370740,Uncorrupting the FBI,HTTP 410
1567204040,505de516739bf564,https://traffic.megaphone.fm/SHDI9058137634.mp3,Schweizer and Halperin Discuss Future of Media,HTTP 410
1567204040,7a7f583e076b0758,https://traffic.megaphone.fm/SHDI9265424903.mp3,"Schweizer: Spirit Air collapse a “classic Democrat problem""",HTTP 410
1567204040,74f2dee5be20eedf,https://traffic.megaphone.fm/SHDI1528979433.mp3,SCOTUS Brings Life to the (Political) Parties,HTTP 410
1567204040,c6bd6280f4328a6e,https://traffic.megaphone.fm/SHDI6098183454.mp3?updated=1731596458,Tethered to Terror: Are the Biggest Winners of Crypto the Regulators?,HTTP 410
1474001390,09ec78a3dfafa48c,https://c10.patreonusercontent.com/4/patreon-media/p/media/151346776/a24989c4ae0e4accb821e315ba65384f/eyJhIjoxLCJpc19hdWRpbyI6MSwicCI6MX0%3D/1.mp3?token-hash=g_AcyPUk_YlLUDDWSTacXs6JILS5l68fG5DBqddj-k4%3D&token-time=1784678400,[PREVIEW] Episode 225: Milk Sop Cash Cow,HTTP 403
1474001390,e99ac846fe8759f3,https://c10.patreonusercontent.com/4/patreon-media/p/media/181927743/49812a35c1074ee795769994ccb6f3e1/eyJhIjoxLCJpc19hdWRpbyI6MSwicCI6MX0%3D/1.mp3?token-hash=VPAna11Dl-KTmp7779GKwNZ6agbkg6jOC7Do3AXQmcA%3D&token-time=1784678400,[PREVIEW] Episode 261: Peace On Earth,HTTP 403
1567204040,54e25537ff2bb766,https://traffic.megaphone.fm/SHDI4366492419.mp3?updated=1731596398,Walz’s China Problem,HTTP 410
1474001390,1e1e2f2f166c9b80,https://c10.patreonusercontent.com/4/patreon-media/p/post/87128289/2f6dc3a8fa6f421da61b307a9f8b1602/eyJhIjoxLCJpc19hdWRpbyI6MSwicCI6MX0%3D/1.mp3?token-hash=QStfkpm5ZK1mK9zJZoFURk9qaXdsCbWbe-3o1-brrAA%3D&token-time=1784678400,Episode 309: I Need Speed and Weed,HTTP 403
1567204040,6ce3c2eb77cd992e,https://traffic.megaphone.fm/SHDI2517958630.mp3,Mexican Government Denies “Reconquista” Intentions -- Schweizer Responds,HTTP 410
1474001390,d2daef419fafa635,https://c10.patreonusercontent.com/4/patreon-media/p/media/265761725/6335e710a73044ddbafe1133a36f821a/eyJhIjoxLCJpc19hdWRpbyI6MSwicCI6MX0%3D/1.mp3?token-hash=vWdAT_9mXMIwXGOlvgTcL2YR9fVXbaFGq0gCFH1Ge2g%3D&token-time=1784678400,[PREVIEW] Episode 347: The Venerable Rebbe’s Crown Heights Hole,HTTP 403
1474001390,3707c7863e25ed2e,https://c10.patreonusercontent.com/4/patreon-media/p/media/325520086/71c348a5ec3f47c2a706c97e8f545c7b/eyJhIjoxLCJpc19hdWRpbyI6MSwicCI6MX0%3D/1.mp3?token-hash=NGJwX6OTe9wsacc84cmlNbqXYMd6rhMP4BhedGqbSaU%3D&token-time=1784678400,[PREVIEW] Episode 390: Tip Line 3 ft. Sarah Sherman,HTTP 403
1474001390,00ee42ebcdc14113,https://c10.patreonusercontent.com/4/patreon-media/p/post/120612637/22c97a81c18c41de8663dd4ee3940744/eyJhIjoxLCJpc19hdWRpbyI6MSwicCI6MX0%3D/1.mp3?token-hash=fEpAj8bWbegFZ1h4OgjPYh_uBZTWjYBKTXAv5aNTDjw%3D&token-time=1784678400,Episode 432: Trump and Dump,HTTP 403
1474001390,5302cb5c396bda33,https://c10.patreonusercontent.com/4/patreon-media/p/media/693989318/1485e6c61fa3428282594f435cef10f8/eyJhIjoxLCJpc19hdWRpbyI6MSwicCI6MX0%3D/1.mp3?token-hash=nQA-vtCFoPWud91BkGBDBYT2szRwZHrJO7O3sBhge0A%3D&token-time=1784678400,[PREVIEW] Episode 560: Rip-Off 250,HTTP 403
1567204040,1c8b8638e6faaa6c,https://traffic.megaphone.fm/SHDI8481000280.mp3?updated=1731596475,How corrupt officials enrich their families,HTTP 410
1785081636,58f01db715530595,https://sphinx.acast.com/p/open/s/675b829492bfc0e8869676aa/e/676e2154659d6af5972005af/media.mp3,A Very Freak Out Christmas,HTTP 404
1474001390,58c7641a9beec67d,https://c10.patreonusercontent.com/4/patreon-media/p/post/31930474/1161f20d0add4d9bbeed3f22eb5ed00c/eyJhIjoxLCJpc19hdWRpbyI6MSwicCI6MX0%3D/1.mp3?token-hash=Tpz5StkV2SxKa3S4lZX0UH6Zyt_2sqca4pNQeIV7lEc%3D&token-time=1784678400,Episode 27: Sticky Wicket,HTTP 403
1567204040,fc9ad2f8ba5c19b4,https://traffic.megaphone.fm/SHDI1115845691.mp3?updated=1731596436,Education Discussion and latest on Virginia Governor Election with Luke Rosiak,HTTP 410
1785081636,5402d0800258aeff,https://sphinx.acast.com/p/open/s/675b829492bfc0e8869676aa/e/682e2b1210ca442d5fe9f964/media.mp3,Trump Leadership Unprepared to Handle Disasters,HTTP 404
1474001390,f5d41585997aaff3,https://c10.patreonusercontent.com/4/patreon-media/p/post/36124176/8d39ba9b271a423eb57b4ed36338feb8/eyJhIjoxLCJpc19hdWRpbyI6MSwicCI6MX0%3D/1.mp3?token-hash=TWXSB6n5LGft2t9S_CiSg-73hbB2E1EqhG6G4ZMUm8c%3D&token-time=1784678400,Episode 61: Return to Little St. James,HTTP 403
1785081636,296e865f3059cf79,https://sphinx.acast.com/p/open/s/675b829492bfc0e8869676aa/e/68bcc39cb177a2f48437a05d/media.mp3,Trump Inadvertently Unites GOP and Dems,HTTP 404
1567204040,a31d672338c3c128,https://traffic.megaphone.fm/SHDI8402722376.mp3?updated=1731596496,Big Governments Baby Formula Shortage,HTTP 410
1474001390,b2ae4175bfd6a8e5,https://c10.patreonusercontent.com/4/patreon-media/p/post/42524904/c5bfaa0ae21c48f3ba2083ae5f91bd48/eyJhIjoxLCJpc19hdWRpbyI6MSwicCI6MX0%3D/1.mp3?token-hash=dd-lKsvVQfiuW_aTHtTf6QgdS0JLVUrnhosSzRHd0z4%3D&token-time=1784678400,Episode 106: #FreeAssange,HTTP 403
1785081636,c5ed7454bff7e7d3,https://sphinx.acast.com/p/open/s/675b829492bfc0e8869676aa/e/69c2f4a61a160b44db21da23/media.mp3,Detained: What’s Really Happening Inside ICE Facilities,HTTP 404
1474001390,f203e94fbd447044,https://c10.patreonusercontent.com/4/patreon-media/p/post/50049321/82613db4d1bd421585b5f75d829db408/eyJhIjoxLCJpc19hdWRpbyI6MSwicCI6MX0%3D/1.mp3?token-hash=Dl-ldCdcAMx2-Z0axouOWcLE91t8no3Ech7449iJbvg%3D&token-time=1784678400,Episode 151: #GmaxFax,HTTP 403
1567204040,63b116fa0c13cbd5,https://traffic.megaphone.fm/SHDI5938733244.mp3?updated=1731596387,Payoffs and Presidential Candidates,HTTP 410
1474001390,93d8cd4296498631,https://c10.patreonusercontent.com/4/patreon-media/p/post/75952126/47483f5203454d54ae9022ff3f143bbc/eyJhIjoxLCJpc19hdWRpbyI6MSwicCI6MX0%3D/1.mp3?token-hash=NxZsSrlpzpB-v_NItiYIy6Ejwq5WuS-u006bCdF3zN0%3D&token-time=1784678400,Episode 258: Cloud Cover,HTTP 403
1567204040,5885ac712fd9b9d9,https://traffic.megaphone.fm/SHDI8086245848.mp3?updated=1731596380,Committee Report Validates: Blood Money” Findings,HTTP 410
1567204040,a679cde9f8633f8f,https://traffic.megaphone.fm/SHDI1556005149.mp3?updated=1731596396,A Presidential Debate About Eating Ducks and Cats?,HTTP 410
1567204040,c209848afd7711bd,https://traffic.megaphone.fm/SHDI2944167075.mp3?updated=1750159807,Schweizer: No Kings Lesson For Leftist Billionaires – You Can’t Buy an Uprising,HTTP 410
1474001390,0119e83b7caf4bb7,https://c10.patreonusercontent.com/4/patreon-media/p/post/111986421/04ea57ba8a1749458fcf735d96f0526b/eyJhIjoxLCJpc19hdWRpbyI6MSwicCI6MX0%3D/1.mp3?token-hash=3d0O2C9cgWSpeThsMkhGlsBHjiyESFZOoFomx9ff0xM%3D&token-time=1784678400,Episode 404: FARA Faucet,HTTP 403
1474001390,3a79dc67de87c66c,https://c10.patreonusercontent.com/4/patreon-media/p/post/138500613/19b29a77362348e59f2d8ec9f0eae852/eyJhIjoxLCJpc19hdWRpbyI6MSwicCI6MX0%3D/1.mp3?token-hash=00krcX6F-VWMzNbiQdTeo99ZFLs3fpl_I_6VI-vhc8w%3D&token-time=1784678400,UNLOCKED: Episode 479: The Lady Vanishes,HTTP 403
1567204040,218f9f6b52c5b0df,https://traffic.megaphone.fm/SHDI8079044833.mp3?updated=1731596437,DRILL BITS: Paid To Pour Concrete and Remove It,HTTP 410
1785081636,5d5c0b4ff6a92f80,https://sphinx.acast.com/p/open/s/675b829492bfc0e8869676aa/e/6842009fc4b70577af4d6f42/media.mp3,Donald and Elon Rage Against Each Other,HTTP 404
1474001390,4f99c0573db9946c,https://c10.patreonusercontent.com/4/patreon-media/p/media/691601454/efa7f101cd0e4eb494b49e512b3a0dc4/eyJhIjoxLCJpc19hdWRpbyI6MSwicCI6MX0%3D/1.mp3?token-hash=IcGp013uBl_tOpSD-s5UGdgJTJoZ3xV-baMdJk9JqT8%3D&token-time=1784678400,[PREVIEW] Episode 559: Deadpool,HTTP 403
1567204040,769aae7c7d1d12a0,https://traffic.megaphone.fm/SHDI2795577690.mp3?updated=1731596356,Morgan on The Border: It's Already An Invasion,HTTP 410
1474001390,151e9baf94ebaf93,https://c10.patreonusercontent.com/4/patreon-media/p/post/148853040/28e3d9ed9fc34912b568d217bcb3b270/eyJhIjoxLCJpc19hdWRpbyI6MSwicCI6MX0%3D/1.mp3?token-hash=g-j-3jY7lWqfi7mVPJye6n5l0QLKqn6ZN_V3tZFXoGk%3D&token-time=1784678400,"Episode 517: Sex, Lie, and Videotape",HTTP 403
1567204040,81ad5ace06f903a8,https://traffic.megaphone.fm/SHDI1109796733.mp3?updated=1731596487,"Biden’s Energy Department ""Weaponized"" to Reward Friends, Help China",HTTP 410
1474001390,020810fe34fd9c02,https://c10.patreonusercontent.com/4/patreon-media/p/post/41437077/ea7e3d718225455bb6ea6f6ccba91292/eyJhIjoxLCJpc19hdWRpbyI6MSwicCI6MX0%3D/1.mp3?token-hash=EKAtJeVjenaZPoNwfgRSVuyL1yuasPKa5rjsCFr1x1I%3D&token-time=1784678400,[9/11 Week] Bush Did 9/11 Part 3,HTTP 403
1567204040,e9f8594f2939a821,https://traffic.megaphone.fm/SHDI2323313803.mp3?updated=1731596456,How Russia uses DC to influence the US,HTTP 410
1474001390,63a3b0211938a6dc,https://c10.patreonusercontent.com/4/patreon-media/p/post/32512666/40e97a6eec1b4c21b77ab262dd9fa722/eyJhIjoxLCJpc19hdWRpbyI6MSwicCI6MX0%3D/1.mp3?token-hash=PS3Jmuc-_Lg7CyTvVzfTCuY6ecUcJ97aoEoxmxOkKUM%3D&token-time=1784678400,Episode 31: Brexiting the Vampire Castle,HTTP 403
1567204040,ad9fca7cee3a02ac,https://traffic.megaphone.fm/SHDI5900864474.mp3?updated=1731596402,Foreign Adversaries Influence Elected Officials' Family Members,HTTP 410
1567204040,6d699f1b7b2de53d,https://traffic.megaphone.fm/SHDI3843021272.mp3?updated=1731596405,The End of Joe Biden's Political Career,HTTP 410
1474001390,34d195a03a41fe3f,https://c10.patreonusercontent.com/4/patreon-media/p/post/29004617/996de31b4ce1470ba8b76cce76a0407c/eyJhIjoxLCJpc19hdWRpbyI6MSwicCI6MX0%3D/1.mp3?token-hash=xFgIDuYn--ZeUl4Zeg19gtbOtUCm9oFP3s4soDr_jcg%3D&token-time=1784678400,Episode 3: Sex Farm,HTTP 403
1474001390,118af8b567aa9f89,https://c10.patreonusercontent.com/4/patreon-media/p/media/51112746/b2d3231b2d854a9793e3ec81b83223b0/eyJhIjoxLCJpc19hdWRpbyI6MSwicCI6MX0%3D/1.mp3?token-hash=7O4EhVQ-xI3IdQSJ8A08GWn6uFvf3M-K4CqTx9t2_N4%3D&token-time=1784678400,[PREVIEW] Episode 34: Douche Bank,HTTP 403
1567204040,ec60d1b5ceff1f73,https://traffic.megaphone.fm/SHDI4075516655.mp3?updated=1731596379,The Dark Side of Diversity at Harvard,HTTP 410
1474001390,315fd3e06fdfc185,https://c10.patreonusercontent.com/4/patreon-media/p/media/97066412/90366bb4dcbf4b3fa195fc0b94f226d4/eyJhIjoxLCJpc19hdWRpbyI6MSwicCI6MX0%3D/1.mp3?token-hash=UCWRrnykwzObMlvLRJeu4fDMYmZZ_693-j5YvFtNkDg%3D&token-time=1784678400,[PREVIEW] Episode 139: It's Britney Bitch,HTTP 403
1567204040,6976e50cde79a232,https://traffic.megaphone.fm/SHDI4382020460.mp3?updated=1731596427,Should We Ban Lobbyists From Representing China?,HTTP 410
1567204040,78e6c300abd6b05d,https://traffic.megaphone.fm/SHDI3640814044.mp3?updated=1731596492,Masters of Corruption: The Drill Down Interviews a Whistleblower,HTTP 410
1474001390,771baa11d5fb8388,https://c10.patreonusercontent.com/4/patreon-media/p/post/29852534/befebe9078294043b96a9a24a3f2b1c0/eyJhIjoxLCJpc19hdWRpbyI6MSwicCI6MX0%3D/1.mp3?token-hash=v8wWsiuqaUTi9XpCtMmh1MI0OL0fKPA8eX6g-hEq40k%3D&token-time=1784678400,Episode 11: School's Out Forever,HTTP 403
1567204040,70fdbc74410dc7fc,https://traffic.megaphone.fm/SHDI7181769386.mp3?updated=1731596441,DRILL BITS: Infrastructure Bill was paid by selling off part of strategic oil reserve,HTTP 410
1474001390,0fe8e9ec4dc43daa,https://c10.patreonusercontent.com/4/patreon-media/p/post/97173989/7769731e4dea41109ec7e08401d47511/eyJhIjoxLCJpc19hdWRpbyI6MSwicCI6MX0%3D/1.mp3?token-hash=yvKpsdJPRFHW2Xlusw90067QWnXHc4BiE5xNSLa9jBE%3D&token-time=1784678400,Episode 348: Life Stinks,HTTP 403
1474001390,574c02bb89efda95,https://c10.patreonusercontent.com/4/patreon-media/p/post/121924113/1f45fc3c7b504c98b14e65a07496598a/eyJhIjoxLCJpc19hdWRpbyI6MSwicCI6MX0%3D/1.mp3?token-hash=_kiQsV-isoUd5CRH_I0bomdiTHVfXmLTbeXcjJGam68%3D&token-time=1784678400,Episode 437: Fork in the Road,HTTP 403
1474001390,7a2ab7063c6fdd05,https://c10.patreonusercontent.com/4/patreon-media/p/post/108861237/2c2058a5a1f3478b8359d8acf9719547/eyJhIjoxLCJpc19hdWRpbyI6MSwicCI6MX0%3D/1.mp3?token-hash=w4BqidWtHLRWKfFHnAI5Vo_wZriVyazY666cR0l_4pY%3D&token-time=1784678400,Episode 395: House of Tards,HTTP 403
1474001390,c4aff2d61ba8bbe9,https://c10.patreonusercontent.com/4/patreon-media/p/post/163718813/7f8e69c5d9584f1abd09b3a0b6bce1ed/eyJhIjoxLCJpc19hdWRpbyI6MSwicCI6MX0%3D/1.mp3?token-hash=wlUe0G_ucDZKfCpeT8-HwMp5Hgxow9sUv6hnBwNIaGg%3D&token-time=1784678400,UNLOCKED: Episode 546: Toboso,HTTP 403
1474001390,bfbe47bf10e0e258,https://c10.patreonusercontent.com/4/patreon-media/p/media/595757563/126f14da17d34dc180c09f287b107a44/eyJhIjoxLCJpc19hdWRpbyI6MSwicCI6MX0%3D/1.mp3?token-hash=YQ5iwXGG6kRQ7ViG96ujOj-Gl9cBYmleYGyV4ZYmIdM%3D&token-time=1784678400,[PREVIEW] Episode 514: Redacted,HTTP 403
1474001390,0077998d0eaa2a7b,https://c10.patreonusercontent.com/4/patreon-media/p/media/137674645/65c9b1e510cb42838d908d2cc8e0b352/eyJhIjoxLCJpc19hdWRpbyI6MSwicCI6MX0%3D/1.mp3?token-hash=i8WL_tE95BobKFaeXHn96DH7ITQz7DOm_wVJEwRmeF8%3D&token-time=1784678400,[PREVIEW] Episode 201: Julie K. Brown,HTTP 403
1474001390,2ec84350873cda59,https://c10.patreonusercontent.com/4/patreon-media/p/post/44610088/eb83be5e701749578f33cec658e540a1/eyJhIjoxLCJpc19hdWRpbyI6MSwicCI6MX0%3D/1.mp3?token-hash=QcVba0bwvzf4jXCwAvBMj-BlyDLnZmDKaH66KcQ-XUg%3D&token-time=1784678400,Episode 121: The Usual Suspects,HTTP 403
1474001390,00404dc10bd7672d,https://c10.patreonusercontent.com/4/patreon-media/p/media/43569897/6e39f92c8d1f49509e2fb104b2256082/eyJhIjoxLCJpc19hdWRpbyI6MSwicCI6MX0%3D/1.mp3?token-hash=uCRXBjP4Q6B1nmLgU_Trqsr6M3RhwPETAaO0WsvgwGM%3D&token-time=1784678400,[PREVIEW] Episode 16: Way Down in Kosovo,HTTP 403
1474001390,1dbd15421043b6b7,https://c10.patreonusercontent.com/4/patreon-media/p/media/193349648/1f847bcec59547d5bcd1053a826d78ee/eyJhIjoxLCJpc19hdWRpbyI6MSwicCI6MX0%3D/1.mp3?token-hash=AsNctFkmBtR54eO7HuRRRgih2trDqEhAPyPIgd3i7iI%3D&token-time=1784678400,[PREVIEW] Episode 276: Holy Prepuce,HTTP 403
1474001390,b7156d25cd99ccca,https://c10.patreonusercontent.com/4/patreon-media/p/post/82133648/f2efd63f4da0446084a7835797cd1b97/eyJhIjoxLCJpc19hdWRpbyI6MSwicCI6MX0%3D/1.mp3?token-hash=YXxZRc193MtnLvSYAFRuW4qGNHyjWREGSiIAAWKnc14%3D&token-time=1784678400,Episode 287: Creative Ass,HTTP 403
1474001390,98c1188049a3f027,https://c10.patreonusercontent.com/4/patreon-media/p/post/133576710/e27511c91f284a4fa4f783539375e50b/eyJhIjoxLCJpc19hdWRpbyI6MSwicCI6MX0%3D/1.mp3?token-hash=Dk7wsWaQhEcfK4d1O1ovFSMyPTDmkftnPUx_wgXWtxQ%3D&token-time=1784678400,Episode 472: The Jane Street Coup,HTTP 403
1474001390,ea72601729f17a26,https://c10.patreonusercontent.com/4/patreon-media/p/post/89265003/67eeabce681d497b8874f5bf253c99ae/eyJhIjoxLCJpc19hdWRpbyI6MSwicCI6MX0%3D/1.wav?token-hash=qg8ewZshChwjo59leNI1h6ueT5ngauWfEeUCuo5ODzA%3D&token-time=1784678400,[PREVIEW] Episode 319: How Larry Met Barry,HTTP 403
1474001390,42bc548182d18e04,https://c10.patreonusercontent.com/4/patreon-media/p/post/36893495/46487ba2d35c42279151b7d43412ad4e/eyJhIjoxLCJpc19hdWRpbyI6MSwicCI6MX0%3D/1.mp3?token-hash=errcsgV2wwlxqNw6CsUa-kWrOjY3FCu0UGjam8HL2Ok%3D&token-time=1784678400,Episode 67: Maria Farmer,HTTP 403
1474001390,0c3c3f0f9afeff2c,https://c10.patreonusercontent.com/4/patreon-media/p/post/65715303/75b2efc1f9fe447da20e780bd9ecf6e7/eyJhIjoxLCJpc19hdWRpbyI6MSwicCI6MX0%3D/1.mp3?token-hash=WceKSU93r6DHfuD7erm2wFR_vPa6NJSxm3-SzFjdY-4%3D&token-time=1784678400,Episode 224: Krypto Kulturkampf,HTTP 403
1474001390,1a62866fc20b0145,https://c10.patreonusercontent.com/4/patreon-media/p/post/59304352/8e7ff6f1d6f447ae8c85c280c78a4711/eyJhIjoxLCJpc19hdWRpbyI6MSwicCI6MX0%3D/1.mp3?token-hash=R_nNTSKjkA1LuMaH-zVAWH5q8zil9aUjHigdwafkjQU%3D&token-time=1784678400,👁️ Ghislaine Maxwell Trial: Day 1👁️,HTTP 403
1785081636,970f3a160a88bc2b,https://sphinx.acast.com/p/open/s/675b829492bfc0e8869676aa/e/686c401d91efcd9815225b23/media.mp3,Veterans Angry with Trump's Deportation Efforts,HTTP 404
1785081636,f284468fef4b0176,https://sphinx.acast.com/p/open/s/675b829492bfc0e8869676aa/e/6931ea76aef2c71c1d7ee87b/media.mp3,Trump’s Xenophobic Rage Sparks Massive Backlash,HTTP 404
1785081636,ff4c9834b5a01400,https://sphinx.acast.com/p/open/s/675b829492bfc0e8869676aa/e/6a515930c2f78bb6897afc77/media.mp3,"Corruption, Profiteering, and Presidential Power",HTTP 404
1785081636,21c4fe109020a608,https://sphinx.acast.com/p/open/s/675b829492bfc0e8869676aa/e/69e9380b07ecece42a767f8a/media.mp3,MAGA Implodes as Trump Betrays Base,HTTP 404
1785081636,133a1112632f806c,https://sphinx.acast.com/p/open/s/675b829492bfc0e8869676aa/e/6a51fe5273fcc6a8a7a8f9f3/media.mp3,"Fireworks, Fraudsters, and False Claims: Trump Trolls Trump Week 77",HTTP 404
1785081636,ffb0123810fccb38,https://sphinx.acast.com/p/open/s/675b829492bfc0e8869676aa/e/67918d16455ab42f9dea588e/media.mp3,Donald Trump IS Birthright,HTTP 404
1785081636,452d1db36ac75704,https://sphinx.acast.com/p/open/s/675b829492bfc0e8869676aa/e/68b1e0b4993d10acb9c84a10/media.mp3,Trump's DC Crime Emergency is Just Trash Pickup,HTTP 404
1785081636,51a83edeb2271fd1,https://sphinx.acast.com/p/open/s/675b829492bfc0e8869676aa/e/691e01810c464c16bd39ed14/media.mp3,Trump's Misogynistic Insult Sparks Viral Outrage,HTTP 404
1567204040,7b75798a6a2e94d1,https://traffic.megaphone.fm/SHDI3380400057.mp3?updated=1731596348,The Mumble that Shook the World,deferred: show blocked for the whole run
1567204040,b8b9223c9d1bb77d,https://traffic.megaphone.fm/SHDI8771264098.mp3?updated=1743595509,"MAHA, Pharma Ads, and Soda",deferred: show blocked for the whole run
1567204040,7864c64fc7416447,https://traffic.megaphone.fm/SHDI9813204153.mp3,Unpacking the Arctic Frost Investigation Political Scandal,deferred: show blocked for the whole run
1567204040,4599f76ba3cc1d6b,https://traffic.megaphone.fm/SHDI7183907117.mp3,Birth Tourism Wins at the Supreme Court,deferred: show blocked for the whole run
1567204040,f928d5dac94a258c,https://traffic.megaphone.fm/SHDI6853434208.mp3?updated=1731596387,How To Fix Our Dysfunctional Elections,deferred: show blocked for the whole run
1567204040,9de63f1e28053b17,https://traffic.megaphone.fm/SHDI2640310496.mp3?updated=1731596494,How China Uses Money To Control Those in Power With Guest Congressman Mike Garcia,deferred: show blocked for the whole run
1567204040,b30e93bc7cb85428,https://traffic.megaphone.fm/SHDI8564250178.mp3?updated=1731596489,The Risks The Big Banks Continued Taking,deferred: show blocked for the whole run
1567204040,f1833412d099b90f,https://traffic.megaphone.fm/SHDI3547961889.mp3?updated=1731596430,How DC Keeps Getting Richer With OpenTheBooks.com CEO Adam Andrzejewski,deferred: show blocked for the whole run
1567204040,240353e6322ebcb6,https://traffic.megaphone.fm/SHDI5688767287.mp3?updated=1731596494,Bruner: Billionaires Who Want to Control Your Life Have a “God Complex on Steroids”,deferred: show blocked for the whole run
1567204040,c8d422d99fb782af,https://traffic.megaphone.fm/SHDI6908959217.mp3?updated=1731596491,Solutions for Improving Election Integrity,deferred: show blocked for the whole run
1567204040,4f56612cc6d34a23,https://traffic.megaphone.fm/SHDI5641346391.mp3?updated=1731596367,A Deep Dive Into Election Integrity,deferred: show blocked for the whole run
1474001390,cd912916cf2fd681,https://c10.patreonusercontent.com/4/patreon-media/p/post/91082205/7bdc5fce4a8c4237bf2c4eb81c36f786/eyJhIjoxLCJpc19hdWRpbyI6MSwicCI6MX0%3D/1.mp3?token-hash=UY-K85HH_FXB7JjLYI5qXRBiroO2o04fLRKCsmNtFsM%3D&token-time=1784678400,Episode 326: Palestine,deferred: show blocked for the whole run
1474001390,e53eb78f4d8f5fab,https://c10.patreonusercontent.com/4/patreon-media/p/media/283561888/fa060b1073f349d5829a35e9475e3956/eyJhIjoxLCJpc19hdWRpbyI6MSwicCI6MX0%3D/1.mp3?token-hash=8U-L1JAhMDb9_qO6HDOvgGPDDRYWShDanSJGX0whVgo%3D&token-time=1784678400,[PREVIEW] Episode 359: The Diddler,deferred: show blocked for the whole run
1474001390,be6aaf0d4a3851da,https://c10.patreonusercontent.com/4/patreon-media/p/post/107739984/81a161d1b10147b89426084703c0529b/eyJhIjoxLCJpc19hdWRpbyI6MSwicCI6MX0%3D/1.mp3?token-hash=Z3KtAbivvKz09rqy-erepI9cDGrYEKl4L0sUB3KKHNw%3D&token-time=1784678400,Episode 391: Do Not Come,deferred: show blocked for the whole run
1474001390,dec907d33e75e3fb,https://c10.patreonusercontent.com/4/patreon-media/p/post/123615156/6707bfcddb544640a0a274c4977c0e3a/eyJhIjoxLCJpc19hdWRpbyI6MSwicCI6MX0%3D/1.mp3?token-hash=QlH0hgBjTqS-TnuTEfm4kswstUd8TmgZ7Ekr6zmwsPE%3D&token-time=1784678400,Episode 441: Fire Sale,deferred: show blocked for the whole run
1474001390,da86a95eecdaff7e,https://c10.patreonusercontent.com/4/patreon-media/p/media/510603900/f61f42d60cbc4b73b8083741cf352ee4/eyJhIjoxLCJpc19hdWRpbyI6MSwicCI6MX0%3D/1.mp3?token-hash=zVDj09UUVZo5BOTbyGli9tsUvgPQoKw2HecqG270Xg0%3D&token-time=1784678400,[PREVIEW] Episode 479: The Lady Vanishes,deferred: show blocked for the whole run
1474001390,31091383beef4b6b,https://c10.patreonusercontent.com/4/patreon-media/p/post/147692045/e8493f125f7542d98bcf546661d1f6da/eyJhIjoxLCJpc19hdWRpbyI6MSwicCI6MX0%3D/1.mp3?token-hash=ifQEzINwjLItx-N4U-GGdOcEqyy-J0TiUuiGFF630fQ%3D&token-time=1784678400,Episode 513: Corollary in Caracas,deferred: show blocked for the whole run
1474001390,d0a2791958837a80,https://c10.patreonusercontent.com/4/patreon-media/p/post/163340282/5dd15670613a49e9a8a79884c94bb4ee/eyJhIjoxLCJpc19hdWRpbyI6MSwicCI6MX0%3D/1.mp3?token-hash=J55rsRTCC9D0xX-XNOLuL7u5BG59bPGGMycoX-7pwSg%3D&token-time=1784678400,Episode 561: The New South,deferred: show blocked for the whole run
1474001390,7e40dd4023deec52,https://c10.patreonusercontent.com/4/patreon-media/p/post/29004380/0a389341c74542898b59433219f907d0/eyJhIjoxLCJpc19hdWRpbyI6MSwicCI6MX0%3D/1.mp3?token-hash=g7aE61OpcVhVOZsK9Kb3sLFoDhiXT145qBSo66_cUYY%3D&token-time=1784678400,Episode 2: Epcronomicon,deferred: show blocked for the whole run
1474001390,9641ae89709dd692,https://c10.patreonusercontent.com/4/patreon-media/p/post/33898017/f301d52569954736adb4a60991845fe1/eyJhIjoxLCJpc19hdWRpbyI6MSwicCI6MX0%3D/1.mp3?token-hash=YUTMPuacQq3WoSnlZBOgC-uqESx8x2Hp80f-vZ95D4M%3D&token-time=1784678400,Episode 41: Death on the Consultant Plan,deferred: show blocked for the whole run
1567204040,7ec93df2ba5e441d,https://traffic.megaphone.fm/SHDI6066255637.mp3?updated=1731596431,Biden's Vaccine Mandate Attacks Border Security,deferred: show blocked for the whole run
1474001390,cea40f9537ce91f6,https://c10.patreonusercontent.com/4/patreon-media/p/post/36610363/f0193da287e049f0b9634316a1d77adb/eyJhIjoxLCJpc19hdWRpbyI6MSwicCI6MX0%3D/1.mp3?token-hash=aLqQx3hmiSMd11NJwR9fzCLfs-AvxOJeR38of2QWWJ4%3D&token-time=1784678400,Episode 65: Tower of Terror,deferred: show blocked for the whole run
1567204040,7f4f5515514cdc0b,https://traffic.megaphone.fm/SHDI7768393783.mp3?updated=1731596373,Who is Really Responsible For The Historic Inflation,deferred: show blocked for the whole run
1474001390,830259c6bab20101,https://c10.patreonusercontent.com/4/patreon-media/p/media/82415428/327190efdcf0437e9c5f60be094fc35e/eyJhIjoxLCJpc19hdWRpbyI6MSwicCI6MX0%3D/1.mp3?token-hash=7pM7cNoMKdFtmhBq00_EA-Y3zJYQqp6rlrcAoFtip34%3D&token-time=1784678400,[PREVIEW] Episode 111: Nightmarch,deferred: show blocked for the whole run
1567204040,0239c6a2387e97bc,https://traffic.megaphone.fm/SHDI7511469152.mp3?updated=1731596367,Committee Assignments and Rules For the New Congress,deferred: show blocked for the whole run
1474001390,8b7e90ff4b63ba18,https://c10.patreonusercontent.com/4/patreon-media/p/post/77920419/1e54e24dc5384408804983f3b27e6731/eyJhIjoxLCJpc19hdWRpbyI6MSwicCI6MX0%3D/1.mp3?token-hash=riy8--N78U-IGIIdefNOxbvL-HBSknIQVKMKu8U7fbM%3D&token-time=1784678400,Episode 267: Cop City,deferred: show blocked for the whole run
1567204040,13bbb32cd6a8c219,https://traffic.megaphone.fm/SHDI7028613450.mp3?updated=1734994945,The Right Wing’s Outlaws – Captured as Art,deferred: show blocked for the whole run
1474001390,6ac832e528bbae9d,https://c10.patreonusercontent.com/4/patreon-media/p/post/101942884/cf9a553d2044453daa5a62f72daaae48/eyJhIjoxLCJpc19hdWRpbyI6MSwicCI6MX0%3D/1.mp3?token-hash=rfvCAoSIqlN5x_O1eBcKTCvvY2czpATmbrYMeT14U9o%3D&token-time=1784678400,Episode 368: High Weirding (Part 2),deferred: show blocked for the whole run
1474001390,c53d2a6f5e348072,https://c10.patreonusercontent.com/4/patreon-media/p/media/480355409/3ea86df175e24c0ba974cf32d53883ca/eyJhIjoxLCJpc19hdWRpbyI6MSwicCI6MX0%3D/1.mp3?token-hash=P7T8qGxTzWulaYhWTISxqpLIxvIV2pnUTjYebCkU7wc%3D&token-time=1784678400,[PREVIEW] Episode 464: Middling,deferred: show blocked for the whole run
1567204040,4a96a34f2c22b1d8,https://traffic.megaphone.fm/SHDI8659517554.mp3?updated=1731596399,The Government Mob with Special Guest Michael Franzese,deferred: show blocked for the whole run
1474001390,b141494dfc7923e4,https://c10.patreonusercontent.com/4/patreon-media/p/post/49423351/7e796684d5584654a2bf605a64e130b5/eyJhIjoxLCJpc19hdWRpbyI6MSwicCI6MX0%3D/1.mp3?token-hash=vLMvS3AuCRex_yPewP33BXKS0zax_7y1uJEPyZIxJ2E%3D&token-time=1784678400,Episode 147: You Are a Serf with Jodi Dean,deferred: show blocked for the whole run
1474001390,af4f3d4823bbb107,https://c10.patreonusercontent.com/4/patreon-media/p/post/55544982/8ce83a1b68c94d0d801870bcf838ca8e/eyJhIjoxLCJpc19hdWRpbyI6MSwicCI6MX0%3D/1.mp3?token-hash=nflTMVe1_cm8vPSfyM7MBQD9xVn0UopGOTQnYoLlu8U%3D&token-time=1784678400,Episode 180: Untethered,deferred: show blocked for the whole run
1474001390,a762d73698d2ce2f,https://c10.patreonusercontent.com/4/patreon-media/p/post/79634843/19599b1aac76454e88f7032330741c3a/eyJhIjoxLCJpc19hdWRpbyI6MSwicCI6MX0%3D/1.mp3?token-hash=mR3SWKYXKlosDMn32mfX_t8ZbHGWt_1D6E1z_R8gzMk%3D&token-time=1784678400,Episode 273: The Dragon Rises: Tiger's Paw,deferred: show blocked for the whole run
1474001390,9dca293667044f6b,https://c10.patreonusercontent.com/4/patreon-media/p/media/199723939/51350c77ca3446e78b7b8fefb74b910a/eyJhIjoxLCJpc19hdWRpbyI6MSwicCI6MX0%3D/1.mp3?token-hash=pnrnXBEIhPsERcaS-gddIazE0KAQLJsxYvXw6sd9ETY%3D&token-time=1784678400,[PREVIEW] Episode 286: Falun Gong Part 3: Crazy Rich Asians,deferred: show blocked for the whole run
1567204040,89fe17efe707255f,https://traffic.megaphone.fm/SHDI2276619643.mp3,The Invisible Coup - Weaponized Migration in America,deferred: show blocked for the whole run
1474001390,2af25a14e884ef38,https://c10.patreonusercontent.com/4/patreon-media/p/post/125584865/60e65b601d5a43d1b453003f70112be2/eyJhIjoxLCJpc19hdWRpbyI6MSwicCI6MX0%3D/1.mp3?token-hash=SSNyXsG3R_nEZqkIR_bjhijNRB4Bns6Ifhdv9TUpWXc%3D&token-time=1784678400,Episode 447: Smiley’s Person,deferred: show blocked for the whole run
1474001390,d25ccf556b514df5,https://c10.patreonusercontent.com/4/patreon-media/p/media/483987333/29efb86f31114ae8a09687c57ae33e3f/eyJhIjoxLCJpc19hdWRpbyI6MSwicCI6MX0%3D/1.mp3?token-hash=Np8s69HNt-8lSk1z9V29HOkjOIGPUClp-b-gVpiyQXY%3D&token-time=1784678400,[PREVIEW] Episode 466: Clanging with Emily,deferred: show blocked for the whole run
1208232103,39ca6a56cb59195e,https://podtrac.com/pts/redirect.mp3/arttrk.com/p/D5CA5/pdst.fm/e/mgln.ai/e/28/claritaspod.com/measure/traffic.omny.fm/d/clips/e73c998e-6e60-432f-8610-ae210140c5b1/3dae0b07-aac0-4154-8c1e-ae2b00350f94/f7231a53-b947-4018-9628-ae2b00c625b5/audio.mp3?utm_source=Podcast&in_playlist=961e484b-1dff-48ef-8bdd-ae2b00350fab,Post Mueller Meltdown,HTTP 404
1208232103,af189933bcc967e6,https://podtrac.com/pts/redirect.mp3/arttrk.com/p/D5CA5/pdst.fm/e/mgln.ai/e/28/claritaspod.com/measure/traffic.omny.fm/d/clips/e73c998e-6e60-432f-8610-ae210140c5b1/3dae0b07-aac0-4154-8c1e-ae2b00350f94/87bb6de5-39c3-494a-b552-ae2b008d2e68/audio.mp3?utm_source=Podcast&in_playlist=961e484b-1dff-48ef-8bdd-ae2b00350fab,RNC Made DNC Look JV,HTTP 404
1208232103,7b58422ce873efd7,https://podtrac.com/pts/redirect.mp3/arttrk.com/p/D5CA5/pdst.fm/e/mgln.ai/e/28/claritaspod.com/measure/traffic.omny.fm/d/clips/e73c998e-6e60-432f-8610-ae210140c5b1/3dae0b07-aac0-4154-8c1e-ae2b00350f94/a35185a4-33f5-4537-8a07-ae2b007b6e21/audio.mp3?utm_source=Podcast&in_playlist=961e484b-1dff-48ef-8bdd-ae2b00350fab,There Is No Biden Normalcy,HTTP 404
1208232103,c0946c3b5bfdad20,https://podtrac.com/pts/redirect.mp3/arttrk.com/p/D5CA5/pdst.fm/e/mgln.ai/e/28/claritaspod.com/measure/traffic.omny.fm/d/clips/e73c998e-6e60-432f-8610-ae210140c5b1/3dae0b07-aac0-4154-8c1e-ae2b00350f94/f5660499-0736-41ff-af05-ae2b0074abe6/audio.mp3?utm_source=Podcast&in_playlist=961e484b-1dff-48ef-8bdd-ae2b00350fab,Buck’s First Thoughts - 12/14/20,HTTP 404
1208232103,d5385c1f9e83b57b,https://podtrac.com/pts/redirect.mp3/arttrk.com/p/D5CA5/pdst.fm/e/mgln.ai/e/28/claritaspod.com/measure/traffic.omny.fm/d/clips/e73c998e-6e60-432f-8610-ae210140c5b1/3dae0b07-aac0-4154-8c1e-ae2b00350f94/8141131f-7231-4faf-8323-ae2b0051b090/audio.mp3?utm_source=Podcast&in_playlist=961e484b-1dff-48ef-8bdd-ae2b00350fab,Buck’s First Thoughts - Senator Scott Says That America Is Not Racist,HTTP 500
1485021241,36b5cc54ad522181,https://dts.podtrac.com/redirect.mp3/d2h6a3ly6ooodw.cloudfront.net/reasontv_audio_8302725.mp3,Penny Lane: Why I Gave a Kidney to a Total Stranger,HTTP 404
1485021241,36b5cc54ad522181,https://dts.podtrac.com/redirect.mp3/d2h6a3ly6ooodw.cloudfront.net/reasontv_audio_8302725.mp3,Penny Lane: Why I Gave a Kidney to a Total Stranger,HTTP 404
1785081636,242e41c508e9035c,https://sphinx.acast.com/p/open/s/675b829492bfc0e8869676aa/e/67621e06d9cd65ec1e8666e9/media.mp3,Dodge and Weave at Mar-a-lago,HTTP 404
1785081636,b093816f3d83ce24,https://sphinx.acast.com/p/open/s/675b829492bfc0e8869676aa/e/676365c68a7fea7b90ba35cc/media.mp3,King Baby Throws Lawsuit Tantrum,HTTP 404
1785081636,6270bf112db66d1d,https://sphinx.acast.com/p/open/s/675b829492bfc0e8869676aa/e/6765a6e625a0b820a2546792/media.mp3,Triumph of Bigotry,HTTP 404
1785081636,58f01db715530595,https://sphinx.acast.com/p/open/s/675b829492bfc0e8869676aa/e/676e2154659d6af5972005af/media.mp3,A Very Freak Out Christmas,HTTP 404
1785081636,a5d9173ec1a1d9dc,https://sphinx.acast.com/p/open/s/675b829492bfc0e8869676aa/e/675b83242cbf794820104b95/media.mp3,Broken Promises and Fake Injuries,HTTP 404
1785081636,2b86cc9d5b1729ec,https://sphinx.acast.com/p/open/s/675b829492bfc0e8869676aa/e/67733afe6768fc4271c6ca80/media.mp3,Donald Betrays His Own,HTTP 404
1785081636,9ad1e588c2f3a8d5,https://sphinx.acast.com/p/open/s/675b829492bfc0e8869676aa/e/6774b473c82b0a6413aa62b8/media.mp3,What a Year,HTTP 404
1785081636,4bb73687973eeaba,https://sphinx.acast.com/p/open/s/675b829492bfc0e8869676aa/e/677c7056b2b69b369b79ba4d/media.mp3,Back-peddling on Tariffs,HTTP 404
1785081636,ffb0123810fccb38,https://sphinx.acast.com/p/open/s/675b829492bfc0e8869676aa/e/67918d16455ab42f9dea588e/media.mp3,Donald Trump IS Birthright,HTTP 404
1785081636,f214b601cbde6ec4,https://sphinx.acast.com/p/open/s/675b829492bfc0e8869676aa/e/6792c530d50dd45655f1b9e4/media.mp3,Donald Trumps Crypto Scheme,HTTP 404
1785081636,50617072fb8a9224,https://sphinx.acast.com/p/open/s/675b829492bfc0e8869676aa/e/677eef751f00b28b2322a846/media.mp3,Americanization of the World,HTTP 404
1785081636,457c3b9925250dcb,https://sphinx.acast.com/p/open/s/675b829492bfc0e8869676aa/e/679ab7491542fb67e737998e/media.mp3,Donald Trumps Distraction Tactics,HTTP 404
1785081636,9610b6fbd3b627fb,https://sphinx.acast.com/p/open/s/675b829492bfc0e8869676aa/e/67b519a1d7f65bb045ce280c/media.mp3,Trump’s Shameful Ukraine Deal,HTTP 404
1785081636,52e715c027721ad1,https://sphinx.acast.com/p/open/s/675b829492bfc0e8869676aa/e/67ad1c21505cb2a0a376382a/media.mp3,Trump's Economic Nightmare,HTTP 404
1785081636,ee5db6179ea76684,https://sphinx.acast.com/p/open/s/675b829492bfc0e8869676aa/e/67c791f8ece4993ac7ee18c7/media.mp3,Trudeau Shames Trump on Trade War,HTTP 404
1785081636,f44238b577463c85,https://sphinx.acast.com/p/open/s/675b829492bfc0e8869676aa/e/67ca29eeffae9c0f4e31d240/media.mp3,Donald’s Ratings Collapse—Voters Reject Him,HTTP 404
1785081636,6031f31ab58bd24f,https://sphinx.acast.com/p/open/s/675b829492bfc0e8869676aa/e/67bcfe2336fc42b73fbe4824/media.mp3,Hacker Humiliates Trump on Gov’t TVs,HTTP 404
1785081636,db64124cc2b86107,https://sphinx.acast.com/p/open/s/675b829492bfc0e8869676aa/e/67cc9afba890beb52e40f8fc/media.mp3,"Trump Trolls Trump: ""Rapid Unscheduled Disassembly""",HTTP 404
1785081636,dce5071bda35b667,https://sphinx.acast.com/p/open/s/675b829492bfc0e8869676aa/e/67e5db7c3cc004e453670d7d/media.mp3,Trump's Cover-Up Crumbles,HTTP 404
1785081636,4604fb3869e7a5d1,https://sphinx.acast.com/p/open/s/675b829492bfc0e8869676aa/e/67edc75c506c6c628c3eab12/media.mp3,Trump’s Liberation Day Disaster,HTTP 404
1785081636,7de5044c857804ee,https://sphinx.acast.com/p/open/s/675b829492bfc0e8869676aa/e/67f05c0cf185b2a87fca9457/media.mp3,Trump Golfs as Markets Crash and Soldiers Fall,HTTP 404
1785081636,b3be1c546fc6aa87,https://sphinx.acast.com/p/open/s/675b829492bfc0e8869676aa/e/681e4e8b365a6906d393bcc9/media.mp3,Kristi Noem Chased Out of Town,HTTP 404
1785081636,bb8052fadb0e8ef7,https://sphinx.acast.com/p/open/s/675b829492bfc0e8869676aa/e/6801692e1aabee4d38d195f5/media.mp3,Trump’s Fake Evidence. Real Lives Destroyed.,HTTP 404
1785081636,5980633f02b7ce8e,https://sphinx.acast.com/p/open/s/675b829492bfc0e8869676aa/e/681e7bbb986466935d07ba04/media.mp3,Donald’s Tariffs Makes Motherhood Harder,deferred: show blocked for the whole run
1785081636,5402d0800258aeff,https://sphinx.acast.com/p/open/s/675b829492bfc0e8869676aa/e/682e2b1210ca442d5fe9f964/media.mp3,Trump Leadership Unprepared to Handle Disasters,deferred: show blocked for the whole run
1785081636,1ee763c3f4bb149d,https://sphinx.acast.com/p/open/s/675b829492bfc0e8869676aa/e/68376754998551779fc134d0/media.mp3,Is the Bromance Over? Elon drifts away from Donald,deferred: show blocked for the whole run
1785081636,5d5c0b4ff6a92f80,https://sphinx.acast.com/p/open/s/675b829492bfc0e8869676aa/e/6842009fc4b70577af4d6f42/media.mp3,Donald and Elon Rage Against Each Other,deferred: show blocked for the whole run
1785081636,c96d8a602a431fba,https://sphinx.acast.com/p/open/s/675b829492bfc0e8869676aa/e/68436cfc1dd9d3b33fc0442f/media.mp3,Mary Shares Stories of Recent Travels,deferred: show blocked for the whole run
1785081636,d7077bb479ecccfb,https://sphinx.acast.com/p/open/s/675b829492bfc0e8869676aa/e/6851c221002f9da49a9a7bc2/media.mp3,Donald's Birthday Parade Disappointment,deferred: show blocked for the whole run
1785081636,6b8e95b2b51ece63,https://sphinx.acast.com/p/open/s/675b829492bfc0e8869676aa/e/6855b995412e0f0fbff08b91/media.mp3,Trump Faces MAGA Revolt,deferred: show blocked for the whole run
1785081636,8d2995bfe3f0a7e0,https://sphinx.acast.com/p/open/s/675b829492bfc0e8869676aa/e/685f1d3e47311de1b684e693/media.mp3,1% Upsets,deferred: show blocked for the whole run
1785081636,970f3a160a88bc2b,https://sphinx.acast.com/p/open/s/675b829492bfc0e8869676aa/e/686c401d91efcd9815225b23/media.mp3,Veterans Angry with Trump's Deportation Efforts,deferred: show blocked for the whole run
1785081636,45c16257bd5ea642,https://sphinx.acast.com/p/open/s/675b829492bfc0e8869676aa/e/68714019fe0897380eeca605/media.mp3,Trump Humiliated by New Tech,deferred: show blocked for the whole run
1785081636,2bf484ffcbd94102,https://sphinx.acast.com/p/open/s/675b829492bfc0e8869676aa/e/68714faf610560d3ef60231c/media.mp3,Angry Voters Revolt Against Trump,deferred: show blocked for the whole run
1785081636,7967c7e9f74a9983,https://sphinx.acast.com/p/open/s/675b829492bfc0e8869676aa/e/687ff00a498abee416d53c25/media.mp3,More Coverup Details as Trump Panics,deferred: show blocked for the whole run
1785081636,3aa70dab6798bdd7,https://sphinx.acast.com/p/open/s/675b829492bfc0e8869676aa/e/688be91e6bbbf6afc78594ad/media.mp3,White House Dodges Press Questions,deferred: show blocked for the whole run
1785081636,006599fdf945e13e,https://sphinx.acast.com/p/open/s/675b829492bfc0e8869676aa/e/689123b1c7ccf1704d9e7450/media.mp3,Trumps Policies Effect Summer Tourism,deferred: show blocked for the whole run
1785081636,bdf5d97f57584722,https://sphinx.acast.com/p/open/s/675b829492bfc0e8869676aa/e/68a8efc4718453410e7746e3/media.mp3,Mary Highlights Dems Deafening Silence,deferred: show blocked for the whole run
1785081636,452d1db36ac75704,https://sphinx.acast.com/p/open/s/675b829492bfc0e8869676aa/e/68b1e0b4993d10acb9c84a10/media.mp3,Trump's DC Crime Emergency is Just Trash Pickup,deferred: show blocked for the whole run
1785081636,95e11ec302f6afff,https://sphinx.acast.com/p/open/s/675b829492bfc0e8869676aa/e/68b20c64993d10acb9d24f5c/media.mp3,Resistance Grows Against Trump's Takeover Threats,deferred: show blocked for the whole run
1785081636,296e865f3059cf79,https://sphinx.acast.com/p/open/s/675b829492bfc0e8869676aa/e/68bcc39cb177a2f48437a05d/media.mp3,Trump Inadvertently Unites GOP and Dems,deferred: show blocked for the whole run
1785081636,e5dbdb9f9ea79e5e,https://sphinx.acast.com/p/open/s/675b829492bfc0e8869676aa/e/68c20c0a0fa00b58172d49ec/media.mp3,Charlie Kirk Shot and Killed at University Event in Utah,deferred: show blocked for the whole run
1785081636,d08757b9633f5b6f,https://sphinx.acast.com/p/open/s/675b829492bfc0e8869676aa/e/68d307cd6f2bb8719f54d177/media.mp3,Trump’s Revenge Crusade,deferred: show blocked for the whole run
1785081636,a8cac3bc97051ba4,https://sphinx.acast.com/p/open/s/675b829492bfc0e8869676aa/e/68e983e6f513ad2b8140c44d/media.mp3,Under the Radar with Mary Trump | Shadow Docket,deferred: show blocked for the whole run
1785081636,fc8d3d57fc64080b,https://sphinx.acast.com/p/open/s/675b829492bfc0e8869676aa/e/68fbe16e8a5d09ce068d6ab6/media.mp3,Under the Radar with Mary Trump | Erosion of Health Standards,deferred: show blocked for the whole run
1785081636,9b9ba16447075bac,https://sphinx.acast.com/p/open/s/675b829492bfc0e8869676aa/e/690ffdeec1ed8717c53321c2/media.mp3,Mary Trump Takes the Montreal Cognitive Assessment,deferred: show blocked for the whole run
1785081636,394e615f68ec35ba,https://sphinx.acast.com/p/open/s/675b829492bfc0e8869676aa/e/69139c3fc1ed8717c5083501/media.mp3,Epstein Files Threaten to Crush Trump,deferred: show blocked for the whole run
1785081636,51a83edeb2271fd1,https://sphinx.acast.com/p/open/s/675b829492bfc0e8869676aa/e/691e01810c464c16bd39ed14/media.mp3,Trump's Misogynistic Insult Sparks Viral Outrage,deferred: show blocked for the whole run
1785081636,c0d2b6ffe1a1b21c,https://sphinx.acast.com/p/open/s/675b829492bfc0e8869676aa/e/6920eca9c367efee963fc8dd/media.mp3,Global Health Crumbles Under Trump's Agenda,deferred: show blocked for the whole run
1785081636,f284468fef4b0176,https://sphinx.acast.com/p/open/s/675b829492bfc0e8869676aa/e/6931ea76aef2c71c1d7ee87b/media.mp3,Trump’s Xenophobic Rage Sparks Massive Backlash,deferred: show blocked for the whole run
1785081636,e3a94ee8ce1c746f,https://sphinx.acast.com/p/open/s/675b829492bfc0e8869676aa/e/693369484a0500b75792e382/media.mp3,The Unraveling of the FBI while the President Sleeps,deferred: show blocked for the whole run
1785081636,fa54690804234f08,https://sphinx.acast.com/p/open/s/675b829492bfc0e8869676aa/e/693893ea34867e026df47d90/media.mp3,Trump's War Crimes Chaos Erupts Again,deferred: show blocked for the whole run
1785081636,3719e0031b64274e,https://sphinx.acast.com/p/open/s/675b829492bfc0e8869676aa/e/693c7de7f817d7dbe87815f9/media.mp3,Republican Chaos Drives Voters to Polls,deferred: show blocked for the whole run
1785081636,542aad3d8ebb45d7,https://sphinx.acast.com/p/open/s/675b829492bfc0e8869676aa/e/69431aecb4589744b1131cb9/media.mp3,Supreme Court Torches Democracy for Trump,deferred: show blocked for the whole run
1785081636,6bbb9cee6b76c57c,https://sphinx.acast.com/p/open/s/675b829492bfc0e8869676aa/e/69333e797744eabdb8ffc481/media.mp3,Trump's Attack on Vets Completely Backfires,deferred: show blocked for the whole run
1785081636,76ed82a0083a7bae,https://sphinx.acast.com/p/open/s/675b829492bfc0e8869676aa/e/694d778644fae3e802676377/media.mp3,Mary Trump & Joyce Vance Reveal Trump’s Endgame Part 2,deferred: show blocked for the whole run
1785081636,947089882e72680f,https://sphinx.acast.com/p/open/s/675b829492bfc0e8869676aa/e/695f14fe24334d023471521d/media.mp3,Crisis in Minneapolis: Brian Karem guest hosts Mary Trump Live,deferred: show blocked for the whole run
1785081636,684a56b3eb19a517,https://sphinx.acast.com/p/open/s/675b829492bfc0e8869676aa/e/69617989b2f95918426c67a0/media.mp3,The Never-Ending Lies of the Trump Regime,deferred: show blocked for the whole run
1785081636,3ed6f54994a723bf,https://sphinx.acast.com/p/open/s/675b829492bfc0e8869676aa/e/69865950d4e01f1069e9854a/media.mp3,The Rise of Large-Scale Immigration Detention Centers,deferred: show blocked for the whole run
1785081636,766ea841e6be5819,https://sphinx.acast.com/p/open/s/675b829492bfc0e8869676aa/e/698a78d6d2345f67c328a808/media.mp3,Clintons Challenge GOP’s Epstein Games,deferred: show blocked for the whole run
1785081636,eb6e80c2452633f4,https://sphinx.acast.com/p/open/s/675b829492bfc0e8869676aa/e/69a8a6cad7234219a30152a3/media.mp3,Trump Declares War to Save Himself,deferred: show blocked for the whole run
1785081636,db72cc5719996fd5,https://sphinx.acast.com/p/open/s/675b829492bfc0e8869676aa/e/69adf7c796c5a430ddb00a76/media.mp3,"Star Trek's Gross Take on Misogyny and A.I. Sex | ""I, Mudd"" (TOS)",deferred: show blocked for the whole run
1785081636,8f926e3e8e29d42f,https://sphinx.acast.com/p/open/s/675b829492bfc0e8869676aa/e/69b1e5b9c891dc74e853d6fa/media.mp3,Donald’s Iran Gamble Sparks Global Oil Crisis,deferred: show blocked for the whole run
1785081636,d3b676db3dbce996,https://sphinx.acast.com/p/open/s/675b829492bfc0e8869676aa/e/69bb110dc4b9c3b6f4f9b7f9/media.mp3,Donald Trump Ties Resurface in Epstein Bombshell,deferred: show blocked for the whole run
1785081636,41c156304ad6941a,https://sphinx.acast.com/p/open/s/675b829492bfc0e8869676aa/e/69c013753bbfcfe8db0c5dce/media.mp3,"Good Kirk vs Evil Kirk: Star Trek on Toxic Masculinity | ""The Enemy Within"" (TOS)",deferred: show blocked for the whole run
1785081636,932297a53bdbe8db,https://sphinx.acast.com/p/open/s/675b829492bfc0e8869676aa/e/69c1ac93fce4b829c53c50ce/media.mp3,Hegseth’s Briefing Exposes the Gap Between War Claims and Reality,deferred: show blocked for the whole run
1785081636,c5ed7454bff7e7d3,https://sphinx.acast.com/p/open/s/675b829492bfc0e8869676aa/e/69c2f4a61a160b44db21da23/media.mp3,Detained: What’s Really Happening Inside ICE Facilities,deferred: show blocked for the whole run
1785081636,5a50083905fbd57b,https://sphinx.acast.com/p/open/s/675b829492bfc0e8869676aa/e/69c95215b991732771619c3e/media.mp3,"Captain Kirk’s Brutal Choice Saves The Future | ""The City on the Edge of Forever"" (TOS)",deferred: show blocked for the whole run
1785081636,60362de6592a8719,https://sphinx.acast.com/p/open/s/675b829492bfc0e8869676aa/e/69d555f0086c93c18b45e759/media.mp3,The Power of Protest and Pam Bondi's Ousting,deferred: show blocked for the whole run
1785081636,ad2d66b1e955a597,https://sphinx.acast.com/p/open/s/675b829492bfc0e8869676aa/e/69dbd1cf79a641a1f3e23a68/media.mp3,"Did Captain Kirk Inspire Trump's Reckless COVID Cure? | ""Operation...Annihilate!"" (TOS)",deferred: show blocked for the whole run
1785081636,83fa1b6b104a870a,https://sphinx.acast.com/p/open/s/675b829492bfc0e8869676aa/e/69de8eef2cab0d3ec8a849dd/media.mp3,The Unraveling of Donald Trump,deferred: show blocked for the whole run
1785081636,6f02d3517d170939,https://sphinx.acast.com/p/open/s/675b829492bfc0e8869676aa/e/69e69aed66c3374f7eb17007/media.mp3,Trump Threatens War Crimes as Polls Crumble,deferred: show blocked for the whole run
1785081636,7041d1a0e5ebbae7,https://sphinx.acast.com/p/open/s/675b829492bfc0e8869676aa/e/69e7e0846eeb59e2bab52b6c/media.mp3,Inside the Bizarre Donald Trump CNBC Interview,deferred: show blocked for the whole run
1785081636,21c4fe109020a608,https://sphinx.acast.com/p/open/s/675b829492bfc0e8869676aa/e/69e9380b07ecece42a767f8a/media.mp3,MAGA Implodes as Trump Betrays Base,deferred: show blocked for the whole run
1785081636,5965884762dcdd25,https://sphinx.acast.com/p/open/s/675b829492bfc0e8869676aa/e/69ee3c740b4baf3bf223f3f8/media.mp3,"Klingons Arrive as Peace IMPLODES | ""Errand of Mercy"" (TOS)",deferred: show blocked for the whole run
1785081636,73ed005d2badd1b0,https://sphinx.acast.com/p/open/s/675b829492bfc0e8869676aa/e/69f11c2c526757e10b6d048f/media.mp3,Fallout Grows As Blame Game Intensifies,deferred: show blocked for the whole run
1785081636,2d0d0b84a23850da,https://sphinx.acast.com/p/open/s/675b829492bfc0e8869676aa/e/69f271bfeaa0279b7c7960eb/media.mp3,Trump’s Midterm Election Scheme Revealed,deferred: show blocked for the whole run
1785081636,fe8c4173f7b9cf40,https://sphinx.acast.com/p/open/s/675b829492bfc0e8869676aa/e/69fe4570051b78474e4aca32/media.mp3,Democracy Under Attack,deferred: show blocked for the whole run
1785081636,4fbece9b12173ddc,https://sphinx.acast.com/p/open/s/675b829492bfc0e8869676aa/e/6a235a9cebd8b0fa7354d3fa/media.mp3,Defending the Indefensible: Donald Sleepwalks While His Defenders Scramble for Answers,deferred: show blocked for the whole run
1785081636,490052a556189a19,https://sphinx.acast.com/p/open/s/675b829492bfc0e8869676aa/e/6a2c2487685069f99fee2b55/media.mp3,The GOP is Donald Trump's Biggest Enabler,deferred: show blocked for the whole run
1785081636,e4bcbc83cabb188c,https://sphinx.acast.com/p/open/s/675b829492bfc0e8869676aa/e/6a2ecf3a0592e82545480a1e/media.mp3,"Star Trek’s Bratty Tyrant Mirrors Trump | ""The Squire of Gothos"" (TOS)",deferred: show blocked for the whole run
1785081636,29893b4b7c5cffe1,https://sphinx.acast.com/p/open/s/675b829492bfc0e8869676aa/e/6a456fb9d668ce458570e3d3/media.mp3,Trump’s Worst Legal Defeat Yet w/Dean Obeidallah,deferred: show blocked for the whole run
1785081636,0f0b93ee7db58206,https://sphinx.acast.com/p/open/s/675b829492bfc0e8869676aa/e/6a4577d2d668ce45857316f8/media.mp3,Freedom A La Cart | Big Voice Wednesday with Ronda Cress,deferred: show blocked for the whole run
1785081636,ba142f57323923ae,https://sphinx.acast.com/p/open/s/675b829492bfc0e8869676aa/e/6a48056c04fac73b24d5dd5b/media.mp3,"Patriotism, Pageantry, and Public Embarrassment",deferred: show blocked for the whole run
1785081636,64388b7de64f55d3,https://sphinx.acast.com/p/open/s/675b829492bfc0e8869676aa/e/6a4a7c300069388b7af7d6f4/media.mp3,"Spock's MOST Dangerous Mission Ever | ""The Menagerie Part I"" (TOS)",deferred: show blocked for the whole run
1785081636,82de09a188d3dc10,https://sphinx.acast.com/p/open/s/675b829492bfc0e8869676aa/e/6a4beeb05fd88ad005a0809d/media.mp3,"When Protest Becomes ""Terrorism""",deferred: show blocked for the whole run
1785081636,eddc812c57c06fe8,https://sphinx.acast.com/p/open/s/675b829492bfc0e8869676aa/e/6a4d3be7c130c408c2c93b2a/media.mp3,When Excuses Run Out: Mary & Katie Phang on the Carroll Ruling and Accountability,deferred: show blocked for the whole run
1785081636,3e542d65c7332cf6,https://sphinx.acast.com/p/open/s/675b829492bfc0e8869676aa/e/6a4eab67f8a80edf85f5d9d7/media.mp3,Can Progressives Finally Turn MAGA's Weakness Into Victory?,deferred: show blocked for the whole run
1785081636,7b6576a02c84d5cc,https://sphinx.acast.com/p/open/s/675b829492bfc0e8869676aa/e/6a4ec85e81fe1f6460f10daa/media.mp3,DOJ Assault on Disability Rights | Big Voice Wednesday,deferred: show blocked for the whole run
1785081636,84af5ff24a172b9e,https://sphinx.acast.com/p/open/s/675b829492bfc0e8869676aa/e/6a500dc6f8a80edf85614fde/media.mp3,"Threats, Confusion and the Future of NATO",deferred: show blocked for the whole run
1785081636,ff4c9834b5a01400,https://sphinx.acast.com/p/open/s/675b829492bfc0e8869676aa/e/6a515930c2f78bb6897afc77/media.mp3,"Corruption, Profiteering, and Presidential Power",deferred: show blocked for the whole run
1785081636,133a1112632f806c,https://sphinx.acast.com/p/open/s/675b829492bfc0e8869676aa/e/6a51fe5273fcc6a8a7a8f9f3/media.mp3,"Fireworks, Fraudsters, and False Claims: Trump Trolls Trump Week 77",deferred: show blocked for the whole run
1785081636,9e1542cc482c2b4d,https://sphinx.acast.com/p/open/s/675b829492bfc0e8869676aa/e/6a52f0b0e31e37bb56e9dda7/media.mp3,"Spock Risks EVERYTHING for Captain Pike | ""The Menagerie Part II"" (TOS)",deferred: show blocked for the whole run
1474001390,a731d3d55684e560,https://c10.patreonusercontent.com/4/patreon-media/p/post/29168187/c6152e37514d42928e9612f16d2c8e3f/eyJhIjoxLCJpc19hdWRpbyI6MSwicCI6MX0%3D/1.wav?token-hash=IEr7ASz7zD35FFDHesMCHLQT1CeoUdxSvHQ530oVCps%3D&token-time=1784678400,You'd Never Guess (Theme From TrueAnon),HTTP 403
1474001390,ce50a7483c1baae9,https://c10.patreonusercontent.com/4/patreon-media/p/post/30874567/8a6026eab8cd4589a6ae5e4d5448962e/eyJhIjoxLCJpc19hdWRpbyI6MSwicCI6MX0%3D/1.mp3?token-hash=lAGlQAezCCqQmwVRuI7S-52L9xUw4CnGxjsDxjfWdL0%3D&token-time=1784678400,EPISODE XIX: RETURN OF THE PISSPIG,HTTP 403
1474001390,56aee2cba7321178,https://c10.patreonusercontent.com/4/patreon-media/p/media/54989892/ddbb79e9aea549e0837e4f54ee6ac7b5/eyJhIjoxLCJpc19hdWRpbyI6MSwicCI6MX0%3D/1.mp3?token-hash=oqN1tj8LU-O128RmXdRngPlBELQcJYimW0jBEpcUqg8%3D&token-time=1784678400,[PREVIEW] Episode 44: Bush Did 9/11 (Part 2),HTTP 403
1474001390,63c13c2f3bdbabfb,https://c10.patreonusercontent.com/4/patreon-media/p/post/35840504/632f3f24fd8a4deb92d786bb6d5f3cc3/eyJhIjoxLCJpc19hdWRpbyI6MSwicCI6MX0%3D/1.mp3?token-hash=8VEqovxTgeeRsUtlJ20sEVhDKlpDjZgn9IRdh_l0ak8%3D&token-time=1784678400,Episode 59: Nth Room,HTTP 403
1535384390,4c4fb7abdaefa694,https://www.podtrac.com/pts/redirect.mp3/pdst.fm/e/traffic.megaphone.fm/FOXM4599469498.mp3?updated=1752591809,Ryan Zinke Gets Ruthless,"stream failed: ('Connection broken: IncompleteRead(12582912 bytes read, 65158683 more expected)', IncompleteRead(12582912 bytes read, 65158683 more expected))"
1474001390,d8c2e263aa62d730,https://c10.patreonusercontent.com/4/patreon-media/p/post/41654257/ea3e65fd70aa4681b9b15b467cba537a/eyJhIjoxLCJpc19hdWRpbyI6MSwicCI6MX0%3D/1.mp3?token-hash=hRSVPEMPTDzY26kn2XYgxhxsROIFIh5GyEksbw5GvPg%3D&token-time=1784678400,Episode 100: Brat Camp,HTTP 403
1535255041,ac0247ef2e3947fe,https://traffic.omny.fm/d/clips/ed1c4567-4a2a-4d8b-862f-ab600003d530/e8f9d9b7-b747-4bb4-bc50-ac4f010d726b/53319859-d668-421c-b19b-adec01602c0f/audio.mp3?utm_source=Podcast&in_playlist=bdc5ba7b-7fd4-4566-9839-ac4f01122991,"Pirates of the Caribbean: Debt, Diplomacy and Destruction.",HTTP 403
1474001390,871567f9b7569083,https://c10.patreonusercontent.com/4/patreon-media/p/media/82092530/3a4fcd5c944f4e9984f1ea1824cc06b7/eyJhIjoxLCJpc19hdWRpbyI6MSwicCI6MX0%3D/1.mp3?token-hash=bFAmbm1uMjfIrvjMy_4A3-pjQ0BjUrouuF8yaOEo4aY%3D&token-time=1784678400,"[PREVIEW] Episode 110: They F*ck Doggies, Don't They? Pt. 2",HTTP 403
1648125917,57a6ad4b475713b4,https://dts.podtrac.com/redirect.mp3/pscrb.fm/rss/p/traffic.libsyn.com/secure/7220ca77-db77-4b5e-ae13-536dbb84fbd3/TUE_-_Moscow_Concert_Hall_Attack_Were_ISIS_REALLY_Behind_It_-_Stay_Free_3327iyt3.mp3?dest-id=4990875,Moscow Concert Hall Attack – Were ISIS REALLY Behind It? - Stay Free #332,HTTP 500
1474001390,b5248ef35cdabde4,https://c10.patreonusercontent.com/4/patreon-media/p/post/48874983/1e5a35424ddf40b381c7ee23c040d4ab/eyJhIjoxLCJpc19hdWRpbyI6MSwicCI6MX0%3D/1.mp3?token-hash=VAyjWnQJH8RbZba-rnXT1a90L-eFjUDxtUk8B0DUT8A%3D&token-time=1784678400,Episode 145: New F*ckin TrueAnon,HTTP 403
1474001390,337a19ec0ae975d6,https://c10.patreonusercontent.com/4/patreon-media/p/media/108345213/5554a272360349228558d75cd4bc6257/eyJhIjoxLCJpc19hdWRpbyI6MSwicCI6MX0%3D/1.mp3?token-hash=BqKi3v1vHpxuvcr0czLgOfUouX5BIvJn06SYji60ZXs%3D&token-time=1784678400,[PREVIEW] Episode 160: JFK 101 (Pt. 6 of ???),HTTP 403
1474001390,cad824171f5236a1,https://c10.patreonusercontent.com/4/patreon-media/p/post/54408701/c64c9aa81ed24403be0599d1b330868e/eyJhIjoxLCJpc19hdWRpbyI6MSwicCI6MX0%3D/1.mp3?token-hash=VUTwhkIta2C51tUMGUIe6MDgC7OKb47hHUWAAvwdLrU%3D&token-time=1784678400,Episode 172: NOlympics 2,HTTP 403
1474001390,cb8f6361312b52e0,https://c10.patreonusercontent.com/4/patreon-media/p/post/59450266/10422211a9e647af8b98026e594f0f85/eyJhIjoxLCJpc19hdWRpbyI6MSwicCI6MX0%3D/1.mp3?token-hash=w0GnoTaMRYQNPZaDxmd_HVJZGGATZTjcQIdkeIlcetk%3D&token-time=1784678400,👁️ Ghislaine Maxwell Trial: Day 4 👁️,HTTP 403
1474001390,0da4ec6a67af998f,https://c10.patreonusercontent.com/4/patreon-media/p/post/62979209/1143c113414946d3a4ee70eb2c6cda9c/eyJhIjoxLCJpc19hdWRpbyI6MSwicCI6MX0%3D/1.mp3?token-hash=tlpEzTd7oCUcrYgmQdRPB07hQqKUIBkNnscpJj082FM%3D&token-time=1784678400,Episode 209: Brunel is Dead,HTTP 403
1474001390,06a2fe6f195af019,https://c10.patreonusercontent.com/4/patreon-media/p/post/65384861/26efcb64da274650b9332ab75c45d574/eyJhIjoxLCJpc19hdWRpbyI6MSwicCI6MX0%3D/1.mp3?token-hash=mcg8M82bCsheGy8jj2VYDXLomG3hgXsfyVPx6_rW-0w%3D&token-time=1784678400,Episode 222: Boni Ilagan,HTTP 403
1474001390,f68ec3aed1f9d7bf,https://c10.patreonusercontent.com/4/patreon-media/p/post/69337360/8f14eb64a3f641588ea1944146a38044/eyJhIjoxLCJpc19hdWRpbyI6MSwicCI6MX0%3D/1.mp3?token-hash=9D77ijAGPOk-EZVGWsoqAfcMboVBfCzgYLuVel-rRao%3D&token-time=1784678400,Episode 240: The Fenty Fainties,HTTP 403
1474001390,35392e394e152027,https://c10.patreonusercontent.com/4/patreon-media/p/media/180781451/8d0e13e05524416eae60c6eb2bef83aa/eyJhIjoxLCJpc19hdWRpbyI6MSwicCI6MX0%3D/1.mp3?token-hash=b2n0bXLhZb4hPmmXzFVMgnqXFbuzYP8Hc_6Chn2dLSQ%3D&token-time=1784678400,[PREVIEW] Episode 259: Funny Money,HTTP 403
1474001390,9ba484f700ae8e37,https://c10.patreonusercontent.com/4/patreon-media/p/post/79959604/7ff393fbd439421899d8538b86c708ae/eyJhIjoxLCJpc19hdWRpbyI6MSwicCI6MX0%3D/1.mp3?token-hash=X5qxDtBRN94Zw0R8Zti679EMDzQgfLMMBiQyyHEtUqY%3D&token-time=1784678400,Episode 275: Planet Money,HTTP 403
1474001390,8b51957df9ac5b03,https://c10.patreonusercontent.com/4/patreon-media/p/post/83899182/5571823402c64366ab72c3179b79ed51/eyJhIjoxLCJpc19hdWRpbyI6MSwicCI6MX0%3D/1.wav?token-hash=6CixDZaXTh2Wk3JYsCJfcM1d0KUbxbudzX0CJtD6EaM%3D&token-time=1784678400,[PREVIEW] Episode 295: The Fogle Files (Part 1),HTTP 403
1474001390,55dfa50568a657df,https://c10.patreonusercontent.com/4/patreon-media/p/post/87676617/4ddbf6969e9348cfb2275ea079516d7a/eyJhIjoxLCJpc19hdWRpbyI6MSwicCI6MX0%3D/1.mp3?token-hash=p5dfgZ_qVnZZrXFb6TcERYsLfs25-_cyZicynhU9iHo%3D&token-time=1784678400,Episode 312: The Romance of International Skyjacking,HTTP 403
1474001390,2639feec19ae93e2,https://c10.patreonusercontent.com/4/patreon-media/p/post/92993592/0b42454883ce4e2294138352205de973/eyJhIjoxLCJpc19hdWRpbyI6MSwicCI6MX0%3D/1.mp3?token-hash=JL0fTtxb1mt65UbLBvbf3SUEmMhGChwgZeZs092UU-k%3D&token-time=1784678400,Episode 334: JFK 201 (Part 1),HTTP 403
1474001390,313819b9817261c1,https://c10.patreonusercontent.com/4/patreon-media/p/post/100792532/83b2cc83384949bbbbd1610e667dac3f/eyJhIjoxLCJpc19hdWRpbyI6MSwicCI6MX0%3D/1.mp3?token-hash=DTH8lQXpVP9kVh1JAQFTZA2oV3LUizth63T_4AsvVE0%3D&token-time=1784678400,Episode 363: Bannable Offense,HTTP 403
1474001390,f6ae1fea58ee5e2a,https://c10.patreonusercontent.com/4/patreon-media/p/post/108250247/1254bf1c1738459d8a3fdf169236d1ba/eyJhIjoxLCJpc19hdWRpbyI6MSwicCI6MX0%3D/1.mp3?token-hash=lqcDutd6PHOsedNIVXuXeHKjrJ2LGjs79e4SlKU7qM8%3D&token-time=1784678400,"Episode 392: Lawyers, Guns, and Tummies: Tribal Thumb Pt. 1",HTTP 403
1474001390,eefd17a101e65d2f,https://c10.patreonusercontent.com/4/patreon-media/p/post/121111568/d69f18d2d1a042a6827f5d1aef60c13b/eyJhIjoxLCJpc19hdWRpbyI6MSwicCI6MX0%3D/1.mp3?token-hash=EYGYOBxkdnHsnb2sFiPOcc5RhumJ05n__nIfTWOJpOU%3D&token-time=1784678400,Episode 434: Evil Gods Must Be Fought: The Zizian Murder Cult [Part 1],HTTP 403
1474001390,cfeff94e88e65574,https://c10.patreonusercontent.com/4/patreon-media/p/post/134100194/bb5ede8a8bba4983814dffe8fdd4e432/eyJhIjoxLCJpc19hdWRpbyI6MSwicCI6MX0%3D/1.mp3?token-hash=DZb8lkcthFhkm6q0IPdXuXZblC1_8YqG8b5TVbw1L8U%3D&token-time=1784678400,Episode 474: Epstein Files: Phase II,HTTP 403
1474001390,e229a4ff870f233b,https://c10.patreonusercontent.com/4/patreon-media/p/media/636721947/3f47441cf16947209775fe0e5979d19b/eyJhIjoxLCJpc19hdWRpbyI6MSwicCI6MX0%3D/1.mp3?token-hash=-l_K5nB66WgqUfSOKRtBtJWgAsRer3BzQXBeBpnal3U%3D&token-time=1784678400,[PREVIEW] Episode 536: Dallas 3,HTTP 403
1474001390,3fc6767b9f4b6199,https://c10.patreonusercontent.com/4/patreon-media/p/post/29339023/405d74df987b4c9389cec1a8e942c6d9/eyJhIjoxLCJpc19hdWRpbyI6MSwicCI6MX0%3D/1.mp3?token-hash=8n5J24D5pfidkaATadVXIMTN_6xTF-jlvrNV_EUwSZQ%3D&token-time=1784678400,Episode 7: Targeting Close Associates,HTTP 403
1474001390,02341ed556c3fcad,https://c10.patreonusercontent.com/4/patreon-media/p/post/30560904/ebbdf9b0551f41b59fc2667e15dc9beb/eyJhIjoxLCJpc19hdWRpbyI6MSwicCI6MX0%3D/1.mp3?token-hash=RnNVBwdSK7gy-T_7hbzLoWhbwmKsVc2Q8B1UqvfMOV0%3D&token-time=1784678400,Episode 17: Blood Sugar Sex Magick,HTTP 403
1474001390,ad25ffcb354fedba,https://c10.patreonusercontent.com/4/patreon-media/p/post/34867304/04ba182bb57b4df99b3bfbc5c3709f28/eyJhIjoxLCJpc19hdWRpbyI6MSwicCI6MX0%3D/1.mp3?token-hash=KyGdr_tjDj5vQlA972AaS9bIg_23gHO-FWpDVH5sPLE%3D&token-time=1784678400,Episode 52: Love in the Time of Corona,HTTP 403
1474001390,7dab58a290ce48c7,https://c10.patreonusercontent.com/4/patreon-media/p/media/68930650/34c18a8ddc22456f826d58d35da939b4/eyJhIjoxLCJpc19hdWRpbyI6MSwicCI6MX0%3D/1.mp3?token-hash=anDqTXchoRavvJhRKFtc0Zqxfe3ui3Ctc9Yg7MF3goQ%3D&token-time=1784678400,[PREVIEW] Episode 79: Once Upon a Time in Pedowood,HTTP 403
1474001390,168c75c86b28086f,https://c10.patreonusercontent.com/4/patreon-media/p/post/40365087/14edbfa4cfee4ac6b2bb683c162d3389/eyJhIjoxLCJpc19hdWRpbyI6MSwicCI6MX0%3D/1.mp3?token-hash=gSlqNWtFJSwetiBZeRZntT0VBBwGMGCsi8M89lZIdsE%3D&token-time=1784678400,Episode 90: Docudump,HTTP 403
1535255041,9d8ae6d4ae2a57bc,https://traffic.omny.fm/d/clips/ed1c4567-4a2a-4d8b-862f-ab600003d530/e8f9d9b7-b747-4bb4-bc50-ac4f010d726b/2698f66b-ce5e-4066-9097-ae080177e1ae/audio.mp3?utm_source=Podcast&in_playlist=bdc5ba7b-7fd4-4566-9839-ac4f01122991,Holiday Quickie: How the Manch stole Christmas.,HTTP 403
1474001390,9ed558ea80f99e14,https://c10.patreonusercontent.com/4/patreon-media/p/post/44322162/d9e4555ef9ee4cc4b46d8a491fb66a57/eyJhIjoxLCJpc19hdWRpbyI6MSwicCI6MX0%3D/1.mp3?token-hash=bOq4-9MjmE0h6rJ07A9GYfvlG7UC1bI1rWgQ8zdzlng%3D&token-time=1784678400,Episode 120: The Art of the Deal,HTTP 403
1474001390,dd8a90c7a9053c5b,https://c10.patreonusercontent.com/4/patreon-media/p/post/47396743/0902912e8c5d409fa7cedde99e002222/eyJhIjoxLCJpc19hdWRpbyI6MSwicCI6MX0%3D/1.mp3?token-hash=VNWM5RrFzobdujHRxj6uCo-OjrJS2AQ9Rc-tz6o9st0%3D&token-time=1784678400,Episode 136: Charity Case,HTTP 403
1474001390,2e7374f360a90313,https://c10.patreonusercontent.com/4/patreon-media/p/media/109135958/b56f98b145dd46dd876664314d7097a5/eyJhIjoxLCJpc19hdWRpbyI6MSwicCI6MX0%3D/1.mp3?token-hash=Gf0h7Lv_rS6JiwNQEztSdbZaWS9XUvyKHt1cWIQ0AmM%3D&token-time=1784678400,[PREVIEW] Episode 162: The End of the End of History???,HTTP 403
1474001390,aaf348b1aa0cb8d7,https://c10.patreonusercontent.com/4/patreon-media/p/post/54118404/9338023a56dd4b91b4f49cb7ffcbc1b3/eyJhIjoxLCJpc19hdWRpbyI6MSwicCI6MX0%3D/1.mp3?token-hash=J0LeFclGsYbIGCEthi_1YEe-00CoaNa49NrZ6j7DQr8%3D&token-time=1784678400,Episode 170: Gretchen,HTTP 403
1474001390,b54cbd0cc68f7658,https://c10.patreonusercontent.com/4/patreon-media/p/post/59694990/cc27957b3f9c45499fde69f510337988/eyJhIjoxLCJpc19hdWRpbyI6MSwicCI6MX0%3D/1.mp3?token-hash=Pa4jUT24z5A0VPY0PVcw-YSz4WAdcsyj9Lq_Zs2tmpY%3D&token-time=1784678400,👁️ Ghislaine Maxwell Trial: Day 8 👁️,HTTP 403
1474001390,380fc166faed7b07,https://c10.patreonusercontent.com/4/patreon-media/p/post/64084147/993f209bbe5f4a5ab21fddd9897a040a/eyJhIjoxLCJpc19hdWRpbyI6MSwicCI6MX0%3D/1.mp3?token-hash=4KB0yoMWMeBJhQ09iw-EGuZ1uwT1ROC4DEeb6EUhsVU%3D&token-time=1784678400,Episode 215: Marching Into Madness,HTTP 403
1474001390,d9e24d85af7e16eb,https://c10.patreonusercontent.com/4/patreon-media/p/media/149161455/dea32c6309e349358ecfa03d53a58dba/eyJhIjoxLCJpc19hdWRpbyI6MSwicCI6MX0%3D/1.mp3?token-hash=v6MxCjNCaYZl3NC6Sr8RWduVQ3nrNfn9aUfj35Qtlpc%3D&token-time=1784678400,[PREVIEW] Episode 220: Marathon Men (Part 1),HTTP 403
1474001390,993b6de1e81c48b4,https://c10.patreonusercontent.com/4/patreon-media/p/post/70987585/b7583ed29d084d32b2feed14cd5e12e0/eyJhIjoxLCJpc19hdWRpbyI6MSwicCI6MX0%3D/1.mp3?token-hash=DmlsTwiYFl0KgQKZeNMItXomb8e6hFeXgQCkmeOpH0M%3D&token-time=1784678400,Episode 246: Deep State 102,HTTP 403
1474001390,91490d1d4b9f2167,https://c10.patreonusercontent.com/4/patreon-media/p/media/172708317/2b69d823a534498ebe1dc711d966723e/eyJhIjoxLCJpc19hdWRpbyI6MSwicCI6MX0%3D/1.mp3?token-hash=PObW3hBFdhMZ_Rhu60hjxvFFoH8WiV1_I_XrMJlVEOA%3D&token-time=1784678400,[PREVIEW] Episode 250: Lyndon LaRouche: Assassins Creed III,HTTP 403
1474001390,849b424268dfdc9a,https://c10.patreonusercontent.com/4/patreon-media/p/media/184006472/7e7c9262769e416f8e6d85de121e7424/eyJhIjoxLCJpc19hdWRpbyI6MSwicCI6MX0%3D/1.mp3?token-hash=-fnmSviXbPetX7IOTjt6lvHS-28TGLVnUZcfRlAOyjI%3D&token-time=1784678400,[PREVIEW] Episode 263: Twitter Tranche,HTTP 403
1474001390,bacb1fcd525f7f02,https://c10.patreonusercontent.com/4/patreon-media/p/post/83718087/b878abc512374afb896ed4c6e2b013c6/eyJhIjoxLCJpc19hdWRpbyI6MSwicCI6MX0%3D/1.mp3?token-hash=Z462nnDMj7D0ZtbBv9fShAurcP-mgQsOoJnzXRcOAFI%3D&token-time=1784678400,Episode 294: Bodies And Spaces,HTTP 403
1474001390,b4c74bf405c6bc41,https://c10.patreonusercontent.com/4/patreon-media/p/post/86303626/72f9ce3a5eb1476cb9b548c4d5eda94f/eyJhIjoxLCJpc19hdWRpbyI6MSwicCI6MX0%3D/1.mp3?token-hash=BYgmab7dm6EJHEvQEJNcqHohGtGmEIU7MkH9YKEMOFU%3D&token-time=1784678400,🤖📠 TRUEANON SPECIAL TRANSMISSION 📠🤖,HTTP 403
1474001390,592dd06d8da224fc,https://c10.patreonusercontent.com/4/patreon-media/p/post/92805661/69051eb75dc54b5caaa99227fbfcaf25/eyJhIjoxLCJpc19hdWRpbyI6MSwicCI6MX0%3D/1.mp3?token-hash=PBiMd-eeQ233jgTSv_1MeqK4xdEz0wXuT8vhj14jrvM%3D&token-time=1784678400,Episode 333: A Child Called Bullshit,HTTP 403
1474001390,672042f9189d6b38,https://c10.patreonusercontent.com/4/patreon-media/p/post/98765149/6a650200de274f9b9ab5e93b565e29fb/eyJhIjoxLCJpc19hdWRpbyI6MSwicCI6MX0%3D/1.mp3?token-hash=jOhFwyL4W-1C167JiaI3XrzZBBSFdUuo72iwRGyTDG8%3D&token-time=1784678400,Episode 355: Tip Line,HTTP 403
1474001390,4e1a25e301507cec,https://c10.patreonusercontent.com/4/patreon-media/p/media/338398441/a466a8de5dd44e30812f554eba976313/eyJhIjoxLCJpc19hdWRpbyI6MSwicCI6MX0%3D/1.mp3?token-hash=bv5oDs5pWpqoJbcCeedf_vj8a5tPnTSIU15xY8hFyqk%3D&token-time=1784678400,[PREVIEW] Episode 398: Feel Like White Franco,HTTP 403
1474001390,8bbe2801a4d2f0e0,https://c10.patreonusercontent.com/4/patreon-media/p/post/122997895/21e88c4cbd214ca1ad518d2c154d3b02/eyJhIjoxLCJpc19hdWRpbyI6MSwicCI6MX0%3D/1.mp3?token-hash=s_y7olJQBjcR_92DZvWhoWAh0WAYFm0mEHHiQxRvseE%3D&token-time=1784678400,Episode 439: Last Days of Davos,HTTP 403
1474001390,aaef85878310aaaa,https://c10.patreonusercontent.com/4/patreon-media/p/media/497346467/1741860d1eb24a7f93f999ea08bf445c/eyJhIjoxLCJpc19hdWRpbyI6MSwicCI6MX0%3D/1.mp3?token-hash=3kwak6oURhpmrFSjaw575mWcE4tKG-BpM29Kg_y6x14%3D&token-time=1784678400,[PREVIEW] Episode 473: Jared Leto Does Not Exist,HTTP 403
1474001390,f9c05fd7ec53039e,https://c10.patreonusercontent.com/4/patreon-media/p/post/152382862/beff00424cdd49cba39d4bb5dd701cc3/eyJhIjoxLCJpc19hdWRpbyI6MSwicCI6MX0%3D/1.mp3?token-hash=LGi-Mu0fjginE1Oo4iVEcwwomO42QWyO1qCbzuRwS6U%3D&token-time=1784678400,Episode 527: Wallace Shawn,HTTP 403
1474001390,b8c07c0db140a208,https://c10.patreonusercontent.com/4/patreon-media/p/media/40727339/779828aa2eb241ed9825a7905e0446f5/eyJhIjoxLCJpc19hdWRpbyI6MSwicCI6MX0%3D/1.mp3?token-hash=vGR3BpeMAjY6lqhHgguXAyyYD2BHVeuB58s3BH_tm60%3D&token-time=1784678400,[PREVIEW] Episode 8: Jew Detective,HTTP 403
1474001390,d30612bfe6988cbc,https://c10.patreonusercontent.com/4/patreon-media/p/post/31676195/891758f22ca44ad9a5bc4a13bc8055bc/eyJhIjoxLCJpc19hdWRpbyI6MSwicCI6MX0%3D/1.mp3?token-hash=ssZiDSS_SIIVlld22XdPzg8oRcZLdzV1GgUUlxNU_IM%3D&token-time=1784678400,Epstein Ain't Going Away,HTTP 403
1474001390,2770634fc6619a8d,https://c10.patreonusercontent.com/4/patreon-media/p/post/33325610/29b2fb125ad34b1689758d6d260d2a1c/eyJhIjoxLCJpc19hdWRpbyI6MSwicCI6MX0%3D/1.mp3?token-hash=Zxq3aRF1r0juXWA7cXt6fnuy5EpercVw36OG4Ze4a2U%3D&token-time=1784678400,Episode 37: Sounds About White,HTTP 403
124960485,a8ec93dd34c9dae6,https://pdrl.fm/829673/pscrb.fm/rss/p/traffic.libsyn.com/secure/hippiesympathizer/1540_Scam_Culture_Air_Date_1-31-23_General_-_1-31-23_21.02.mp3?dest-id=22784,#1540 The Grift of Life (Scam Culture™ and the Economy it has built),HTTP 500
1474001390,b39e7983568f839a,https://c10.patreonusercontent.com/4/patreon-media/p/post/38358031/833b77c2e2f14508bfb3233cb6d39087/eyJhIjoxLCJpc19hdWRpbyI6MSwicCI6MX0%3D/1.mp3?token-hash=gE3qt7AiHxSIMU40uMr7_TRtlspbvtsl99j7_nKTH4g%3D&token-time=1784678400,Episode 76: The Mask,HTTP 403
1507444393,ebd4a68c8ac2c8ec,https://dts.podtrac.com/redirect.mp3/pscrb.fm/rss/p/traffic.libsyn.com/secure/681c384c-f1f0-461a-ad0f-6ab570e13b8b/episode_3855.mp3?dest-id=5266630,"Trump Is Isolating The [DS] To Take Them Out, RINOs Trapped, The Stage Is Set For The Next Phase - Ep. 3855",HTTP 500
1474001390,761a502b837c2e2c,https://c10.patreonusercontent.com/4/patreon-media/p/post/38905984/dbd6caf4077c4859a7a31e970650e8f6/eyJhIjoxLCJpc19hdWRpbyI6MSwicCI6MX0%3D/1.mp3?token-hash=wMQtNWgB4zc26timrFV434VabwZYsJUwdpbBD0fFs9M%3D&token-time=1784678400,Episode 80: Ghislaine Goes Down,HTTP 403
1474001390,82ef7876dc5a57c5,https://c10.patreonusercontent.com/4/patreon-media/p/post/42806186/32aeb7a9e57f4a62b694f248cf64f473/eyJhIjoxLCJpc19hdWRpbyI6MSwicCI6MX0%3D/1.mp3?token-hash=mPVFpr-2Y547k6loHPSXrlJoRH_s13tN9fi5cMws1Xg%3D&token-time=1784678400,"Episode 108: They F*ck Doggies, Don't They?",HTTP 403
1648125917,8d372c43fe0d0a7f,https://dts.podtrac.com/redirect.mp3/pscrb.fm/rss/p/traffic.libsyn.com/secure/7220ca77-db77-4b5e-ae13-536dbb84fbd3/THU_-_TikTok_Ban_Trojan_Horse_For_Censorship_-_Rumble_To_BUY_Company_-_Stay_Free_3246fy2n.mp3?dest-id=4990875,"TikTok Ban ""Trojan Horse"" For Censorship - Rumble To BUY Company?! - Stay Free #324",HTTP 500
1474001390,5a68af08217fde13,https://c10.patreonusercontent.com/4/patreon-media/p/post/47697557/190464e1e1264fd8a84c9bc6d41618b7/eyJhIjoxLCJpc19hdWRpbyI6MSwicCI6MX0%3D/1.mp3?token-hash=0wQTLutPijqcCQ3WFyo2-OS_4OklNzPeHpXZO9GJlqI%3D&token-time=1784678400,Episode 138: OC 80,HTTP 403
1474001390,b4e92fd36da2f1f0,https://c10.patreonusercontent.com/4/patreon-media/p/post/52087025/0add1013754f41f38d3b24a7d958be52/eyJhIjoxLCJpc19hdWRpbyI6MSwicCI6MX0%3D/1.mp3?token-hash=o8IQ2nw-Fnm5s8lYe8ilEms9xqozj7Cj2DqQ0pOR65I%3D&token-time=1784678400,Episode 163: JSUC,HTTP 403
1474001390,222d1c58cd89624c,https://c10.patreonusercontent.com/4/patreon-media/p/post/55217668/9f12668c84e642ff92a0d168f7de1231/eyJhIjoxLCJpc19hdWRpbyI6MSwicCI6MX0%3D/1.mp3?token-hash=e1NKhMJtmUoYC96uhr7s2khsH6xj9A0vu6nhe5ZgZuU%3D&token-time=1784678400,Episode 178: Anti-terror in the Philippines,HTTP 403
1474001390,dd386d573e8c75c2,https://c10.patreonusercontent.com/4/patreon-media/p/post/58234691/913076ad601a40d98dd4f090b90fa9dc/eyJhIjoxLCJpc19hdWRpbyI6MSwicCI6MX0%3D/1.mp3?token-hash=NTk-Btezyvr34Rd2KgIRI33xA_TWbetip87e52jNrQ8%3D&token-time=1784678400,Episode 193: Twin Torpedoes,HTTP 403
1474001390,724d5f288aa80487,https://c10.patreonusercontent.com/4/patreon-media/p/media/140368851/328b0724f41642a6aab6c979ffa1ed42/eyJhIjoxLCJpc19hdWRpbyI6MSwicCI6MX0%3D/1.mp3?token-hash=0WIBArcSXI9G-Vo0QcQAkk3D2jVK8MCR1vjqX4KtEo0%3D&token-time=1784678400,[PREVIEW] Episode 204: Inflation Nation,HTTP 403
1474001390,07b0335e50f62c59,https://c10.patreonusercontent.com/4/patreon-media/p/post/66917558/e41e9bf8fbb34628a3287606be1e7e4b/eyJhIjoxLCJpc19hdWRpbyI6MSwicCI6MX0%3D/1.mp3?token-hash=NUKHwIQBpIWDQX0lXfUWsIzC7UuwVNyvkiOp8eSghOc%3D&token-time=1784678400,Episode 228: Elong-Elong Marcos,HTTP 403
1474001390,1b855ce92f146c0d,https://c10.patreonusercontent.com/4/patreon-media/p/post/70666949/c0e56ccb4a7b40d18c248dd271df4d95/eyJhIjoxLCJpc19hdWRpbyI6MSwicCI6MX0%3D/1.mp3?token-hash=ofB5c2toHrfFlJImLEZmt5KzdrwnKhglFkaRumkDqSk%3D&token-time=1784678400,Episode 245: Hammer Time 2: Slammer Time,HTTP 403
1474001390,0b6d4d1e734b1eda,https://c10.patreonusercontent.com/4/patreon-media/p/post/74840319/17e93c6fd6ee4391872aa482371ed19b/eyJhIjoxLCJpc19hdWRpbyI6MSwicCI6MX0%3D/1.mp3?token-hash=2MCKcdg_4JHYu5KDmJrJ0Bta9WYF0XT6b4kw48_-Bsw%3D&token-time=1784678400,Episode 254: Moneyball II,HTTP 403
1474001390,eeb85abc07185b07,https://c10.patreonusercontent.com/4/patreon-media/p/post/80284850/50d51b7b4ce942e28532a692bd768c92/eyJhIjoxLCJpc19hdWRpbyI6MSwicCI6MX0%3D/1.mp3?token-hash=zGOO8EvHtueFESpk6Tvz2NqzQjFlazW53PCHzRWwhJ8%3D&token-time=1784678400,Episode 277: Unbank Yourself,HTTP 403
1493858530,b62fe4cd2ba67fde,https://podtrac.com/pts/redirect.mp3/traffic.omny.fm/d/clips/e73c998e-6e60-432f-8610-ae210140c5b1/7e1493c7-ebf2-4878-bd99-ae3900554de8/42a6abaf-a9f6-4760-9604-b21f0131a204/audio.mp3?utm_source=Podcast&in_playlist=71ddab40-adc1-47f6-b7df-ae3900554dff,"Whooo Chile, Let Me Put You On","ConnectionError: HTTPSConnectionPool(host='iheartmedia.mc.tritondigital.com', port=443): Max retries exceeded with url: /OMNY_HOODPOLITICSWITHPROP_PODCAST_P/media/d/clips/e73c998e-6e60-432f-8610-ae210140c5b1/7e1493c7-ebf2-4878-bd99-ae3900554de8/42a6abaf-a9f6-4760-9604-b21f0131a204/audio/direct/t1730869268/Whooo_Chile,_Let_Me_Put_You_On.mp3?t=1730869268&starship-rollup=v0_444444434144&starship-episode-id=9dc685b2-11c1-4262-8ffc-14f89e47da2a&in_playlist=71ddab40-adc1-47f6-b7df-ae3900554dff&utm_source=Podcast (Caused by NewConnectionError(""HTTPSConnection(host='iheartmedia.mc.tritondigital.com', port=443): Failed to establish a new connection: [Errno 101] Network is unreachable""))"
1495601614,a39cf7c84d9c6d23,https://podtrac.com/pts/redirect.mp3/pscrb.fm/rss/p/arttrk.com/p/D5CA5/mgln.ai/e/28/traffic.omny.fm/d/clips/e73c998e-6e60-432f-8610-ae210140c5b1/2bee9419-43de-46ce-8996-af2a01167517/bb72ee7f-c2dc-4189-9485-b048017f71dd/audio.mp3?utm_source=Podcast&in_playlist=84cf551f-a33b-41d8-b112-af2a01167541,"Explosive FD1023 Released: Gives Explicit, Damning Details of Joe Biden Bribery Allegations","ConnectionError: HTTPSConnectionPool(host='iheartmedia.mc.tritondigital.com', port=443): Max retries exceeded with url: /OMNY_VERDICTWITHTEDCRUZ1_PODCAST_P/media/d/clips/e73c998e-6e60-432f-8610-ae210140c5b1/2bee9419-43de-46ce-8996-af2a01167517/bb72ee7f-c2dc-4189-9485-b048017f71dd/audio/direct/t1690185710/Explosive_FD1023_Released_Gives_Explicit,_Damning_Details_of_Joe_Biden_Bribery_A.mp3?t=1690185710&starship-rollup=v0_444444444444&starship-episode-id=b9594495-719b-485a-a896-fe9847925803&in_playlist=84cf551f-a33b-41d8-b112-af2a01167541&utm_source=Podcast (Caused by NewConnectionError(""HTTPSConnection(host='iheartmedia.mc.tritondigital.com', port=443): Failed to establish a new connection: [Errno 101] Network is unreachable""))"
1474001390,a8be9b65f8f00286,https://c10.patreonusercontent.com/4/patreon-media/p/media/209665051/3e707691ab884cfc84cdd7e6fa72c6a2/eyJhIjoxLCJpc19hdWRpbyI6MSwicCI6MX0%3D/1.mp3?token-hash=25QMz43dUjpMxYcsbpNOivPSBkI8hW-GDnFKR4j2_9U%3D&token-time=1784678400,[PREVIEW] Episode 299: But His Emails,HTTP 403
1474001390,8c786964823519e2,https://c10.patreonusercontent.com/4/patreon-media/p/media/214145272/21b13b0c7c734e289235b8bf28a89f1f/eyJhIjoxLCJpc19hdWRpbyI6MSwicCI6MX0%3D/1.mp3?token-hash=zRRkhHVpYKfqhtF5cTn7oTPgQ6ar2U6rG6l4zveCjlk%3D&token-time=1784678400,[PREVIEW] Episode 304: Scando-nistas,HTTP 403
1474001390,558c5016cd23df7a,https://c10.patreonusercontent.com/4/patreon-media/p/media/276591010/ac465008bf714d8994a9956b05a753e6/eyJhIjoxLCJpc19hdWRpbyI6MSwicCI6MX0%3D/1.mp3?token-hash=iykicLhLP0zleY2qcplzxFKukM1EwFp5djqM_GyBW1o%3D&token-time=1784678400,[PREVIEW] Episode 353: Review Detective,HTTP 403
1474001390,c1402e95cb8b8bc1,https://c10.patreonusercontent.com/4/patreon-media/p/post/110150661/dea2d26a51ae44d4a04fa1e811efc8db/eyJhIjoxLCJpc19hdWRpbyI6MSwicCI6MX0%3D/1.mp3?token-hash=lASz_uuOykmCp5Ewc6VsGBEQzfq8odAoYwTXn7hskeM%3D&token-time=1784678400,Episode 399: We'll Always Have Paris,HTTP 403
1474001390,76a0427711ae75ee,https://c10.patreonusercontent.com/4/patreon-media/p/post/120127562/a68149089ca9428d8d79dd1185a23adb/eyJhIjoxLCJpc19hdWRpbyI6MSwicCI6MX0%3D/1.mp3?token-hash=jfe1iD8zI2DATcNad7eIcrsiN-eVZGjD6-P6RklvD1M%3D&token-time=1784678400,Episode 430: Gas Guzzler,HTTP 403
1474001390,b302a82d95650734,https://c10.patreonusercontent.com/4/patreon-media/p/post/135936057/8537fdd7b6e84853a5910e86ff26566e/eyJhIjoxLCJpc19hdWRpbyI6MSwicCI6MX0%3D/1.mp3?token-hash=envP7LB3_P47BBqG6ME2I5GrkZsrZz0zs5Mbi6deCu4%3D&token-time=1784678400,Episode 480: GI Go Home,HTTP 403
1474001390,60147e79320b6935,https://c10.patreonusercontent.com/4/patreon-media/p/post/29004367/6391762034174a279000b595e67802d9/eyJhIjoxLCJpc19hdWRpbyI6MSwicCI6MX0%3D/1.mp3?token-hash=54L22JSnmDpSDW7BUnc-b9eIrtpMwNiNiF1KB1ydxFw%3D&token-time=1784678400,Episode 1: The Ep Files,HTTP 403
1474001390,aee95980d59b0a1d,https://c10.patreonusercontent.com/4/patreon-media/p/post/31353218/94f5f5554b664706acb1e95e044913d3/eyJhIjoxLCJpc19hdWRpbyI6MSwicCI6MX0%3D/1.mp3?token-hash=V-JIerVro0-ijWzYc9gtjeN0Xpk8sjVMG-2AmgVqW_I%3D&token-time=1784678400,Episode 23: Gutsy Women,HTTP 403
1474001390,3a15c95dc37a7d93,https://c10.patreonusercontent.com/4/patreon-media/p/post/34983499/0bf3cdbbd1c54cfbaf28e31800a852a5/eyJhIjoxLCJpc19hdWRpbyI6MSwicCI6MX0%3D/1.mp3?token-hash=bi87zgokWlqdmsqj2kn0IGaM8y4mbaoK6TnO_hVpVeI%3D&token-time=1784678400,Episode 53: Love in the Time of Corona Pt. 2,HTTP 403
1474001390,69f2befbfea20858,https://c10.patreonusercontent.com/4/patreon-media/p/post/36359715/b297e53972bb46d495545c0a79cb7b25/eyJhIjoxLCJpc19hdWRpbyI6MSwicCI6MX0%3D/1.mp3?token-hash=x2zrc0_NOXnc7liDNc0Hhck3JVTyTzBrjBzJGFohNdo%3D&token-time=1784678400,Episode 63: Exiled on Main Street,HTTP 403
1474001390,ded445dcf864bb77,https://c10.patreonusercontent.com/4/patreon-media/p/post/41227619/6cffade8bd044bddb46df63e73abdfca/eyJhIjoxLCJpc19hdWRpbyI6MSwicCI6MX0%3D/1.mp3?token-hash=xqatA-Ef3QWj6EwLGfSdyRch0mbZNOE_YUhH_ySk9vg%3D&token-time=1784678400,Episode 96: Save the Pilled Men,HTTP 403
1474001390,c027f36961d18e16,https://c10.patreonusercontent.com/4/patreon-media/p/post/43808760/d519361431cb4918960ee51caa80be30/eyJhIjoxLCJpc19hdWRpbyI6MSwicCI6MX0%3D/1.mp3?token-hash=swH9SIftb4F6_TeRUO253v_zCVdUYfeX0tP8Vp4OesE%3D&token-time=1784678400,Episode 116: The Ring Leader,HTTP 403
1474001390,0a80e627c2f14129,https://c10.patreonusercontent.com/4/patreon-media/p/media/99694352/48733ec8bae549b3bd4a5835262b76d0/eyJhIjoxLCJpc19hdWRpbyI6MSwicCI6MX0%3D/1.mp3?token-hash=ZKRxwobEkYbhIxgoUvkoB-wV8uoT_1BneqL_naeh9f4%3D&token-time=1784678400,[PREVIEW] Episode 144: Nico Walker,HTTP 403
1474001390,701aa6d36fb1f8d4,https://c10.patreonusercontent.com/4/patreon-media/p/post/53048350/edcde5f5eed042f1a0dd9adf9b077597/eyJhIjoxLCJpc19hdWRpbyI6MSwicCI6MX0%3D/1.mp3?token-hash=zGPu0MBuYgUZK0_pIuKySCJCJ6pbkBsrupSOXFPaNEo%3D&token-time=1784678400,Episode 165: Who Killed Mac Dre?,HTTP 403
1474001390,fe43784a9322bd1b,https://c10.patreonusercontent.com/4/patreon-media/p/media/115365251/e20fa4ab731f4b5bbfee0ccc703dc417/eyJhIjoxLCJpc19hdWRpbyI6MSwicCI6MX0%3D/1.mp3?token-hash=dLLc6pLhtjYt6Pw_LHjGADOQzwpZNjexIsv0odAIfwc%3D&token-time=1784678400,[PREVIEW] Episode 169: Corporate Memphis Cuba,HTTP 403
1474001390,12f368d9a0ecb106,https://c10.patreonusercontent.com/4/patreon-media/p/post/60004124/0efee8be9522472db92928eda6424dc2/eyJhIjoxLCJpc19hdWRpbyI6MSwicCI6MX0%3D/1.mp3?token-hash=rFRcc_ihnGKLlGshcGrVDpp3vi5Hf4c-W5kEwwvaGbs%3D&token-time=1784678400,👁️ Ghislaine Maxwell Trial: Day 11 👁️,HTTP 403
1474001390,37a7801ecb44c20f,https://c10.patreonusercontent.com/4/patreon-media/p/post/62272802/3b1d1e11f4ae4a14bd994abeece37872/eyJhIjoxLCJpc19hdWRpbyI6MSwicCI6MX0%3D/1.mp3?token-hash=80Mmpse38XDUNG89MuCztI6bh5so4VjKkCOG369bIfM%3D&token-time=1784678400,Episode 206: Ukraine (with Ames) Part 2,HTTP 403
1474001390,3e023963731f5761,https://c10.patreonusercontent.com/4/patreon-media/p/post/64800284/31e5652def6d48a8ae21bd3e7b63ede2/eyJhIjoxLCJpc19hdWRpbyI6MSwicCI6MX0%3D/1.mp3?token-hash=WqpjqBvheNMqcxZlc6vzNe6nYIQzmyWIfuGo9a5v2VY%3D&token-time=1784678400,Episode 219: Clear and Present Clancy,HTTP 403
1474001390,07c7d81bf5589803,https://c10.patreonusercontent.com/4/patreon-media/p/media/160289652/d9fedd050207498a8fab00598ba43052/eyJhIjoxLCJpc19hdWRpbyI6MSwicCI6MX0%3D/1.mp3?token-hash=RZUbX19oUUNgxlUCXoxhgwygl_bya2HKql05chemvHc%3D&token-time=1784678400,[PREVIEW] Episode 238: Nihil River,HTTP 403
1474001390,8f64cd6b2a69fd29,https://c10.patreonusercontent.com/4/patreon-media/p/post/73802270/161b06fb17cd45cc866291a201e6f095/eyJhIjoxLCJpc19hdWRpbyI6MSwicCI6MX0%3D/1.mp3?token-hash=VM00BMO7ksN-cGceIwQ1xJzg-5YbN8FfThNuZlFSmQs%3D&token-time=1784678400,Episode 251: Freaky Tales to Tell for a Fright,HTTP 403
1474001390,0ff4b1f98ca10236,https://c10.patreonusercontent.com/4/patreon-media/p/media/189692362/3074e4a7ee2c4f81ae9c7fbabf3f78f8/eyJhIjoxLCJpc19hdWRpbyI6MSwicCI6MX0%3D/1.mp3?token-hash=P5GFxrjOVhY0JEiwoYnknlq10-zhgaU6yDAR0w5yVcs%3D&token-time=1784678400,[PREVIEW] Episode 270: Cosa Nostra Part 2,HTTP 403
1474001390,acdbd688101d1ae7,https://c10.patreonusercontent.com/4/patreon-media/p/post/83189716/95fb2d0e2eb24d8da93ab6300f8657c8/eyJhIjoxLCJpc19hdWRpbyI6MSwicCI6MX0%3D/1.mp3?token-hash=eT5vdZm7Gq6D0ccp6DoWEoHgmZVGXhuJFAZ-SPwJggc%3D&token-time=1784678400,"Episode 292: Liar, Liar",HTTP 403
1474001390,2623a39fcf491327,https://c10.patreonusercontent.com/4/patreon-media/p/post/93218567/9a026711b29c4a2c83de490dc76efdae/eyJhIjoxLCJpc19hdWRpbyI6MSwicCI6MX0%3D/1.mp3?token-hash=tNeFKCGCUomI5iikp45Ed5OXOVDX1xtXMOOAzda5l34%3D&token-time=1784678400,Episode 335: JFK 201 (Part 2),HTTP 403
1474001390,b453abe9a127a5b2,https://c10.patreonusercontent.com/4/patreon-media/p/post/106131796/2e5012d5e423403dbb0af5ddaf6c303f/eyJhIjoxLCJpc19hdWRpbyI6MSwicCI6MX0%3D/1.mp3?token-hash=n1j0oqcdShTGGiBYxwKMPn1dkpf4jC_R-REVIJKarqk%3D&token-time=1784678400,Episode 386: Red Line,HTTP 403
1474001390,b09a7156bf0d7de8,https://c10.patreonusercontent.com/4/patreon-media/p/post/115512590/2efcb4dd52df4b6eab5013fe28e9f2b4/eyJhIjoxLCJpc19hdWRpbyI6MSwicCI6MX0%3D/1.mp3?token-hash=2FJBIjGM47PDuWdvQdXfHn3YtludX1M0iXHu-t4y_iI%3D&token-time=1784678400,AMERICA IN FLAMES: ELECTION NIGHT,HTTP 403
1474001390,e719a1b3bd92f0b6,https://c10.patreonusercontent.com/4/patreon-media/p/post/126123592/5934402ccd4045ceae5abb8f9c58a5ca/eyJhIjoxLCJpc19hdWRpbyI6MSwicCI6MX0%3D/1.mp3?token-hash=Ig8yUw6Y8DzMwzdmsG2v_aQXoK7N6146ix36Gns2CKM%3D&token-time=1784678400,Episode 449: October H8THE,HTTP 403
1474001390,f1100d5a132f0715,https://c10.patreonusercontent.com/4/patreon-media/p/post/143572606/3043c710a9694b45b07e1dba71addbac/eyJhIjoxLCJpc19hdWRpbyI6MSwicCI6MX0%3D/1.mp3?token-hash=3Oor8XqTkRTeFUr_NVE58sGCzuT0WZb7fM8qwIVy12A%3D&token-time=1784678400,Episode 502: Red Scare,HTTP 403
1474001390,ef269e09100a76c4,https://c10.patreonusercontent.com/4/patreon-media/p/media/40943676/069153c6fd7b45f7ad9f9581a1d6bcca/eyJhIjoxLCJpc19hdWRpbyI6MSwicCI6MX0%3D/1.mp3?token-hash=QpZWI_IHGrpHDEO0CMb-pvmUrJU2F5Ny9blO8siRe-w%3D&token-time=1784678400,[PREVIEW] SPECIAL EP: MOONPILLED w/ Jade Hoye on Count The Dings,HTTP 403
1474001390,092e1c00c82b10f5,https://c10.patreonusercontent.com/4/patreon-media/p/post/32661058/2d37841c9d7b447f8b8ff4b37665617d/eyJhIjoxLCJpc19hdWRpbyI6MSwicCI6MX0%3D/1.mp3?token-hash=pqxOpKdWXHcew5Mp6qVfus-SceL065qPWLz9aMMIj18%3D&token-time=1784678400,Happy True Year,HTTP 403
1474001390,2498c2ba5ba7fd88,https://c10.patreonusercontent.com/4/patreon-media/p/post/33407306/b21383a4b90a4049917b3411735d2226/eyJhIjoxLCJpc19hdWRpbyI6MSwicCI6MX0%3D/1.mp3?token-hash=uH0Ug6-I12h6fi4J52EHK1UNUuqNxKBu67u2m3obJrk%3D&token-time=1784678400,Episode 38: Demonrats,HTTP 403
1474001390,51455ddeea187162,https://c10.patreonusercontent.com/4/patreon-media/p/post/37688271/b03542b8b0994c5db4feba37242b3a8e/eyJhIjoxLCJpc19hdWRpbyI6MSwicCI6MX0%3D/1.mp3?token-hash=8I184ah_blPjZ_8Evdqdtgf7uK4ZBW9M500nuoQWjiE%3D&token-time=1784678400,Episode 72: Epstein: F*lthy B*tch,HTTP 403
1474001390,ff81346dea7be958,https://c10.patreonusercontent.com/4/patreon-media/p/media/70041515/af5cc913f7b245ea8607e1965dd856b4/eyJhIjoxLCJpc19hdWRpbyI6MSwicCI6MX0%3D/1.mp3?token-hash=YCldRpkW3t8uNaa9dQbLzw9f_wCcEQUSP4qG729BZ6E%3D&token-time=1784678400,[PREVIEW] Episode 81: SCROTUS,HTTP 403
1474001390,a2b37d30bad4a008,https://c10.patreonusercontent.com/4/patreon-media/p/post/42901188/029b3379e92d47a297bd6a7866b4f5b1/eyJhIjoxLCJpc19hdWRpbyI6MSwicCI6MX0%3D/1.mp3?token-hash=Hc8nUzOE159cZPIZ578vkXFXL_iZ0kDJnJ7IcwOIli8%3D&token-time=1784678400,Episode 109: Bolivia: Day of the Soldado,HTTP 403
1474001390,92be2fdcb7fa26e4,https://c10.patreonusercontent.com/4/patreon-media/p/post/45908095/b8ce0169566e49ac89330c853c21f778/eyJhIjoxLCJpc19hdWRpbyI6MSwicCI6MX0%3D/1.mp3?token-hash=PStSlOY5CkuJB42Rq8znRk8-mP0zm_A6Oba65BLS79Q%3D&token-time=1784678400,Episode 127: Nashville Lineman,HTTP 403
1474001390,1c0be0c86808ed42,https://c10.patreonusercontent.com/4/patreon-media/p/media/102362028/23205147d10648d298e08648b2ba2d5c/eyJhIjoxLCJpc19hdWRpbyI6MSwicCI6MX0%3D/1.mp3?token-hash=K0Nom2KrWpNsu7-yoU36bVYWeGqi1bAYhou64MQrq2c%3D&token-time=1784678400,[PREVIEW] Episode 148: Tenet,HTTP 403
1474001390,21855f4961ea2b6a,https://c10.patreonusercontent.com/4/patreon-media/p/post/54685206/db41a93b75894f2380d15179c364c5d3/eyJhIjoxLCJpc19hdWRpbyI6MSwicCI6MX0%3D/1.mp3?token-hash=-hqUfwvkplf41HfNt7W4SaF9OzLZ3bUbzrSARoirLmg%3D&token-time=1784678400,Episode 174: Jestermaxx,HTTP 403
1474001390,c0e92fa7c16dff04,https://c10.patreonusercontent.com/4/patreon-media/p/post/60047131/327024212fca45fba2f2ade5b6edba7f/eyJhIjoxLCJpc19hdWRpbyI6MSwicCI6MX0%3D/1.mp3?token-hash=gkvMcN90lCRkawPdHTAaIyItNk1A26Wp5GJ8y4SryO0%3D&token-time=1784678400,👁️ Ghislaine Maxwell Trial: Day 12 👁️,HTTP 403
1474001390,1d64ddd168a1772e,https://c10.patreonusercontent.com/4/patreon-media/p/post/62219856/b25ded94aa6440f3b1521a5bebefd843/eyJhIjoxLCJpc19hdWRpbyI6MSwicCI6MX0%3D/1.mp3?token-hash=fDa38XrsWGn37HWgNOjDOAC-SDZVDtmGNxZZ603t-E8%3D&token-time=1784678400,Episode 205: Ukraine (with Ames) Part 1,HTTP 403
1474001390,2d92a1d14b0a7699,https://c10.patreonusercontent.com/4/patreon-media/p/media/151934868/dee54188f57d449983d1599d5759c057/eyJhIjoxLCJpc19hdWRpbyI6MSwicCI6MX0%3D/1.mp3?token-hash=Qiye1zChTtrC4HIY0aqMArXDAtk-RBIZptZkBWsvGao%3D&token-time=1784678400,[PREVIEW] Episode 226: Money Moves,HTTP 403
1474001390,25085936196f8457,https://c10.patreonusercontent.com/4/patreon-media/p/post/71563463/c16dc8d4b303494d8b36249bd84b88bd/eyJhIjoxLCJpc19hdWRpbyI6MSwicCI6MX0%3D/1.mp3?token-hash=KU9KYWdnsW0f1Q3pT5fZth1iz889ipqJV-pSw1ysNZw%3D&token-time=1784678400,Episode 248: City Authentic,HTTP 403
1474001390,4768039c133d5cfa,https://c10.patreonusercontent.com/4/patreon-media/p/post/79148794/8962320e0a074164a0024e481faa6fe7/eyJhIjoxLCJpc19hdWRpbyI6MSwicCI6MX0%3D/1.mp3?token-hash=te2L-kI42ZgYrixXuvd4ouoKeTIM73YfZ9hlgd6eL3c%3D&token-time=1784678400,Episode 271: Disney Men,HTTP 403
1654162813,c5532aad7524ac93,https://traffic.megaphone.fm/APO9055620367.mp3,UNBURDENED: Leftist discover the DANGER of Political censorship | Ep 740,HTTP 404
1474001390,5f40d15893840041,https://c10.patreonusercontent.com/4/patreon-media/p/post/85142892/33302953ecb24fb4945817b60a132d80/eyJhIjoxLCJpc19hdWRpbyI6MSwicCI6MX0%3D/1.mp3?token-hash=XEGnzu0xOJ-N8KC4AOd_Vw1znNnpIYDyH4JXn8PilRg%3D&token-time=1784678400,Episode 302: Beautiful Human Submarines,HTTP 403
1474001390,6055a22af624f142,https://c10.patreonusercontent.com/4/patreon-media/p/post/88922610/896aec20aa364dc6b56db5f892e09a1e/eyJhIjoxLCJpc19hdWRpbyI6MSwicCI6MX0%3D/1.mp3?token-hash=vN0lJX5d4qDgx-4GKHU4MMe8IaC3ArdZvAvI_p17-mo%3D&token-time=1784678400,Episode 318: B for Ebola,HTTP 403
1474001390,a1674538161bc916,https://c10.patreonusercontent.com/4/patreon-media/p/media/249127056/bf643253058b4309a3110fabf499504f/eyJhIjoxLCJpc19hdWRpbyI6MSwicCI6MX0%3D/1.mp3?token-hash=iqiiz3WLqQ6GYtLqrUTgWScZ2LIooDfb8lQHRpoSQH0%3D&token-time=1784678400,[PREVIEW] Episode 336: Mr. Mayor Goes to Turkey,HTTP 403
1474001390,e65731669c0700ca,https://c10.patreonusercontent.com/4/patreon-media/p/post/104592531/1cab2006a0c540aabf7e1521e0e4590e/eyJhIjoxLCJpc19hdWRpbyI6MSwicCI6MX0%3D/1.mp3?token-hash=igW6hcQpRuziNyq2ompMYxwD2GqYcORI_Jo5o3jIfmg%3D&token-time=1784678400,Episode 380: Tribunal 1,HTTP 403
1474001390,eb3042b5a885786a,https://c10.patreonusercontent.com/4/patreon-media/p/post/124781098/97c2b36cf5c34a0fac996831fd02d9ea/eyJhIjoxLCJpc19hdWRpbyI6MSwicCI6MX0%3D/1.mp3?token-hash=nz9Sm3D07SxZcKNNObnVOm9yFLdQRm7Rrvdn_87d46c%3D&token-time=1784678400,Episode 445: ICE Age,HTTP 403
1474001390,ec559e9a15fca700,https://c10.patreonusercontent.com/4/patreon-media/p/media/503090739/b95aab7dce334b32968a501b0806f7b7/eyJhIjoxLCJpc19hdWRpbyI6MSwicCI6MX0%3D/1.mp3?token-hash=sQFXfCyBMr1IH74unfqrbrc2F636bcSGPDcA_7fJuZ4%3D&token-time=1784678400,[PREVIEW] Episode 476: Wonderful Secrets,HTTP 403
1474001390,81196747e9a996b1,https://c10.patreonusercontent.com/4/patreon-media/p/post/152859315/ec79195d63794872bfa0fdda2abe622f/eyJhIjoxLCJpc19hdWRpbyI6MSwicCI6MX0%3D/1.mp3?token-hash=AP2kvLnOirKNXMJY27lbxTdRUCPzAzlXRK8Uc2mWOes%3D&token-time=1784678400,Episode 529: Jeffrey's Paris,HTTP 403
1474001390,4ab2b2a43591597f,https://c10.patreonusercontent.com/4/patreon-media/p/media/577368503/ec852e5d03014a54a1f143e8af86575c/eyJhIjoxLCJpc19hdWRpbyI6MSwicCI6MX0%3D/1.mp3?token-hash=RnBCVbnOw8zXOUcag5am0L4Ftf7Wx0kZl54X6bR8l04%3D&token-time=1784678400,[PREVIEW] Episode 507: Pardon Me,HTTP 403
1474001390,b9f3d594181e8940,https://c10.patreonusercontent.com/4/patreon-media/p/media/681817669/89d1bfa69c2441bda79ec08aea365051/eyJhIjoxLCJpc19hdWRpbyI6MSwicCI6MX0%3D/1.mp3?token-hash=6wvnCXOrQUok18cyvkl8yj90UDz68bSgH10QTqTguhI%3D&token-time=1784678400,[PREVIEW] Episode 554: The Caterer Armed,HTTP 403
1474001390,32faa820e8d85007,https://c10.patreonusercontent.com/4/patreon-media/p/post/132857908/6ab874706a7241c983b4dfbaabaf5dbb/eyJhIjoxLCJpc19hdWRpbyI6MSwicCI6MX0%3D/1.mp3?token-hash=--FrHXtpr3IeCGRdKLVdb-34fdhXPEyKgwN70ne1YVs%3D&token-time=1784678400,"Episode 470: Focus, No Distractions, and Grind",HTTP 403
1474001390,d1d8d33cedbfe7b6,https://c10.patreonusercontent.com/4/patreon-media/p/post/103732694/85b54e7e956d4a6495732762cc758544/eyJhIjoxLCJpc19hdWRpbyI6MSwicCI6MX0%3D/1.mp3?token-hash=BHMWYloP745XTlLG8rUfefZfrk3HHzbKc5EbXHbnXjM%3D&token-time=1784678400,Episode 376: Pigs Run Wild,HTTP 403
1474001390,03a60ce87d54bf60,https://c10.patreonusercontent.com/4/patreon-media/p/post/106360325/d32057efbd87479882e899b3d451a839/eyJhIjoxLCJpc19hdWRpbyI6MSwicCI6MX0%3D/1.mp3?token-hash=mk3iaUAya96feGVnhye7-Lh46NUuk_qJ9Gkn3qsvUeM%3D&token-time=1784678400,Episode 387: A/G/I?,HTTP 403
1474001390,e52f939c13877bdf,https://c10.patreonusercontent.com/4/patreon-media/p/post/114178476/bf6b3b62fd2c49d2bd33b27d2fb78878/eyJhIjoxLCJpc19hdWRpbyI6MSwicCI6MX0%3D/1.mp3?token-hash=MkMsVtHhewZUtmVRibvpZ13orbc3-vLzBm_aulzQfdE%3D&token-time=1784678400,Episode 413: Diddy Do It,HTTP 403
1474001390,59e64cb45167fd59,https://c10.patreonusercontent.com/4/patreon-media/p/post/117621574/06af3ffe962849dba740e812ea64a994/eyJhIjoxLCJpc19hdWRpbyI6MSwicCI6MX0%3D/1.mp3?token-hash=0puOLKDByjbJB7wpus5l7k6C_wyYmzAnv3JzjTmezPU%3D&token-time=1784678400,Episode 423: Down in the Gundo,HTTP 403
1474001390,05505c57ab1d3462,https://c10.patreonusercontent.com/4/patreon-media/p/post/128191978/ffe75d23c91447a78bbd36a2a126764c/eyJhIjoxLCJpc19hdWRpbyI6MSwicCI6MX0%3D/1.mp3?token-hash=9kkJvp-0ApP3WI3wiBx47OVQv2YQMDuk4Qg-tTiEp_U%3D&token-time=1784678400,Episode 456: Multilevel Marketing Madness,HTTP 403
1474001390,8959843da06059fa,https://c10.patreonusercontent.com/4/patreon-media/p/media/582619289/61426c19f01e472b94fd671d82affea6/eyJhIjoxLCJpc19hdWRpbyI6MSwicCI6MX0%3D/1.mp3?token-hash=ja2cSioMYLAFvOhD1TwpRlnCCFdFYrlgDI0Gzbpfr1Y%3D&token-time=1784678400,[PREVIEW] Episode 510: Tip Line #10 Ft. Sarah Squirm and Jack Bensinger,HTTP 403
1474001390,c6e9ce18e0a4e627,https://c10.patreonusercontent.com/4/patreon-media/p/post/154506077/a940b662975f406f87a6f83e6b42d0b4/eyJhIjoxLCJpc19hdWRpbyI6MSwicCI6MX0%3D/1.mp3?token-hash=n95SZZY-NP9BIE81g40gLitd0-bHztrh9dbZ8coR7q8%3D&token-time=1784678400,Episode 537: Cost Assessment [PREVIEW],HTTP 403
1474001390,ac319fbd946462ed,https://c10.patreonusercontent.com/4/patreon-media/p/post/90386568/93739547b3004f43b895a182a0570e7f/eyJhIjoxLCJpc19hdWRpbyI6MSwicCI6MX0%3D/1.mp3?token-hash=e5ac8Iez3lwXHkoOfa0yg_kM4bNs84VYvawBY70Os3w%3D&token-time=1784678400,Episode 324: Burn After Reading,HTTP 403
1474001390,f838dd185eaa8226,https://c10.patreonusercontent.com/4/patreon-media/p/post/104161595/2097ef679091486e8ce132ddb1b764d6/eyJhIjoxLCJpc19hdWRpbyI6MSwicCI6MX0%3D/1.mp3?token-hash=KzwDrP91cXzU9m4a9mvzOPvDX_qf1vRSf7Za8o7MpFU%3D&token-time=1784678400,Episode 378: Infinite Money Glitch,HTTP 403
1474001390,f337b8c618635438,https://c10.patreonusercontent.com/4/patreon-media/p/post/118079355/319b7c5bc6d9431b8ea171e956bcbc3e/eyJhIjoxLCJpc19hdWRpbyI6MSwicCI6MX0%3D/1.mp3?token-hash=yE2LHm4UGLU4C8IawmExQGKFXohLxMmJbcTtkLHRLNM%3D&token-time=1784678400,Episode 425: The Blue Light Killer,HTTP 403
1474001390,a815c17b2ed419e8,https://c10.patreonusercontent.com/4/patreon-media/p/post/141880597/5491435c3b794d16b5da9c6c073cce9e/eyJhIjoxLCJpc19hdWRpbyI6MSwicCI6MX0%3D/1.mp3?token-hash=qM7_EFSyMdGjxFVZ60s-ipvTea3gglwoOEHCu_KqesU%3D&token-time=1784678400,Episode 498: Deal Flow Donald,HTTP 403
1474001390,fc4e265ade5d5bc7,https://c10.patreonusercontent.com/4/patreon-media/p/post/131313466/0503d853522a49749566f22e71cb6f5b/eyJhIjoxLCJpc19hdWRpbyI6MSwicCI6MX0%3D/1.mp3?token-hash=NQQUSOZlLwM9HCTDogcVGkKQ3PyN-L9YPkTAA-oS5Rg%3D&token-time=1784678400,Episode 465: 09A — The Eastern Front,HTTP 403
1474001390,797681f4815c1822,https://c10.patreonusercontent.com/4/patreon-media/p/post/149423058/f79bfa60a8cb4cc79ac5a93706e47be3/eyJhIjoxLCJpc19hdWRpbyI6MSwicCI6MX0%3D/1.mp3?token-hash=Wasnz7gKcJgTs3Pe8AsRvQsXff_0ZZwUrpGvU7H25ls%3D&token-time=1784678400,Episode 519: Mask Off,HTTP 403
1474001390,a298bc8ac4ba351d,https://c10.patreonusercontent.com/4/patreon-media/p/media/219445944/ed94f0c7d33849b69f96c4f8b9273c0b/eyJhIjoxLCJpc19hdWRpbyI6MSwicCI6MX0%3D/1.mp3?token-hash=RbVPB7mCmClfeXfUjx_B9q_jv3M7SUq371oCicCWFEc%3D&token-time=1784678400,[PREVIEW] Episode 308: Jeffrey's Palace,HTTP 403
1474001390,6b4b786f85cf9fbf,https://c10.patreonusercontent.com/4/patreon-media/p/post/98527913/d4c22af6c189403f933992e0c85e4272/eyJhIjoxLCJpc19hdWRpbyI6MSwicCI6MX0%3D/1.mp3?token-hash=kO541bBptDQ-_thPBysLbINUYfMYu90Vimxjn5ij9zc%3D&token-time=1784678400,Episode 354: Spit Test,HTTP 403
1474001390,62a82e3e1d4f9f2c,https://c10.patreonusercontent.com/4/patreon-media/p/media/355271262/27885cd2dea8463194f6295465b22de5/eyJhIjoxLCJpc19hdWRpbyI6MSwicCI6MX0%3D/1.mp3?token-hash=tg80b0uT6Eyj8UrPQMjObQXg5nY2p0r8_gVv-By7Aac%3D&token-time=1784678400,[PREVIEW] Episode 406: Raving Violent Ryan,deferred: show blocked for the whole run
1474001390,959b0a6d7741ab92,https://c10.patreonusercontent.com/4/patreon-media/p/post/124348415/9bb7e9b3ec1047d3bf97f9780e59f625/eyJhIjoxLCJpc19hdWRpbyI6MSwicCI6MX0%3D/1.mp3?token-hash=81lFnN-j56PbnpUdRRkmlEb2mLVA8twaMQiXlKsaDYc%3D&token-time=1784678400,Episode 444: WAGMI Baby One More Time,deferred: show blocked for the whole run
1474001390,d7eacc339c76e5e8,https://c10.patreonusercontent.com/4/patreon-media/p/post/134414870/61cdd7146af94692994f9dbe80ad78b9/eyJhIjoxLCJpc19hdWRpbyI6MSwicCI6MX0%3D/1.mp3?token-hash=YRueJ-DiurfPiBiv6rB_-O4aqye5-F6EYGudmy_e2bU%3D&token-time=1784678400,Episode 475: GHF,deferred: show blocked for the whole run
1474001390,f0b1194e2a36339c,https://c10.patreonusercontent.com/4/patreon-media/p/media/631682839/d53c2d599963412797e7d66a3811cfcb/eyJhIjoxLCJpc19hdWRpbyI6MSwicCI6MX0%3D/1.mp3?token-hash=pkpcdeOKD8dKsm2z2sjPcDmCfaqQ-Gzk29P-oMXG9rQ%3D&token-time=1784678400,[PREVIEW] Episode 531: Epstein: The Movies,deferred: show blocked for the whole run
1474001390,1598304414542fc5,https://c10.patreonusercontent.com/4/patreon-media/p/post/99238323/eb3f85f7bc274a668c971d41b3681229/eyJhIjoxLCJpc19hdWRpbyI6MSwicCI6MX0%3D/1.mp3?token-hash=3hoqi-kPebdAqMETBsr7uM7057Rghdq_aRHp0S1AJUw%3D&token-time=1784678400,Episode 357: American Conspiracy: The Octopus Murders: Director’s Cut: Part 1,deferred: show blocked for the whole run
1474001390,f0704327aff1b4fc,https://c10.patreonusercontent.com/4/patreon-media/p/post/118290921/067050ea2fd2440eb0ceb48167f040e2/eyJhIjoxLCJpc19hdWRpbyI6MSwicCI6MX0%3D/1.mp3?token-hash=XvJzrIQDnbzsD1bcXw2Fk_0Rzy2P6r94zrZgGIUe5Jg%3D&token-time=1784678400,Episode 426: Palestine... Legal?,deferred: show blocked for the whole run
1474001390,8d617fe84f2c53a6,https://c10.patreonusercontent.com/4/patreon-media/p/media/476627231/44961fd04ae441cba3eb02a49ba57a18/eyJhIjoxLCJpc19hdWRpbyI6MSwicCI6MX0%3D/1.mp3?token-hash=thrqOC8wa7fkFHBqrprVDlPsn6WxyJ8KpclyTo6sYjo%3D&token-time=1784678400,[PREVIEW] Episode 462: ZORT 3,deferred: show blocked for the whole run
1474001390,7581ef3aea68b328,https://c10.patreonusercontent.com/4/patreon-media/p/post/140822145/077e0ea4cd354646b20b39e8c3cd9fad/eyJhIjoxLCJpc19hdWRpbyI6MSwicCI6MX0%3D/1.mp3?token-hash=enFQs9dmIfhT61kVRkrJkcaf4BIU0GXFN_dsxV0SfKI%3D&token-time=1784678400,Episode 495: Ktz’iot,deferred: show blocked for the whole run
1474001390,a731d3d55684e560,https://c10.patreonusercontent.com/4/patreon-media/p/post/29168187/c6152e37514d42928e9612f16d2c8e3f/eyJhIjoxLCJpc19hdWRpbyI6MSwicCI6MX0%3D/1.wav?token-hash=IEr7ASz7zD35FFDHesMCHLQT1CeoUdxSvHQ530oVCps%3D&token-time=1784678400,You'd Never Guess (Theme From TrueAnon),HTTP 403
1474001390,ce50a7483c1baae9,https://c10.patreonusercontent.com/4/patreon-media/p/post/30874567/8a6026eab8cd4589a6ae5e4d5448962e/eyJhIjoxLCJpc19hdWRpbyI6MSwicCI6MX0%3D/1.mp3?token-hash=lAGlQAezCCqQmwVRuI7S-52L9xUw4CnGxjsDxjfWdL0%3D&token-time=1784678400,EPISODE XIX: RETURN OF THE PISSPIG,HTTP 403
1474001390,56aee2cba7321178,https://c10.patreonusercontent.com/4/patreon-media/p/media/54989892/ddbb79e9aea549e0837e4f54ee6ac7b5/eyJhIjoxLCJpc19hdWRpbyI6MSwicCI6MX0%3D/1.mp3?token-hash=oqN1tj8LU-O128RmXdRngPlBELQcJYimW0jBEpcUqg8%3D&token-time=1784678400,[PREVIEW] Episode 44: Bush Did 9/11 (Part 2),HTTP 403
1474001390,63c13c2f3bdbabfb,https://c10.patreonusercontent.com/4/patreon-media/p/post/35840504/632f3f24fd8a4deb92d786bb6d5f3cc3/eyJhIjoxLCJpc19hdWRpbyI6MSwicCI6MX0%3D/1.mp3?token-hash=8VEqovxTgeeRsUtlJ20sEVhDKlpDjZgn9IRdh_l0ak8%3D&token-time=1784678400,Episode 59: Nth Room,HTTP 403
1474001390,d8c2e263aa62d730,https://c10.patreonusercontent.com/4/patreon-media/p/post/41654257/ea3e65fd70aa4681b9b15b467cba537a/eyJhIjoxLCJpc19hdWRpbyI6MSwicCI6MX0%3D/1.mp3?token-hash=hRSVPEMPTDzY26kn2XYgxhxsROIFIh5GyEksbw5GvPg%3D&token-time=1784678400,Episode 100: Brat Camp,HTTP 403
1474001390,871567f9b7569083,https://c10.patreonusercontent.com/4/patreon-media/p/media/82092530/3a4fcd5c944f4e9984f1ea1824cc06b7/eyJhIjoxLCJpc19hdWRpbyI6MSwicCI6MX0%3D/1.mp3?token-hash=bFAmbm1uMjfIrvjMy_4A3-pjQ0BjUrouuF8yaOEo4aY%3D&token-time=1784678400,"[PREVIEW] Episode 110: They F*ck Doggies, Don't They? Pt. 2",HTTP 403
1654162813,c5532aad7524ac93,https://traffic.megaphone.fm/APO9055620367.mp3,UNBURDENED: Leftist discover the DANGER of Political censorship | Ep 740,HTTP 404
1648125917,57a6ad4b475713b4,https://dts.podtrac.com/redirect.mp3/pscrb.fm/rss/p/traffic.libsyn.com/secure/7220ca77-db77-4b5e-ae13-536dbb84fbd3/TUE_-_Moscow_Concert_Hall_Attack_Were_ISIS_REALLY_Behind_It_-_Stay_Free_3327iyt3.mp3?dest-id=4990875,Moscow Concert Hall Attack – Were ISIS REALLY Behind It? - Stay Free #332,HTTP 500
1648125917,8d372c43fe0d0a7f,https://dts.podtrac.com/redirect.mp3/pscrb.fm/rss/p/traffic.libsyn.com/secure/7220ca77-db77-4b5e-ae13-536dbb84fbd3/THU_-_TikTok_Ban_Trojan_Horse_For_Censorship_-_Rumble_To_BUY_Company_-_Stay_Free_3246fy2n.mp3?dest-id=4990875,"TikTok Ban ""Trojan Horse"" For Censorship - Rumble To BUY Company?! - Stay Free #324",HTTP 500
1785081636,ee5db6179ea76684,https://sphinx.acast.com/p/open/s/675b829492bfc0e8869676aa/e/67c791f8ece4993ac7ee18c7/media.mp3,Trudeau Shames Trump on Trade War,HTTP 404
1474001390,9d0d21bf784bebe4,https://c10.patreonusercontent.com/4/patreon-media/p/post/31127525/7662cfc6a8c142d5a62782accdc25bbf/eyJhIjoxLCJpc19hdWRpbyI6MSwicCI6MX0%3D/1.mp3?token-hash=R6yQ74tV50eQpBb6rqudjSh8jGUoe_ojCMZF35ky0Vg%3D&token-time=1784678400,Episode 21: Djerassi High,HTTP 403
1785081636,45c16257bd5ea642,https://sphinx.acast.com/p/open/s/675b829492bfc0e8869676aa/e/68714019fe0897380eeca605/media.mp3,Trump Humiliated by New Tech,HTTP 404
1474001390,3c4cf9a84a30c794,https://c10.patreonusercontent.com/4/patreon-media/p/post/33139295/1f9d6505247c4e94b0b3b366fe6cae08/eyJhIjoxLCJpc19hdWRpbyI6MSwicCI6MX0%3D/1.mp3?token-hash=LoaSxXypgsWLD4SLkxHEMDBOOicOC12z7hvvDbhRiYc%3D&token-time=1784678400,Episode 35: Baden 2020,HTTP 403
1648125917,81bbabdccab9dbd8,https://dts.podtrac.com/redirect.mp3/pscrb.fm/rss/p/traffic.libsyn.com/secure/7220ca77-db77-4b5e-ae13-536dbb84fbd3/serota_podcast_editas996.mp3?dest-id=4990875,David Sirota (Cancel Culture: Fact or Fiction?),HTTP 500
1785081636,a8cac3bc97051ba4,https://sphinx.acast.com/p/open/s/675b829492bfc0e8869676aa/e/68e983e6f513ad2b8140c44d/media.mp3,Under the Radar with Mary Trump | Shadow Docket,HTTP 404
1474001390,02081157d8422644,https://c10.patreonusercontent.com/4/patreon-media/p/post/37427561/9eb4809268b3412996bb015e17ec4c25/eyJhIjoxLCJpc19hdWRpbyI6MSwicCI6MX0%3D/1.mp3?token-hash=aZTIigdC1zrd5KYsinM1meNfI70heApHcrM7YixCCI4%3D&token-time=1784678400,Episode 70: Azealia,HTTP 403
1785081636,5a50083905fbd57b,https://sphinx.acast.com/p/open/s/675b829492bfc0e8869676aa/e/69c95215b991732771619c3e/media.mp3,"Captain Kirk’s Brutal Choice Saves The Future | ""The City on the Edge of Forever"" (TOS)",HTTP 404
1474001390,c3204dfedaa1dcb8,https://c10.patreonusercontent.com/4/patreon-media/p/post/41476832/191fbc95f9574f1990b97428c2a582f3/eyJhIjoxLCJpc19hdWRpbyI6MSwicCI6MX0%3D/1.mp3?token-hash=1Tc4E-L_ymfo2jXXKCNdvy0R0_pwgt7A_gQsy4mY9sU%3D&token-time=1784678400,[9/11 Week] Episode 98: Bush Did 9/11 (Part 4),HTTP 403
1474001390,8e9b740b94e5dab6,https://c10.patreonusercontent.com/4/patreon-media/p/post/43438362/cba51db462194b6a933848cfd005e8aa/eyJhIjoxLCJpc19hdWRpbyI6MSwicCI6MX0%3D/1.mp3?token-hash=aw9fy0kU0SrN_hmANIw3-YGM61r6OdqFoq8Z6qNTEeQ%3D&token-time=1784678400,Episode 114: Vote True No Matter Who,HTTP 403
1474001390,597c65e51be27e09,https://c10.patreonusercontent.com/4/patreon-media/p/post/48353973/333708ea17d64797901d4e3e9c5a0a6e/eyJhIjoxLCJpc19hdWRpbyI6MSwicCI6MX0%3D/1.mp3?token-hash=Uz1QJ1KjYDvmxXtfdUZT3JIBDLOMSJ49P0bSCCFJEho%3D&token-time=1784678400,Episode 141: Snitch City,HTTP 403
1474001390,0f6750c3685d4899,https://c10.patreonusercontent.com/4/patreon-media/p/media/104048947/ff9468e185a84f2c8e0286d719e4a4d9/eyJhIjoxLCJpc19hdWRpbyI6MSwicCI6MX0%3D/1.mp3?token-hash=84QrwmC-Fe0UO49YV4-dQ15ITRmKjl4lBv--76uRSzI%3D&token-time=1784678400,[PREVIEW] Episode 152: Hwang's World,HTTP 403
1474001390,a6a96b06570d518b,https://c10.patreonusercontent.com/4/patreon-media/p/post/55805644/1901de6c792c43ddb85dc2cb63d670e1/eyJhIjoxLCJpc19hdWRpbyI6MSwicCI6MX0%3D/1.mp3?token-hash=pOKZlLF5sPI5aj8gyPF1cwjZse-_uXeSoBlBwwmvjDQ%3D&token-time=1784678400,Episode 182: Sirhan Sirhan,HTTP 403
1474001390,63c13c2f3bdbabfb,https://c10.patreonusercontent.com/4/patreon-media/p/post/35840504/632f3f24fd8a4deb92d786bb6d5f3cc3/eyJhIjoxLCJpc19hdWRpbyI6MSwicCI6MX0%3D/1.mp3?token-hash=8VEqovxTgeeRsUtlJ20sEVhDKlpDjZgn9IRdh_l0ak8%3D&token-time=1784678400,Episode 59: Nth Room,HTTP 403
1474001390,871567f9b7569083,https://c10.patreonusercontent.com/4/patreon-media/p/media/82092530/3a4fcd5c944f4e9984f1ea1824cc06b7/eyJhIjoxLCJpc19hdWRpbyI6MSwicCI6MX0%3D/1.mp3?token-hash=bFAmbm1uMjfIrvjMy_4A3-pjQ0BjUrouuF8yaOEo4aY%3D&token-time=1784678400,"[PREVIEW] Episode 110: They F*ck Doggies, Don't They? Pt. 2",HTTP 403
1474001390,56aee2cba7321178,https://c10.patreonusercontent.com/4/patreon-media/p/media/54989892/ddbb79e9aea549e0837e4f54ee6ac7b5/eyJhIjoxLCJpc19hdWRpbyI6MSwicCI6MX0%3D/1.mp3?token-hash=oqN1tj8LU-O128RmXdRngPlBELQcJYimW0jBEpcUqg8%3D&token-time=1784678400,[PREVIEW] Episode 44: Bush Did 9/11 (Part 2),HTTP 403
1474001390,a731d3d55684e560,https://c10.patreonusercontent.com/4/patreon-media/p/post/29168187/c6152e37514d42928e9612f16d2c8e3f/eyJhIjoxLCJpc19hdWRpbyI6MSwicCI6MX0%3D/1.wav?token-hash=IEr7ASz7zD35FFDHesMCHLQT1CeoUdxSvHQ530oVCps%3D&token-time=1784678400,You'd Never Guess (Theme From TrueAnon),HTTP 403
1474001390,ce50a7483c1baae9,https://c10.patreonusercontent.com/4/patreon-media/p/post/30874567/8a6026eab8cd4589a6ae5e4d5448962e/eyJhIjoxLCJpc19hdWRpbyI6MSwicCI6MX0%3D/1.mp3?token-hash=lAGlQAezCCqQmwVRuI7S-52L9xUw4CnGxjsDxjfWdL0%3D&token-time=1784678400,EPISODE XIX: RETURN OF THE PISSPIG,HTTP 403
1785081636,ee5db6179ea76684,https://sphinx.acast.com/p/open/s/675b829492bfc0e8869676aa/e/67c791f8ece4993ac7ee18c7/media.mp3,Trudeau Shames Trump on Trade War,HTTP 404
1474001390,d8c2e263aa62d730,https://c10.patreonusercontent.com/4/patreon-media/p/post/41654257/ea3e65fd70aa4681b9b15b467cba537a/eyJhIjoxLCJpc19hdWRpbyI6MSwicCI6MX0%3D/1.mp3?token-hash=hRSVPEMPTDzY26kn2XYgxhxsROIFIh5GyEksbw5GvPg%3D&token-time=1784678400,Episode 100: Brat Camp,HTTP 403
1785081636,45c16257bd5ea642,https://sphinx.acast.com/p/open/s/675b829492bfc0e8869676aa/e/68714019fe0897380eeca605/media.mp3,Trump Humiliated by New Tech,HTTP 404
1474001390,b5248ef35cdabde4,https://c10.patreonusercontent.com/4/patreon-media/p/post/48874983/1e5a35424ddf40b381c7ee23c040d4ab/eyJhIjoxLCJpc19hdWRpbyI6MSwicCI6MX0%3D/1.mp3?token-hash=VAyjWnQJH8RbZba-rnXT1a90L-eFjUDxtUk8B0DUT8A%3D&token-time=1784678400,Episode 145: New F*ckin TrueAnon,HTTP 403
1785081636,a8cac3bc97051ba4,https://sphinx.acast.com/p/open/s/675b829492bfc0e8869676aa/e/68e983e6f513ad2b8140c44d/media.mp3,Under the Radar with Mary Trump | Shadow Docket,HTTP 404
1785081636,5a50083905fbd57b,https://sphinx.acast.com/p/open/s/675b829492bfc0e8869676aa/e/69c95215b991732771619c3e/media.mp3,"Captain Kirk’s Brutal Choice Saves The Future | ""The City on the Edge of Forever"" (TOS)",HTTP 404
1654162813,c5532aad7524ac93,https://traffic.megaphone.fm/APO9055620367.mp3,UNBURDENED: Leftist discover the DANGER of Political censorship | Ep 740,HTTP 404
1648125917,57a6ad4b475713b4,https://dts.podtrac.com/redirect.mp3/pscrb.fm/rss/p/traffic.libsyn.com/secure/7220ca77-db77-4b5e-ae13-536dbb84fbd3/TUE_-_Moscow_Concert_Hall_Attack_Were_ISIS_REALLY_Behind_It_-_Stay_Free_3327iyt3.mp3?dest-id=4990875,Moscow Concert Hall Attack – Were ISIS REALLY Behind It? - Stay Free #332,HTTP 500
1648125917,8d372c43fe0d0a7f,https://dts.podtrac.com/redirect.mp3/pscrb.fm/rss/p/traffic.libsyn.com/secure/7220ca77-db77-4b5e-ae13-536dbb84fbd3/THU_-_TikTok_Ban_Trojan_Horse_For_Censorship_-_Rumble_To_BUY_Company_-_Stay_Free_3246fy2n.mp3?dest-id=4990875,"TikTok Ban ""Trojan Horse"" For Censorship - Rumble To BUY Company?! - Stay Free #324",HTTP 500
1648125917,81bbabdccab9dbd8,https://dts.podtrac.com/redirect.mp3/pscrb.fm/rss/p/traffic.libsyn.com/secure/7220ca77-db77-4b5e-ae13-536dbb84fbd3/serota_podcast_editas996.mp3?dest-id=4990875,David Sirota (Cancel Culture: Fact or Fiction?),HTTP 500
1474001390,7e3d466ae362b670,https://c10.patreonusercontent.com/4/patreon-media/p/post/61981301/ff3b29b9d13548fa893a0f05aae534a6/eyJhIjoxLCJpc19hdWRpbyI6MSwicCI6MX0%3D/1.mp3?token-hash=TX8wf52Sl38aHLnY584Kq-FirpWGKHiYH1PheCB1w0o%3D&token-time=1784678400,Keep the Dream Alive Part 1: The Dream Is Over,HTTP 403
1474001390,f6e22bb73fb21d66,https://c10.patreonusercontent.com/4/patreon-media/p/post/64555354/137680c4fa2240bc967e4b56c4e20fce/eyJhIjoxLCJpc19hdWRpbyI6MSwicCI6MX0%3D/1.mp3?token-hash=Qo7zYqBU1Tedqr9Dm1R1-MH1HZeThzbD3JMWdeIHbqA%3D&token-time=1784678400,Episode 218: AOC,HTTP 403
1474001390,a811b72cbaf22120,https://c10.patreonusercontent.com/4/patreon-media/p/post/72478684/88e73349077b47739aa81a75f78b42ba/eyJhIjoxLCJpc19hdWRpbyI6MSwicCI6MX0%3D/1.mp3?token-hash=TaiZS461ZVQZz-c1deeebrpj_xqG72e8plsBIdvPvKs%3D&token-time=1784678400,The Game Part 1: Dopefiend,HTTP 403
1474001390,cf733f8dcb6c2651,https://c10.patreonusercontent.com/4/patreon-media/p/post/80613258/59fa1fada2a24947b470ede5ec296cbe/eyJhIjoxLCJpc19hdWRpbyI6MSwicCI6MX0%3D/1.mp3?token-hash=eD4c1u_6gy1DL40sJveWzQYkQjXYPNp-30HnyO9S7Os%3D&token-time=1784678400,Episode 279: Welcome to the Machine (Taylor's Version),HTTP 403
1474001390,170cbef71787a526,https://c10.patreonusercontent.com/4/patreon-media/p/post/81692584/ee923f42916444479865a4555736d499/eyJhIjoxLCJpc19hdWRpbyI6MSwicCI6MX0%3D/1.mp3?token-hash=x_02frr7fdUrIgcbBuLi629syzW-zqf-fWg641AnUuE%3D&token-time=1784678400,Episode 284: Falun Gong Part 2: Qigong Fever,HTTP 403
1474001390,41237727d09bdcc9,https://c10.patreonusercontent.com/4/patreon-media/p/media/221722525/5da690125aae4b35b47e6a8caee150ff/eyJhIjoxLCJpc19hdWRpbyI6MSwicCI6MX0%3D/1.mp3?token-hash=WbASAlWrcCWq-S5YZKauueoNFLpDdYGXZ5WU1acAjWY%3D&token-time=1784678400,[PREVIEW] Episode 311: Actuarial Nightmares,HTTP 403
1474001390,1476cf0e9859a16f,https://c10.patreonusercontent.com/4/patreon-media/p/media/241132613/b63c039431e14e4ea30df8066e2cf1b3/eyJhIjoxLCJpc19hdWRpbyI6MSwicCI6MX0%3D/1.mp3?token-hash=Z0XHrdYS9k2My-y9iId96GaQw_PWbkB0i2DuMDrD11c%3D&token-time=1784678400,[PREVIEW] Episode 328: Kiss of the Rat (Part 1),HTTP 403
1474001390,47d50c84d1caa382,https://c10.patreonusercontent.com/4/patreon-media/p/post/95854290/0e034c1a6be44b24b0044f0352e49743/eyJhIjoxLCJpc19hdWRpbyI6MSwicCI6MX0%3D/1.mp3?token-hash=LgbLNMYAnsyGEOY7ErUE3zaBVR_QCatF_6tZPhYblc0%3D&token-time=1784678400,Episode 344: The Labour Files,HTTP 403
1474001390,0874c6fd113ade06,https://c10.patreonusercontent.com/4/patreon-media/p/media/314306220/c2de67a6a2984dcdbb9dcb14abe15dad/eyJhIjoxLCJpc19hdWRpbyI6MSwicCI6MX0%3D/1.mp3?token-hash=_JLJ1XeEy28WIqkisIRoGNqSMPq_4Vud3TxPiTyx8SI%3D&token-time=1784678400,[PREVIEW] Episode 383: Fun Pump,HTTP 403
1474001390,02bcf06896edd478,https://c10.patreonusercontent.com/4/patreon-media/p/post/116237107/7a26ef729b1d4d7a82e98b89f87211b2/eyJhIjoxLCJpc19hdWRpbyI6MSwicCI6MX0%3D/1.mp3?token-hash=e9qWitiQ-Tjx6H1EV6wA-bkXguoQcBdO15w9jNJTYo0%3D&token-time=1784678400,Episode 419: Afghan Dope,HTTP 403
1474001390,ef65107400253291,https://c10.patreonusercontent.com/4/patreon-media/p/post/119616531/c9b91aee3072481cb8594a8d67e00a3a/eyJhIjoxLCJpc19hdWRpbyI6MSwicCI6MX0%3D/1.mp3?token-hash=IS2ytTSXHsIXsUZWL6bN-2KeNqMSrezMHk4MLsDjJyc%3D&token-time=1784678400,Episode 428: Leaving Las Vegas: Port of Call New Orleans,HTTP 403
1474001390,a95dbdaa167f286e,https://c10.patreonusercontent.com/4/patreon-media/p/post/145902900/f6f25722535d4157bea04c0904d45e3c/eyJhIjoxLCJpc19hdWRpbyI6MSwicCI6MX0%3D/1.mp3?token-hash=8ODUhC9fFdfpeuF-9J9qCQ9c7G0lN-Ieidu0F6KRpXw%3D&token-time=1784678400,Episode 509: Jeffrey's BBB,HTTP 403
1474001390,90e0e8939254d207,https://c10.patreonusercontent.com/4/patreon-media/p/media/626313577/97f3c5d4a6a64df4b70a8048f037234c/eyJhIjoxLCJpc19hdWRpbyI6MSwicCI6MX0%3D/1.mp3?token-hash=Hqi8zVxBBnaX7yfoRO21ixEORRU7cjw6hwl9Gb1dEf8%3D&token-time=1784678400,[PREVIEW] Episode 528: NYPD Blues,HTTP 403
1474001390,05567bf7ebb9cc3b,https://c10.patreonusercontent.com/4/patreon-media/p/post/155766803/40e550bcebdb4ad48337d85ac810f632/eyJhIjoxLCJpc19hdWRpbyI6MSwicCI6MX0%3D/1.mp3?token-hash=K3Qg_jEipEumxFLkBdU_OPqYMCS8sk9agZad30h4_C0%3D&token-time=1784678400,Episode 540: Why Combinator?,HTTP 403
1474001390,e4cb8bb09e54fdf2,https://c10.patreonusercontent.com/4/patreon-media/p/post/29185034/ffd0cf8b39a544cb9d1ca7cea172c4d0/eyJhIjoxLCJpc19hdWRpbyI6MSwicCI6MX0%3D/1.mp3?token-hash=r7BTiPnWmd01uzKaUHoCAucDk2WEoOuzlgZfDyNqSmQ%3D&token-time=1784678400,Episode 5: Forever Freaky Friday,HTTP 403
1785081636,9ad1e588c2f3a8d5,https://sphinx.acast.com/p/open/s/675b829492bfc0e8869676aa/e/6774b473c82b0a6413aa62b8/media.mp3,What a Year,HTTP 404
1474001390,89a8724479c82cde,https://c10.patreonusercontent.com/4/patreon-media/p/post/31606701/da4c7a8c91eb4cf4964539ae947eb91b/eyJhIjoxLCJpc19hdWRpbyI6MSwicCI6MX0%3D/1.mp3?token-hash=fsCzsNXwgf1VfiNI4C8dJfaA81XQqAd1xKftvArvyHU%3D&token-time=1784678400,Episode 25: True and A,HTTP 403
1785081636,5980633f02b7ce8e,https://sphinx.acast.com/p/open/s/675b829492bfc0e8869676aa/e/681e7bbb986466935d07ba04/media.mp3,Donald’s Tariffs Makes Motherhood Harder,HTTP 404
1474001390,6c07c516ecc1014d,https://c10.patreonusercontent.com/4/patreon-media/p/post/34155864/85f879b85816496cb4db439601df6c25/eyJhIjoxLCJpc19hdWRpbyI6MSwicCI6MX0%3D/1.mp3?token-hash=0K4zJE-JO1N-NiRT1b2tL3ELwsvSbu9_10_VFVnbOPE%3D&token-time=1784678400,Episode 43: Bush Did 9/11 (Part 1),HTTP 403
1785081636,9b9ba16447075bac,https://sphinx.acast.com/p/open/s/675b829492bfc0e8869676aa/e/690ffdeec1ed8717c53321c2/media.mp3,Mary Trump Takes the Montreal Cognitive Assessment,HTTP 404
1474001390,3d57a8ce994ccc55,https://c10.patreonusercontent.com/4/patreon-media/p/media/67504999/6c646a5a0eec46d59f96d75244b18d8a/eyJhIjoxLCJpc19hdWRpbyI6MSwicCI6MX0%3D/1.mp3?token-hash=DS4IC-Rh1--acoVbfnZAmNqPOjmc6tVRuA48trr8O1M%3D&token-time=1784678400,[PREVIEW] Episode 75: The Lobby,HTTP 403
1785081636,5965884762dcdd25,https://sphinx.acast.com/p/open/s/675b829492bfc0e8869676aa/e/69ee3c740b4baf3bf223f3f8/media.mp3,"Klingons Arrive as Peace IMPLODES | ""Errand of Mercy"" (TOS)",HTTP 404
1474001390,447c0a8601e895c5,https://c10.patreonusercontent.com/4/patreon-media/p/media/72206459/335bd3e3f845433fb1654e3b887fb789/eyJhIjoxLCJpc19hdWRpbyI6MSwicCI6MX0%3D/1.mp3?token-hash=l5R8rVcGoySQrPLPs_l6V0eZlN8YvUKo55P08P_bwp8%3D&token-time=1784678400,[PREVIEW] Episode 87: The Permanent Uncle and His Colony of Righteousness (Part 2),HTTP 403
1785081636,9e1542cc482c2b4d,https://sphinx.acast.com/p/open/s/675b829492bfc0e8869676aa/e/6a52f0b0e31e37bb56e9dda7/media.mp3,"Spock Risks EVERYTHING for Captain Pike | ""The Menagerie Part II"" (TOS)",HTTP 404
1474001390,beda584663950723,https://c10.patreonusercontent.com/4/patreon-media/p/media/80989843/a619f825ea0f473c906031d49f6cc511/eyJhIjoxLCJpc19hdWRpbyI6MSwicCI6MX0%3D/1.mp3?token-hash=WPj62uEa0mT-pUdK26p_0wOHRt5NfFPtytNI9hi1hWU%3D&token-time=1784678400,[PREVIEW] Episode 107: The Dork Enlightenment,HTTP 403
1474001390,5dc94eeda423316a,https://c10.patreonusercontent.com/4/patreon-media/p/media/92297867/9637d40d04294f44a4aa43476de5d8b6/eyJhIjoxLCJpc19hdWRpbyI6MSwicCI6MX0%3D/1.mp3?token-hash=1hDC3T8DaOq0qqyhsWYgPtviwc2gwz-em_Wb_ewCZj0%3D&token-time=1784678400,[PREVIEW] Episode 130: This Year's Model,HTTP 403
1474001390,016a9735e0321502,https://c10.patreonusercontent.com/4/patreon-media/p/post/49771081/e3c7ae87b4f241f2ba264b8b552a08fe/eyJhIjoxLCJpc19hdWRpbyI6MSwicCI6MX0%3D/1.mp3?token-hash=UgQVQiAa0uNmjZITJDgmdvpswzxKTBhm2SwSUE9fayw%3D&token-time=1784678400,Episode 149: BenGaetzi,HTTP 403
1474001390,e7bf7018cf90e067,https://c10.patreonusercontent.com/4/patreon-media/p/post/56365428/c5b073d2433a47c39edf7794364cbd9b/eyJhIjoxLCJpc19hdWRpbyI6MSwicCI6MX0%3D/1.mp3?token-hash=1eZycUjt9b4WRgaTa4lGi7J5DHVKaxv-2EuLMjsZpi4%3D&token-time=1784678400,Episode 185: Randy Andy Runaway Dandy,HTTP 403
1474001390,82b2030d568a9b77,https://c10.patreonusercontent.com/4/patreon-media/p/post/59611107/2d674986c7894f878f3b5b1b62e17836/eyJhIjoxLCJpc19hdWRpbyI6MSwicCI6MX0%3D/1.mp3?token-hash=kDYcz-GFOuxxPzbQmPhuH7wJTeYLEIcZpacQLjrWcTA%3D&token-time=1784678400,👁️ Ghislaine Maxwell Trial: Day 6 👁️,HTTP 403
1535255041,c6101a843cf608af,https://traffic.omny.fm/d/clips/ed1c4567-4a2a-4d8b-862f-ab600003d530/e8f9d9b7-b747-4bb4-bc50-ac4f010d726b/b7356139-340c-45ff-99e2-b04201622606/audio.mp3?utm_source=Podcast&in_playlist=bdc5ba7b-7fd4-4566-9839-ac4f01122991,Show Notes Part Two [Unf*cking Flashback: The Assange Problem.],HTTP 403
1474001390,b144ac91880a177b,https://c10.patreonusercontent.com/4/patreon-media/p/post/63564829/719d75918b474758914506bc9dd481cc/eyJhIjoxLCJpc19hdWRpbyI6MSwicCI6MX0%3D/1.mp3?token-hash=DT4bYjRQQEFJDjGCxAZIKegwUfxdSRlof5mjV49_too%3D&token-time=1784678400,Episode 212: NATO (Part 1),HTTP 403
1474001390,aedbbd840c98fdc0,https://c10.patreonusercontent.com/4/patreon-media/p/post/67716617/5324223cc67841938feed37a4a219ae8/eyJhIjoxLCJpc19hdWRpbyI6MSwicCI6MX0%3D/1.mp3?token-hash=LXUitlIIfeIiclIE8xenBH48ezw--CbFlmkqXzixavw%3D&token-time=1784678400,Episode 232: Soak Lake City,HTTP 403
1474001390,811fc3cbef12056c,https://c10.patreonusercontent.com/4/patreon-media/p/media/162720708/33370c4678a2402e9d84cd480d1ddfe6/eyJhIjoxLCJpc19hdWRpbyI6MSwicCI6MX0%3D/1.mp3?token-hash=apCrkaojGiMgS5aSamNdRWxokXoN5jnKGHtUvvFUdLg%3D&token-time=1784678400,[PREVIEW] Episode 243: Anatomy of a Conspiracy,HTTP 403
1474001390,2de8a243d8ad55d7,https://c10.patreonusercontent.com/4/patreon-media/p/media/185730107/2d7b9ad65bb34984b4d4709cd44ce542/eyJhIjoxLCJpc19hdWRpbyI6MSwicCI6MX0%3D/1.mp3?token-hash=4iVDDlkoqlMYdl5ksrd0jRC6BkZ31pmztq1VXZjsTDk%3D&token-time=1784678400,[PREVIEW] Episode 266: The Yassification of Kyle Richards by the Coward Doctor Diamond,HTTP 403
1474001390,23b5d60a926d6aa2,https://c10.patreonusercontent.com/4/patreon-media/p/post/82848908/09ef3f74db3a4492b42ef7ffb09b70ff/eyJhIjoxLCJpc19hdWRpbyI6MSwicCI6MX0%3D/1.mp3?token-hash=ZdzaU9yMIDKorG1YYIbVesmYfEzbJ4d6S2bVssEX4CA%3D&token-time=1784678400,Episode 290: The Beast,HTTP 403
1474001390,c76587c094977aaf,https://c10.patreonusercontent.com/4/patreon-media/p/post/86740658/8a08220188a142e4b0b19ee6e94ac6b3/eyJhIjoxLCJpc19hdWRpbyI6MSwicCI6MX0%3D/1.mp3?token-hash=D_1vFuIF83czbALItkJxeZaf15Wg7ZxtZuJEBd58qiI%3D&token-time=1784678400,Episode 307: Lite Power,HTTP 403
1474001390,db2d44e01fb3d659,https://c10.patreonusercontent.com/4/patreon-media/p/post/90855436/efd01b2558d1481088ccc5fdbacecadf/eyJhIjoxLCJpc19hdWRpbyI6MSwicCI6MX0%3D/1.mp3?token-hash=zlbcZe4VumwWGLAL0DvnnlqYSi027DW9n4nrXzHnCeU%3D&token-time=1784678400,UPDATED: Episode 75: The Lobby,HTTP 403
1474001390,2652c3c84f615d0c,https://c10.patreonusercontent.com/4/patreon-media/p/post/97639328/d54019fc6c3a4ff693a26d5bd3dac045/eyJhIjoxLCJpc19hdWRpbyI6MSwicCI6MX0%3D/1.mp3?token-hash=5er-mdLdJ1rzaHyqwF6ieQUX_3QbZwej-WLV5Hp0MPI%3D&token-time=1784678400,Episode 350: The New York Crimes,HTTP 403
1474001390,d106920d23ff785e,https://c10.patreonusercontent.com/4/patreon-media/p/post/106988794/3de858a669d745b0a36842ed97520b46/eyJhIjoxLCJpc19hdWRpbyI6MSwicCI6MX0%3D/1.mp3?token-hash=QGDpWvmX6Z-AQg68sAJk7YVvgHhle0Ap1w6T1KHjHhM%3D&token-time=1784678400,Episode 389: Muppets take MAGA,HTTP 403
1474001390,2fdc42744131185a,https://c10.patreonusercontent.com/4/patreon-media/p/post/107242915/b65ee9f26b09447db9b6c6e74f6e6e6a/eyJhIjoxLCJpc19hdWRpbyI6MSwicCI6MX0%3D/1.mp3?token-hash=NiI2bhd3-JrEZ14YxfThCYBff-aswiyZI17dASEl_QA%3D&token-time=1784678400,Biden Brain Melt,HTTP 403
1474001390,48173c54f6161d66,https://c10.patreonusercontent.com/4/patreon-media/p/post/131893944/ab9367710d2e40d796b127f826c3bb6b/eyJhIjoxLCJpc19hdWRpbyI6MSwicCI6MX0%3D/1.mp3?token-hash=7_A0YFbmtv8gfkr8cEhYO1_Zx2ZmkobmhrmyFTkKddM%3D&token-time=1784678400,Episode 467: Cuomo & Epstein: Island Boys,HTTP 403
1474001390,6c0fe7a5bafdbd46,https://c10.patreonusercontent.com/4/patreon-media/p/media/505337113/b512115450274de3bde7abf3ef087bfc/eyJhIjoxLCJpc19hdWRpbyI6MSwicCI6MX0%3D/1.mp3?token-hash=DWHpBzepTl7_0XB828hxEospdT8z5NUt4OPha2181q0%3D&token-time=1784678400,[PREVIEW] UNLOCKED: Episode 455: MAHAmaniacs,HTTP 403
1474001390,fa2a96d2390d2272,https://c10.patreonusercontent.com/4/patreon-media/p/post/150662644/e8cd17ffce1d4390bcc63601c4f5aa38/eyJhIjoxLCJpc19hdWRpbyI6MSwicCI6MX0%3D/1.mp3?token-hash=-1ywdyK3lMt9wFfHnUMHX9h79kqZoVhi9YLyTibO4lE%3D&token-time=1784678400,Episode 522: Fool Me Nonce,HTTP 403
1474001390,92453048a46975c3,https://c10.patreonusercontent.com/4/patreon-media/p/post/162148905/1fbddbff70af4780b9209c8bc90aa3ec/eyJhIjoxLCJpc19hdWRpbyI6MSwicCI6MX0%3D/1.mp3?token-hash=DVfLICjXASR7c-LXSvJT3mK5J8NX2XLA2HZLa0_HjOI%3D&token-time=1784678400,Episode 557: The Spirit of St. Louis,HTTP 403
1456850698,eab06eb6e6bef47d,https://dts.podtrac.com/redirect.mp3/pscrb.fm/rss/p/traffic.libsyn.com/secure/7e7f2804-35d4-43c9-9fba-7a52000d8033/GAM6419647322.mp3?dest-id=5137640,They HATE You And They Are NOT Trying To Hide IT!,HTTP 500
1314170606,ad2833801dc2d027,https://dts.podtrac.com/redirect.mp3/pdst.fm/e/injector.simplecastaudio.com/24c4a3b6-ddfb-4d0f-8ec1-c3b138ade05b/episodes/8a1a1162-12c8-4721-a9c8-5dbbc1da20e9/audio/128/default.mp3?aid=rss_feed&awCollectionId=24c4a3b6-ddfb-4d0f-8ec1-c3b138ade05b&awEpisodeId=8a1a1162-12c8-4721-a9c8-5dbbc1da20e9&feed=K5Wu8vub,‘It’s time’: Elizabeth Warren calls on Noem to resign after Padilla incident,"ConnectionError: ('Connection aborted.', RemoteDisconnected('Remote end closed connection without response'))"
1314368109,8c40f92645e0604a,https://dts.podtrac.com/redirect.mp3/pdst.fm/e/injector.simplecastaudio.com/818c79ea-ecbd-49ef-9118-fb6e70249747/episodes/10d3d8fa-967b-42e0-a331-5adfe9ee67d1/audio/128/default.mp3?aid=rss_feed&awCollectionId=818c79ea-ecbd-49ef-9118-fb6e70249747&awEpisodeId=10d3d8fa-967b-42e0-a331-5adfe9ee67d1&feed=0j_7K9RB,"White House gives Nvidia the green light to sell more powerful AI chips to China, rolling back years of policy",HTTP 504
1364113251,7a1264c9820323da,https://dts.podtrac.com/redirect.mp3/pdst.fm/e/injector.simplecastaudio.com/d41147e2-9082-47cd-909a-165d88b1e209/episodes/c7348a91-5fe5-4398-b5e9-924d71c9105f/audio/128/default.mp3?aid=rss_feed&awCollectionId=d41147e2-9082-47cd-909a-165d88b1e209&awEpisodeId=c7348a91-5fe5-4398-b5e9-924d71c9105f&feed=TA5rXVG0,BONUS: Ari Melber on the Mueller probe: The system worked,HTTP 504
1367201919,c6bd9324ac21eb1c,https://dts.podtrac.com/redirect.mp3/pdst.fm/e/injector.simplecastaudio.com/3dc76520-8dd4-4ae8-933b-91b9b80b2932/episodes/83abe87a-546a-45e9-af51-09b65498bdd2/audio/128/default.mp3?aid=rss_feed&awCollectionId=3dc76520-8dd4-4ae8-933b-91b9b80b2932&awEpisodeId=83abe87a-546a-45e9-af51-09b65498bdd2&feed=iDG4OTeq,“Search for answers and accountability”,HTTP 504
1474001390,5e6a1969280cb9f1,https://c10.patreonusercontent.com/4/patreon-media/p/post/30305171/eaafed61408946aabd39d51846f1e20d/eyJhIjoxLCJpc19hdWRpbyI6MSwicCI6MX0%3D/1.mp3?token-hash=0xYXEl9kyYQdBtQdENe-To3gZ3dj5yucNjX43C5Fsno%3D&token-time=1784678400,Episode 14: Sicko Mode,HTTP 403
1785081636,457c3b9925250dcb,https://sphinx.acast.com/p/open/s/675b829492bfc0e8869676aa/e/679ab7491542fb67e737998e/media.mp3,Donald Trumps Distraction Tactics,HTTP 404
1474001390,14cc7dd58a0e251d,https://c10.patreonusercontent.com/4/patreon-media/p/post/30769618/6f89350888874a56821f9f0bc273e6d5/eyJhIjoxLCJpc19hdWRpbyI6MSwicCI6MX0%3D/1.mp3?token-hash=NFjSWU6xqCGN1P1O2OOms4R4IOVc5BLFNlVSmn3fVjQ%3D&token-time=1784678400,Episode 18: DARPA Marx,HTTP 403
1785081636,c96d8a602a431fba,https://sphinx.acast.com/p/open/s/675b829492bfc0e8869676aa/e/68436cfc1dd9d3b33fc0442f/media.mp3,Mary Shares Stories of Recent Travels,HTTP 404
1865794721,b4f94173359e2621,https://content.rss.com/episodes/372863/2926897/real-baron-podcast/2026_06_19_04_55_10_b888ea74-ad68-4baf-9587-55925e9758ec.mp3,Did TPUSA Bug a Government Website??? And Others?- Ep 130,HTTP 404
1474001390,9cf22c549ca58f5b,https://c10.patreonusercontent.com/4/patreon-media/p/post/33664132/c9dca819895c45948cfbfd4e726160d0/eyJhIjoxLCJpc19hdWRpbyI6MSwicCI6MX0%3D/1.mp3?token-hash=PeG-mkfaDavGo0jzcVOsg5BOu-4M7g6ivctdUJqvabY%3D&token-time=1784678400,Episode 39: Based and Fedpilled,HTTP 403
1785081636,bdf5d97f57584722,https://sphinx.acast.com/p/open/s/675b829492bfc0e8869676aa/e/68a8efc4718453410e7746e3/media.mp3,Mary Highlights Dems Deafening Silence,HTTP 404
1474001390,a731d3d55684e560,https://c10.patreonusercontent.com/4/patreon-media/p/post/29168187/c6152e37514d42928e9612f16d2c8e3f/eyJhIjoxLCJpc19hdWRpbyI6MSwicCI6MX0%3D/1.wav?token-hash=IEr7ASz7zD35FFDHesMCHLQT1CeoUdxSvHQ530oVCps%3D&token-time=1784678400,You'd Never Guess (Theme From TrueAnon),HTTP 403
1474001390,63c13c2f3bdbabfb,https://c10.patreonusercontent.com/4/patreon-media/p/post/35840504/632f3f24fd8a4deb92d786bb6d5f3cc3/eyJhIjoxLCJpc19hdWRpbyI6MSwicCI6MX0%3D/1.mp3?token-hash=8VEqovxTgeeRsUtlJ20sEVhDKlpDjZgn9IRdh_l0ak8%3D&token-time=1784678400,Episode 59: Nth Room,HTTP 403
1474001390,ce50a7483c1baae9,https://c10.patreonusercontent.com/4/patreon-media/p/post/30874567/8a6026eab8cd4589a6ae5e4d5448962e/eyJhIjoxLCJpc19hdWRpbyI6MSwicCI6MX0%3D/1.mp3?token-hash=lAGlQAezCCqQmwVRuI7S-52L9xUw4CnGxjsDxjfWdL0%3D&token-time=1784678400,EPISODE XIX: RETURN OF THE PISSPIG,HTTP 403
1474001390,56aee2cba7321178,https://c10.patreonusercontent.com/4/patreon-media/p/media/54989892/ddbb79e9aea549e0837e4f54ee6ac7b5/eyJhIjoxLCJpc19hdWRpbyI6MSwicCI6MX0%3D/1.mp3?token-hash=oqN1tj8LU-O128RmXdRngPlBELQcJYimW0jBEpcUqg8%3D&token-time=1784678400,[PREVIEW] Episode 44: Bush Did 9/11 (Part 2),HTTP 403
1474001390,871567f9b7569083,https://c10.patreonusercontent.com/4/patreon-media/p/media/82092530/3a4fcd5c944f4e9984f1ea1824cc06b7/eyJhIjoxLCJpc19hdWRpbyI6MSwicCI6MX0%3D/1.mp3?token-hash=bFAmbm1uMjfIrvjMy_4A3-pjQ0BjUrouuF8yaOEo4aY%3D&token-time=1784678400,"[PREVIEW] Episode 110: They F*ck Doggies, Don't They? Pt. 2",HTTP 403
1785081636,ee5db6179ea76684,https://sphinx.acast.com/p/open/s/675b829492bfc0e8869676aa/e/67c791f8ece4993ac7ee18c7/media.mp3,Trudeau Shames Trump on Trade War,HTTP 404
1474001390,d8c2e263aa62d730,https://c10.patreonusercontent.com/4/patreon-media/p/post/41654257/ea3e65fd70aa4681b9b15b467cba537a/eyJhIjoxLCJpc19hdWRpbyI6MSwicCI6MX0%3D/1.mp3?token-hash=hRSVPEMPTDzY26kn2XYgxhxsROIFIh5GyEksbw5GvPg%3D&token-time=1784678400,Episode 100: Brat Camp,HTTP 403
1785081636,45c16257bd5ea642,https://sphinx.acast.com/p/open/s/675b829492bfc0e8869676aa/e/68714019fe0897380eeca605/media.mp3,Trump Humiliated by New Tech,HTTP 404
1474001390,b5248ef35cdabde4,https://c10.patreonusercontent.com/4/patreon-media/p/post/48874983/1e5a35424ddf40b381c7ee23c040d4ab/eyJhIjoxLCJpc19hdWRpbyI6MSwicCI6MX0%3D/1.mp3?token-hash=VAyjWnQJH8RbZba-rnXT1a90L-eFjUDxtUk8B0DUT8A%3D&token-time=1784678400,Episode 145: New F*ckin TrueAnon,HTTP 403
1785081636,a8cac3bc97051ba4,https://sphinx.acast.com/p/open/s/675b829492bfc0e8869676aa/e/68e983e6f513ad2b8140c44d/media.mp3,Under the Radar with Mary Trump | Shadow Docket,HTTP 404
1785081636,5a50083905fbd57b,https://sphinx.acast.com/p/open/s/675b829492bfc0e8869676aa/e/69c95215b991732771619c3e/media.mp3,"Captain Kirk’s Brutal Choice Saves The Future | ""The City on the Edge of Forever"" (TOS)",HTTP 404
1648125917,57a6ad4b475713b4,https://dts.podtrac.com/redirect.mp3/pscrb.fm/rss/p/traffic.libsyn.com/secure/7220ca77-db77-4b5e-ae13-536dbb84fbd3/TUE_-_Moscow_Concert_Hall_Attack_Were_ISIS_REALLY_Behind_It_-_Stay_Free_3327iyt3.mp3?dest-id=4990875,Moscow Concert Hall Attack – Were ISIS REALLY Behind It? - Stay Free #332,HTTP 500
1654162813,c5532aad7524ac93,https://traffic.megaphone.fm/APO9055620367.mp3,UNBURDENED: Leftist discover the DANGER of Political censorship | Ep 740,HTTP 500
1648125917,8d372c43fe0d0a7f,https://dts.podtrac.com/redirect.mp3/pscrb.fm/rss/p/traffic.libsyn.com/secure/7220ca77-db77-4b5e-ae13-536dbb84fbd3/THU_-_TikTok_Ban_Trojan_Horse_For_Censorship_-_Rumble_To_BUY_Company_-_Stay_Free_3246fy2n.mp3?dest-id=4990875,"TikTok Ban ""Trojan Horse"" For Censorship - Rumble To BUY Company?! - Stay Free #324",HTTP 500
1648125917,81bbabdccab9dbd8,https://dts.podtrac.com/redirect.mp3/pscrb.fm/rss/p/traffic.libsyn.com/secure/7220ca77-db77-4b5e-ae13-536dbb84fbd3/serota_podcast_editas996.mp3?dest-id=4990875,David Sirota (Cancel Culture: Fact or Fiction?),HTTP 500
1456850698,eab06eb6e6bef47d,https://dts.podtrac.com/redirect.mp3/pscrb.fm/rss/p/traffic.libsyn.com/secure/7e7f2804-35d4-43c9-9fba-7a52000d8033/GAM6419647322.mp3?dest-id=5137640,They HATE You And They Are NOT Trying To Hide IT!,HTTP 500
1865794721,b4f94173359e2621,https://content.rss.com/episodes/372863/2926897/real-baron-podcast/2026_06_19_04_55_10_b888ea74-ad68-4baf-9587-55925e9758ec.mp3,Did TPUSA Bug a Government Website??? And Others?- Ep 130,HTTP 404
1474001390,1d62ed06f878e54f,https://c10.patreonusercontent.com/4/patreon-media/p/media/62752991/09ce288323b04731ade107ffb77f825b/eyJhIjoxLCJpc19hdWRpbyI6MSwicCI6MX0%3D/1.mp3?token-hash=Hkaz4oSim5OrIDobBt_hyY1jCFIL6hqcYjFg4_AXyrA%3D&token-time=1784678400,[PREVIEW] Episode 66: Blood Crimes of the New Reich,HTTP 403
1785081636,c0d2b6ffe1a1b21c,https://sphinx.acast.com/p/open/s/675b829492bfc0e8869676aa/e/6920eca9c367efee963fc8dd/media.mp3,Global Health Crumbles Under Trump's Agenda,HTTP 404
1474001390,bdf1316f91f39b8b,https://c10.patreonusercontent.com/4/patreon-media/p/media/78558674/7472bbb0a01f48fc83ca1082fe16d676/eyJhIjoxLCJpc19hdWRpbyI6MSwicCI6MX0%3D/1.mp3?token-hash=w5W9tVpAbnxLVdR8Q9sjqhyEBRHu4wFR2dLFZTsANUY%3D&token-time=1784678400,[PREVIEW] Episode 101: OUN-BAD,HTTP 403
1785081636,766ea841e6be5819,https://sphinx.acast.com/p/open/s/675b829492bfc0e8869676aa/e/698a78d6d2345f67c328a808/media.mp3,Clintons Challenge GOP’s Epstein Games,HTTP 404
1474001390,58e969f9429a23c2,https://c10.patreonusercontent.com/4/patreon-media/p/media/88927717/d96d111d37a14df28c1f5cb6f014851f/eyJhIjoxLCJpc19hdWRpbyI6MSwicCI6MX0%3D/1.mp3?token-hash=58IM2EIZUdgu7McrJdOkozXqZthoSiUYkTzk8kG09-Q%3D&token-time=1784678400,[PREVIEW] Episode 125: Perverts in Paris,HTTP 403
1785081636,4fbece9b12173ddc,https://sphinx.acast.com/p/open/s/675b829492bfc0e8869676aa/e/6a235a9cebd8b0fa7354d3fa/media.mp3,Defending the Indefensible: Donald Sleepwalks While His Defenders Scramble for Answers,HTTP 404
1474001390,96c18fd6a79e3d56,https://c10.patreonusercontent.com/4/patreon-media/p/media/95162394/fe01345f32e54ba2bfa870e3721ead65/eyJhIjoxLCJpc19hdWRpbyI6MSwicCI6MX0%3D/1.mp3?token-hash=7PMQkhoovto4wV8yM2VKmfe6V0LxozUaMa2ChSyWSR0%3D&token-time=1784678400,[PREVIEW] Episode 135: Deep State 101,HTTP 403
1785081636,82de09a188d3dc10,https://sphinx.acast.com/p/open/s/675b829492bfc0e8869676aa/e/6a4beeb05fd88ad005a0809d/media.mp3,"When Protest Becomes ""Terrorism""",HTTP 404
1474001390,d836a82891ef3d05,https://c10.patreonusercontent.com/4/patreon-media/p/post/51826362/b523ebac60284c90a2fa3125a8a80dff/eyJhIjoxLCJpc19hdWRpbyI6MSwicCI6MX0%3D/1.mp3?token-hash=GAttGWACPlUDv1kEr8DJaag1i-TmCbtuvM4zuS-DD8s%3D&token-time=1784678400,Episode 161: Spycops Undercover II,HTTP 403
1474001390,7eb94975227d0083,https://c10.patreonusercontent.com/4/patreon-media/p/media/117900511/08df3e6392e1414d89026c86e198349d/eyJhIjoxLCJpc19hdWRpbyI6MSwicCI6MX0%3D/1.mp3?token-hash=01Vfr4VRf01lN5Ptchh5r1PQQyqtBxRiiyVe4jOF-yU%3D&token-time=1784678400,[PREVIEW] Episode 175: Sicario III,HTTP 403
1474001390,e4d7c741811aa32f,https://c10.patreonusercontent.com/4/patreon-media/p/post/57005362/22557eba610e4a3ea3a2b86ff7d7a73a/eyJhIjoxLCJpc19hdWRpbyI6MSwicCI6MX0%3D/1.mp3?token-hash=CDZ6K_Dn38pZ_VUzQmFEo-GeVTwgmld9GbRZx7fLWcg%3D&token-time=1784678400,Episode 188: The Busch Family,HTTP 403
1474001390,dd916f6aabfd572b,https://c10.patreonusercontent.com/4/patreon-media/p/media/146093606/56ca615a4dc74c4d8c093f95c34baa6c/eyJhIjoxLCJpc19hdWRpbyI6MSwicCI6MX0%3D/1.mp3?token-hash=v6QzbPJ9pcC0yF1DRKkCQzw3KBNgR6Hjs331Q3L2kqw%3D&token-time=1784678400,[PREVIEW] Episode 210: War In Ukraine,HTTP 403
1474001390,127e9b71dde34de9,https://c10.patreonusercontent.com/4/patreon-media/p/media/155049099/bca1e9c67b2c4274b16bc36cc6d204f4/eyJhIjoxLCJpc19hdWRpbyI6MSwicCI6MX0%3D/1.mp3?token-hash=yB_aDxxPL3dwnb7ukSHYCtxHH6v9cWKW0T8s_K1GdPM%3D&token-time=1784678400,[PREVIEW] Episode 229: Scrolling Towards Bethlehem,HTTP 403
1474001390,d8bb1d638f13fd11,https://c10.patreonusercontent.com/4/patreon-media/p/media/164098574/10ae5b292b014a14800af521150cc08f/eyJhIjoxLCJpc19hdWRpbyI6MSwicCI6MX0%3D/1.mp3?token-hash=eM0XBtbDz5EHF48hbjPnsKMHdBENuiUPdDoZUhKlTyM%3D&token-time=1784678400,[PREVIEW] Episode 244: Survival of the Grimmest,HTTP 403
1474001390,09caf81b60f6398b,https://c10.patreonusercontent.com/4/patreon-media/p/media/185149755/b25174b82386427a97aef7408b8f89fc/eyJhIjoxLCJpc19hdWRpbyI6MSwicCI6MX0%3D/1.mp3?token-hash=4W75MwWAaY6k2zTnBV5GP1nT5pserDz96VwQkN92ND8%3D&token-time=1784678400,[PREVIEW] Episode 265: Booyakasha,HTTP 403
1474001390,3b21892a07ba634d,https://c10.patreonusercontent.com/4/patreon-media/p/media/199465931/eda327b475d641a1b865952f116e3f6d/eyJhIjoxLCJpc19hdWRpbyI6MSwicCI6MX0%3D/1.mp3?token-hash=lnks9V-n8BWIL_8cSWBDb2WBn3NqRFsgxpDgTRg1DB4%3D&token-time=1784678400,"[PREVIEW] Episode 285: War, Etc.",HTTP 403
1474001390,7ff14fe3a9d5d514,https://c10.patreonusercontent.com/4/patreon-media/p/post/88182601/fc64568bb6f04d5aa368b17a7b9ded6b/eyJhIjoxLCJpc19hdWRpbyI6MSwicCI6MX0%3D/1.mp3?token-hash=ijTQOn0DBM_evAgQw2cC7ZfOApP0YY49oJGdD9Jkbhc%3D&token-time=1784678400,"Episode 314: Life, Liberty, and Squat Chilean Businessmen",HTTP 403
1474001390,3b01965cd73e055d,https://c10.patreonusercontent.com/4/patreon-media/p/media/242198063/73fb9d31142e471eb67d1fe77e156572/eyJhIjoxLCJpc19hdWRpbyI6MSwicCI6MX0%3D/1.mp3?token-hash=3A33DdiFhq0lJ1GmE86wHaqAnOdZ3UaWPO5L5bIa3U4%3D&token-time=1784678400,[PREVIEW] Episode 329: Kiss of the Rat (Part 2),HTTP 403
1474001390,d679d120cc939db9,https://c10.patreonusercontent.com/4/patreon-media/p/media/291293306/eb105bbb70b74b4b851f50822322f81d/eyJhIjoxLCJpc19hdWRpbyI6MSwicCI6MX0%3D/1.mp3?token-hash=H1pmaV2kISPHl8f9n9iO0oIksinS0mlHc8yifAZ7dxc%3D&token-time=1784678400,[PREVIEW] Episode 365: What's Up With Germany: Part 2,HTTP 403
1474001390,4ae23d8a93e45bfe,https://c10.patreonusercontent.com/4/patreon-media/p/post/103267925/ff02af9a26304e3bb5097b00be60e571/eyJhIjoxLCJpc19hdWRpbyI6MSwicCI6MX0%3D/1.mp3?token-hash=6v0Nc1PBjP0b3no5tjJzMMv840f_yN7FNWEWeXmRYcQ%3D&token-time=1784678400,Episode 374: Quad Squad,HTTP 403
1474001390,b80b54d10c539b0e,https://c10.patreonusercontent.com/4/patreon-media/p/post/109257224/46a94b1a286a423d8017d10d0715aa4a/eyJhIjoxLCJpc19hdWRpbyI6MSwicCI6MX0%3D/1.mp3?token-hash=01ZYLt1geKdI1saEelhvKOG3Y5ovGuovOSqF4a-RBag%3D&token-time=1784678400,Episode 397: The Hunt for Frank Wisner,HTTP 403
1474001390,45cf3d6f4122e79b,https://c10.patreonusercontent.com/4/patreon-media/p/post/129023241/7888dddccf1c497d95858c25c7c78d20/eyJhIjoxLCJpc19hdWRpbyI6MSwicCI6MX0%3D/1.mp3?token-hash=ODAxq_0RYWVGbsvgan_18F_sZeIfGVpq9Jv4LeSc7do%3D&token-time=1784678400,Episode 459: Opus D.E.I.,HTTP 403
1474001390,162d08f4060a24e7,https://c10.patreonusercontent.com/4/patreon-media/p/media/518024213/9535357b7253474fa26b613c59d28a75/eyJhIjoxLCJpc19hdWRpbyI6MSwicCI6MX0%3D/1.mp3?token-hash=u3dYc88u3NR9Dnt7U1a3TAbLoJdDl4zknb1xzVU9AuU%3D&token-time=1784678400,[PREVIEW] Episode 482: Tip Line #8,HTTP 403
1474001390,160a1f99e71390a5,https://c10.patreonusercontent.com/4/patreon-media/p/post/144017891/94e93e82948240f2a7ba83d5f24b620c/eyJhIjoxLCJpc19hdWRpbyI6MSwicCI6MX0%3D/1.mp3?token-hash=eTRg4CDX1Ep7z1w-hy-t55Lgu7dXD2jyl7frMm1rWjk%3D&token-time=1784678400,Episode 504: Farwell to All That,HTTP 403
1474001390,610828c62ce97c2a,https://c10.patreonusercontent.com/4/patreon-media/p/media/649617962/cf001cb200944a1c937889de827d7773/eyJhIjoxLCJpc19hdWRpbyI6MSwicCI6MX0%3D/1.mp3?token-hash=g0a2QzZNxDnSE0_9097dGcIsC05Bbcp-3R-6o4xgoPU%3D&token-time=1784678400,[PREVIEW] Episode 541: Abby Martin: Unleashed,HTTP 403
1474001390,1b90382a7f0a05d5,https://c10.patreonusercontent.com/4/patreon-media/p/media/170883444/d5041aa5ca82420891119b05c631fcbe/eyJhIjoxLCJpc19hdWRpbyI6MSwicCI6MX0%3D/1.mp3?token-hash=wnDlWpzqsGnvZFLnS6_h4lqhpavC9t39dZejVH3VtxI%3D&token-time=1784678400,"[PREVIEW] Episode 4: Here's Looking at You, Kids",HTTP 403
1785081636,4604fb3869e7a5d1,https://sphinx.acast.com/p/open/s/675b829492bfc0e8869676aa/e/67edc75c506c6c628c3eab12/media.mp3,Trump’s Liberation Day Disaster,HTTP 404
1865794721,91233b5cf9950287,https://content.rss.com/episodes/372863/2554005/real-baron-podcast/2026_02_16_22_56_21_2c62ef6b-0b64-4227-9459-a6d59ac6a614.mp3,A Fly in the Alibi - Was Erika Kirk in Utah when Charlie Kirk was Hit? - #64,HTTP 404
1474001390,725efe037f49d5bf,https://c10.patreonusercontent.com/4/patreon-media/p/post/30392291/5e899740e66649f79449fc6f8bbcf2fe/eyJhIjoxLCJpc19hdWRpbyI6MSwicCI6MX0%3D/1.mp3?token-hash=vnfP3bFUazDX1swZO1osat0Ix2Z3vfZckmL97YqPA28%3D&token-time=1784678400,Episode 15: JeffCoin,HTTP 403
1785081636,3719e0031b64274e,https://sphinx.acast.com/p/open/s/675b829492bfc0e8869676aa/e/693c7de7f817d7dbe87815f9/media.mp3,Republican Chaos Drives Voters to Polls,HTTP 404
1865794721,00daa38c14be4582,https://content.rss.com/episodes/372863/2802057/real-baron-podcast/2026_05_07_10_14_55_c1b9b116-75c2-426f-9d33-7d34d1c22c94.mp3,"Are the Ba'al Rooms, Data Centers, and UFOs Related? - Ep 110",HTTP 404
1474001390,0330d44387f2d40a,https://c10.patreonusercontent.com/4/patreon-media/p/post/35301574/4e961a30956e439bbd19218ffbb46f17/eyJhIjoxLCJpc19hdWRpbyI6MSwicCI6MX0%3D/1.mp3?token-hash=QtdoxaCe62kcAg7tXf4oEoxb-2uw2qve3Y0dDgGOHdo%3D&token-time=1784678400,Episode 55: Qurona Qrisis,HTTP 403
1785081636,947089882e72680f,https://sphinx.acast.com/p/open/s/675b829492bfc0e8869676aa/e/695f14fe24334d023471521d/media.mp3,Crisis in Minneapolis: Brian Karem guest hosts Mary Trump Live,HTTP 404
1474001390,9ec9ceff521c75e8,https://c10.patreonusercontent.com/4/patreon-media/p/post/35504083/68b3ee038f784651bb52c3010cfff1f5/eyJhIjoxLCJpc19hdWRpbyI6MSwicCI6MX0%3D/1.mp3?token-hash=KSlBnlrfns8Yjxoolj-pppgvORi-KFR9-tL95laE6no%3D&token-time=1784678400,Episode 57: Mr. Market Goes To Washington,HTTP 403
1785081636,60362de6592a8719,https://sphinx.acast.com/p/open/s/675b829492bfc0e8869676aa/e/69d555f0086c93c18b45e759/media.mp3,The Power of Protest and Pam Bondi's Ousting,HTTP 404
1474001390,52c224d29af38d70,https://c10.patreonusercontent.com/4/patreon-media/p/post/39654264/73c79d51d54e46cf983d358c271a2b65/eyJhIjoxLCJpc19hdWRpbyI6MSwicCI6MX0%3D/1.mp3?token-hash=dvcM55d_1IkDwOTQ7HMUcX8BJvLQcZ3r-2COIjkK7dQ%3D&token-time=1784678400,Episode 86: D.H. Ass,HTTP 403
1785081636,84af5ff24a172b9e,https://sphinx.acast.com/p/open/s/675b829492bfc0e8869676aa/e/6a500dc6f8a80edf85614fde/media.mp3,"Threats, Confusion and the Future of NATO",HTTP 404
1474001390,4a8757b5d21a36b0,https://c10.patreonusercontent.com/4/patreon-media/p/media/88133411/2058a74969994294b74639975e1877a5/eyJhIjoxLCJpc19hdWRpbyI6MSwicCI6MX0%3D/1.mp3?token-hash=KoBuCJwLP7s6K9bCFyY1pMvUso_hDD9d23HH6jpx_Bs%3D&token-time=1784678400,[PREVIEW] Episode 124: Pills and Women,HTTP 403
1474001390,d671dcddbc5c4d4d,https://c10.patreonusercontent.com/4/patreon-media/p/media/100956773/2ff3371e97054210a21613e3702f94c8/eyJhIjoxLCJpc19hdWRpbyI6MSwicCI6MX0%3D/1.mp3?token-hash=3IMoNnjFwlZscoCzIwbMy6eBA3Eto9V87xsSjGG85q4%3D&token-time=1784678400,[PREVIEW] Episode 146: Mandalay,HTTP 403
1474001390,af586b2e85845367,https://c10.patreonusercontent.com/4/patreon-media/p/post/52668950/186b9d6ebbd04fce823b12b3083a0920/eyJhIjoxLCJpc19hdWRpbyI6MSwicCI6MX0%3D/1.mp3?token-hash=CmwRdqnOzJl72AGs2AbH9bIC0BwGrbtWZpQelFfdQz8%3D&token-time=1784678400,The Lamest Show on Earth (Part 1),HTTP 403
1474001390,bdbdc7b2d747238f,https://c10.patreonusercontent.com/4/patreon-media/p/media/119636213/a5cb2ed7669841b18297e4c9f758d5c3/eyJhIjoxLCJpc19hdWRpbyI6MSwicCI6MX0%3D/1.mp3?token-hash=0gAbP8DMBkUsNRORzlEIFBvCinN_7oCSMR-MwLUA0nI%3D&token-time=1784678400,[PREVIEW] Episode 179: War Is Over,HTTP 403
1474001390,7060cf41dfa36de1,https://c10.patreonusercontent.com/4/patreon-media/p/media/127757992/8acf3f7c04384a3a9c7b56c16d6793f1/eyJhIjoxLCJpc19hdWRpbyI6MSwicCI6MX0%3D/1.mp3?token-hash=0Rhu-kdoN1_rlww2t9RyeFRgLNf6k0PmhHpoSxO9-uk%3D&token-time=1784678400,[PREVIEW] Episode 192: Ball Does Lie,HTTP 403
1474001390,2b64e70c118db4a2,https://c10.patreonusercontent.com/4/patreon-media/p/media/144827716/609fe2ca9d3546518a4fe5f6b990996e/eyJhIjoxLCJpc19hdWRpbyI6MSwicCI6MX0%3D/1.mp3?token-hash=EZZAqP91KpbfAD5I0zWDeLZzaa1b95Key2BpDQiX-T8%3D&token-time=1784678400,[PREVIEW] Episode 213: NATO (Part 2),HTTP 403
1474001390,d257f2398c00c7ab,https://c10.patreonusercontent.com/4/patreon-media/p/media/150078811/c6e23fcd48324875a83842b3ac9c1ea6/eyJhIjoxLCJpc19hdWRpbyI6MSwicCI6MX0%3D/1.mp3?token-hash=k6PCDrdmON-dcylH50NlsuWeaZm7G-zIF_5iBZLG7c0%3D&token-time=1784678400,[PREVIEW] Episode 223: Marathon Men (Part 3),HTTP 403
1474001390,6b80ff103f49dc5c,https://c10.patreonusercontent.com/4/patreon-media/p/post/80335422/81eae1957a73470dab1c4bbcd334797a/eyJhIjoxLCJpc19hdWRpbyI6MSwicCI6MX0%3D/1.mp3?token-hash=ZYS7jyizaHOky6ZhYwkv7jpBNvasSUjrSGtUEjJu9xs%3D&token-time=1784678400,Keep the Dream Alive: One Year Later w/ John Vanderslice,HTTP 403
1474001390,e7ea7e2872c45296,https://c10.patreonusercontent.com/4/patreon-media/p/media/212514331/8ebec3b6a16048a8a003057973776220/eyJhIjoxLCJpc19hdWRpbyI6MSwicCI6MX0%3D/1.mp3?token-hash=AVuiPgoVY5J6C6Nd0hjvFRrCqM9dTYJX6IBBP0QiwCk%3D&token-time=1784678400,[PREVIEW] Episode 303: UFOS — Real or Nah?,HTTP 403
1474001390,784d5998d6541160,https://c10.patreonusercontent.com/4/patreon-media/p/media/215659318/ea85fa5d49464c049067cbd3dbb1fcac/eyJhIjoxLCJpc19hdWRpbyI6MSwicCI6MX0%3D/1.mp3?token-hash=wZKgCIUTNDpYqTdlRzTzVHVZO5itOGMDoU1nKYX7T_4%3D&token-time=1784678400,[PREVIEW] Episode 305: Bloodless Hype Machines,HTTP 403
1474001390,dfeb853094df2ff2,https://c10.patreonusercontent.com/4/patreon-media/p/post/92392527/797dfdc3b50c4a69ac31bf09a46873bc/eyJhIjoxLCJpc19hdWRpbyI6MSwicCI6MX0%3D/1.mp3?token-hash=SzSZSo5pXVG-51JIRUEBoWwq5ee93L4LrlXyo-MGF48%3D&token-time=1784678400,Episode 331: Grief Is A Witch-Hag (Part 2),HTTP 403
1474001390,b39ef204c6c1d4bb,https://c10.patreonusercontent.com/4/patreon-media/p/post/99451193/57ddfc666c704584ad9edd84ef5952ce/eyJhIjoxLCJpc19hdWRpbyI6MSwicCI6MX0%3D/1.mp3?token-hash=N3NIfIWi_fsPvNvE8qOYMRjpr_awFGcEhEfMXT6bX_4%3D&token-time=1784678400,Episode 358: American Conspiracy: The Octopus Murders: Director's Cut: Part 2,HTTP 403
73329719,8c6fbba214ff0acd,https://www.podtrac.com/pts/redirect.mp3/pdst.fm/e/traffic.megaphone.fm/KQINC6824647835.mp3?updated=1724786948,Sudan’s ‘Forgotten War’ Places Nation on Brink of ‘Catastrophic’ Famine,"stream failed: ('Connection broken: IncompleteRead(12582912 bytes read, 68160246 more expected)', IncompleteRead(12582912 bytes read, 68160246 more expected))"
1474001390,1ae09cb1bb93b207,https://c10.patreonusercontent.com/4/patreon-media/p/post/112606112/7f5ee5fc7c3c4e81ba4389b2257f09f1/eyJhIjoxLCJpc19hdWRpbyI6MSwicCI6MX0%3D/1.mp3?token-hash=RFHmNVohfEqJub_ws8ayZK2SU-5n9VCFy3RSVTH8Ku8%3D&token-time=1784678400,Episode 407: Wounded in Beita,HTTP 403
1474001390,2af67eeaed1ea1d5,https://c10.patreonusercontent.com/4/patreon-media/p/media/536571971/013f9ad88714443ba343399fb029014f/eyJhIjoxLCJpc19hdWRpbyI6MSwicCI6MX0%3D/1.mp3?token-hash=fNcHyvhMlijNl62xVe7mYTImFy3MT7vBFgr9BtmMWh4%3D&token-time=1784678400,[PREVIEW] Episode 490: Charlie's Angel,HTTP 403
1474001390,1fa61cab4e7430ca,https://c10.patreonusercontent.com/4/patreon-media/p/media/635698013/650f06e5f91e4be3a7908f5f997cc50e/eyJhIjoxLCJpc19hdWRpbyI6MSwicCI6MX0%3D/1.mp3?token-hash=cT9DnOJt5f4suDhL5fXHynNgtR1mQRqOFvkeaLePLjg%3D&token-time=1784678400,[PREVIEW] Episode 534: Dallas 1,HTTP 403
1474001390,4393a9149e068bee,https://c10.patreonusercontent.com/4/patreon-media/p/media/40294440/c60c0363e6044e319eaccd2aaefd2c6c/eyJhIjoxLCJpc19hdWRpbyI6MSwicCI6MX0%3D/1.mp3?token-hash=Gb-Sgy8JBVqcwPqgSyR9HzHY5-9wQzrQaPAvRAkCa9Q%3D&token-time=1784678400,[PREVIEW] Episode 6: NOlympics,HTTP 403
1785081636,f44238b577463c85,https://sphinx.acast.com/p/open/s/675b829492bfc0e8869676aa/e/67ca29eeffae9c0f4e31d240/media.mp3,Donald’s Ratings Collapse—Voters Reject Him,HTTP 404
1865794721,cadc5ff5eeac6f38,https://content.rss.com/episodes/372863/2550381/real-baron-podcast/2026_02_15_15_14_41_613cc125-f6f6-4b59-9b09-238a20319d17.mp3,"Yes, Still MORE DISTURBING Searches from before Charlie Kirk Passed - #3",HTTP 404
1474001390,e99b3f1881410a80,https://c10.patreonusercontent.com/4/patreon-media/p/post/32291889/44f820cd2d024446a53e4f54d853bab6/eyJhIjoxLCJpc19hdWRpbyI6MSwicCI6MX0%3D/1.mp3?token-hash=2jo4O4Ym31jq-f-1rhbgWlwJbW3lFWd1i7SNaWJEZE0%3D&token-time=1784678400,Episode 29: Ghislaine in the Membrane Pt. I,HTTP 403
1785081636,d7077bb479ecccfb,https://sphinx.acast.com/p/open/s/675b829492bfc0e8869676aa/e/6851c221002f9da49a9a7bc2/media.mp3,Donald's Birthday Parade Disappointment,HTTP 404
1865794721,f273e27fa610f704,https://content.rss.com/episodes/372863/2915527/real-baron-podcast/2026_06_15_03_26_44_8a546fca-b90e-413a-af30-15c99feb05fc.mp3,Lessons Learned While I was in Phoenix this Weekend - Ep 127,HTTP 404
1474001390,78e0b2083136a2bd,https://c10.patreonusercontent.com/4/patreon-media/p/post/34685007/5d087d65c12a432a822c5f796a1f0f73/eyJhIjoxLCJpc19hdWRpbyI6MSwicCI6MX0%3D/1.mp3?token-hash=QQ0c5kRBbTNP_46VFvK6NbdCJslCAPjMTfHPppjAvms%3D&token-time=1784678400,Episode 50: Radio Free TrueAnon,HTTP 403
1785081636,7967c7e9f74a9983,https://sphinx.acast.com/p/open/s/675b829492bfc0e8869676aa/e/687ff00a498abee416d53c25/media.mp3,More Coverup Details as Trump Panics,HTTP 404
1474001390,35acfdd0e4d164c6,https://c10.patreonusercontent.com/4/patreon-media/p/post/37499522/552ddd7b1b8440aa8d0b56f12e7e46f5/eyJhIjoxLCJpc19hdWRpbyI6MSwicCI6MX0%3D/1.mp3?token-hash=T1HniHjEGfcQYh4l_R8Z4Gn1D0Ozoh8Uu9-Uzb5S0Js%3D&token-time=1784678400,"Episode 71: Listen, I Wanted Quar Gossip Too",HTTP 403
1785081636,6bbb9cee6b76c57c,https://sphinx.acast.com/p/open/s/675b829492bfc0e8869676aa/e/69333e797744eabdb8ffc481/media.mp3,Trump's Attack on Vets Completely Backfires,HTTP 404
