chunk_id,politics,ideology,ternary
0bae13563b5d6e0a_7,No,,
0bae13563b5d6e0a_16,No,,
173350f2f81fdc8a_72,No,,
5c63d839f141b4af_28,No,,
ab70319b6154aaf0_5,No,,
75759b2f7f8c187e_77,No,,
1fc38cbc57c9b138_20,No,,
75759b2f7f8c187e_24,Yes,moderate,0
173350f2f81fdc8a_37,Yes,moderate,0
a484cc630d279315_28,No,,
173350f2f81fdc8a_9,No,,
75759b2f7f8c187e_45,No,,
ab70319b6154aaf0_1,No,,
e024d64ce9a8200e_2,No,,
ab89958c4bd81826_13,Yes,strongly_liberal,-1
ab70319b6154aaf0_26,No,,
5c63d839f141b4af_37,No,,
ab70319b6154aaf0_14,No,,
a484cc630d279315_17,No,,
3d26a6931863482a_7,No,,
1fc38cbc57c9b138_2,No,,
75759b2f7f8c187e_62,No,,
ab89958c4bd81826_30,No,,
1fc38cbc57c9b138_15,No,,
55d002584b6db78c_41,No,,
55d002584b6db78c_16,No,,
75759b2f7f8c187e_28,Yes,strongly_liberal,-1
e024d64ce9a8200e_24,No,,
a484cc630d279315_19,No,,
ab70319b6154aaf0_21,No,,
1fc38cbc57c9b138_35,Yes,slightly_liberal,-1
173350f2f81fdc8a_50,Yes,slightly_liberal,-1
55d002584b6db78c_2,Yes,moderate,0
e024d64ce9a8200e_16,No,,
55d002584b6db78c_28,Yes,moderate,0
a484cc630d279315_31,No,,
0bae13563b5d6e0a_12,Yes,moderate,0
173350f2f81fdc8a_40,Yes,strongly_liberal,-1
a484cc630d279315_6,No,,
75759b2f7f8c187e_27,Yes,strongly_liberal,-1
a484cc630d279315_41,No,,
ab89958c4bd81826_32,No,,
55d002584b6db78c_18,Yes,moderate,0
75759b2f7f8c187e_44,Yes,moderate,0
1fc38cbc57c9b138_10,No,,
3d26a6931863482a_13,No,,
e024d64ce9a8200e_18,No,,
a484cc630d279315_18,No,,
173350f2f81fdc8a_16,Yes,moderate,0
75759b2f7f8c187e_64,No,,
75759b2f7f8c187e_30,Yes,slightly_liberal,-1
75759b2f7f8c187e_37,Yes,moderately_liberal,-1
173350f2f81fdc8a_68,No,,
173350f2f81fdc8a_8,Yes,moderately_liberal,-1
ab70319b6154aaf0_30,No,,
ab70319b6154aaf0_34,No,,
5c63d839f141b4af_1,No,,
5c63d839f141b4af_6,No,,
c09ee4afd2956118_21,Yes,moderate,0
c09ee4afd2956118_11,Yes,moderate,0
55d002584b6db78c_39,Yes,moderate,0
55d002584b6db78c_32,Yes,moderate,0
55d002584b6db78c_23,No,,
173350f2f81fdc8a_62,No,,
173350f2f81fdc8a_65,No,,
75759b2f7f8c187e_18,Yes,moderate,0
a484cc630d279315_39,No,,
a484cc630d279315_24,No,,
3d26a6931863482a_24,No,,
75759b2f7f8c187e_48,No,,
a484cc630d279315_20,No,,
5c63d839f141b4af_30,No,,
0bae13563b5d6e0a_5,No,,
55d002584b6db78c_22,No,,
1fc38cbc57c9b138_11,No,,
5c63d839f141b4af_2,No,,
c09ee4afd2956118_17,No,,
1fc38cbc57c9b138_16,Yes,moderate,0
ab70319b6154aaf0_4,No,,
ab70319b6154aaf0_17,No,,
173350f2f81fdc8a_2,Yes,moderate,0
1fc38cbc57c9b138_34,No,,
1fc38cbc57c9b138_28,No,,
a484cc630d279315_4,No,,
ab89958c4bd81826_28,Yes,moderate,0
a484cc630d279315_30,No,,
173350f2f81fdc8a_70,No,,
75759b2f7f8c187e_50,No,,
173350f2f81fdc8a_71,Yes,slightly_liberal,-1
55d002584b6db78c_30,Yes,moderate,0
0bae13563b5d6e0a_8,No,,
ab89958c4bd81826_5,Yes,strongly_liberal,-1
c09ee4afd2956118_28,Yes,moderate,0
0bae13563b5d6e0a_24,No,,
55d002584b6db78c_34,Yes,moderate,0
3d26a6931863482a_14,Yes,moderate,0
3d26a6931863482a_31,No,,
173350f2f81fdc8a_64,No,,
e024d64ce9a8200e_25,Yes,moderate,0
1fc38cbc57c9b138_30,Yes,strongly_liberal,-1
f434a1e9e0a18259_7,Yes,moderate,0
f434a1e9e0a18259_6,Yes,moderate,0
ff60387a22301d21_14,Yes,moderate,0
5517d37d9026dca5_22,Yes,moderate,0
68672020489a94d2_17,Yes,moderate,0
f434a1e9e0a18259_5,Yes,moderate,0
68672020489a94d2_1,No,,
085137073bd9b182_13,No,,
fbea8b4cd1e8d2f7_37,No,,
085137073bd9b182_10,Yes,moderate,0
7afd04cb48af4734_35,No,,
5517d37d9026dca5_32,Yes,moderate,0
13170f0e06640945_3,Yes,moderate,0
fbea8b4cd1e8d2f7_41,Yes,moderate,0
68672020489a94d2_4,Yes,slightly_liberal,-1
bf6eba0b9830c821_6,Yes,moderate,0
fbea8b4cd1e8d2f7_6,Yes,slightly_liberal,-1
0f329d076636049a_13,Yes,moderate,0
fbea8b4cd1e8d2f7_12,Yes,moderate,0
bf6eba0b9830c821_19,Yes,moderate,0
7afd04cb48af4734_13,Yes,slightly_liberal,-1
fbea8b4cd1e8d2f7_24,Yes,moderate,0
bfd93fa226ead3b5_7,Yes,moderate,0
085137073bd9b182_4,Yes,slightly_liberal,-1
7afd04cb48af4734_37,Yes,moderate,0
bf6eba0b9830c821_15,No,,
f434a1e9e0a18259_0,Yes,moderate,0
bfd93fa226ead3b5_11,No,,
fbea8b4cd1e8d2f7_43,No,,
fbea8b4cd1e8d2f7_44,No,,
5517d37d9026dca5_28,Yes,strongly_liberal,-1
68672020489a94d2_5,Yes,moderate,0
f434a1e9e0a18259_12,Yes,moderate,0
7afd04cb48af4734_0,No,,
bf6eba0b9830c821_24,Yes,moderate,0
7afd04cb48af4734_2,Yes,moderate,0
5517d37d9026dca5_3,Yes,moderate,0
13170f0e06640945_12,Yes,moderate,0
5517d37d9026dca5_34,Yes,moderate,0
0f329d076636049a_10,Yes,moderate,0
085137073bd9b182_11,Yes,moderate,0
7afd04cb48af4734_25,Yes,slightly_liberal,-1
bfd93fa226ead3b5_8,Yes,moderate,0
fbea8b4cd1e8d2f7_16,Yes,moderate,0
7afd04cb48af4734_4,Yes,moderate,0
13170f0e06640945_2,Yes,moderate,0
5517d37d9026dca5_0,Yes,moderate,0
0f329d076636049a_14,Yes,moderate,0
ff60387a22301d21_1,Yes,moderate,0
7afd04cb48af4734_24,Yes,moderate,0
fbea8b4cd1e8d2f7_29,Yes,slightly_liberal,-1
0f329d076636049a_9,Yes,slightly_liberal,-1
fbea8b4cd1e8d2f7_48,No,,
0f329d076636049a_21,Yes,moderate,0
ff60387a22301d21_15,Yes,slightly_liberal,-1
bfd93fa226ead3b5_5,Yes,moderate,0
13170f0e06640945_13,Yes,moderate,0
0f329d076636049a_3,Yes,moderate,0
fbea8b4cd1e8d2f7_32,Yes,moderate,0
085137073bd9b182_7,No,,
7afd04cb48af4734_16,No,,
fbea8b4cd1e8d2f7_10,Yes,moderate,0
0f329d076636049a_39,No,,
13170f0e06640945_1,Yes,moderate,0
bfd93fa226ead3b5_31,Yes,moderate,0
68672020489a94d2_13,Yes,moderate,0
0f329d076636049a_7,Yes,slightly_liberal,-1
68672020489a94d2_2,Yes,slightly_liberal,-1
bfd93fa226ead3b5_21,Yes,moderate,0
b285af7542cac889_16,Yes,moderately_liberal,-1
7afd04cb48af4734_5,Yes,moderate,0
ff60387a22301d21_21,Yes,slightly_liberal,-1
085137073bd9b182_14,Yes,moderately_liberal,-1
bf6eba0b9830c821_22,Yes,slightly_liberal,-1
5517d37d9026dca5_20,Yes,moderate,0
5517d37d9026dca5_12,Yes,moderate,0
68672020489a94d2_9,Yes,moderate,0
b285af7542cac889_6,Yes,moderate,0
f434a1e9e0a18259_18,Yes,moderate,0
bf6eba0b9830c821_2,Yes,moderate,0
fbea8b4cd1e8d2f7_18,Yes,moderate,0
b285af7542cac889_4,Yes,moderate,0
ff60387a22301d21_6,Yes,moderate,0
5517d37d9026dca5_27,Yes,moderate,0
fbea8b4cd1e8d2f7_31,Yes,moderate,0
f434a1e9e0a18259_9,Yes,moderate,0
7afd04cb48af4734_31,No,,
bf6eba0b9830c821_1,Yes,moderate,0
0f329d076636049a_5,Yes,moderate,0
bfd93fa226ead3b5_1,Yes,moderate,0
5517d37d9026dca5_5,Yes,moderate,0
13170f0e06640945_10,Yes,moderate,0
7afd04cb48af4734_7,Yes,moderate,0
5517d37d9026dca5_1,Yes,moderate,0
13170f0e06640945_5,Yes,moderate,0
bfd93fa226ead3b5_24,No,,
ff60387a22301d21_16,Yes,slightly_liberal,-1
5517d37d9026dca5_11,Yes,moderate,0
dc02b086181faa91_14,No,,
5517d37d9026dca5_21,Yes,slightly_liberal,-1
ff60387a22301d21_22,Yes,slightly_liberal,-1
77db7b82985b128a_133,Yes,moderately_conservative,1
cd5b4d6bd2bc9371_148,Yes,slightly_conservative,1
cd5b4d6bd2bc9371_75,Yes,moderate,0
f87d5ba3110a8495_136,No,,
8b98822e1075cada_93,Yes,strongly_conservative,1
f87d5ba3110a8495_111,Yes,strongly_conservative,1
825f2de8175d5e0c_8,Yes,moderately_conservative,1
abda31def61f9226_68,Yes,moderate,0
825f2de8175d5e0c_49,Yes,moderately_conservative,1
8b98822e1075cada_122,Yes,moderate,0
f87d5ba3110a8495_110,Yes,strongly_conservative,1
f87d5ba3110a8495_108,Yes,strongly_conservative,1
f87d5ba3110a8495_141,No,,
252d26cfa7629b93_105,Yes,moderately_conservative,1
252d26cfa7629b93_69,Yes,strongly_conservative,1
8b98822e1075cada_11,Yes,moderately_conservative,1
77db7b82985b128a_121,Yes,strongly_conservative,1
dc02b086181faa91_15,Yes,moderately_conservative,1
3e7241c881669c5e_20,Yes,moderately_conservative,1
cd5b4d6bd2bc9371_66,Yes,moderate,0
abda31def61f9226_36,Yes,moderately_conservative,1
8b98822e1075cada_54,Yes,moderate,0
8b98822e1075cada_148,Yes,strongly_conservative,1
252d26cfa7629b93_35,Yes,moderately_liberal,-1
7ae5e592ef485fe5_86,Yes,moderate,0
f87d5ba3110a8495_12,Yes,strongly_conservative,1
3e7241c881669c5e_129,Yes,strongly_conservative,1
9a8c4c571985675a_128,Yes,strongly_conservative,1
7ae5e592ef485fe5_158,Yes,slightly_conservative,1
8b98822e1075cada_94,Yes,strongly_conservative,1
7ae5e592ef485fe5_16,Yes,slightly_liberal,-1
8b98822e1075cada_133,Yes,moderately_conservative,1
9a8c4c571985675a_81,No,,
252d26cfa7629b93_48,Yes,moderate,0
252d26cfa7629b93_120,Yes,moderately_conservative,1
9a8c4c571985675a_54,Yes,moderate,0
cd5b4d6bd2bc9371_9,Yes,strongly_conservative,1
9a8c4c571985675a_94,Yes,strongly_conservative,1
cd5b4d6bd2bc9371_48,Yes,strongly_conservative,1
9a8c4c571985675a_112,Yes,moderately_conservative,1
252d26cfa7629b93_5,Yes,strongly_conservative,1
252d26cfa7629b93_25,Yes,slightly_liberal,-1
dc02b086181faa91_11,Yes,strongly_conservative,1
f87d5ba3110a8495_147,Yes,moderate,0
252d26cfa7629b93_88,Yes,strongly_conservative,1
c91eba176ed78454_9,Yes,strongly_conservative,1
252d26cfa7629b93_12,Yes,strongly_conservative,1
252d26cfa7629b93_54,Yes,moderately_conservative,1
825f2de8175d5e0c_72,No,,
9a8c4c571985675a_38,Yes,strongly_conservative,1
f87d5ba3110a8495_92,Yes,moderately_conservative,1
f87d5ba3110a8495_73,Yes,strongly_conservative,1
77db7b82985b128a_4,Yes,moderate,0
7ae5e592ef485fe5_150,Yes,moderate,0
9a8c4c571985675a_157,No,,
7ae5e592ef485fe5_156,No,,
8b98822e1075cada_131,Yes,moderate,0
9a8c4c571985675a_103,Yes,strongly_conservative,1
abda31def61f9226_112,Yes,moderate,0
77db7b82985b128a_83,No,,
8b98822e1075cada_2,Yes,strongly_conservative,1
cd5b4d6bd2bc9371_61,Yes,strongly_conservative,1
252d26cfa7629b93_78,Yes,moderately_conservative,1
9a8c4c571985675a_69,Yes,strongly_conservative,1
7ae5e592ef485fe5_118,Yes,moderate,0
252d26cfa7629b93_108,Yes,moderately_conservative,1
77db7b82985b128a_58,Yes,moderate,0
3e7241c881669c5e_107,Yes,strongly_conservative,1
9a8c4c571985675a_93,Yes,strongly_conservative,1
f87d5ba3110a8495_123,Yes,strongly_conservative,1
8b98822e1075cada_124,Yes,moderate,0
77db7b82985b128a_43,Yes,strongly_conservative,1
f87d5ba3110a8495_7,Yes,moderate,0
8b98822e1075cada_76,No,,
3e7241c881669c5e_1,Yes,moderately_conservative,1
77db7b82985b128a_117,Yes,strongly_conservative,1
f87d5ba3110a8495_82,Yes,strongly_conservative,1
9a8c4c571985675a_162,Yes,moderate,0
825f2de8175d5e0c_79,No,,
77db7b82985b128a_77,Yes,moderately_conservative,1
9a8c4c571985675a_50,Yes,strongly_conservative,1
abda31def61f9226_81,Yes,strongly_conservative,1
f87d5ba3110a8495_58,Yes,strongly_conservative,1
252d26cfa7629b93_87,Yes,strongly_conservative,1
7ae5e592ef485fe5_30,Yes,moderately_conservative,1
7ae5e592ef485fe5_163,No,,
825f2de8175d5e0c_62,Yes,slightly_conservative,1
77db7b82985b128a_92,Yes,moderate,0
252d26cfa7629b93_62,Yes,strongly_conservative,1
252d26cfa7629b93_14,Yes,moderately_conservative,1
252d26cfa7629b93_103,Yes,strongly_conservative,1
abda31def61f9226_35,Yes,moderately_conservative,1
252d26cfa7629b93_134,Yes,moderately_conservative,1
f87d5ba3110a8495_16,Yes,strongly_conservative,1
252d26cfa7629b93_119,Yes,strongly_conservative,1
f87d5ba3110a8495_94,Yes,moderately_conservative,1
cd5b4d6bd2bc9371_83,Yes,slightly_conservative,1
252d26cfa7629b93_56,Yes,strongly_conservative,1
3e7241c881669c5e_105,Yes,slightly_conservative,1
16f782d77b9a16b6_8,Yes,moderate,0
0fc36ca3e2895c65_32,Yes,moderate,0
2e8622b838e0a188_27,No,,
71ae2a75a7c85b97_14,Yes,moderate,0
2e8622b838e0a188_20,Yes,moderate,0
71ae2a75a7c85b97_60,Yes,moderate,0
b62381b499d22dee_14,Yes,moderate,0
5bded12cd3c06349_24,No,,
71ae2a75a7c85b97_20,No,,
b62381b499d22dee_29,Yes,moderate,0
71ae2a75a7c85b97_43,Yes,moderate,0
16f782d77b9a16b6_63,No,,
adfd3592d31c65f8_20,Yes,slightly_liberal,-1
b62381b499d22dee_80,Yes,moderate,0
bd514c9e43d73cad_64,No,,
b62381b499d22dee_16,Yes,moderate,0
16f782d77b9a16b6_3,No,,
0679ac7b9f1ebc37_56,No,,
16f782d77b9a16b6_59,No,,
adfd3592d31c65f8_53,Yes,slightly_liberal,-1
b62381b499d22dee_82,No,,
5bded12cd3c06349_38,No,,
cc9faca776929be9_18,Yes,moderate,0
adfd3592d31c65f8_69,Yes,slightly_liberal,-1
0fc36ca3e2895c65_24,No,,
0fc36ca3e2895c65_12,No,,
71ae2a75a7c85b97_2,Yes,moderate,0
71ae2a75a7c85b97_57,Yes,moderate,0
16f782d77b9a16b6_77,No,,
0679ac7b9f1ebc37_82,No,,
bd514c9e43d73cad_41,Yes,moderately_liberal,-1
5bded12cd3c06349_18,No,,
5bded12cd3c06349_31,No,,
adfd3592d31c65f8_39,Yes,moderate,0
cc9faca776929be9_24,No,,
0679ac7b9f1ebc37_90,Yes,moderate,0
2e5507929dcac390_54,Yes,moderate,0
2e5507929dcac390_28,Yes,moderate,0
16f782d77b9a16b6_34,No,,
bd514c9e43d73cad_32,No,,
0679ac7b9f1ebc37_50,No,,
16f782d77b9a16b6_22,Yes,moderate,0
2e8622b838e0a188_39,No,,
df4584530e5f8935_19,Yes,moderate,0
b62381b499d22dee_76,Yes,moderate,0
cc9faca776929be9_16,Yes,slightly_liberal,-1
adfd3592d31c65f8_70,Yes,moderate,0
0679ac7b9f1ebc37_18,No,,
5bded12cd3c06349_27,No,,
2e5507929dcac390_37,Yes,slightly_liberal,-1
df4584530e5f8935_24,Yes,slightly_liberal,-1
b62381b499d22dee_58,Yes,moderate,0
16f782d77b9a16b6_26,No,,
2e5507929dcac390_31,Yes,moderate,0
16f782d77b9a16b6_71,No,,
bd514c9e43d73cad_66,No,,
adfd3592d31c65f8_89,No,,
0fc36ca3e2895c65_18,No,,
71ae2a75a7c85b97_62,Yes,moderate,0
16f782d77b9a16b6_31,No,,
71ae2a75a7c85b97_58,Yes,moderate,0
bd514c9e43d73cad_40,Yes,moderately_liberal,-1
adfd3592d31c65f8_60,Yes,strongly_liberal,-1
16f782d77b9a16b6_39,Yes,moderate,0
71ae2a75a7c85b97_72,Yes,moderate,0
16f782d77b9a16b6_51,No,,
2e5507929dcac390_1,Yes,moderate,0
0679ac7b9f1ebc37_12,Yes,moderate,0
2e5507929dcac390_25,Yes,slightly_liberal,-1
b62381b499d22dee_61,Yes,moderate,0
16f782d77b9a16b6_50,No,,
b62381b499d22dee_45,Yes,moderate,0
0fc36ca3e2895c65_40,Yes,moderate,0
cc9faca776929be9_5,Yes,moderate,0
bd514c9e43d73cad_81,Yes,slightly_liberal,-1
b62381b499d22dee_32,Yes,moderately_liberal,-1
16f782d77b9a16b6_21,Yes,moderate,0
adfd3592d31c65f8_64,Yes,slightly_liberal,-1
adfd3592d31c65f8_13,Yes,slightly_liberal,-1
bd514c9e43d73cad_87,No,,
16f782d77b9a16b6_32,No,,
bd514c9e43d73cad_83,No,,
16f782d77b9a16b6_40,Yes,moderate,0
0fc36ca3e2895c65_15,No,,
71ae2a75a7c85b97_36,Yes,moderate,0
71ae2a75a7c85b97_73,No,,
b62381b499d22dee_67,Yes,slightly_conservative,1
16f782d77b9a16b6_44,No,,
adfd3592d31c65f8_36,Yes,strongly_liberal,-1
5bded12cd3c06349_0,No,,
df4584530e5f8935_20,No,,
0679ac7b9f1ebc37_8,No,,
16f782d77b9a16b6_57,No,,
16f782d77b9a16b6_46,Yes,moderate,0
0fc36ca3e2895c65_21,No,,
adfd3592d31c65f8_21,Yes,moderate,0
0679ac7b9f1ebc37_79,Yes,moderate,0
0679ac7b9f1ebc37_32,No,,
2e5507929dcac390_12,Yes,moderately_liberal,-1
2e82ac87bd94e6ce_77,No,,
b62381b499d22dee_50,Yes,moderate,0
8e94dedfb36b08ed_48,Yes,strongly_liberal,-1
b3e87bdb04c34dfe_13,Yes,moderate,0
89500e8743e30d0f_33,Yes,strongly_liberal,-1
b3e87bdb04c34dfe_105,Yes,strongly_liberal,-1
ae808a42d8c63c5f_89,Yes,moderately_liberal,-1
b3e87bdb04c34dfe_96,Yes,slightly_liberal,-1
bb4089bb14712e5a_13,Yes,strongly_liberal,-1
b05d0617de548ade_74,No,,
10010a34611f8f02_85,Yes,moderate,0
b05d0617de548ade_89,Yes,moderate,0
ae808a42d8c63c5f_64,Yes,strongly_liberal,-1
8e94dedfb36b08ed_52,Yes,strongly_liberal,-1
61ae005a407828e0_2,Yes,moderate,0
2af9c37c0a98413b_73,Yes,slightly_liberal,-1
61ae005a407828e0_32,No,,
b3e87bdb04c34dfe_30,Yes,strongly_liberal,-1
b3e87bdb04c34dfe_90,Yes,moderate,0
2e82ac87bd94e6ce_61,No,,
0c6859a3a5ddd875_19,Yes,strongly_liberal,-1
bb4089bb14712e5a_25,Yes,strongly_liberal,-1
ae808a42d8c63c5f_74,Yes,strongly_liberal,-1
61ae005a407828e0_27,Yes,slightly_liberal,-1
10010a34611f8f02_74,Yes,moderate,0
89500e8743e30d0f_49,Yes,slightly_conservative,1
2af9c37c0a98413b_80,No,,
b05d0617de548ade_107,Yes,strongly_liberal,-1
ae808a42d8c63c5f_30,Yes,slightly_liberal,-1
bb4089bb14712e5a_72,Yes,moderate,0
2af9c37c0a98413b_78,Yes,slightly_liberal,-1
bb4089bb14712e5a_34,Yes,strongly_liberal,-1
b05d0617de548ade_85,Yes,moderate,0
2e82ac87bd94e6ce_4,No,,
b05d0617de548ade_87,Yes,moderate,0
b3e87bdb04c34dfe_15,Yes,moderate,0
b05d0617de548ade_75,Yes,moderate,0
0c6859a3a5ddd875_47,Yes,slightly_liberal,-1
10010a34611f8f02_55,Yes,moderate,0
b05d0617de548ade_112,No,,
bb4089bb14712e5a_20,Yes,strongly_liberal,-1
10010a34611f8f02_92,No,,
c2c64616b7a7f17a_75,Yes,moderate,0
0c6859a3a5ddd875_83,Yes,strongly_liberal,-1
2e82ac87bd94e6ce_13,No,,
b05d0617de548ade_102,Yes,moderate,0
b3e87bdb04c34dfe_101,Yes,moderate,0
ae808a42d8c63c5f_37,Yes,moderate,0
ae808a42d8c63c5f_9,No,,
2af9c37c0a98413b_13,Yes,moderate,0
b05d0617de548ade_82,No,,
c2c64616b7a7f17a_52,Yes,strongly_liberal,-1
2af9c37c0a98413b_21,Yes,strongly_liberal,-1
10010a34611f8f02_2,Yes,moderate,0
61ae005a407828e0_15,Yes,slightly_liberal,-1
2af9c37c0a98413b_32,Yes,strongly_liberal,-1
bb4089bb14712e5a_70,Yes,moderate,0
8e94dedfb36b08ed_38,Yes,slightly_liberal,-1
c2c64616b7a7f17a_63,Yes,slightly_liberal,-1
89500e8743e30d0f_55,Yes,slightly_liberal,-1
b05d0617de548ade_24,Yes,moderate,0
10010a34611f8f02_46,Yes,slightly_liberal,-1
61ae005a407828e0_48,Yes,slightly_liberal,-1
0c6859a3a5ddd875_14,Yes,moderate,0
bb4089bb14712e5a_68,Yes,moderate,0
2e82ac87bd94e6ce_57,No,,
2e82ac87bd94e6ce_63,No,,
c2c64616b7a7f17a_8,Yes,moderate,0
bb4089bb14712e5a_8,Yes,strongly_liberal,-1
0c6859a3a5ddd875_25,No,,
61ae005a407828e0_33,No,,
8e94dedfb36b08ed_19,Yes,strongly_liberal,-1
b05d0617de548ade_65,No,,
c2c64616b7a7f17a_21,Yes,moderate,0
89500e8743e30d0f_16,Yes,strongly_liberal,-1
10010a34611f8f02_28,Yes,moderate,0
2af9c37c0a98413b_92,No,,
89500e8743e30d0f_12,Yes,moderate,0
c2c64616b7a7f17a_20,Yes,moderate,0
bb4089bb14712e5a_28,Yes,strongly_liberal,-1
8e94dedfb36b08ed_26,Yes,strongly_liberal,-1
0c6859a3a5ddd875_27,Yes,moderate,0
8e94dedfb36b08ed_29,Yes,slightly_liberal,-1
0c6859a3a5ddd875_0,Yes,strongly_liberal,-1
8e94dedfb36b08ed_9,Yes,strongly_liberal,-1
ae808a42d8c63c5f_48,Yes,moderate,0
c2c64616b7a7f17a_34,Yes,slightly_liberal,-1
c2c64616b7a7f17a_39,Yes,moderate,0
b3e87bdb04c34dfe_62,Yes,moderate,0
b3e87bdb04c34dfe_69,Yes,moderate,0
61ae005a407828e0_52,Yes,moderate,0
10010a34611f8f02_29,Yes,moderate,0
10010a34611f8f02_50,No,,
89500e8743e30d0f_52,Yes,strongly_liberal,-1
bb4089bb14712e5a_29,Yes,strongly_liberal,-1
ae808a42d8c63c5f_82,Yes,moderately_liberal,-1
2af9c37c0a98413b_61,Yes,moderate,0
89500e8743e30d0f_5,Yes,strongly_liberal,-1
ae808a42d8c63c5f_17,Yes,strongly_liberal,-1
8e94dedfb36b08ed_8,Yes,strongly_liberal,-1
8e94dedfb36b08ed_13,Yes,slightly_liberal,-1
211b51a00641bd79_121,Yes,moderate,0
416d2d7c5403e3bf_115,No,,
1c35b31a1b630722_44,Yes,moderate,0
7c2bae7ad93f37cf_112,Yes,moderate,0
211b51a00641bd79_105,Yes,moderate,0
e55b2cb926a4fe5a_30,Yes,slightly_liberal,-1
1c35b31a1b630722_13,Yes,moderate,0
e55b2cb926a4fe5a_46,Yes,moderate,0
e55b2cb926a4fe5a_76,Yes,slightly_liberal,-1
50b9f90f09fc70ed_47,Yes,moderate,0
1a4689d428573b5d_82,Yes,moderately_conservative,1
647c7e9f0bb7a278_49,No,,
1c35b31a1b630722_82,Yes,moderate,0
211b51a00641bd79_123,Yes,moderate,0
7c2bae7ad93f37cf_74,Yes,moderate,0
e55b2cb926a4fe5a_111,Yes,moderate,0
1c35b31a1b630722_32,Yes,moderate,0
8904deece1cea9f6_50,Yes,moderately_liberal,-1
e55b2cb926a4fe5a_93,Yes,slightly_liberal,-1
696b6f70e03c81c2_44,Yes,moderate,0
7c2bae7ad93f37cf_97,Yes,slightly_liberal,-1
e55b2cb926a4fe5a_70,Yes,strongly_liberal,-1
1a4689d428573b5d_68,Yes,slightly_liberal,-1
1c35b31a1b630722_66,Yes,slightly_liberal,-1
1c35b31a1b630722_80,Yes,moderate,0
416d2d7c5403e3bf_113,Yes,moderate,0
1a0aceb96aaf84cf_60,Yes,moderate,0
1a0aceb96aaf84cf_100,Yes,moderate,0
e55b2cb926a4fe5a_65,Yes,slightly_conservative,1
8904deece1cea9f6_12,Yes,moderate,0
647c7e9f0bb7a278_21,Yes,slightly_liberal,-1
647c7e9f0bb7a278_0,No,,
696b6f70e03c81c2_9,Yes,strongly_liberal,-1
8904deece1cea9f6_61,No,,
1a4689d428573b5d_34,Yes,moderate,0
e55b2cb926a4fe5a_1,No,,
e845682e84252de9_106,Yes,moderate,0
7c2bae7ad93f37cf_81,Yes,moderate,0
1a4689d428573b5d_101,Yes,strongly_liberal,-1
647c7e9f0bb7a278_89,Yes,moderate,0
e55b2cb926a4fe5a_55,Yes,moderate,0
1a4689d428573b5d_19,Yes,moderate,0
1c35b31a1b630722_103,Yes,moderate,0
1a4689d428573b5d_105,Yes,moderate,0
416d2d7c5403e3bf_114,Yes,moderate,0
50b9f90f09fc70ed_6,Yes,moderately_liberal,-1
7c2bae7ad93f37cf_22,Yes,moderate,0
416d2d7c5403e3bf_86,Yes,strongly_liberal,-1
416d2d7c5403e3bf_57,Yes,moderate,0
211b51a00641bd79_125,No,,
416d2d7c5403e3bf_58,Yes,moderate,0
647c7e9f0bb7a278_64,Yes,strongly_liberal,-1
647c7e9f0bb7a278_17,Yes,strongly_liberal,-1
1a0aceb96aaf84cf_83,Yes,moderate,0
416d2d7c5403e3bf_68,No,,
647c7e9f0bb7a278_90,Yes,strongly_liberal,-1
696b6f70e03c81c2_45,Yes,moderate,0
8904deece1cea9f6_87,Yes,strongly_liberal,-1
696b6f70e03c81c2_62,Yes,moderate,0
8904deece1cea9f6_15,Yes,moderate,0
416d2d7c5403e3bf_29,Yes,slightly_liberal,-1
8904deece1cea9f6_65,Yes,moderately_liberal,-1
1a0aceb96aaf84cf_107,Yes,slightly_liberal,-1
e845682e84252de9_23,Yes,moderate,0
7c2bae7ad93f37cf_121,No,,
e845682e84252de9_130,No,,
1a0aceb96aaf84cf_72,Yes,moderate,0
1a0aceb96aaf84cf_82,No,,
211b51a00641bd79_30,Yes,moderate,0
8904deece1cea9f6_75,Yes,slightly_liberal,-1
e845682e84252de9_98,No,,
e55b2cb926a4fe5a_52,Yes,moderate,0
8904deece1cea9f6_49,Yes,moderately_liberal,-1
696b6f70e03c81c2_84,Yes,moderate,0
8904deece1cea9f6_58,Yes,slightly_liberal,-1
696b6f70e03c81c2_79,No,,
1a0aceb96aaf84cf_20,Yes,strongly_liberal,-1
7c2bae7ad93f37cf_38,Yes,slightly_liberal,-1
e55b2cb926a4fe5a_53,Yes,moderate,0
1c35b31a1b630722_118,No,,
647c7e9f0bb7a278_37,Yes,moderate,0
e845682e84252de9_47,Yes,moderate,0
7c2bae7ad93f37cf_17,Yes,moderate,0
50b9f90f09fc70ed_9,Yes,slightly_liberal,-1
e845682e84252de9_91,Yes,slightly_liberal,-1
647c7e9f0bb7a278_72,Yes,moderate,0
1c35b31a1b630722_47,Yes,moderate,0
647c7e9f0bb7a278_13,Yes,moderate,0
1a4689d428573b5d_2,No,,
647c7e9f0bb7a278_32,Yes,slightly_liberal,-1
211b51a00641bd79_26,Yes,moderate,0
7c2bae7ad93f37cf_26,Yes,moderate,0
1c35b31a1b630722_95,Yes,moderate,0
211b51a00641bd79_4,Yes,moderate,0
1a4689d428573b5d_54,Yes,moderate,0
1c35b31a1b630722_75,Yes,strongly_liberal,-1
416d2d7c5403e3bf_5,Yes,moderate,0
696b6f70e03c81c2_49,Yes,moderate,0
b09cfd10b2e89c3f_10,No,,
416d2d7c5403e3bf_65,Yes,moderate,0
1c35b31a1b630722_8,Yes,moderate,0
3b7e74f24dc6bbc3_24,No,,
1862298da3abc943_23,Yes,moderate,0
3bccd3206e773d7d_20,No,,
3b7e74f24dc6bbc3_2,No,,
88b4828c844c311d_36,Yes,strongly_conservative,1
ec20afe42c482e9f_5,Yes,moderately_conservative,1
1862298da3abc943_29,Yes,strongly_conservative,1
88b4828c844c311d_34,Yes,strongly_conservative,1
88b4828c844c311d_20,No,,
b09cfd10b2e89c3f_1,No,,
1862298da3abc943_16,Yes,strongly_conservative,1
88b4828c844c311d_21,Yes,strongly_conservative,1
b09cfd10b2e89c3f_14,Yes,moderate,0
3b7e74f24dc6bbc3_28,No,,
90201a08e3f2761e_5,Yes,moderately_conservative,1
ec20afe42c482e9f_1,No,,
1862298da3abc943_38,Yes,strongly_conservative,1
90201a08e3f2761e_15,Yes,moderate,0
3b7e74f24dc6bbc3_4,Yes,moderately_conservative,1
d09b9170c5ee665c_9,Yes,strongly_conservative,1
88b4828c844c311d_2,Yes,moderate,0
8d610c23d2ad2fb5_28,Yes,strongly_conservative,1
d09b9170c5ee665c_20,Yes,strongly_conservative,1
25f33d3cb8cf366a_13,Yes,strongly_conservative,1
88b4828c844c311d_6,Yes,moderately_conservative,1
d09b9170c5ee665c_3,Yes,strongly_conservative,1
1862298da3abc943_40,No,,
90201a08e3f2761e_9,Yes,moderate,0
88b4828c844c311d_24,Yes,strongly_conservative,1
25f33d3cb8cf366a_4,Yes,strongly_conservative,1
88b4828c844c311d_4,Yes,strongly_conservative,1
1862298da3abc943_1,Yes,strongly_conservative,1
3b7e74f24dc6bbc3_25,No,,
3bccd3206e773d7d_18,No,,
88b4828c844c311d_9,Yes,strongly_conservative,1
3b7e74f24dc6bbc3_0,No,,
270c346e07e7f9c2_0,No,,
88b4828c844c311d_37,Yes,moderately_conservative,1
88b4828c844c311d_33,Yes,strongly_liberal,-1
5e3d842d4925b1cc_5,Yes,moderate,0
ec20afe42c482e9f_9,Yes,moderate,0
25f33d3cb8cf366a_6,Yes,strongly_conservative,1
ec20afe42c482e9f_11,Yes,moderately_conservative,1
3b7e74f24dc6bbc3_27,No,,
270c346e07e7f9c2_23,Yes,strongly_conservative,1
ec20afe42c482e9f_3,Yes,strongly_conservative,1
ec20afe42c482e9f_19,Yes,strongly_conservative,1
90201a08e3f2761e_0,No,,
1862298da3abc943_12,Yes,strongly_conservative,1
88b4828c844c311d_12,Yes,moderate,0
3bccd3206e773d7d_2,No,,
3bccd3206e773d7d_11,Yes,strongly_conservative,1
3bccd3206e773d7d_1,No,,
3b7e74f24dc6bbc3_26,No,,
270c346e07e7f9c2_22,Yes,strongly_conservative,1
b09cfd10b2e89c3f_28,Yes,moderate,0
25f33d3cb8cf366a_3,Yes,strongly_conservative,1
5e3d842d4925b1cc_1,Yes,moderate,0
3bccd3206e773d7d_14,Yes,moderately_conservative,1
ec20afe42c482e9f_22,No,,
d09b9170c5ee665c_7,Yes,strongly_conservative,1
1862298da3abc943_44,Yes,moderately_conservative,1
8d610c23d2ad2fb5_27,Yes,moderate,0
270c346e07e7f9c2_2,No,,
1862298da3abc943_11,Yes,strongly_conservative,1
ec20afe42c482e9f_2,No,,
b09cfd10b2e89c3f_9,Yes,moderately_conservative,1
3b7e74f24dc6bbc3_16,Yes,strongly_conservative,1
b09cfd10b2e89c3f_6,Yes,moderate,0
1862298da3abc943_27,Yes,moderately_conservative,1
3b7e74f24dc6bbc3_8,Yes,strongly_conservative,1
270c346e07e7f9c2_6,Yes,strongly_conservative,1
ec20afe42c482e9f_0,No,,
90201a08e3f2761e_10,Yes,moderate,0
1862298da3abc943_54,Yes,strongly_conservative,1
88b4828c844c311d_0,No,,
b09cfd10b2e89c3f_27,Yes,moderate,0
1862298da3abc943_53,Yes,strongly_conservative,1
88b4828c844c311d_11,Yes,moderate,0
88b4828c844c311d_18,Yes,moderately_conservative,1
90201a08e3f2761e_18,Yes,strongly_conservative,1
1862298da3abc943_19,Yes,moderately_conservative,1
b09cfd10b2e89c3f_4,Yes,moderate,0
8d610c23d2ad2fb5_26,Yes,moderate,0
d09b9170c5ee665c_5,Yes,strongly_conservative,1
270c346e07e7f9c2_10,No,,
1862298da3abc943_32,Yes,strongly_conservative,1
5e3d842d4925b1cc_7,Yes,moderate,0
90201a08e3f2761e_17,Yes,strongly_conservative,1
5e3d842d4925b1cc_10,Yes,moderately_conservative,1
270c346e07e7f9c2_14,Yes,strongly_conservative,1
1862298da3abc943_13,No,,
25f33d3cb8cf366a_12,Yes,strongly_conservative,1
90201a08e3f2761e_14,No,,
88b4828c844c311d_32,Yes,strongly_conservative,1
da9ca90b1c668829_218,No,,
88b4828c844c311d_35,Yes,strongly_conservative,1
da9ca90b1c668829_110,No,,
b09cfd10b2e89c3f_17,Yes,moderate,0
25f33d3cb8cf366a_7,Yes,strongly_conservative,1
1862298da3abc943_15,Yes,strongly_conservative,1
6603276e1f66770e_6,No,,
aae0a6f4871ef51c_47,Yes,moderate,0
d9bfe7c5df9f1283_49,Yes,strongly_liberal,-1
8058dfeb4587df78_31,No,,
06e6476fe36b9942_37,Yes,strongly_liberal,-1
d9bfe7c5df9f1283_6,Yes,moderate,0
da9ca90b1c668829_193,No,,
aae0a6f4871ef51c_33,Yes,moderate,0
8058dfeb4587df78_87,Yes,moderate,0
8058dfeb4587df78_44,No,,
da9ca90b1c668829_133,No,,
7485307e06f53d43_92,No,,
43324a5ccd52807d_0,Yes,moderate,0
da9ca90b1c668829_95,No,,
76c93da2e9a56ef7_166,No,,
aae0a6f4871ef51c_79,Yes,moderate,0
6603276e1f66770e_67,Yes,moderate,0
6603276e1f66770e_120,Yes,slightly_liberal,-1
aae0a6f4871ef51c_103,Yes,moderate,0
43324a5ccd52807d_17,Yes,strongly_liberal,-1
d9bfe7c5df9f1283_4,Yes,moderate,0
7485307e06f53d43_60,No,,
7485307e06f53d43_144,Yes,slightly_liberal,-1
6603276e1f66770e_123,Yes,moderate,0
43324a5ccd52807d_15,No,,
af349487ba5059b3_56,Yes,strongly_liberal,-1
7485307e06f53d43_4,No,,
8058dfeb4587df78_84,No,,
408d56749c7d9cd8_38,Yes,strongly_liberal,-1
d9bfe7c5df9f1283_7,Yes,moderate,0
aae0a6f4871ef51c_68,No,,
7485307e06f53d43_119,No,,
43324a5ccd52807d_119,No,,
76c93da2e9a56ef7_67,Yes,strongly_liberal,-1
8058dfeb4587df78_80,No,,
5cb94cc1c12e3621_35,No,,
06e6476fe36b9942_55,No,,
af349487ba5059b3_79,Yes,strongly_liberal,-1
408d56749c7d9cd8_29,Yes,slightly_liberal,-1
af349487ba5059b3_13,No,,
7485307e06f53d43_8,Yes,strongly_liberal,-1
6603276e1f66770e_69,Yes,slightly_liberal,-1
d9bfe7c5df9f1283_81,Yes,moderate,0
6603276e1f66770e_82,Yes,slightly_liberal,-1
da9ca90b1c668829_137,No,,
06e6476fe36b9942_6,Yes,slightly_liberal,-1
d9bfe7c5df9f1283_1,Yes,moderate,0
af349487ba5059b3_2,Yes,strongly_liberal,-1
da9ca90b1c668829_194,No,,
da9ca90b1c668829_141,No,,
76c93da2e9a56ef7_130,No,,
76c93da2e9a56ef7_77,Yes,moderately_conservative,1
76c93da2e9a56ef7_104,Yes,moderate,0
408d56749c7d9cd8_5,Yes,moderate,0
06e6476fe36b9942_30,No,,
8058dfeb4587df78_69,No,,
76c93da2e9a56ef7_42,Yes,strongly_liberal,-1
5cb94cc1c12e3621_11,No,,
43324a5ccd52807d_179,No,,
43324a5ccd52807d_33,No,,
06e6476fe36b9942_31,No,,
06e6476fe36b9942_19,Yes,strongly_liberal,-1
43324a5ccd52807d_24,Yes,strongly_liberal,-1
8058dfeb4587df78_10,No,,
5cb94cc1c12e3621_14,Yes,moderate,0
8058dfeb4587df78_32,No,,
7485307e06f53d43_1,Yes,strongly_liberal,-1
7485307e06f53d43_26,Yes,strongly_liberal,-1
8058dfeb4587df78_46,No,,
43324a5ccd52807d_123,No,,
6603276e1f66770e_113,Yes,strongly_liberal,-1
43324a5ccd52807d_115,No,,
76c93da2e9a56ef7_140,Yes,strongly_liberal,-1
5cb94cc1c12e3621_52,No,,
af349487ba5059b3_17,Yes,strongly_liberal,-1
6603276e1f66770e_58,Yes,moderate,0
06e6476fe36b9942_78,Yes,strongly_liberal,-1
7485307e06f53d43_3,Yes,strongly_liberal,-1
5cb94cc1c12e3621_82,Yes,slightly_liberal,-1
43324a5ccd52807d_232,No,,
da9ca90b1c668829_179,Yes,strongly_liberal,-1
5cb94cc1c12e3621_77,Yes,slightly_liberal,-1
5cb94cc1c12e3621_23,No,,
da9ca90b1c668829_6,No,,
6603276e1f66770e_2,Yes,strongly_liberal,-1
6603276e1f66770e_111,Yes,slightly_liberal,-1
8058dfeb4587df78_108,No,,
5cb94cc1c12e3621_16,No,,
da9ca90b1c668829_63,No,,
da9ca90b1c668829_87,No,,
06e6476fe36b9942_8,Yes,moderate,0
76c93da2e9a56ef7_170,No,,
43324a5ccd52807d_157,Yes,moderate,0
6603276e1f66770e_42,Yes,slightly_liberal,-1
43324a5ccd52807d_223,No,,
6603276e1f66770e_83,Yes,slightly_liberal,-1
76c93da2e9a56ef7_117,Yes,strongly_liberal,-1
76c93da2e9a56ef7_4,Yes,strongly_liberal,-1
c1924c49cecd83ca_10,No,,
eb6c2e4fc30842c9_204,No,,
1986378ef04de1da_74,Yes,strongly_liberal,-1
7bbb23dfcd43b792_157,Yes,moderate,0
b7fc17575ed925cb_63,Yes,strongly_liberal,-1
15c6a51328141683_17,Yes,strongly_liberal,-1
a5c80e3af9171f25_34,No,,
25b62bb9c881467f_41,Yes,moderate,0
c1924c49cecd83ca_5,Yes,strongly_liberal,-1
eb6c2e4fc30842c9_108,Yes,moderate,0
eb6c2e4fc30842c9_21,Yes,strongly_liberal,-1
25b62bb9c881467f_25,No,,
81b73602e6431b48_15,Yes,strongly_liberal,-1
b7fc17575ed925cb_177,Yes,moderate,0
15c6a51328141683_29,Yes,moderate,0
15c6a51328141683_23,Yes,strongly_liberal,-1
7bbb23dfcd43b792_45,Yes,moderately_liberal,-1
8930d3108c775fc9_34,Yes,slightly_liberal,-1
15c6a51328141683_184,Yes,moderate,0
81b73602e6431b48_5,Yes,strongly_liberal,-1
b7fc17575ed925cb_2,Yes,strongly_liberal,-1
8930d3108c775fc9_40,Yes,moderate,0
15c6a51328141683_244,Yes,moderately_liberal,-1
b7fc17575ed925cb_225,Yes,strongly_liberal,-1
15c6a51328141683_46,Yes,strongly_liberal,-1
15c6a51328141683_109,Yes,slightly_liberal,-1
15c6a51328141683_265,Yes,moderately_liberal,-1
15c6a51328141683_188,Yes,strongly_liberal,-1
15c6a51328141683_247,Yes,moderate,0
15c6a51328141683_18,Yes,strongly_liberal,-1
7bbb23dfcd43b792_22,Yes,strongly_liberal,-1
7bbb23dfcd43b792_91,Yes,moderate,0
eb6c2e4fc30842c9_138,Yes,moderate,0
eb6c2e4fc30842c9_158,Yes,moderately_liberal,-1
eb6c2e4fc30842c9_229,Yes,moderate,0
15c6a51328141683_55,Yes,strongly_liberal,-1
b7fc17575ed925cb_55,Yes,slightly_liberal,-1
c1924c49cecd83ca_16,No,,
4f4ca7c299feb542_25,No,,
a5c80e3af9171f25_19,Yes,strongly_liberal,-1
b7fc17575ed925cb_91,Yes,strongly_liberal,-1
81b73602e6431b48_6,Yes,moderately_liberal,-1
b7fc17575ed925cb_13,Yes,moderate,0
25b62bb9c881467f_49,Yes,moderate,0
7bbb23dfcd43b792_108,Yes,slightly_liberal,-1
7bbb23dfcd43b792_33,Yes,moderate,0
7bbb23dfcd43b792_55,Yes,strongly_liberal,-1
eb6c2e4fc30842c9_156,Yes,strongly_liberal,-1
15c6a51328141683_220,Yes,strongly_liberal,-1
eb6c2e4fc30842c9_213,Yes,moderate,0
b7fc17575ed925cb_61,Yes,strongly_liberal,-1
15c6a51328141683_131,Yes,slightly_liberal,-1
eb6c2e4fc30842c9_302,Yes,moderate,0
15c6a51328141683_135,Yes,slightly_liberal,-1
25b62bb9c881467f_14,Yes,moderate,0
1986378ef04de1da_108,Yes,strongly_liberal,-1
7bbb23dfcd43b792_224,Yes,moderate,0
7bbb23dfcd43b792_67,Yes,moderate,0
1986378ef04de1da_47,No,,
15c6a51328141683_141,Yes,strongly_liberal,-1
1986378ef04de1da_85,No,,
4f4ca7c299feb542_34,No,,
a5c80e3af9171f25_29,Yes,strongly_liberal,-1
15c6a51328141683_124,Yes,moderate,0
b7fc17575ed925cb_64,Yes,strongly_liberal,-1
7bbb23dfcd43b792_59,Yes,slightly_liberal,-1
eb6c2e4fc30842c9_262,Yes,strongly_liberal,-1
eb6c2e4fc30842c9_217,Yes,slightly_liberal,-1
eb6c2e4fc30842c9_32,Yes,strongly_liberal,-1
7bbb23dfcd43b792_132,Yes,moderate,0
7bbb23dfcd43b792_205,Yes,strongly_liberal,-1
eb6c2e4fc30842c9_286,Yes,moderate,0
4f4ca7c299feb542_11,Yes,moderately_liberal,-1
eb6c2e4fc30842c9_307,Yes,strongly_liberal,-1
25b62bb9c881467f_15,Yes,moderate,0
8930d3108c775fc9_79,Yes,strongly_liberal,-1
1986378ef04de1da_8,Yes,slightly_conservative,1
7bbb23dfcd43b792_193,Yes,moderate,0
15c6a51328141683_102,Yes,slightly_liberal,-1
15c6a51328141683_107,Yes,strongly_liberal,-1
eb6c2e4fc30842c9_251,Yes,moderately_liberal,-1
15c6a51328141683_168,Yes,moderately_liberal,-1
25b62bb9c881467f_51,Yes,strongly_liberal,-1
eb6c2e4fc30842c9_2,Yes,strongly_liberal,-1
1986378ef04de1da_86,No,,
b7fc17575ed925cb_81,Yes,moderate,0
eb6c2e4fc30842c9_267,Yes,moderate,0
b7fc17575ed925cb_9,No,,
eb6c2e4fc30842c9_218,Yes,slightly_liberal,-1
eb6c2e4fc30842c9_177,Yes,strongly_liberal,-1
15c6a51328141683_80,Yes,moderate,0
7bbb23dfcd43b792_218,Yes,moderate,0
4f4ca7c299feb542_85,Yes,moderate,0
7bbb23dfcd43b792_202,Yes,moderate,0
15c6a51328141683_233,Yes,slightly_liberal,-1
eb6c2e4fc30842c9_295,Yes,moderate,0
eb6c2e4fc30842c9_214,Yes,strongly_liberal,-1
1986378ef04de1da_27,Yes,moderate,0
15c6a51328141683_304,Yes,moderately_liberal,-1
15c6a51328141683_144,Yes,strongly_liberal,-1
fc6f118c72ffa226_8,Yes,moderate,0
46aa36008bfe2d90_37,Yes,slightly_liberal,-1
f3a5f6eab95b99d2_8,Yes,moderate,0
827394d897311a6c_11,Yes,moderately_conservative,1
f3a5f6eab95b99d2_45,Yes,moderate,0
827394d897311a6c_26,Yes,moderate,0
12cdfb50f1c0373b_53,Yes,moderate,0
76170554908bf6fb_36,Yes,slightly_liberal,-1
f3a5f6eab95b99d2_11,Yes,strongly_liberal,-1
827394d897311a6c_5,Yes,slightly_conservative,1
fc6f118c72ffa226_19,Yes,strongly_liberal,-1
76170554908bf6fb_21,Yes,strongly_liberal,-1
441d23042157cfdc_2,Yes,moderate,0
b8d370d5bcfc4c92_45,No,,
46aa36008bfe2d90_13,Yes,moderate,0
73d660f4114719df_15,Yes,moderate,0
b8d370d5bcfc4c92_42,Yes,slightly_liberal,-1
73d660f4114719df_21,Yes,moderate,0
73fafa663c34f1c6_29,No,,
fc6f118c72ffa226_25,Yes,slightly_liberal,-1
12cdfb50f1c0373b_9,Yes,moderate,0
441d23042157cfdc_0,No,,
46aa36008bfe2d90_10,Yes,moderate,0
59dc167ee288f515_33,Yes,moderate,0
12cdfb50f1c0373b_6,Yes,moderate,0
76170554908bf6fb_12,Yes,slightly_liberal,-1
59dc167ee288f515_25,Yes,moderate,0
b8d370d5bcfc4c92_10,Yes,moderately_liberal,-1
76170554908bf6fb_14,Yes,moderate,0
f3a5f6eab95b99d2_31,Yes,strongly_liberal,-1
f3a5f6eab95b99d2_12,Yes,slightly_liberal,-1
73fafa663c34f1c6_32,No,,
73d660f4114719df_32,Yes,moderate,0
73fafa663c34f1c6_7,No,,
12cdfb50f1c0373b_3,Yes,moderate,0
76170554908bf6fb_30,Yes,moderate,0
441d23042157cfdc_4,Yes,moderate,0
12cdfb50f1c0373b_1,Yes,moderate,0
46aa36008bfe2d90_12,Yes,moderate,0
12cdfb50f1c0373b_47,Yes,moderate,0
73fafa663c34f1c6_4,No,,
b8d370d5bcfc4c92_25,Yes,moderate,0
59dc167ee288f515_35,Yes,slightly_liberal,-1
46aa36008bfe2d90_22,Yes,strongly_liberal,-1
73fafa663c34f1c6_18,No,,
827394d897311a6c_25,Yes,moderate,0
59dc167ee288f515_11,Yes,moderate,0
73d660f4114719df_4,Yes,moderate,0
59dc167ee288f515_15,Yes,moderate,0
73fafa663c34f1c6_1,No,,
59dc167ee288f515_10,Yes,moderate,0
76170554908bf6fb_42,No,,
12cdfb50f1c0373b_39,Yes,moderate,0
b8d370d5bcfc4c92_2,Yes,moderate,0
441d23042157cfdc_11,Yes,moderate,0
76170554908bf6fb_27,Yes,moderate,0
b8d370d5bcfc4c92_23,Yes,moderate,0
fc6f118c72ffa226_38,No,,
827394d897311a6c_16,Yes,slightly_conservative,1
fc6f118c72ffa226_34,Yes,slightly_liberal,-1
73d660f4114719df_26,Yes,moderate,0
12cdfb50f1c0373b_59,No,,
f3a5f6eab95b99d2_15,Yes,strongly_liberal,-1
fc6f118c72ffa226_5,Yes,strongly_liberal,-1
441d23042157cfdc_47,No,,
12cdfb50f1c0373b_45,Yes,moderate,0
827394d897311a6c_20,Yes,moderate,0
441d23042157cfdc_39,Yes,moderate,0
12cdfb50f1c0373b_20,Yes,moderate,0
827394d897311a6c_17,Yes,slightly_liberal,-1
73d660f4114719df_34,No,,
73fafa663c34f1c6_22,No,,
b8d370d5bcfc4c92_18,Yes,moderately_liberal,-1
f3a5f6eab95b99d2_0,No,,
b8d370d5bcfc4c92_21,Yes,slightly_liberal,-1
f3a5f6eab95b99d2_58,Yes,slightly_liberal,-1
76170554908bf6fb_18,Yes,slightly_liberal,-1
f3a5f6eab95b99d2_23,Yes,slightly_liberal,-1
f3a5f6eab95b99d2_52,No,,
59dc167ee288f515_41,Yes,moderate,0
76170554908bf6fb_9,Yes,moderate,0
b8d370d5bcfc4c92_38,Yes,moderate,0
fc6f118c72ffa226_30,Yes,moderate,0
73fafa663c34f1c6_13,No,,
59dc167ee288f515_14,Yes,moderate,0
73d660f4114719df_3,Yes,slightly_liberal,-1
76170554908bf6fb_6,Yes,moderate,0
827394d897311a6c_3,No,,
f3a5f6eab95b99d2_44,Yes,moderate,0
12cdfb50f1c0373b_40,Yes,moderate,0
12cdfb50f1c0373b_54,Yes,slightly_liberal,-1
73d660f4114719df_31,Yes,moderate,0
76170554908bf6fb_19,Yes,slightly_liberal,-1
f3a5f6eab95b99d2_53,Yes,moderate,0
76170554908bf6fb_28,Yes,moderate,0
b8d370d5bcfc4c92_3,Yes,moderate,0
73d660f4114719df_2,Yes,moderate,0
b8d370d5bcfc4c92_28,Yes,moderate,0
12cdfb50f1c0373b_19,Yes,moderate,0
12cdfb50f1c0373b_42,Yes,slightly_liberal,-1
19b89ecbc5cdf2f4_42,No,,
9cf646ca4e33cbcc_11,No,,
19b89ecbc5cdf2f4_29,Yes,moderate,0
a09b85b215bab680_25,Yes,slightly_liberal,-1
ededecf21c600439_61,Yes,slightly_liberal,-1
9cf646ca4e33cbcc_4,Yes,moderate,0
19b89ecbc5cdf2f4_1,No,,
e7f5088a0b7d089f_71,Yes,moderate,0
a09b85b215bab680_41,No,,
a09b85b215bab680_56,Yes,moderately_liberal,-1
3e3aa64af4fe2279_15,Yes,moderate,0
c460a29719a06235_33,No,,
7950d0a16ef5aca6_13,No,,
c460a29719a06235_1,Yes,moderate,0
e7f5088a0b7d089f_45,No,,
e7f5088a0b7d089f_36,Yes,moderate,0
e7f5088a0b7d089f_56,Yes,slightly_liberal,-1
9cf646ca4e33cbcc_14,Yes,moderate,0
7950d0a16ef5aca6_52,Yes,moderate,0
c460a29719a06235_20,No,,
e7f5088a0b7d089f_21,No,,
ededecf21c600439_8,Yes,moderate,0
19b89ecbc5cdf2f4_25,Yes,strongly_liberal,-1
7950d0a16ef5aca6_92,Yes,moderate,0
9cf646ca4e33cbcc_5,Yes,moderate,0
c460a29719a06235_27,No,,
1c0eb664ea68626c_5,No,,
ededecf21c600439_56,Yes,moderate,0
a09b85b215bab680_68,Yes,moderate,0
19b89ecbc5cdf2f4_13,Yes,moderate,0
a09b85b215bab680_8,Yes,moderate,0
a09b85b215bab680_14,Yes,moderately_liberal,-1
387efd1ffb7999a9_0,Yes,moderate,0
3e3aa64af4fe2279_3,Yes,moderate,0
7950d0a16ef5aca6_60,Yes,moderate,0
19b89ecbc5cdf2f4_2,Yes,strongly_liberal,-1
e7f5088a0b7d089f_34,Yes,moderate,0
7950d0a16ef5aca6_21,Yes,moderate,0
ededecf21c600439_42,Yes,slightly_liberal,-1
a09b85b215bab680_49,No,,
d51c6f9a4dfd3040_0,Yes,moderate,0
1c0eb664ea68626c_1,Yes,moderate,0
ededecf21c600439_54,Yes,moderate,0
ededecf21c600439_55,Yes,strongly_liberal,-1
ededecf21c600439_79,No,,
7950d0a16ef5aca6_67,Yes,moderate,0
1c0eb664ea68626c_7,No,,
9cf646ca4e33cbcc_6,Yes,moderate,0
19b89ecbc5cdf2f4_28,Yes,slightly_liberal,-1
7950d0a16ef5aca6_37,Yes,slightly_liberal,-1
9cf646ca4e33cbcc_13,Yes,moderate,0
e7f5088a0b7d089f_4,Yes,slightly_liberal,-1
d51c6f9a4dfd3040_16,Yes,moderate,0
ededecf21c600439_63,Yes,moderate,0
ededecf21c600439_75,Yes,slightly_liberal,-1
ededecf21c600439_76,No,,
3e3aa64af4fe2279_6,Yes,moderate,0
7950d0a16ef5aca6_69,Yes,moderate,0
c460a29719a06235_7,Yes,moderate,0
a09b85b215bab680_35,Yes,moderate,0
a09b85b215bab680_27,No,,
9cf646ca4e33cbcc_7,Yes,moderate,0
19b89ecbc5cdf2f4_8,Yes,strongly_liberal,-1
e7f5088a0b7d089f_41,Yes,moderate,0
e7f5088a0b7d089f_33,Yes,moderate,0
c460a29719a06235_19,No,,
a09b85b215bab680_63,Yes,slightly_liberal,-1
c460a29719a06235_8,Yes,moderate,0
387efd1ffb7999a9_15,Yes,moderate,0
ededecf21c600439_14,No,,
e7f5088a0b7d089f_59,Yes,moderate,0
c460a29719a06235_12,Yes,moderate,0
19b89ecbc5cdf2f4_30,No,,
a09b85b215bab680_2,Yes,moderate,0
d51c6f9a4dfd3040_12,Yes,moderate,0
e7f5088a0b7d089f_27,No,,
e7f5088a0b7d089f_52,Yes,moderate,0
19b89ecbc5cdf2f4_17,Yes,moderate,0
a09b85b215bab680_30,No,,
e7f5088a0b7d089f_37,Yes,moderate,0
7950d0a16ef5aca6_39,Yes,moderate,0
e7f5088a0b7d089f_40,Yes,moderate,0
1c0eb664ea68626c_9,No,,
ededecf21c600439_49,Yes,slightly_liberal,-1
7950d0a16ef5aca6_48,Yes,moderate,0
7950d0a16ef5aca6_83,Yes,moderate,0
c460a29719a06235_29,Yes,moderate,0
7950d0a16ef5aca6_24,Yes,slightly_liberal,-1
7950d0a16ef5aca6_41,Yes,moderate,0
e7f5088a0b7d089f_70,Yes,moderate,0
e7f5088a0b7d089f_9,No,,
ededecf21c600439_64,Yes,moderately_conservative,1
a09b85b215bab680_37,Yes,slightly_liberal,-1
e7f5088a0b7d089f_67,Yes,moderate,0
9cf646ca4e33cbcc_12,Yes,moderate,0
7950d0a16ef5aca6_109,No,,
5a67f28366306fc9_18,No,,
a09b85b215bab680_43,Yes,moderately_liberal,-1
19b89ecbc5cdf2f4_9,Yes,strongly_liberal,-1
387efd1ffb7999a9_6,Yes,moderate,0
7950d0a16ef5aca6_104,Yes,moderate,0
087d56b5a51ee558_14,Yes,moderate,0
ea6da0187a31a367_17,No,,
6f4fbca500672023_31,Yes,moderate,0
967251e7c2e1e303_45,Yes,slightly_liberal,-1
975efec1d5ddaaeb_24,Yes,moderate,0
ea6da0187a31a367_6,No,,
13e586d8cd2af4e4_24,Yes,moderately_liberal,-1
5a67f28366306fc9_1,Yes,moderate,0
ea6da0187a31a367_24,No,,
975efec1d5ddaaeb_18,Yes,moderately_liberal,-1
975efec1d5ddaaeb_34,Yes,moderate,0
8566442b84849b20_14,Yes,moderate,0
b1e055f8c52e754a_33,Yes,moderate,0
f207fea5f358a536_2,Yes,moderate,0
13e586d8cd2af4e4_4,Yes,strongly_liberal,-1
6f4fbca500672023_53,Yes,moderate,0
8566442b84849b20_25,Yes,moderate,0
283591ab3b6658b9_31,Yes,moderate,0
283591ab3b6658b9_12,Yes,strongly_liberal,-1
283591ab3b6658b9_1,Yes,moderate,0
6f4fbca500672023_10,Yes,moderate,0
9c991301e0ea92ad_11,Yes,slightly_liberal,-1
967251e7c2e1e303_5,No,,
ea6da0187a31a367_4,No,,
6f4fbca500672023_45,Yes,moderate,0
087d56b5a51ee558_1,Yes,moderate,0
9c991301e0ea92ad_14,Yes,moderate,0
6f4fbca500672023_33,Yes,moderate,0
5a67f28366306fc9_9,Yes,moderate,0
f207fea5f358a536_24,Yes,moderate,0
975efec1d5ddaaeb_12,Yes,moderate,0
ea6da0187a31a367_28,No,,
6f4fbca500672023_34,Yes,moderate,0
5a67f28366306fc9_8,Yes,slightly_conservative,1
13e586d8cd2af4e4_8,Yes,moderate,0
283591ab3b6658b9_19,Yes,moderate,0
ea6da0187a31a367_31,No,,
b1e055f8c52e754a_12,Yes,moderate,0
f207fea5f358a536_34,Yes,moderate,0
8566442b84849b20_15,Yes,moderate,0
6f4fbca500672023_72,Yes,moderate,0
6f4fbca500672023_81,Yes,moderate,0
087d56b5a51ee558_17,Yes,moderately_conservative,1
6f4fbca500672023_62,Yes,moderate,0
975efec1d5ddaaeb_0,No,,
087d56b5a51ee558_13,Yes,moderate,0
6f4fbca500672023_65,Yes,moderate,0
975efec1d5ddaaeb_16,Yes,slightly_conservative,1
967251e7c2e1e303_42,Yes,moderately_liberal,-1
8566442b84849b20_1,Yes,moderate,0
6f4fbca500672023_82,Yes,moderate,0
f207fea5f358a536_15,Yes,moderate,0
ea6da0187a31a367_34,No,,
ea6da0187a31a367_32,No,,
f207fea5f358a536_29,Yes,moderate,0
9c991301e0ea92ad_7,Yes,moderate,0
8566442b84849b20_0,Yes,moderate,0
6f4fbca500672023_4,Yes,moderate,0
087d56b5a51ee558_18,No,,
6f4fbca500672023_40,Yes,moderate,0
6f4fbca500672023_74,Yes,moderate,0
6f4fbca500672023_69,Yes,moderate,0
5a67f28366306fc9_6,Yes,moderate,0
967251e7c2e1e303_16,No,,
975efec1d5ddaaeb_14,Yes,strongly_liberal,-1
9c991301e0ea92ad_9,Yes,slightly_liberal,-1
283591ab3b6658b9_24,Yes,moderate,0
6f4fbca500672023_1,Yes,moderate,0
9c991301e0ea92ad_8,Yes,moderate,0
8566442b84849b20_9,Yes,moderate,0
b1e055f8c52e754a_38,Yes,moderate,0
967251e7c2e1e303_9,No,,
6f4fbca500672023_51,Yes,moderate,0
283591ab3b6658b9_18,Yes,strongly_liberal,-1
5a67f28366306fc9_10,Yes,moderate,0
b1e055f8c52e754a_35,Yes,slightly_liberal,-1
967251e7c2e1e303_30,No,,
9c991301e0ea92ad_15,Yes,moderate,0
9c991301e0ea92ad_1,Yes,moderate,0
6f4fbca500672023_8,Yes,moderate,0
b1e055f8c52e754a_28,Yes,slightly_liberal,-1
b1e055f8c52e754a_4,Yes,slightly_liberal,-1
6f4fbca500672023_30,Yes,moderate,0
6f4fbca500672023_11,Yes,moderate,0
967251e7c2e1e303_14,Yes,strongly_liberal,-1
087d56b5a51ee558_15,Yes,moderate,0
8566442b84849b20_29,Yes,moderate,0
967251e7c2e1e303_49,No,,
283591ab3b6658b9_5,Yes,strongly_liberal,-1
975efec1d5ddaaeb_23,No,,
283591ab3b6658b9_14,Yes,moderately_liberal,-1
975efec1d5ddaaeb_33,Yes,slightly_liberal,-1
967251e7c2e1e303_18,No,,
8566442b84849b20_21,Yes,moderate,0
283591ab3b6658b9_11,Yes,moderately_liberal,-1
5a67f28366306fc9_13,Yes,moderate,0
5a67f28366306fc9_14,Yes,moderate,0
6f4fbca500672023_57,Yes,moderate,0
967251e7c2e1e303_35,Yes,moderately_liberal,-1
0e08adfb9454e60d_4,Yes,moderate,0
722591b4a99cf787_27,Yes,moderately_conservative,1
4e738ece9ec3ab2f_4,Yes,moderately_conservative,1
9ed0b763571baa8e_22,Yes,moderate,0
4e738ece9ec3ab2f_27,Yes,moderately_conservative,1
f194b91df54e8c4c_31,Yes,slightly_liberal,-1
9ab6d46738760adb_13,Yes,strongly_conservative,1
9ab6d46738760adb_44,No,,
0d40491cd75c0584_34,Yes,slightly_conservative,1
c9abf82014fe9270_3,No,,
4dcf5dddd07121a0_3,Yes,moderately_conservative,1
79ea1df168d3589c_26,Yes,moderate,0
4dcf5dddd07121a0_6,Yes,moderate,0
722591b4a99cf787_32,Yes,moderate,0
5292ebcfb1dea8d8_14,Yes,moderately_conservative,1
7c5dc2dc1e28a827_11,Yes,strongly_liberal,-1
722591b4a99cf787_36,Yes,moderate,0
f194b91df54e8c4c_16,Yes,slightly_liberal,-1
9ed0b763571baa8e_9,Yes,moderate,0
722591b4a99cf787_30,Yes,moderately_conservative,1
4e738ece9ec3ab2f_32,Yes,moderate,0
4dcf5dddd07121a0_24,Yes,moderate,0
0d40491cd75c0584_29,Yes,moderately_conservative,1
9ab6d46738760adb_23,Yes,moderate,0
5292ebcfb1dea8d8_11,Yes,moderately_conservative,1
4dcf5dddd07121a0_19,Yes,moderate,0
c9abf82014fe9270_7,Yes,moderate,0
9ab6d46738760adb_7,Yes,moderate,0
f194b91df54e8c4c_11,No,,
0e08adfb9454e60d_3,Yes,moderate,0
4e738ece9ec3ab2f_37,Yes,strongly_conservative,1
4e738ece9ec3ab2f_36,Yes,strongly_conservative,1
c9abf82014fe9270_4,Yes,moderate,0
9ed0b763571baa8e_44,Yes,strongly_conservative,1
9ed0b763571baa8e_2,Yes,moderate,0
7c5dc2dc1e28a827_31,Yes,moderate,0
79ea1df168d3589c_21,Yes,moderately_conservative,1
4dcf5dddd07121a0_22,Yes,moderate,0
9ab6d46738760adb_10,Yes,moderately_conservative,1
f194b91df54e8c4c_30,Yes,strongly_liberal,-1
7c5dc2dc1e28a827_22,Yes,moderate,0
0d40491cd75c0584_19,Yes,moderately_conservative,1
0d40491cd75c0584_20,Yes,moderately_conservative,1
4e738ece9ec3ab2f_11,Yes,moderate,0
0d40491cd75c0584_33,Yes,moderately_conservative,1
0d40491cd75c0584_41,No,,
7c5dc2dc1e28a827_28,Yes,moderate,0
4e738ece9ec3ab2f_35,Yes,moderately_conservative,1
9ed0b763571baa8e_30,No,,
4dcf5dddd07121a0_23,Yes,moderate,0
7c5dc2dc1e28a827_36,No,,
9ab6d46738760adb_14,Yes,moderately_conservative,1
0d40491cd75c0584_39,Yes,slightly_conservative,1
f194b91df54e8c4c_20,No,,
5292ebcfb1dea8d8_4,Yes,moderately_conservative,1
722591b4a99cf787_20,Yes,moderate,0
4e738ece9ec3ab2f_29,Yes,moderately_conservative,1
4e738ece9ec3ab2f_23,Yes,moderately_conservative,1
9ab6d46738760adb_24,Yes,moderate,0
4dcf5dddd07121a0_14,No,,
5292ebcfb1dea8d8_21,No,,
722591b4a99cf787_3,Yes,moderate,0
722591b4a99cf787_18,Yes,slightly_liberal,-1
c9abf82014fe9270_10,Yes,moderate,0
4e738ece9ec3ab2f_24,Yes,slightly_conservative,1
0e08adfb9454e60d_2,Yes,moderate,0
f194b91df54e8c4c_26,Yes,moderate,0
79ea1df168d3589c_4,Yes,moderate,0
4dcf5dddd07121a0_27,No,,
4e738ece9ec3ab2f_21,Yes,moderate,0
f194b91df54e8c4c_24,No,,
4e738ece9ec3ab2f_17,Yes,moderately_conservative,1
0e08adfb9454e60d_16,Yes,moderately_conservative,1
722591b4a99cf787_33,Yes,moderate,0
0e08adfb9454e60d_20,Yes,moderate,0
9ed0b763571baa8e_4,Yes,moderate,0
79ea1df168d3589c_27,No,,
9ed0b763571baa8e_40,Yes,moderately_conservative,1
7c5dc2dc1e28a827_21,Yes,slightly_conservative,1
7c5dc2dc1e28a827_39,Yes,moderately_conservative,1
722591b4a99cf787_31,Yes,moderate,0
9ab6d46738760adb_25,Yes,slightly_conservative,1
9ed0b763571baa8e_33,Yes,moderate,0
5292ebcfb1dea8d8_1,Yes,moderate,0
5292ebcfb1dea8d8_19,Yes,strongly_conservative,1
0d40491cd75c0584_9,Yes,strongly_conservative,1
0d40491cd75c0584_14,Yes,moderate,0
9ed0b763571baa8e_36,No,,
0d40491cd75c0584_24,Yes,slightly_liberal,-1
79ea1df168d3589c_23,No,,
0d40491cd75c0584_3,Yes,moderate,0
0d40491cd75c0584_43,Yes,strongly_conservative,1
4e738ece9ec3ab2f_34,Yes,strongly_conservative,1
7c5dc2dc1e28a827_29,Yes,strongly_conservative,1
4e738ece9ec3ab2f_5,Yes,moderate,0
722591b4a99cf787_29,Yes,slightly_conservative,1
4e738ece9ec3ab2f_7,Yes,moderately_conservative,1
4e738ece9ec3ab2f_8,Yes,strongly_liberal,-1
9ab6d46738760adb_16,Yes,slightly_conservative,1
b36d5a7373fd7c94_108,No,,
f194b91df54e8c4c_17,Yes,slightly_liberal,-1
f2c318572a6bcb5d_67,Yes,slightly_liberal,-1
235aba15c724cad6_38,Yes,slightly_liberal,-1
8bb3eaf53a8c6e97_10,Yes,moderate,0
b36d5a7373fd7c94_96,Yes,moderately_liberal,-1
4c46004197de6ce8_22,Yes,moderate,0
e3b7b8d32f630998_35,No,,
b4bdd6b462cf5ec1_31,No,,
1e8afeb187030f6e_98,Yes,slightly_liberal,-1
235aba15c724cad6_58,Yes,moderate,0
701d8b44287a87b3_83,No,,
b36d5a7373fd7c94_33,No,,
f2c318572a6bcb5d_23,Yes,strongly_liberal,-1
701d8b44287a87b3_67,No,,
b36d5a7373fd7c94_25,Yes,moderate,0
e3b7b8d32f630998_26,Yes,moderate,0
95e5d8ac55af5d4b_31,Yes,strongly_liberal,-1
235aba15c724cad6_26,Yes,slightly_liberal,-1
1e8afeb187030f6e_48,No,,
1e8afeb187030f6e_2,No,,
1e8afeb187030f6e_44,No,,
fba7fda6bc74b9e1_18,Yes,moderate,0
b36d5a7373fd7c94_104,Yes,moderate,0
b4bdd6b462cf5ec1_67,No,,
b36d5a7373fd7c94_78,Yes,moderate,0
fba7fda6bc74b9e1_76,Yes,moderate,0
95e5d8ac55af5d4b_82,Yes,slightly_liberal,-1
95e5d8ac55af5d4b_58,Yes,strongly_conservative,1
701d8b44287a87b3_80,No,,
e3b7b8d32f630998_3,Yes,slightly_liberal,-1
b4bdd6b462cf5ec1_10,Yes,slightly_liberal,-1
701d8b44287a87b3_10,No,,
8bb3eaf53a8c6e97_19,Yes,moderate,0
e3b7b8d32f630998_56,Yes,slightly_liberal,-1
ade717cc43f624b4_47,Yes,strongly_liberal,-1
b36d5a7373fd7c94_12,Yes,moderate,0
4c46004197de6ce8_33,Yes,moderate,0
8bb3eaf53a8c6e97_54,No,,
e3b7b8d32f630998_17,Yes,slightly_conservative,1
b36d5a7373fd7c94_65,Yes,moderate,0
95e5d8ac55af5d4b_91,Yes,moderately_liberal,-1
f2c318572a6bcb5d_70,No,,
b36d5a7373fd7c94_107,No,,
701d8b44287a87b3_79,No,,
235aba15c724cad6_36,Yes,moderate,0
235aba15c724cad6_53,No,,
95e5d8ac55af5d4b_45,No,,
1e8afeb187030f6e_79,No,,
e3b7b8d32f630998_39,Yes,moderate,0
701d8b44287a87b3_23,No,,
b36d5a7373fd7c94_44,Yes,moderate,0
b4bdd6b462cf5ec1_5,Yes,strongly_liberal,-1
b36d5a7373fd7c94_94,No,,
b36d5a7373fd7c94_52,Yes,moderate,0
95e5d8ac55af5d4b_16,Yes,moderate,0
235aba15c724cad6_21,Yes,moderate,0
b4bdd6b462cf5ec1_61,No,,
f2c318572a6bcb5d_57,Yes,slightly_liberal,-1
f2c318572a6bcb5d_10,Yes,strongly_liberal,-1
f2c318572a6bcb5d_53,Yes,strongly_liberal,-1
b36d5a7373fd7c94_59,Yes,moderate,0
8bb3eaf53a8c6e97_47,Yes,moderate,0
b36d5a7373fd7c94_81,Yes,moderate,0
e3b7b8d32f630998_42,Yes,moderate,0
b4bdd6b462cf5ec1_37,Yes,slightly_liberal,-1
95e5d8ac55af5d4b_23,Yes,slightly_liberal,-1
f2c318572a6bcb5d_4,No,,
95e5d8ac55af5d4b_84,Yes,slightly_liberal,-1
1e8afeb187030f6e_21,Yes,moderately_liberal,-1
701d8b44287a87b3_42,Yes,moderate,0
701d8b44287a87b3_18,No,,
fba7fda6bc74b9e1_10,Yes,strongly_liberal,-1
b4bdd6b462cf5ec1_13,Yes,strongly_liberal,-1
235aba15c724cad6_76,Yes,slightly_liberal,-1
235aba15c724cad6_10,Yes,slightly_liberal,-1
235aba15c724cad6_75,Yes,slightly_liberal,-1
ade717cc43f624b4_34,Yes,moderate,0
1e8afeb187030f6e_37,No,,
235aba15c724cad6_31,Yes,slightly_liberal,-1
b4bdd6b462cf5ec1_73,No,,
b36d5a7373fd7c94_47,Yes,strongly_conservative,1
95e5d8ac55af5d4b_7,Yes,moderate,0
4c46004197de6ce8_10,No,,
1e8afeb187030f6e_62,Yes,moderate,0
e3b7b8d32f630998_18,No,,
8bb3eaf53a8c6e97_36,Yes,moderate,0
b4bdd6b462cf5ec1_42,Yes,moderate,0
e3b7b8d32f630998_55,Yes,moderate,0
ade717cc43f624b4_21,No,,
1e8afeb187030f6e_17,No,,
95e5d8ac55af5d4b_75,Yes,slightly_conservative,1
b4bdd6b462cf5ec1_51,Yes,strongly_liberal,-1
701d8b44287a87b3_51,Yes,moderate,0
b4bdd6b462cf5ec1_20,Yes,strongly_liberal,-1
ade717cc43f624b4_60,Yes,moderate,0
701d8b44287a87b3_37,No,,
b4bdd6b462cf5ec1_39,Yes,strongly_liberal,-1
8bb3eaf53a8c6e97_52,No,,
95e5d8ac55af5d4b_18,Yes,moderate,0
b4bdd6b462cf5ec1_46,Yes,strongly_liberal,-1
034be92cfbaf3a2d_11,Yes,moderate,0
9ab158a9df8982cf_57,Yes,strongly_liberal,-1
0a5513f42b7d6ed0_60,Yes,moderate,0
1b8305b62ef3ca33_2,Yes,strongly_liberal,-1
9df67ca21332f491_36,Yes,moderate,0
9ab158a9df8982cf_48,Yes,strongly_liberal,-1
b068f8613d263766_8,Yes,strongly_liberal,-1
034be92cfbaf3a2d_46,Yes,moderate,0
9ab158a9df8982cf_25,No,,
74c6bcbdafbff8cb_63,Yes,slightly_liberal,-1
0a5513f42b7d6ed0_47,Yes,moderate,0
74c6bcbdafbff8cb_18,Yes,moderate,0
034be92cfbaf3a2d_0,Yes,moderate,0
9ab158a9df8982cf_24,Yes,slightly_liberal,-1
1b8305b62ef3ca33_33,Yes,moderate,0
cc029ccae31d9174_41,Yes,strongly_liberal,-1
1b8305b62ef3ca33_53,Yes,moderate,0
b068f8613d263766_65,Yes,moderately_liberal,-1
12ede03287985dd4_63,Yes,strongly_liberal,-1
0a5513f42b7d6ed0_26,Yes,moderately_conservative,1
1b8305b62ef3ca33_18,Yes,moderate,0
97f81bde23a56b25_3,Yes,moderate,0
1b8305b62ef3ca33_16,Yes,strongly_liberal,-1
034be92cfbaf3a2d_1,Yes,moderate,0
f70bf3e5900957fb_4,Yes,moderate,0
b068f8613d263766_40,Yes,slightly_liberal,-1
034be92cfbaf3a2d_36,Yes,strongly_liberal,-1
cc029ccae31d9174_49,Yes,moderately_liberal,-1
9df67ca21332f491_47,Yes,moderate,0
74c6bcbdafbff8cb_33,Yes,moderately_liberal,-1
317957d59656f927_33,Yes,moderate,0
034be92cfbaf3a2d_4,Yes,strongly_conservative,1
74c6bcbdafbff8cb_24,Yes,strongly_liberal,-1
317957d59656f927_11,Yes,slightly_liberal,-1
1b8305b62ef3ca33_44,Yes,moderate,0
1b8305b62ef3ca33_50,Yes,moderately_conservative,1
0a5513f42b7d6ed0_4,Yes,moderate,0
f70bf3e5900957fb_52,Yes,slightly_liberal,-1
034be92cfbaf3a2d_33,Yes,strongly_liberal,-1
9df67ca21332f491_51,Yes,slightly_liberal,-1
9df67ca21332f491_55,Yes,strongly_liberal,-1
12ede03287985dd4_29,Yes,strongly_liberal,-1
0a5513f42b7d6ed0_62,Yes,moderately_liberal,-1
97f81bde23a56b25_41,Yes,moderate,0
74c6bcbdafbff8cb_43,Yes,slightly_liberal,-1
1b8305b62ef3ca33_54,Yes,moderate,0
f70bf3e5900957fb_5,Yes,moderate,0
cc029ccae31d9174_53,Yes,strongly_liberal,-1
cc029ccae31d9174_57,Yes,strongly_liberal,-1
9ab158a9df8982cf_45,Yes,moderately_liberal,-1
74c6bcbdafbff8cb_22,Yes,moderately_liberal,-1
97f81bde23a56b25_22,Yes,slightly_liberal,-1
74c6bcbdafbff8cb_4,Yes,strongly_liberal,-1
97f81bde23a56b25_57,Yes,slightly_liberal,-1
f70bf3e5900957fb_31,Yes,moderate,0
034be92cfbaf3a2d_65,Yes,moderate,0
1b8305b62ef3ca33_11,Yes,moderately_liberal,-1
12ede03287985dd4_16,Yes,strongly_liberal,-1
9ab158a9df8982cf_52,Yes,moderate,0
cc029ccae31d9174_39,Yes,moderate,0
034be92cfbaf3a2d_27,Yes,moderate,0
034be92cfbaf3a2d_35,Yes,strongly_liberal,-1
97f81bde23a56b25_47,Yes,slightly_liberal,-1
034be92cfbaf3a2d_29,Yes,moderate,0
034be92cfbaf3a2d_53,Yes,strongly_liberal,-1
b068f8613d263766_61,Yes,moderately_liberal,-1
034be92cfbaf3a2d_66,Yes,slightly_liberal,-1
12ede03287985dd4_33,Yes,strongly_liberal,-1
0a5513f42b7d6ed0_56,Yes,moderate,0
12ede03287985dd4_35,Yes,strongly_liberal,-1
f70bf3e5900957fb_17,Yes,moderate,0
74c6bcbdafbff8cb_27,Yes,moderate,0
cc029ccae31d9174_19,Yes,moderate,0
97f81bde23a56b25_0,Yes,slightly_liberal,-1
1b8305b62ef3ca33_38,Yes,moderate,0
12ede03287985dd4_54,Yes,moderate,0
f70bf3e5900957fb_37,Yes,moderate,0
f70bf3e5900957fb_54,No,,
9df67ca21332f491_56,Yes,moderately_liberal,-1
034be92cfbaf3a2d_56,Yes,moderate,0
9df67ca21332f491_15,Yes,strongly_liberal,-1
317957d59656f927_29,Yes,moderately_liberal,-1
9df67ca21332f491_14,Yes,strongly_liberal,-1
b068f8613d263766_46,Yes,moderate,0
9df67ca21332f491_39,Yes,slightly_liberal,-1
0a5513f42b7d6ed0_53,Yes,slightly_liberal,-1
12ede03287985dd4_62,Yes,strongly_liberal,-1
f70bf3e5900957fb_32,Yes,moderate,0
317957d59656f927_26,Yes,strongly_liberal,-1
cc029ccae31d9174_68,No,,
f70bf3e5900957fb_56,No,,
cc029ccae31d9174_45,Yes,slightly_liberal,-1
b068f8613d263766_14,Yes,strongly_liberal,-1
9ab158a9df8982cf_6,Yes,strongly_liberal,-1
cc029ccae31d9174_60,Yes,slightly_liberal,-1
9ab158a9df8982cf_7,Yes,slightly_liberal,-1
14de879d3c50aed8_59,No,,
12ede03287985dd4_2,Yes,strongly_liberal,-1
cc029ccae31d9174_42,Yes,strongly_liberal,-1
74c6bcbdafbff8cb_60,Yes,slightly_liberal,-1
034be92cfbaf3a2d_7,Yes,strongly_liberal,-1
19e41f279249acb5_50,Yes,moderate,0
19e41f279249acb5_40,Yes,moderate,0
cabd6d16c152a091_70,Yes,strongly_liberal,-1
2fa7c44298643dcf_8,Yes,slightly_liberal,-1
9cb51a5bf25a81d0_6,Yes,slightly_liberal,-1
9fe0fe53309c7944_60,Yes,strongly_liberal,-1
2fa7c44298643dcf_34,No,,
cabd6d16c152a091_76,Yes,moderate,0
f825361002f0c755_65,Yes,strongly_liberal,-1
2fa7c44298643dcf_13,Yes,slightly_conservative,1
f825361002f0c755_41,Yes,moderate,0
234d198d16e9ac66_30,Yes,slightly_liberal,-1
14de879d3c50aed8_48,Yes,moderately_liberal,-1
cabd6d16c152a091_45,Yes,moderate,0
cabd6d16c152a091_38,Yes,moderate,0
f825361002f0c755_20,Yes,moderate,0
2fa7c44298643dcf_6,Yes,moderate,0
2fa7c44298643dcf_65,Yes,moderate,0
19e41f279249acb5_56,Yes,strongly_liberal,-1
beac4cb5f3a84ae4_10,Yes,moderate,0
d157b42a29fc6b6e_51,Yes,moderately_liberal,-1
d157b42a29fc6b6e_47,Yes,moderate,0
048d51f3afe9c98c_74,Yes,moderately_liberal,-1
f825361002f0c755_58,Yes,slightly_liberal,-1
9fe0fe53309c7944_47,Yes,slightly_liberal,-1
f825361002f0c755_69,Yes,moderate,0
beac4cb5f3a84ae4_46,Yes,moderate,0
4fcc1499a80aeac1_36,Yes,moderate,0
f825361002f0c755_6,Yes,moderate,0
14de879d3c50aed8_77,Yes,moderate,0
14de879d3c50aed8_1,Yes,moderate,0
4fcc1499a80aeac1_38,Yes,moderately_liberal,-1
cabd6d16c152a091_64,Yes,moderate,0
234d198d16e9ac66_25,Yes,strongly_liberal,-1
234d198d16e9ac66_57,Yes,moderate,0
4fcc1499a80aeac1_11,Yes,strongly_liberal,-1
beac4cb5f3a84ae4_30,Yes,slightly_liberal,-1
cabd6d16c152a091_36,Yes,moderately_liberal,-1
234d198d16e9ac66_51,Yes,moderately_liberal,-1
2fa7c44298643dcf_58,Yes,slightly_conservative,1
2fa7c44298643dcf_40,Yes,moderate,0
2fa7c44298643dcf_84,Yes,slightly_liberal,-1
19e41f279249acb5_51,Yes,moderately_liberal,-1
19e41f279249acb5_29,Yes,moderately_liberal,-1
234d198d16e9ac66_64,Yes,moderate,0
4fcc1499a80aeac1_62,Yes,moderate,0
048d51f3afe9c98c_25,Yes,moderate,0
f825361002f0c755_59,Yes,moderate,0
cabd6d16c152a091_54,Yes,moderate,0
4fcc1499a80aeac1_26,Yes,slightly_conservative,1
14de879d3c50aed8_56,Yes,moderately_conservative,1
d157b42a29fc6b6e_60,Yes,moderately_liberal,-1
9fe0fe53309c7944_29,Yes,slightly_liberal,-1
cabd6d16c152a091_43,Yes,moderate,0
cabd6d16c152a091_86,Yes,slightly_liberal,-1
19e41f279249acb5_18,Yes,moderate,0
234d198d16e9ac66_24,Yes,moderately_liberal,-1
2fa7c44298643dcf_79,Yes,moderate,0
cabd6d16c152a091_29,Yes,slightly_liberal,-1
beac4cb5f3a84ae4_27,Yes,slightly_liberal,-1
048d51f3afe9c98c_30,Yes,moderate,0
234d198d16e9ac66_15,Yes,moderate,0
14de879d3c50aed8_5,Yes,moderate,0
d157b42a29fc6b6e_33,Yes,moderate,0
19e41f279249acb5_53,Yes,moderate,0
4fcc1499a80aeac1_4,Yes,strongly_liberal,-1
beac4cb5f3a84ae4_77,Yes,moderate,0
048d51f3afe9c98c_14,Yes,slightly_liberal,-1
9fe0fe53309c7944_34,Yes,moderate,0
d157b42a29fc6b6e_39,Yes,moderate,0
4fcc1499a80aeac1_24,Yes,slightly_liberal,-1
14de879d3c50aed8_31,Yes,moderate,0
19e41f279249acb5_33,Yes,strongly_liberal,-1
048d51f3afe9c98c_27,Yes,moderately_liberal,-1
4fcc1499a80aeac1_60,Yes,slightly_liberal,-1
d157b42a29fc6b6e_8,No,,
d157b42a29fc6b6e_1,Yes,moderate,0
234d198d16e9ac66_28,Yes,strongly_liberal,-1
048d51f3afe9c98c_11,Yes,moderate,0
2fa7c44298643dcf_68,Yes,moderate,0
f825361002f0c755_63,Yes,moderately_liberal,-1
048d51f3afe9c98c_49,Yes,moderate,0
d157b42a29fc6b6e_50,No,,
cabd6d16c152a091_1,Yes,moderate,0
234d198d16e9ac66_7,No,,
234d198d16e9ac66_8,Yes,moderate,0
beac4cb5f3a84ae4_72,Yes,moderate,0
234d198d16e9ac66_53,Yes,moderate,0
beac4cb5f3a84ae4_3,Yes,strongly_liberal,-1
19e41f279249acb5_55,Yes,moderately_liberal,-1
beac4cb5f3a84ae4_7,Yes,slightly_liberal,-1
14de879d3c50aed8_71,Yes,moderate,0
048d51f3afe9c98c_57,Yes,moderate,0
cabd6d16c152a091_72,Yes,moderate,0
19e41f279249acb5_49,Yes,slightly_liberal,-1
19e41f279249acb5_44,Yes,slightly_liberal,-1
9fe0fe53309c7944_33,Yes,moderate,0
19e41f279249acb5_1,Yes,slightly_liberal,-1
cabd6d16c152a091_31,Yes,strongly_liberal,-1
8de8cdfa8632b717_101,Yes,moderate,0
d56f55761e3d8308_93,Yes,strongly_conservative,1
89be55b9b76eeb31_45,Yes,moderately_conservative,1
e9500a7bd1234a88_87,Yes,strongly_conservative,1
0ae4d6931fc7e81b_40,Yes,moderate,0
b76d672139a33d8e_137,Yes,strongly_conservative,1
8de8cdfa8632b717_32,Yes,strongly_conservative,1
89be55b9b76eeb31_40,Yes,strongly_liberal,-1
e9500a7bd1234a88_52,Yes,moderate,0
3c029c435ecf5ad4_20,Yes,moderate,0
b76d672139a33d8e_20,Yes,moderately_conservative,1
fdef727d527cb775_103,Yes,moderately_conservative,1
b76d672139a33d8e_12,Yes,slightly_conservative,1
89be55b9b76eeb31_39,Yes,slightly_conservative,1
e9500a7bd1234a88_93,No,,
8ebded8752d0e64d_5,Yes,moderate,0
0ae4d6931fc7e81b_11,Yes,moderate,0
89be55b9b76eeb31_19,Yes,moderately_conservative,1
3c029c435ecf5ad4_31,Yes,slightly_conservative,1
e9500a7bd1234a88_101,Yes,moderate,0
37e75a5d9a19738b_40,Yes,moderately_conservative,1
8de8cdfa8632b717_23,Yes,moderate,0
d56f55761e3d8308_39,Yes,moderately_conservative,1
37e75a5d9a19738b_82,Yes,strongly_conservative,1
89be55b9b76eeb31_4,Yes,moderately_conservative,1
d56f55761e3d8308_13,Yes,moderately_conservative,1
e9500a7bd1234a88_88,Yes,moderately_conservative,1
a35936eb4f8b37db_44,Yes,strongly_conservative,1
fdef727d527cb775_76,Yes,moderate,0
37e75a5d9a19738b_8,Yes,moderate,0
fdef727d527cb775_102,Yes,strongly_conservative,1
8ebded8752d0e64d_12,Yes,moderately_conservative,1
8de8cdfa8632b717_29,Yes,strongly_conservative,1
fdef727d527cb775_82,Yes,strongly_conservative,1
b76d672139a33d8e_37,Yes,strongly_conservative,1
8de8cdfa8632b717_99,Yes,moderate,0
37e75a5d9a19738b_125,No,,
e9500a7bd1234a88_28,Yes,strongly_conservative,1
89be55b9b76eeb31_84,Yes,slightly_liberal,-1
8de8cdfa8632b717_7,Yes,moderate,0
fdef727d527cb775_121,Yes,strongly_conservative,1
89be55b9b76eeb31_13,Yes,moderately_conservative,1
fdef727d527cb775_130,Yes,moderate,0
3c029c435ecf5ad4_2,Yes,strongly_conservative,1
37e75a5d9a19738b_93,Yes,strongly_conservative,1
89be55b9b76eeb31_12,Yes,moderate,0
37e75a5d9a19738b_62,No,,
fdef727d527cb775_29,Yes,slightly_conservative,1
b76d672139a33d8e_123,Yes,moderately_conservative,1
d56f55761e3d8308_27,Yes,strongly_conservative,1
a35936eb4f8b37db_133,Yes,moderate,0
e9500a7bd1234a88_45,Yes,moderate,0
b76d672139a33d8e_80,Yes,moderate,0
e9500a7bd1234a88_40,Yes,moderately_conservative,1
0ae4d6931fc7e81b_101,No,,
8de8cdfa8632b717_132,Yes,slightly_conservative,1
89be55b9b76eeb31_1,Yes,strongly_conservative,1
0ae4d6931fc7e81b_92,No,,
3c029c435ecf5ad4_39,Yes,moderate,0
37e75a5d9a19738b_127,Yes,moderately_conservative,1
a35936eb4f8b37db_140,Yes,moderate,0
a35936eb4f8b37db_40,Yes,strongly_conservative,1
e9500a7bd1234a88_155,Yes,moderate,0
e9500a7bd1234a88_61,Yes,moderate,0
b76d672139a33d8e_70,Yes,moderately_conservative,1
8de8cdfa8632b717_46,Yes,moderately_conservative,1
a35936eb4f8b37db_77,Yes,moderate,0
b76d672139a33d8e_34,Yes,strongly_conservative,1
fdef727d527cb775_13,Yes,strongly_conservative,1
e9500a7bd1234a88_17,Yes,strongly_conservative,1
a35936eb4f8b37db_10,Yes,moderately_conservative,1
fdef727d527cb775_8,Yes,strongly_conservative,1
37e75a5d9a19738b_43,Yes,strongly_conservative,1
e9500a7bd1234a88_54,Yes,strongly_conservative,1
e9500a7bd1234a88_104,No,,
37e75a5d9a19738b_4,Yes,moderate,0
8de8cdfa8632b717_9,Yes,moderate,0
0ae4d6931fc7e81b_187,No,,
0ae4d6931fc7e81b_100,Yes,strongly_conservative,1
37e75a5d9a19738b_47,Yes,strongly_conservative,1
0ae4d6931fc7e81b_201,No,,
37e75a5d9a19738b_63,Yes,slightly_conservative,1
b76d672139a33d8e_19,Yes,moderate,0
e9500a7bd1234a88_48,Yes,moderate,0
0ae4d6931fc7e81b_181,Yes,moderate,0
b76d672139a33d8e_131,Yes,moderately_conservative,1
e9500a7bd1234a88_31,Yes,moderate,0
d56f55761e3d8308_56,Yes,moderately_conservative,1
0ae4d6931fc7e81b_198,No,,
e9500a7bd1234a88_133,Yes,moderately_conservative,1
e9500a7bd1234a88_152,Yes,moderate,0
fdef727d527cb775_107,No,,
89be55b9b76eeb31_17,Yes,moderately_conservative,1
e9500a7bd1234a88_66,Yes,moderate,0
d56f55761e3d8308_0,Yes,moderate,0
0ae4d6931fc7e81b_167,Yes,strongly_conservative,1
37e75a5d9a19738b_6,Yes,moderately_conservative,1
a35936eb4f8b37db_128,Yes,strongly_conservative,1
b76d672139a33d8e_53,Yes,moderately_conservative,1
89be55b9b76eeb31_76,Yes,moderately_conservative,1
1935beb2b582c080_13,Yes,slightly_liberal,-1
f368d4fcb8405ca7_96,Yes,slightly_liberal,-1
910de6ee252221b8_72,No,,
be476f7850d7f9c8_2,Yes,slightly_liberal,-1
be476f7850d7f9c8_1,No,,
1ce19c2ef5630b86_2,Yes,moderate,0
3782ee1cafe9533b_94,No,,
ced71420e7f8608a_36,Yes,strongly_liberal,-1
910de6ee252221b8_35,No,,
660a411c96f832d1_43,Yes,strongly_liberal,-1
071d93e3b05cbc0d_45,Yes,moderate,0
ced71420e7f8608a_7,Yes,strongly_liberal,-1
071d93e3b05cbc0d_55,Yes,moderate,0
f368d4fcb8405ca7_86,Yes,strongly_liberal,-1
c6f49b1956b88533_58,Yes,moderate,0
be476f7850d7f9c8_26,Yes,moderate,0
3782ee1cafe9533b_56,Yes,slightly_liberal,-1
f368d4fcb8405ca7_95,Yes,moderately_liberal,-1
c6f49b1956b88533_3,Yes,strongly_liberal,-1
be476f7850d7f9c8_10,Yes,slightly_liberal,-1
910de6ee252221b8_55,Yes,moderately_liberal,-1
f368d4fcb8405ca7_10,Yes,strongly_liberal,-1
660a411c96f832d1_102,No,,
ced71420e7f8608a_72,Yes,moderately_liberal,-1
8610e41f0c339c1f_12,Yes,moderate,0
660a411c96f832d1_49,Yes,moderate,0
c6f49b1956b88533_99,Yes,strongly_liberal,-1
c6f49b1956b88533_84,No,,
910de6ee252221b8_28,Yes,strongly_liberal,-1
660a411c96f832d1_12,Yes,moderate,0
660a411c96f832d1_28,No,,
071d93e3b05cbc0d_42,Yes,slightly_liberal,-1
1ce19c2ef5630b86_19,Yes,moderate,0
660a411c96f832d1_89,Yes,moderate,0
1ce19c2ef5630b86_5,Yes,strongly_liberal,-1
8610e41f0c339c1f_15,Yes,strongly_liberal,-1
660a411c96f832d1_24,Yes,moderate,0
1935beb2b582c080_60,No,,
be476f7850d7f9c8_56,Yes,moderate,0
f368d4fcb8405ca7_14,Yes,slightly_liberal,-1
ced71420e7f8608a_83,Yes,slightly_liberal,-1
660a411c96f832d1_46,Yes,slightly_liberal,-1
1935beb2b582c080_47,Yes,moderate,0
f368d4fcb8405ca7_87,Yes,moderately_liberal,-1
660a411c96f832d1_26,Yes,moderate,0
071d93e3b05cbc0d_2,Yes,moderate,0
888a529215437dcd_49,Yes,moderate,0
1935beb2b582c080_46,Yes,strongly_liberal,-1
071d93e3b05cbc0d_57,Yes,strongly_liberal,-1
660a411c96f832d1_74,No,,
910de6ee252221b8_37,Yes,strongly_liberal,-1
f368d4fcb8405ca7_65,No,,
3782ee1cafe9533b_36,Yes,slightly_liberal,-1
c6f49b1956b88533_97,Yes,strongly_liberal,-1
888a529215437dcd_46,Yes,moderate,0
8610e41f0c339c1f_3,Yes,strongly_liberal,-1
1ce19c2ef5630b86_71,Yes,moderate,0
660a411c96f832d1_18,Yes,moderate,0
f368d4fcb8405ca7_4,Yes,moderate,0
be476f7850d7f9c8_30,Yes,moderately_liberal,-1
1935beb2b582c080_28,Yes,moderate,0
ced71420e7f8608a_60,Yes,moderate,0
f368d4fcb8405ca7_2,Yes,strongly_liberal,-1
660a411c96f832d1_19,No,,
be476f7850d7f9c8_72,Yes,slightly_liberal,-1
3782ee1cafe9533b_54,Yes,slightly_liberal,-1
ced71420e7f8608a_19,Yes,moderate,0
888a529215437dcd_11,Yes,moderate,0
f368d4fcb8405ca7_19,Yes,moderately_liberal,-1
ced71420e7f8608a_82,Yes,strongly_liberal,-1
c6f49b1956b88533_36,Yes,moderate,0
071d93e3b05cbc0d_77,No,,
1ce19c2ef5630b86_23,Yes,moderate,0
ced71420e7f8608a_26,Yes,moderate,0
f368d4fcb8405ca7_46,Yes,strongly_liberal,-1
3782ee1cafe9533b_43,Yes,moderate,0
1ce19c2ef5630b86_35,Yes,moderate,0
3782ee1cafe9533b_19,No,,
be476f7850d7f9c8_7,Yes,moderate,0
660a411c96f832d1_16,Yes,moderate,0
660a411c96f832d1_21,Yes,moderate,0
910de6ee252221b8_22,Yes,strongly_liberal,-1
071d93e3b05cbc0d_63,Yes,moderate,0
ced71420e7f8608a_2,Yes,strongly_liberal,-1
910de6ee252221b8_24,Yes,strongly_liberal,-1
071d93e3b05cbc0d_9,Yes,moderate,0
8610e41f0c339c1f_61,No,,
1ce19c2ef5630b86_9,Yes,moderate,0
c6f49b1956b88533_28,No,,
1935beb2b582c080_19,Yes,moderate,0
f368d4fcb8405ca7_103,Yes,strongly_liberal,-1
910de6ee252221b8_32,Yes,moderate,0
c6f49b1956b88533_91,Yes,strongly_liberal,-1
888a529215437dcd_22,No,,
be476f7850d7f9c8_43,Yes,moderately_conservative,1
3782ee1cafe9533b_41,Yes,moderate,0
8610e41f0c339c1f_52,Yes,strongly_liberal,-1
660a411c96f832d1_55,Yes,moderate,0
910de6ee252221b8_16,Yes,strongly_liberal,-1
be476f7850d7f9c8_29,Yes,moderate,0
9e0f032320e11331_66,Yes,strongly_liberal,-1
b4ed842844ef73ff_18,Yes,strongly_liberal,-1
a68eb8eb8a7e6af2_43,Yes,slightly_liberal,-1
f3e17d615df9cf85_39,Yes,strongly_liberal,-1
7d349ae3b8dfaadf_9,Yes,moderately_liberal,-1
cafaa31e206e710e_46,Yes,strongly_liberal,-1
17df279c5048df19_95,Yes,moderate,0
f3e17d615df9cf85_22,Yes,moderate,0
17df279c5048df19_99,Yes,moderate,0
b4ed842844ef73ff_43,Yes,moderate,0
5efcc5cb3b5b313f_39,Yes,slightly_liberal,-1
b4ed842844ef73ff_7,No,,
7678051b7ef6242b_49,Yes,moderately_liberal,-1
9e0f032320e11331_57,Yes,moderately_liberal,-1
9b33e8c89905bbd6_65,Yes,strongly_liberal,-1
39ac04fe46b7d5a5_35,No,,
7678051b7ef6242b_25,Yes,strongly_liberal,-1
7678051b7ef6242b_63,Yes,slightly_liberal,-1
b4ed842844ef73ff_40,Yes,moderate,0
f3e17d615df9cf85_29,Yes,strongly_liberal,-1
7678051b7ef6242b_22,Yes,strongly_liberal,-1
9e0f032320e11331_89,No,,
39ac04fe46b7d5a5_51,Yes,moderate,0
a68eb8eb8a7e6af2_39,Yes,moderately_conservative,1
39ac04fe46b7d5a5_46,Yes,strongly_liberal,-1
7d349ae3b8dfaadf_41,No,,
cafaa31e206e710e_47,Yes,strongly_liberal,-1
7d349ae3b8dfaadf_47,Yes,strongly_liberal,-1
cafaa31e206e710e_53,Yes,strongly_liberal,-1
9e0f032320e11331_65,Yes,strongly_liberal,-1
a68eb8eb8a7e6af2_19,Yes,moderate,0
f3e17d615df9cf85_35,Yes,moderately_liberal,-1
7678051b7ef6242b_26,Yes,slightly_liberal,-1
17df279c5048df19_9,Yes,moderately_liberal,-1
17df279c5048df19_111,Yes,moderate,0
7678051b7ef6242b_9,Yes,moderately_conservative,1
9b33e8c89905bbd6_59,Yes,strongly_liberal,-1
9e0f032320e11331_0,Yes,moderate,0
9b33e8c89905bbd6_67,Yes,strongly_liberal,-1
b4ed842844ef73ff_65,Yes,strongly_liberal,-1
5efcc5cb3b5b313f_60,Yes,moderate,0
7678051b7ef6242b_51,Yes,moderate,0
17df279c5048df19_48,Yes,moderate,0
cafaa31e206e710e_50,Yes,strongly_liberal,-1
7d349ae3b8dfaadf_62,Yes,slightly_liberal,-1
a68eb8eb8a7e6af2_48,Yes,slightly_liberal,-1
7678051b7ef6242b_33,Yes,moderate,0
7d349ae3b8dfaadf_67,Yes,slightly_liberal,-1
613f8a58cf3536fc_72,Yes,slightly_liberal,-1
613f8a58cf3536fc_44,Yes,slightly_liberal,-1
b4ed842844ef73ff_23,Yes,strongly_liberal,-1
cafaa31e206e710e_19,Yes,moderately_liberal,-1
7d349ae3b8dfaadf_10,Yes,moderately_liberal,-1
7d349ae3b8dfaadf_3,Yes,moderate,0
17df279c5048df19_42,Yes,strongly_liberal,-1
f3e17d615df9cf85_24,Yes,moderate,0
7678051b7ef6242b_35,Yes,moderate,0
cafaa31e206e710e_21,Yes,slightly_liberal,-1
7d349ae3b8dfaadf_36,Yes,strongly_liberal,-1
9e0f032320e11331_60,Yes,strongly_liberal,-1
5efcc5cb3b5b313f_45,Yes,slightly_liberal,-1
b4ed842844ef73ff_9,No,,
b4ed842844ef73ff_16,No,,
17df279c5048df19_87,Yes,slightly_liberal,-1
17df279c5048df19_3,Yes,slightly_liberal,-1
17df279c5048df19_66,Yes,strongly_liberal,-1
cafaa31e206e710e_64,Yes,strongly_liberal,-1
cafaa31e206e710e_13,Yes,strongly_liberal,-1
cafaa31e206e710e_58,Yes,moderate,0
b4ed842844ef73ff_5,Yes,slightly_liberal,-1
f3e17d615df9cf85_54,Yes,strongly_liberal,-1
7d349ae3b8dfaadf_57,Yes,strongly_liberal,-1
b4ed842844ef73ff_71,Yes,moderate,0
17df279c5048df19_39,No,,
b4ed842844ef73ff_8,No,,
b4ed842844ef73ff_72,No,,
5efcc5cb3b5b313f_7,Yes,strongly_liberal,-1
9b33e8c89905bbd6_11,Yes,strongly_liberal,-1
7d349ae3b8dfaadf_70,Yes,strongly_liberal,-1
39ac04fe46b7d5a5_22,Yes,moderate,0
7d349ae3b8dfaadf_6,Yes,strongly_liberal,-1
39ac04fe46b7d5a5_57,Yes,strongly_liberal,-1
39ac04fe46b7d5a5_42,No,,
39ac04fe46b7d5a5_14,Yes,strongly_conservative,1
5efcc5cb3b5b313f_50,No,,
17df279c5048df19_2,Yes,moderate,0
a68eb8eb8a7e6af2_9,Yes,slightly_liberal,-1
7d349ae3b8dfaadf_38,Yes,moderate,0
17df279c5048df19_119,Yes,moderate,0
9e0f032320e11331_7,Yes,strongly_liberal,-1
a68eb8eb8a7e6af2_28,Yes,moderately_conservative,1
9b33e8c89905bbd6_55,Yes,slightly_liberal,-1
9e0f032320e11331_86,Yes,slightly_liberal,-1
9b33e8c89905bbd6_53,Yes,moderately_liberal,-1
39ac04fe46b7d5a5_62,Yes,moderate,0
cafaa31e206e710e_32,Yes,strongly_liberal,-1
17df279c5048df19_96,Yes,moderate,0
a68eb8eb8a7e6af2_60,Yes,moderate,0
b4ed842844ef73ff_19,Yes,strongly_liberal,-1
f3e17d615df9cf85_6,Yes,strongly_liberal,-1
f2d976be79515b75_62,Yes,moderately_liberal,-1
f2d976be79515b75_65,Yes,moderate,0
1a2678389cac333d_22,Yes,strongly_liberal,-1
eb30f77fa3eece64_8,Yes,strongly_liberal,-1
5897359e7ef79f60_54,Yes,moderately_conservative,1
9601e1edf9381b7c_10,Yes,moderate,0
315be6630581f654_1,Yes,moderate,0
4414342e333bcde0_24,Yes,moderate,0
e8472b91fd319691_1,Yes,slightly_liberal,-1
4414342e333bcde0_32,Yes,moderate,0
315be6630581f654_118,No,,
5897359e7ef79f60_10,Yes,moderate,0
e71fc10393fc1cf4_2,No,,
e8472b91fd319691_27,Yes,moderate,0
1a2678389cac333d_62,Yes,moderate,0
5cf7dc06667e3f82_53,Yes,moderate,0
9601e1edf9381b7c_128,No,,
315be6630581f654_98,Yes,moderate,0
2e5058b2076356d7_2,Yes,moderate,0
2e5058b2076356d7_69,Yes,moderately_conservative,1
315be6630581f654_17,Yes,moderately_liberal,-1
5897359e7ef79f60_36,Yes,moderate,0
4e9d1e1ed80bfb54_25,Yes,strongly_liberal,-1
4414342e333bcde0_90,No,,
9601e1edf9381b7c_34,Yes,moderate,0
4e9d1e1ed80bfb54_70,Yes,slightly_liberal,-1
1a2678389cac333d_6,Yes,strongly_liberal,-1
f2d976be79515b75_37,Yes,moderate,0
1a2678389cac333d_59,Yes,strongly_liberal,-1
5897359e7ef79f60_27,Yes,strongly_liberal,-1
9601e1edf9381b7c_120,Yes,slightly_liberal,-1
4414342e333bcde0_13,Yes,slightly_liberal,-1
eb30f77fa3eece64_14,Yes,strongly_liberal,-1
e71fc10393fc1cf4_55,Yes,moderate,0
e8472b91fd319691_56,Yes,slightly_liberal,-1
e71fc10393fc1cf4_46,Yes,moderately_conservative,1
e8472b91fd319691_16,Yes,strongly_liberal,-1
9601e1edf9381b7c_129,No,,
9601e1edf9381b7c_126,No,,
9601e1edf9381b7c_38,Yes,moderate,0
2e5058b2076356d7_8,Yes,moderate,0
e71fc10393fc1cf4_3,No,,
5cf7dc06667e3f82_65,No,,
9601e1edf9381b7c_65,Yes,moderate,0
2e5058b2076356d7_59,Yes,moderate,0
315be6630581f654_34,Yes,slightly_conservative,1
e71fc10393fc1cf4_6,No,,
4e9d1e1ed80bfb54_68,Yes,slightly_liberal,-1
2e5058b2076356d7_35,Yes,slightly_liberal,-1
f2d976be79515b75_85,Yes,slightly_liberal,-1
315be6630581f654_60,Yes,moderate,0
5cf7dc06667e3f82_47,Yes,strongly_liberal,-1
1a2678389cac333d_9,Yes,strongly_liberal,-1
5cf7dc06667e3f82_62,Yes,strongly_liberal,-1
e8472b91fd319691_31,Yes,moderate,0
4414342e333bcde0_57,No,,
f2d976be79515b75_2,Yes,moderate,0
315be6630581f654_9,Yes,slightly_liberal,-1
4e9d1e1ed80bfb54_107,No,,
5897359e7ef79f60_8,Yes,strongly_liberal,-1
1a2678389cac333d_35,No,,
f2d976be79515b75_81,Yes,moderately_conservative,1
9601e1edf9381b7c_18,Yes,moderate,0
5cf7dc06667e3f82_58,Yes,moderate,0
315be6630581f654_111,Yes,moderate,0
5cf7dc06667e3f82_81,Yes,moderate,0
eb30f77fa3eece64_39,Yes,moderately_liberal,-1
5cf7dc06667e3f82_24,Yes,moderate,0
4414342e333bcde0_61,Yes,moderate,0
5897359e7ef79f60_32,Yes,slightly_liberal,-1
315be6630581f654_21,Yes,moderately_liberal,-1
4414342e333bcde0_92,Yes,moderate,0
f2d976be79515b75_15,Yes,moderate,0
5cf7dc06667e3f82_57,Yes,moderate,0
1a2678389cac333d_74,Yes,strongly_liberal,-1
315be6630581f654_104,No,,
2e5058b2076356d7_57,Yes,moderate,0
4e9d1e1ed80bfb54_46,Yes,moderately_liberal,-1
9601e1edf9381b7c_104,Yes,moderate,0
1a2678389cac333d_33,Yes,strongly_liberal,-1
5cf7dc06667e3f82_54,Yes,moderate,0
315be6630581f654_96,No,,
4e9d1e1ed80bfb54_8,Yes,moderate,0
2e5058b2076356d7_52,Yes,moderate,0
5cf7dc06667e3f82_73,Yes,moderately_conservative,1
4e9d1e1ed80bfb54_93,Yes,strongly_conservative,1
5cf7dc06667e3f82_44,Yes,strongly_liberal,-1
9601e1edf9381b7c_2,No,,
9601e1edf9381b7c_66,Yes,moderate,0
e8472b91fd319691_87,No,,
315be6630581f654_57,Yes,strongly_liberal,-1
eb30f77fa3eece64_70,Yes,moderate,0
4e9d1e1ed80bfb54_66,Yes,moderate,0
5897359e7ef79f60_1,Yes,strongly_liberal,-1
eb30f77fa3eece64_6,Yes,strongly_liberal,-1
1a2678389cac333d_32,Yes,strongly_liberal,-1
e7a201ad773dbf84_51,No,,
e8472b91fd319691_5,Yes,slightly_liberal,-1
c6d9ac0cee86ba64_20,No,,
eb30f77fa3eece64_24,Yes,slightly_liberal,-1
315be6630581f654_87,Yes,moderate,0
e71fc10393fc1cf4_68,Yes,moderate,0
90128acaaa21cc74_38,No,,
cb02bd2d2291e025_61,No,,
fc261123b93e3874_29,Yes,strongly_liberal,-1
422df08f93344d0d_5,Yes,strongly_conservative,1
9dfe361cbdbfbe1d_50,Yes,moderate,0
90128acaaa21cc74_3,No,,
f2afeb7afa4a41bf_15,Yes,strongly_conservative,1
9dfe361cbdbfbe1d_77,Yes,moderately_conservative,1
cb02bd2d2291e025_7,Yes,moderate,0
9dfe361cbdbfbe1d_63,Yes,moderately_conservative,1
e7a201ad773dbf84_24,Yes,strongly_conservative,1
e7a201ad773dbf84_2,Yes,moderate,0
a566e36196ac4992_26,Yes,moderate,0
cb02bd2d2291e025_9,Yes,moderate,0
ddc8e039e83fd039_11,No,,
9dfe361cbdbfbe1d_79,Yes,strongly_conservative,1
ddc8e039e83fd039_2,Yes,moderate,0
9dfe361cbdbfbe1d_2,Yes,moderately_conservative,1
cb02bd2d2291e025_4,Yes,moderate,0
a566e36196ac4992_38,Yes,strongly_conservative,1
90128acaaa21cc74_48,No,,
cb02bd2d2291e025_26,No,,
cb02bd2d2291e025_17,No,,
e7a201ad773dbf84_31,No,,
f2afeb7afa4a41bf_29,Yes,moderately_conservative,1
a566e36196ac4992_22,Yes,moderate,0
9dfe361cbdbfbe1d_25,No,,
90128acaaa21cc74_8,No,,
422df08f93344d0d_2,Yes,moderately_conservative,1
ddc8e039e83fd039_8,No,,
a566e36196ac4992_16,Yes,moderate,0
933fa4a4040842ec_29,No,,
90128acaaa21cc74_12,No,,
e7a201ad773dbf84_34,No,,
e7a201ad773dbf84_50,No,,
aa6bf053ca2f7890_2,Yes,moderate,0
ddc8e039e83fd039_5,No,,
422df08f93344d0d_48,No,,
90128acaaa21cc74_50,Yes,moderate,0
a566e36196ac4992_25,Yes,moderate,0
9dfe361cbdbfbe1d_70,Yes,moderate,0
e7a201ad773dbf84_42,Yes,slightly_liberal,-1
fc261123b93e3874_42,Yes,moderate,0
e7a201ad773dbf84_45,No,,
90128acaaa21cc74_20,No,,
e7a201ad773dbf84_5,Yes,moderately_conservative,1
e7a201ad773dbf84_17,Yes,moderately_conservative,1
fc261123b93e3874_14,Yes,moderate,0
fc261123b93e3874_25,No,,
aa6bf053ca2f7890_18,No,,
9dfe361cbdbfbe1d_15,Yes,moderate,0
f2afeb7afa4a41bf_51,No,,
c6d9ac0cee86ba64_19,No,,
e7a201ad773dbf84_40,Yes,moderate,0
f2afeb7afa4a41bf_33,No,,
fc261123b93e3874_43,Yes,strongly_liberal,-1
9dfe361cbdbfbe1d_31,Yes,strongly_conservative,1
9dfe361cbdbfbe1d_71,Yes,moderately_conservative,1
e7a201ad773dbf84_14,Yes,moderate,0
e7a201ad773dbf84_29,Yes,moderately_conservative,1
fc261123b93e3874_0,No,,
a566e36196ac4992_48,Yes,moderate,0
cb02bd2d2291e025_3,Yes,moderate,0
c6d9ac0cee86ba64_21,No,,
933fa4a4040842ec_1,No,,
a566e36196ac4992_9,Yes,moderate,0
e7a201ad773dbf84_48,Yes,moderate,0
933fa4a4040842ec_13,Yes,strongly_conservative,1
a566e36196ac4992_40,Yes,moderate,0
9dfe361cbdbfbe1d_49,Yes,moderate,0
a566e36196ac4992_39,Yes,moderate,0
fc261123b93e3874_23,Yes,strongly_conservative,1
f2afeb7afa4a41bf_12,Yes,moderate,0
cb02bd2d2291e025_56,Yes,strongly_conservative,1
f2afeb7afa4a41bf_21,Yes,strongly_conservative,1
422df08f93344d0d_37,Yes,strongly_conservative,1
fc261123b93e3874_40,Yes,moderate,0
e7a201ad773dbf84_38,Yes,strongly_conservative,1
a566e36196ac4992_36,Yes,moderate,0
933fa4a4040842ec_39,No,,
a566e36196ac4992_15,Yes,strongly_conservative,1
a566e36196ac4992_8,Yes,moderately_conservative,1
e7a201ad773dbf84_33,Yes,slightly_liberal,-1
cb02bd2d2291e025_0,No,,
a566e36196ac4992_50,No,,
933fa4a4040842ec_17,No,,
f2afeb7afa4a41bf_8,Yes,moderate,0
a566e36196ac4992_5,Yes,moderate,0
a566e36196ac4992_35,Yes,moderately_conservative,1
aa6bf053ca2f7890_24,No,,
fc261123b93e3874_24,Yes,moderately_conservative,1
f2afeb7afa4a41bf_23,Yes,moderate,0
422df08f93344d0d_39,Yes,moderate,0
9dfe361cbdbfbe1d_11,No,,
3689e1c56eacda0e_76,No,,
9dfe361cbdbfbe1d_29,Yes,strongly_conservative,1
f2afeb7afa4a41bf_45,Yes,moderate,0
f2afeb7afa4a41bf_49,Yes,moderately_conservative,1
f2afeb7afa4a41bf_11,Yes,moderate,0
0becf8e7ba3d8a61_1,Yes,strongly_liberal,-1
b374c467fcf0dd40_52,Yes,moderately_liberal,-1
10e171663b21c033_43,Yes,moderate,0
b6939818afa6950c_32,Yes,slightly_liberal,-1
d4e5624303c7d367_18,Yes,strongly_liberal,-1
0f210c680381b8e3_15,Yes,strongly_conservative,1
0becf8e7ba3d8a61_31,Yes,moderate,0
0f72f44e43f475c9_7,Yes,strongly_liberal,-1
3cd75dba3715e19f_6,Yes,strongly_liberal,-1
b374c467fcf0dd40_53,Yes,moderate,0
10e171663b21c033_44,Yes,moderate,0
0becf8e7ba3d8a61_3,Yes,strongly_liberal,-1
10e171663b21c033_33,Yes,moderate,0
0f72f44e43f475c9_31,Yes,strongly_liberal,-1
d4e5624303c7d367_17,Yes,moderately_liberal,-1
3cd75dba3715e19f_59,Yes,strongly_liberal,-1
9042dc72db0f4475_13,Yes,moderate,0
b6939818afa6950c_42,Yes,moderate,0
056f09bc92e6270a_34,Yes,moderate,0
0becf8e7ba3d8a61_28,Yes,strongly_liberal,-1
10e171663b21c033_35,Yes,moderate,0
b374c467fcf0dd40_65,Yes,moderate,0
0becf8e7ba3d8a61_68,Yes,slightly_liberal,-1
b374c467fcf0dd40_35,Yes,moderately_conservative,1
d4e5624303c7d367_43,Yes,strongly_liberal,-1
3689e1c56eacda0e_57,No,,
10e171663b21c033_25,Yes,moderate,0
10e171663b21c033_36,Yes,moderate,0
b374c467fcf0dd40_34,Yes,moderately_conservative,1
056f09bc92e6270a_87,Yes,strongly_liberal,-1
0becf8e7ba3d8a61_37,Yes,moderately_liberal,-1
3cd75dba3715e19f_32,Yes,moderate,0
b6939818afa6950c_25,Yes,strongly_liberal,-1
d4e5624303c7d367_55,Yes,moderate,0
0f210c680381b8e3_2,Yes,moderate,0
3689e1c56eacda0e_6,Yes,moderate,0
b374c467fcf0dd40_66,Yes,moderately_liberal,-1
b6939818afa6950c_3,Yes,moderate,0
3689e1c56eacda0e_19,Yes,moderate,0
0becf8e7ba3d8a61_52,Yes,moderate,0
056f09bc92e6270a_86,Yes,strongly_liberal,-1
0becf8e7ba3d8a61_20,Yes,strongly_liberal,-1
0f210c680381b8e3_6,Yes,moderately_liberal,-1
0becf8e7ba3d8a61_67,Yes,strongly_liberal,-1
10e171663b21c033_11,Yes,moderate,0
d4e5624303c7d367_4,Yes,moderate,0
b6939818afa6950c_36,Yes,moderately_liberal,-1
b374c467fcf0dd40_23,Yes,moderately_liberal,-1
056f09bc92e6270a_64,No,,
3cd75dba3715e19f_75,Yes,strongly_liberal,-1
9042dc72db0f4475_25,Yes,moderate,0
b6939818afa6950c_31,Yes,moderately_liberal,-1
0f210c680381b8e3_39,Yes,slightly_liberal,-1
0becf8e7ba3d8a61_2,Yes,slightly_liberal,-1
0f72f44e43f475c9_4,Yes,moderate,0
b6939818afa6950c_66,Yes,slightly_liberal,-1
b6939818afa6950c_7,Yes,moderate,0
0f72f44e43f475c9_12,Yes,slightly_liberal,-1
b374c467fcf0dd40_16,Yes,moderate,0
b374c467fcf0dd40_46,No,,
d4e5624303c7d367_38,Yes,moderate,0
b374c467fcf0dd40_21,Yes,moderate,0
3cd75dba3715e19f_79,Yes,moderately_liberal,-1
3cd75dba3715e19f_55,Yes,strongly_liberal,-1
d4e5624303c7d367_71,Yes,slightly_liberal,-1
3cd75dba3715e19f_48,Yes,moderate,0
b6939818afa6950c_62,Yes,strongly_liberal,-1
d4e5624303c7d367_57,Yes,moderate,0
10e171663b21c033_21,Yes,moderate,0
056f09bc92e6270a_94,No,,
b6939818afa6950c_50,Yes,moderate,0
d4e5624303c7d367_60,Yes,moderate,0
d4e5624303c7d367_56,Yes,moderate,0
3cd75dba3715e19f_60,Yes,strongly_liberal,-1
3689e1c56eacda0e_17,Yes,slightly_liberal,-1
9042dc72db0f4475_3,Yes,moderate,0
3cd75dba3715e19f_22,Yes,strongly_liberal,-1
3689e1c56eacda0e_23,Yes,moderate,0
3689e1c56eacda0e_15,Yes,slightly_liberal,-1
3cd75dba3715e19f_37,Yes,slightly_liberal,-1
3cd75dba3715e19f_40,Yes,strongly_liberal,-1
056f09bc92e6270a_1,No,,
056f09bc92e6270a_72,Yes,moderate,0
9042dc72db0f4475_31,Yes,moderate,0
056f09bc92e6270a_85,Yes,strongly_liberal,-1
d4e5624303c7d367_14,Yes,slightly_liberal,-1
1d76f6c55a0791ea_18,Yes,strongly_liberal,-1
9042dc72db0f4475_12,Yes,moderate,0
0f72f44e43f475c9_21,Yes,strongly_liberal,-1
056f09bc92e6270a_7,Yes,moderate,0
056f09bc92e6270a_83,Yes,slightly_liberal,-1
b6939818afa6950c_45,Yes,moderate,0
0becf8e7ba3d8a61_38,Yes,moderately_conservative,1
1d76f6c55a0791ea_23,Yes,slightly_liberal,-1
0f210c680381b8e3_11,Yes,strongly_liberal,-1
b374c467fcf0dd40_44,Yes,moderate,0
b374c467fcf0dd40_78,Yes,moderate,0
3cd75dba3715e19f_21,Yes,strongly_liberal,-1
6ca6afa890399f12_25,No,,
3c9533adff1c8cfc_23,No,,
b374c467fcf0dd40_58,Yes,moderate,0
dfcfd11bb5be864a_1,Yes,moderate,0
6bc3a2064bdd3b6f_27,Yes,strongly_liberal,-1
6ca6afa890399f12_32,Yes,moderate,0
d9db6a67fd413f4d_12,No,,
17b49b4dbf29a0af_19,Yes,strongly_liberal,-1
6ca6afa890399f12_1,No,,
17b49b4dbf29a0af_3,No,,
4cf339e2c2c935a0_13,Yes,slightly_liberal,-1
b8cfa294201583a1_1,No,,
6ca6afa890399f12_33,Yes,moderately_liberal,-1
00fb1ab59d7adc33_2,Yes,moderate,0
4cf339e2c2c935a0_16,No,,
4cf339e2c2c935a0_55,Yes,moderate,0
dfcfd11bb5be864a_65,Yes,moderate,0
6bc3a2064bdd3b6f_24,Yes,strongly_liberal,-1
17b49b4dbf29a0af_10,No,,
17b49b4dbf29a0af_18,Yes,strongly_liberal,-1
d9db6a67fd413f4d_43,Yes,strongly_liberal,-1
dfcfd11bb5be864a_19,Yes,slightly_liberal,-1
17b49b4dbf29a0af_46,No,,
b8cfa294201583a1_43,Yes,moderate,0
6bc3a2064bdd3b6f_53,Yes,slightly_conservative,1
e6057c578add1a7d_63,Yes,moderate,0
dfcfd11bb5be864a_56,Yes,slightly_liberal,-1
8c212968f4b001d1_44,Yes,moderate,0
17b49b4dbf29a0af_25,Yes,strongly_liberal,-1
3c9533adff1c8cfc_48,Yes,moderate,0
17b49b4dbf29a0af_53,Yes,strongly_liberal,-1
b8cfa294201583a1_10,Yes,strongly_liberal,-1
6bc3a2064bdd3b6f_43,Yes,strongly_liberal,-1
6bc3a2064bdd3b6f_70,Yes,slightly_liberal,-1
b8cfa294201583a1_63,Yes,strongly_liberal,-1
6ca6afa890399f12_9,Yes,moderate,0
8c212968f4b001d1_1,No,,
0a8edae2fda9c710_23,No,,
b8cfa294201583a1_11,Yes,strongly_liberal,-1
6bc3a2064bdd3b6f_21,Yes,strongly_liberal,-1
17b49b4dbf29a0af_60,Yes,strongly_liberal,-1
b8cfa294201583a1_30,Yes,slightly_liberal,-1
4cf339e2c2c935a0_17,No,,
e6057c578add1a7d_70,No,,
3c9533adff1c8cfc_33,Yes,moderate,0
8c212968f4b001d1_50,No,,
0a8edae2fda9c710_47,Yes,moderate,0
17b49b4dbf29a0af_11,Yes,moderate,0
dfcfd11bb5be864a_31,Yes,moderately_liberal,-1
17b49b4dbf29a0af_29,Yes,strongly_liberal,-1
b8cfa294201583a1_34,Yes,moderate,0
4cf339e2c2c935a0_6,No,,
b8cfa294201583a1_61,Yes,strongly_liberal,-1
4cf339e2c2c935a0_48,Yes,moderate,0
b8cfa294201583a1_47,Yes,moderate,0
6bc3a2064bdd3b6f_26,Yes,strongly_liberal,-1
d9db6a67fd413f4d_3,Yes,moderate,0
d9db6a67fd413f4d_30,Yes,moderately_liberal,-1
6bc3a2064bdd3b6f_57,Yes,moderate,0
e6057c578add1a7d_14,Yes,moderate,0
0a8edae2fda9c710_24,Yes,moderate,0
b8cfa294201583a1_46,Yes,strongly_liberal,-1
b8cfa294201583a1_18,Yes,strongly_liberal,-1
0a8edae2fda9c710_4,Yes,moderate,0
6ca6afa890399f12_31,Yes,slightly_liberal,-1
4cf339e2c2c935a0_24,Yes,moderate,0
4cf339e2c2c935a0_56,Yes,slightly_liberal,-1
17b49b4dbf29a0af_56,Yes,strongly_liberal,-1
3c9533adff1c8cfc_41,Yes,moderate,0
d9db6a67fd413f4d_45,Yes,strongly_liberal,-1
0a8edae2fda9c710_12,Yes,moderate,0
d9db6a67fd413f4d_32,Yes,slightly_liberal,-1
6bc3a2064bdd3b6f_54,Yes,moderately_liberal,-1
17b49b4dbf29a0af_63,Yes,strongly_liberal,-1
d9db6a67fd413f4d_29,Yes,moderately_conservative,1
dfcfd11bb5be864a_12,Yes,moderate,0
e6057c578add1a7d_4,Yes,moderate,0
8c212968f4b001d1_33,Yes,moderately_liberal,-1
dfcfd11bb5be864a_44,Yes,moderate,0
e6057c578add1a7d_43,Yes,moderate,0
6ca6afa890399f12_22,No,,
d9db6a67fd413f4d_10,Yes,moderate,0
6ca6afa890399f12_2,Yes,slightly_liberal,-1
3c9533adff1c8cfc_8,Yes,moderate,0
17b49b4dbf29a0af_32,Yes,strongly_liberal,-1
6ca6afa890399f12_30,Yes,moderate,0
0a8edae2fda9c710_22,No,,
6ca6afa890399f12_54,Yes,slightly_liberal,-1
6bc3a2064bdd3b6f_55,Yes,strongly_liberal,-1
d9db6a67fd413f4d_2,Yes,moderate,0
d9db6a67fd413f4d_44,Yes,strongly_liberal,-1
3c9533adff1c8cfc_42,Yes,moderate,0
6ca6afa890399f12_50,Yes,slightly_liberal,-1
6bc3a2064bdd3b6f_50,Yes,strongly_liberal,-1
4cf339e2c2c935a0_15,No,,
3c9533adff1c8cfc_14,No,,
e6057c578add1a7d_21,Yes,moderate,0
e6057c578add1a7d_27,Yes,moderate,0
73b02ac089108f92_11,No,,
8c212968f4b001d1_41,Yes,moderate,0
dfcfd11bb5be864a_14,Yes,moderate,0
8c212968f4b001d1_10,Yes,strongly_liberal,-1
9665075859004abe_29,Yes,moderate,0
67a04f12e643fae7_35,Yes,moderate,0
8b3ad67b0340320a_44,Yes,strongly_conservative,1
8b3ad67b0340320a_38,Yes,moderate,0
c773202781c9cb6a_68,Yes,moderately_conservative,1
c773202781c9cb6a_5,Yes,moderately_conservative,1
67a04f12e643fae7_48,Yes,moderate,0
38a2a2eed55e2db7_18,Yes,moderate,0
73b02ac089108f92_56,No,,
8b3ad67b0340320a_33,Yes,slightly_conservative,1
73b02ac089108f92_52,Yes,moderate,0
73b02ac089108f92_44,Yes,moderate,0
6fa9f0498822e66c_10,Yes,moderately_conservative,1
9665075859004abe_33,Yes,moderate,0
6fa9f0498822e66c_36,Yes,moderate,0
bc3259bb4a1e5438_63,Yes,moderately_conservative,1
6fa9f0498822e66c_8,Yes,strongly_conservative,1
73b02ac089108f92_2,No,,
c773202781c9cb6a_92,Yes,moderately_conservative,1
3c8c4b2388853c04_37,Yes,moderately_conservative,1
80e50eafc5573ee5_57,No,,
8b3ad67b0340320a_30,Yes,slightly_liberal,-1
63a8617e696646a3_3,Yes,moderate,0
63a8617e696646a3_80,Yes,moderate,0
8aaab288ef6665ab_23,Yes,moderate,0
8b3ad67b0340320a_0,Yes,moderate,0
73b02ac089108f92_12,Yes,moderate,0
9665075859004abe_66,Yes,moderately_conservative,1
6fa9f0498822e66c_68,Yes,moderately_conservative,1
63a8617e696646a3_81,Yes,moderate,0
bc3259bb4a1e5438_60,Yes,moderately_conservative,1
8aaab288ef6665ab_49,Yes,strongly_conservative,1
8b3ad67b0340320a_49,Yes,slightly_conservative,1
80e50eafc5573ee5_5,Yes,moderate,0
8aaab288ef6665ab_3,No,,
63a8617e696646a3_71,Yes,moderate,0
80e50eafc5573ee5_53,Yes,moderate,0
c773202781c9cb6a_38,Yes,moderately_conservative,1
38a2a2eed55e2db7_36,Yes,moderately_conservative,1
80e50eafc5573ee5_55,Yes,moderate,0
9665075859004abe_1,Yes,moderate,0
38a2a2eed55e2db7_40,Yes,strongly_conservative,1
9665075859004abe_31,Yes,moderate,0
c773202781c9cb6a_57,Yes,moderately_conservative,1
8aaab288ef6665ab_47,Yes,moderate,0
3c8c4b2388853c04_33,Yes,moderate,0
80e50eafc5573ee5_6,Yes,moderately_conservative,1
80e50eafc5573ee5_15,Yes,moderate,0
6fa9f0498822e66c_17,No,,
3c8c4b2388853c04_35,Yes,slightly_conservative,1
c773202781c9cb6a_45,Yes,moderate,0
73b02ac089108f92_26,No,,
9665075859004abe_61,Yes,moderate,0
80e50eafc5573ee5_23,Yes,moderate,0
73b02ac089108f92_7,No,,
73b02ac089108f92_68,Yes,moderate,0
73b02ac089108f92_53,Yes,moderate,0
63a8617e696646a3_67,Yes,moderate,0
c773202781c9cb6a_69,Yes,moderate,0
6fa9f0498822e66c_69,Yes,moderately_conservative,1
c773202781c9cb6a_12,Yes,moderately_conservative,1
67a04f12e643fae7_69,Yes,moderate,0
6fa9f0498822e66c_19,Yes,moderate,0
bc3259bb4a1e5438_83,Yes,strongly_conservative,1
c773202781c9cb6a_62,Yes,strongly_conservative,1
c773202781c9cb6a_34,Yes,moderate,0
80e50eafc5573ee5_56,Yes,moderate,0
38a2a2eed55e2db7_43,Yes,moderately_conservative,1
c773202781c9cb6a_83,Yes,moderate,0
8aaab288ef6665ab_32,Yes,strongly_conservative,1
bc3259bb4a1e5438_32,Yes,strongly_conservative,1
3c8c4b2388853c04_8,Yes,moderately_conservative,1
6fa9f0498822e66c_35,No,,
8aaab288ef6665ab_61,Yes,moderately_liberal,-1
8b3ad67b0340320a_61,Yes,moderately_conservative,1
8aaab288ef6665ab_48,Yes,moderate,0
8aaab288ef6665ab_17,No,,
67a04f12e643fae7_22,Yes,moderate,0
3c8c4b2388853c04_64,Yes,moderate,0
80e50eafc5573ee5_34,Yes,moderately_conservative,1
9665075859004abe_51,Yes,moderate,0
80e50eafc5573ee5_12,Yes,moderate,0
73b02ac089108f92_41,No,,
8aaab288ef6665ab_28,Yes,moderately_conservative,1
63a8617e696646a3_36,Yes,moderate,0
67a04f12e643fae7_62,Yes,moderate,0
6fa9f0498822e66c_30,Yes,moderate,0
3c8c4b2388853c04_66,Yes,moderately_conservative,1
c773202781c9cb6a_61,Yes,moderate,0
67a04f12e643fae7_32,Yes,moderate,0
80e50eafc5573ee5_61,Yes,moderate,0
80e50eafc5573ee5_54,Yes,moderately_conservative,1
80e50eafc5573ee5_47,Yes,moderate,0
9665075859004abe_68,Yes,moderate,0
67a04f12e643fae7_31,Yes,moderate,0
67a04f12e643fae7_53,Yes,moderate,0
3c8c4b2388853c04_1,Yes,moderately_conservative,1
67a04f12e643fae7_6,Yes,moderate,0
c773202781c9cb6a_59,Yes,slightly_liberal,-1
b5810055cf6e3dcb_1,No,,
c071f0b21788bfa8_40,No,,
a5234252a8fb270b_54,Yes,moderately_conservative,1
ec6e82f035998920_15,Yes,moderate,0
6fdb3a25153fc12d_9,Yes,moderately_conservative,1
6847d817a1a5335d_108,Yes,moderately_conservative,1
b5810055cf6e3dcb_63,No,,
66f71a569e2a0ba7_20,Yes,moderate,0
6fdb3a25153fc12d_11,Yes,moderately_conservative,1
cbe401c996f7a3bc_74,Yes,moderately_conservative,1
a5234252a8fb270b_42,Yes,strongly_conservative,1
eb674c7acdf874c9_30,Yes,strongly_conservative,1
8f9f2f35be2de2a2_37,No,,
6fdb3a25153fc12d_67,Yes,moderate,0
ec6e82f035998920_70,Yes,strongly_conservative,1
cbe401c996f7a3bc_71,Yes,moderately_conservative,1
66f71a569e2a0ba7_5,Yes,moderate,0
3be579538a97e212_12,Yes,moderately_conservative,1
c071f0b21788bfa8_22,Yes,strongly_conservative,1
b5810055cf6e3dcb_61,No,,
a883a8cfaf484be9_42,Yes,strongly_conservative,1
eb674c7acdf874c9_5,No,,
a883a8cfaf484be9_26,Yes,strongly_conservative,1
b5810055cf6e3dcb_42,No,,
c071f0b21788bfa8_47,Yes,slightly_liberal,-1
3be579538a97e212_56,Yes,moderate,0
a883a8cfaf484be9_29,Yes,moderately_conservative,1
66f71a569e2a0ba7_28,Yes,moderate,0
c071f0b21788bfa8_32,Yes,strongly_conservative,1
cbe401c996f7a3bc_90,No,,
cbe401c996f7a3bc_56,Yes,slightly_conservative,1
66f71a569e2a0ba7_14,Yes,moderate,0
eb674c7acdf874c9_20,Yes,moderately_conservative,1
a5234252a8fb270b_39,Yes,moderate,0
6fdb3a25153fc12d_26,Yes,moderate,0
66f71a569e2a0ba7_53,Yes,moderate,0
a883a8cfaf484be9_19,Yes,strongly_conservative,1
b5810055cf6e3dcb_59,No,,
a883a8cfaf484be9_49,Yes,moderate,0
6847d817a1a5335d_0,Yes,moderate,0
8f9f2f35be2de2a2_15,No,,
6847d817a1a5335d_64,Yes,moderate,0
8f9f2f35be2de2a2_35,Yes,strongly_conservative,1
cbe401c996f7a3bc_57,Yes,moderate,0
cbe401c996f7a3bc_34,No,,
c071f0b21788bfa8_42,Yes,moderately_conservative,1
66f71a569e2a0ba7_56,Yes,moderately_conservative,1
a883a8cfaf484be9_13,Yes,moderate,0
a883a8cfaf484be9_40,Yes,strongly_conservative,1
a5234252a8fb270b_43,Yes,slightly_liberal,-1
6847d817a1a5335d_26,No,,
eb674c7acdf874c9_3,Yes,strongly_conservative,1
c071f0b21788bfa8_53,Yes,moderate,0
6fdb3a25153fc12d_54,No,,
eb674c7acdf874c9_36,Yes,moderate,0
a5234252a8fb270b_3,Yes,strongly_conservative,1
8f9f2f35be2de2a2_43,Yes,moderately_conservative,1
a5234252a8fb270b_10,Yes,moderately_conservative,1
8f9f2f35be2de2a2_9,No,,
a5234252a8fb270b_35,Yes,moderately_conservative,1
cbe401c996f7a3bc_94,Yes,moderate,0
a5234252a8fb270b_46,No,,
ec6e82f035998920_33,Yes,strongly_conservative,1
66f71a569e2a0ba7_75,Yes,moderately_conservative,1
6847d817a1a5335d_88,Yes,moderately_liberal,-1
cbe401c996f7a3bc_67,Yes,moderate,0
6fdb3a25153fc12d_46,Yes,moderate,0
6847d817a1a5335d_75,Yes,moderately_conservative,1
eb674c7acdf874c9_22,Yes,moderate,0
a883a8cfaf484be9_59,Yes,moderate,0
6847d817a1a5335d_104,Yes,slightly_conservative,1
6fdb3a25153fc12d_39,No,,
6847d817a1a5335d_24,No,,
a883a8cfaf484be9_23,Yes,moderately_conservative,1
a5234252a8fb270b_0,Yes,moderate,0
b5810055cf6e3dcb_2,No,,
ec6e82f035998920_61,Yes,moderate,0
ec6e82f035998920_69,Yes,strongly_conservative,1
6847d817a1a5335d_22,No,,
a5234252a8fb270b_18,Yes,moderately_conservative,1
a883a8cfaf484be9_48,Yes,slightly_conservative,1
c071f0b21788bfa8_2,No,,
6847d817a1a5335d_73,Yes,moderate,0
cbe401c996f7a3bc_83,Yes,moderately_conservative,1
6847d817a1a5335d_107,Yes,moderate,0
3be579538a97e212_34,Yes,moderate,0
b5810055cf6e3dcb_11,No,,
6fdb3a25153fc12d_56,Yes,moderate,0
6847d817a1a5335d_103,Yes,moderately_conservative,1
ec6e82f035998920_3,Yes,moderate,0
6fdb3a25153fc12d_32,Yes,slightly_liberal,-1
c071f0b21788bfa8_51,Yes,moderately_conservative,1
6847d817a1a5335d_44,Yes,slightly_conservative,1
c071f0b21788bfa8_65,Yes,strongly_conservative,1
a883a8cfaf484be9_43,Yes,moderate,0
6847d817a1a5335d_51,Yes,moderate,0
66f71a569e2a0ba7_26,Yes,strongly_conservative,1
a5234252a8fb270b_4,Yes,strongly_conservative,1
66f71a569e2a0ba7_47,Yes,strongly_conservative,1
ec6e82f035998920_29,Yes,moderate,0
7aa1aeeed9896289_23,Yes,moderately_conservative,1
c209ed23086aa754_86,No,,
7e407d650e845a4d_44,No,,
e81ed0f3f53bd0cd_30,Yes,moderate,0
f5f46a4eb996aae4_27,No,,
ea57f93e014fcab8_31,No,,
7e407d650e845a4d_60,Yes,slightly_liberal,-1
e81ed0f3f53bd0cd_12,Yes,moderate,0
7aa1aeeed9896289_40,Yes,strongly_liberal,-1
cf6d425ffd350ffa_13,Yes,moderate,0
7e407d650e845a4d_101,Yes,strongly_liberal,-1
f5f46a4eb996aae4_78,Yes,moderate,0
81f2122b97789d34_30,Yes,moderate,0
ea57f93e014fcab8_58,Yes,strongly_liberal,-1
c209ed23086aa754_32,Yes,moderate,0
7e407d650e845a4d_111,Yes,moderately_conservative,1
cf6d425ffd350ffa_44,Yes,strongly_liberal,-1
a8f3ce1dff4ed89e_67,Yes,slightly_conservative,1
c209ed23086aa754_64,Yes,moderate,0
f5f46a4eb996aae4_92,Yes,slightly_conservative,1
7aa1aeeed9896289_8,Yes,moderate,0
3d1570ff578ef068_81,No,,
ea57f93e014fcab8_43,Yes,strongly_liberal,-1
f5f46a4eb996aae4_85,Yes,moderate,0
e81ed0f3f53bd0cd_54,Yes,strongly_liberal,-1
81f2122b97789d34_24,Yes,strongly_liberal,-1
a8f3ce1dff4ed89e_5,No,,
f5f46a4eb996aae4_87,Yes,moderate,0
3d1570ff578ef068_31,Yes,slightly_liberal,-1
cf6d425ffd350ffa_50,Yes,strongly_liberal,-1
3d1570ff578ef068_16,No,,
a8f3ce1dff4ed89e_99,Yes,moderate,0
c209ed23086aa754_30,Yes,moderate,0
cf6d425ffd350ffa_56,Yes,strongly_liberal,-1
c209ed23086aa754_29,Yes,moderate,0
3d1570ff578ef068_34,Yes,strongly_liberal,-1
3d1570ff578ef068_64,Yes,moderate,0
a8f3ce1dff4ed89e_71,No,,
cf6d425ffd350ffa_1,Yes,strongly_liberal,-1
81f2122b97789d34_46,Yes,moderate,0
3d1570ff578ef068_74,Yes,moderately_conservative,1
ea57f93e014fcab8_52,Yes,strongly_conservative,1
a8f3ce1dff4ed89e_62,Yes,moderate,0
7e407d650e845a4d_144,No,,
7e407d650e845a4d_91,Yes,strongly_liberal,-1
13efde5bd6900e66_23,No,,
cf6d425ffd350ffa_9,Yes,moderately_liberal,-1
7e407d650e845a4d_142,Yes,strongly_liberal,-1
a8f3ce1dff4ed89e_110,No,,
7e407d650e845a4d_75,Yes,slightly_liberal,-1
81f2122b97789d34_62,Yes,moderate,0
f5f46a4eb996aae4_124,Yes,moderate,0
a8f3ce1dff4ed89e_74,Yes,slightly_liberal,-1
3d1570ff578ef068_57,Yes,moderate,0
7e407d650e845a4d_102,Yes,slightly_liberal,-1
13efde5bd6900e66_0,Yes,slightly_liberal,-1
a8f3ce1dff4ed89e_29,Yes,strongly_liberal,-1
a8f3ce1dff4ed89e_16,Yes,moderate,0
a8f3ce1dff4ed89e_92,Yes,strongly_liberal,-1
c209ed23086aa754_31,Yes,moderately_liberal,-1
7e407d650e845a4d_21,Yes,strongly_liberal,-1
ea57f93e014fcab8_54,Yes,moderate,0
cf6d425ffd350ffa_29,Yes,moderate,0
7e407d650e845a4d_25,Yes,moderate,0
13efde5bd6900e66_40,Yes,slightly_liberal,-1
a8f3ce1dff4ed89e_45,Yes,moderate,0
13efde5bd6900e66_41,Yes,slightly_liberal,-1
13efde5bd6900e66_35,Yes,moderate,0
c209ed23086aa754_9,Yes,strongly_conservative,1
13efde5bd6900e66_3,Yes,strongly_conservative,1
c209ed23086aa754_78,Yes,moderate,0
3d1570ff578ef068_40,No,,
a8f3ce1dff4ed89e_124,No,,
7e407d650e845a4d_85,Yes,moderate,0
81f2122b97789d34_57,Yes,strongly_liberal,-1
c209ed23086aa754_5,Yes,slightly_liberal,-1
c209ed23086aa754_76,No,,
c209ed23086aa754_43,Yes,moderate,0
ea57f93e014fcab8_65,Yes,moderate,0
e81ed0f3f53bd0cd_9,Yes,moderate,0
ea57f93e014fcab8_46,Yes,moderate,0
3d1570ff578ef068_71,Yes,moderate,0
7aa1aeeed9896289_3,Yes,moderate,0
e81ed0f3f53bd0cd_27,No,,
f5f46a4eb996aae4_32,Yes,moderate,0
ea57f93e014fcab8_39,Yes,strongly_liberal,-1
7e407d650e845a4d_108,Yes,moderate,0
c209ed23086aa754_62,Yes,moderate,0
81f2122b97789d34_56,Yes,strongly_liberal,-1
13efde5bd6900e66_47,Yes,strongly_liberal,-1
e81ed0f3f53bd0cd_25,Yes,slightly_liberal,-1
7e407d650e845a4d_141,Yes,moderately_liberal,-1
f5f46a4eb996aae4_50,Yes,moderate,0
f5f46a4eb996aae4_3,No,,
cf6d425ffd350ffa_25,Yes,strongly_liberal,-1
7e407d650e845a4d_90,Yes,moderate,0
7e407d650e845a4d_62,No,,
81f2122b97789d34_33,Yes,moderate,0
c209ed23086aa754_19,Yes,moderate,0
13efde5bd6900e66_19,Yes,strongly_liberal,-1
13908c546223a516_25,Yes,strongly_liberal,-1
50bc87f293a73d8e_47,Yes,strongly_liberal,-1
161a2c9de3846f48_63,Yes,strongly_liberal,-1
50bc87f293a73d8e_0,Yes,moderate,0
e2de6384d67ab3a6_38,Yes,moderate,0
c0218dd95bf62901_24,Yes,moderate,0
dcb8c4dafcb515c1_0,No,,
1e58bc9b23b2ff93_49,Yes,moderate,0
c0218dd95bf62901_88,Yes,moderate,0
e2de6384d67ab3a6_72,Yes,strongly_liberal,-1
ecb259723b3ef314_24,Yes,moderate,0
b509f7448d6f1025_33,Yes,moderate,0
c3cd9ab7efe96cff_33,Yes,moderate,0
c3cd9ab7efe96cff_22,Yes,moderate,0
13908c546223a516_72,Yes,moderate,0
50bc87f293a73d8e_59,Yes,moderate,0
e2de6384d67ab3a6_21,Yes,moderate,0
dcb8c4dafcb515c1_31,No,,
1e58bc9b23b2ff93_73,Yes,slightly_liberal,-1
13908c546223a516_38,Yes,moderate,0
c0218dd95bf62901_48,Yes,strongly_liberal,-1
dcb8c4dafcb515c1_34,No,,
50bc87f293a73d8e_95,Yes,moderate,0
1e58bc9b23b2ff93_58,Yes,moderate,0
161a2c9de3846f48_8,Yes,moderate,0
b509f7448d6f1025_27,Yes,moderately_liberal,-1
e2de6384d67ab3a6_36,Yes,moderate,0
c3cd9ab7efe96cff_38,Yes,moderate,0
161a2c9de3846f48_18,Yes,moderate,0
50bc87f293a73d8e_27,Yes,strongly_liberal,-1
50bc87f293a73d8e_100,Yes,slightly_liberal,-1
e2de6384d67ab3a6_59,Yes,moderate,0
dcb8c4dafcb515c1_90,Yes,strongly_liberal,-1
50bc87f293a73d8e_74,Yes,moderate,0
50bc87f293a73d8e_35,No,,
dcb8c4dafcb515c1_29,No,,
09f5ba3e982722cc_71,Yes,moderate,0
e2de6384d67ab3a6_34,Yes,moderate,0
50bc87f293a73d8e_83,Yes,strongly_liberal,-1
161a2c9de3846f48_11,Yes,moderate,0
50bc87f293a73d8e_11,Yes,slightly_liberal,-1
50bc87f293a73d8e_78,Yes,moderate,0
13908c546223a516_66,Yes,moderate,0
c0218dd95bf62901_58,Yes,moderate,0
13908c546223a516_0,Yes,moderate,0
09f5ba3e982722cc_37,Yes,slightly_liberal,-1
e2de6384d67ab3a6_1,Yes,moderate,0
c0218dd95bf62901_11,Yes,moderate,0
ecb259723b3ef314_76,Yes,slightly_liberal,-1
c0218dd95bf62901_68,Yes,slightly_liberal,-1
1e58bc9b23b2ff93_1,Yes,moderate,0
64508645d602bc04_29,Yes,moderately_liberal,-1
b509f7448d6f1025_12,Yes,strongly_liberal,-1
c3cd9ab7efe96cff_13,Yes,slightly_conservative,1
161a2c9de3846f48_4,Yes,slightly_liberal,-1
ecb259723b3ef314_30,Yes,moderately_conservative,1
c0218dd95bf62901_25,Yes,moderate,0
09f5ba3e982722cc_76,Yes,moderate,0
e2de6384d67ab3a6_16,Yes,strongly_liberal,-1
dcb8c4dafcb515c1_46,Yes,strongly_liberal,-1
c0218dd95bf62901_29,Yes,moderate,0
1e58bc9b23b2ff93_9,Yes,strongly_liberal,-1
c0218dd95bf62901_30,Yes,moderate,0
13908c546223a516_3,No,,
161a2c9de3846f48_22,Yes,moderate,0
13908c546223a516_17,Yes,moderate,0
1e58bc9b23b2ff93_19,Yes,moderate,0
dcb8c4dafcb515c1_60,No,,
13908c546223a516_62,Yes,moderately_liberal,-1
09f5ba3e982722cc_42,Yes,moderate,0
50bc87f293a73d8e_62,Yes,moderate,0
50bc87f293a73d8e_57,No,,
b509f7448d6f1025_18,Yes,slightly_liberal,-1
c0218dd95bf62901_56,Yes,moderate,0
c0218dd95bf62901_61,No,,
ecb259723b3ef314_79,Yes,slightly_liberal,-1
e2de6384d67ab3a6_75,Yes,moderate,0
64508645d602bc04_44,Yes,moderate,0
161a2c9de3846f48_10,Yes,moderate,0
e2de6384d67ab3a6_68,Yes,moderate,0
64508645d602bc04_22,Yes,slightly_liberal,-1
50bc87f293a73d8e_43,Yes,moderate,0
ecb259723b3ef314_27,Yes,moderately_conservative,1
ecb259723b3ef314_49,Yes,moderate,0
ecb259723b3ef314_18,Yes,slightly_liberal,-1
ecb259723b3ef314_64,Yes,slightly_liberal,-1
13908c546223a516_18,Yes,moderate,0
ecb259723b3ef314_14,Yes,moderate,0
b509f7448d6f1025_11,Yes,strongly_liberal,-1
b509f7448d6f1025_6,Yes,strongly_liberal,-1
c0218dd95bf62901_8,Yes,moderately_liberal,-1
50bc87f293a73d8e_80,Yes,moderate,0
ecb259723b3ef314_82,Yes,slightly_liberal,-1
1e58bc9b23b2ff93_3,Yes,strongly_liberal,-1
50bc87f293a73d8e_98,Yes,moderate,0
64508645d602bc04_57,Yes,moderate,0
c0218dd95bf62901_89,Yes,moderate,0
c0218dd95bf62901_22,Yes,moderate,0
0e840b6d1e04d5c4_71,No,,
ecb259723b3ef314_63,Yes,strongly_liberal,-1
09f5ba3e982722cc_20,Yes,strongly_conservative,1
ad859c912366ad37_55,Yes,moderate,0
0e840b6d1e04d5c4_16,Yes,strongly_conservative,1
dc46410c8ede5480_8,No,,
dc46410c8ede5480_54,No,,
ad859c912366ad37_67,Yes,moderate,0
52b719e38186a37c_42,Yes,moderately_conservative,1
ad859c912366ad37_32,Yes,strongly_conservative,1
ad859c912366ad37_51,Yes,moderately_conservative,1
52b719e38186a37c_57,Yes,moderate,0
52b719e38186a37c_23,Yes,strongly_conservative,1
dc46410c8ede5480_14,Yes,strongly_conservative,1
8d037e504bb820ba_68,Yes,moderately_conservative,1
26910345d9e26101_32,Yes,strongly_conservative,1
26910345d9e26101_33,Yes,moderately_conservative,1
8d037e504bb820ba_64,Yes,moderately_conservative,1
42bf83159de670f1_39,Yes,moderate,0
0e840b6d1e04d5c4_19,Yes,strongly_conservative,1
8d037e504bb820ba_54,Yes,moderately_conservative,1
42bf83159de670f1_52,Yes,strongly_conservative,1
0e840b6d1e04d5c4_30,Yes,moderate,0
ad859c912366ad37_36,Yes,moderately_conservative,1
0e840b6d1e04d5c4_59,Yes,moderately_conservative,1
8d037e504bb820ba_35,Yes,moderate,0
0e840b6d1e04d5c4_47,Yes,moderate,0
42bf83159de670f1_26,Yes,strongly_conservative,1
d3512a365bd68b19_63,Yes,strongly_conservative,1
3f88c097b34ea001_44,Yes,strongly_conservative,1
26910345d9e26101_2,Yes,moderate,0
dc46410c8ede5480_28,Yes,strongly_conservative,1
80ca355f035b5a9d_15,Yes,strongly_conservative,1
42bf83159de670f1_60,Yes,strongly_conservative,1
8d037e504bb820ba_46,Yes,slightly_liberal,-1
42bf83159de670f1_19,Yes,strongly_conservative,1
ad859c912366ad37_35,Yes,strongly_conservative,1
0e840b6d1e04d5c4_36,Yes,strongly_conservative,1
0e840b6d1e04d5c4_52,No,,
3f88c097b34ea001_69,No,,
8d037e504bb820ba_59,Yes,moderately_conservative,1
3f88c097b34ea001_71,No,,
52b719e38186a37c_1,Yes,strongly_conservative,1
52b719e38186a37c_5,Yes,strongly_conservative,1
26910345d9e26101_53,Yes,strongly_conservative,1
52b719e38186a37c_39,Yes,moderate,0
80ca355f035b5a9d_18,Yes,strongly_conservative,1
26910345d9e26101_23,Yes,strongly_conservative,1
26910345d9e26101_52,Yes,strongly_conservative,1
52b719e38186a37c_71,Yes,moderate,0
8d037e504bb820ba_1,Yes,strongly_conservative,1
8d037e504bb820ba_44,Yes,slightly_conservative,1
0e840b6d1e04d5c4_22,Yes,moderately_conservative,1
0e840b6d1e04d5c4_41,Yes,strongly_conservative,1
52b719e38186a37c_69,No,,
5b790e5b86fcf8ef_48,No,,
42bf83159de670f1_9,Yes,slightly_liberal,-1
ad859c912366ad37_59,Yes,moderate,0
d3512a365bd68b19_32,Yes,moderately_conservative,1
3f88c097b34ea001_22,No,,
80ca355f035b5a9d_67,Yes,strongly_conservative,1
3f88c097b34ea001_67,No,,
0e840b6d1e04d5c4_10,Yes,moderate,0
80ca355f035b5a9d_39,No,,
ad859c912366ad37_73,Yes,moderate,0
ad859c912366ad37_16,Yes,strongly_conservative,1
8c986d30437eac9d_19,Yes,moderate,0
8c986d30437eac9d_63,No,,
3f88c097b34ea001_21,Yes,strongly_conservative,1
0e840b6d1e04d5c4_35,Yes,strongly_conservative,1
d3512a365bd68b19_7,Yes,strongly_conservative,1
d3512a365bd68b19_42,Yes,strongly_conservative,1
0e840b6d1e04d5c4_0,Yes,strongly_conservative,1
42bf83159de670f1_34,Yes,strongly_conservative,1
dc46410c8ede5480_49,Yes,moderate,0
3f88c097b34ea001_49,Yes,moderate,0
0e840b6d1e04d5c4_61,Yes,strongly_conservative,1
5b790e5b86fcf8ef_7,Yes,strongly_conservative,1
42bf83159de670f1_1,Yes,moderate,0
3f88c097b34ea001_30,Yes,slightly_liberal,-1
3f88c097b34ea001_8,Yes,strongly_liberal,-1
5b790e5b86fcf8ef_38,Yes,strongly_conservative,1
ad859c912366ad37_26,Yes,strongly_conservative,1
d3512a365bd68b19_31,Yes,strongly_conservative,1
42bf83159de670f1_13,Yes,strongly_conservative,1
26910345d9e26101_55,Yes,strongly_conservative,1
8d037e504bb820ba_12,Yes,strongly_conservative,1
8c986d30437eac9d_10,Yes,slightly_conservative,1
80ca355f035b5a9d_16,Yes,moderately_conservative,1
dc46410c8ede5480_59,Yes,moderate,0
0e840b6d1e04d5c4_17,Yes,moderate,0
3f88c097b34ea001_65,No,,
5b790e5b86fcf8ef_16,Yes,strongly_conservative,1
dc46410c8ede5480_15,Yes,strongly_conservative,1
0e840b6d1e04d5c4_18,Yes,strongly_conservative,1
ad859c912366ad37_64,Yes,moderate,0
dc46410c8ede5480_9,Yes,strongly_conservative,1
52b719e38186a37c_20,Yes,moderately_conservative,1
5b790e5b86fcf8ef_59,Yes,moderate,0
26910345d9e26101_8,Yes,strongly_conservative,1
dfd48532fab53156_61,No,,
9a79e64e700decdb_13,No,,
dfd48532fab53156_35,No,,
52b719e38186a37c_43,Yes,moderate,0
3f88c097b34ea001_16,Yes,moderately_conservative,1
bbf577d26d03430a_105,No,,
dfd48532fab53156_12,No,,
bbf577d26d03430a_26,No,,
88aa6c3e585580af_8,Yes,strongly_liberal,-1
20ddaff03fa9f588_40,Yes,moderately_conservative,1
f44dbb887d22c1a8_43,No,,
e7335f43683c39fd_49,Yes,moderately_liberal,-1
bbf577d26d03430a_111,Yes,moderate,0
88aa6c3e585580af_16,Yes,moderate,0
7f855ff7ce6635ac_9,Yes,strongly_liberal,-1
f44dbb887d22c1a8_29,Yes,slightly_liberal,-1
bbf577d26d03430a_86,No,,
7f855ff7ce6635ac_1,Yes,moderately_liberal,-1
bbf577d26d03430a_76,No,,
e7335f43683c39fd_43,Yes,moderate,0
f1ee3e7100583afb_41,Yes,moderately_conservative,1
dfd48532fab53156_18,No,,
f44dbb887d22c1a8_10,Yes,moderate,0
f1ee3e7100583afb_26,No,,
3040ea09527fa804_35,Yes,slightly_liberal,-1
bbf577d26d03430a_85,No,,
f1ee3e7100583afb_36,Yes,strongly_conservative,1
e7335f43683c39fd_54,No,,
f44dbb887d22c1a8_71,Yes,moderately_liberal,-1
f1ee3e7100583afb_84,No,,
d53e05841819210a_4,No,,
88aa6c3e585580af_20,Yes,moderate,0
3040ea09527fa804_32,No,,
f1ee3e7100583afb_37,No,,
4c280c80ddaafb7d_41,Yes,moderate,0
9a79e64e700decdb_29,No,,
bbf577d26d03430a_74,Yes,strongly_liberal,-1
f44dbb887d22c1a8_75,No,,
dfd48532fab53156_3,Yes,moderate,0
9a79e64e700decdb_12,Yes,strongly_liberal,-1
f1ee3e7100583afb_33,Yes,strongly_liberal,-1
9a79e64e700decdb_14,No,,
bbf577d26d03430a_103,Yes,slightly_liberal,-1
9a79e64e700decdb_9,Yes,slightly_liberal,-1
20ddaff03fa9f588_17,Yes,moderately_liberal,-1
3040ea09527fa804_2,No,,
bbf577d26d03430a_60,Yes,moderate,0
20ddaff03fa9f588_60,No,,
d53e05841819210a_1,Yes,moderate,0
f1ee3e7100583afb_74,Yes,moderate,0
20ddaff03fa9f588_13,Yes,moderate,0
bbf577d26d03430a_47,No,,
4c280c80ddaafb7d_16,No,,
9a79e64e700decdb_27,No,,
f44dbb887d22c1a8_74,No,,
bbf577d26d03430a_46,No,,
f1ee3e7100583afb_30,No,,
88aa6c3e585580af_6,Yes,moderate,0
d53e05841819210a_12,No,,
f44dbb887d22c1a8_16,Yes,moderate,0
f1ee3e7100583afb_10,No,,
20ddaff03fa9f588_59,Yes,moderate,0
bbf577d26d03430a_88,No,,
88aa6c3e585580af_19,Yes,slightly_liberal,-1
f1ee3e7100583afb_46,Yes,moderate,0
20ddaff03fa9f588_66,Yes,strongly_liberal,-1
f1ee3e7100583afb_56,Yes,strongly_liberal,-1
4c280c80ddaafb7d_13,No,,
f44dbb887d22c1a8_18,Yes,strongly_liberal,-1
e7335f43683c39fd_37,Yes,strongly_liberal,-1
f44dbb887d22c1a8_33,Yes,slightly_liberal,-1
4c280c80ddaafb7d_7,Yes,moderate,0
3040ea09527fa804_37,No,,
f44dbb887d22c1a8_64,No,,
20ddaff03fa9f588_58,Yes,slightly_liberal,-1
f44dbb887d22c1a8_23,No,,
dfd48532fab53156_26,No,,
dfd48532fab53156_36,No,,
f44dbb887d22c1a8_4,No,,
bbf577d26d03430a_10,No,,
bbf577d26d03430a_29,Yes,slightly_liberal,-1
4c280c80ddaafb7d_35,No,,
e7335f43683c39fd_31,Yes,moderate,0
3040ea09527fa804_44,Yes,moderately_liberal,-1
3040ea09527fa804_54,No,,
e7335f43683c39fd_42,Yes,moderate,0
88aa6c3e585580af_12,Yes,moderate,0
dfd48532fab53156_1,No,,
f44dbb887d22c1a8_45,No,,
3040ea09527fa804_62,Yes,moderate,0
e7335f43683c39fd_62,No,,
4c280c80ddaafb7d_25,Yes,moderate,0
f1ee3e7100583afb_11,No,,
bbf577d26d03430a_98,No,,
bbf577d26d03430a_49,No,,
f44dbb887d22c1a8_72,Yes,moderate,0
20ddaff03fa9f588_15,Yes,strongly_liberal,-1
20ddaff03fa9f588_14,Yes,moderately_liberal,-1
20ddaff03fa9f588_31,Yes,moderate,0
bbf577d26d03430a_56,Yes,moderately_liberal,-1
bbf577d26d03430a_64,No,,
b742f1a207f1328a_11,No,,
9a79e64e700decdb_1,Yes,moderate,0
60fd76a0c1cb51b6_32,Yes,strongly_conservative,1
b742f1a207f1328a_22,Yes,moderate,0
bd9ed90e14dd44f6_33,Yes,strongly_conservative,1
c1aab9762714947d_38,Yes,moderate,0
c1aab9762714947d_64,Yes,moderate,0
60fd76a0c1cb51b6_15,Yes,strongly_conservative,1
3160ee152a741f50_53,Yes,slightly_conservative,1
60fd76a0c1cb51b6_8,Yes,strongly_conservative,1
8e7e0aba4bc45463_57,Yes,moderately_conservative,1
c991d822ef5408c4_4,Yes,moderately_conservative,1
c1aab9762714947d_31,Yes,moderate,0
3160ee152a741f50_64,Yes,moderately_conservative,1
2765d93f6a7acfa9_45,Yes,strongly_conservative,1
bd9ed90e14dd44f6_63,Yes,moderately_conservative,1
bd9ed90e14dd44f6_37,Yes,moderate,0
fe859a28c34ca159_5,No,,
c991d822ef5408c4_69,Yes,strongly_conservative,1
8e7e0aba4bc45463_8,Yes,moderately_conservative,1
2765d93f6a7acfa9_42,Yes,strongly_conservative,1
bd9ed90e14dd44f6_74,Yes,moderately_conservative,1
60fd76a0c1cb51b6_62,Yes,strongly_conservative,1
8e7e0aba4bc45463_59,Yes,strongly_conservative,1
fe859a28c34ca159_31,No,,
bd0681db50788fed_17,Yes,strongly_conservative,1
8e7e0aba4bc45463_37,Yes,moderate,0
3160ee152a741f50_4,Yes,moderate,0
bd9ed90e14dd44f6_26,Yes,strongly_conservative,1
3160ee152a741f50_31,Yes,moderate,0
2765d93f6a7acfa9_52,No,,
c1aab9762714947d_33,Yes,moderate,0
c1aab9762714947d_89,No,,
c991d822ef5408c4_40,No,,
bd9ed90e14dd44f6_47,Yes,moderately_conservative,1
b742f1a207f1328a_3,Yes,moderate,0
2765d93f6a7acfa9_43,Yes,strongly_conservative,1
2765d93f6a7acfa9_1,Yes,moderate,0
2765d93f6a7acfa9_57,Yes,strongly_conservative,1
bd9ed90e14dd44f6_82,Yes,moderate,0
bd0681db50788fed_56,No,,
3160ee152a741f50_71,Yes,slightly_conservative,1
3160ee152a741f50_45,Yes,strongly_conservative,1
f0ea4de076e7732d_23,Yes,strongly_conservative,1
b742f1a207f1328a_36,Yes,moderate,0
c1aab9762714947d_24,Yes,strongly_conservative,1
b742f1a207f1328a_14,Yes,moderately_conservative,1
bd9ed90e14dd44f6_2,Yes,moderate,0
bd9ed90e14dd44f6_17,Yes,strongly_conservative,1
f0ea4de076e7732d_34,Yes,moderate,0
3160ee152a741f50_66,Yes,moderately_conservative,1
3160ee152a741f50_75,Yes,moderate,0
bd9ed90e14dd44f6_7,Yes,moderate,0
c991d822ef5408c4_24,Yes,strongly_conservative,1
c991d822ef5408c4_34,Yes,moderate,0
60fd76a0c1cb51b6_59,Yes,moderate,0
3160ee152a741f50_30,Yes,moderate,0
60fd76a0c1cb51b6_19,Yes,moderate,0
c991d822ef5408c4_76,Yes,moderately_conservative,1
2d5447f613f73377_24,Yes,moderately_conservative,1
8e7e0aba4bc45463_63,Yes,moderately_conservative,1
3160ee152a741f50_42,Yes,strongly_conservative,1
60fd76a0c1cb51b6_25,Yes,moderately_conservative,1
f0ea4de076e7732d_73,Yes,moderately_conservative,1
60fd76a0c1cb51b6_49,Yes,strongly_conservative,1
60fd76a0c1cb51b6_21,Yes,strongly_conservative,1
8e7e0aba4bc45463_71,Yes,strongly_conservative,1
f0ea4de076e7732d_61,Yes,slightly_conservative,1
bd0681db50788fed_37,Yes,strongly_conservative,1
8e7e0aba4bc45463_61,Yes,moderately_conservative,1
c1aab9762714947d_0,No,,
c1aab9762714947d_17,Yes,strongly_conservative,1
c1aab9762714947d_40,Yes,moderately_conservative,1
c991d822ef5408c4_81,Yes,moderate,0
b742f1a207f1328a_53,No,,
f0ea4de076e7732d_83,Yes,moderately_conservative,1
f0ea4de076e7732d_72,Yes,strongly_conservative,1
2d5447f613f73377_11,Yes,moderate,0
f0ea4de076e7732d_80,Yes,moderately_conservative,1
c1aab9762714947d_50,Yes,strongly_conservative,1
3160ee152a741f50_89,Yes,moderately_conservative,1
60fd76a0c1cb51b6_18,Yes,strongly_conservative,1
fe859a28c34ca159_62,Yes,strongly_conservative,1
8e7e0aba4bc45463_68,Yes,strongly_conservative,1
bd0681db50788fed_12,Yes,moderately_conservative,1
2d5447f613f73377_36,Yes,strongly_conservative,1
b742f1a207f1328a_2,Yes,strongly_conservative,1
c991d822ef5408c4_23,Yes,strongly_conservative,1
fe859a28c34ca159_14,Yes,strongly_conservative,1
2765d93f6a7acfa9_27,Yes,moderate,0
bd0681db50788fed_50,No,,
2765d93f6a7acfa9_65,Yes,moderately_conservative,1
f0ea4de076e7732d_27,Yes,strongly_conservative,1
c1aab9762714947d_86,Yes,moderate,0
bd9ed90e14dd44f6_65,Yes,strongly_conservative,1
bd9ed90e14dd44f6_40,Yes,strongly_conservative,1
8e7e0aba4bc45463_46,Yes,moderately_conservative,1
f0ea4de076e7732d_1,Yes,moderately_conservative,1
8e7e0aba4bc45463_55,Yes,strongly_conservative,1
2d5447f613f73377_9,Yes,strongly_conservative,1
2765d93f6a7acfa9_59,Yes,moderately_conservative,1
b4ceeeb3034ac10a_26,Yes,moderately_conservative,1
149f3fe1076ab600_22,Yes,strongly_conservative,1
149f3fe1076ab600_53,Yes,strongly_conservative,1
7c056d371cb3166f_23,Yes,strongly_conservative,1
ed62066d5be47f76_30,Yes,moderately_conservative,1
d9f34647e97149cb_19,Yes,moderate,0
98cd7d152c519b8f_7,Yes,moderately_conservative,1
ed62066d5be47f76_14,Yes,strongly_conservative,1
accffe39b4c76bff_28,Yes,strongly_conservative,1
55603bcb6eeb86bb_53,Yes,strongly_conservative,1
99cfe41d4d8b2601_22,Yes,moderate,0
55603bcb6eeb86bb_48,Yes,slightly_conservative,1
95e5b8591d8203f1_47,No,,
b4ceeeb3034ac10a_34,Yes,moderate,0
149f3fe1076ab600_7,Yes,moderate,0
55603bcb6eeb86bb_44,Yes,strongly_conservative,1
99cfe41d4d8b2601_3,Yes,strongly_conservative,1
ab205355645f7329_17,Yes,moderate,0
d9f34647e97149cb_57,No,,
7c056d371cb3166f_68,No,,
149f3fe1076ab600_31,Yes,strongly_conservative,1
95e5b8591d8203f1_45,Yes,moderately_conservative,1
ed62066d5be47f76_5,Yes,moderate,0
55603bcb6eeb86bb_49,Yes,strongly_conservative,1
b4ceeeb3034ac10a_40,Yes,moderate,0
d9f34647e97149cb_0,No,,
55603bcb6eeb86bb_13,Yes,moderately_conservative,1
149f3fe1076ab600_58,Yes,strongly_conservative,1
accffe39b4c76bff_13,Yes,moderately_conservative,1
3baa394318dfe336_32,Yes,moderately_conservative,1
ab205355645f7329_9,Yes,moderate,0
ab205355645f7329_10,Yes,moderately_conservative,1
55603bcb6eeb86bb_60,Yes,moderately_conservative,1
3baa394318dfe336_38,Yes,moderately_conservative,1
ab205355645f7329_34,Yes,moderate,0
b4ceeeb3034ac10a_2,Yes,moderate,0
3baa394318dfe336_3,Yes,strongly_conservative,1
95e5b8591d8203f1_22,Yes,slightly_conservative,1
accffe39b4c76bff_24,Yes,strongly_conservative,1
d9f34647e97149cb_2,Yes,strongly_conservative,1
7c056d371cb3166f_27,Yes,strongly_conservative,1
149f3fe1076ab600_10,Yes,moderately_conservative,1
d9f34647e97149cb_26,Yes,strongly_conservative,1
ed62066d5be47f76_38,Yes,strongly_conservative,1
d9f34647e97149cb_37,Yes,moderately_conservative,1
99cfe41d4d8b2601_36,Yes,moderate,0
149f3fe1076ab600_12,Yes,moderately_conservative,1
7c056d371cb3166f_50,Yes,strongly_conservative,1
d9f34647e97149cb_14,Yes,moderate,0
b4ceeeb3034ac10a_25,No,,
3baa394318dfe336_36,Yes,moderate,0
d9f34647e97149cb_18,Yes,moderate,0
95e5b8591d8203f1_42,Yes,slightly_conservative,1
7c056d371cb3166f_63,Yes,moderately_conservative,1
accffe39b4c76bff_7,Yes,strongly_conservative,1
ab205355645f7329_15,No,,
ed62066d5be47f76_8,Yes,moderate,0
99cfe41d4d8b2601_53,Yes,moderate,0
b4ceeeb3034ac10a_41,Yes,moderate,0
149f3fe1076ab600_30,Yes,moderate,0
accffe39b4c76bff_33,Yes,strongly_conservative,1
149f3fe1076ab600_23,Yes,moderate,0
ed62066d5be47f76_10,Yes,strongly_conservative,1
99cfe41d4d8b2601_44,Yes,moderate,0
95e5b8591d8203f1_10,Yes,moderately_conservative,1
149f3fe1076ab600_29,Yes,moderate,0
95e5b8591d8203f1_35,Yes,moderate,0
7c056d371cb3166f_26,Yes,slightly_conservative,1
d9f34647e97149cb_35,Yes,moderately_conservative,1
3baa394318dfe336_39,Yes,strongly_conservative,1
99cfe41d4d8b2601_38,Yes,moderate,0
ed62066d5be47f76_24,Yes,strongly_conservative,1
7c056d371cb3166f_10,Yes,strongly_conservative,1
b4ceeeb3034ac10a_44,Yes,moderately_conservative,1
7c056d371cb3166f_69,No,,
55603bcb6eeb86bb_7,Yes,strongly_conservative,1
95e5b8591d8203f1_29,Yes,slightly_conservative,1
149f3fe1076ab600_35,No,,
b4ceeeb3034ac10a_47,Yes,moderately_conservative,1
ed62066d5be47f76_16,Yes,strongly_conservative,1
d9f34647e97149cb_16,Yes,strongly_conservative,1
149f3fe1076ab600_40,Yes,strongly_conservative,1
95e5b8591d8203f1_27,Yes,moderately_conservative,1
b4ceeeb3034ac10a_21,Yes,moderate,0
d9f34647e97149cb_5,Yes,strongly_conservative,1
95e5b8591d8203f1_43,Yes,slightly_conservative,1
d9f34647e97149cb_46,Yes,strongly_conservative,1
ed62066d5be47f76_41,Yes,strongly_conservative,1
b4ceeeb3034ac10a_20,Yes,moderate,0
98cd7d152c519b8f_50,Yes,moderate,0
b4ceeeb3034ac10a_49,No,,
99cfe41d4d8b2601_30,Yes,strongly_conservative,1
b4ceeeb3034ac10a_39,Yes,strongly_conservative,1
99cfe41d4d8b2601_11,Yes,strongly_conservative,1
99cfe41d4d8b2601_56,Yes,moderately_conservative,1
7c056d371cb3166f_8,Yes,moderate,0
accffe39b4c76bff_0,No,,
ab205355645f7329_33,Yes,moderate,0
98cd7d152c519b8f_21,Yes,moderately_conservative,1
98cd7d152c519b8f_1,Yes,moderately_conservative,1
d038eee20675fb82_89,Yes,moderate,0
d038eee20675fb82_0,Yes,strongly_conservative,1
d128b653c4c17f9e_85,Yes,moderate,0
cec02364c1725bec_41,Yes,moderately_conservative,1
e011c40c60d3f0ce_50,Yes,moderate,0
d038eee20675fb82_22,Yes,moderately_conservative,1
eb07c4263f834b2e_31,Yes,strongly_conservative,1
4e506fc6fd074fe2_46,Yes,strongly_liberal,-1
148c5bf18ceaeb9f_4,Yes,strongly_conservative,1
44efabd98d52d945_70,Yes,moderately_conservative,1
4e506fc6fd074fe2_43,Yes,moderate,0
d128b653c4c17f9e_56,Yes,moderate,0
cec02364c1725bec_2,No,,
eb07c4263f834b2e_4,Yes,strongly_conservative,1
148c5bf18ceaeb9f_67,Yes,strongly_conservative,1
44efabd98d52d945_40,No,,
eb07c4263f834b2e_41,Yes,moderate,0
d128b653c4c17f9e_38,Yes,moderate,0
576612c730cee102_69,Yes,strongly_conservative,1
6fa1a3132e6dd70e_27,Yes,strongly_conservative,1
6fa1a3132e6dd70e_21,Yes,moderately_conservative,1
44efabd98d52d945_27,Yes,strongly_conservative,1
0eac6dbb8e63d1ab_0,Yes,moderate,0
44efabd98d52d945_33,No,,
44efabd98d52d945_68,No,,
0eac6dbb8e63d1ab_68,Yes,strongly_conservative,1
d038eee20675fb82_42,Yes,moderate,0
0eac6dbb8e63d1ab_54,Yes,slightly_conservative,1
d038eee20675fb82_3,No,,
4e506fc6fd074fe2_3,Yes,moderate,0
cec02364c1725bec_42,No,,
6fa1a3132e6dd70e_57,Yes,moderately_conservative,1
d038eee20675fb82_82,Yes,strongly_conservative,1
d128b653c4c17f9e_69,Yes,moderate,0
eb07c4263f834b2e_97,Yes,slightly_conservative,1
576612c730cee102_67,No,,
d038eee20675fb82_54,Yes,strongly_liberal,-1
6fa1a3132e6dd70e_17,Yes,moderately_conservative,1
4e506fc6fd074fe2_2,No,,
eb07c4263f834b2e_11,Yes,moderately_conservative,1
09b75e6bcd398b84_10,No,,
09b75e6bcd398b84_68,Yes,moderate,0
148c5bf18ceaeb9f_80,No,,
148c5bf18ceaeb9f_37,Yes,strongly_conservative,1
d128b653c4c17f9e_8,Yes,slightly_liberal,-1
44efabd98d52d945_38,Yes,strongly_conservative,1
d038eee20675fb82_13,Yes,moderate,0
576612c730cee102_22,Yes,strongly_conservative,1
d038eee20675fb82_40,Yes,moderate,0
eb07c4263f834b2e_27,Yes,strongly_conservative,1
e011c40c60d3f0ce_41,Yes,moderate,0
d128b653c4c17f9e_35,Yes,moderately_conservative,1
e011c40c60d3f0ce_6,Yes,moderately_conservative,1
44efabd98d52d945_47,No,,
576612c730cee102_1,Yes,strongly_conservative,1
148c5bf18ceaeb9f_23,Yes,strongly_conservative,1
576612c730cee102_58,Yes,moderate,0
09b75e6bcd398b84_27,Yes,moderate,0
4e506fc6fd074fe2_19,Yes,moderate,0
576612c730cee102_53,Yes,strongly_conservative,1
4e506fc6fd074fe2_10,Yes,moderate,0
4e506fc6fd074fe2_71,Yes,moderate,0
cec02364c1725bec_31,Yes,strongly_conservative,1
09b75e6bcd398b84_62,Yes,moderately_conservative,1
e011c40c60d3f0ce_36,Yes,strongly_conservative,1
d128b653c4c17f9e_15,Yes,moderate,0
576612c730cee102_17,Yes,moderate,0
09b75e6bcd398b84_0,Yes,moderate,0
4e506fc6fd074fe2_7,Yes,moderate,0
4e506fc6fd074fe2_20,Yes,moderate,0
e011c40c60d3f0ce_1,Yes,moderate,0
eb07c4263f834b2e_67,Yes,strongly_liberal,-1
09b75e6bcd398b84_71,Yes,moderately_conservative,1
0eac6dbb8e63d1ab_15,Yes,moderately_conservative,1
4e506fc6fd074fe2_16,Yes,moderate,0
44efabd98d52d945_72,No,,
576612c730cee102_62,Yes,moderately_conservative,1
0eac6dbb8e63d1ab_21,Yes,slightly_liberal,-1
6fa1a3132e6dd70e_56,Yes,strongly_conservative,1
cec02364c1725bec_40,Yes,slightly_conservative,1
09b75e6bcd398b84_58,Yes,strongly_conservative,1
44efabd98d52d945_28,Yes,moderate,0
d038eee20675fb82_44,Yes,slightly_liberal,-1
eb07c4263f834b2e_25,Yes,moderately_conservative,1
d128b653c4c17f9e_82,No,,
d038eee20675fb82_12,Yes,moderate,0
4e506fc6fd074fe2_28,Yes,moderately_conservative,1
0eac6dbb8e63d1ab_19,No,,
6fa1a3132e6dd70e_52,Yes,moderate,0
cec02364c1725bec_66,Yes,moderate,0
09b75e6bcd398b84_50,Yes,strongly_conservative,1
148c5bf18ceaeb9f_39,Yes,moderate,0
d128b653c4c17f9e_9,No,,
576612c730cee102_87,Yes,strongly_conservative,1
148c5bf18ceaeb9f_30,Yes,moderate,0
44efabd98d52d945_7,Yes,strongly_conservative,1
eb07c4263f834b2e_76,Yes,moderately_conservative,1
cec02364c1725bec_19,Yes,strongly_conservative,1
eb07c4263f834b2e_36,Yes,strongly_conservative,1
41210a47a95cc129_137,No,,
d128b653c4c17f9e_61,Yes,moderate,0
61d52db105b7cbd3_112,No,,
3e4b874631fc6be8_123,Yes,strongly_conservative,1
d1d787e20f866645_31,Yes,strongly_conservative,1
280cc975c1ea079e_118,Yes,moderately_conservative,1
61d52db105b7cbd3_57,Yes,strongly_conservative,1
280cc975c1ea079e_97,Yes,strongly_conservative,1
61d52db105b7cbd3_106,Yes,strongly_conservative,1
9df3e2c375e5b28b_30,No,,
032095ad8b784cd6_22,Yes,strongly_conservative,1
3e4b874631fc6be8_5,No,,
d1d787e20f866645_74,Yes,moderately_conservative,1
f6d4e9afeaebd88f_42,No,,
247909e59c1cea2f_41,Yes,strongly_conservative,1
9df3e2c375e5b28b_14,Yes,moderately_conservative,1
d1d787e20f866645_45,Yes,strongly_conservative,1
d84c081af5eec92f_83,Yes,moderate,0
61d52db105b7cbd3_19,Yes,strongly_conservative,1
61d52db105b7cbd3_80,Yes,moderate,0
247909e59c1cea2f_137,No,,
d1d787e20f866645_66,No,,
032095ad8b784cd6_85,Yes,strongly_conservative,1
d1d787e20f866645_30,Yes,strongly_conservative,1
41210a47a95cc129_28,Yes,strongly_conservative,1
247909e59c1cea2f_139,No,,
50794ab6a4519a8b_33,Yes,strongly_conservative,1
f6d4e9afeaebd88f_144,Yes,strongly_conservative,1
d84c081af5eec92f_68,Yes,moderately_conservative,1
d84c081af5eec92f_97,Yes,strongly_conservative,1
3e4b874631fc6be8_13,Yes,strongly_conservative,1
247909e59c1cea2f_9,Yes,strongly_conservative,1
d84c081af5eec92f_43,Yes,moderate,0
f6d4e9afeaebd88f_57,Yes,strongly_conservative,1
280cc975c1ea079e_24,Yes,strongly_conservative,1
d84c081af5eec92f_109,Yes,strongly_conservative,1
61d52db105b7cbd3_66,No,,
61d52db105b7cbd3_7,Yes,strongly_conservative,1
50794ab6a4519a8b_20,No,,
f6d4e9afeaebd88f_67,Yes,strongly_conservative,1
f6d4e9afeaebd88f_70,Yes,strongly_conservative,1
41210a47a95cc129_87,Yes,moderately_conservative,1
50794ab6a4519a8b_83,Yes,moderate,0
0a0b75b66b08f5b8_22,Yes,moderately_conservative,1
61d52db105b7cbd3_100,Yes,strongly_conservative,1
d1d787e20f866645_107,Yes,strongly_conservative,1
f6d4e9afeaebd88f_82,Yes,strongly_conservative,1
d1d787e20f866645_17,Yes,strongly_conservative,1
3e4b874631fc6be8_97,Yes,strongly_conservative,1
d1d787e20f866645_117,Yes,moderately_conservative,1
d84c081af5eec92f_3,No,,
9df3e2c375e5b28b_119,No,,
280cc975c1ea079e_125,Yes,strongly_conservative,1
41210a47a95cc129_96,Yes,slightly_conservative,1
9df3e2c375e5b28b_68,Yes,moderately_conservative,1
d84c081af5eec92f_107,Yes,strongly_conservative,1
280cc975c1ea079e_10,Yes,strongly_conservative,1
50794ab6a4519a8b_71,Yes,moderate,0
0a0b75b66b08f5b8_19,Yes,strongly_conservative,1
f6d4e9afeaebd88f_107,Yes,moderate,0
61d52db105b7cbd3_8,Yes,strongly_conservative,1
f6d4e9afeaebd88f_152,Yes,moderate,0
d1d787e20f866645_44,Yes,strongly_conservative,1
f6d4e9afeaebd88f_26,Yes,strongly_conservative,1
61d52db105b7cbd3_55,Yes,strongly_conservative,1
9df3e2c375e5b28b_12,Yes,strongly_conservative,1
41210a47a95cc129_89,No,,
41210a47a95cc129_94,Yes,moderate,0
9df3e2c375e5b28b_109,Yes,strongly_conservative,1
9df3e2c375e5b28b_24,Yes,strongly_conservative,1
280cc975c1ea079e_107,Yes,strongly_conservative,1
d1d787e20f866645_72,Yes,strongly_conservative,1
41210a47a95cc129_70,Yes,strongly_conservative,1
41210a47a95cc129_113,No,,
d84c081af5eec92f_115,Yes,strongly_conservative,1
032095ad8b784cd6_75,Yes,moderately_conservative,1
032095ad8b784cd6_2,Yes,strongly_conservative,1
d1d787e20f866645_57,Yes,strongly_conservative,1
3e4b874631fc6be8_43,Yes,strongly_conservative,1
61d52db105b7cbd3_5,No,,
f6d4e9afeaebd88f_97,Yes,strongly_conservative,1
d1d787e20f866645_43,Yes,strongly_conservative,1
032095ad8b784cd6_50,Yes,strongly_conservative,1
41210a47a95cc129_22,Yes,strongly_conservative,1
41210a47a95cc129_71,Yes,moderate,0
61d52db105b7cbd3_84,Yes,moderately_conservative,1
f6d4e9afeaebd88f_38,Yes,strongly_conservative,1
247909e59c1cea2f_30,Yes,moderate,0
247909e59c1cea2f_124,Yes,moderately_conservative,1
d1d787e20f866645_65,Yes,strongly_conservative,1
9df3e2c375e5b28b_92,Yes,moderate,0
032095ad8b784cd6_58,Yes,strongly_conservative,1
41210a47a95cc129_14,Yes,moderately_conservative,1
d84c081af5eec92f_123,Yes,strongly_conservative,1
f6d4e9afeaebd88f_73,Yes,strongly_conservative,1
280cc975c1ea079e_74,Yes,moderately_conservative,1
337c463957ec292e_34,No,,
41210a47a95cc129_85,Yes,moderately_conservative,1
d84c081af5eec92f_82,Yes,strongly_conservative,1
61d52db105b7cbd3_49,Yes,strongly_conservative,1
032095ad8b784cd6_87,Yes,strongly_conservative,1
1b09e848670e583d_9,Yes,moderate,0
3e4b874631fc6be8_94,Yes,strongly_conservative,1
b3a195bedfdd0188_31,Yes,slightly_liberal,-1
e55978d33811622c_18,Yes,strongly_conservative,1
b3a195bedfdd0188_83,Yes,slightly_liberal,-1
b3a195bedfdd0188_55,Yes,strongly_liberal,-1
b3a195bedfdd0188_61,Yes,strongly_liberal,-1
687b87c4d4e0a105_19,Yes,strongly_liberal,-1
2f6b3cd95a3bd369_16,Yes,strongly_liberal,-1
1b09e848670e583d_4,Yes,strongly_liberal,-1
50a29f09b8310682_12,Yes,strongly_liberal,-1
687b87c4d4e0a105_46,Yes,strongly_liberal,-1
687b87c4d4e0a105_42,Yes,moderate,0
337c463957ec292e_13,Yes,moderate,0
54b8634cfbb1e3b2_0,Yes,strongly_liberal,-1
2f6b3cd95a3bd369_17,Yes,moderately_liberal,-1
b3a195bedfdd0188_40,Yes,moderate,0
2f6b3cd95a3bd369_10,Yes,slightly_liberal,-1
337c463957ec292e_16,Yes,strongly_liberal,-1
687b87c4d4e0a105_30,No,,
1b09e848670e583d_1,No,,
1b09e848670e583d_18,No,,
34a00325d5fec39d_9,Yes,strongly_liberal,-1
5055ee0e60a2ce12_4,Yes,moderate,0
b3a195bedfdd0188_85,Yes,strongly_liberal,-1
b3a195bedfdd0188_73,Yes,strongly_liberal,-1
34a00325d5fec39d_6,Yes,moderate,0
50a29f09b8310682_2,Yes,strongly_liberal,-1
54b8634cfbb1e3b2_26,Yes,moderate,0
5055ee0e60a2ce12_11,Yes,slightly_liberal,-1
b3a195bedfdd0188_62,Yes,strongly_liberal,-1
687b87c4d4e0a105_39,Yes,moderate,0
5055ee0e60a2ce12_13,Yes,moderate,0
b3a195bedfdd0188_45,Yes,strongly_liberal,-1
2f6b3cd95a3bd369_2,Yes,moderate,0
00bfc08c5dfb448c_18,Yes,strongly_liberal,-1
54b8634cfbb1e3b2_4,Yes,moderately_conservative,1
d4e5c8252011661b_12,Yes,strongly_liberal,-1
b3a195bedfdd0188_15,Yes,moderate,0
337c463957ec292e_25,Yes,strongly_liberal,-1
e55978d33811622c_9,Yes,strongly_liberal,-1
337c463957ec292e_10,Yes,strongly_conservative,1
b3a195bedfdd0188_17,Yes,moderately_conservative,1
687b87c4d4e0a105_29,No,,
687b87c4d4e0a105_12,Yes,moderately_liberal,-1
1b09e848670e583d_12,Yes,moderate,0
337c463957ec292e_30,Yes,moderate,0
5055ee0e60a2ce12_15,Yes,moderate,0
34a00325d5fec39d_16,Yes,strongly_liberal,-1
d4e5c8252011661b_8,Yes,moderate,0
b3a195bedfdd0188_87,Yes,strongly_liberal,-1
50a29f09b8310682_17,Yes,strongly_liberal,-1
b3a195bedfdd0188_67,No,,
d4e5c8252011661b_4,Yes,slightly_liberal,-1
687b87c4d4e0a105_45,Yes,strongly_liberal,-1
b3a195bedfdd0188_4,No,,
d4e5c8252011661b_6,Yes,moderately_liberal,-1
e55978d33811622c_11,Yes,strongly_liberal,-1
b3a195bedfdd0188_11,Yes,slightly_liberal,-1
34a00325d5fec39d_17,Yes,strongly_liberal,-1
b3a195bedfdd0188_38,Yes,strongly_liberal,-1
b3a195bedfdd0188_47,Yes,slightly_liberal,-1
d4e5c8252011661b_10,No,,
687b87c4d4e0a105_33,Yes,slightly_liberal,-1
b3a195bedfdd0188_69,No,,
687b87c4d4e0a105_34,Yes,moderate,0
34a00325d5fec39d_22,No,,
b3a195bedfdd0188_57,Yes,strongly_liberal,-1
b3a195bedfdd0188_77,Yes,moderate,0
5055ee0e60a2ce12_9,No,,
687b87c4d4e0a105_3,Yes,moderate,0
54b8634cfbb1e3b2_21,Yes,slightly_liberal,-1
54b8634cfbb1e3b2_25,Yes,moderately_conservative,1
2f6b3cd95a3bd369_18,Yes,strongly_liberal,-1
b3a195bedfdd0188_20,Yes,slightly_liberal,-1
00bfc08c5dfb448c_2,Yes,moderate,0
54b8634cfbb1e3b2_15,Yes,strongly_liberal,-1
00bfc08c5dfb448c_17,Yes,strongly_liberal,-1
337c463957ec292e_27,Yes,slightly_liberal,-1
34a00325d5fec39d_3,Yes,strongly_liberal,-1
54b8634cfbb1e3b2_6,Yes,strongly_conservative,1
687b87c4d4e0a105_21,Yes,strongly_liberal,-1
34a00325d5fec39d_10,No,,
2f6b3cd95a3bd369_1,Yes,slightly_liberal,-1
54b8634cfbb1e3b2_19,Yes,strongly_liberal,-1
687b87c4d4e0a105_11,Yes,slightly_liberal,-1
337c463957ec292e_17,Yes,moderate,0
b3a195bedfdd0188_88,Yes,strongly_liberal,-1
e55978d33811622c_4,Yes,slightly_liberal,-1
b3a195bedfdd0188_25,Yes,strongly_liberal,-1
54b8634cfbb1e3b2_3,Yes,moderately_conservative,1
54b8634cfbb1e3b2_7,Yes,slightly_conservative,1
b3a195bedfdd0188_48,Yes,strongly_liberal,-1
b3a195bedfdd0188_18,Yes,moderate,0
b3a195bedfdd0188_74,Yes,strongly_liberal,-1
34a00325d5fec39d_14,Yes,moderate,0
50a29f09b8310682_8,Yes,strongly_liberal,-1
b3a195bedfdd0188_9,Yes,moderate,0
34a00325d5fec39d_15,Yes,slightly_liberal,-1
e55978d33811622c_20,Yes,moderately_liberal,-1
dd981392b1c349f7_78,Yes,strongly_liberal,-1
dd981392b1c349f7_72,Yes,moderately_liberal,-1
63ad2034408ec0a5_24,Yes,moderate,0
dd981392b1c349f7_37,Yes,moderate,0
e696beee6c9f2d74_48,Yes,strongly_liberal,-1
7ab7557da8cb69a2_8,Yes,strongly_liberal,-1
aae247267eaf8aec_0,Yes,strongly_liberal,-1
d79454516ca2f7c3_8,Yes,slightly_liberal,-1
dd981392b1c349f7_120,Yes,moderate,0
e696beee6c9f2d74_55,Yes,strongly_liberal,-1
63ad2034408ec0a5_29,Yes,moderate,0
945cd5ca1daf7364_43,Yes,moderately_liberal,-1
7ab7557da8cb69a2_29,Yes,strongly_liberal,-1
0b1364561c681582_0,Yes,slightly_liberal,-1
dd981392b1c349f7_136,Yes,moderate,0
7ab7557da8cb69a2_32,No,,
aae247267eaf8aec_4,Yes,strongly_liberal,-1
d79454516ca2f7c3_39,Yes,strongly_liberal,-1
47db1369f0dee821_16,Yes,strongly_liberal,-1
7ab7557da8cb69a2_48,Yes,moderate,0
aae247267eaf8aec_16,Yes,moderate,0
63ad2034408ec0a5_33,No,,
47db1369f0dee821_46,Yes,moderately_liberal,-1
d79454516ca2f7c3_19,Yes,moderate,0
05566016bfcfdfdb_16,Yes,slightly_liberal,-1
945cd5ca1daf7364_11,Yes,strongly_liberal,-1
be2034bd8db650c9_59,Yes,strongly_liberal,-1
be2034bd8db650c9_2,Yes,strongly_liberal,-1
aae247267eaf8aec_42,Yes,moderate,0
dd981392b1c349f7_89,Yes,strongly_liberal,-1
be2034bd8db650c9_75,Yes,moderate,0
0b1364561c681582_35,Yes,moderate,0
e696beee6c9f2d74_12,Yes,slightly_liberal,-1
63ad2034408ec0a5_8,Yes,strongly_liberal,-1
be2034bd8db650c9_17,Yes,strongly_liberal,-1
05566016bfcfdfdb_8,Yes,moderate,0
945cd5ca1daf7364_12,Yes,strongly_liberal,-1
d79454516ca2f7c3_29,Yes,moderate,0
2cefc9f1ad967af1_9,Yes,strongly_conservative,1
dd981392b1c349f7_139,Yes,moderate,0
7ab7557da8cb69a2_5,Yes,strongly_liberal,-1
0b1364561c681582_38,Yes,strongly_liberal,-1
05566016bfcfdfdb_29,Yes,slightly_conservative,1
7ab7557da8cb69a2_24,Yes,slightly_liberal,-1
0b1364561c681582_6,Yes,moderate,0
7ab7557da8cb69a2_51,Yes,moderate,0
7ab7557da8cb69a2_28,Yes,slightly_liberal,-1
dd981392b1c349f7_25,Yes,moderately_liberal,-1
e696beee6c9f2d74_26,Yes,strongly_liberal,-1
aae247267eaf8aec_19,Yes,strongly_liberal,-1
dd981392b1c349f7_23,Yes,strongly_liberal,-1
e696beee6c9f2d74_19,Yes,slightly_liberal,-1
945cd5ca1daf7364_42,Yes,strongly_liberal,-1
63ad2034408ec0a5_1,Yes,moderately_liberal,-1
aae247267eaf8aec_31,Yes,strongly_liberal,-1
aae247267eaf8aec_29,Yes,moderate,0
945cd5ca1daf7364_48,Yes,moderately_liberal,-1
d79454516ca2f7c3_3,Yes,moderate,0
dd981392b1c349f7_46,No,,
dd981392b1c349f7_33,Yes,moderately_liberal,-1
dd981392b1c349f7_73,Yes,moderate,0
e696beee6c9f2d74_8,Yes,moderate,0
dd981392b1c349f7_84,Yes,slightly_liberal,-1
05566016bfcfdfdb_12,Yes,moderate,0
dd981392b1c349f7_97,Yes,slightly_liberal,-1
e696beee6c9f2d74_18,Yes,strongly_liberal,-1
be2034bd8db650c9_68,Yes,moderate,0
dd981392b1c349f7_49,Yes,moderate,0
7ab7557da8cb69a2_12,Yes,moderate,0
0b1364561c681582_50,Yes,strongly_liberal,-1
dd981392b1c349f7_74,Yes,strongly_liberal,-1
7ab7557da8cb69a2_6,Yes,strongly_liberal,-1
0b1364561c681582_14,Yes,strongly_liberal,-1
d79454516ca2f7c3_46,Yes,moderate,0
05566016bfcfdfdb_23,Yes,slightly_liberal,-1
63ad2034408ec0a5_9,Yes,strongly_liberal,-1
7ab7557da8cb69a2_11,Yes,strongly_liberal,-1
63ad2034408ec0a5_27,Yes,moderate,0
63ad2034408ec0a5_21,Yes,moderate,0
2cefc9f1ad967af1_4,Yes,strongly_liberal,-1
d79454516ca2f7c3_6,Yes,strongly_liberal,-1
945cd5ca1daf7364_49,Yes,strongly_liberal,-1
e696beee6c9f2d74_37,Yes,slightly_liberal,-1
7ab7557da8cb69a2_17,Yes,strongly_liberal,-1
e696beee6c9f2d74_36,Yes,strongly_liberal,-1
0b1364561c681582_46,Yes,moderate,0
7ab7557da8cb69a2_45,Yes,strongly_liberal,-1
aae247267eaf8aec_5,Yes,slightly_liberal,-1
0b1364561c681582_15,Yes,slightly_liberal,-1
aae247267eaf8aec_37,Yes,moderate,0
be2034bd8db650c9_52,Yes,moderately_liberal,-1
be2034bd8db650c9_55,Yes,strongly_liberal,-1
e696beee6c9f2d74_7,Yes,strongly_liberal,-1
e696beee6c9f2d74_3,Yes,strongly_liberal,-1
63ad2034408ec0a5_5,Yes,strongly_liberal,-1
be2034bd8db650c9_60,Yes,slightly_liberal,-1
dd981392b1c349f7_116,Yes,moderate,0
945cd5ca1daf7364_37,Yes,strongly_liberal,-1
945cd5ca1daf7364_7,Yes,strongly_liberal,-1
aae247267eaf8aec_24,Yes,moderate,0
7aca6bf437d68951_25,Yes,strongly_liberal,-1
7aca6bf437d68951_66,Yes,strongly_liberal,-1
04ecf6b0382ceaa2_91,Yes,slightly_liberal,-1
61717586112e1fee_20,Yes,moderate,0
7aca6bf437d68951_18,Yes,strongly_conservative,1
d752733e9e5df2f5_27,Yes,strongly_liberal,-1
61717586112e1fee_4,Yes,slightly_liberal,-1
61717586112e1fee_84,Yes,moderate,0
bff5ba5f2521a212_89,Yes,strongly_liberal,-1
d752733e9e5df2f5_79,Yes,moderate,0
d752733e9e5df2f5_54,Yes,moderate,0
5640f0a0139a075f_10,Yes,moderately_liberal,-1
bff5ba5f2521a212_29,Yes,strongly_liberal,-1
d752733e9e5df2f5_73,Yes,moderate,0
04ecf6b0382ceaa2_38,Yes,strongly_liberal,-1
04ecf6b0382ceaa2_87,Yes,moderate,0
99d953d016af0ed2_7,Yes,strongly_liberal,-1
04ecf6b0382ceaa2_104,Yes,moderate,0
3718352bcd69f333_5,No,,
cd05cc155a088e15_5,Yes,strongly_liberal,-1
d752733e9e5df2f5_104,Yes,strongly_liberal,-1
61717586112e1fee_31,Yes,slightly_liberal,-1
d752733e9e5df2f5_13,Yes,moderately_liberal,-1
7aca6bf437d68951_31,Yes,moderate,0
7aca6bf437d68951_27,Yes,strongly_liberal,-1
bff5ba5f2521a212_49,Yes,moderately_liberal,-1
7aca6bf437d68951_61,Yes,strongly_liberal,-1
7aca6bf437d68951_23,Yes,strongly_liberal,-1
04ecf6b0382ceaa2_81,Yes,strongly_conservative,1
d752733e9e5df2f5_25,Yes,slightly_liberal,-1
7aca6bf437d68951_91,Yes,strongly_liberal,-1
04ecf6b0382ceaa2_35,Yes,strongly_liberal,-1
7aca6bf437d68951_59,Yes,strongly_liberal,-1
bff5ba5f2521a212_52,No,,
bff5ba5f2521a212_22,Yes,moderate,0
bff5ba5f2521a212_56,No,,
61717586112e1fee_94,Yes,slightly_liberal,-1
04ecf6b0382ceaa2_16,Yes,strongly_liberal,-1
61717586112e1fee_113,Yes,moderate,0
61717586112e1fee_110,Yes,strongly_liberal,-1
7aca6bf437d68951_38,Yes,strongly_liberal,-1
61717586112e1fee_34,Yes,strongly_liberal,-1
61717586112e1fee_71,Yes,moderate,0
61717586112e1fee_62,Yes,moderately_liberal,-1
bff5ba5f2521a212_79,Yes,moderate,0
d752733e9e5df2f5_57,Yes,moderate,0
04ecf6b0382ceaa2_144,Yes,strongly_liberal,-1
7aca6bf437d68951_40,Yes,strongly_liberal,-1
d752733e9e5df2f5_10,Yes,moderate,0
7aca6bf437d68951_94,Yes,strongly_liberal,-1
04ecf6b0382ceaa2_77,Yes,strongly_liberal,-1
61717586112e1fee_1,Yes,moderate,0
bff5ba5f2521a212_14,Yes,slightly_liberal,-1
bff5ba5f2521a212_78,Yes,moderate,0
7aca6bf437d68951_88,Yes,strongly_liberal,-1
d752733e9e5df2f5_61,Yes,moderate,0
f7e12fcc5e6d3f0f_6,Yes,moderate,0
7aca6bf437d68951_43,Yes,slightly_liberal,-1
d752733e9e5df2f5_16,Yes,moderately_liberal,-1
d752733e9e5df2f5_20,Yes,moderately_liberal,-1
61717586112e1fee_100,Yes,strongly_liberal,-1
d752733e9e5df2f5_110,Yes,moderately_liberal,-1
7aca6bf437d68951_16,Yes,strongly_liberal,-1
61717586112e1fee_8,Yes,moderate,0
04ecf6b0382ceaa2_83,Yes,moderate,0
d752733e9e5df2f5_43,Yes,slightly_liberal,-1
04ecf6b0382ceaa2_143,Yes,strongly_liberal,-1
d752733e9e5df2f5_30,Yes,moderate,0
d752733e9e5df2f5_89,Yes,strongly_liberal,-1
04ecf6b0382ceaa2_48,Yes,moderately_conservative,1
61717586112e1fee_29,No,,
f7167a8cc75f47de_7,Yes,slightly_liberal,-1
d752733e9e5df2f5_96,Yes,slightly_liberal,-1
7aca6bf437d68951_64,Yes,moderate,0
d752733e9e5df2f5_108,Yes,strongly_liberal,-1
61717586112e1fee_74,Yes,slightly_liberal,-1
04ecf6b0382ceaa2_7,Yes,strongly_liberal,-1
61717586112e1fee_120,Yes,strongly_liberal,-1
7aca6bf437d68951_67,Yes,strongly_liberal,-1
d752733e9e5df2f5_53,Yes,moderately_liberal,-1
04ecf6b0382ceaa2_75,Yes,moderate,0
04ecf6b0382ceaa2_40,Yes,strongly_liberal,-1
99d953d016af0ed2_4,Yes,strongly_liberal,-1
f7167a8cc75f47de_4,Yes,moderate,0
d752733e9e5df2f5_35,Yes,slightly_liberal,-1
04ecf6b0382ceaa2_123,Yes,moderate,0
cd05cc155a088e15_1,Yes,moderate,0
61717586112e1fee_90,Yes,moderate,0
61717586112e1fee_123,Yes,strongly_liberal,-1
bff5ba5f2521a212_84,Yes,moderate,0
61717586112e1fee_89,Yes,strongly_liberal,-1
bff5ba5f2521a212_83,Yes,moderately_liberal,-1
bff5ba5f2521a212_72,Yes,slightly_liberal,-1
61717586112e1fee_16,Yes,moderate,0
7aca6bf437d68951_75,Yes,strongly_liberal,-1
bff5ba5f2521a212_68,Yes,strongly_liberal,-1
61717586112e1fee_57,Yes,moderate,0
9fae229cf2dd5076_44,No,,
04ecf6b0382ceaa2_51,Yes,slightly_liberal,-1
8d659998824459d5_8,No,,
7aca6bf437d68951_50,Yes,slightly_liberal,-1
7aca6bf437d68951_65,Yes,strongly_liberal,-1
b6558eb5462a89b3_67,Yes,strongly_liberal,-1
080b41abf57690aa_38,No,,
6ecf1f918fb9a88a_83,Yes,slightly_liberal,-1
9fae229cf2dd5076_60,Yes,moderate,0
1de3476ec95bd22a_49,Yes,slightly_liberal,-1
9fae229cf2dd5076_10,No,,
d22433cbaa88eed1_72,Yes,strongly_liberal,-1
b6558eb5462a89b3_66,Yes,strongly_liberal,-1
1de3476ec95bd22a_52,Yes,moderate,0
1de3476ec95bd22a_118,No,,
8d659998824459d5_33,No,,
19aad4ea5c28362e_73,Yes,moderate,0
fa29e7a5bbf9e854_4,Yes,moderate,0
1de3476ec95bd22a_55,Yes,moderate,0
080b41abf57690aa_34,No,,
fa29e7a5bbf9e854_95,Yes,slightly_liberal,-1
6ecf1f918fb9a88a_15,Yes,moderate,0
5b95e63dee93bd77_50,Yes,moderate,0
1de3476ec95bd22a_39,Yes,moderate,0
455858e3364deb13_19,No,,
fa29e7a5bbf9e854_79,Yes,slightly_liberal,-1
d22433cbaa88eed1_78,Yes,strongly_liberal,-1
1de3476ec95bd22a_77,No,,
b6558eb5462a89b3_50,No,,
b6558eb5462a89b3_23,No,,
455858e3364deb13_22,Yes,moderate,0
5b95e63dee93bd77_64,Yes,moderate,0
d22433cbaa88eed1_54,Yes,strongly_liberal,-1
b6558eb5462a89b3_55,No,,
19aad4ea5c28362e_72,Yes,moderate,0
455858e3364deb13_64,Yes,moderate,0
fa29e7a5bbf9e854_38,Yes,moderate,0
6ecf1f918fb9a88a_77,Yes,moderate,0
8d659998824459d5_21,Yes,moderate,0
d22433cbaa88eed1_76,Yes,slightly_liberal,-1
5b95e63dee93bd77_7,Yes,moderate,0
fa29e7a5bbf9e854_104,Yes,moderate,0
fa29e7a5bbf9e854_70,Yes,strongly_liberal,-1
8d659998824459d5_58,No,,
8d659998824459d5_39,Yes,moderate,0
19aad4ea5c28362e_51,Yes,slightly_liberal,-1
1de3476ec95bd22a_63,No,,
6ecf1f918fb9a88a_69,Yes,moderate,0
080b41abf57690aa_31,No,,
fa29e7a5bbf9e854_53,Yes,slightly_liberal,-1
6ecf1f918fb9a88a_22,Yes,moderate,0
1de3476ec95bd22a_70,Yes,moderate,0
080b41abf57690aa_72,No,,
fa29e7a5bbf9e854_80,Yes,slightly_liberal,-1
d22433cbaa88eed1_2,Yes,moderate,0
1de3476ec95bd22a_3,Yes,moderate,0
5b95e63dee93bd77_100,Yes,slightly_liberal,-1
fa29e7a5bbf9e854_30,Yes,moderate,0
1de3476ec95bd22a_25,No,,
5126eceaf3f530a5_17,Yes,moderate,0
6ecf1f918fb9a88a_24,No,,
8d659998824459d5_73,No,,
fa29e7a5bbf9e854_71,Yes,moderate,0
455858e3364deb13_75,No,,
fa29e7a5bbf9e854_113,Yes,moderate,0
5b95e63dee93bd77_12,No,,
455858e3364deb13_52,Yes,slightly_liberal,-1
1de3476ec95bd22a_41,Yes,strongly_liberal,-1
5126eceaf3f530a5_41,Yes,moderate,0
b6558eb5462a89b3_35,Yes,moderate,0
8d659998824459d5_75,No,,
fa29e7a5bbf9e854_42,Yes,moderate,0
9fae229cf2dd5076_72,Yes,moderate,0
5b95e63dee93bd77_55,Yes,strongly_conservative,1
6ecf1f918fb9a88a_57,Yes,slightly_liberal,-1
d22433cbaa88eed1_28,Yes,moderate,0
5126eceaf3f530a5_57,No,,
080b41abf57690aa_19,No,,
d22433cbaa88eed1_89,No,,
b6558eb5462a89b3_31,Yes,moderate,0
080b41abf57690aa_52,No,,
9fae229cf2dd5076_17,No,,
8d659998824459d5_78,No,,
d22433cbaa88eed1_21,Yes,moderate,0
9fae229cf2dd5076_66,No,,
d22433cbaa88eed1_9,No,,
d22433cbaa88eed1_85,No,,
6ecf1f918fb9a88a_43,Yes,moderate,0
d22433cbaa88eed1_69,Yes,strongly_liberal,-1
5b95e63dee93bd77_78,Yes,strongly_conservative,1
455858e3364deb13_46,Yes,moderately_liberal,-1
455858e3364deb13_17,Yes,moderate,0
d22433cbaa88eed1_33,Yes,moderate,0
9fae229cf2dd5076_35,No,,
fa29e7a5bbf9e854_103,Yes,moderate,0
b6558eb5462a89b3_58,No,,
1de3476ec95bd22a_83,Yes,moderate,0
fa29e7a5bbf9e854_98,Yes,moderate,0
5b95e63dee93bd77_91,Yes,moderate,0
6ecf1f918fb9a88a_67,Yes,moderate,0
8d659998824459d5_18,Yes,moderate,0
d22433cbaa88eed1_31,Yes,moderate,0
9fae229cf2dd5076_19,Yes,moderate,0
e0d3e0df99d11f28_5,Yes,moderate,0
6a6ec39ea159466a_9,Yes,moderate,0
7e3d1bd16a588b70_7,Yes,moderate,0
cfe6ed6ece659701_7,Yes,moderate,0
a7aa5a9202da8e41_0,Yes,moderate,0
790391b35d436af6_11,Yes,moderate,0
2de4ed11528c32bc_5,Yes,moderate,0
e0d3e0df99d11f28_12,Yes,moderate,0
ae11efbc15e6c824_6,Yes,moderate,0
d2c5385195626534_6,Yes,moderate,0
e0d3e0df99d11f28_14,Yes,moderate,0
ae11efbc15e6c824_7,Yes,moderate,0
cb28eaeaae01cca3_10,Yes,moderate,0
bcfe20a7eb3df1ad_9,Yes,moderate,0
a0403d7a1881513a_1,Yes,moderate,0
cfe6ed6ece659701_3,Yes,moderate,0
cb28eaeaae01cca3_17,Yes,slightly_liberal,-1
790391b35d436af6_3,Yes,slightly_liberal,-1
7e3d1bd16a588b70_2,Yes,moderate,0
ae11efbc15e6c824_10,Yes,moderate,0
ae11efbc15e6c824_19,No,,
ae11efbc15e6c824_8,Yes,moderate,0
a7aa5a9202da8e41_3,Yes,moderate,0
bcfe20a7eb3df1ad_10,Yes,moderate,0
e0d3e0df99d11f28_10,Yes,moderate,0
d2c5385195626534_15,Yes,moderate,0
790391b35d436af6_8,Yes,moderate,0
e0d3e0df99d11f28_4,Yes,moderately_conservative,1
ae11efbc15e6c824_1,Yes,moderate,0
cfe6ed6ece659701_0,No,,
6a6ec39ea159466a_13,Yes,moderate,0
2de4ed11528c32bc_3,Yes,moderate,0
d2c5385195626534_0,Yes,moderate,0
ae11efbc15e6c824_3,Yes,moderate,0
6a6ec39ea159466a_1,Yes,moderate,0
cb28eaeaae01cca3_1,Yes,moderate,0
cb28eaeaae01cca3_6,Yes,moderate,0
cb28eaeaae01cca3_19,No,,
e0d3e0df99d11f28_1,Yes,moderate,0
790391b35d436af6_13,Yes,moderate,0
cfe6ed6ece659701_15,No,,
ae11efbc15e6c824_0,No,,
7e3d1bd16a588b70_0,Yes,moderate,0
6a6ec39ea159466a_16,Yes,moderate,0
d2c5385195626534_7,Yes,moderately_conservative,1
cb28eaeaae01cca3_9,Yes,moderate,0
a7aa5a9202da8e41_10,Yes,moderate,0
a7aa5a9202da8e41_4,Yes,moderate,0
6a6ec39ea159466a_4,Yes,slightly_liberal,-1
6a6ec39ea159466a_3,Yes,moderate,0
6a6ec39ea159466a_14,Yes,moderate,0
2de4ed11528c32bc_8,Yes,moderate,0
cfe6ed6ece659701_8,Yes,moderate,0
6a6ec39ea159466a_2,No,,
6a6ec39ea159466a_5,Yes,moderately_liberal,-1
cfe6ed6ece659701_4,Yes,moderate,0
d2c5385195626534_11,Yes,moderate,0
790391b35d436af6_2,Yes,moderate,0
790391b35d436af6_12,Yes,moderate,0
a7aa5a9202da8e41_7,Yes,moderate,0
790391b35d436af6_10,Yes,moderate,0
2de4ed11528c32bc_4,Yes,moderate,0
bcfe20a7eb3df1ad_1,Yes,moderate,0
2de4ed11528c32bc_9,Yes,moderate,0
cb28eaeaae01cca3_18,Yes,moderate,0
6a6ec39ea159466a_10,Yes,moderate,0
cfe6ed6ece659701_6,Yes,moderate,0
790391b35d436af6_6,Yes,moderate,0
cb28eaeaae01cca3_4,Yes,moderately_liberal,-1
6a6ec39ea159466a_15,Yes,moderate,0
cb28eaeaae01cca3_14,Yes,moderate,0
790391b35d436af6_17,Yes,moderate,0
bcfe20a7eb3df1ad_6,Yes,moderate,0
790391b35d436af6_14,Yes,moderate,0
6a6ec39ea159466a_8,Yes,moderate,0
cb28eaeaae01cca3_2,Yes,moderate,0
a0403d7a1881513a_11,Yes,moderate,0
ae11efbc15e6c824_2,Yes,moderate,0
7e3d1bd16a588b70_1,Yes,moderate,0
bcfe20a7eb3df1ad_14,No,,
e0d3e0df99d11f28_11,Yes,moderate,0
a7aa5a9202da8e41_8,Yes,moderate,0
bcfe20a7eb3df1ad_7,Yes,moderate,0
790391b35d436af6_5,Yes,moderate,0
cb28eaeaae01cca3_0,No,,
790391b35d436af6_15,Yes,moderate,0
7e3d1bd16a588b70_5,Yes,moderate,0
ae11efbc15e6c824_11,Yes,moderate,0
a7aa5a9202da8e41_1,Yes,moderate,0
a0403d7a1881513a_8,Yes,moderate,0
cb28eaeaae01cca3_16,Yes,moderate,0
7e3d1bd16a588b70_10,Yes,moderate,0
a7aa5a9202da8e41_6,Yes,moderate,0
a0403d7a1881513a_4,Yes,moderate,0
6a6ec39ea159466a_12,Yes,slightly_liberal,-1
a0403d7a1881513a_6,Yes,moderate,0
d2c5385195626534_3,Yes,moderate,0
cb28eaeaae01cca3_15,Yes,moderate,0
d2c5385195626534_9,Yes,moderate,0
9ff62ded7ee7b409_45,No,,
cb28eaeaae01cca3_3,Yes,moderate,0
1445a1739366f880_31,Yes,moderate,0
3a145c1bfb00f556_1,Yes,slightly_liberal,-1
3a145c1bfb00f556_42,Yes,slightly_liberal,-1
6fac46dab839ab7f_53,Yes,moderate,0
6e38fb5bcfcf4c78_59,Yes,slightly_liberal,-1
018d286396b33627_35,Yes,moderate,0
a5117ee310d6913a_67,Yes,strongly_liberal,-1
a232530b20de7a9a_56,Yes,moderate,0
836eefcbc0bdb96e_37,Yes,moderately_liberal,-1
6e38fb5bcfcf4c78_54,Yes,moderate,0
a5117ee310d6913a_79,Yes,moderate,0
3a145c1bfb00f556_16,Yes,moderate,0
3a145c1bfb00f556_88,No,,
9ff62ded7ee7b409_68,Yes,slightly_liberal,-1
6e38fb5bcfcf4c78_61,Yes,moderate,0
a232530b20de7a9a_22,Yes,moderate,0
a232530b20de7a9a_80,Yes,moderate,0
3a145c1bfb00f556_97,Yes,moderate,0
3a145c1bfb00f556_98,No,,
6e38fb5bcfcf4c78_29,Yes,slightly_liberal,-1
3242f022e6903a27_33,Yes,moderate,0
9ff62ded7ee7b409_53,Yes,moderate,0
f1f99ac726e64006_74,Yes,moderate,0
3242f022e6903a27_31,Yes,moderate,0
125cd20c741a6eee_60,Yes,strongly_liberal,-1
f1f99ac726e64006_10,Yes,moderate,0
1445a1739366f880_14,Yes,slightly_liberal,-1
a232530b20de7a9a_51,Yes,strongly_liberal,-1
a5117ee310d6913a_1,Yes,strongly_liberal,-1
3a145c1bfb00f556_109,No,,
125cd20c741a6eee_19,Yes,strongly_liberal,-1
1445a1739366f880_21,Yes,moderate,0
9ff62ded7ee7b409_65,Yes,moderate,0
3242f022e6903a27_88,Yes,moderate,0
9ff62ded7ee7b409_14,Yes,moderate,0
6fac46dab839ab7f_63,Yes,slightly_liberal,-1
3242f022e6903a27_73,Yes,strongly_liberal,-1
3242f022e6903a27_20,Yes,moderate,0
1445a1739366f880_28,Yes,moderate,0
018d286396b33627_71,Yes,moderate,0
a232530b20de7a9a_31,Yes,slightly_liberal,-1
3242f022e6903a27_50,Yes,moderate,0
836eefcbc0bdb96e_14,Yes,moderate,0
f1f99ac726e64006_35,Yes,moderate,0
836eefcbc0bdb96e_7,Yes,strongly_liberal,-1
f1f99ac726e64006_23,Yes,moderate,0
f1f99ac726e64006_16,Yes,slightly_liberal,-1
6e38fb5bcfcf4c78_16,Yes,moderate,0
6fac46dab839ab7f_36,Yes,moderate,0
836eefcbc0bdb96e_17,Yes,strongly_liberal,-1
018d286396b33627_7,Yes,moderate,0
125cd20c741a6eee_58,Yes,moderate,0
6e38fb5bcfcf4c78_77,No,,
a5117ee310d6913a_60,Yes,moderate,0
3a145c1bfb00f556_47,Yes,slightly_liberal,-1
a5117ee310d6913a_70,Yes,moderate,0
f1f99ac726e64006_2,No,,
a5117ee310d6913a_42,Yes,moderate,0
3a145c1bfb00f556_96,Yes,slightly_liberal,-1
6fac46dab839ab7f_23,Yes,moderate,0
3242f022e6903a27_68,Yes,strongly_liberal,-1
3a145c1bfb00f556_17,No,,
f1f99ac726e64006_90,Yes,moderate,0
3242f022e6903a27_67,Yes,strongly_liberal,-1
9ff62ded7ee7b409_19,Yes,moderate,0
1445a1739366f880_54,Yes,moderate,0
3a145c1bfb00f556_106,No,,
6e38fb5bcfcf4c78_75,Yes,strongly_liberal,-1
3242f022e6903a27_28,Yes,moderately_liberal,-1
1445a1739366f880_51,Yes,moderately_conservative,1
3a145c1bfb00f556_7,Yes,moderate,0
3a145c1bfb00f556_83,Yes,moderate,0
9ff62ded7ee7b409_20,No,,
018d286396b33627_104,No,,
836eefcbc0bdb96e_53,No,,
018d286396b33627_81,Yes,moderately_liberal,-1
125cd20c741a6eee_29,Yes,moderate,0
6fac46dab839ab7f_64,Yes,moderately_liberal,-1
6e38fb5bcfcf4c78_62,Yes,strongly_liberal,-1
125cd20c741a6eee_3,Yes,moderate,0
a5117ee310d6913a_16,Yes,strongly_liberal,-1
3242f022e6903a27_37,No,,
6fac46dab839ab7f_28,Yes,moderate,0
018d286396b33627_66,Yes,moderate,0
125cd20c741a6eee_49,Yes,slightly_liberal,-1
f1f99ac726e64006_7,Yes,moderate,0
836eefcbc0bdb96e_4,Yes,strongly_liberal,-1
836eefcbc0bdb96e_47,Yes,moderate,0
a232530b20de7a9a_61,Yes,moderate,0
a5117ee310d6913a_36,Yes,slightly_liberal,-1
a5117ee310d6913a_58,No,,
9ff62ded7ee7b409_69,Yes,strongly_liberal,-1
018d286396b33627_29,Yes,moderate,0
f1f99ac726e64006_11,Yes,moderate,0
9ff62ded7ee7b409_48,Yes,moderate,0
3242f022e6903a27_81,Yes,moderate,0
3a145c1bfb00f556_12,Yes,moderate,0
6e38fb5bcfcf4c78_31,Yes,strongly_liberal,-1
125cd20c741a6eee_27,Yes,moderate,0
3d48fd0ecf3900b7_3,No,,
6b74881430e8d6dc_34,Yes,moderate,0
baf6c8a52589b0eb_21,Yes,moderate,0
baf6c8a52589b0eb_0,Yes,moderate,0
0877b3e345687b5d_115,Yes,moderate,0
baf6c8a52589b0eb_106,Yes,moderate,0
0877b3e345687b5d_116,Yes,strongly_liberal,-1
7521ed7b5fdd301f_4,Yes,moderate,0
e05b9e5d1bec5f80_29,Yes,moderate,0
f77255f9a8a73f41_26,Yes,moderate,0
80df21c9bf6104d4_43,Yes,moderate,0
f77255f9a8a73f41_37,Yes,moderate,0
0aab7ecfdbd51590_91,Yes,moderate,0
baf6c8a52589b0eb_17,Yes,moderate,0
223eed0e32cab6f0_75,Yes,moderate,0
f77255f9a8a73f41_95,Yes,moderately_conservative,1
7521ed7b5fdd301f_64,Yes,moderate,0
baf6c8a52589b0eb_68,Yes,moderate,0
27ea81c74bf765ba_139,Yes,moderate,0
27ea81c74bf765ba_6,No,,
b93e624e249646d0_52,Yes,moderate,0
baf6c8a52589b0eb_94,No,,
0877b3e345687b5d_103,Yes,moderate,0
7521ed7b5fdd301f_28,Yes,moderate,0
baf6c8a52589b0eb_20,Yes,moderate,0
b93e624e249646d0_60,Yes,moderate,0
e05b9e5d1bec5f80_62,Yes,moderate,0
f77255f9a8a73f41_50,Yes,moderately_conservative,1
baf6c8a52589b0eb_74,Yes,moderate,0
223eed0e32cab6f0_73,Yes,moderate,0
7521ed7b5fdd301f_0,Yes,moderate,0
e05b9e5d1bec5f80_36,Yes,moderate,0
baf6c8a52589b0eb_93,Yes,moderate,0
0aab7ecfdbd51590_53,Yes,moderate,0
0aab7ecfdbd51590_115,Yes,moderate,0
6b74881430e8d6dc_16,Yes,moderate,0
b93e624e249646d0_65,Yes,moderate,0
0877b3e345687b5d_11,Yes,moderate,0
b93e624e249646d0_78,Yes,moderate,0
baf6c8a52589b0eb_73,No,,
0877b3e345687b5d_70,Yes,slightly_liberal,-1
27ea81c74bf765ba_136,Yes,moderate,0
6b74881430e8d6dc_80,Yes,moderate,0
f77255f9a8a73f41_41,Yes,slightly_conservative,1
223eed0e32cab6f0_93,Yes,moderate,0
27ea81c74bf765ba_63,Yes,slightly_liberal,-1
3d48fd0ecf3900b7_81,Yes,moderate,0
0aab7ecfdbd51590_100,Yes,moderate,0
0aab7ecfdbd51590_77,Yes,moderate,0
7521ed7b5fdd301f_87,Yes,moderate,0
80df21c9bf6104d4_12,Yes,moderate,0
b93e624e249646d0_55,Yes,moderate,0
f77255f9a8a73f41_77,Yes,moderate,0
baf6c8a52589b0eb_23,Yes,moderate,0
0aab7ecfdbd51590_47,No,,
6b74881430e8d6dc_24,Yes,slightly_liberal,-1
7521ed7b5fdd301f_80,Yes,moderate,0
223eed0e32cab6f0_14,Yes,moderate,0
e05b9e5d1bec5f80_71,Yes,slightly_liberal,-1
b93e624e249646d0_16,Yes,moderate,0
0877b3e345687b5d_94,Yes,strongly_liberal,-1
3d48fd0ecf3900b7_12,Yes,moderate,0
baf6c8a52589b0eb_27,Yes,moderate,0
80df21c9bf6104d4_18,Yes,moderate,0
e05b9e5d1bec5f80_86,Yes,moderate,0
e05b9e5d1bec5f80_60,Yes,moderate,0
baf6c8a52589b0eb_16,Yes,moderate,0
e05b9e5d1bec5f80_102,Yes,moderate,0
f77255f9a8a73f41_36,Yes,moderate,0
0aab7ecfdbd51590_66,Yes,moderate,0
6b74881430e8d6dc_27,Yes,moderate,0
3d48fd0ecf3900b7_52,Yes,moderate,0
7521ed7b5fdd301f_104,Yes,moderate,0
3d48fd0ecf3900b7_19,Yes,moderate,0
0877b3e345687b5d_105,Yes,moderate,0
e05b9e5d1bec5f80_43,Yes,slightly_liberal,-1
e05b9e5d1bec5f80_12,Yes,moderate,0
3d48fd0ecf3900b7_5,Yes,moderate,0
e05b9e5d1bec5f80_42,Yes,moderate,0
3d48fd0ecf3900b7_9,Yes,moderate,0
e05b9e5d1bec5f80_107,Yes,moderate,0
e05b9e5d1bec5f80_15,Yes,moderate,0
6b74881430e8d6dc_85,No,,
27ea81c74bf765ba_21,No,,
e05b9e5d1bec5f80_94,Yes,moderate,0
0877b3e345687b5d_58,Yes,moderate,0
baf6c8a52589b0eb_8,Yes,moderate,0
f77255f9a8a73f41_55,Yes,moderate,0
6b74881430e8d6dc_83,Yes,moderate,0
0877b3e345687b5d_56,Yes,moderately_liberal,-1
0aab7ecfdbd51590_45,Yes,moderately_conservative,1
80df21c9bf6104d4_22,Yes,moderate,0
6b74881430e8d6dc_36,Yes,moderate,0
0877b3e345687b5d_33,Yes,moderate,0
3d48fd0ecf3900b7_74,Yes,moderate,0
27ea81c74bf765ba_61,Yes,moderate,0
27ea81c74bf765ba_142,Yes,moderate,0
baf6c8a52589b0eb_107,Yes,moderate,0
223eed0e32cab6f0_49,Yes,moderate,0
0877b3e345687b5d_76,Yes,slightly_liberal,-1
4ab42e41e3ad8653_68,Yes,moderate,0
aa697e1b3c1f64e6_35,Yes,moderate,0
d405e3e8a4aca5b8_30,No,,
74ce9ab62200ac07_86,Yes,moderate,0
e015031bc2a2012a_48,Yes,slightly_conservative,1
b15a367a40c3e378_2,No,,
4ab42e41e3ad8653_54,Yes,slightly_liberal,-1
4ab42e41e3ad8653_84,Yes,strongly_liberal,-1
e015031bc2a2012a_68,Yes,slightly_liberal,-1
b15a367a40c3e378_21,Yes,moderate,0
e72f6f87b6d59f7a_13,Yes,moderate,0
aa697e1b3c1f64e6_84,Yes,moderate,0
d3978cde6f0346d0_45,Yes,moderate,0
b15a367a40c3e378_33,Yes,strongly_liberal,-1
e72f6f87b6d59f7a_65,Yes,strongly_liberal,-1
e72f6f87b6d59f7a_24,Yes,moderate,0
65a9370479fb09f9_42,Yes,slightly_liberal,-1
74ce9ab62200ac07_79,Yes,moderate,0
4ab42e41e3ad8653_16,Yes,strongly_liberal,-1
e015031bc2a2012a_0,No,,
4ab42e41e3ad8653_21,Yes,moderate,0
d3978cde6f0346d0_77,Yes,slightly_liberal,-1
e72f6f87b6d59f7a_48,Yes,moderate,0
4ab42e41e3ad8653_10,Yes,moderate,0
d405e3e8a4aca5b8_9,No,,
e72f6f87b6d59f7a_49,Yes,moderate,0
d3978cde6f0346d0_41,Yes,moderate,0
d405e3e8a4aca5b8_56,Yes,moderate,0
0f5b2c0220017f87_42,Yes,moderate,0
be7d1cd1af8f8cb7_79,No,,
65a9370479fb09f9_27,Yes,moderate,0
e015031bc2a2012a_33,Yes,moderately_liberal,-1
74ce9ab62200ac07_37,Yes,slightly_liberal,-1
aa697e1b3c1f64e6_10,Yes,slightly_liberal,-1
d3978cde6f0346d0_39,Yes,moderately_conservative,1
b15a367a40c3e378_17,Yes,moderately_conservative,1
0f5b2c0220017f87_10,Yes,moderate,0
aa697e1b3c1f64e6_42,Yes,moderate,0
65a9370479fb09f9_57,Yes,slightly_liberal,-1
be7d1cd1af8f8cb7_3,Yes,moderate,0
aa697e1b3c1f64e6_1,No,,
e015031bc2a2012a_18,Yes,strongly_liberal,-1
d405e3e8a4aca5b8_64,Yes,slightly_liberal,-1
4ab42e41e3ad8653_90,Yes,moderate,0
74ce9ab62200ac07_7,No,,
b15a367a40c3e378_3,No,,
0f5b2c0220017f87_55,Yes,moderate,0
be7d1cd1af8f8cb7_1,Yes,slightly_liberal,-1
be7d1cd1af8f8cb7_84,No,,
e015031bc2a2012a_59,Yes,moderately_liberal,-1
d405e3e8a4aca5b8_49,Yes,slightly_liberal,-1
65a9370479fb09f9_54,Yes,moderate,0
b15a367a40c3e378_38,Yes,strongly_liberal,-1
e72f6f87b6d59f7a_8,Yes,moderate,0
74ce9ab62200ac07_34,No,,
aa697e1b3c1f64e6_13,Yes,moderately_conservative,1
aa697e1b3c1f64e6_57,Yes,moderate,0
d3978cde6f0346d0_53,Yes,moderately_conservative,1
e72f6f87b6d59f7a_38,Yes,moderate,0
4ab42e41e3ad8653_8,No,,
d405e3e8a4aca5b8_16,Yes,slightly_liberal,-1
e015031bc2a2012a_40,Yes,slightly_liberal,-1
d405e3e8a4aca5b8_55,Yes,moderate,0
be7d1cd1af8f8cb7_20,Yes,moderate,0
e72f6f87b6d59f7a_19,Yes,strongly_liberal,-1
e015031bc2a2012a_43,Yes,slightly_liberal,-1
0f5b2c0220017f87_8,Yes,moderate,0
e015031bc2a2012a_61,Yes,moderately_conservative,1
be7d1cd1af8f8cb7_23,Yes,strongly_liberal,-1
74ce9ab62200ac07_9,Yes,moderate,0
e015031bc2a2012a_54,Yes,slightly_liberal,-1
74ce9ab62200ac07_14,Yes,slightly_liberal,-1
aa697e1b3c1f64e6_64,Yes,moderately_liberal,-1
0f5b2c0220017f87_36,Yes,strongly_liberal,-1
e015031bc2a2012a_74,Yes,moderate,0
65a9370479fb09f9_2,Yes,strongly_liberal,-1
aa697e1b3c1f64e6_12,Yes,slightly_conservative,1
aa697e1b3c1f64e6_50,Yes,moderate,0
65a9370479fb09f9_46,Yes,slightly_liberal,-1
74ce9ab62200ac07_63,Yes,moderate,0
be7d1cd1af8f8cb7_81,No,,
aa697e1b3c1f64e6_65,Yes,strongly_liberal,-1
aa697e1b3c1f64e6_63,Yes,slightly_liberal,-1
b15a367a40c3e378_63,Yes,moderate,0
b15a367a40c3e378_48,Yes,moderate,0
0f5b2c0220017f87_14,Yes,moderate,0
aa697e1b3c1f64e6_83,No,,
0f5b2c0220017f87_21,Yes,strongly_liberal,-1
74ce9ab62200ac07_61,No,,
65a9370479fb09f9_15,Yes,slightly_liberal,-1
d3978cde6f0346d0_25,Yes,moderately_liberal,-1
e72f6f87b6d59f7a_36,Yes,moderate,0
be7d1cd1af8f8cb7_66,Yes,slightly_liberal,-1
be7d1cd1af8f8cb7_14,Yes,moderate,0
4ab42e41e3ad8653_29,Yes,strongly_liberal,-1
e015031bc2a2012a_71,Yes,slightly_liberal,-1
0f5b2c0220017f87_2,No,,
a9c05a52eb79e746_28,No,,
d3978cde6f0346d0_51,Yes,slightly_liberal,-1
026971415f86482f_29,Yes,moderate,0
aa697e1b3c1f64e6_62,Yes,moderate,0
482c365b81d98c32_58,Yes,moderate,0
72e31d3de35c5549_40,Yes,moderately_liberal,-1
a9c05a52eb79e746_16,Yes,moderate,0
72e31d3de35c5549_14,Yes,slightly_liberal,-1
3cb6d51c165fbe0f_39,No,,
7eb06c6c3aadc6b4_75,No,,
41dd973eae0fae3c_48,No,,
0d657bfdfa30214e_2,No,,
8c68da13d7960061_1,Yes,moderate,0
a9c05a52eb79e746_44,Yes,strongly_liberal,-1
72e31d3de35c5549_48,No,,
8c68da13d7960061_36,Yes,slightly_liberal,-1
a9c05a52eb79e746_10,No,,
41dd973eae0fae3c_17,Yes,moderate,0
482c365b81d98c32_42,No,,
7eb06c6c3aadc6b4_36,No,,
7eb06c6c3aadc6b4_57,No,,
482c365b81d98c32_6,Yes,strongly_liberal,-1
fd416b69f6517281_20,No,,
a9c05a52eb79e746_88,Yes,strongly_liberal,-1
0d657bfdfa30214e_47,No,,
3cb6d51c165fbe0f_38,No,,
a9c05a52eb79e746_9,Yes,strongly_liberal,-1
0d657bfdfa30214e_67,Yes,strongly_liberal,-1
41dd973eae0fae3c_52,Yes,strongly_liberal,-1
e67d9ec8816df97b_32,No,,
fd416b69f6517281_17,Yes,moderate,0
72e31d3de35c5549_27,Yes,moderate,0
163941e95c9b1f03_54,Yes,strongly_liberal,-1
8c68da13d7960061_56,Yes,strongly_liberal,-1
9286144adbe6ad62_6,Yes,strongly_liberal,-1
a9c05a52eb79e746_64,Yes,moderate,0
a9c05a52eb79e746_69,Yes,moderate,0
0d657bfdfa30214e_49,Yes,strongly_liberal,-1
0d657bfdfa30214e_41,Yes,slightly_liberal,-1
fd416b69f6517281_45,Yes,strongly_conservative,1
e67d9ec8816df97b_29,No,,
7eb06c6c3aadc6b4_33,No,,
7eb06c6c3aadc6b4_27,No,,
e67d9ec8816df97b_49,No,,
e67d9ec8816df97b_10,Yes,moderate,0
482c365b81d98c32_48,Yes,strongly_liberal,-1
41dd973eae0fae3c_29,Yes,strongly_liberal,-1
9286144adbe6ad62_39,Yes,strongly_liberal,-1
fd416b69f6517281_11,Yes,strongly_conservative,1
a9c05a52eb79e746_23,No,,
8c68da13d7960061_3,Yes,moderate,0
fd416b69f6517281_46,No,,
e67d9ec8816df97b_31,No,,
fd416b69f6517281_34,Yes,strongly_liberal,-1
fd416b69f6517281_16,No,,
7eb06c6c3aadc6b4_37,No,,
7eb06c6c3aadc6b4_70,No,,
41dd973eae0fae3c_19,Yes,strongly_liberal,-1
8c68da13d7960061_29,Yes,moderate,0
e67d9ec8816df97b_16,Yes,moderate,0
7eb06c6c3aadc6b4_12,Yes,moderately_liberal,-1
9286144adbe6ad62_12,Yes,strongly_liberal,-1
a9c05a52eb79e746_26,No,,
7eb06c6c3aadc6b4_73,Yes,moderate,0
9286144adbe6ad62_9,Yes,strongly_liberal,-1
e67d9ec8816df97b_48,No,,
41dd973eae0fae3c_3,Yes,moderate,0
482c365b81d98c32_53,Yes,slightly_conservative,1
8c68da13d7960061_70,Yes,moderate,0
9286144adbe6ad62_28,Yes,slightly_liberal,-1
fd416b69f6517281_33,Yes,strongly_liberal,-1
0d657bfdfa30214e_3,Yes,slightly_liberal,-1
a9c05a52eb79e746_14,No,,
41dd973eae0fae3c_24,Yes,moderate,0
41dd973eae0fae3c_33,Yes,strongly_liberal,-1
72e31d3de35c5549_32,Yes,slightly_liberal,-1
3cb6d51c165fbe0f_30,No,,
72e31d3de35c5549_72,Yes,moderate,0
7eb06c6c3aadc6b4_47,Yes,strongly_liberal,-1
a9c05a52eb79e746_55,Yes,slightly_liberal,-1
3cb6d51c165fbe0f_26,No,,
e67d9ec8816df97b_19,Yes,moderate,0
e67d9ec8816df97b_37,No,,
8c68da13d7960061_17,Yes,slightly_liberal,-1
fd416b69f6517281_71,No,,
7eb06c6c3aadc6b4_72,Yes,moderately_liberal,-1
163941e95c9b1f03_60,No,,
482c365b81d98c32_23,Yes,moderately_liberal,-1
72e31d3de35c5549_15,Yes,slightly_liberal,-1
72e31d3de35c5549_37,Yes,slightly_liberal,-1
41dd973eae0fae3c_5,Yes,moderate,0
e67d9ec8816df97b_52,Yes,slightly_liberal,-1
72e31d3de35c5549_17,Yes,moderately_liberal,-1
8c68da13d7960061_49,Yes,moderate,0
72e31d3de35c5549_49,No,,
9286144adbe6ad62_46,No,,
fd416b69f6517281_25,No,,
482c365b81d98c32_13,Yes,strongly_liberal,-1
0d657bfdfa30214e_18,Yes,moderate,0
482c365b81d98c32_28,Yes,moderate,0
fd416b69f6517281_53,Yes,moderate,0
41dd973eae0fae3c_11,Yes,strongly_liberal,-1
163941e95c9b1f03_51,Yes,slightly_liberal,-1
432cd21bd1e82a30_42,Yes,moderate,0
280932451eee8611_197,Yes,strongly_liberal,-1
c4e4865a19dd5792_128,Yes,slightly_liberal,-1
fa258bb9ea6ec79b_24,Yes,moderate,0
6e84850e3bd37b09_108,Yes,strongly_liberal,-1
d457fab55c531eb1_135,Yes,slightly_liberal,-1
3c1cb1dba573fabe_81,Yes,strongly_liberal,-1
a40ef9b2a9bc476f_101,Yes,slightly_liberal,-1
71605f4b31420c58_83,Yes,moderate,0
ec7a4247bf088b5a_19,No,,
c4e4865a19dd5792_77,Yes,slightly_liberal,-1
280932451eee8611_96,Yes,strongly_liberal,-1
c4e4865a19dd5792_145,Yes,strongly_conservative,1
6e84850e3bd37b09_117,Yes,moderate,0
280932451eee8611_158,Yes,moderate,0
c7fa6ffeacd03b58_128,Yes,strongly_liberal,-1
3c1cb1dba573fabe_84,Yes,moderately_liberal,-1
280932451eee8611_212,Yes,moderate,0
c4e4865a19dd5792_71,Yes,slightly_liberal,-1
6e84850e3bd37b09_121,Yes,strongly_liberal,-1
3c1cb1dba573fabe_57,No,,
432cd21bd1e82a30_85,Yes,moderate,0
76fe206ed74637c8_15,Yes,moderate,0
a40ef9b2a9bc476f_20,Yes,slightly_liberal,-1
c4e4865a19dd5792_135,Yes,strongly_liberal,-1
3c1cb1dba573fabe_96,Yes,strongly_liberal,-1
6e84850e3bd37b09_148,Yes,moderate,0
fa258bb9ea6ec79b_132,Yes,strongly_liberal,-1
280932451eee8611_131,Yes,strongly_liberal,-1
3c1cb1dba573fabe_4,Yes,moderate,0
fa258bb9ea6ec79b_148,Yes,moderately_conservative,1
c7fa6ffeacd03b58_49,Yes,strongly_liberal,-1
ec7a4247bf088b5a_8,No,,
c7fa6ffeacd03b58_27,Yes,strongly_liberal,-1
432cd21bd1e82a30_100,Yes,slightly_liberal,-1
3c1cb1dba573fabe_100,Yes,strongly_liberal,-1
c7fa6ffeacd03b58_13,Yes,strongly_liberal,-1
280932451eee8611_76,Yes,strongly_liberal,-1
6e84850e3bd37b09_122,Yes,strongly_liberal,-1
ec7a4247bf088b5a_131,Yes,moderate,0
76fe206ed74637c8_19,Yes,slightly_liberal,-1
76fe206ed74637c8_38,Yes,strongly_liberal,-1
d457fab55c531eb1_6,Yes,strongly_liberal,-1
c4e4865a19dd5792_11,No,,
c7fa6ffeacd03b58_112,Yes,strongly_liberal,-1
fa258bb9ea6ec79b_150,Yes,moderate,0
d457fab55c531eb1_16,Yes,strongly_liberal,-1
280932451eee8611_175,Yes,strongly_liberal,-1
a40ef9b2a9bc476f_122,Yes,strongly_liberal,-1
c7fa6ffeacd03b58_119,Yes,strongly_liberal,-1
6e84850e3bd37b09_45,Yes,slightly_liberal,-1
ec7a4247bf088b5a_11,No,,
280932451eee8611_206,Yes,moderate,0
a40ef9b2a9bc476f_109,Yes,strongly_liberal,-1
432cd21bd1e82a30_91,Yes,slightly_liberal,-1
a40ef9b2a9bc476f_13,Yes,strongly_liberal,-1
d457fab55c531eb1_166,Yes,strongly_liberal,-1
71605f4b31420c58_144,Yes,slightly_conservative,1
fa258bb9ea6ec79b_54,Yes,slightly_liberal,-1
3c1cb1dba573fabe_10,Yes,strongly_liberal,-1
d457fab55c531eb1_168,Yes,strongly_liberal,-1
c4e4865a19dd5792_9,Yes,moderate,0
fa258bb9ea6ec79b_92,Yes,moderate,0
6e84850e3bd37b09_77,Yes,moderate,0
fa258bb9ea6ec79b_169,No,,
6e84850e3bd37b09_24,Yes,slightly_liberal,-1
c4e4865a19dd5792_35,Yes,slightly_liberal,-1
76fe206ed74637c8_106,Yes,strongly_liberal,-1
ec7a4247bf088b5a_83,Yes,moderate,0
a40ef9b2a9bc476f_104,Yes,strongly_liberal,-1
280932451eee8611_123,Yes,moderately_liberal,-1
3c1cb1dba573fabe_7,Yes,strongly_liberal,-1
432cd21bd1e82a30_73,Yes,slightly_liberal,-1
fa258bb9ea6ec79b_46,Yes,strongly_liberal,-1
3c1cb1dba573fabe_140,Yes,moderate,0
c7fa6ffeacd03b58_93,Yes,strongly_liberal,-1
a40ef9b2a9bc476f_143,Yes,strongly_liberal,-1
d457fab55c531eb1_142,No,,
6e84850e3bd37b09_74,Yes,slightly_liberal,-1
c7fa6ffeacd03b58_52,Yes,strongly_conservative,1
d457fab55c531eb1_13,No,,
71605f4b31420c58_138,Yes,moderate,0
71605f4b31420c58_105,Yes,strongly_liberal,-1
432cd21bd1e82a30_84,Yes,slightly_liberal,-1
71605f4b31420c58_93,Yes,strongly_liberal,-1
3c1cb1dba573fabe_46,Yes,slightly_liberal,-1
3c1cb1dba573fabe_6,Yes,strongly_liberal,-1
76fe206ed74637c8_82,Yes,strongly_liberal,-1
a40ef9b2a9bc476f_26,Yes,strongly_liberal,-1
3c1cb1dba573fabe_60,Yes,strongly_liberal,-1
6e84850e3bd37b09_57,Yes,slightly_liberal,-1
fa258bb9ea6ec79b_98,Yes,slightly_liberal,-1
c7fa6ffeacd03b58_36,Yes,strongly_conservative,1
432cd21bd1e82a30_51,Yes,moderate,0
a40ef9b2a9bc476f_71,Yes,strongly_liberal,-1
c7fa6ffeacd03b58_137,Yes,moderately_liberal,-1
432cd21bd1e82a30_145,Yes,moderate,0
71605f4b31420c58_112,Yes,moderate,0
76fe206ed74637c8_95,Yes,strongly_liberal,-1
1a45e08d2d8e85c1_77,No,,
fa258bb9ea6ec79b_0,Yes,moderate,0
9846a381a237154b_23,Yes,moderate,0
635b480ff512d14f_73,Yes,slightly_conservative,1
5e4aaf9dce78b139_47,Yes,slightly_liberal,-1
1224cce65133704f_28,No,,
ead4656f9cd7384c_83,No,,
8d4156f47881aa6e_22,Yes,slightly_liberal,-1
ead4656f9cd7384c_59,No,,
635b480ff512d14f_82,No,,
1224cce65133704f_84,No,,
838e18262f208feb_60,Yes,strongly_liberal,-1
1a45e08d2d8e85c1_63,Yes,slightly_liberal,-1
1224cce65133704f_68,Yes,moderate,0
1a45e08d2d8e85c1_61,No,,
4f311590f368c8dc_2,No,,
8d4156f47881aa6e_92,Yes,moderate,0
1a45e08d2d8e85c1_30,Yes,moderate,0
635b480ff512d14f_66,Yes,slightly_liberal,-1
1a45e08d2d8e85c1_39,Yes,moderate,0
d0249a2bdbf833b0_54,Yes,moderate,0
9846a381a237154b_30,Yes,moderate,0
5e4aaf9dce78b139_1,Yes,moderate,0
1a45e08d2d8e85c1_32,Yes,moderate,0
8d4156f47881aa6e_30,Yes,moderate,0
838e18262f208feb_102,Yes,moderate,0
838e18262f208feb_51,Yes,slightly_conservative,1
be7f56ab5e50f1ea_40,Yes,strongly_liberal,-1
4f311590f368c8dc_18,No,,
9846a381a237154b_25,Yes,moderate,0
4f311590f368c8dc_32,Yes,moderate,0
838e18262f208feb_39,Yes,moderate,0
d0249a2bdbf833b0_86,No,,
d0249a2bdbf833b0_49,Yes,moderate,0
9846a381a237154b_0,Yes,moderate,0
1224cce65133704f_88,No,,
1224cce65133704f_23,Yes,moderate,0
be7f56ab5e50f1ea_71,Yes,moderately_liberal,-1
1a45e08d2d8e85c1_64,Yes,slightly_liberal,-1
5e4aaf9dce78b139_63,Yes,strongly_liberal,-1
9846a381a237154b_35,Yes,strongly_liberal,-1
4f311590f368c8dc_0,Yes,strongly_liberal,-1
1224cce65133704f_92,No,,
8d4156f47881aa6e_2,Yes,strongly_liberal,-1
ead4656f9cd7384c_76,Yes,slightly_conservative,1
5e4aaf9dce78b139_37,Yes,moderately_liberal,-1
685126f43c80c477_28,No,,
be7f56ab5e50f1ea_15,No,,
635b480ff512d14f_72,Yes,moderate,0
8d4156f47881aa6e_70,Yes,moderate,0
d0249a2bdbf833b0_20,Yes,moderate,0
838e18262f208feb_10,Yes,moderate,0
685126f43c80c477_23,No,,
9846a381a237154b_46,Yes,moderate,0
8d4156f47881aa6e_78,Yes,slightly_liberal,-1
d0249a2bdbf833b0_0,Yes,slightly_liberal,-1
8d4156f47881aa6e_46,Yes,moderate,0
d0249a2bdbf833b0_61,Yes,moderate,0
635b480ff512d14f_53,Yes,moderate,0
1224cce65133704f_30,No,,
9846a381a237154b_50,Yes,strongly_liberal,-1
ead4656f9cd7384c_63,Yes,moderate,0
838e18262f208feb_25,Yes,slightly_liberal,-1
685126f43c80c477_33,Yes,strongly_liberal,-1
635b480ff512d14f_2,No,,
8d4156f47881aa6e_44,Yes,moderate,0
635b480ff512d14f_10,Yes,moderate,0
ead4656f9cd7384c_6,Yes,moderate,0
d0249a2bdbf833b0_66,Yes,slightly_liberal,-1
838e18262f208feb_86,Yes,strongly_liberal,-1
be7f56ab5e50f1ea_5,No,,
ead4656f9cd7384c_78,Yes,strongly_liberal,-1
d0249a2bdbf833b0_31,Yes,moderate,0
5e4aaf9dce78b139_17,No,,
838e18262f208feb_93,Yes,moderate,0
ead4656f9cd7384c_82,Yes,moderate,0
5e4aaf9dce78b139_65,No,,
1a45e08d2d8e85c1_82,No,,
9846a381a237154b_92,No,,
5e4aaf9dce78b139_3,No,,
be7f56ab5e50f1ea_69,No,,
1224cce65133704f_17,Yes,moderate,0
635b480ff512d14f_61,Yes,slightly_liberal,-1
1224cce65133704f_72,Yes,moderate,0
838e18262f208feb_108,No,,
8d4156f47881aa6e_98,No,,
685126f43c80c477_7,No,,
8d4156f47881aa6e_60,Yes,slightly_liberal,-1
838e18262f208feb_2,Yes,moderate,0
be7f56ab5e50f1ea_19,Yes,moderate,0
d0249a2bdbf833b0_80,No,,
d0249a2bdbf833b0_16,Yes,moderate,0
9846a381a237154b_90,Yes,slightly_liberal,-1
635b480ff512d14f_34,No,,
685126f43c80c477_4,Yes,moderate,0
9846a381a237154b_8,Yes,moderate,0
9846a381a237154b_9,Yes,moderate,0
635b480ff512d14f_9,Yes,slightly_liberal,-1
9846a381a237154b_34,Yes,slightly_liberal,-1
d0249a2bdbf833b0_42,Yes,slightly_liberal,-1
1d6c37f1286be21e_40,No,,
838e18262f208feb_23,Yes,moderate,0
918df2fd282821a1_12,Yes,strongly_conservative,1
29ad05c8c088781e_121,Yes,strongly_conservative,1
1d6c37f1286be21e_34,Yes,moderately_conservative,1
8c718fc1bef8cf41_36,Yes,moderate,0
f31765d88a43d04c_141,Yes,moderate,0
9e472b61948e6c10_37,No,,
1d6c37f1286be21e_0,Yes,strongly_conservative,1
1091aef1a014cabf_36,Yes,strongly_conservative,1
9e472b61948e6c10_6,Yes,moderately_conservative,1
b3da301b9dd89b03_65,Yes,strongly_conservative,1
f31765d88a43d04c_86,Yes,moderate,0
8c718fc1bef8cf41_11,Yes,strongly_conservative,1
b3da301b9dd89b03_67,Yes,strongly_conservative,1
1091aef1a014cabf_49,Yes,slightly_liberal,-1
1091aef1a014cabf_46,Yes,moderate,0
5440a7e89c813c8f_21,Yes,strongly_conservative,1
5440a7e89c813c8f_55,Yes,strongly_conservative,1
f31765d88a43d04c_43,Yes,moderately_conservative,1
b3da301b9dd89b03_22,Yes,moderate,0
918df2fd282821a1_63,Yes,strongly_conservative,1
f31765d88a43d04c_204,Yes,slightly_liberal,-1
918df2fd282821a1_13,Yes,strongly_conservative,1
1d6c37f1286be21e_14,Yes,strongly_conservative,1
b3da301b9dd89b03_3,Yes,strongly_conservative,1
f31765d88a43d04c_271,Yes,strongly_conservative,1
f31765d88a43d04c_67,Yes,moderate,0
f31765d88a43d04c_254,Yes,moderate,0
29ad05c8c088781e_117,Yes,strongly_conservative,1
8c718fc1bef8cf41_10,Yes,moderately_conservative,1
29ad05c8c088781e_125,Yes,strongly_conservative,1
5440a7e89c813c8f_43,Yes,moderately_conservative,1
f31765d88a43d04c_106,Yes,slightly_liberal,-1
29ad05c8c088781e_124,Yes,strongly_conservative,1
9e472b61948e6c10_66,Yes,strongly_conservative,1
d28c19e5ed2f675f_11,Yes,moderately_conservative,1
29ad05c8c088781e_20,Yes,moderately_conservative,1
68f12fe20d2c9a67_21,Yes,moderate,0
918df2fd282821a1_53,Yes,moderately_liberal,-1
29ad05c8c088781e_64,Yes,strongly_conservative,1
1091aef1a014cabf_27,Yes,moderate,0
5440a7e89c813c8f_42,Yes,strongly_conservative,1
918df2fd282821a1_43,Yes,strongly_conservative,1
dac6a1c731e0971e_59,Yes,strongly_conservative,1
68f12fe20d2c9a67_20,Yes,moderate,0
1d6c37f1286be21e_25,Yes,strongly_conservative,1
b3da301b9dd89b03_61,Yes,moderately_conservative,1
f31765d88a43d04c_156,Yes,moderate,0
f31765d88a43d04c_65,Yes,moderately_conservative,1
9e472b61948e6c10_54,Yes,moderately_conservative,1
1d6c37f1286be21e_32,Yes,moderately_conservative,1
29ad05c8c088781e_73,Yes,moderate,0
f31765d88a43d04c_262,Yes,slightly_liberal,-1
f31765d88a43d04c_283,Yes,strongly_conservative,1
dac6a1c731e0971e_8,Yes,strongly_conservative,1
f31765d88a43d04c_165,Yes,moderate,0
29ad05c8c088781e_136,Yes,strongly_conservative,1
f31765d88a43d04c_169,Yes,moderately_conservative,1
b3da301b9dd89b03_51,Yes,moderate,0
f31765d88a43d04c_305,Yes,strongly_conservative,1
dac6a1c731e0971e_15,No,,
f31765d88a43d04c_22,No,,
1d6c37f1286be21e_48,Yes,moderately_conservative,1
5440a7e89c813c8f_22,Yes,strongly_conservative,1
29ad05c8c088781e_137,Yes,strongly_conservative,1
1d6c37f1286be21e_9,Yes,strongly_conservative,1
29ad05c8c088781e_70,Yes,strongly_conservative,1
29ad05c8c088781e_2,Yes,strongly_conservative,1
1d6c37f1286be21e_10,Yes,moderately_conservative,1
8c718fc1bef8cf41_48,Yes,strongly_conservative,1
f31765d88a43d04c_31,Yes,moderately_conservative,1
dac6a1c731e0971e_56,No,,
1d6c37f1286be21e_31,Yes,moderately_conservative,1
b3da301b9dd89b03_10,Yes,strongly_conservative,1
8c718fc1bef8cf41_6,Yes,moderately_conservative,1
8c718fc1bef8cf41_18,Yes,moderate,0
f31765d88a43d04c_58,Yes,moderate,0
29ad05c8c088781e_11,Yes,moderate,0
68f12fe20d2c9a67_25,Yes,moderately_conservative,1
dac6a1c731e0971e_24,Yes,moderate,0
d28c19e5ed2f675f_16,Yes,moderate,0
f31765d88a43d04c_162,Yes,moderate,0
68f12fe20d2c9a67_12,Yes,moderate,0
918df2fd282821a1_18,Yes,strongly_conservative,1
918df2fd282821a1_25,Yes,strongly_conservative,1
f31765d88a43d04c_255,Yes,moderate,0
5440a7e89c813c8f_66,Yes,moderately_conservative,1
8c718fc1bef8cf41_14,Yes,strongly_conservative,1
9e472b61948e6c10_44,Yes,strongly_conservative,1
f31765d88a43d04c_68,Yes,moderate,0
5440a7e89c813c8f_20,Yes,moderately_conservative,1
f31765d88a43d04c_93,Yes,moderate,0
f31765d88a43d04c_179,Yes,slightly_liberal,-1
f31765d88a43d04c_110,Yes,strongly_conservative,1
d28c19e5ed2f675f_45,Yes,moderately_conservative,1
d28c19e5ed2f675f_39,Yes,moderately_conservative,1
1091aef1a014cabf_23,No,,
f31765d88a43d04c_167,Yes,moderate,0
5440a7e89c813c8f_1,Yes,moderately_conservative,1
29ad05c8c088781e_35,Yes,moderate,0
26be758664a43c4b_33,No,,
b0c823c6e2a8d032_80,Yes,strongly_conservative,1
26be758664a43c4b_9,Yes,moderate,0
c456431440406e98_20,Yes,strongly_conservative,1
21052b42e6326056_43,Yes,moderate,0
a74a5388450e2a34_55,Yes,moderately_conservative,1
8a8563d0989b18e5_53,Yes,strongly_conservative,1
21052b42e6326056_12,Yes,strongly_conservative,1
26294a51ff3b910d_52,Yes,slightly_conservative,1
2bce09fb970ac212_40,Yes,moderate,0
21052b42e6326056_19,No,,
8a8563d0989b18e5_16,Yes,moderately_liberal,-1
52bd2d545dd20755_22,Yes,moderate,0
b0c823c6e2a8d032_17,Yes,moderately_conservative,1
c456431440406e98_26,Yes,moderately_conservative,1
eb0b2921e55c2024_31,Yes,strongly_conservative,1
761dcf845848847e_36,Yes,strongly_conservative,1
2bce09fb970ac212_36,Yes,strongly_conservative,1
b0c823c6e2a8d032_44,Yes,moderate,0
c456431440406e98_63,Yes,moderately_conservative,1
26be758664a43c4b_3,Yes,moderately_conservative,1
21052b42e6326056_8,Yes,strongly_conservative,1
52bd2d545dd20755_1,Yes,strongly_conservative,1
b0c823c6e2a8d032_64,Yes,moderate,0
eb0b2921e55c2024_28,Yes,strongly_conservative,1
a74a5388450e2a34_17,Yes,moderately_conservative,1
c456431440406e98_42,Yes,moderately_conservative,1
b0c823c6e2a8d032_46,Yes,strongly_conservative,1
761dcf845848847e_66,Yes,strongly_conservative,1
21052b42e6326056_5,Yes,moderately_conservative,1
26be758664a43c4b_46,No,,
761dcf845848847e_10,Yes,moderately_conservative,1
52bd2d545dd20755_36,Yes,strongly_conservative,1
26294a51ff3b910d_78,Yes,moderate,0
c456431440406e98_27,Yes,moderately_conservative,1
0e237ba2bf22d207_43,Yes,moderately_conservative,1
26be758664a43c4b_21,Yes,strongly_conservative,1
c456431440406e98_16,Yes,strongly_conservative,1
26294a51ff3b910d_10,Yes,moderately_conservative,1
b0c823c6e2a8d032_60,Yes,moderate,0
21052b42e6326056_49,Yes,moderately_conservative,1
21052b42e6326056_44,Yes,moderately_conservative,1
761dcf845848847e_98,Yes,strongly_conservative,1
b0c823c6e2a8d032_21,No,,
2bce09fb970ac212_31,Yes,strongly_conservative,1
c456431440406e98_8,Yes,strongly_conservative,1
c456431440406e98_6,Yes,strongly_liberal,-1
c456431440406e98_57,Yes,strongly_conservative,1
21052b42e6326056_26,Yes,strongly_conservative,1
26294a51ff3b910d_2,Yes,strongly_conservative,1
b0c823c6e2a8d032_6,No,,
761dcf845848847e_9,Yes,moderately_conservative,1
0e237ba2bf22d207_33,Yes,strongly_conservative,1
eb0b2921e55c2024_11,No,,
21052b42e6326056_60,No,,
8a8563d0989b18e5_85,Yes,moderate,0
2bce09fb970ac212_70,Yes,strongly_conservative,1
2bce09fb970ac212_18,Yes,strongly_conservative,1
a74a5388450e2a34_28,Yes,moderate,0
26be758664a43c4b_11,No,,
c456431440406e98_46,Yes,moderately_conservative,1
0e237ba2bf22d207_13,Yes,strongly_conservative,1
8a8563d0989b18e5_50,Yes,moderate,0
b0c823c6e2a8d032_41,Yes,strongly_conservative,1
21052b42e6326056_9,Yes,strongly_conservative,1
2bce09fb970ac212_3,Yes,strongly_conservative,1
a74a5388450e2a34_26,Yes,strongly_conservative,1
761dcf845848847e_24,Yes,strongly_conservative,1
8a8563d0989b18e5_36,Yes,strongly_conservative,1
0e237ba2bf22d207_9,Yes,moderately_conservative,1
26294a51ff3b910d_24,Yes,strongly_conservative,1
26be758664a43c4b_38,No,,
0e237ba2bf22d207_0,Yes,strongly_conservative,1
21052b42e6326056_38,Yes,slightly_conservative,1
a74a5388450e2a34_45,Yes,strongly_conservative,1
8a8563d0989b18e5_80,Yes,slightly_conservative,1
21052b42e6326056_16,No,,
26be758664a43c4b_37,No,,
52bd2d545dd20755_52,Yes,strongly_conservative,1
a74a5388450e2a34_22,Yes,strongly_conservative,1
761dcf845848847e_70,Yes,moderately_conservative,1
2bce09fb970ac212_25,Yes,strongly_liberal,-1
2bce09fb970ac212_79,Yes,moderate,0
2bce09fb970ac212_38,Yes,moderately_conservative,1
21052b42e6326056_24,Yes,strongly_conservative,1
0e237ba2bf22d207_40,Yes,moderately_conservative,1
0e237ba2bf22d207_41,No,,
26be758664a43c4b_44,No,,
52bd2d545dd20755_19,Yes,moderately_conservative,1
8a8563d0989b18e5_67,Yes,strongly_conservative,1
52bd2d545dd20755_61,Yes,moderately_conservative,1
2bce09fb970ac212_56,Yes,strongly_conservative,1
52bd2d545dd20755_6,Yes,strongly_conservative,1
21052b42e6326056_52,Yes,strongly_conservative,1
b0c823c6e2a8d032_33,No,,
761dcf845848847e_76,Yes,moderately_conservative,1
26294a51ff3b910d_25,Yes,strongly_conservative,1
26294a51ff3b910d_36,Yes,moderate,0
a74a5388450e2a34_8,Yes,strongly_conservative,1
26294a51ff3b910d_76,Yes,strongly_conservative,1
ec57e5573f97bb6a_11,Yes,moderately_conservative,1
6be7e751612d279f_42,Yes,moderate,0
403102fd1e087081_6,Yes,strongly_conservative,1
bdc771b5654d3ec5_21,Yes,strongly_conservative,1
435393bfe32caf24_30,No,,
87740390a724e187_36,Yes,moderate,0
403102fd1e087081_7,No,,
87740390a724e187_60,Yes,moderate,0
87740390a724e187_33,Yes,slightly_conservative,1
435393bfe32caf24_18,Yes,strongly_conservative,1
bef1b4187fc0873d_20,Yes,slightly_liberal,-1
ec57e5573f97bb6a_48,Yes,strongly_conservative,1
bdc771b5654d3ec5_69,Yes,strongly_conservative,1
bdc771b5654d3ec5_49,Yes,moderately_conservative,1
bdc771b5654d3ec5_26,Yes,moderately_conservative,1
d9f50c2b7dfd7435_0,Yes,strongly_conservative,1
435393bfe32caf24_42,Yes,moderately_conservative,1
435393bfe32caf24_1,Yes,moderate,0
6be7e751612d279f_47,Yes,strongly_conservative,1
bdc771b5654d3ec5_66,Yes,strongly_conservative,1
bef1b4187fc0873d_16,Yes,strongly_conservative,1
87740390a724e187_64,Yes,moderate,0
ec57e5573f97bb6a_17,Yes,strongly_conservative,1
02289da90d71ffae_19,Yes,strongly_conservative,1
ec57e5573f97bb6a_14,Yes,strongly_conservative,1
d9f50c2b7dfd7435_13,Yes,strongly_conservative,1
bdc771b5654d3ec5_60,Yes,strongly_conservative,1
87740390a724e187_55,Yes,moderate,0
bdc771b5654d3ec5_47,Yes,moderately_conservative,1
d9f50c2b7dfd7435_41,Yes,strongly_conservative,1
403102fd1e087081_4,Yes,strongly_conservative,1
435393bfe32caf24_50,Yes,strongly_conservative,1
92ddf862234d2f2e_40,Yes,strongly_conservative,1
ec57e5573f97bb6a_3,Yes,moderately_conservative,1
ec57e5573f97bb6a_42,Yes,strongly_conservative,1
bdc771b5654d3ec5_6,Yes,moderate,0
bef1b4187fc0873d_11,Yes,strongly_conservative,1
bdc771b5654d3ec5_7,Yes,moderate,0
bef1b4187fc0873d_27,Yes,strongly_conservative,1
ec57e5573f97bb6a_12,Yes,moderately_conservative,1
bdc771b5654d3ec5_17,Yes,moderate,0
92ddf862234d2f2e_41,Yes,strongly_conservative,1
92ddf862234d2f2e_9,Yes,moderately_conservative,1
bdc771b5654d3ec5_71,Yes,moderate,0
02289da90d71ffae_15,Yes,strongly_conservative,1
02289da90d71ffae_56,Yes,moderately_conservative,1
bdc771b5654d3ec5_70,Yes,moderate,0
5917bee95523b856_26,Yes,strongly_conservative,1
bdc771b5654d3ec5_41,Yes,moderately_conservative,1
87740390a724e187_32,Yes,moderately_conservative,1
bef1b4187fc0873d_7,Yes,strongly_conservative,1
92ddf862234d2f2e_31,Yes,strongly_conservative,1
92ddf862234d2f2e_38,Yes,strongly_conservative,1
bdc771b5654d3ec5_52,Yes,moderately_conservative,1
92ddf862234d2f2e_35,Yes,moderately_conservative,1
d9f50c2b7dfd7435_39,Yes,strongly_conservative,1
d9f50c2b7dfd7435_4,Yes,strongly_conservative,1
bdc771b5654d3ec5_29,Yes,moderate,0
5917bee95523b856_23,Yes,moderately_conservative,1
02289da90d71ffae_87,No,,
5917bee95523b856_33,Yes,moderately_conservative,1
d9f50c2b7dfd7435_25,Yes,strongly_conservative,1
87740390a724e187_19,Yes,moderately_conservative,1
02289da90d71ffae_79,Yes,strongly_conservative,1
bef1b4187fc0873d_3,Yes,strongly_conservative,1
bdc771b5654d3ec5_16,Yes,strongly_conservative,1
92ddf862234d2f2e_14,Yes,strongly_conservative,1
bef1b4187fc0873d_15,Yes,strongly_conservative,1
bdc771b5654d3ec5_43,Yes,strongly_conservative,1
92ddf862234d2f2e_21,Yes,strongly_conservative,1
92ddf862234d2f2e_29,Yes,strongly_conservative,1
bef1b4187fc0873d_14,Yes,strongly_conservative,1
ec57e5573f97bb6a_29,Yes,strongly_conservative,1
ec57e5573f97bb6a_2,Yes,strongly_conservative,1
02289da90d71ffae_84,Yes,strongly_conservative,1
6be7e751612d279f_27,Yes,moderately_conservative,1
bef1b4187fc0873d_2,Yes,strongly_liberal,-1
d9f50c2b7dfd7435_38,Yes,strongly_conservative,1
403102fd1e087081_2,Yes,strongly_conservative,1
02289da90d71ffae_4,Yes,strongly_conservative,1
435393bfe32caf24_43,Yes,strongly_conservative,1
bdc771b5654d3ec5_39,Yes,moderately_liberal,-1
02289da90d71ffae_74,Yes,strongly_conservative,1
ec57e5573f97bb6a_20,No,,
02289da90d71ffae_67,No,,
ec57e5573f97bb6a_37,Yes,moderate,0
ec57e5573f97bb6a_39,Yes,strongly_conservative,1
87740390a724e187_29,Yes,moderately_conservative,1
6be7e751612d279f_38,Yes,moderately_conservative,1
02289da90d71ffae_22,No,,
87740390a724e187_22,Yes,moderate,0
5917bee95523b856_32,Yes,moderately_conservative,1
bef1b4187fc0873d_22,Yes,strongly_conservative,1
92ddf862234d2f2e_34,Yes,moderately_conservative,1
d9f50c2b7dfd7435_31,Yes,strongly_conservative,1
87740390a724e187_5,Yes,moderate,0
6be7e751612d279f_5,Yes,moderately_conservative,1
5917bee95523b856_13,Yes,moderate,0
bdc771b5654d3ec5_14,Yes,strongly_conservative,1
5917bee95523b856_6,Yes,moderate,0
2c451811c4558b7f_24,No,,
ab075707809b68dd_15,Yes,strongly_conservative,1
98e6352292023bda_105,Yes,strongly_conservative,1
ab075707809b68dd_0,No,,
ab075707809b68dd_73,Yes,strongly_conservative,1
becafb8da3371c01_45,Yes,moderate,0
f097c66b53621127_88,Yes,strongly_conservative,1
6d2ac06ab80f3870_87,Yes,strongly_conservative,1
2c451811c4558b7f_112,No,,
6d2ac06ab80f3870_74,No,,
257a26b613b32f5e_48,Yes,moderately_conservative,1
ab075707809b68dd_120,Yes,strongly_conservative,1
2c451811c4558b7f_5,Yes,strongly_conservative,1
d70a73f3ff874b64_10,Yes,strongly_conservative,1
06b474366e2c2417_56,Yes,strongly_conservative,1
6d2ac06ab80f3870_73,No,,
6d2ac06ab80f3870_16,Yes,strongly_conservative,1
6d2ac06ab80f3870_109,Yes,strongly_conservative,1
ab075707809b68dd_4,Yes,moderately_conservative,1
f097c66b53621127_51,Yes,moderately_conservative,1
8c7147660749aac5_70,Yes,slightly_conservative,1
98e6352292023bda_102,Yes,strongly_conservative,1
f097c66b53621127_47,Yes,strongly_conservative,1
f097c66b53621127_55,Yes,strongly_conservative,1
f097c66b53621127_70,Yes,moderate,0
2c451811c4558b7f_41,Yes,moderate,0
becafb8da3371c01_7,Yes,moderate,0
ab075707809b68dd_51,Yes,strongly_conservative,1
f097c66b53621127_67,Yes,moderate,0
06b474366e2c2417_2,No,,
6d2ac06ab80f3870_43,Yes,strongly_conservative,1
8c7147660749aac5_6,Yes,strongly_conservative,1
06b474366e2c2417_37,Yes,moderately_conservative,1
8c7147660749aac5_54,No,,
d70a73f3ff874b64_38,Yes,moderate,0
8c7147660749aac5_28,Yes,strongly_conservative,1
257a26b613b32f5e_31,Yes,moderate,0
98e6352292023bda_12,Yes,moderately_conservative,1
06b474366e2c2417_115,Yes,strongly_conservative,1
06b474366e2c2417_23,Yes,moderately_conservative,1
525d621e0ec08e58_7,Yes,strongly_conservative,1
6d2ac06ab80f3870_96,Yes,slightly_conservative,1
ab075707809b68dd_56,Yes,moderately_conservative,1
f097c66b53621127_99,Yes,moderate,0
6d2ac06ab80f3870_21,Yes,moderate,0
b91945e5d8540219_0,Yes,moderate,0
2c451811c4558b7f_108,Yes,moderate,0
06b474366e2c2417_102,Yes,strongly_conservative,1
f097c66b53621127_122,Yes,strongly_conservative,1
6d2ac06ab80f3870_98,Yes,moderately_conservative,1
f097c66b53621127_11,Yes,moderate,0
f097c66b53621127_25,Yes,slightly_conservative,1
d70a73f3ff874b64_50,Yes,moderate,0
ab075707809b68dd_64,Yes,strongly_conservative,1
d70a73f3ff874b64_4,Yes,strongly_conservative,1
6d2ac06ab80f3870_4,Yes,moderate,0
d70a73f3ff874b64_11,Yes,moderately_conservative,1
98e6352292023bda_6,Yes,strongly_conservative,1
becafb8da3371c01_19,No,,
f097c66b53621127_96,No,,
d70a73f3ff874b64_83,No,,
d70a73f3ff874b64_49,Yes,moderate,0
ab075707809b68dd_55,Yes,moderately_conservative,1
257a26b613b32f5e_80,Yes,moderate,0
f097c66b53621127_118,No,,
06b474366e2c2417_99,Yes,strongly_conservative,1
2c451811c4558b7f_60,Yes,strongly_conservative,1
ab075707809b68dd_76,Yes,moderate,0
f097c66b53621127_8,Yes,strongly_conservative,1
2c451811c4558b7f_81,Yes,moderately_conservative,1
becafb8da3371c01_60,Yes,strongly_conservative,1
2c451811c4558b7f_26,Yes,moderate,0
becafb8da3371c01_25,Yes,moderately_conservative,1
d70a73f3ff874b64_41,Yes,strongly_liberal,-1
f097c66b53621127_59,Yes,moderately_conservative,1
6d2ac06ab80f3870_92,Yes,moderate,0
257a26b613b32f5e_7,Yes,moderate,0
98e6352292023bda_82,Yes,strongly_conservative,1
d70a73f3ff874b64_40,Yes,moderate,0
06b474366e2c2417_4,Yes,moderately_conservative,1
ab075707809b68dd_50,Yes,strongly_conservative,1
06b474366e2c2417_58,Yes,moderately_conservative,1
ab075707809b68dd_53,Yes,strongly_conservative,1
ab075707809b68dd_90,Yes,strongly_conservative,1
2c451811c4558b7f_55,No,,
2c451811c4558b7f_91,Yes,strongly_conservative,1
98e6352292023bda_33,Yes,moderate,0
06b474366e2c2417_74,No,,
8c7147660749aac5_58,Yes,moderate,0
d70a73f3ff874b64_74,Yes,moderately_conservative,1
06b474366e2c2417_109,Yes,strongly_conservative,1
f097c66b53621127_46,Yes,moderately_conservative,1
98e6352292023bda_62,Yes,moderately_conservative,1
98e6352292023bda_34,Yes,moderate,0
ab075707809b68dd_23,Yes,strongly_conservative,1
6d2ac06ab80f3870_12,Yes,strongly_conservative,1
98e6352292023bda_45,Yes,moderate,0
8c7147660749aac5_106,Yes,strongly_conservative,1
2c451811c4558b7f_110,Yes,strongly_conservative,1
06b474366e2c2417_11,Yes,moderate,0
1034a073aa61c6d1_22,No,,
4ff216becf24ec33_16,No,,
b032a508fbd7b9c6_3,No,,
4be9f9c153f1dc23_82,No,,
d77acba2b5a91ee4_32,No,,
4ff216becf24ec33_47,Yes,moderate,0
ca102841de34e6af_10,Yes,moderately_conservative,1
06dec2c15fe3262e_31,Yes,moderately_conservative,1
3952f54ab278cbd9_3,No,,
4be9f9c153f1dc23_63,Yes,moderate,0
de8e8322b8653109_24,Yes,moderate,0
4be9f9c153f1dc23_66,Yes,moderate,0
77aea83892170aa0_39,Yes,moderately_conservative,1
de8e8322b8653109_45,Yes,moderate,0
b032a508fbd7b9c6_4,No,,
3952f54ab278cbd9_8,No,,
3952f54ab278cbd9_29,Yes,moderately_conservative,1
4ff216becf24ec33_9,Yes,moderate,0
06dec2c15fe3262e_26,Yes,moderate,0
1034a073aa61c6d1_0,Yes,moderate,0
06dec2c15fe3262e_49,Yes,moderate,0
332334422262b1fa_73,No,,
3952f54ab278cbd9_10,No,,
de8e8322b8653109_20,Yes,moderate,0
4be9f9c153f1dc23_97,Yes,moderate,0
b032a508fbd7b9c6_47,Yes,moderate,0
3952f54ab278cbd9_26,Yes,moderately_conservative,1
06dec2c15fe3262e_6,Yes,moderate,0
4ff216becf24ec33_26,Yes,moderate,0
4ff216becf24ec33_10,Yes,moderate,0
77360908ac814f51_24,Yes,moderate,0
3952f54ab278cbd9_49,Yes,strongly_conservative,1
4be9f9c153f1dc23_6,No,,
332334422262b1fa_45,Yes,moderate,0
b032a508fbd7b9c6_2,No,,
d77acba2b5a91ee4_42,No,,
1034a073aa61c6d1_34,No,,
1034a073aa61c6d1_49,Yes,moderate,0
d77acba2b5a91ee4_44,Yes,moderate,0
b032a508fbd7b9c6_43,Yes,moderate,0
332334422262b1fa_2,Yes,moderate,0
4ff216becf24ec33_2,Yes,moderate,0
332334422262b1fa_23,Yes,moderate,0
3952f54ab278cbd9_35,Yes,moderately_liberal,-1
332334422262b1fa_11,Yes,moderately_conservative,1
4be9f9c153f1dc23_27,Yes,moderate,0
de8e8322b8653109_54,Yes,moderate,0
4be9f9c153f1dc23_23,No,,
4ff216becf24ec33_82,No,,
332334422262b1fa_55,Yes,moderate,0
de8e8322b8653109_22,Yes,moderate,0
3952f54ab278cbd9_23,No,,
d77acba2b5a91ee4_0,Yes,moderate,0
d77acba2b5a91ee4_58,Yes,moderate,0
77aea83892170aa0_43,No,,
4be9f9c153f1dc23_81,Yes,moderate,0
4be9f9c153f1dc23_1,Yes,moderate,0
de8e8322b8653109_44,Yes,moderate,0
1034a073aa61c6d1_19,No,,
77aea83892170aa0_63,Yes,moderate,0
4be9f9c153f1dc23_0,Yes,moderately_liberal,-1
4ff216becf24ec33_69,Yes,moderate,0
77aea83892170aa0_67,Yes,moderate,0
4be9f9c153f1dc23_39,No,,
332334422262b1fa_56,Yes,moderate,0
de8e8322b8653109_46,Yes,moderately_conservative,1
4be9f9c153f1dc23_78,Yes,moderate,0
4ff216becf24ec33_70,Yes,moderately_conservative,1
4be9f9c153f1dc23_5,No,,
4ff216becf24ec33_56,Yes,moderate,0
d77acba2b5a91ee4_28,Yes,moderate,0
d77acba2b5a91ee4_21,No,,
d77acba2b5a91ee4_19,No,,
4be9f9c153f1dc23_61,Yes,moderate,0
de8e8322b8653109_39,Yes,moderate,0
332334422262b1fa_79,No,,
d77acba2b5a91ee4_47,Yes,strongly_conservative,1
06dec2c15fe3262e_39,Yes,moderate,0
332334422262b1fa_51,Yes,moderate,0
b032a508fbd7b9c6_31,No,,
d77acba2b5a91ee4_15,No,,
b032a508fbd7b9c6_20,Yes,moderate,0
1034a073aa61c6d1_4,No,,
06dec2c15fe3262e_24,No,,
d77acba2b5a91ee4_7,Yes,moderate,0
332334422262b1fa_54,No,,
b032a508fbd7b9c6_12,No,,
ca102841de34e6af_34,No,,
d77acba2b5a91ee4_63,Yes,moderate,0
77aea83892170aa0_24,Yes,moderate,0
3952f54ab278cbd9_42,Yes,moderate,0
4ff216becf24ec33_51,Yes,moderate,0
4be9f9c153f1dc23_90,Yes,moderate,0
4be9f9c153f1dc23_84,No,,
ca102841de34e6af_17,Yes,moderate,0
d77acba2b5a91ee4_3,No,,
77360908ac814f51_8,No,,
1034a073aa61c6d1_53,Yes,moderate,0
ca102841de34e6af_26,Yes,slightly_liberal,-1
d77acba2b5a91ee4_26,Yes,moderate,0
6e86c6b4e5809b33_28,No,,
6e86c6b4e5809b33_17,Yes,moderate,0
b9add463614cef76_23,Yes,moderate,0
8fd4ec8afb5b49e0_5,Yes,moderate,0
b9add463614cef76_33,Yes,moderate,0
b9add463614cef76_25,Yes,moderate,0
a1e93c8df0f2da7e_22,Yes,moderate,0
b9add463614cef76_26,No,,
34f185a66846ecc0_33,Yes,moderately_conservative,1
a1e93c8df0f2da7e_20,Yes,moderate,0
34f185a66846ecc0_1,Yes,moderate,0
2f101ae9e57dd078_4,Yes,moderate,0
320bfb73a1fa3927_13,Yes,moderate,0
a1e93c8df0f2da7e_15,No,,
6e86c6b4e5809b33_29,Yes,strongly_conservative,1
2f101ae9e57dd078_14,Yes,moderate,0
2f101ae9e57dd078_9,Yes,moderate,0
6e86c6b4e5809b33_2,Yes,moderate,0
a1e93c8df0f2da7e_1,Yes,moderate,0
34f185a66846ecc0_12,Yes,moderately_conservative,1
b9add463614cef76_2,Yes,moderate,0
a228085f29f99f57_28,No,,
6e86c6b4e5809b33_22,Yes,moderate,0
a1e93c8df0f2da7e_42,No,,
6e86c6b4e5809b33_15,Yes,moderate,0
34f185a66846ecc0_41,Yes,moderate,0
6e86c6b4e5809b33_11,Yes,moderate,0
c99b024c5a89a88d_14,Yes,moderate,0
a1e93c8df0f2da7e_51,Yes,moderate,0
34f185a66846ecc0_15,Yes,moderate,0
dbbd5b59325be9b3_9,Yes,moderate,0
34f185a66846ecc0_30,Yes,moderately_conservative,1
b9add463614cef76_31,Yes,moderate,0
6e86c6b4e5809b33_8,Yes,moderate,0
b9add463614cef76_4,Yes,moderate,0
bf0f0ce73b8456c4_7,Yes,moderate,0
34f185a66846ecc0_71,Yes,moderate,0
8fd4ec8afb5b49e0_10,Yes,moderate,0
a228085f29f99f57_1,Yes,moderate,0
8fd4ec8afb5b49e0_12,No,,
a1e93c8df0f2da7e_18,Yes,moderate,0
a1e93c8df0f2da7e_56,Yes,moderate,0
a1e93c8df0f2da7e_14,No,,
bf0f0ce73b8456c4_2,Yes,moderate,0
6e86c6b4e5809b33_19,Yes,moderate,0
34f185a66846ecc0_31,Yes,slightly_liberal,-1
b9add463614cef76_15,Yes,moderate,0
bf0f0ce73b8456c4_9,Yes,moderate,0
b9add463614cef76_1,Yes,moderate,0
c99b024c5a89a88d_26,Yes,strongly_conservative,1
dbbd5b59325be9b3_25,Yes,strongly_liberal,-1
b9add463614cef76_30,Yes,moderate,0
34f185a66846ecc0_37,Yes,moderate,0
b9add463614cef76_0,Yes,moderate,0
34f185a66846ecc0_40,Yes,moderate,0
dbbd5b59325be9b3_35,Yes,moderate,0
ba35e92e1567c3bb_28,Yes,moderate,0
a1e93c8df0f2da7e_11,Yes,moderate,0
a1e93c8df0f2da7e_44,Yes,moderate,0
6e86c6b4e5809b33_21,Yes,moderate,0
8fd4ec8afb5b49e0_13,Yes,moderate,0
34f185a66846ecc0_34,Yes,moderate,0
ba35e92e1567c3bb_6,Yes,moderate,0
a1e93c8df0f2da7e_35,Yes,moderate,0
dbbd5b59325be9b3_22,Yes,strongly_conservative,1
34f185a66846ecc0_69,Yes,moderate,0
c99b024c5a89a88d_27,Yes,moderate,0
a1e93c8df0f2da7e_59,Yes,moderate,0
dbbd5b59325be9b3_21,Yes,moderately_conservative,1
b9add463614cef76_7,Yes,moderate,0
a1e93c8df0f2da7e_40,Yes,moderate,0
ba35e92e1567c3bb_16,Yes,moderate,0
dbbd5b59325be9b3_8,Yes,slightly_liberal,-1
c99b024c5a89a88d_22,No,,
ba35e92e1567c3bb_5,No,,
320bfb73a1fa3927_15,Yes,moderate,0
dbbd5b59325be9b3_4,Yes,moderate,0
a1e93c8df0f2da7e_49,Yes,moderate,0
2f101ae9e57dd078_17,Yes,moderate,0
ba35e92e1567c3bb_25,No,,
ba35e92e1567c3bb_11,No,,
34f185a66846ecc0_59,Yes,moderate,0
b9add463614cef76_14,Yes,moderate,0
34f185a66846ecc0_65,Yes,moderate,0
6e86c6b4e5809b33_14,Yes,moderate,0
320bfb73a1fa3927_19,Yes,moderate,0
34f185a66846ecc0_11,Yes,moderate,0
b9add463614cef76_11,Yes,moderate,0
2f101ae9e57dd078_2,Yes,moderate,0
dbbd5b59325be9b3_18,Yes,strongly_conservative,1
a1e93c8df0f2da7e_32,No,,
2f101ae9e57dd078_7,Yes,moderate,0
320bfb73a1fa3927_10,Yes,moderate,0
a1e93c8df0f2da7e_21,Yes,moderate,0
a1e93c8df0f2da7e_17,Yes,moderate,0
34f185a66846ecc0_56,Yes,moderate,0
c99b024c5a89a88d_15,Yes,moderate,0
8fd4ec8afb5b49e0_17,Yes,moderate,0
34f185a66846ecc0_32,Yes,moderately_conservative,1
a228085f29f99f57_23,Yes,moderate,0
9122dbb707e56877_14,Yes,slightly_liberal,-1
5e1071da916df69d_17,Yes,moderate,0
a5d7224bb75ddfdd_11,Yes,strongly_liberal,-1
dfd1735251a47ac4_2,Yes,strongly_conservative,1
4d06f9b1dcff4f31_11,Yes,strongly_liberal,-1
4d06f9b1dcff4f31_4,Yes,moderate,0
5e1071da916df69d_10,Yes,moderate,0
9122dbb707e56877_21,Yes,strongly_liberal,-1
87d4dd81ea1a74de_37,Yes,moderate,0
4d06f9b1dcff4f31_22,Yes,strongly_liberal,-1
9122dbb707e56877_23,Yes,strongly_liberal,-1
87d4dd81ea1a74de_4,Yes,strongly_liberal,-1
dfd1735251a47ac4_24,Yes,slightly_liberal,-1
6649eb6d74ded58b_22,Yes,slightly_conservative,1
5e1071da916df69d_28,Yes,moderate,0
d3b990abb1b88ea9_31,Yes,moderate,0
c0baa11c1f4ee513_27,Yes,moderate,0
0e41b92edb834abd_33,Yes,slightly_liberal,-1
4d06f9b1dcff4f31_32,Yes,moderate,0
c982210c50b8d9d1_26,Yes,moderate,0
c0baa11c1f4ee513_2,Yes,moderate,0
4d06f9b1dcff4f31_31,Yes,slightly_liberal,-1
9122dbb707e56877_13,Yes,moderate,0
d3b990abb1b88ea9_15,Yes,strongly_liberal,-1
c982210c50b8d9d1_2,Yes,moderate,0
6649eb6d74ded58b_20,Yes,moderate,0
dfd1735251a47ac4_29,Yes,moderate,0
4d06f9b1dcff4f31_40,Yes,slightly_liberal,-1
dfd1735251a47ac4_32,Yes,moderate,0
dfd1735251a47ac4_39,Yes,moderate,0
dfd1735251a47ac4_30,Yes,moderate,0
c0baa11c1f4ee513_25,Yes,moderate,0
dfd1735251a47ac4_16,Yes,slightly_liberal,-1
c0baa11c1f4ee513_5,Yes,moderate,0
d3b990abb1b88ea9_0,Yes,slightly_liberal,-1
c982210c50b8d9d1_27,Yes,moderate,0
9122dbb707e56877_26,Yes,moderate,0
5e1071da916df69d_13,Yes,moderate,0
87d4dd81ea1a74de_9,Yes,strongly_liberal,-1
5e1071da916df69d_29,Yes,moderate,0
a5d7224bb75ddfdd_33,Yes,moderate,0
f81faf5c2b6ad58b_1,Yes,moderate,0
0e41b92edb834abd_6,Yes,moderate,0
d3b990abb1b88ea9_39,Yes,moderate,0
0e41b92edb834abd_31,Yes,moderately_conservative,1
dfd1735251a47ac4_5,Yes,moderately_conservative,1
4d06f9b1dcff4f31_41,Yes,moderate,0
c0baa11c1f4ee513_3,Yes,slightly_liberal,-1
f81faf5c2b6ad58b_31,Yes,slightly_liberal,-1
d3b990abb1b88ea9_7,Yes,moderate,0
a5d7224bb75ddfdd_13,Yes,slightly_liberal,-1
a5d7224bb75ddfdd_1,Yes,moderately_liberal,-1
87d4dd81ea1a74de_36,Yes,strongly_liberal,-1
6649eb6d74ded58b_28,Yes,strongly_liberal,-1
4d06f9b1dcff4f31_0,Yes,moderate,0
0e41b92edb834abd_4,Yes,moderate,0
c0baa11c1f4ee513_12,Yes,moderate,0
a5d7224bb75ddfdd_31,Yes,slightly_liberal,-1
f81faf5c2b6ad58b_5,Yes,moderate,0
87d4dd81ea1a74de_7,Yes,strongly_liberal,-1
c0baa11c1f4ee513_18,Yes,moderate,0
4d06f9b1dcff4f31_25,Yes,moderate,0
f81faf5c2b6ad58b_28,Yes,slightly_conservative,1
dfd1735251a47ac4_21,Yes,moderate,0
87d4dd81ea1a74de_31,Yes,moderate,0
6649eb6d74ded58b_13,Yes,strongly_liberal,-1
f81faf5c2b6ad58b_7,Yes,moderate,0
6649eb6d74ded58b_35,No,,
0e41b92edb834abd_35,No,,
d3b990abb1b88ea9_5,Yes,moderate,0
a5d7224bb75ddfdd_5,Yes,strongly_liberal,-1
f81faf5c2b6ad58b_26,Yes,slightly_liberal,-1
9122dbb707e56877_29,Yes,moderate,0
d3b990abb1b88ea9_22,Yes,strongly_liberal,-1
f81faf5c2b6ad58b_13,Yes,moderate,0
dfd1735251a47ac4_12,Yes,slightly_liberal,-1
dfd1735251a47ac4_10,Yes,slightly_conservative,1
d3b990abb1b88ea9_34,Yes,slightly_liberal,-1
87d4dd81ea1a74de_8,Yes,strongly_liberal,-1
dfd1735251a47ac4_23,Yes,moderate,0
4d06f9b1dcff4f31_35,Yes,moderate,0
4d06f9b1dcff4f31_10,Yes,slightly_liberal,-1
c0baa11c1f4ee513_34,Yes,strongly_liberal,-1
0e41b92edb834abd_14,Yes,moderate,0
5e1071da916df69d_24,Yes,moderate,0
a5d7224bb75ddfdd_30,Yes,moderate,0
6649eb6d74ded58b_5,Yes,strongly_liberal,-1
c982210c50b8d9d1_25,Yes,moderate,0
f81faf5c2b6ad58b_16,Yes,moderate,0
a5d7224bb75ddfdd_10,Yes,moderate,0
d3b990abb1b88ea9_33,Yes,moderate,0
4d06f9b1dcff4f31_17,Yes,slightly_liberal,-1
c982210c50b8d9d1_24,Yes,moderate,0
4d06f9b1dcff4f31_23,Yes,strongly_liberal,-1
d3b990abb1b88ea9_17,Yes,moderate,0
5e1071da916df69d_20,Yes,moderate,0
a5d7224bb75ddfdd_18,Yes,moderate,0
dfd1735251a47ac4_9,Yes,moderate,0
c982210c50b8d9d1_23,Yes,moderate,0
dfd1735251a47ac4_15,Yes,moderately_liberal,-1
5a9538695515ebbe_65,Yes,strongly_liberal,-1
f51a3c2b6f73c704_31,No,,
ec3de325259c0287_25,Yes,moderate,0
4bb844b6d3918942_6,Yes,slightly_liberal,-1
f51a3c2b6f73c704_5,Yes,moderate,0
000868c56e810d5e_41,Yes,moderate,0
5a9538695515ebbe_22,Yes,strongly_conservative,1
ec3de325259c0287_49,Yes,moderate,0
4bb844b6d3918942_28,No,,
9ce43a47fd1485bb_4,Yes,strongly_liberal,-1
f51a3c2b6f73c704_47,Yes,moderate,0
f51a3c2b6f73c704_33,No,,
f51a3c2b6f73c704_6,Yes,moderate,0
069aefc0289feb24_6,Yes,moderate,0
e4c83451e1832115_35,No,,
9ce43a47fd1485bb_46,Yes,strongly_liberal,-1
9ce43a47fd1485bb_40,Yes,strongly_conservative,1
e4c83451e1832115_42,Yes,strongly_liberal,-1
f51a3c2b6f73c704_66,Yes,moderate,0
f51a3c2b6f73c704_23,Yes,slightly_liberal,-1
4fc10d6a89d869c3_44,No,,
ec3de325259c0287_58,Yes,moderate,0
f51a3c2b6f73c704_38,Yes,moderate,0
f51a3c2b6f73c704_82,Yes,moderate,0
5a9538695515ebbe_50,Yes,moderately_conservative,1
5a9538695515ebbe_18,No,,
cd2e1749bca319f4_2,Yes,slightly_liberal,-1
000868c56e810d5e_78,Yes,moderate,0
000868c56e810d5e_63,No,,
e4c83451e1832115_0,Yes,moderate,0
5a9538695515ebbe_84,Yes,moderate,0
f51a3c2b6f73c704_43,Yes,moderate,0
e4c83451e1832115_39,Yes,moderately_conservative,1
e82c8fac5fabaa1f_11,No,,
5a9538695515ebbe_12,Yes,moderate,0
f51a3c2b6f73c704_36,Yes,moderate,0
4bb844b6d3918942_55,Yes,moderate,0
000868c56e810d5e_92,No,,
5a9538695515ebbe_3,Yes,moderate,0
ec3de325259c0287_63,Yes,moderate,0
e82c8fac5fabaa1f_23,No,,
5a9538695515ebbe_6,Yes,moderate,0
4fc10d6a89d869c3_29,Yes,moderate,0
5a9538695515ebbe_103,Yes,moderately_conservative,1
4fc10d6a89d869c3_9,No,,
000868c56e810d5e_13,No,,
5a9538695515ebbe_101,Yes,moderate,0
e4c83451e1832115_17,Yes,slightly_liberal,-1
f51a3c2b6f73c704_45,Yes,moderate,0
4bb844b6d3918942_26,Yes,moderate,0
5a9538695515ebbe_36,Yes,moderately_conservative,1
e4c83451e1832115_68,Yes,moderate,0
e4c83451e1832115_8,Yes,moderate,0
f51a3c2b6f73c704_49,Yes,slightly_conservative,1
e82c8fac5fabaa1f_18,No,,
e4c83451e1832115_63,Yes,moderately_conservative,1
ec3de325259c0287_59,Yes,strongly_liberal,-1
e82c8fac5fabaa1f_14,No,,
f51a3c2b6f73c704_61,Yes,moderate,0
5a9538695515ebbe_38,Yes,moderately_conservative,1
e4c83451e1832115_13,Yes,slightly_conservative,1
e4c83451e1832115_2,No,,
e4c83451e1832115_64,Yes,moderately_conservative,1
069aefc0289feb24_0,No,,
069aefc0289feb24_5,Yes,moderate,0
f51a3c2b6f73c704_97,Yes,moderately_conservative,1
ec3de325259c0287_48,Yes,moderate,0
56969bc3f5161c7a_11,No,,
f51a3c2b6f73c704_95,No,,
5a9538695515ebbe_87,Yes,strongly_conservative,1
f51a3c2b6f73c704_110,Yes,moderate,0
9ce43a47fd1485bb_3,Yes,slightly_conservative,1
000868c56e810d5e_14,No,,
000868c56e810d5e_15,Yes,moderate,0
e4c83451e1832115_28,Yes,moderate,0
56969bc3f5161c7a_16,No,,
000868c56e810d5e_10,Yes,moderate,0
5a9538695515ebbe_40,Yes,moderate,0
f51a3c2b6f73c704_7,Yes,moderate,0
f51a3c2b6f73c704_86,No,,
ec3de325259c0287_27,No,,
4bb844b6d3918942_16,Yes,strongly_liberal,-1
e4c83451e1832115_47,Yes,slightly_liberal,-1
f51a3c2b6f73c704_19,No,,
e82c8fac5fabaa1f_3,No,,
f51a3c2b6f73c704_62,Yes,moderate,0
f51a3c2b6f73c704_1,Yes,moderate,0
e4c83451e1832115_33,Yes,moderately_conservative,1
e4c83451e1832115_61,Yes,slightly_liberal,-1
5a9538695515ebbe_97,Yes,moderate,0
e4c83451e1832115_48,Yes,strongly_liberal,-1
ec3de325259c0287_11,Yes,moderate,0
5a9538695515ebbe_13,Yes,moderate,0
e4c83451e1832115_56,Yes,slightly_liberal,-1
cd2e1749bca319f4_22,Yes,moderate,0
9ce43a47fd1485bb_9,Yes,moderate,0
e4c83451e1832115_40,Yes,slightly_liberal,-1
e4c83451e1832115_37,No,,
489fa6972f1389df_116,No,,
000868c56e810d5e_56,Yes,slightly_liberal,-1
1ff696830a3d8589_32,No,,
4ae091d4bea02434_103,No,,
e4c83451e1832115_55,Yes,strongly_liberal,-1
5e8f9299d2182a8c_41,Yes,moderately_conservative,1
d63ec66f610e541f_104,Yes,moderately_conservative,1
d63ec66f610e541f_192,Yes,moderate,0
7331dc1f38ac1b76_17,No,,
88409765f4df0e7f_139,No,,
88409765f4df0e7f_12,No,,
4ae091d4bea02434_65,No,,
f97dde0383282cef_70,No,,
7331dc1f38ac1b76_4,No,,
021af6ce12293116_121,No,,
dace1922db219530_26,No,,
489fa6972f1389df_111,No,,
5e8f9299d2182a8c_30,Yes,slightly_conservative,1
021af6ce12293116_185,No,,
7331dc1f38ac1b76_20,No,,
7331dc1f38ac1b76_28,Yes,slightly_liberal,-1
08c93e5f9998740c_1,Yes,moderate,0
489fa6972f1389df_137,No,,
5e8f9299d2182a8c_26,Yes,moderate,0
d63ec66f610e541f_171,Yes,moderate,0
c4dd5684128909c7_96,No,,
1ff696830a3d8589_98,No,,
88409765f4df0e7f_112,No,,
d63ec66f610e541f_121,Yes,strongly_conservative,1
dace1922db219530_129,No,,
021af6ce12293116_106,Yes,moderate,0
d63ec66f610e541f_18,Yes,moderate,0
7331dc1f38ac1b76_104,No,,
c4dd5684128909c7_3,No,,
dace1922db219530_139,No,,
489fa6972f1389df_9,No,,
88409765f4df0e7f_32,No,,
88409765f4df0e7f_106,No,,
d63ec66f610e541f_123,Yes,strongly_conservative,1
dace1922db219530_63,No,,
f97dde0383282cef_52,No,,
4ae091d4bea02434_33,No,,
4ae091d4bea02434_98,No,,
88409765f4df0e7f_134,No,,
88409765f4df0e7f_138,No,,
08c93e5f9998740c_21,Yes,moderate,0
489fa6972f1389df_33,Yes,slightly_conservative,1
021af6ce12293116_146,No,,
c4dd5684128909c7_75,No,,
d63ec66f610e541f_101,No,,
4ae091d4bea02434_83,No,,
021af6ce12293116_55,No,,
f97dde0383282cef_47,No,,
f97dde0383282cef_31,No,,
d63ec66f610e541f_61,No,,
88409765f4df0e7f_74,No,,
88409765f4df0e7f_58,No,,
1ff696830a3d8589_56,No,,
c4dd5684128909c7_4,No,,
021af6ce12293116_46,Yes,moderately_conservative,1
021af6ce12293116_109,No,,
489fa6972f1389df_26,Yes,slightly_conservative,1
489fa6972f1389df_2,No,,
489fa6972f1389df_92,No,,
489fa6972f1389df_62,Yes,slightly_conservative,1
c4dd5684128909c7_132,No,,
d63ec66f610e541f_32,Yes,slightly_liberal,-1
489fa6972f1389df_42,No,,
5e8f9299d2182a8c_36,Yes,moderately_conservative,1
f97dde0383282cef_19,No,,
88409765f4df0e7f_16,No,,
d63ec66f610e541f_46,No,,
d63ec66f610e541f_116,No,,
1ff696830a3d8589_9,No,,
f97dde0383282cef_17,No,,
d63ec66f610e541f_83,No,,
f97dde0383282cef_61,No,,
489fa6972f1389df_71,Yes,slightly_conservative,1
88409765f4df0e7f_119,Yes,strongly_conservative,1
88409765f4df0e7f_141,No,,
5e8f9299d2182a8c_105,Yes,strongly_conservative,1
5e8f9299d2182a8c_63,Yes,moderate,0
4ae091d4bea02434_96,No,,
dace1922db219530_45,No,,
88409765f4df0e7f_22,No,,
dace1922db219530_111,Yes,moderate,0
d63ec66f610e541f_87,No,,
021af6ce12293116_116,Yes,moderate,0
08c93e5f9998740c_5,Yes,moderately_conservative,1
d63ec66f610e541f_59,No,,
c4dd5684128909c7_112,No,,
489fa6972f1389df_156,Yes,moderate,0
1ff696830a3d8589_94,No,,
d63ec66f610e541f_134,Yes,slightly_liberal,-1
1ff696830a3d8589_41,No,,
d63ec66f610e541f_28,Yes,moderately_conservative,1
d63ec66f610e541f_181,Yes,moderate,0
d63ec66f610e541f_157,No,,
dace1922db219530_117,Yes,moderately_conservative,1
88409765f4df0e7f_29,No,,
5e8f9299d2182a8c_19,No,,
021af6ce12293116_98,No,,
0f6e5731b8d400bf_70,No,,
1350acd705dd11be_0,No,,
c9089f9fdd6dca2a_17,Yes,strongly_liberal,-1
b13910f4762dbc0e_73,Yes,moderate,0
d2ae14d260bd8a14_10,Yes,moderate,0
e32e77cc38e34842_18,Yes,slightly_conservative,1
d2ae14d260bd8a14_8,Yes,moderately_liberal,-1
b13910f4762dbc0e_60,Yes,slightly_liberal,-1
2f7b8c6cd3c903e7_53,Yes,slightly_liberal,-1
8a46d76d4ae74801_27,Yes,strongly_liberal,-1
3dc042fa0754c02d_20,Yes,strongly_liberal,-1
1350acd705dd11be_12,Yes,moderately_liberal,-1
dfd482ad98bcec6e_0,Yes,moderate,0
e32e77cc38e34842_19,Yes,moderate,0
0f6e5731b8d400bf_13,Yes,slightly_liberal,-1
0f6e5731b8d400bf_53,Yes,moderate,0
b13910f4762dbc0e_44,Yes,moderately_liberal,-1
f24e46baadfb0155_3,Yes,slightly_liberal,-1
f24e46baadfb0155_43,Yes,slightly_liberal,-1
8a46d76d4ae74801_0,Yes,slightly_liberal,-1
e32e77cc38e34842_34,Yes,slightly_liberal,-1
0f6e5731b8d400bf_37,Yes,slightly_liberal,-1
0f6e5731b8d400bf_65,Yes,strongly_liberal,-1
2f7b8c6cd3c903e7_63,Yes,moderate,0
3dc042fa0754c02d_26,No,,
f24e46baadfb0155_33,No,,
8a46d76d4ae74801_25,Yes,moderate,0
c0d2cae59f27e462_39,Yes,moderately_liberal,-1
1350acd705dd11be_32,Yes,slightly_liberal,-1
dfd482ad98bcec6e_5,Yes,moderate,0
e32e77cc38e34842_4,Yes,moderate,0
c9089f9fdd6dca2a_25,Yes,strongly_liberal,-1
3dc042fa0754c02d_35,Yes,moderate,0
8a46d76d4ae74801_8,Yes,strongly_conservative,1
e32e77cc38e34842_31,Yes,moderate,0
f24e46baadfb0155_30,No,,
8a46d76d4ae74801_2,No,,
b13910f4762dbc0e_19,Yes,moderate,0
f24e46baadfb0155_22,Yes,slightly_liberal,-1
d2ae14d260bd8a14_15,No,,
c9089f9fdd6dca2a_12,Yes,moderately_conservative,1
8a46d76d4ae74801_52,Yes,moderate,0
f24e46baadfb0155_81,Yes,moderate,0
1350acd705dd11be_36,Yes,moderate,0
8a46d76d4ae74801_32,No,,
2f7b8c6cd3c903e7_1,No,,
b13910f4762dbc0e_22,Yes,slightly_conservative,1
f24e46baadfb0155_6,Yes,moderate,0
e32e77cc38e34842_66,No,,
b13910f4762dbc0e_25,Yes,moderate,0
e32e77cc38e34842_45,Yes,strongly_liberal,-1
b13910f4762dbc0e_7,No,,
1350acd705dd11be_10,Yes,strongly_liberal,-1
b13910f4762dbc0e_95,No,,
3dc042fa0754c02d_47,No,,
3dc042fa0754c02d_39,Yes,moderate,0
8a46d76d4ae74801_19,Yes,strongly_liberal,-1
c9089f9fdd6dca2a_64,Yes,moderately_liberal,-1
e32e77cc38e34842_62,Yes,slightly_liberal,-1
dfd482ad98bcec6e_55,Yes,moderate,0
f24e46baadfb0155_73,Yes,strongly_liberal,-1
b13910f4762dbc0e_71,Yes,moderate,0
8a46d76d4ae74801_47,Yes,moderate,0
e32e77cc38e34842_32,Yes,moderate,0
b13910f4762dbc0e_43,Yes,moderate,0
2f7b8c6cd3c903e7_34,Yes,strongly_liberal,-1
b13910f4762dbc0e_89,Yes,moderately_liberal,-1
e32e77cc38e34842_2,Yes,moderate,0
b13910f4762dbc0e_79,Yes,slightly_liberal,-1
d2ae14d260bd8a14_11,No,,
dfd482ad98bcec6e_27,No,,
8a46d76d4ae74801_50,Yes,strongly_liberal,-1
e32e77cc38e34842_12,Yes,moderate,0
c9089f9fdd6dca2a_55,Yes,strongly_liberal,-1
f24e46baadfb0155_25,Yes,moderately_liberal,-1
c9089f9fdd6dca2a_14,Yes,strongly_liberal,-1
d2ae14d260bd8a14_16,No,,
b13910f4762dbc0e_5,No,,
d2ae14d260bd8a14_12,Yes,moderate,0
dfd482ad98bcec6e_9,Yes,slightly_liberal,-1
dfd482ad98bcec6e_47,Yes,strongly_liberal,-1
f24e46baadfb0155_9,Yes,moderate,0
c0d2cae59f27e462_7,Yes,strongly_liberal,-1
f24e46baadfb0155_62,Yes,slightly_liberal,-1
c9089f9fdd6dca2a_68,Yes,strongly_liberal,-1
1350acd705dd11be_8,Yes,strongly_liberal,-1
f24e46baadfb0155_80,Yes,moderate,0
b13910f4762dbc0e_40,Yes,slightly_liberal,-1
2f7b8c6cd3c903e7_69,Yes,moderately_liberal,-1
c0d2cae59f27e462_6,Yes,strongly_liberal,-1
c9089f9fdd6dca2a_51,Yes,strongly_liberal,-1
d2ae14d260bd8a14_33,No,,
f24e46baadfb0155_21,Yes,moderate,0
b13910f4762dbc0e_91,Yes,moderately_liberal,-1
8a46d76d4ae74801_46,Yes,strongly_liberal,-1
3dc042fa0754c02d_17,No,,
b13910f4762dbc0e_1,No,,
8a46d76d4ae74801_42,Yes,moderately_liberal,-1
d2ae14d260bd8a14_14,Yes,moderate,0
f24e46baadfb0155_39,Yes,moderately_liberal,-1
c08c8748ea5245e3_152,Yes,moderate,0
9d072f3b93580e31_14,Yes,strongly_conservative,1
9d072f3b93580e31_40,Yes,moderately_conservative,1
4c8eecd2c67bf8bb_54,Yes,strongly_conservative,1
c592c5f0bdceefa8_38,Yes,moderately_conservative,1
a4ac0bee761cffbd_42,Yes,moderately_conservative,1
4c8eecd2c67bf8bb_100,Yes,moderate,0
ca83893c508ba854_17,No,,
7bb54ed21de4a73b_183,Yes,moderate,0
9d072f3b93580e31_25,No,,
072612949c493ee6_31,Yes,strongly_conservative,1
473e84980300e9c2_111,Yes,moderate,0
82095c6decc6fd18_21,Yes,moderately_conservative,1
072612949c493ee6_46,Yes,strongly_conservative,1
c08c8748ea5245e3_28,Yes,moderately_conservative,1
a2b0c5bbd8499cd3_77,Yes,moderate,0
473e84980300e9c2_14,No,,
072612949c493ee6_16,Yes,strongly_conservative,1
a2b0c5bbd8499cd3_38,Yes,strongly_conservative,1
c08c8748ea5245e3_109,Yes,moderate,0
7bb54ed21de4a73b_30,Yes,moderately_conservative,1
7bb54ed21de4a73b_71,No,,
82095c6decc6fd18_85,Yes,moderately_conservative,1
82095c6decc6fd18_46,Yes,strongly_conservative,1
473e84980300e9c2_86,Yes,moderately_conservative,1
ca83893c508ba854_1,Yes,strongly_conservative,1
f18337865dcd7ecd_18,Yes,strongly_conservative,1
7bb54ed21de4a73b_152,Yes,moderately_liberal,-1
c592c5f0bdceefa8_97,No,,
ca83893c508ba854_75,Yes,moderate,0
072612949c493ee6_94,Yes,strongly_conservative,1
82095c6decc6fd18_76,Yes,strongly_conservative,1
ca83893c508ba854_146,No,,
ca83893c508ba854_91,No,,
f18337865dcd7ecd_98,Yes,moderately_conservative,1
9d072f3b93580e31_89,Yes,slightly_conservative,1
7bb54ed21de4a73b_161,Yes,moderately_conservative,1
82095c6decc6fd18_14,No,,
473e84980300e9c2_116,No,,
c592c5f0bdceefa8_36,Yes,moderate,0
c08c8748ea5245e3_120,Yes,slightly_liberal,-1
7bb54ed21de4a73b_16,Yes,moderately_conservative,1
ca83893c508ba854_37,Yes,moderate,0
c08c8748ea5245e3_121,Yes,moderate,0
82095c6decc6fd18_35,No,,
f18337865dcd7ecd_33,Yes,moderate,0
ca83893c508ba854_50,Yes,moderate,0
072612949c493ee6_19,No,,
7bb54ed21de4a73b_167,Yes,moderately_conservative,1
82095c6decc6fd18_86,Yes,moderate,0
473e84980300e9c2_5,No,,
072612949c493ee6_54,Yes,strongly_conservative,1
072612949c493ee6_63,Yes,moderate,0
c592c5f0bdceefa8_27,Yes,strongly_conservative,1
7bb54ed21de4a73b_148,Yes,moderate,0
7bb54ed21de4a73b_205,Yes,slightly_liberal,-1
c592c5f0bdceefa8_100,Yes,moderate,0
ca83893c508ba854_116,Yes,moderate,0
4c8eecd2c67bf8bb_36,Yes,moderately_conservative,1
473e84980300e9c2_82,Yes,moderately_conservative,1
7bb54ed21de4a73b_58,Yes,moderate,0
ca83893c508ba854_23,Yes,moderate,0
473e84980300e9c2_67,No,,
9d072f3b93580e31_62,Yes,moderately_conservative,1
9d072f3b93580e31_44,Yes,slightly_conservative,1
072612949c493ee6_60,No,,
473e84980300e9c2_54,Yes,slightly_conservative,1
c08c8748ea5245e3_87,Yes,moderately_conservative,1
7bb54ed21de4a73b_100,No,,
4c8eecd2c67bf8bb_27,Yes,moderate,0
473e84980300e9c2_65,Yes,moderately_conservative,1
473e84980300e9c2_153,No,,
f18337865dcd7ecd_103,Yes,strongly_conservative,1
4c8eecd2c67bf8bb_6,Yes,moderate,0
a2b0c5bbd8499cd3_86,Yes,moderately_conservative,1
c08c8748ea5245e3_138,Yes,moderately_conservative,1
473e84980300e9c2_17,No,,
473e84980300e9c2_72,Yes,strongly_conservative,1
f18337865dcd7ecd_40,Yes,strongly_conservative,1
072612949c493ee6_9,Yes,strongly_conservative,1
9d072f3b93580e31_57,No,,
c592c5f0bdceefa8_108,Yes,strongly_conservative,1
c08c8748ea5245e3_40,No,,
f18337865dcd7ecd_79,Yes,moderately_conservative,1
7bb54ed21de4a73b_94,Yes,moderate,0
c592c5f0bdceefa8_62,Yes,moderately_conservative,1
c592c5f0bdceefa8_114,Yes,moderately_conservative,1
a2b0c5bbd8499cd3_49,Yes,moderately_liberal,-1
473e84980300e9c2_70,Yes,strongly_liberal,-1
f18337865dcd7ecd_53,Yes,moderate,0
ca83893c508ba854_8,No,,
a2b0c5bbd8499cd3_114,Yes,strongly_conservative,1
f18337865dcd7ecd_105,Yes,moderately_conservative,1
7bb54ed21de4a73b_139,Yes,moderate,0
82095c6decc6fd18_84,No,,
c592c5f0bdceefa8_89,Yes,moderate,0
a4ac0bee761cffbd_1,Yes,strongly_conservative,1
82095c6decc6fd18_91,Yes,moderately_conservative,1
82095c6decc6fd18_57,Yes,slightly_conservative,1
c592c5f0bdceefa8_9,Yes,moderately_conservative,1
4ecb372438e8da39_52,Yes,slightly_liberal,-1
f560bfa8b7f46b74_1,Yes,strongly_liberal,-1
277e37fea45564fd_3,Yes,slightly_liberal,-1
0eb0287dcd16a020_5,Yes,moderate,0
cde24d54b81af668_17,Yes,slightly_liberal,-1
277e37fea45564fd_54,Yes,strongly_liberal,-1
cde24d54b81af668_11,Yes,slightly_liberal,-1
1f88a5934ced7b94_17,Yes,moderately_liberal,-1
f560bfa8b7f46b74_5,Yes,strongly_liberal,-1
718ac8dfa3eebe53_38,Yes,moderate,0
718ac8dfa3eebe53_49,Yes,moderately_liberal,-1
d5f4fe3abdad3de7_24,Yes,moderate,0
0eb0287dcd16a020_6,Yes,moderate,0
277e37fea45564fd_22,Yes,strongly_liberal,-1
d7d684ad496449eb_11,Yes,moderate,0
1f88a5934ced7b94_27,Yes,moderately_liberal,-1
0eb0287dcd16a020_4,Yes,strongly_liberal,-1
277e37fea45564fd_0,Yes,strongly_liberal,-1
8bc076fec37a173c_40,Yes,slightly_liberal,-1
cde24d54b81af668_24,Yes,strongly_liberal,-1
8bc076fec37a173c_7,Yes,strongly_liberal,-1
f560bfa8b7f46b74_9,Yes,moderate,0
cde24d54b81af668_33,Yes,moderately_liberal,-1
718ac8dfa3eebe53_24,Yes,strongly_liberal,-1
0eb0287dcd16a020_70,Yes,strongly_liberal,-1
f232d4c26d89dbf9_34,Yes,strongly_conservative,1
c2b0968b5ee087b4_7,Yes,moderate,0
8bc076fec37a173c_38,Yes,strongly_liberal,-1
718ac8dfa3eebe53_10,Yes,strongly_liberal,-1
f232d4c26d89dbf9_18,Yes,strongly_liberal,-1
1f88a5934ced7b94_2,Yes,strongly_liberal,-1
8bc076fec37a173c_52,Yes,slightly_liberal,-1
277e37fea45564fd_45,Yes,moderate,0
d5f4fe3abdad3de7_34,Yes,strongly_liberal,-1
0eb0287dcd16a020_71,Yes,strongly_liberal,-1
0eb0287dcd16a020_25,Yes,strongly_liberal,-1
718ac8dfa3eebe53_21,Yes,slightly_liberal,-1
d5f4fe3abdad3de7_25,Yes,moderate,0
277e37fea45564fd_24,Yes,strongly_liberal,-1
0eb0287dcd16a020_7,Yes,strongly_liberal,-1
f560bfa8b7f46b74_14,Yes,slightly_liberal,-1
277e37fea45564fd_32,Yes,strongly_liberal,-1
0eb0287dcd16a020_30,Yes,moderately_liberal,-1
cde24d54b81af668_6,Yes,strongly_liberal,-1
f232d4c26d89dbf9_54,Yes,strongly_liberal,-1
718ac8dfa3eebe53_25,Yes,strongly_liberal,-1
d5f4fe3abdad3de7_16,Yes,strongly_liberal,-1
4ecb372438e8da39_50,Yes,slightly_liberal,-1
8bc076fec37a173c_41,Yes,strongly_liberal,-1
718ac8dfa3eebe53_32,Yes,strongly_liberal,-1
cde24d54b81af668_34,Yes,strongly_liberal,-1
8bc076fec37a173c_28,Yes,strongly_liberal,-1
cde24d54b81af668_0,Yes,strongly_liberal,-1
f232d4c26d89dbf9_59,Yes,strongly_liberal,-1
0eb0287dcd16a020_55,No,,
d7d684ad496449eb_40,Yes,strongly_conservative,1
1f88a5934ced7b94_12,Yes,slightly_liberal,-1
8bc076fec37a173c_19,Yes,strongly_liberal,-1
f232d4c26d89dbf9_61,Yes,strongly_liberal,-1
f560bfa8b7f46b74_40,Yes,slightly_liberal,-1
277e37fea45564fd_38,Yes,strongly_liberal,-1
f560bfa8b7f46b74_31,Yes,slightly_liberal,-1
f232d4c26d89dbf9_64,Yes,strongly_liberal,-1
f232d4c26d89dbf9_68,Yes,strongly_liberal,-1
277e37fea45564fd_23,Yes,strongly_liberal,-1
8bc076fec37a173c_39,Yes,strongly_liberal,-1
0eb0287dcd16a020_32,No,,
8bc076fec37a173c_16,Yes,strongly_liberal,-1
4ecb372438e8da39_30,Yes,strongly_liberal,-1
d5f4fe3abdad3de7_20,Yes,strongly_liberal,-1
0eb0287dcd16a020_1,Yes,strongly_liberal,-1
4ecb372438e8da39_21,Yes,slightly_liberal,-1
d7d684ad496449eb_13,Yes,moderate,0
d5f4fe3abdad3de7_15,Yes,strongly_liberal,-1
718ac8dfa3eebe53_39,Yes,slightly_liberal,-1
d7d684ad496449eb_41,Yes,slightly_liberal,-1
0eb0287dcd16a020_8,Yes,slightly_liberal,-1
d7d684ad496449eb_52,Yes,moderately_conservative,1
0eb0287dcd16a020_46,Yes,slightly_liberal,-1
4ecb372438e8da39_53,Yes,strongly_liberal,-1
d7d684ad496449eb_1,Yes,strongly_liberal,-1
0eb0287dcd16a020_62,No,,
c2b0968b5ee087b4_46,Yes,moderate,0
277e37fea45564fd_34,Yes,slightly_liberal,-1
8bc076fec37a173c_26,Yes,strongly_liberal,-1
f560bfa8b7f46b74_18,Yes,strongly_liberal,-1
f232d4c26d89dbf9_36,Yes,strongly_liberal,-1
718ac8dfa3eebe53_43,Yes,slightly_liberal,-1
0eb0287dcd16a020_53,Yes,slightly_liberal,-1
718ac8dfa3eebe53_16,Yes,strongly_liberal,-1
4ecb372438e8da39_15,Yes,strongly_liberal,-1
4ecb372438e8da39_41,Yes,moderate,0
277e37fea45564fd_1,Yes,slightly_liberal,-1
cde24d54b81af668_41,Yes,moderate,0
277e37fea45564fd_15,Yes,strongly_liberal,-1
d7d684ad496449eb_22,Yes,moderate,0
1f88a5934ced7b94_5,Yes,strongly_liberal,-1
277e37fea45564fd_42,Yes,strongly_liberal,-1
d5f4fe3abdad3de7_33,Yes,strongly_liberal,-1
8bc076fec37a173c_42,Yes,moderately_conservative,1
93e82fd422f11f00_94,Yes,strongly_liberal,-1
41480a6d5446222d_56,Yes,slightly_liberal,-1
7c4210f4010fd8e4_13,Yes,strongly_conservative,1
981fe8eeb245d3b5_89,Yes,moderate,0
7c4210f4010fd8e4_12,Yes,moderate,0
43ae47746c4ed962_43,No,,
72e30b9e761ec00e_70,Yes,moderately_conservative,1
7c4210f4010fd8e4_76,Yes,strongly_liberal,-1
5caeffe5779b135e_14,Yes,moderately_conservative,1
4afff1c366475297_54,Yes,moderate,0
bc4e4a64799fd1a0_48,Yes,strongly_liberal,-1
bc4e4a64799fd1a0_27,Yes,slightly_liberal,-1
7c4210f4010fd8e4_21,Yes,moderate,0
93e82fd422f11f00_43,Yes,moderate,0
4afff1c366475297_44,Yes,moderate,0
4afff1c366475297_65,Yes,moderate,0
e041dd533a14f19b_101,Yes,moderately_conservative,1
e041dd533a14f19b_18,Yes,strongly_liberal,-1
5caeffe5779b135e_39,Yes,strongly_liberal,-1
7c4210f4010fd8e4_7,No,,
5caeffe5779b135e_68,Yes,strongly_liberal,-1
d49ce9bfebadd9a9_153,No,,
72e30b9e761ec00e_22,Yes,moderate,0
41480a6d5446222d_34,Yes,moderate,0
981fe8eeb245d3b5_27,Yes,moderate,0
41480a6d5446222d_55,Yes,strongly_conservative,1
43ae47746c4ed962_74,Yes,moderate,0
93e82fd422f11f00_83,Yes,moderate,0
d49ce9bfebadd9a9_15,Yes,strongly_conservative,1
5caeffe5779b135e_98,Yes,slightly_liberal,-1
4afff1c366475297_60,Yes,moderately_conservative,1
d49ce9bfebadd9a9_36,Yes,strongly_conservative,1
93e82fd422f11f00_100,Yes,moderate,0
bc4e4a64799fd1a0_49,Yes,slightly_liberal,-1
5caeffe5779b135e_92,Yes,moderate,0
d49ce9bfebadd9a9_138,Yes,moderately_conservative,1
72e30b9e761ec00e_29,Yes,slightly_liberal,-1
93e82fd422f11f00_64,No,,
5caeffe5779b135e_29,Yes,slightly_liberal,-1
72e30b9e761ec00e_3,Yes,moderate,0
93e82fd422f11f00_1,No,,
7c4210f4010fd8e4_70,Yes,slightly_liberal,-1
7c4210f4010fd8e4_33,Yes,moderately_conservative,1
4afff1c366475297_4,Yes,moderate,0
e041dd533a14f19b_14,Yes,strongly_conservative,1
7c4210f4010fd8e4_16,Yes,moderate,0
bc4e4a64799fd1a0_77,Yes,moderate,0
72e30b9e761ec00e_21,Yes,moderate,0
bc4e4a64799fd1a0_53,Yes,strongly_liberal,-1
d49ce9bfebadd9a9_74,Yes,moderate,0
bc4e4a64799fd1a0_79,Yes,moderate,0
e041dd533a14f19b_32,Yes,moderate,0
d49ce9bfebadd9a9_2,No,,
5caeffe5779b135e_42,Yes,slightly_liberal,-1
e041dd533a14f19b_131,Yes,moderate,0
bc4e4a64799fd1a0_63,Yes,slightly_conservative,1
93e82fd422f11f00_22,Yes,strongly_conservative,1
5caeffe5779b135e_19,Yes,moderate,0
dcf55bef2b0d6637_36,No,,
dcf55bef2b0d6637_40,Yes,moderate,0
72e30b9e761ec00e_76,Yes,moderately_conservative,1
41480a6d5446222d_36,Yes,slightly_conservative,1
5caeffe5779b135e_97,Yes,moderate,0
72e30b9e761ec00e_85,Yes,moderately_conservative,1
d49ce9bfebadd9a9_31,Yes,moderately_conservative,1
72e30b9e761ec00e_83,Yes,moderate,0
bc4e4a64799fd1a0_69,Yes,strongly_liberal,-1
dcf55bef2b0d6637_31,Yes,strongly_liberal,-1
d49ce9bfebadd9a9_114,Yes,moderate,0
e041dd533a14f19b_37,Yes,moderately_conservative,1
d49ce9bfebadd9a9_102,Yes,strongly_liberal,-1
93e82fd422f11f00_109,Yes,moderate,0
981fe8eeb245d3b5_18,Yes,moderate,0
e041dd533a14f19b_91,No,,
7c4210f4010fd8e4_9,Yes,moderate,0
4afff1c366475297_58,Yes,moderate,0
7c4210f4010fd8e4_64,No,,
e041dd533a14f19b_67,Yes,moderately_liberal,-1
43ae47746c4ed962_14,Yes,slightly_liberal,-1
981fe8eeb245d3b5_42,Yes,slightly_liberal,-1
41480a6d5446222d_25,Yes,moderate,0
d49ce9bfebadd9a9_14,Yes,strongly_conservative,1
4afff1c366475297_67,Yes,slightly_conservative,1
e041dd533a14f19b_82,Yes,moderate,0
72e30b9e761ec00e_68,Yes,moderately_conservative,1
981fe8eeb245d3b5_71,Yes,moderate,0
e041dd533a14f19b_1,Yes,slightly_conservative,1
dcf55bef2b0d6637_65,Yes,moderate,0
93e82fd422f11f00_55,Yes,strongly_conservative,1
93e82fd422f11f00_16,Yes,moderately_conservative,1
7c4210f4010fd8e4_58,Yes,slightly_liberal,-1
4afff1c366475297_34,Yes,moderate,0
bc4e4a64799fd1a0_67,Yes,slightly_liberal,-1
e041dd533a14f19b_122,Yes,moderate,0
bc4e4a64799fd1a0_35,Yes,moderately_liberal,-1
43ae47746c4ed962_39,Yes,moderate,0
41480a6d5446222d_66,Yes,moderately_conservative,1
41480a6d5446222d_58,Yes,strongly_conservative,1
7b5ce1a84bd40a7e_42,No,,
aa9808f6c4c3589d_34,No,,
dcf55bef2b0d6637_23,Yes,strongly_liberal,-1
93e82fd422f11f00_77,Yes,moderate,0
baebb18637202357_3,Yes,moderate,0
a5463cdf7c40bd56_4,Yes,moderate,0
7532957b1aa283b8_14,Yes,slightly_conservative,1
6d4c71b68efe178f_21,Yes,slightly_liberal,-1
dba09bb1cbb7017d_26,Yes,moderate,0
aa9808f6c4c3589d_9,Yes,strongly_conservative,1
dba09bb1cbb7017d_35,Yes,moderate,0
14a00be01babab72_14,Yes,moderately_conservative,1
a5463cdf7c40bd56_0,Yes,moderate,0
baebb18637202357_12,No,,
e41d4094f3afa4a8_48,Yes,moderate,0
bd5b2ea555741ee8_25,Yes,moderately_conservative,1
a5463cdf7c40bd56_13,Yes,moderate,0
baebb18637202357_14,Yes,strongly_conservative,1
aa9808f6c4c3589d_15,Yes,moderate,0
aa9808f6c4c3589d_33,No,,
a5463cdf7c40bd56_6,Yes,moderately_conservative,1
dba09bb1cbb7017d_20,Yes,strongly_conservative,1
ed4e8b08fa435ef9_11,Yes,moderate,0
14a00be01babab72_5,Yes,moderate,0
aa9808f6c4c3589d_35,No,,
a5463cdf7c40bd56_36,Yes,moderate,0
dba09bb1cbb7017d_40,No,,
dba09bb1cbb7017d_33,Yes,strongly_conservative,1
7532957b1aa283b8_26,Yes,moderately_conservative,1
dba09bb1cbb7017d_21,Yes,moderate,0
7532957b1aa283b8_32,Yes,moderate,0
7532957b1aa283b8_22,Yes,moderately_conservative,1
dba09bb1cbb7017d_41,No,,
e41d4094f3afa4a8_29,Yes,moderate,0
14a00be01babab72_0,Yes,moderate,0
dba09bb1cbb7017d_39,Yes,slightly_liberal,-1
7532957b1aa283b8_5,Yes,moderately_conservative,1
baebb18637202357_30,Yes,moderately_conservative,1
6d4c71b68efe178f_35,Yes,moderate,0
6d4c71b68efe178f_3,Yes,moderate,0
e41d4094f3afa4a8_23,Yes,slightly_conservative,1
bd5b2ea555741ee8_35,No,,
e41d4094f3afa4a8_22,Yes,moderate,0
bd5b2ea555741ee8_20,Yes,slightly_liberal,-1
a5463cdf7c40bd56_22,Yes,moderate,0
7b5ce1a84bd40a7e_29,Yes,moderate,0
aa9808f6c4c3589d_1,Yes,moderate,0
a66366fcf2635fd0_33,Yes,moderately_conservative,1
dba09bb1cbb7017d_4,Yes,moderately_conservative,1
e41d4094f3afa4a8_14,Yes,moderate,0
7b5ce1a84bd40a7e_8,Yes,moderately_conservative,1
baebb18637202357_34,Yes,moderately_conservative,1
bd5b2ea555741ee8_28,Yes,moderate,0
7532957b1aa283b8_0,Yes,moderate,0
6d4c71b68efe178f_44,Yes,moderate,0
a66366fcf2635fd0_1,Yes,moderate,0
dba09bb1cbb7017d_19,Yes,moderate,0
a66366fcf2635fd0_24,Yes,moderate,0
dba09bb1cbb7017d_23,Yes,moderate,0
a5463cdf7c40bd56_28,Yes,moderate,0
bd5b2ea555741ee8_42,No,,
7532957b1aa283b8_23,Yes,moderate,0
bd5b2ea555741ee8_16,Yes,slightly_conservative,1
6d4c71b68efe178f_18,Yes,moderate,0
a66366fcf2635fd0_5,Yes,moderate,0
a66366fcf2635fd0_15,Yes,moderate,0
7532957b1aa283b8_29,Yes,moderate,0
6d4c71b68efe178f_22,Yes,strongly_conservative,1
7532957b1aa283b8_40,No,,
dba09bb1cbb7017d_32,Yes,moderately_conservative,1
ed4e8b08fa435ef9_4,Yes,moderate,0
e41d4094f3afa4a8_1,Yes,moderate,0
ed4e8b08fa435ef9_21,Yes,moderate,0
7532957b1aa283b8_4,Yes,moderate,0
6d4c71b68efe178f_48,Yes,moderately_conservative,1
e41d4094f3afa4a8_18,Yes,moderate,0
6d4c71b68efe178f_49,Yes,moderate,0
ed4e8b08fa435ef9_25,Yes,moderate,0
ed4e8b08fa435ef9_3,Yes,moderate,0
a5463cdf7c40bd56_27,Yes,slightly_liberal,-1
baebb18637202357_16,Yes,moderate,0
baebb18637202357_18,Yes,moderately_conservative,1
dba09bb1cbb7017d_11,Yes,moderate,0
bd5b2ea555741ee8_23,Yes,moderate,0
e41d4094f3afa4a8_9,Yes,moderate,0
e41d4094f3afa4a8_11,Yes,moderate,0
7b5ce1a84bd40a7e_13,Yes,moderate,0
bd5b2ea555741ee8_43,Yes,moderate,0
a5463cdf7c40bd56_23,Yes,strongly_conservative,1
baebb18637202357_38,No,,
7b5ce1a84bd40a7e_38,Yes,moderate,0
bd5b2ea555741ee8_38,No,,
e41d4094f3afa4a8_8,Yes,moderate,0
bd5b2ea555741ee8_5,Yes,slightly_liberal,-1
7532957b1aa283b8_13,Yes,moderately_conservative,1
baebb18637202357_0,No,,
7b5ce1a84bd40a7e_31,Yes,moderately_conservative,1
ed4e8b08fa435ef9_10,Yes,moderate,0
a66366fcf2635fd0_30,Yes,moderate,0
dba09bb1cbb7017d_28,Yes,moderate,0
7532957b1aa283b8_12,Yes,moderate,0
7b5ce1a84bd40a7e_22,Yes,moderately_conservative,1
232abf7706a6de01_15,No,,
da268980568f75e6_11,Yes,moderately_conservative,1
4fc220417e6aad0c_15,Yes,moderate,0
da268980568f75e6_7,Yes,moderate,0
84795c4a8aa3ab58_19,Yes,moderate,0
a4c814ec07f3f73e_20,Yes,moderate,0
4fc220417e6aad0c_1,Yes,moderate,0
9423c54627c049d9_16,Yes,moderate,0
232abf7706a6de01_20,Yes,slightly_liberal,-1
da268980568f75e6_46,Yes,moderate,0
871d6c58df8935f0_0,Yes,moderate,0
da268980568f75e6_6,Yes,moderate,0
84795c4a8aa3ab58_18,Yes,moderate,0
d31bf3d30040fb0f_38,Yes,moderately_conservative,1
871d6c58df8935f0_10,Yes,slightly_conservative,1
7f2a1790afa48452_25,Yes,moderately_conservative,1
fea10be802fbd24c_31,Yes,moderate,0
871d6c58df8935f0_32,Yes,moderate,0
4fc220417e6aad0c_2,Yes,moderate,0
d31bf3d30040fb0f_41,Yes,moderately_conservative,1
871d6c58df8935f0_20,Yes,moderate,0
232abf7706a6de01_29,Yes,moderate,0
d31bf3d30040fb0f_11,Yes,moderate,0
c3ab7f19f55ba00d_0,Yes,moderate,0
232abf7706a6de01_35,No,,
4fc220417e6aad0c_32,Yes,moderate,0
7f2a1790afa48452_16,Yes,moderate,0
84795c4a8aa3ab58_42,Yes,slightly_liberal,-1
a4c814ec07f3f73e_29,Yes,moderate,0
a4c814ec07f3f73e_12,Yes,strongly_conservative,1
232abf7706a6de01_8,Yes,moderate,0
d31bf3d30040fb0f_34,Yes,moderately_conservative,1
4fc220417e6aad0c_8,Yes,moderately_conservative,1
b01c3317d91ad31c_5,Yes,moderately_conservative,1
4fc220417e6aad0c_38,Yes,moderately_conservative,1
a4c814ec07f3f73e_11,Yes,strongly_conservative,1
7f2a1790afa48452_12,Yes,moderate,0
4fc220417e6aad0c_27,Yes,moderate,0
84795c4a8aa3ab58_43,Yes,moderate,0
9423c54627c049d9_5,Yes,moderate,0
fea10be802fbd24c_37,No,,
d31bf3d30040fb0f_27,Yes,moderate,0
4fc220417e6aad0c_25,Yes,moderately_conservative,1
d31bf3d30040fb0f_5,No,,
a4c814ec07f3f73e_32,Yes,moderate,0
c3ab7f19f55ba00d_21,Yes,moderate,0
da268980568f75e6_12,Yes,moderately_conservative,1
9423c54627c049d9_31,No,,
232abf7706a6de01_11,Yes,moderate,0
4fc220417e6aad0c_18,Yes,moderate,0
c3ab7f19f55ba00d_12,Yes,moderate,0
fea10be802fbd24c_12,Yes,moderate,0
84795c4a8aa3ab58_3,Yes,moderate,0
a4c814ec07f3f73e_13,Yes,moderate,0
871d6c58df8935f0_24,Yes,moderate,0
da268980568f75e6_22,Yes,moderate,0
84795c4a8aa3ab58_39,Yes,moderate,0
9423c54627c049d9_34,No,,
c3ab7f19f55ba00d_29,Yes,moderately_conservative,1
9423c54627c049d9_3,Yes,moderate,0
7f2a1790afa48452_28,Yes,moderate,0
232abf7706a6de01_37,No,,
d31bf3d30040fb0f_42,Yes,moderately_conservative,1
a4c814ec07f3f73e_21,Yes,moderately_conservative,1
d31bf3d30040fb0f_35,Yes,moderately_conservative,1
871d6c58df8935f0_23,Yes,moderate,0
7f2a1790afa48452_27,Yes,slightly_conservative,1
a4c814ec07f3f73e_2,Yes,moderately_conservative,1
fea10be802fbd24c_20,Yes,moderate,0
84795c4a8aa3ab58_12,Yes,moderate,0
7f2a1790afa48452_7,Yes,slightly_liberal,-1
fea10be802fbd24c_27,Yes,moderate,0
84795c4a8aa3ab58_30,Yes,moderate,0
7f2a1790afa48452_10,Yes,moderate,0
84795c4a8aa3ab58_23,Yes,moderate,0
84795c4a8aa3ab58_13,Yes,moderate,0
b01c3317d91ad31c_26,Yes,moderate,0
c3ab7f19f55ba00d_18,Yes,moderate,0
9423c54627c049d9_2,Yes,moderate,0
d31bf3d30040fb0f_40,Yes,slightly_conservative,1
9423c54627c049d9_29,Yes,moderate,0
232abf7706a6de01_31,Yes,moderate,0
b01c3317d91ad31c_22,Yes,moderate,0
232abf7706a6de01_7,Yes,moderately_conservative,1
7f2a1790afa48452_6,Yes,moderate,0
4fc220417e6aad0c_39,Yes,moderately_conservative,1
7f2a1790afa48452_32,Yes,moderately_conservative,1
7f2a1790afa48452_35,No,,
fea10be802fbd24c_15,Yes,moderate,0
9423c54627c049d9_13,Yes,moderately_conservative,1
232abf7706a6de01_33,Yes,moderate,0
871d6c58df8935f0_18,Yes,moderate,0
84795c4a8aa3ab58_36,Yes,moderate,0
7f2a1790afa48452_2,Yes,moderately_conservative,1
84795c4a8aa3ab58_31,Yes,moderate,0
84795c4a8aa3ab58_26,Yes,moderate,0
232abf7706a6de01_24,Yes,moderately_conservative,1
d31bf3d30040fb0f_6,Yes,moderate,0
84795c4a8aa3ab58_1,Yes,moderate,0
84795c4a8aa3ab58_22,Yes,moderate,0
9ce56ec1be94ab36_84,Yes,strongly_liberal,-1
0a1c7f2b05d5d1e9_96,Yes,strongly_liberal,-1
9ce56ec1be94ab36_28,No,,
9f0007d0a42cfef7_69,Yes,moderate,0
58857504db42315b_87,Yes,moderately_conservative,1
5d38bd1719b1accc_97,Yes,moderate,0
a9e9c5839ebd342c_24,Yes,moderate,0
58856b63248fcce0_70,Yes,moderately_liberal,-1
58857504db42315b_114,Yes,moderate,0
9f0007d0a42cfef7_20,No,,
ab7745188bb69e94_103,Yes,moderate,0
58857504db42315b_5,Yes,strongly_liberal,-1
ab7745188bb69e94_87,Yes,moderate,0
3dd775ec07a1c7e5_61,Yes,strongly_liberal,-1
b1fa9cd213658ab1_59,Yes,strongly_liberal,-1
ab7745188bb69e94_14,No,,
9ce56ec1be94ab36_1,Yes,strongly_liberal,-1
b1fa9cd213658ab1_53,No,,
3dd775ec07a1c7e5_83,Yes,strongly_liberal,-1
5d38bd1719b1accc_110,Yes,slightly_liberal,-1
9f0007d0a42cfef7_50,Yes,moderately_conservative,1
58856b63248fcce0_32,Yes,moderate,0
e634225f6414d3e4_6,Yes,strongly_liberal,-1
5d38bd1719b1accc_63,Yes,moderate,0
0a1c7f2b05d5d1e9_95,Yes,strongly_liberal,-1
ab7745188bb69e94_116,No,,
9f0007d0a42cfef7_90,No,,
0a1c7f2b05d5d1e9_14,Yes,strongly_liberal,-1
9f0007d0a42cfef7_114,Yes,strongly_liberal,-1
101fd418eeb1f1ee_24,Yes,moderately_conservative,1
101fd418eeb1f1ee_69,Yes,slightly_liberal,-1
0a1c7f2b05d5d1e9_109,Yes,strongly_liberal,-1
0a1c7f2b05d5d1e9_111,No,,
b1fa9cd213658ab1_80,Yes,strongly_liberal,-1
9ce56ec1be94ab36_18,Yes,moderate,0
9f0007d0a42cfef7_37,No,,
5d38bd1719b1accc_83,Yes,moderate,0
3dd775ec07a1c7e5_54,Yes,strongly_liberal,-1
101fd418eeb1f1ee_17,No,,
3dd775ec07a1c7e5_26,Yes,strongly_liberal,-1
9f0007d0a42cfef7_53,Yes,moderate,0
e634225f6414d3e4_26,Yes,strongly_liberal,-1
3dd775ec07a1c7e5_66,Yes,strongly_liberal,-1
9ce56ec1be94ab36_71,Yes,strongly_liberal,-1
9ce56ec1be94ab36_99,Yes,strongly_liberal,-1
b1fa9cd213658ab1_127,Yes,strongly_liberal,-1
5d38bd1719b1accc_109,Yes,slightly_liberal,-1
58857504db42315b_36,Yes,slightly_liberal,-1
9ce56ec1be94ab36_59,Yes,moderately_liberal,-1
5d38bd1719b1accc_53,Yes,moderate,0
9ce56ec1be94ab36_95,Yes,moderate,0
ab7745188bb69e94_107,Yes,strongly_liberal,-1
58857504db42315b_63,Yes,moderate,0
0a1c7f2b05d5d1e9_77,Yes,strongly_liberal,-1
101fd418eeb1f1ee_98,Yes,strongly_liberal,-1
e634225f6414d3e4_29,No,,
5d38bd1719b1accc_69,Yes,moderate,0
58857504db42315b_112,Yes,moderate,0
58857504db42315b_107,Yes,strongly_conservative,1
ab7745188bb69e94_46,Yes,moderate,0
5d38bd1719b1accc_15,Yes,slightly_liberal,-1
e634225f6414d3e4_55,Yes,moderately_liberal,-1
58856b63248fcce0_2,Yes,slightly_liberal,-1
58857504db42315b_55,Yes,slightly_liberal,-1
ab7745188bb69e94_43,Yes,moderately_liberal,-1
e634225f6414d3e4_23,No,,
58857504db42315b_115,Yes,slightly_liberal,-1
9ce56ec1be94ab36_91,Yes,strongly_liberal,-1
58857504db42315b_50,Yes,moderate,0
5d38bd1719b1accc_51,Yes,moderate,0
5d38bd1719b1accc_17,Yes,moderate,0
58856b63248fcce0_33,No,,
58857504db42315b_65,Yes,strongly_liberal,-1
3dd775ec07a1c7e5_78,Yes,slightly_liberal,-1
58857504db42315b_10,Yes,strongly_liberal,-1
3dd775ec07a1c7e5_38,Yes,moderate,0
5d38bd1719b1accc_16,Yes,strongly_liberal,-1
ab7745188bb69e94_90,Yes,moderate,0
5d38bd1719b1accc_10,Yes,moderately_liberal,-1
9ce56ec1be94ab36_19,Yes,moderate,0
3dd775ec07a1c7e5_62,Yes,strongly_liberal,-1
5d38bd1719b1accc_52,Yes,strongly_liberal,-1
a9e9c5839ebd342c_5,Yes,strongly_liberal,-1
3dd775ec07a1c7e5_2,Yes,strongly_liberal,-1
b1fa9cd213658ab1_50,No,,
a9e9c5839ebd342c_15,Yes,strongly_liberal,-1
101fd418eeb1f1ee_4,Yes,strongly_liberal,-1
ab7745188bb69e94_15,No,,
b1fa9cd213658ab1_36,Yes,moderate,0
ab7745188bb69e94_26,Yes,moderate,0
ab7745188bb69e94_21,Yes,slightly_conservative,1
5d38bd1719b1accc_94,Yes,strongly_liberal,-1
e634225f6414d3e4_3,Yes,slightly_liberal,-1
e634225f6414d3e4_40,Yes,slightly_conservative,1
3dd775ec07a1c7e5_41,Yes,strongly_liberal,-1
58857504db42315b_3,Yes,strongly_liberal,-1
58857504db42315b_2,Yes,strongly_liberal,-1
9ce56ec1be94ab36_36,Yes,moderate,0
58857504db42315b_58,Yes,moderate,0
58857504db42315b_101,Yes,slightly_liberal,-1
246dc6245644d1de_3,Yes,moderate,0
40b0144d6a2461a8_3,Yes,moderate,0
c940906e7ddd14b3_6,Yes,strongly_liberal,-1
bdf1b13da7e28c74_20,Yes,moderate,0
27221be6b719ed12_10,Yes,moderately_conservative,1
754bcce0df148746_5,Yes,moderately_liberal,-1
c940906e7ddd14b3_7,Yes,strongly_liberal,-1
0d48dc765a570e67_6,Yes,moderately_conservative,1
40b0144d6a2461a8_2,Yes,moderate,0
754bcce0df148746_8,Yes,moderate,0
bdf1b13da7e28c74_19,Yes,moderately_liberal,-1
664bbccbc9296088_7,Yes,moderate,0
c940906e7ddd14b3_10,Yes,slightly_liberal,-1
754bcce0df148746_1,Yes,moderate,0
bdf1b13da7e28c74_13,Yes,moderate,0
a4ed65d66f33a350_13,Yes,moderate,0
a4ed65d66f33a350_8,No,,
bdf1b13da7e28c74_24,Yes,slightly_liberal,-1
bdf1b13da7e28c74_3,Yes,moderate,0
bdf1b13da7e28c74_0,Yes,moderate,0
c940906e7ddd14b3_3,Yes,strongly_liberal,-1
246dc6245644d1de_4,Yes,moderate,0
a4ed65d66f33a350_0,Yes,moderate,0
754bcce0df148746_2,No,,
1a45bd8f8a30dc82_8,Yes,moderate,0
754bcce0df148746_14,Yes,moderately_liberal,-1
664bbccbc9296088_3,Yes,moderate,0
40b0144d6a2461a8_8,Yes,moderate,0
0d48dc765a570e67_3,Yes,moderate,0
0d48dc765a570e67_2,Yes,moderate,0
bdf1b13da7e28c74_22,Yes,slightly_liberal,-1
27221be6b719ed12_11,Yes,moderate,0
27221be6b719ed12_1,Yes,moderate,0
754bcce0df148746_3,Yes,moderate,0
a4ed65d66f33a350_11,Yes,moderate,0
1a45bd8f8a30dc82_5,Yes,moderate,0
c940906e7ddd14b3_1,Yes,moderate,0
246dc6245644d1de_8,Yes,moderate,0
c1a99eb83071d12e_5,Yes,moderate,0
40b0144d6a2461a8_4,Yes,moderate,0
a4ed65d66f33a350_2,Yes,moderate,0
bdf1b13da7e28c74_4,Yes,moderate,0
754bcce0df148746_6,Yes,strongly_liberal,-1
27221be6b719ed12_9,Yes,moderately_conservative,1
246dc6245644d1de_1,Yes,moderate,0
27221be6b719ed12_12,No,,
40b0144d6a2461a8_5,Yes,moderate,0
0d48dc765a570e67_8,Yes,moderate,0
6066afa23b3102e6_5,Yes,moderate,0
40b0144d6a2461a8_6,Yes,moderate,0
0d48dc765a570e67_0,Yes,moderate,0
0d48dc765a570e67_10,Yes,moderate,0
a4ed65d66f33a350_12,Yes,moderately_liberal,-1
754bcce0df148746_0,Yes,moderate,0
754bcce0df148746_13,Yes,moderate,0
27221be6b719ed12_0,Yes,moderate,0
bdf1b13da7e28c74_18,Yes,moderate,0
246dc6245644d1de_0,Yes,moderate,0
664bbccbc9296088_0,Yes,moderate,0
754bcce0df148746_16,No,,
bdf1b13da7e28c74_14,Yes,moderate,0
1a45bd8f8a30dc82_4,Yes,moderate,0
664bbccbc9296088_5,Yes,moderate,0
754bcce0df148746_10,Yes,moderate,0
754bcce0df148746_9,Yes,moderately_liberal,-1
c940906e7ddd14b3_8,Yes,slightly_liberal,-1
bdf1b13da7e28c74_8,Yes,slightly_liberal,-1
1a45bd8f8a30dc82_7,Yes,slightly_liberal,-1
664bbccbc9296088_2,Yes,slightly_liberal,-1
c940906e7ddd14b3_4,Yes,strongly_liberal,-1
bdf1b13da7e28c74_2,No,,
c940906e7ddd14b3_5,Yes,strongly_liberal,-1
a4ed65d66f33a350_7,Yes,slightly_liberal,-1
40b0144d6a2461a8_9,Yes,moderate,0
27221be6b719ed12_4,Yes,moderate,0
27221be6b719ed12_3,Yes,slightly_conservative,1
246dc6245644d1de_5,Yes,moderate,0
bdf1b13da7e28c74_23,Yes,moderate,0
0d48dc765a570e67_9,Yes,slightly_liberal,-1
664bbccbc9296088_10,No,,
664bbccbc9296088_6,Yes,moderate,0
27221be6b719ed12_6,Yes,moderately_conservative,1
246dc6245644d1de_6,Yes,moderate,0
c1a99eb83071d12e_8,Yes,moderate,0
6066afa23b3102e6_6,No,,
a4ed65d66f33a350_9,Yes,slightly_liberal,-1
bdf1b13da7e28c74_1,Yes,moderate,0
754bcce0df148746_15,Yes,moderate,0
c1a99eb83071d12e_1,Yes,moderate,0
a4ed65d66f33a350_10,Yes,moderately_liberal,-1
bdf1b13da7e28c74_7,Yes,moderate,0
a4ed65d66f33a350_6,Yes,strongly_liberal,-1
c1a99eb83071d12e_4,Yes,moderate,0
a4ed65d66f33a350_4,No,,
0d48dc765a570e67_5,Yes,moderate,0
754bcce0df148746_7,Yes,moderate,0
bdf1b13da7e28c74_9,Yes,moderate,0
27221be6b719ed12_2,Yes,moderate,0
49e0cebb470b8a40_8,No,,
c940906e7ddd14b3_0,Yes,moderate,0
664bbccbc9296088_1,Yes,moderate,0
da2fc0ff9d62e70d_110,Yes,strongly_liberal,-1
ba04b6e88293a97c_87,No,,
3538d682ac98139c_84,Yes,moderate,0
ba04b6e88293a97c_118,Yes,slightly_liberal,-1
311d70b338b01575_85,Yes,slightly_liberal,-1
f1ecce06b48d8186_112,Yes,moderate,0
3538d682ac98139c_65,Yes,strongly_liberal,-1
0ba1220879bfaa7d_49,Yes,moderate,0
49e0cebb470b8a40_63,Yes,strongly_liberal,-1
da2fc0ff9d62e70d_40,Yes,strongly_liberal,-1
3538d682ac98139c_61,Yes,slightly_liberal,-1
ba04b6e88293a97c_18,Yes,moderately_conservative,1
3538d682ac98139c_94,Yes,moderate,0
da2fc0ff9d62e70d_100,Yes,moderate,0
6cf423fefce1622e_69,Yes,moderate,0
e1c271fa52f241f1_12,No,,
49e0cebb470b8a40_14,Yes,moderate,0
0ba1220879bfaa7d_50,Yes,moderately_liberal,-1
3538d682ac98139c_81,Yes,moderate,0
0ba1220879bfaa7d_98,Yes,moderate,0
1e8ab3dc9545999d_53,Yes,moderately_liberal,-1
311d70b338b01575_43,Yes,strongly_liberal,-1
da2fc0ff9d62e70d_126,Yes,strongly_liberal,-1
ba04b6e88293a97c_38,Yes,moderate,0
0ba1220879bfaa7d_69,Yes,moderate,0
cfd38068854313bb_51,Yes,moderate,0
e1c271fa52f241f1_60,No,,
3538d682ac98139c_39,Yes,strongly_liberal,-1
cfd38068854313bb_108,Yes,slightly_liberal,-1
cfd38068854313bb_46,Yes,strongly_liberal,-1
0ba1220879bfaa7d_45,No,,
3538d682ac98139c_123,Yes,slightly_liberal,-1
311d70b338b01575_34,Yes,moderate,0
ea2f50de7e205200_13,Yes,moderate,0
311d70b338b01575_57,Yes,moderate,0
da2fc0ff9d62e70d_105,Yes,moderately_conservative,1
cfd38068854313bb_22,Yes,slightly_liberal,-1
0ba1220879bfaa7d_81,Yes,slightly_liberal,-1
ba04b6e88293a97c_86,Yes,moderate,0
3538d682ac98139c_117,No,,
f1ecce06b48d8186_87,Yes,strongly_liberal,-1
cfd38068854313bb_110,Yes,moderate,0
ea2f50de7e205200_6,Yes,strongly_liberal,-1
f1ecce06b48d8186_127,Yes,strongly_liberal,-1
49e0cebb470b8a40_17,No,,
f1ecce06b48d8186_27,Yes,strongly_liberal,-1
ba04b6e88293a97c_105,Yes,moderate,0
cfd38068854313bb_10,No,,
49e0cebb470b8a40_66,No,,
311d70b338b01575_70,Yes,strongly_liberal,-1
1e8ab3dc9545999d_95,Yes,moderate,0
f1ecce06b48d8186_21,Yes,moderate,0
e1c271fa52f241f1_82,Yes,moderate,0
0ba1220879bfaa7d_21,Yes,moderate,0
ba04b6e88293a97c_82,No,,
0ba1220879bfaa7d_48,Yes,moderate,0
3538d682ac98139c_109,Yes,slightly_liberal,-1
f1ecce06b48d8186_77,Yes,strongly_liberal,-1
1e8ab3dc9545999d_48,Yes,moderate,0
49e0cebb470b8a40_10,Yes,moderately_liberal,-1
cfd38068854313bb_50,Yes,moderate,0
e1c271fa52f241f1_92,Yes,strongly_liberal,-1
ba04b6e88293a97c_80,Yes,strongly_liberal,-1
49e0cebb470b8a40_95,Yes,moderate,0
0ba1220879bfaa7d_101,Yes,slightly_liberal,-1
f1ecce06b48d8186_126,Yes,strongly_liberal,-1
49e0cebb470b8a40_108,Yes,moderate,0
e1c271fa52f241f1_96,Yes,moderate,0
da2fc0ff9d62e70d_98,No,,
ea2f50de7e205200_20,No,,
6cf423fefce1622e_14,Yes,moderate,0
f1ecce06b48d8186_45,Yes,strongly_liberal,-1
0ba1220879bfaa7d_124,Yes,moderate,0
cfd38068854313bb_71,Yes,strongly_liberal,-1
1e8ab3dc9545999d_29,No,,
49e0cebb470b8a40_24,No,,
ba04b6e88293a97c_78,Yes,strongly_liberal,-1
da2fc0ff9d62e70d_76,Yes,moderate,0
0ba1220879bfaa7d_42,Yes,moderate,0
1e8ab3dc9545999d_46,Yes,moderately_liberal,-1
0ba1220879bfaa7d_91,Yes,strongly_liberal,-1
0ba1220879bfaa7d_97,Yes,moderate,0
49e0cebb470b8a40_1,No,,
311d70b338b01575_42,Yes,moderately_liberal,-1
6cf423fefce1622e_19,Yes,strongly_liberal,-1
ba04b6e88293a97c_84,Yes,strongly_liberal,-1
6cf423fefce1622e_110,Yes,moderate,0
3538d682ac98139c_106,Yes,strongly_liberal,-1
311d70b338b01575_1,Yes,moderate,0
1e8ab3dc9545999d_52,Yes,slightly_liberal,-1
0ba1220879bfaa7d_64,Yes,strongly_liberal,-1
ba04b6e88293a97c_2,Yes,strongly_liberal,-1
49e0cebb470b8a40_64,Yes,strongly_liberal,-1
da2fc0ff9d62e70d_45,Yes,strongly_liberal,-1
ba04b6e88293a97c_15,Yes,moderate,0
ba04b6e88293a97c_41,Yes,moderate,0
3538d682ac98139c_89,Yes,strongly_liberal,-1
f1ecce06b48d8186_13,Yes,strongly_liberal,-1
e1c271fa52f241f1_99,Yes,moderate,0
d78951e65bcb8246_2,Yes,moderate,0
d78951e65bcb8246_22,Yes,slightly_liberal,-1
8870a293636c7574_14,Yes,slightly_liberal,-1
114e98e9b5f7c096_50,Yes,slightly_liberal,-1
114e98e9b5f7c096_18,Yes,moderate,0
114e98e9b5f7c096_43,Yes,moderate,0
b7944873b3e23bea_35,Yes,moderately_conservative,1
114e98e9b5f7c096_36,Yes,moderate,0
24cb57d5de2b8941_26,Yes,moderate,0
24cb57d5de2b8941_33,Yes,moderate,0
d0eeb83d878479d0_7,Yes,strongly_liberal,-1
068ea6406b31d9e8_43,Yes,moderate,0
068ea6406b31d9e8_31,Yes,moderate,0
114e98e9b5f7c096_5,Yes,moderate,0
bab957d906c7f36f_32,Yes,moderate,0
8870a293636c7574_28,Yes,moderate,0
114e98e9b5f7c096_25,Yes,slightly_liberal,-1
068ea6406b31d9e8_3,Yes,moderate,0
b7944873b3e23bea_29,Yes,moderate,0
791db7fceaf16516_23,Yes,slightly_liberal,-1
ab50d39cc8383c31_5,Yes,moderate,0
d0eeb83d878479d0_33,Yes,moderate,0
d0eeb83d878479d0_50,Yes,slightly_liberal,-1
ab50d39cc8383c31_40,Yes,slightly_liberal,-1
8870a293636c7574_49,Yes,slightly_conservative,1
bab957d906c7f36f_17,No,,
ab50d39cc8383c31_46,Yes,strongly_liberal,-1
d78951e65bcb8246_18,Yes,slightly_liberal,-1
d78951e65bcb8246_24,Yes,moderate,0
d78951e65bcb8246_29,Yes,moderate,0
114e98e9b5f7c096_45,Yes,moderate,0
bab957d906c7f36f_35,Yes,moderate,0
8870a293636c7574_3,Yes,moderate,0
e935d66bae220446_15,Yes,moderate,0
791db7fceaf16516_33,Yes,moderate,0
7b12f02846c5061a_3,Yes,moderate,0
791db7fceaf16516_54,Yes,moderate,0
bab957d906c7f36f_7,Yes,moderate,0
d0eeb83d878479d0_37,Yes,moderately_liberal,-1
791db7fceaf16516_36,Yes,slightly_liberal,-1
114e98e9b5f7c096_49,Yes,moderate,0
114e98e9b5f7c096_28,Yes,slightly_liberal,-1
b7944873b3e23bea_14,Yes,slightly_liberal,-1
114e98e9b5f7c096_37,Yes,moderate,0
791db7fceaf16516_19,Yes,moderately_liberal,-1
d0eeb83d878479d0_22,Yes,moderate,0
d78951e65bcb8246_5,Yes,moderate,0
bab957d906c7f36f_27,No,,
791db7fceaf16516_44,Yes,strongly_liberal,-1
114e98e9b5f7c096_20,Yes,moderate,0
791db7fceaf16516_56,Yes,moderately_liberal,-1
d0eeb83d878479d0_15,Yes,moderate,0
d0eeb83d878479d0_57,Yes,slightly_liberal,-1
7b12f02846c5061a_31,Yes,moderate,0
b7944873b3e23bea_7,Yes,moderate,0
7b12f02846c5061a_7,Yes,slightly_liberal,-1
e935d66bae220446_27,Yes,moderate,0
24cb57d5de2b8941_22,Yes,moderate,0
bab957d906c7f36f_3,Yes,moderate,0
ab50d39cc8383c31_42,Yes,moderate,0
bab957d906c7f36f_11,Yes,strongly_liberal,-1
b7944873b3e23bea_30,Yes,moderate,0
791db7fceaf16516_10,Yes,slightly_liberal,-1
114e98e9b5f7c096_27,Yes,moderate,0
e935d66bae220446_38,Yes,strongly_liberal,-1
068ea6406b31d9e8_23,Yes,moderate,0
bab957d906c7f36f_8,Yes,moderate,0
d0eeb83d878479d0_19,Yes,moderate,0
d78951e65bcb8246_38,Yes,moderate,0
7b12f02846c5061a_9,Yes,slightly_liberal,-1
ab50d39cc8383c31_10,Yes,moderate,0
068ea6406b31d9e8_11,Yes,moderate,0
b7944873b3e23bea_40,Yes,moderate,0
791db7fceaf16516_42,Yes,slightly_liberal,-1
791db7fceaf16516_16,Yes,moderate,0
ab50d39cc8383c31_14,Yes,strongly_liberal,-1
b7944873b3e23bea_19,Yes,slightly_liberal,-1
b7944873b3e23bea_31,Yes,moderate,0
068ea6406b31d9e8_53,Yes,strongly_liberal,-1
e935d66bae220446_24,No,,
bab957d906c7f36f_24,Yes,strongly_liberal,-1
b7944873b3e23bea_22,Yes,slightly_conservative,1
e935d66bae220446_14,Yes,moderate,0
8870a293636c7574_16,No,,
24cb57d5de2b8941_11,Yes,moderate,0
e935d66bae220446_5,Yes,moderate,0
114e98e9b5f7c096_39,Yes,moderately_liberal,-1
e935d66bae220446_25,Yes,moderate,0
791db7fceaf16516_41,Yes,slightly_liberal,-1
d0eeb83d878479d0_21,Yes,moderate,0
ab50d39cc8383c31_32,Yes,moderately_conservative,1
7b12f02846c5061a_37,Yes,strongly_liberal,-1
24cb57d5de2b8941_3,Yes,moderate,0
24cb57d5de2b8941_1,Yes,moderate,0
ab50d39cc8383c31_9,Yes,moderate,0
d78951e65bcb8246_8,Yes,moderate,0
e935d66bae220446_13,Yes,moderate,0
8870a293636c7574_39,Yes,strongly_conservative,1
7b12f02846c5061a_36,Yes,slightly_liberal,-1
bab957d906c7f36f_6,Yes,moderate,0
80ccd267c26d028d_4,Yes,strongly_liberal,-1
fdf445c91bfcbf4f_8,Yes,moderate,0
e300b5a552ab9af6_13,Yes,slightly_liberal,-1
904103b7241f4545_27,Yes,moderate,0
a3c825b9b76a3183_0,No,,
e300b5a552ab9af6_14,Yes,moderate,0
54dde538cda0cd14_28,Yes,moderate,0
54dde538cda0cd14_40,Yes,moderate,0
f071ec47fd64afc1_29,Yes,moderate,0
904103b7241f4545_37,Yes,slightly_liberal,-1
54dde538cda0cd14_26,Yes,moderate,0
69ded4eab72bff38_49,Yes,moderate,0
899e0f09cbf47513_66,No,,
904103b7241f4545_29,Yes,strongly_liberal,-1
5377869395da9825_36,Yes,strongly_liberal,-1
54dde538cda0cd14_31,Yes,moderate,0
69ded4eab72bff38_34,Yes,strongly_liberal,-1
55aca5737108f4dd_67,No,,
69ded4eab72bff38_33,Yes,strongly_liberal,-1
a3c825b9b76a3183_53,Yes,moderately_liberal,-1
a3c825b9b76a3183_16,Yes,moderate,0
904103b7241f4545_15,Yes,strongly_liberal,-1
55aca5737108f4dd_42,Yes,moderately_liberal,-1
69ded4eab72bff38_55,Yes,moderate,0
5377869395da9825_10,No,,
55aca5737108f4dd_66,Yes,moderate,0
80ccd267c26d028d_18,Yes,moderate,0
5377869395da9825_26,Yes,moderately_liberal,-1
54dde538cda0cd14_70,Yes,moderate,0
a3c825b9b76a3183_72,No,,
904103b7241f4545_31,Yes,slightly_liberal,-1
fdf445c91bfcbf4f_32,Yes,moderate,0
55aca5737108f4dd_59,Yes,strongly_liberal,-1
899e0f09cbf47513_31,Yes,strongly_liberal,-1
55aca5737108f4dd_70,Yes,slightly_liberal,-1
80ccd267c26d028d_20,Yes,slightly_liberal,-1
80ccd267c26d028d_62,Yes,moderate,0
899e0f09cbf47513_51,Yes,moderate,0
899e0f09cbf47513_37,Yes,moderate,0
80ccd267c26d028d_78,Yes,moderate,0
80ccd267c26d028d_89,Yes,slightly_liberal,-1
55aca5737108f4dd_33,Yes,moderate,0
f071ec47fd64afc1_2,Yes,moderate,0
80ccd267c26d028d_66,Yes,moderate,0
904103b7241f4545_56,Yes,moderately_liberal,-1
f071ec47fd64afc1_34,No,,
e300b5a552ab9af6_47,Yes,moderate,0
904103b7241f4545_54,Yes,moderate,0
69ded4eab72bff38_10,Yes,moderate,0
fdf445c91bfcbf4f_41,Yes,moderate,0
e300b5a552ab9af6_26,Yes,moderate,0
5377869395da9825_72,Yes,strongly_liberal,-1
a3c825b9b76a3183_14,Yes,moderate,0
5377869395da9825_81,No,,
a3c825b9b76a3183_75,No,,
e300b5a552ab9af6_70,Yes,moderate,0
55aca5737108f4dd_14,No,,
fdf445c91bfcbf4f_2,Yes,moderately_liberal,-1
01672d2cb33d9ec0_32,Yes,slightly_liberal,-1
e300b5a552ab9af6_44,Yes,moderate,0
55aca5737108f4dd_38,Yes,moderate,0
a3c825b9b76a3183_47,Yes,moderately_liberal,-1
69ded4eab72bff38_5,Yes,strongly_liberal,-1
69ded4eab72bff38_40,Yes,slightly_liberal,-1
a3c825b9b76a3183_32,Yes,moderate,0
e300b5a552ab9af6_28,Yes,slightly_liberal,-1
80ccd267c26d028d_39,Yes,moderate,0
69ded4eab72bff38_13,Yes,moderate,0
e300b5a552ab9af6_30,Yes,moderate,0
54dde538cda0cd14_21,Yes,moderate,0
55aca5737108f4dd_4,Yes,slightly_liberal,-1
54dde538cda0cd14_74,Yes,strongly_liberal,-1
80ccd267c26d028d_63,Yes,moderate,0
55aca5737108f4dd_13,No,,
5377869395da9825_67,No,,
01672d2cb33d9ec0_5,Yes,strongly_liberal,-1
54dde538cda0cd14_43,Yes,strongly_liberal,-1
55aca5737108f4dd_5,Yes,slightly_liberal,-1
a3c825b9b76a3183_50,Yes,strongly_liberal,-1
904103b7241f4545_33,Yes,strongly_liberal,-1
69ded4eab72bff38_60,Yes,moderately_conservative,1
e300b5a552ab9af6_25,Yes,moderately_liberal,-1
69ded4eab72bff38_22,Yes,slightly_liberal,-1
55aca5737108f4dd_20,Yes,moderately_liberal,-1
e300b5a552ab9af6_21,Yes,moderate,0
54dde538cda0cd14_27,Yes,slightly_liberal,-1
5377869395da9825_83,No,,
5377869395da9825_1,No,,
55aca5737108f4dd_2,Yes,moderate,0
01672d2cb33d9ec0_14,Yes,moderately_conservative,1
55aca5737108f4dd_21,Yes,moderate,0
5377869395da9825_18,Yes,strongly_liberal,-1
55aca5737108f4dd_82,Yes,strongly_conservative,1
80ccd267c26d028d_32,Yes,moderate,0
80ccd267c26d028d_54,Yes,moderate,0
80ccd267c26d028d_17,Yes,moderate,0
01672d2cb33d9ec0_45,Yes,moderately_liberal,-1
80ccd267c26d028d_52,Yes,moderate,0
54dde538cda0cd14_19,Yes,moderate,0
e300b5a552ab9af6_27,Yes,moderate,0
0cd88af28b1b43c9_17,Yes,moderate,0
96c6ff360879a363_51,Yes,moderately_liberal,-1
9fc085616e6c37e1_4,Yes,moderate,0
7891067c51fc8230_0,Yes,moderate,0
7891067c51fc8230_21,Yes,moderately_conservative,1
7891067c51fc8230_2,Yes,moderate,0
c280071e6398e37d_1,Yes,moderate,0
c280071e6398e37d_38,Yes,moderate,0
6375acfce0a9cc66_17,Yes,slightly_liberal,-1
0cd88af28b1b43c9_15,Yes,moderately_liberal,-1
7891067c51fc8230_12,Yes,moderate,0
7891067c51fc8230_17,Yes,moderate,0
aee56f1cc4bbef2e_40,Yes,moderately_conservative,1
ca2ba3ac346e98ef_14,Yes,slightly_conservative,1
ca2ba3ac346e98ef_17,Yes,moderate,0
43cec595716b4990_9,Yes,slightly_liberal,-1
aee56f1cc4bbef2e_36,Yes,moderate,0
43cec595716b4990_35,Yes,slightly_liberal,-1
c280071e6398e37d_43,Yes,slightly_liberal,-1
84bc76016cfd6e55_30,Yes,moderate,0
0cd88af28b1b43c9_39,Yes,moderate,0
ca2ba3ac346e98ef_13,Yes,slightly_liberal,-1
96c6ff360879a363_3,Yes,moderate,0
9fc085616e6c37e1_36,Yes,moderate,0
7891067c51fc8230_50,Yes,moderate,0
aee56f1cc4bbef2e_48,Yes,slightly_liberal,-1
0cd88af28b1b43c9_38,Yes,moderate,0
aee56f1cc4bbef2e_2,Yes,moderate,0
96c6ff360879a363_9,Yes,moderate,0
6375acfce0a9cc66_10,Yes,strongly_liberal,-1
c280071e6398e37d_37,Yes,strongly_liberal,-1
7891067c51fc8230_49,Yes,moderate,0
96c6ff360879a363_45,Yes,moderate,0
6375acfce0a9cc66_18,Yes,moderately_liberal,-1
9fc085616e6c37e1_5,Yes,moderate,0
43cec595716b4990_14,Yes,moderate,0
aee56f1cc4bbef2e_34,No,,
9fc085616e6c37e1_13,Yes,moderate,0
9fc085616e6c37e1_19,Yes,moderate,0
aee56f1cc4bbef2e_16,Yes,moderate,0
0cd88af28b1b43c9_53,No,,
aee56f1cc4bbef2e_38,Yes,moderate,0
9fc085616e6c37e1_3,Yes,moderate,0
ca2ba3ac346e98ef_6,Yes,moderate,0
43cec595716b4990_39,Yes,moderately_liberal,-1
43cec595716b4990_13,Yes,moderate,0
ca2ba3ac346e98ef_37,Yes,moderate,0
43cec595716b4990_26,Yes,slightly_liberal,-1
0cd88af28b1b43c9_7,Yes,strongly_conservative,1
9fc085616e6c37e1_8,Yes,moderate,0
9fc085616e6c37e1_31,Yes,strongly_liberal,-1
43cec595716b4990_5,Yes,moderate,0
84bc76016cfd6e55_23,Yes,strongly_liberal,-1
c280071e6398e37d_16,Yes,strongly_liberal,-1
43cec595716b4990_29,Yes,slightly_liberal,-1
96c6ff360879a363_5,Yes,moderate,0
aee56f1cc4bbef2e_10,Yes,moderate,0
43cec595716b4990_33,Yes,moderate,0
9fc085616e6c37e1_24,Yes,slightly_liberal,-1
84bc76016cfd6e55_42,Yes,strongly_liberal,-1
6375acfce0a9cc66_0,Yes,moderate,0
43cec595716b4990_30,Yes,slightly_liberal,-1
84bc76016cfd6e55_27,Yes,moderate,0
ca2ba3ac346e98ef_7,Yes,moderate,0
c280071e6398e37d_2,Yes,moderate,0
c280071e6398e37d_11,Yes,strongly_liberal,-1
84bc76016cfd6e55_17,Yes,moderately_conservative,1
7891067c51fc8230_26,Yes,moderate,0
43cec595716b4990_15,Yes,slightly_liberal,-1
c280071e6398e37d_55,Yes,moderate,0
7891067c51fc8230_37,Yes,moderate,0
43cec595716b4990_3,Yes,moderate,0
43cec595716b4990_22,Yes,strongly_liberal,-1
84bc76016cfd6e55_19,Yes,strongly_liberal,-1
9fc085616e6c37e1_12,Yes,moderate,0
43cec595716b4990_25,Yes,moderate,0
96c6ff360879a363_60,Yes,moderate,0
43cec595716b4990_45,Yes,moderate,0
43cec595716b4990_40,Yes,moderate,0
9fc085616e6c37e1_15,Yes,moderate,0
0cd88af28b1b43c9_61,No,,
96c6ff360879a363_53,Yes,moderate,0
96c6ff360879a363_8,Yes,moderate,0
ca2ba3ac346e98ef_22,Yes,moderately_liberal,-1
aee56f1cc4bbef2e_31,Yes,moderately_conservative,1
ca2ba3ac346e98ef_32,Yes,moderate,0
9fc085616e6c37e1_23,Yes,moderate,0
96c6ff360879a363_34,Yes,moderately_liberal,-1
c280071e6398e37d_6,Yes,moderately_liberal,-1
aee56f1cc4bbef2e_50,No,,
6375acfce0a9cc66_5,Yes,slightly_liberal,-1
7891067c51fc8230_32,Yes,moderate,0
84bc76016cfd6e55_41,Yes,slightly_liberal,-1
ca2ba3ac346e98ef_25,Yes,moderate,0
6375acfce0a9cc66_1,Yes,moderate,0
9fc085616e6c37e1_18,Yes,moderately_conservative,1
7891067c51fc8230_40,Yes,moderate,0
f0c849b1e4646a91_53,No,,
cd0933d111f906c1_2,Yes,moderate,0
6375acfce0a9cc66_20,Yes,moderate,0
f0c849b1e4646a91_116,No,,
43cec595716b4990_42,Yes,moderate,0
14c0a3c4e74dc848_51,No,,
14c0a3c4e74dc848_24,Yes,strongly_conservative,1
f0c849b1e4646a91_109,No,,
f0c849b1e4646a91_90,Yes,moderately_liberal,-1
c5b42a9f43df4db2_27,Yes,moderate,0
d32a0c2f17fef290_53,Yes,moderate,0
2209aa07dc7ae9bc_63,Yes,moderately_conservative,1
896eaad9d69be9ea_55,Yes,moderate,0
c5b42a9f43df4db2_33,Yes,moderate,0
106260d4bab741f9_74,Yes,strongly_liberal,-1
519ad82a67d55fcc_10,No,,
c5b42a9f43df4db2_20,Yes,moderate,0
d32a0c2f17fef290_6,Yes,moderate,0
c5b42a9f43df4db2_48,Yes,moderate,0
106260d4bab741f9_78,Yes,strongly_conservative,1
14c0a3c4e74dc848_1,Yes,strongly_conservative,1
a0fcff6f2899c20b_6,Yes,slightly_liberal,-1
14c0a3c4e74dc848_32,No,,
c45c9aeac0c1e5f2_2,Yes,strongly_conservative,1
14c0a3c4e74dc848_39,Yes,moderately_conservative,1
f0c849b1e4646a91_67,Yes,slightly_conservative,1
f0c849b1e4646a91_11,Yes,strongly_liberal,-1
896eaad9d69be9ea_35,No,,
a0fcff6f2899c20b_61,Yes,strongly_conservative,1
519ad82a67d55fcc_5,No,,
c45c9aeac0c1e5f2_73,Yes,moderate,0
896eaad9d69be9ea_77,Yes,moderate,0
519ad82a67d55fcc_48,Yes,moderate,0
c45c9aeac0c1e5f2_53,Yes,moderate,0
f0c849b1e4646a91_8,No,,
2209aa07dc7ae9bc_0,No,,
519ad82a67d55fcc_26,No,,
a0fcff6f2899c20b_75,Yes,moderate,0
a0fcff6f2899c20b_11,Yes,slightly_conservative,1
c45c9aeac0c1e5f2_39,Yes,moderate,0
c538693144af9ea1_82,Yes,moderately_conservative,1
106260d4bab741f9_48,Yes,moderately_liberal,-1
d32a0c2f17fef290_66,No,,
519ad82a67d55fcc_58,Yes,strongly_conservative,1
2209aa07dc7ae9bc_14,Yes,slightly_conservative,1
e53b3cbed44f5392_60,Yes,moderate,0
c5b42a9f43df4db2_35,Yes,strongly_liberal,-1
14c0a3c4e74dc848_55,Yes,strongly_conservative,1
e53b3cbed44f5392_28,Yes,moderate,0
e53b3cbed44f5392_75,Yes,moderate,0
d32a0c2f17fef290_22,No,,
e53b3cbed44f5392_41,Yes,moderate,0
896eaad9d69be9ea_31,Yes,moderately_conservative,1
c5b42a9f43df4db2_73,Yes,strongly_conservative,1
f0c849b1e4646a91_64,Yes,moderate,0
106260d4bab741f9_56,Yes,moderately_conservative,1
c538693144af9ea1_8,Yes,slightly_liberal,-1
896eaad9d69be9ea_40,Yes,strongly_liberal,-1
c5b42a9f43df4db2_21,Yes,moderate,0
106260d4bab741f9_59,Yes,moderately_conservative,1
e53b3cbed44f5392_0,Yes,slightly_conservative,1
896eaad9d69be9ea_28,Yes,moderate,0
519ad82a67d55fcc_44,Yes,strongly_conservative,1
c5b42a9f43df4db2_24,Yes,moderate,0
106260d4bab741f9_34,Yes,slightly_conservative,1
14c0a3c4e74dc848_18,Yes,strongly_conservative,1
c538693144af9ea1_17,Yes,moderate,0
f0c849b1e4646a91_24,Yes,moderate,0
14c0a3c4e74dc848_20,Yes,slightly_conservative,1
106260d4bab741f9_65,No,,
896eaad9d69be9ea_14,Yes,moderate,0
106260d4bab741f9_0,No,,
2209aa07dc7ae9bc_21,Yes,strongly_conservative,1
f0c849b1e4646a91_95,Yes,moderate,0
c538693144af9ea1_32,Yes,strongly_liberal,-1
f0c849b1e4646a91_21,Yes,moderate,0
c538693144af9ea1_86,Yes,moderate,0
c538693144af9ea1_38,Yes,strongly_conservative,1
c5b42a9f43df4db2_71,Yes,moderate,0
e53b3cbed44f5392_44,Yes,slightly_liberal,-1
896eaad9d69be9ea_15,No,,
c45c9aeac0c1e5f2_18,Yes,moderate,0
2209aa07dc7ae9bc_52,No,,
896eaad9d69be9ea_4,No,,
c5b42a9f43df4db2_26,Yes,strongly_conservative,1
14c0a3c4e74dc848_46,No,,
a0fcff6f2899c20b_5,Yes,moderate,0
f0c849b1e4646a91_30,Yes,moderate,0
e53b3cbed44f5392_3,Yes,strongly_conservative,1
896eaad9d69be9ea_69,No,,
c538693144af9ea1_57,Yes,moderate,0
c538693144af9ea1_45,Yes,slightly_liberal,-1
896eaad9d69be9ea_73,Yes,strongly_liberal,-1
106260d4bab741f9_2,Yes,strongly_conservative,1
c5b42a9f43df4db2_69,Yes,moderately_conservative,1
c538693144af9ea1_20,Yes,strongly_conservative,1
a0fcff6f2899c20b_20,Yes,moderate,0
c5b42a9f43df4db2_65,Yes,strongly_conservative,1
896eaad9d69be9ea_44,Yes,strongly_liberal,-1
e53b3cbed44f5392_5,Yes,moderate,0
642ecc4b690e6b38_38,No,,
68d3f8aa8f39a076_97,No,,
e53b3cbed44f5392_18,Yes,strongly_conservative,1
a0fcff6f2899c20b_10,Yes,moderate,0
f0c849b1e4646a91_73,Yes,moderate,0
68d3f8aa8f39a076_11,Yes,moderate,0
68d3f8aa8f39a076_36,No,,
68d3f8aa8f39a076_55,No,,
68d3f8aa8f39a076_25,Yes,moderate,0
68d3f8aa8f39a076_34,Yes,moderate,0
ddf0416fc306454a_75,Yes,moderate,0
ddf0416fc306454a_38,Yes,moderate,0
642ecc4b690e6b38_81,Yes,moderate,0
ec8edfd3dbaa682f_52,Yes,slightly_liberal,-1
68d3f8aa8f39a076_14,No,,
642ecc4b690e6b38_30,Yes,moderate,0
ddf0416fc306454a_88,Yes,slightly_liberal,-1
68d3f8aa8f39a076_100,Yes,moderate,0
642ecc4b690e6b38_4,Yes,moderate,0
68d3f8aa8f39a076_10,Yes,moderate,0
7f7b9d0265f65151_92,No,,
559cd767dfa34be1_63,Yes,moderate,0
7f7b9d0265f65151_38,No,,
ec8edfd3dbaa682f_17,Yes,slightly_liberal,-1
ddf0416fc306454a_50,Yes,moderate,0
68d3f8aa8f39a076_93,Yes,moderately_conservative,1
642ecc4b690e6b38_33,Yes,moderate,0
ddf0416fc306454a_7,No,,
d6e5a2ea709959e7_44,Yes,strongly_liberal,-1
7f7b9d0265f65151_90,Yes,moderate,0
ddf0416fc306454a_60,Yes,moderate,0
642ecc4b690e6b38_39,Yes,moderate,0
68d3f8aa8f39a076_13,Yes,moderate,0
ddf0416fc306454a_90,No,,
559cd767dfa34be1_23,Yes,moderate,0
ddf0416fc306454a_16,Yes,moderate,0
d6e5a2ea709959e7_75,Yes,moderate,0
642ecc4b690e6b38_108,No,,
559cd767dfa34be1_79,Yes,moderate,0
d6e5a2ea709959e7_42,Yes,moderate,0
559cd767dfa34be1_31,No,,
ddf0416fc306454a_69,Yes,moderate,0
ec8edfd3dbaa682f_92,Yes,moderately_conservative,1
559cd767dfa34be1_84,Yes,moderately_liberal,-1
68d3f8aa8f39a076_49,No,,
559cd767dfa34be1_45,Yes,moderate,0
642ecc4b690e6b38_69,Yes,slightly_liberal,-1
7f7b9d0265f65151_62,Yes,moderate,0
d6e5a2ea709959e7_28,Yes,moderate,0
ec8edfd3dbaa682f_1,No,,
559cd767dfa34be1_92,Yes,slightly_liberal,-1
642ecc4b690e6b38_86,Yes,moderate,0
642ecc4b690e6b38_60,Yes,moderate,0
642ecc4b690e6b38_31,Yes,moderate,0
559cd767dfa34be1_33,Yes,moderate,0
7f7b9d0265f65151_14,Yes,moderate,0
68d3f8aa8f39a076_24,Yes,moderate,0
5e86f5af4a720e79_4,Yes,moderate,0
7f7b9d0265f65151_89,Yes,moderate,0
ec8edfd3dbaa682f_84,Yes,moderate,0
18c0802b8109e37c_3,No,,
964ba2928bdf40e3_7,No,,
d6e5a2ea709959e7_88,No,,
642ecc4b690e6b38_85,No,,
559cd767dfa34be1_40,Yes,moderate,0
ec8edfd3dbaa682f_26,Yes,moderate,0
d6e5a2ea709959e7_15,No,,
7f7b9d0265f65151_35,Yes,moderate,0
964ba2928bdf40e3_15,No,,
642ecc4b690e6b38_46,Yes,moderate,0
ddf0416fc306454a_71,Yes,moderate,0
68d3f8aa8f39a076_87,No,,
642ecc4b690e6b38_53,No,,
68d3f8aa8f39a076_84,Yes,moderate,0
ddf0416fc306454a_41,No,,
ddf0416fc306454a_40,No,,
7f7b9d0265f65151_87,Yes,moderate,0
642ecc4b690e6b38_27,No,,
7f7b9d0265f65151_25,Yes,moderate,0
4ced7fa86f029c7c_2,No,,
7f7b9d0265f65151_36,No,,
18c0802b8109e37c_10,Yes,moderate,0
559cd767dfa34be1_47,Yes,moderate,0
642ecc4b690e6b38_87,Yes,moderate,0
642ecc4b690e6b38_55,No,,
ec8edfd3dbaa682f_18,No,,
ec8edfd3dbaa682f_62,Yes,moderate,0
ec8edfd3dbaa682f_27,Yes,moderate,0
ddf0416fc306454a_4,Yes,moderate,0
559cd767dfa34be1_94,Yes,slightly_liberal,-1
ec8edfd3dbaa682f_75,Yes,moderate,0
68d3f8aa8f39a076_92,Yes,moderately_conservative,1
5e86f5af4a720e79_2,Yes,moderate,0
b96f3b046d7b0e0f_10,Yes,moderate,0
559cd767dfa34be1_56,No,,
ec8edfd3dbaa682f_31,Yes,moderate,0
ec8edfd3dbaa682f_67,Yes,slightly_liberal,-1
559cd767dfa34be1_7,Yes,moderate,0
68d3f8aa8f39a076_44,No,,
4ced7fa86f029c7c_12,Yes,moderate,0
642ecc4b690e6b38_94,Yes,moderate,0
68d3f8aa8f39a076_31,Yes,moderate,0
ec8edfd3dbaa682f_90,Yes,moderate,0
887fb133e25ee517_19,Yes,moderate,0
887fb133e25ee517_2,Yes,moderately_liberal,-1
dc27fb9a51b94ae4_19,Yes,strongly_liberal,-1
5bb3505442b101a8_12,Yes,moderate,0
5bb3505442b101a8_50,Yes,slightly_liberal,-1
9337d7a625fd2906_24,Yes,moderate,0
c3cf6d5adf5d41cd_25,Yes,moderately_liberal,-1
05fe1a7977912c21_70,Yes,slightly_liberal,-1
252ae9217cbf7c4e_60,Yes,slightly_liberal,-1
8bc5e2484f168985_12,Yes,moderate,0
05fe1a7977912c21_2,No,,
00c0560fcc9a5804_21,Yes,strongly_liberal,-1
00c0560fcc9a5804_8,Yes,moderately_conservative,1
00c0560fcc9a5804_50,Yes,slightly_liberal,-1
887fb133e25ee517_33,Yes,moderately_liberal,-1
252ae9217cbf7c4e_95,No,,
dc27fb9a51b94ae4_1,No,,
5befed0e7c76bd33_70,Yes,moderate,0
252ae9217cbf7c4e_28,Yes,moderately_liberal,-1
5befed0e7c76bd33_33,Yes,moderate,0
05fe1a7977912c21_78,Yes,moderately_conservative,1
5bb3505442b101a8_9,Yes,strongly_liberal,-1
da423de94304d433_1,Yes,moderate,0
252ae9217cbf7c4e_48,Yes,slightly_liberal,-1
05fe1a7977912c21_77,Yes,strongly_liberal,-1
dc27fb9a51b94ae4_22,Yes,slightly_liberal,-1
00c0560fcc9a5804_47,Yes,strongly_liberal,-1
252ae9217cbf7c4e_59,Yes,strongly_liberal,-1
5befed0e7c76bd33_38,Yes,moderately_liberal,-1
05fe1a7977912c21_36,Yes,moderate,0
5befed0e7c76bd33_1,No,,
fd5177e4f04c6955_31,Yes,moderate,0
c3cf6d5adf5d41cd_10,Yes,moderately_liberal,-1
5befed0e7c76bd33_18,Yes,slightly_liberal,-1
5bb3505442b101a8_39,Yes,moderate,0
fd5177e4f04c6955_37,No,,
5bb3505442b101a8_15,Yes,moderate,0
5befed0e7c76bd33_57,Yes,strongly_liberal,-1
dc27fb9a51b94ae4_13,Yes,strongly_liberal,-1
5bb3505442b101a8_20,Yes,strongly_liberal,-1
9337d7a625fd2906_8,Yes,moderate,0
5befed0e7c76bd33_64,No,,
5bb3505442b101a8_48,Yes,strongly_liberal,-1
252ae9217cbf7c4e_41,Yes,strongly_liberal,-1
887fb133e25ee517_38,Yes,moderately_liberal,-1
fd5177e4f04c6955_1,Yes,moderate,0
5befed0e7c76bd33_28,Yes,moderate,0
c3cf6d5adf5d41cd_9,Yes,strongly_liberal,-1
00c0560fcc9a5804_12,Yes,strongly_liberal,-1
05fe1a7977912c21_0,Yes,moderate,0
05fe1a7977912c21_10,Yes,moderate,0
00c0560fcc9a5804_0,No,,
9337d7a625fd2906_26,Yes,moderate,0
c3cf6d5adf5d41cd_27,Yes,slightly_liberal,-1
5bb3505442b101a8_1,Yes,slightly_liberal,-1
dc27fb9a51b94ae4_36,Yes,moderate,0
da423de94304d433_2,No,,
fd5177e4f04c6955_73,No,,
00c0560fcc9a5804_9,Yes,slightly_liberal,-1
00c0560fcc9a5804_23,No,,
fd5177e4f04c6955_30,Yes,moderate,0
dc27fb9a51b94ae4_47,Yes,moderately_liberal,-1
dc27fb9a51b94ae4_28,Yes,slightly_liberal,-1
8bc5e2484f168985_34,Yes,slightly_liberal,-1
5befed0e7c76bd33_69,Yes,moderately_conservative,1
fd5177e4f04c6955_43,Yes,strongly_liberal,-1
252ae9217cbf7c4e_86,Yes,moderate,0
05fe1a7977912c21_39,Yes,strongly_liberal,-1
00c0560fcc9a5804_14,Yes,moderate,0
c3cf6d5adf5d41cd_14,Yes,slightly_liberal,-1
05fe1a7977912c21_28,Yes,moderate,0
887fb133e25ee517_41,Yes,moderately_liberal,-1
5befed0e7c76bd33_22,Yes,moderately_conservative,1
fd5177e4f04c6955_50,No,,
8bc5e2484f168985_11,Yes,strongly_liberal,-1
05fe1a7977912c21_3,No,,
887fb133e25ee517_13,Yes,moderately_liberal,-1
00c0560fcc9a5804_36,Yes,slightly_liberal,-1
fd5177e4f04c6955_56,Yes,moderately_liberal,-1
c3cf6d5adf5d41cd_34,No,,
fd5177e4f04c6955_69,No,,
5befed0e7c76bd33_48,Yes,moderately_conservative,1
05fe1a7977912c21_23,Yes,strongly_liberal,-1
5befed0e7c76bd33_53,Yes,moderate,0
9337d7a625fd2906_36,Yes,strongly_liberal,-1
00c0560fcc9a5804_32,Yes,moderate,0
dc27fb9a51b94ae4_46,Yes,moderate,0
05fe1a7977912c21_60,Yes,moderate,0
00c0560fcc9a5804_18,Yes,strongly_liberal,-1
8bc5e2484f168985_0,No,,
dc27fb9a51b94ae4_24,Yes,moderate,0
8bc5e2484f168985_4,Yes,moderately_liberal,-1
252ae9217cbf7c4e_63,Yes,moderately_liberal,-1
887fb133e25ee517_32,Yes,moderate,0
c3cf6d5adf5d41cd_8,Yes,slightly_liberal,-1
dc27fb9a51b94ae4_18,Yes,strongly_liberal,-1
b6f109fb37eb85bb_18,No,,
dc27fb9a51b94ae4_48,Yes,strongly_liberal,-1
5befed0e7c76bd33_6,Yes,moderate,0
9337d7a625fd2906_39,Yes,moderate,0
c3cf6d5adf5d41cd_1,Yes,moderate,0
2eac77f6b3b02867_51,Yes,moderately_conservative,1
5659d83f7f500b2e_1,No,,
5659d83f7f500b2e_33,Yes,moderate,0
b6f109fb37eb85bb_9,Yes,strongly_conservative,1
d65869ef72fced95_75,Yes,strongly_conservative,1
b6f109fb37eb85bb_0,Yes,moderate,0
a022399fe2ff0e34_51,Yes,moderate,0
21880d1902f91c0c_18,Yes,moderate,0
df8b433d57006c3b_20,Yes,moderate,0
21880d1902f91c0c_22,No,,
a022399fe2ff0e34_12,Yes,moderate,0
5659d83f7f500b2e_15,Yes,moderate,0
5659d83f7f500b2e_12,Yes,moderate,0
2eac77f6b3b02867_16,Yes,strongly_conservative,1
df8b433d57006c3b_39,Yes,strongly_conservative,1
f730f5d02ca4a994_30,Yes,slightly_conservative,1
df8b433d57006c3b_23,Yes,strongly_liberal,-1
4b98babde44a5a27_49,Yes,moderately_conservative,1
2eac77f6b3b02867_46,Yes,slightly_conservative,1
a022399fe2ff0e34_42,Yes,strongly_conservative,1
d65869ef72fced95_7,Yes,moderate,0
df8b433d57006c3b_42,Yes,moderately_conservative,1
b6f109fb37eb85bb_27,No,,
4b98babde44a5a27_47,Yes,strongly_conservative,1
df8b433d57006c3b_56,Yes,strongly_conservative,1
d7669749015054c5_21,Yes,strongly_conservative,1
d65869ef72fced95_23,No,,
b6f109fb37eb85bb_15,Yes,moderate,0
df8b433d57006c3b_70,Yes,moderate,0
2eac77f6b3b02867_35,Yes,moderately_conservative,1
d7669749015054c5_20,Yes,moderately_conservative,1
4b98babde44a5a27_12,Yes,strongly_liberal,-1
5659d83f7f500b2e_17,Yes,moderate,0
d65869ef72fced95_18,No,,
21880d1902f91c0c_3,Yes,strongly_conservative,1
45b48ed2f6ceccae_39,No,,
f730f5d02ca4a994_48,Yes,slightly_liberal,-1
53faf99760055423_33,No,,
5659d83f7f500b2e_36,No,,
d65869ef72fced95_62,Yes,slightly_conservative,1
a022399fe2ff0e34_35,Yes,strongly_conservative,1
a022399fe2ff0e34_29,Yes,moderately_conservative,1
f730f5d02ca4a994_46,Yes,moderately_conservative,1
df8b433d57006c3b_6,Yes,slightly_conservative,1
f730f5d02ca4a994_52,Yes,moderately_conservative,1
45b48ed2f6ceccae_18,Yes,moderately_conservative,1
53faf99760055423_19,Yes,moderate,0
b6f109fb37eb85bb_5,Yes,moderate,0
f730f5d02ca4a994_1,Yes,strongly_conservative,1
4b98babde44a5a27_44,Yes,strongly_liberal,-1
df8b433d57006c3b_51,No,,
f730f5d02ca4a994_24,Yes,strongly_conservative,1
d7669749015054c5_4,Yes,moderately_conservative,1
d65869ef72fced95_0,No,,
d65869ef72fced95_5,Yes,moderate,0
b6f109fb37eb85bb_49,No,,
df8b433d57006c3b_55,Yes,strongly_liberal,-1
2eac77f6b3b02867_19,Yes,strongly_conservative,1
d65869ef72fced95_30,Yes,moderate,0
21880d1902f91c0c_24,No,,
df8b433d57006c3b_43,Yes,strongly_conservative,1
2eac77f6b3b02867_0,No,,
a022399fe2ff0e34_36,Yes,strongly_conservative,1
21880d1902f91c0c_40,Yes,moderate,0
d65869ef72fced95_36,Yes,moderate,0
df8b433d57006c3b_72,No,,
b6f109fb37eb85bb_59,Yes,moderate,0
b6f109fb37eb85bb_58,No,,
2eac77f6b3b02867_29,Yes,moderate,0
21880d1902f91c0c_5,Yes,moderate,0
b6f109fb37eb85bb_43,No,,
d65869ef72fced95_15,Yes,moderate,0
d65869ef72fced95_55,No,,
53faf99760055423_67,Yes,moderate,0
2eac77f6b3b02867_11,Yes,moderate,0
d7669749015054c5_43,Yes,moderate,0
f730f5d02ca4a994_47,No,,
4b98babde44a5a27_60,Yes,moderate,0
21880d1902f91c0c_37,Yes,moderate,0
a022399fe2ff0e34_8,Yes,moderate,0
a022399fe2ff0e34_23,Yes,strongly_conservative,1
f730f5d02ca4a994_54,Yes,strongly_conservative,1
df8b433d57006c3b_71,Yes,moderate,0
53faf99760055423_8,No,,
53faf99760055423_68,Yes,moderate,0
53faf99760055423_28,Yes,moderately_conservative,1
4b98babde44a5a27_18,Yes,moderately_conservative,1
d65869ef72fced95_12,Yes,moderately_conservative,1
d7669749015054c5_65,Yes,slightly_conservative,1
21880d1902f91c0c_1,Yes,moderate,0
45b48ed2f6ceccae_16,Yes,strongly_conservative,1
df8b433d57006c3b_9,Yes,strongly_conservative,1
d7669749015054c5_23,Yes,moderately_conservative,1
4b98babde44a5a27_42,Yes,slightly_conservative,1
a022399fe2ff0e34_60,Yes,moderate,0
d65869ef72fced95_20,Yes,strongly_conservative,1
d7669749015054c5_38,Yes,moderately_conservative,1
d7669749015054c5_66,Yes,moderately_conservative,1
f730f5d02ca4a994_29,Yes,strongly_conservative,1
e2eed70098bcaa5d_5,Yes,moderate,0
411da49d1b2c2cad_1,Yes,moderate,0
dfae776230490fd9_6,Yes,slightly_liberal,-1
cf553649cff75924_7,Yes,moderate,0
bfddea79e6346d90_48,Yes,slightly_liberal,-1
dfa588189a509c5b_48,Yes,strongly_liberal,-1
bfddea79e6346d90_16,Yes,slightly_liberal,-1
dfae776230490fd9_65,No,,
6bca374bed646a36_70,Yes,slightly_liberal,-1
cae6cae83e342e1d_4,Yes,moderate,0
b68c41b3457d7641_37,Yes,strongly_liberal,-1
cae6cae83e342e1d_36,Yes,strongly_liberal,-1
473434a4cf1c2dff_5,Yes,slightly_liberal,-1
6bca374bed646a36_13,Yes,moderate,0
dfae776230490fd9_91,No,,
473434a4cf1c2dff_9,No,,
dfa588189a509c5b_19,Yes,moderate,0
e2eed70098bcaa5d_41,Yes,moderate,0
dfae776230490fd9_37,Yes,moderate,0
411da49d1b2c2cad_8,Yes,moderate,0
6bca374bed646a36_88,Yes,slightly_liberal,-1
cae6cae83e342e1d_1,Yes,slightly_conservative,1
bfddea79e6346d90_21,Yes,moderate,0
bfddea79e6346d90_50,Yes,moderately_liberal,-1
6bca374bed646a36_114,Yes,slightly_liberal,-1
b68c41b3457d7641_8,Yes,moderate,0
42b90bab96a52ffb_32,No,,
473434a4cf1c2dff_23,Yes,moderate,0
cf553649cff75924_13,Yes,moderate,0
dfae776230490fd9_0,No,,
dfae776230490fd9_47,Yes,strongly_liberal,-1
6bca374bed646a36_37,Yes,moderate,0
942bf9c55ae7031e_50,Yes,moderate,0
bfddea79e6346d90_3,Yes,moderate,0
cae6cae83e342e1d_2,Yes,moderate,0
411da49d1b2c2cad_50,Yes,slightly_liberal,-1
dfae776230490fd9_57,Yes,moderate,0
cae6cae83e342e1d_13,Yes,moderate,0
6bca374bed646a36_95,No,,
6bca374bed646a36_16,Yes,moderate,0
bfddea79e6346d90_14,Yes,moderate,0
473434a4cf1c2dff_58,Yes,moderate,0
942bf9c55ae7031e_29,Yes,slightly_liberal,-1
bfddea79e6346d90_40,Yes,slightly_liberal,-1
942bf9c55ae7031e_33,Yes,moderate,0
6bca374bed646a36_111,Yes,moderate,0
411da49d1b2c2cad_14,Yes,moderate,0
42b90bab96a52ffb_31,Yes,moderate,0
411da49d1b2c2cad_23,Yes,slightly_liberal,-1
42b90bab96a52ffb_24,Yes,moderate,0
473434a4cf1c2dff_29,No,,
6bca374bed646a36_108,Yes,moderate,0
942bf9c55ae7031e_35,Yes,strongly_liberal,-1
6bca374bed646a36_43,Yes,slightly_conservative,1
942bf9c55ae7031e_54,Yes,moderate,0
42b90bab96a52ffb_33,Yes,moderate,0
6bca374bed646a36_115,Yes,strongly_liberal,-1
dfae776230490fd9_1,Yes,moderate,0
6bca374bed646a36_87,Yes,moderate,0
dfae776230490fd9_43,No,,
6bca374bed646a36_66,No,,
cae6cae83e342e1d_6,Yes,slightly_liberal,-1
6bca374bed646a36_92,Yes,moderate,0
e2eed70098bcaa5d_7,Yes,strongly_liberal,-1
42b90bab96a52ffb_36,Yes,moderate,0
b68c41b3457d7641_9,Yes,moderate,0
cf553649cff75924_16,Yes,moderate,0
dfae776230490fd9_88,Yes,moderate,0
dfae776230490fd9_52,No,,
cae6cae83e342e1d_38,Yes,slightly_liberal,-1
942bf9c55ae7031e_11,Yes,moderate,0
bfddea79e6346d90_5,Yes,moderate,0
bfddea79e6346d90_20,Yes,strongly_liberal,-1
411da49d1b2c2cad_34,No,,
dfae776230490fd9_9,Yes,strongly_liberal,-1
473434a4cf1c2dff_43,Yes,moderate,0
6bca374bed646a36_72,Yes,moderate,0
42b90bab96a52ffb_18,Yes,moderate,0
6bca374bed646a36_24,Yes,moderate,0
473434a4cf1c2dff_18,No,,
e2eed70098bcaa5d_38,Yes,strongly_liberal,-1
42b90bab96a52ffb_16,Yes,moderate,0
6bca374bed646a36_35,Yes,moderate,0
b68c41b3457d7641_2,Yes,moderate,0
e2eed70098bcaa5d_35,Yes,moderate,0
411da49d1b2c2cad_11,Yes,slightly_liberal,-1
473434a4cf1c2dff_24,Yes,moderate,0
6bca374bed646a36_77,Yes,moderate,0
dfa588189a509c5b_50,No,,
b68c41b3457d7641_31,Yes,moderate,0
6bca374bed646a36_54,Yes,moderate,0
411da49d1b2c2cad_16,Yes,moderate,0
bfddea79e6346d90_24,Yes,strongly_liberal,-1
bfddea79e6346d90_30,Yes,moderate,0
cf553649cff75924_1,Yes,moderate,0
dfae776230490fd9_72,Yes,moderate,0
42b90bab96a52ffb_25,Yes,moderate,0
411da49d1b2c2cad_35,Yes,moderate,0
42b90bab96a52ffb_27,Yes,moderate,0
942bf9c55ae7031e_41,Yes,moderate,0
f0fddb0b7070986b_20,Yes,moderate,0
11077b407880283a_9,Yes,strongly_conservative,1
208a7e2040dfca96_21,Yes,strongly_conservative,1
c6b1b0debf217b6a_0,Yes,strongly_conservative,1
f0fddb0b7070986b_13,Yes,moderately_conservative,1
b3d79568cee55ad6_20,Yes,strongly_conservative,1
8d535daf23627856_16,Yes,moderately_conservative,1
44bd9023950a5055_5,Yes,moderately_conservative,1
c6b1b0debf217b6a_12,Yes,moderate,0
44d56355ecbc54bf_17,Yes,strongly_conservative,1
8d535daf23627856_9,Yes,moderately_conservative,1
f0fddb0b7070986b_0,Yes,strongly_conservative,1
68bf870f7e73d82b_19,Yes,strongly_conservative,1
68bf870f7e73d82b_16,Yes,strongly_conservative,1
d5083b0b090adafe_11,Yes,strongly_conservative,1
04cdbf2023a9f594_6,Yes,strongly_conservative,1
44bd9023950a5055_2,Yes,moderate,0
68bf870f7e73d82b_14,Yes,strongly_conservative,1
208a7e2040dfca96_6,Yes,moderately_conservative,1
f0fddb0b7070986b_14,Yes,strongly_conservative,1
11077b407880283a_19,No,,
d5083b0b090adafe_8,Yes,strongly_conservative,1
68bf870f7e73d82b_2,Yes,moderately_conservative,1
d5083b0b090adafe_10,Yes,strongly_conservative,1
8d535daf23627856_5,Yes,strongly_conservative,1
c6b1b0debf217b6a_13,Yes,moderately_conservative,1
208a7e2040dfca96_1,Yes,moderately_conservative,1
8d535daf23627856_6,Yes,strongly_conservative,1
04cdbf2023a9f594_13,Yes,strongly_conservative,1
44bd9023950a5055_14,Yes,moderately_conservative,1
8d535daf23627856_17,Yes,strongly_conservative,1
44bd9023950a5055_1,Yes,moderate,0
68bf870f7e73d82b_10,Yes,moderately_conservative,1
11077b407880283a_0,Yes,moderately_conservative,1
04cdbf2023a9f594_18,Yes,moderately_conservative,1
d5083b0b090adafe_0,Yes,strongly_conservative,1
04cdbf2023a9f594_8,Yes,strongly_conservative,1
b3d79568cee55ad6_4,Yes,moderate,0
f0fddb0b7070986b_10,Yes,strongly_conservative,1
66fd183b4262b9d6_10,Yes,strongly_conservative,1
04cdbf2023a9f594_16,Yes,strongly_conservative,1
d5083b0b090adafe_3,Yes,strongly_conservative,1
8d535daf23627856_22,Yes,strongly_conservative,1
04cdbf2023a9f594_4,Yes,strongly_conservative,1
66fd183b4262b9d6_14,Yes,strongly_conservative,1
04cdbf2023a9f594_10,Yes,strongly_conservative,1
66fd183b4262b9d6_3,Yes,moderately_conservative,1
11077b407880283a_8,Yes,moderately_conservative,1
68bf870f7e73d82b_1,Yes,moderately_conservative,1
44d56355ecbc54bf_15,Yes,strongly_conservative,1
c6b1b0debf217b6a_2,Yes,strongly_conservative,1
8d535daf23627856_23,Yes,strongly_conservative,1
44bd9023950a5055_23,No,,
44d56355ecbc54bf_0,Yes,slightly_conservative,1
f0fddb0b7070986b_1,Yes,moderate,0
68bf870f7e73d82b_23,No,,
04cdbf2023a9f594_20,Yes,moderately_conservative,1
f0fddb0b7070986b_17,Yes,strongly_conservative,1
04cdbf2023a9f594_19,Yes,strongly_conservative,1
66fd183b4262b9d6_13,Yes,strongly_conservative,1
44bd9023950a5055_22,Yes,strongly_conservative,1
d5083b0b090adafe_12,Yes,moderate,0
44bd9023950a5055_17,Yes,slightly_conservative,1
04cdbf2023a9f594_14,Yes,strongly_conservative,1
68bf870f7e73d82b_8,Yes,strongly_conservative,1
8d535daf23627856_15,Yes,moderate,0
04cdbf2023a9f594_21,Yes,slightly_conservative,1
208a7e2040dfca96_18,Yes,strongly_conservative,1
208a7e2040dfca96_3,Yes,strongly_conservative,1
66fd183b4262b9d6_1,Yes,moderate,0
44d56355ecbc54bf_12,Yes,strongly_conservative,1
208a7e2040dfca96_17,Yes,strongly_conservative,1
11077b407880283a_16,Yes,strongly_conservative,1
f0fddb0b7070986b_15,Yes,strongly_conservative,1
208a7e2040dfca96_4,Yes,strongly_conservative,1
c6b1b0debf217b6a_11,Yes,slightly_liberal,-1
44d56355ecbc54bf_11,Yes,strongly_conservative,1
d5083b0b090adafe_1,Yes,moderate,0
66fd183b4262b9d6_4,Yes,strongly_conservative,1
f0fddb0b7070986b_9,Yes,strongly_conservative,1
68bf870f7e73d82b_9,Yes,strongly_conservative,1
44bd9023950a5055_12,Yes,moderately_conservative,1
c6b1b0debf217b6a_15,Yes,moderately_conservative,1
b3d79568cee55ad6_17,Yes,slightly_conservative,1
208a7e2040dfca96_16,Yes,moderately_conservative,1
8d535daf23627856_21,Yes,strongly_conservative,1
66fd183b4262b9d6_19,No,,
208a7e2040dfca96_0,Yes,moderate,0
68bf870f7e73d82b_0,Yes,strongly_conservative,1
04cdbf2023a9f594_1,Yes,moderately_conservative,1
66fd183b4262b9d6_9,Yes,strongly_conservative,1
66fd183b4262b9d6_12,Yes,strongly_conservative,1
04cdbf2023a9f594_12,Yes,strongly_conservative,1
04cdbf2023a9f594_17,Yes,moderate,0
11077b407880283a_10,Yes,strongly_conservative,1
c6b1b0debf217b6a_5,Yes,moderate,0
44bd9023950a5055_4,Yes,moderately_conservative,1
b3d79568cee55ad6_1,Yes,moderate,0
04cdbf2023a9f594_2,Yes,moderately_conservative,1
04cdbf2023a9f594_23,Yes,moderate,0
668d5a29b39dcdca_45,No,,
4e3db9b179bb8efb_61,Yes,moderate,0
4e3db9b179bb8efb_97,Yes,moderate,0
27b84257b1b25dff_81,Yes,moderate,0
dc8dc7fd2fb7e512_83,Yes,moderate,0
4e3db9b179bb8efb_12,Yes,moderate,0
668d5a29b39dcdca_32,Yes,strongly_liberal,-1
64ef56a285a3655e_43,Yes,moderate,0
2b3984b4e1c7c4bd_87,Yes,moderate,0
0663fc3da6445800_0,Yes,moderate,0
27b84257b1b25dff_2,Yes,moderately_conservative,1
668d5a29b39dcdca_84,No,,
27b84257b1b25dff_107,Yes,moderately_liberal,-1
f4ecbc2473b777ee_3,Yes,moderate,0
668d5a29b39dcdca_100,No,,
64ef56a285a3655e_77,Yes,strongly_liberal,-1
2c2052bb89775424_43,Yes,moderate,0
2c2052bb89775424_81,Yes,moderate,0
2b3984b4e1c7c4bd_84,Yes,moderately_conservative,1
2b3984b4e1c7c4bd_48,Yes,moderate,0
46bd775c9aa83bf4_30,Yes,slightly_liberal,-1
2c2052bb89775424_8,Yes,moderately_conservative,1
46bd775c9aa83bf4_80,Yes,moderate,0
46bd775c9aa83bf4_49,Yes,moderate,0
0663fc3da6445800_14,Yes,moderately_conservative,1
2c2052bb89775424_51,Yes,slightly_liberal,-1
64ef56a285a3655e_70,Yes,moderately_conservative,1
4e3db9b179bb8efb_60,Yes,moderate,0
64ef56a285a3655e_75,Yes,moderately_conservative,1
2c2052bb89775424_1,Yes,strongly_conservative,1
4e3db9b179bb8efb_70,Yes,moderate,0
27b84257b1b25dff_8,Yes,moderately_conservative,1
2b3984b4e1c7c4bd_28,Yes,moderate,0
4cac728df9ecbd08_88,Yes,moderately_conservative,1
2b3984b4e1c7c4bd_19,No,,
64ef56a285a3655e_103,Yes,moderate,0
64ef56a285a3655e_14,Yes,moderately_conservative,1
2c2052bb89775424_11,No,,
4e3db9b179bb8efb_7,Yes,moderate,0
2b3984b4e1c7c4bd_16,Yes,moderate,0
0663fc3da6445800_36,Yes,moderate,0
dc8dc7fd2fb7e512_102,No,,
46bd775c9aa83bf4_21,Yes,moderate,0
f4ecbc2473b777ee_59,Yes,moderate,0
0663fc3da6445800_37,Yes,moderate,0
668d5a29b39dcdca_36,Yes,slightly_liberal,-1
64ef56a285a3655e_58,Yes,moderate,0
46bd775c9aa83bf4_70,Yes,moderate,0
dc8dc7fd2fb7e512_87,Yes,slightly_conservative,1
4e3db9b179bb8efb_69,No,,
dc8dc7fd2fb7e512_89,Yes,moderate,0
46bd775c9aa83bf4_5,Yes,moderate,0
2c2052bb89775424_80,Yes,moderate,0
2c2052bb89775424_28,Yes,moderately_conservative,1
f4ecbc2473b777ee_30,No,,
668d5a29b39dcdca_30,Yes,moderate,0
64ef56a285a3655e_88,Yes,moderately_conservative,1
0663fc3da6445800_73,No,,
2c2052bb89775424_38,Yes,moderately_conservative,1
27b84257b1b25dff_11,Yes,moderate,0
4cac728df9ecbd08_63,No,,
dc8dc7fd2fb7e512_44,Yes,moderate,0
f4ecbc2473b777ee_25,No,,
2c2052bb89775424_92,Yes,moderate,0
46bd775c9aa83bf4_71,Yes,slightly_liberal,-1
0663fc3da6445800_17,Yes,moderate,0
2c2052bb89775424_65,Yes,moderate,0
0663fc3da6445800_10,Yes,moderate,0
46bd775c9aa83bf4_68,Yes,moderately_conservative,1
dc8dc7fd2fb7e512_24,Yes,moderate,0
dc8dc7fd2fb7e512_74,No,,
cde605ca6c9bb374_30,Yes,moderately_conservative,1
4e3db9b179bb8efb_95,Yes,moderate,0
2c2052bb89775424_32,Yes,moderate,0
64ef56a285a3655e_32,Yes,moderate,0
668d5a29b39dcdca_12,Yes,strongly_liberal,-1
dc8dc7fd2fb7e512_10,Yes,moderate,0
4cac728df9ecbd08_39,Yes,moderate,0
4cac728df9ecbd08_47,Yes,moderate,0
64ef56a285a3655e_89,Yes,moderate,0
2c2052bb89775424_17,Yes,moderate,0
64ef56a285a3655e_52,Yes,moderate,0
cde605ca6c9bb374_55,Yes,moderate,0
668d5a29b39dcdca_94,No,,
cde605ca6c9bb374_17,Yes,slightly_conservative,1
dc8dc7fd2fb7e512_84,No,,
27b84257b1b25dff_44,Yes,moderately_conservative,1
27b84257b1b25dff_77,No,,
4e3db9b179bb8efb_37,Yes,moderate,0
2b3984b4e1c7c4bd_7,Yes,moderate,0
2c2052bb89775424_31,Yes,moderate,0
27b84257b1b25dff_6,Yes,slightly_conservative,1
0663fc3da6445800_32,Yes,moderate,0
0663fc3da6445800_3,No,,
dc8dc7fd2fb7e512_9,Yes,moderate,0
0663fc3da6445800_13,Yes,slightly_conservative,1
64ef56a285a3655e_20,Yes,strongly_conservative,1
64ef56a285a3655e_9,Yes,moderately_conservative,1
0663fc3da6445800_39,Yes,moderate,0
33291b2dc3e0c020_3,Yes,moderate,0
dc8dc7fd2fb7e512_86,Yes,slightly_liberal,-1
7e60825b915bf3c1_10,Yes,strongly_conservative,1
1fe562e3ccc14c7b_10,Yes,strongly_conservative,1
23f2895107fd818e_38,No,,
f9faa984274187b7_61,Yes,moderate,0
1fe562e3ccc14c7b_0,Yes,moderately_conservative,1
6a2d0066264d668c_4,Yes,strongly_conservative,1
c84a3db76f75153a_2,Yes,strongly_conservative,1
2fb9b9c6e1e0f6e1_52,Yes,moderately_conservative,1
f9faa984274187b7_5,Yes,strongly_conservative,1
86269dcd455b521e_8,Yes,moderate,0
23f2895107fd818e_13,No,,
23f2895107fd818e_37,Yes,strongly_conservative,1
23f2895107fd818e_79,Yes,moderate,0
2fb9b9c6e1e0f6e1_14,Yes,strongly_conservative,1
2fb9b9c6e1e0f6e1_17,No,,
23f2895107fd818e_19,No,,
e7f48d31639079bb_1,Yes,strongly_conservative,1
2fb9b9c6e1e0f6e1_30,Yes,moderate,0
f9faa984274187b7_58,No,,
2fb9b9c6e1e0f6e1_81,No,,
7e60825b915bf3c1_1,Yes,strongly_conservative,1
23f2895107fd818e_36,Yes,strongly_conservative,1
2fb9b9c6e1e0f6e1_70,No,,
23f2895107fd818e_2,Yes,moderately_conservative,1
2fb9b9c6e1e0f6e1_56,Yes,moderately_liberal,-1
e7f48d31639079bb_11,Yes,strongly_conservative,1
2fb9b9c6e1e0f6e1_66,Yes,slightly_conservative,1
2fb9b9c6e1e0f6e1_16,Yes,moderately_conservative,1
1fe562e3ccc14c7b_11,Yes,strongly_conservative,1
2fb9b9c6e1e0f6e1_25,Yes,strongly_conservative,1
f9faa984274187b7_15,Yes,slightly_conservative,1
f9faa984274187b7_25,Yes,strongly_conservative,1
23f2895107fd818e_27,No,,
2fb9b9c6e1e0f6e1_3,Yes,moderately_conservative,1
f9faa984274187b7_49,No,,
23f2895107fd818e_39,No,,
33291b2dc3e0c020_7,Yes,strongly_liberal,-1
e7f48d31639079bb_6,Yes,strongly_conservative,1
33291b2dc3e0c020_16,Yes,moderately_conservative,1
86269dcd455b521e_14,No,,
e7f48d31639079bb_2,Yes,strongly_conservative,1
6a2d0066264d668c_12,Yes,moderately_conservative,1
f9faa984274187b7_21,Yes,strongly_conservative,1
7e60825b915bf3c1_0,Yes,strongly_conservative,1
86269dcd455b521e_5,Yes,strongly_liberal,-1
f9faa984274187b7_43,Yes,moderate,0
33291b2dc3e0c020_18,Yes,moderately_conservative,1
f9faa984274187b7_2,Yes,strongly_conservative,1
23f2895107fd818e_9,Yes,moderately_conservative,1
7e60825b915bf3c1_6,Yes,strongly_conservative,1
2fb9b9c6e1e0f6e1_55,Yes,strongly_conservative,1
3d0ae4ff37fc4680_8,Yes,strongly_conservative,1
86269dcd455b521e_9,Yes,moderately_conservative,1
23f2895107fd818e_68,Yes,strongly_conservative,1
23f2895107fd818e_45,No,,
6a2d0066264d668c_3,Yes,strongly_conservative,1
2fb9b9c6e1e0f6e1_5,Yes,moderately_conservative,1
6a2d0066264d668c_11,Yes,strongly_conservative,1
2fb9b9c6e1e0f6e1_73,No,,
23f2895107fd818e_5,Yes,strongly_conservative,1
f9faa984274187b7_37,Yes,moderate,0
f9faa984274187b7_50,No,,
f9faa984274187b7_38,Yes,moderate,0
86269dcd455b521e_1,Yes,moderate,0
3d0ae4ff37fc4680_7,Yes,strongly_conservative,1
f9faa984274187b7_10,Yes,moderately_conservative,1
33291b2dc3e0c020_9,No,,
2fb9b9c6e1e0f6e1_32,Yes,strongly_conservative,1
2fb9b9c6e1e0f6e1_60,Yes,moderate,0
23f2895107fd818e_58,Yes,moderate,0
1c6e8b0e35cfb0c1_3,Yes,strongly_conservative,1
2fb9b9c6e1e0f6e1_31,Yes,strongly_conservative,1
23f2895107fd818e_65,No,,
f9faa984274187b7_13,Yes,moderately_conservative,1
2fb9b9c6e1e0f6e1_50,Yes,strongly_conservative,1
23f2895107fd818e_34,Yes,strongly_conservative,1
1c6e8b0e35cfb0c1_5,No,,
f9faa984274187b7_16,Yes,strongly_conservative,1
2fb9b9c6e1e0f6e1_79,Yes,moderately_conservative,1
33291b2dc3e0c020_11,No,,
23f2895107fd818e_30,Yes,moderately_conservative,1
f9faa984274187b7_59,Yes,moderate,0
2fb9b9c6e1e0f6e1_27,Yes,strongly_conservative,1
2fb9b9c6e1e0f6e1_57,Yes,moderately_conservative,1
f9faa984274187b7_33,Yes,moderate,0
2fb9b9c6e1e0f6e1_24,Yes,moderately_conservative,1
7e60825b915bf3c1_5,Yes,strongly_conservative,1
23f2895107fd818e_71,No,,
2fb9b9c6e1e0f6e1_69,No,,
23f2895107fd818e_53,Yes,moderate,0
23f2895107fd818e_48,Yes,moderate,0
33291b2dc3e0c020_14,Yes,moderate,0
f9faa984274187b7_6,Yes,strongly_conservative,1
f9faa984274187b7_52,No,,
f9faa984274187b7_56,No,,
23f2895107fd818e_55,Yes,moderate,0
23f2895107fd818e_61,Yes,moderate,0
1fe562e3ccc14c7b_6,Yes,strongly_conservative,1
2fb9b9c6e1e0f6e1_0,Yes,strongly_conservative,1
514e6c852695e34d_22,Yes,strongly_conservative,1
2a2eb2d7237b41e3_21,Yes,moderate,0
a36823ffa7e8b10c_8,Yes,strongly_conservative,1
b730da0d521da5bd_19,Yes,strongly_conservative,1
41207f1fd7c90dc3_12,Yes,strongly_conservative,1
b56ebdead4590276_41,Yes,moderately_conservative,1
8e9a16dfdffd390c_44,Yes,strongly_conservative,1
8e9a16dfdffd390c_45,Yes,strongly_conservative,1
2a2eb2d7237b41e3_17,Yes,moderately_conservative,1
b730da0d521da5bd_18,Yes,strongly_conservative,1
10c35f6bf27411c9_19,Yes,strongly_conservative,1
8e9a16dfdffd390c_42,Yes,moderate,0
b56ebdead4590276_10,No,,
25b5841d0b782491_17,Yes,strongly_conservative,1
b56ebdead4590276_16,No,,
a36823ffa7e8b10c_3,Yes,strongly_conservative,1
c61450503d34c4e6_16,Yes,strongly_conservative,1
10c35f6bf27411c9_49,Yes,moderate,0
b730da0d521da5bd_21,Yes,strongly_conservative,1
2a2eb2d7237b41e3_1,Yes,moderate,0
8e9a16dfdffd390c_49,Yes,strongly_conservative,1
8e9a16dfdffd390c_38,Yes,moderate,0
b730da0d521da5bd_8,Yes,strongly_conservative,1
a36823ffa7e8b10c_16,Yes,strongly_conservative,1
41207f1fd7c90dc3_11,Yes,moderately_conservative,1
25b5841d0b782491_13,Yes,strongly_conservative,1
c61450503d34c4e6_21,Yes,strongly_conservative,1
2a2eb2d7237b41e3_0,Yes,moderately_conservative,1
f56ae9bc4ceae825_19,Yes,strongly_conservative,1
8e9a16dfdffd390c_39,Yes,moderate,0
8e9a16dfdffd390c_48,Yes,moderately_conservative,1
514e6c852695e34d_2,Yes,moderate,0
2a2eb2d7237b41e3_9,Yes,moderate,0
c61450503d34c4e6_5,Yes,strongly_conservative,1
514e6c852695e34d_16,Yes,strongly_conservative,1
41207f1fd7c90dc3_0,Yes,strongly_conservative,1
a36823ffa7e8b10c_19,Yes,strongly_conservative,1
10c35f6bf27411c9_32,Yes,strongly_conservative,1
41207f1fd7c90dc3_13,Yes,strongly_conservative,1
514e6c852695e34d_13,Yes,strongly_conservative,1
25b5841d0b782491_21,Yes,strongly_conservative,1
8e9a16dfdffd390c_4,Yes,strongly_conservative,1
2a2eb2d7237b41e3_53,Yes,strongly_conservative,1
b56ebdead4590276_15,No,,
b730da0d521da5bd_14,No,,
a36823ffa7e8b10c_22,Yes,strongly_conservative,1
514e6c852695e34d_18,Yes,strongly_conservative,1
b730da0d521da5bd_11,Yes,strongly_conservative,1
a36823ffa7e8b10c_21,Yes,strongly_conservative,1
514e6c852695e34d_9,Yes,strongly_conservative,1
8e9a16dfdffd390c_25,Yes,moderately_conservative,1
2a2eb2d7237b41e3_40,Yes,strongly_conservative,1
c61450503d34c4e6_14,Yes,strongly_conservative,1
514e6c852695e34d_20,Yes,strongly_conservative,1
514e6c852695e34d_6,Yes,strongly_conservative,1
ff6bfa9d0e216483_5,No,,
2a2eb2d7237b41e3_33,Yes,moderately_conservative,1
b56ebdead4590276_18,Yes,strongly_conservative,1
10c35f6bf27411c9_27,Yes,strongly_conservative,1
8e9a16dfdffd390c_5,Yes,strongly_conservative,1
8e9a16dfdffd390c_10,Yes,moderate,0
2a2eb2d7237b41e3_10,Yes,moderate,0
c61450503d34c4e6_24,Yes,strongly_conservative,1
25b5841d0b782491_12,Yes,strongly_conservative,1
c61450503d34c4e6_9,Yes,strongly_conservative,1
2a2eb2d7237b41e3_43,Yes,strongly_conservative,1
a36823ffa7e8b10c_20,Yes,strongly_conservative,1
8e9a16dfdffd390c_0,Yes,strongly_conservative,1
41207f1fd7c90dc3_20,Yes,moderate,0
2a2eb2d7237b41e3_14,Yes,moderate,0
41207f1fd7c90dc3_19,Yes,moderately_conservative,1
514e6c852695e34d_17,Yes,strongly_conservative,1
41207f1fd7c90dc3_16,Yes,moderate,0
2a2eb2d7237b41e3_56,Yes,moderately_conservative,1
2a2eb2d7237b41e3_6,Yes,slightly_conservative,1
c61450503d34c4e6_39,Yes,moderate,0
10c35f6bf27411c9_40,Yes,moderate,0
10c35f6bf27411c9_52,Yes,strongly_conservative,1
25b5841d0b782491_15,Yes,strongly_conservative,1
10c35f6bf27411c9_31,Yes,strongly_conservative,1
b56ebdead4590276_38,Yes,strongly_conservative,1
25b5841d0b782491_1,Yes,strongly_conservative,1
c61450503d34c4e6_20,Yes,strongly_conservative,1
2a2eb2d7237b41e3_41,Yes,strongly_conservative,1
2a2eb2d7237b41e3_29,Yes,strongly_conservative,1
514e6c852695e34d_19,Yes,strongly_conservative,1
2a2eb2d7237b41e3_8,Yes,moderate,0
f56ae9bc4ceae825_14,Yes,moderate,0
10c35f6bf27411c9_15,Yes,strongly_conservative,1
10c35f6bf27411c9_3,Yes,moderate,0
b56ebdead4590276_36,Yes,moderately_conservative,1
10c35f6bf27411c9_17,Yes,strongly_conservative,1
b56ebdead4590276_23,Yes,moderately_conservative,1
41207f1fd7c90dc3_21,Yes,moderately_conservative,1
41207f1fd7c90dc3_5,Yes,strongly_conservative,1
8e9a16dfdffd390c_28,Yes,moderate,0
b56ebdead4590276_35,Yes,moderately_conservative,1
b56ebdead4590276_32,Yes,moderate,0
f56ae9bc4ceae825_0,Yes,strongly_conservative,1
514e6c852695e34d_5,Yes,strongly_conservative,1
25eaa9194b853a98_4,Yes,moderately_conservative,1
f2f8c90b99ef2720_27,Yes,moderate,0
c9b157a3f5494d0b_58,Yes,moderate,0
f2f8c90b99ef2720_72,Yes,strongly_liberal,-1
d56248ebbf166049_16,Yes,moderately_conservative,1
6dfee681cad48271_41,Yes,moderate,0
6dfee681cad48271_52,Yes,moderate,0
f2f8c90b99ef2720_58,Yes,slightly_liberal,-1
f2f8c90b99ef2720_46,Yes,moderately_conservative,1
d7f7abf4947dc2c1_19,Yes,moderate,0
99952dea1549862f_21,Yes,moderate,0
d7f7abf4947dc2c1_11,No,,
c9b157a3f5494d0b_25,Yes,slightly_conservative,1
f2f8c90b99ef2720_54,Yes,moderately_liberal,-1
f9ad1aefe46e4055_28,Yes,moderate,0
f9ad1aefe46e4055_52,Yes,moderately_conservative,1
c9b157a3f5494d0b_42,Yes,moderate,0
6dfee681cad48271_19,Yes,moderate,0
f9ad1aefe46e4055_39,Yes,slightly_conservative,1
c9b157a3f5494d0b_51,Yes,moderate,0
25eaa9194b853a98_29,Yes,moderate,0
5ae706f4eedb915f_3,Yes,slightly_liberal,-1
d66ce83d833798c8_15,Yes,moderate,0
d66ce83d833798c8_12,Yes,moderate,0
99952dea1549862f_17,Yes,strongly_liberal,-1
25eaa9194b853a98_32,Yes,moderately_conservative,1
c9b157a3f5494d0b_67,Yes,moderate,0
d7f7abf4947dc2c1_38,Yes,moderate,0
6dfee681cad48271_38,Yes,moderate,0
c9b157a3f5494d0b_9,Yes,moderate,0
f2f8c90b99ef2720_32,Yes,slightly_liberal,-1
f9ad1aefe46e4055_32,Yes,slightly_liberal,-1
d66ce83d833798c8_10,Yes,moderate,0
d7f7abf4947dc2c1_3,No,,
5ae706f4eedb915f_61,Yes,moderate,0
19544858ba9adde6_9,Yes,moderate,0
d66ce83d833798c8_18,Yes,moderately_conservative,1
6dfee681cad48271_44,Yes,moderately_conservative,1
f9ad1aefe46e4055_26,Yes,moderate,0
f9ad1aefe46e4055_16,Yes,moderate,0
99952dea1549862f_23,Yes,slightly_conservative,1
99952dea1549862f_45,Yes,moderate,0
f2f8c90b99ef2720_9,Yes,slightly_liberal,-1
d7f7abf4947dc2c1_24,Yes,moderate,0
d66ce83d833798c8_13,Yes,moderate,0
c9b157a3f5494d0b_49,Yes,moderate,0
c9b157a3f5494d0b_43,Yes,moderate,0
25eaa9194b853a98_52,Yes,moderately_conservative,1
c9b157a3f5494d0b_39,Yes,moderate,0
c596c4552c14e7bc_11,Yes,moderate,0
d56248ebbf166049_14,Yes,moderately_conservative,1
f2f8c90b99ef2720_63,Yes,moderate,0
f2f8c90b99ef2720_14,Yes,moderate,0
d66ce83d833798c8_22,Yes,strongly_conservative,1
f2f8c90b99ef2720_70,Yes,moderate,0
25eaa9194b853a98_62,Yes,moderate,0
f9ad1aefe46e4055_2,Yes,strongly_conservative,1
5ae706f4eedb915f_59,Yes,moderately_liberal,-1
19544858ba9adde6_0,Yes,moderate,0
6dfee681cad48271_2,Yes,slightly_liberal,-1
5ae706f4eedb915f_41,Yes,moderate,0
99952dea1549862f_42,Yes,moderate,0
c9b157a3f5494d0b_69,Yes,moderate,0
d56248ebbf166049_6,Yes,moderate,0
d66ce83d833798c8_24,Yes,strongly_conservative,1
d7f7abf4947dc2c1_9,Yes,moderate,0
d56248ebbf166049_32,Yes,moderate,0
99952dea1549862f_14,Yes,strongly_liberal,-1
25eaa9194b853a98_19,Yes,moderately_conservative,1
5ae706f4eedb915f_46,Yes,moderate,0
25eaa9194b853a98_0,Yes,moderate,0
d66ce83d833798c8_7,Yes,moderate,0
c9b157a3f5494d0b_8,Yes,moderate,0
6dfee681cad48271_39,Yes,moderately_conservative,1
c9b157a3f5494d0b_82,Yes,moderate,0
19544858ba9adde6_3,Yes,moderate,0
d7f7abf4947dc2c1_14,Yes,moderate,0
f9ad1aefe46e4055_3,Yes,moderate,0
d56248ebbf166049_7,Yes,moderate,0
c596c4552c14e7bc_13,Yes,moderately_conservative,1
c9b157a3f5494d0b_28,Yes,moderate,0
6dfee681cad48271_21,Yes,strongly_liberal,-1
99952dea1549862f_54,Yes,moderate,0
f9ad1aefe46e4055_13,Yes,strongly_conservative,1
c596c4552c14e7bc_24,Yes,moderate,0
f9ad1aefe46e4055_61,Yes,moderately_conservative,1
6dfee681cad48271_30,Yes,moderately_conservative,1
f9ad1aefe46e4055_40,Yes,strongly_conservative,1
d66ce83d833798c8_32,Yes,slightly_liberal,-1
5ae706f4eedb915f_12,Yes,moderately_liberal,-1
d7f7abf4947dc2c1_39,Yes,moderate,0
6dfee681cad48271_50,Yes,moderate,0
f2f8c90b99ef2720_22,Yes,moderate,0
d7f7abf4947dc2c1_41,Yes,moderate,0
f2f8c90b99ef2720_18,Yes,moderate,0
99952dea1549862f_19,Yes,moderately_liberal,-1
c9b157a3f5494d0b_40,Yes,moderate,0
5ae706f4eedb915f_33,Yes,strongly_liberal,-1
d65b64a75b1555a0_69,No,,
c9b157a3f5494d0b_7,Yes,moderate,0
5ae706f4eedb915f_6,Yes,strongly_liberal,-1
46fe1314cccc2593_206,Yes,slightly_liberal,-1
cc191bcb5e51e5e8_93,Yes,strongly_conservative,1
57120cb585fec773_133,Yes,moderate,0
57120cb585fec773_17,Yes,moderate,0
b6305b0003c6186f_218,Yes,moderately_conservative,1
317d7e19fc68b47f_46,Yes,moderate,0
57120cb585fec773_22,Yes,moderate,0
d65b64a75b1555a0_2,Yes,moderate,0
317d7e19fc68b47f_253,Yes,moderate,0
d75025fa0e4b68e2_176,Yes,moderate,0
c060b0a90e936a9a_139,No,,
4fb0dadbeb249470_207,No,,
c060b0a90e936a9a_96,Yes,strongly_liberal,-1
fc5b6c8a55ab08ef_157,Yes,moderate,0
46fe1314cccc2593_89,Yes,slightly_liberal,-1
b6305b0003c6186f_189,Yes,slightly_conservative,1
46fe1314cccc2593_114,Yes,moderately_conservative,1
57120cb585fec773_113,Yes,moderate,0
4fb0dadbeb249470_168,No,,
317d7e19fc68b47f_1,Yes,moderate,0
fc5b6c8a55ab08ef_176,Yes,moderate,0
c533d064e8fe1101_128,Yes,moderate,0
46fe1314cccc2593_149,Yes,moderate,0
317d7e19fc68b47f_261,Yes,moderately_conservative,1
317d7e19fc68b47f_74,Yes,moderate,0
b6305b0003c6186f_64,No,,
d65b64a75b1555a0_110,Yes,moderate,0
d75025fa0e4b68e2_154,No,,
c533d064e8fe1101_159,Yes,strongly_conservative,1
c533d064e8fe1101_4,Yes,strongly_conservative,1
cc191bcb5e51e5e8_75,Yes,moderate,0
c533d064e8fe1101_99,Yes,slightly_conservative,1
b6305b0003c6186f_42,Yes,strongly_liberal,-1
c060b0a90e936a9a_160,Yes,strongly_liberal,-1
46fe1314cccc2593_140,No,,
d75025fa0e4b68e2_66,Yes,moderately_conservative,1
57120cb585fec773_10,Yes,moderate,0
b6305b0003c6186f_70,Yes,moderate,0
c060b0a90e936a9a_181,Yes,strongly_conservative,1
5997f06b93c8e0e2_10,Yes,strongly_liberal,-1
57120cb585fec773_77,Yes,slightly_liberal,-1
c533d064e8fe1101_24,Yes,strongly_conservative,1
4fb0dadbeb249470_36,Yes,strongly_liberal,-1
4fb0dadbeb249470_129,Yes,moderate,0
4fb0dadbeb249470_43,Yes,strongly_conservative,1
46fe1314cccc2593_152,Yes,moderate,0
46fe1314cccc2593_103,Yes,strongly_liberal,-1
317d7e19fc68b47f_19,No,,
b6305b0003c6186f_76,Yes,strongly_conservative,1
c060b0a90e936a9a_55,Yes,moderate,0
cc191bcb5e51e5e8_101,Yes,moderate,0
d75025fa0e4b68e2_225,Yes,strongly_conservative,1
4fb0dadbeb249470_74,No,,
fc5b6c8a55ab08ef_47,Yes,strongly_liberal,-1
317d7e19fc68b47f_163,Yes,strongly_conservative,1
fc5b6c8a55ab08ef_3,Yes,moderate,0
c533d064e8fe1101_73,No,,
d75025fa0e4b68e2_137,Yes,slightly_liberal,-1
46fe1314cccc2593_210,Yes,moderately_conservative,1
d75025fa0e4b68e2_78,Yes,strongly_conservative,1
cc191bcb5e51e5e8_109,Yes,strongly_conservative,1
57120cb585fec773_50,Yes,strongly_liberal,-1
c533d064e8fe1101_134,Yes,moderately_conservative,1
b6305b0003c6186f_196,Yes,moderate,0
4fb0dadbeb249470_39,Yes,slightly_conservative,1
4fb0dadbeb249470_172,Yes,moderate,0
57120cb585fec773_43,Yes,strongly_liberal,-1
d65b64a75b1555a0_43,Yes,moderate,0
4fb0dadbeb249470_101,No,,
d75025fa0e4b68e2_72,Yes,slightly_liberal,-1
317d7e19fc68b47f_96,Yes,moderate,0
d75025fa0e4b68e2_97,Yes,moderate,0
57120cb585fec773_86,Yes,moderate,0
d75025fa0e4b68e2_112,Yes,moderate,0
c533d064e8fe1101_64,Yes,slightly_conservative,1
57120cb585fec773_75,Yes,moderately_liberal,-1
317d7e19fc68b47f_186,Yes,moderate,0
c533d064e8fe1101_28,Yes,moderate,0
cc191bcb5e51e5e8_110,Yes,strongly_conservative,1
fc5b6c8a55ab08ef_59,No,,
d65b64a75b1555a0_91,Yes,moderate,0
317d7e19fc68b47f_68,Yes,moderately_conservative,1
cc191bcb5e51e5e8_91,Yes,strongly_conservative,1
fc5b6c8a55ab08ef_136,Yes,moderate,0
5997f06b93c8e0e2_116,Yes,moderately_liberal,-1
d65b64a75b1555a0_28,Yes,moderate,0
b6305b0003c6186f_179,Yes,moderately_conservative,1
5997f06b93c8e0e2_92,Yes,slightly_liberal,-1
c533d064e8fe1101_84,Yes,moderately_conservative,1
fc5b6c8a55ab08ef_124,Yes,moderate,0
cc191bcb5e51e5e8_32,Yes,moderately_conservative,1
4fb0dadbeb249470_118,Yes,strongly_conservative,1
d75025fa0e4b68e2_68,Yes,moderate,0
5997f06b93c8e0e2_171,No,,
5997f06b93c8e0e2_153,No,,
317d7e19fc68b47f_24,Yes,strongly_conservative,1
46fe1314cccc2593_163,Yes,strongly_liberal,-1
c060b0a90e936a9a_23,Yes,moderate,0
c060b0a90e936a9a_145,Yes,slightly_liberal,-1
220d77645de2da59_95,Yes,slightly_liberal,-1
a5451ddcb9720692_88,Yes,moderately_liberal,-1
cf5c1e44654eed62_50,Yes,strongly_liberal,-1
a5451ddcb9720692_53,Yes,strongly_liberal,-1
3dd19a4f25664dbf_35,Yes,moderate,0
a5451ddcb9720692_40,No,,
48332034b5e5f7c2_14,Yes,strongly_liberal,-1
8c11425e8c7ce5fc_67,Yes,moderate,0
cf5c1e44654eed62_75,Yes,moderately_liberal,-1
c9a4104fb5789032_14,Yes,strongly_liberal,-1
65a86e302d93fc12_36,Yes,strongly_liberal,-1
e2f4132ee922be48_35,Yes,strongly_liberal,-1
8c11425e8c7ce5fc_54,Yes,moderately_liberal,-1
48332034b5e5f7c2_51,Yes,strongly_liberal,-1
220d77645de2da59_33,Yes,strongly_liberal,-1
48332034b5e5f7c2_44,Yes,strongly_liberal,-1
e2f4132ee922be48_31,No,,
3dd19a4f25664dbf_91,Yes,strongly_liberal,-1
c9a4104fb5789032_94,Yes,moderately_liberal,-1
8c11425e8c7ce5fc_95,Yes,strongly_liberal,-1
65a86e302d93fc12_59,Yes,moderately_liberal,-1
a5451ddcb9720692_5,No,,
8c11425e8c7ce5fc_18,Yes,strongly_liberal,-1
3dd19a4f25664dbf_82,Yes,moderately_liberal,-1
5cb030a65b512b44_74,Yes,strongly_liberal,-1
e2f4132ee922be48_94,Yes,moderate,0
48332034b5e5f7c2_27,Yes,slightly_liberal,-1
ce963fe304d2b652_21,Yes,slightly_liberal,-1
cf5c1e44654eed62_39,Yes,strongly_liberal,-1
3dd19a4f25664dbf_25,Yes,moderate,0
3dd19a4f25664dbf_49,Yes,strongly_liberal,-1
e2f4132ee922be48_8,Yes,moderate,0
c9a4104fb5789032_26,Yes,strongly_liberal,-1
220d77645de2da59_60,Yes,moderate,0
3dd19a4f25664dbf_75,Yes,strongly_liberal,-1
220d77645de2da59_40,Yes,strongly_liberal,-1
5cb030a65b512b44_22,Yes,strongly_liberal,-1
5cb030a65b512b44_93,Yes,moderate,0
ce963fe304d2b652_34,Yes,strongly_liberal,-1
3dd19a4f25664dbf_74,Yes,strongly_liberal,-1
65a86e302d93fc12_26,Yes,strongly_liberal,-1
ce963fe304d2b652_86,Yes,strongly_liberal,-1
cf5c1e44654eed62_11,Yes,moderate,0
e2f4132ee922be48_50,Yes,strongly_liberal,-1
7cbbb2e46b1bd7d1_32,Yes,moderate,0
3dd19a4f25664dbf_22,Yes,slightly_liberal,-1
a5451ddcb9720692_97,Yes,slightly_liberal,-1
48332034b5e5f7c2_85,Yes,moderate,0
220d77645de2da59_72,Yes,strongly_liberal,-1
220d77645de2da59_99,Yes,strongly_liberal,-1
3dd19a4f25664dbf_99,Yes,strongly_liberal,-1
7cbbb2e46b1bd7d1_2,Yes,slightly_liberal,-1
3dd19a4f25664dbf_54,Yes,strongly_liberal,-1
5cb030a65b512b44_66,Yes,slightly_liberal,-1
65a86e302d93fc12_0,Yes,strongly_liberal,-1
c9a4104fb5789032_24,Yes,slightly_liberal,-1
7cbbb2e46b1bd7d1_21,Yes,moderate,0
ce963fe304d2b652_9,Yes,strongly_liberal,-1
e2f4132ee922be48_61,Yes,moderate,0
c9a4104fb5789032_79,Yes,strongly_liberal,-1
220d77645de2da59_87,Yes,strongly_liberal,-1
7cbbb2e46b1bd7d1_82,Yes,strongly_liberal,-1
e2f4132ee922be48_12,Yes,strongly_liberal,-1
5cb030a65b512b44_58,Yes,moderate,0
c9a4104fb5789032_78,Yes,strongly_liberal,-1
220d77645de2da59_37,Yes,strongly_liberal,-1
ce963fe304d2b652_94,Yes,strongly_liberal,-1
3dd19a4f25664dbf_84,Yes,moderate,0
220d77645de2da59_81,Yes,strongly_liberal,-1
ce963fe304d2b652_24,Yes,moderate,0
7cbbb2e46b1bd7d1_37,Yes,strongly_liberal,-1
65a86e302d93fc12_27,Yes,slightly_liberal,-1
220d77645de2da59_24,Yes,strongly_liberal,-1
8c11425e8c7ce5fc_53,Yes,strongly_liberal,-1
ce963fe304d2b652_68,Yes,moderate,0
ce963fe304d2b652_32,Yes,strongly_liberal,-1
7cbbb2e46b1bd7d1_75,Yes,moderate,0
3dd19a4f25664dbf_26,Yes,strongly_liberal,-1
c9a4104fb5789032_98,Yes,slightly_liberal,-1
220d77645de2da59_98,Yes,moderate,0
e2f4132ee922be48_69,Yes,slightly_liberal,-1
8c11425e8c7ce5fc_31,Yes,strongly_liberal,-1
ce963fe304d2b652_78,Yes,strongly_liberal,-1
65a86e302d93fc12_45,Yes,moderately_liberal,-1
c9a4104fb5789032_55,Yes,strongly_liberal,-1
3dd19a4f25664dbf_21,Yes,moderate,0
ce963fe304d2b652_25,Yes,moderate,0
7cbbb2e46b1bd7d1_41,Yes,strongly_liberal,-1
ce963fe304d2b652_11,Yes,strongly_liberal,-1
8c11425e8c7ce5fc_3,Yes,strongly_liberal,-1
c9a4104fb5789032_19,Yes,strongly_liberal,-1
e2f4132ee922be48_37,Yes,moderate,0
c9a4104fb5789032_83,Yes,strongly_liberal,-1
7cbbb2e46b1bd7d1_61,Yes,moderate,0
48332034b5e5f7c2_25,Yes,moderate,0
e2f4132ee922be48_89,Yes,strongly_liberal,-1
7cbbb2e46b1bd7d1_45,Yes,strongly_liberal,-1
ce963fe304d2b652_36,Yes,strongly_liberal,-1
5cb030a65b512b44_14,Yes,strongly_liberal,-1
e2f4132ee922be48_17,Yes,slightly_liberal,-1
104bf716c2a7ade9_39,Yes,strongly_liberal,-1
b7e7c66c42ab8485_15,Yes,strongly_liberal,-1
4b75ce8a3a70490b_48,Yes,moderate,0
0c58e2a605c7bab8_20,Yes,strongly_liberal,-1
914183fde098886e_32,Yes,strongly_liberal,-1
b7e7c66c42ab8485_2,Yes,moderate,0
007dc0c0951f2033_13,Yes,moderate,0
70b2c00cf14fa39c_37,Yes,strongly_liberal,-1
8310f46ee1f27b94_1,Yes,moderate,0
8310f46ee1f27b94_26,Yes,strongly_liberal,-1
914183fde098886e_52,Yes,moderately_liberal,-1
a64c751c70fbe847_27,Yes,moderately_liberal,-1
8221f4584aeba9b6_66,Yes,slightly_liberal,-1
8310f46ee1f27b94_20,Yes,strongly_liberal,-1
a64c751c70fbe847_37,Yes,strongly_liberal,-1
8310f46ee1f27b94_29,Yes,moderate,0
007dc0c0951f2033_14,Yes,moderate,0
104bf716c2a7ade9_61,Yes,strongly_liberal,-1
104bf716c2a7ade9_11,Yes,slightly_liberal,-1
8310f46ee1f27b94_5,Yes,moderate,0
8221f4584aeba9b6_43,Yes,slightly_conservative,1
b7e7c66c42ab8485_7,Yes,moderately_liberal,-1
8310f46ee1f27b94_21,Yes,strongly_liberal,-1
914183fde098886e_6,Yes,moderate,0
de78cbbdbe62b025_20,Yes,moderate,0
b7e7c66c42ab8485_38,Yes,strongly_liberal,-1
0c58e2a605c7bab8_1,Yes,moderate,0
104bf716c2a7ade9_27,Yes,strongly_liberal,-1
de78cbbdbe62b025_1,Yes,moderate,0
0c58e2a605c7bab8_28,Yes,slightly_liberal,-1
de78cbbdbe62b025_5,Yes,moderate,0
0c58e2a605c7bab8_81,Yes,strongly_liberal,-1
104bf716c2a7ade9_38,Yes,strongly_liberal,-1
4b75ce8a3a70490b_5,Yes,slightly_liberal,-1
0c58e2a605c7bab8_13,Yes,moderate,0
4b75ce8a3a70490b_56,Yes,strongly_liberal,-1
4b75ce8a3a70490b_65,Yes,moderately_liberal,-1
8221f4584aeba9b6_48,Yes,moderately_liberal,-1
007dc0c0951f2033_44,Yes,slightly_liberal,-1
007dc0c0951f2033_49,Yes,moderately_liberal,-1
104bf716c2a7ade9_52,Yes,moderate,0
0c58e2a605c7bab8_58,Yes,moderate,0
70b2c00cf14fa39c_47,Yes,moderately_liberal,-1
104bf716c2a7ade9_56,Yes,strongly_liberal,-1
0c58e2a605c7bab8_24,Yes,moderately_liberal,-1
70b2c00cf14fa39c_34,Yes,strongly_liberal,-1
172455a4424befc3_14,Yes,strongly_liberal,-1
0c58e2a605c7bab8_25,Yes,slightly_liberal,-1
007dc0c0951f2033_39,No,,
8310f46ee1f27b94_11,Yes,slightly_liberal,-1
de78cbbdbe62b025_30,Yes,moderate,0
70b2c00cf14fa39c_32,Yes,strongly_liberal,-1
172455a4424befc3_27,No,,
4b75ce8a3a70490b_44,Yes,strongly_liberal,-1
a64c751c70fbe847_43,Yes,moderate,0
8221f4584aeba9b6_29,Yes,moderate,0
914183fde098886e_48,Yes,slightly_liberal,-1
0c58e2a605c7bab8_34,Yes,strongly_liberal,-1
b7e7c66c42ab8485_12,Yes,strongly_liberal,-1
70b2c00cf14fa39c_45,Yes,slightly_liberal,-1
0c58e2a605c7bab8_29,Yes,slightly_liberal,-1
8310f46ee1f27b94_43,Yes,moderately_liberal,-1
b7e7c66c42ab8485_30,Yes,strongly_liberal,-1
104bf716c2a7ade9_12,Yes,moderate,0
0c58e2a605c7bab8_51,Yes,slightly_liberal,-1
007dc0c0951f2033_16,Yes,strongly_liberal,-1
70b2c00cf14fa39c_5,Yes,slightly_liberal,-1
70b2c00cf14fa39c_27,Yes,moderately_liberal,-1
0c58e2a605c7bab8_3,No,,
104bf716c2a7ade9_20,Yes,moderate,0
172455a4424befc3_9,Yes,strongly_liberal,-1
de78cbbdbe62b025_28,Yes,moderate,0
914183fde098886e_33,Yes,strongly_liberal,-1
172455a4424befc3_17,Yes,strongly_liberal,-1
007dc0c0951f2033_37,Yes,moderate,0
0c58e2a605c7bab8_30,Yes,slightly_liberal,-1
104bf716c2a7ade9_60,Yes,strongly_liberal,-1
104bf716c2a7ade9_50,Yes,moderate,0
8221f4584aeba9b6_12,Yes,moderate,0
8221f4584aeba9b6_17,Yes,slightly_liberal,-1
914183fde098886e_23,Yes,moderate,0
0c58e2a605c7bab8_26,Yes,strongly_liberal,-1
104bf716c2a7ade9_62,Yes,strongly_liberal,-1
8310f46ee1f27b94_55,No,,
0c58e2a605c7bab8_4,Yes,moderate,0
70b2c00cf14fa39c_3,Yes,moderate,0
70b2c00cf14fa39c_48,Yes,strongly_liberal,-1
4b75ce8a3a70490b_54,Yes,strongly_liberal,-1
104bf716c2a7ade9_28,Yes,strongly_liberal,-1
a64c751c70fbe847_15,Yes,moderately_liberal,-1
104bf716c2a7ade9_41,Yes,strongly_liberal,-1
8310f46ee1f27b94_13,Yes,strongly_liberal,-1
007dc0c0951f2033_7,Yes,moderate,0
a64c751c70fbe847_42,Yes,moderate,0
b7e7c66c42ab8485_22,Yes,moderate,0
007dc0c0951f2033_22,Yes,moderate,0
8221f4584aeba9b6_63,Yes,strongly_liberal,-1
0c58e2a605c7bab8_8,Yes,strongly_liberal,-1
914183fde098886e_34,Yes,strongly_liberal,-1
914183fde098886e_11,Yes,moderate,0
e1f9b0a63c8dfd37_10,Yes,slightly_liberal,-1
d51552d1ab3ab91e_24,Yes,slightly_liberal,-1
e1f9b0a63c8dfd37_16,Yes,strongly_liberal,-1
6ab91ace94de5fd4_1,Yes,strongly_liberal,-1
ba3cc581ae339ebd_11,Yes,strongly_liberal,-1
ba3cc581ae339ebd_25,Yes,strongly_liberal,-1
844d9557f7eed12b_28,Yes,strongly_liberal,-1
85cc1b1762f46b20_19,Yes,strongly_liberal,-1
844d9557f7eed12b_21,Yes,slightly_liberal,-1
d51552d1ab3ab91e_2,Yes,moderate,0
ba3cc581ae339ebd_23,Yes,strongly_liberal,-1
bc0e5425f037815f_2,Yes,strongly_liberal,-1
ba3cc581ae339ebd_18,Yes,strongly_liberal,-1
844d9557f7eed12b_24,Yes,moderately_liberal,-1
e1f9b0a63c8dfd37_3,Yes,strongly_liberal,-1
e1f9b0a63c8dfd37_7,Yes,strongly_liberal,-1
b9615962867b8d41_1,Yes,slightly_liberal,-1
e1f9b0a63c8dfd37_4,Yes,strongly_liberal,-1
85cc1b1762f46b20_18,Yes,strongly_liberal,-1
a2d7b4f007d4ab8d_9,Yes,moderately_liberal,-1
d51552d1ab3ab91e_31,No,,
85cc1b1762f46b20_14,Yes,strongly_liberal,-1
d51552d1ab3ab91e_25,Yes,strongly_liberal,-1
85cc1b1762f46b20_12,Yes,strongly_liberal,-1
61e98918a471a4c5_1,Yes,strongly_liberal,-1
844d9557f7eed12b_8,Yes,strongly_liberal,-1
85cc1b1762f46b20_0,Yes,strongly_conservative,1
d51552d1ab3ab91e_30,Yes,strongly_liberal,-1
ba3cc581ae339ebd_19,Yes,slightly_liberal,-1
b9615962867b8d41_6,Yes,strongly_liberal,-1
ba3cc581ae339ebd_1,Yes,strongly_liberal,-1
bc0e5425f037815f_6,Yes,strongly_liberal,-1
b9615962867b8d41_16,Yes,moderate,0
e1f9b0a63c8dfd37_13,Yes,strongly_liberal,-1
ba3cc581ae339ebd_4,Yes,strongly_liberal,-1
e1f9b0a63c8dfd37_5,Yes,slightly_liberal,-1
ea4e6dbd0d5a978c_9,Yes,moderate,0
85cc1b1762f46b20_16,Yes,strongly_liberal,-1
85cc1b1762f46b20_20,Yes,moderate,0
a2d7b4f007d4ab8d_11,Yes,moderate,0
b9615962867b8d41_7,Yes,strongly_liberal,-1
a2d7b4f007d4ab8d_5,Yes,strongly_liberal,-1
574deb44e8b7d958_11,Yes,slightly_liberal,-1
d51552d1ab3ab91e_7,Yes,moderate,0
6ab91ace94de5fd4_2,Yes,strongly_liberal,-1
574deb44e8b7d958_5,Yes,strongly_liberal,-1
ba3cc581ae339ebd_20,Yes,slightly_liberal,-1
844d9557f7eed12b_7,Yes,strongly_liberal,-1
e1f9b0a63c8dfd37_0,Yes,strongly_conservative,1
ba3cc581ae339ebd_3,Yes,strongly_conservative,1
ea4e6dbd0d5a978c_18,Yes,strongly_liberal,-1
d51552d1ab3ab91e_33,Yes,strongly_liberal,-1
a2d7b4f007d4ab8d_21,Yes,strongly_liberal,-1
b9615962867b8d41_10,Yes,moderately_liberal,-1
e1f9b0a63c8dfd37_23,Yes,strongly_liberal,-1
6ab91ace94de5fd4_12,No,,
574deb44e8b7d958_0,Yes,moderate,0
e1f9b0a63c8dfd37_12,Yes,strongly_liberal,-1
d51552d1ab3ab91e_32,Yes,slightly_liberal,-1
61e98918a471a4c5_13,Yes,strongly_liberal,-1
a2d7b4f007d4ab8d_2,Yes,strongly_liberal,-1
a2d7b4f007d4ab8d_13,Yes,moderately_liberal,-1
ba3cc581ae339ebd_16,Yes,strongly_liberal,-1
61e98918a471a4c5_10,Yes,moderate,0
85cc1b1762f46b20_3,Yes,moderate,0
b9615962867b8d41_21,Yes,strongly_liberal,-1
ba3cc581ae339ebd_6,Yes,strongly_liberal,-1
574deb44e8b7d958_15,Yes,moderate,0
ba3cc581ae339ebd_12,Yes,strongly_liberal,-1
85cc1b1762f46b20_22,Yes,strongly_liberal,-1
ea4e6dbd0d5a978c_12,Yes,moderate,0
6ab91ace94de5fd4_9,Yes,strongly_liberal,-1
574deb44e8b7d958_14,Yes,moderate,0
6ab91ace94de5fd4_5,Yes,moderate,0
ea4e6dbd0d5a978c_19,Yes,strongly_liberal,-1
844d9557f7eed12b_17,Yes,strongly_liberal,-1
b9615962867b8d41_5,Yes,strongly_liberal,-1
6ab91ace94de5fd4_16,Yes,strongly_liberal,-1
844d9557f7eed12b_5,Yes,slightly_liberal,-1
844d9557f7eed12b_25,Yes,slightly_liberal,-1
a2d7b4f007d4ab8d_23,Yes,strongly_liberal,-1
b9615962867b8d41_12,Yes,strongly_liberal,-1
574deb44e8b7d958_1,Yes,moderate,0
ba3cc581ae339ebd_8,Yes,moderate,0
61e98918a471a4c5_6,Yes,strongly_liberal,-1
844d9557f7eed12b_13,Yes,strongly_liberal,-1
a2d7b4f007d4ab8d_6,Yes,strongly_liberal,-1
a2d7b4f007d4ab8d_17,Yes,strongly_liberal,-1
61e98918a471a4c5_17,Yes,strongly_liberal,-1
bc0e5425f037815f_1,Yes,moderate,0
e1f9b0a63c8dfd37_15,Yes,strongly_liberal,-1
ea4e6dbd0d5a978c_15,Yes,strongly_liberal,-1
85cc1b1762f46b20_21,Yes,strongly_liberal,-1
844d9557f7eed12b_0,Yes,moderate,0
844d9557f7eed12b_18,Yes,slightly_liberal,-1
ea4e6dbd0d5a978c_5,Yes,moderate,0
61e98918a471a4c5_8,Yes,strongly_liberal,-1
ba3cc581ae339ebd_10,Yes,strongly_liberal,-1
d51552d1ab3ab91e_6,Yes,strongly_liberal,-1
85cc1b1762f46b20_17,Yes,moderately_liberal,-1
ac9b09fa12aea8f8_16,Yes,strongly_liberal,-1
87724adb8e72a7fe_13,Yes,slightly_liberal,-1
f736b8c3c88d614e_15,Yes,slightly_liberal,-1
c7bb46308484d05d_41,Yes,slightly_liberal,-1
c7bb46308484d05d_39,Yes,moderate,0
aaa254bf7aed35e5_26,Yes,strongly_liberal,-1
aaa254bf7aed35e5_17,Yes,moderate,0
390d7974f5858a79_7,Yes,moderate,0
cd3cfefcd5d29101_46,Yes,slightly_liberal,-1
390d7974f5858a79_25,Yes,strongly_liberal,-1
5030bbed2f6f1bb6_1,Yes,strongly_liberal,-1
390d7974f5858a79_23,Yes,slightly_liberal,-1
2f56b139e9ce9471_10,Yes,moderate,0
cd3cfefcd5d29101_23,Yes,moderate,0
3cd9273a2a1943b0_17,Yes,moderate,0
cd3cfefcd5d29101_5,Yes,moderately_liberal,-1
59a69b8b0ecb9a64_13,Yes,strongly_liberal,-1
2f56b139e9ce9471_13,Yes,moderate,0
87724adb8e72a7fe_36,No,,
54ae77008ca8b9ef_36,No,,
cd3cfefcd5d29101_19,Yes,moderate,0
cd3cfefcd5d29101_2,Yes,moderate,0
aaa254bf7aed35e5_29,Yes,moderate,0
cd3cfefcd5d29101_21,Yes,moderate,0
390d7974f5858a79_11,Yes,strongly_liberal,-1
c7bb46308484d05d_40,Yes,moderate,0
59a69b8b0ecb9a64_7,Yes,strongly_liberal,-1
390d7974f5858a79_21,Yes,slightly_liberal,-1
2f56b139e9ce9471_27,Yes,moderate,0
2f56b139e9ce9471_0,Yes,moderate,0
390d7974f5858a79_13,Yes,moderately_liberal,-1
f736b8c3c88d614e_13,Yes,moderate,0
c7bb46308484d05d_6,Yes,moderate,0
59a69b8b0ecb9a64_30,No,,
cd3cfefcd5d29101_16,Yes,moderately_conservative,1
ac9b09fa12aea8f8_9,Yes,strongly_liberal,-1
aaa254bf7aed35e5_10,Yes,slightly_liberal,-1
5030bbed2f6f1bb6_20,Yes,strongly_liberal,-1
54ae77008ca8b9ef_17,Yes,slightly_liberal,-1
c7bb46308484d05d_20,Yes,strongly_liberal,-1
c7bb46308484d05d_8,Yes,moderate,0
59a69b8b0ecb9a64_2,Yes,strongly_liberal,-1
59a69b8b0ecb9a64_4,Yes,strongly_conservative,1
390d7974f5858a79_3,Yes,moderate,0
5030bbed2f6f1bb6_16,Yes,moderately_liberal,-1
87724adb8e72a7fe_10,Yes,slightly_liberal,-1
cd3cfefcd5d29101_18,Yes,strongly_liberal,-1
ac9b09fa12aea8f8_25,Yes,moderate,0
ac9b09fa12aea8f8_17,Yes,moderate,0
87724adb8e72a7fe_8,Yes,moderate,0
cd3cfefcd5d29101_34,Yes,slightly_liberal,-1
59a69b8b0ecb9a64_27,Yes,moderately_liberal,-1
87724adb8e72a7fe_27,No,,
cd3cfefcd5d29101_45,Yes,slightly_liberal,-1
2f56b139e9ce9471_1,Yes,moderate,0
c7bb46308484d05d_27,Yes,strongly_liberal,-1
54ae77008ca8b9ef_14,Yes,moderate,0
ac9b09fa12aea8f8_2,Yes,moderate,0
aaa254bf7aed35e5_24,Yes,moderate,0
ac9b09fa12aea8f8_0,Yes,moderate,0
c7bb46308484d05d_13,Yes,moderate,0
aaa254bf7aed35e5_30,Yes,moderate,0
2f56b139e9ce9471_5,Yes,strongly_liberal,-1
c7bb46308484d05d_16,Yes,strongly_liberal,-1
87724adb8e72a7fe_4,No,,
3cd9273a2a1943b0_24,Yes,moderate,0
87724adb8e72a7fe_12,Yes,moderate,0
c7bb46308484d05d_44,Yes,moderate,0
ac9b09fa12aea8f8_15,Yes,moderate,0
3cd9273a2a1943b0_2,Yes,slightly_liberal,-1
f736b8c3c88d614e_21,Yes,strongly_liberal,-1
2f56b139e9ce9471_16,Yes,slightly_liberal,-1
aaa254bf7aed35e5_18,Yes,moderate,0
87724adb8e72a7fe_32,Yes,moderately_liberal,-1
cd3cfefcd5d29101_33,Yes,moderate,0
c7bb46308484d05d_42,Yes,slightly_liberal,-1
c7bb46308484d05d_4,Yes,strongly_liberal,-1
87724adb8e72a7fe_7,Yes,moderate,0
cd3cfefcd5d29101_25,Yes,moderate,0
390d7974f5858a79_10,Yes,moderate,0
59a69b8b0ecb9a64_18,Yes,moderate,0
ac9b09fa12aea8f8_12,Yes,moderate,0
aaa254bf7aed35e5_0,Yes,moderate,0
5030bbed2f6f1bb6_19,Yes,moderately_liberal,-1
aaa254bf7aed35e5_4,Yes,moderate,0
5030bbed2f6f1bb6_2,Yes,moderate,0
2f56b139e9ce9471_18,Yes,slightly_liberal,-1
f736b8c3c88d614e_10,Yes,strongly_liberal,-1
cd3cfefcd5d29101_51,Yes,slightly_conservative,1
aaa254bf7aed35e5_20,Yes,moderate,0
aaa254bf7aed35e5_3,Yes,moderate,0
aaa254bf7aed35e5_23,Yes,strongly_conservative,1
59a69b8b0ecb9a64_19,Yes,moderate,0
390d7974f5858a79_1,Yes,strongly_liberal,-1
2f56b139e9ce9471_23,Yes,moderate,0
f736b8c3c88d614e_24,Yes,strongly_liberal,-1
cd3cfefcd5d29101_29,Yes,strongly_liberal,-1
aaa254bf7aed35e5_15,Yes,slightly_liberal,-1
cd3cfefcd5d29101_27,Yes,moderate,0
59a69b8b0ecb9a64_25,Yes,slightly_conservative,1
16fe97862088fa7b_77,Yes,strongly_liberal,-1
60ab58a813be1334_60,Yes,strongly_liberal,-1
3be1265ed2b934d5_52,No,,
9535974c6b3dfe70_22,Yes,strongly_liberal,-1
38a5f46092c182ed_0,Yes,strongly_liberal,-1
03c1e5c6eb4f3710_24,Yes,moderate,0
d5660fbb4d30bc35_125,Yes,strongly_liberal,-1
d479c1fd0647de30_125,Yes,strongly_liberal,-1
79ba9e199b9ecf4e_66,Yes,strongly_liberal,-1
3be1265ed2b934d5_22,Yes,strongly_liberal,-1
16fe97862088fa7b_158,Yes,strongly_liberal,-1
79ba9e199b9ecf4e_107,Yes,strongly_liberal,-1
03c1e5c6eb4f3710_31,No,,
60ab58a813be1334_46,Yes,strongly_liberal,-1
9535974c6b3dfe70_23,Yes,strongly_liberal,-1
16fe97862088fa7b_68,No,,
c07c0f44e69c4b1d_43,Yes,strongly_liberal,-1
16fe97862088fa7b_121,No,,
3be1265ed2b934d5_39,Yes,strongly_liberal,-1
d5660fbb4d30bc35_13,Yes,strongly_liberal,-1
3be1265ed2b934d5_51,Yes,slightly_liberal,-1
16fe97862088fa7b_114,Yes,strongly_liberal,-1
03c1e5c6eb4f3710_46,No,,
d5660fbb4d30bc35_22,No,,
d479c1fd0647de30_100,Yes,strongly_liberal,-1
03c1e5c6eb4f3710_60,Yes,strongly_liberal,-1
9535974c6b3dfe70_121,Yes,strongly_conservative,1
03c1e5c6eb4f3710_113,Yes,moderate,0
9535974c6b3dfe70_12,Yes,strongly_liberal,-1
60ab58a813be1334_33,Yes,moderate,0
03c1e5c6eb4f3710_111,Yes,moderate,0
3be1265ed2b934d5_163,Yes,strongly_liberal,-1
79ba9e199b9ecf4e_59,Yes,strongly_liberal,-1
9c8341a928ce623e_45,Yes,strongly_liberal,-1
16fe97862088fa7b_96,Yes,strongly_liberal,-1
60ab58a813be1334_84,Yes,strongly_liberal,-1
60ab58a813be1334_42,Yes,strongly_liberal,-1
9535974c6b3dfe70_140,Yes,strongly_liberal,-1
d479c1fd0647de30_11,Yes,strongly_liberal,-1
16fe97862088fa7b_141,Yes,strongly_liberal,-1
03c1e5c6eb4f3710_76,Yes,slightly_liberal,-1
60ab58a813be1334_68,Yes,moderate,0
9535974c6b3dfe70_52,Yes,strongly_liberal,-1
16fe97862088fa7b_44,Yes,moderate,0
9535974c6b3dfe70_104,Yes,strongly_liberal,-1
16fe97862088fa7b_164,Yes,strongly_liberal,-1
3be1265ed2b934d5_158,Yes,strongly_liberal,-1
d5660fbb4d30bc35_101,Yes,strongly_liberal,-1
3be1265ed2b934d5_119,Yes,slightly_liberal,-1
16fe97862088fa7b_61,Yes,moderate,0
03c1e5c6eb4f3710_19,No,,
d479c1fd0647de30_41,Yes,strongly_liberal,-1
d479c1fd0647de30_80,Yes,slightly_conservative,1
d479c1fd0647de30_93,Yes,slightly_liberal,-1
16fe97862088fa7b_147,Yes,strongly_liberal,-1
16fe97862088fa7b_88,Yes,strongly_liberal,-1
9c8341a928ce623e_3,Yes,moderate,0
16fe97862088fa7b_128,No,,
9c8341a928ce623e_46,Yes,strongly_liberal,-1
d5660fbb4d30bc35_108,Yes,strongly_liberal,-1
3be1265ed2b934d5_6,Yes,strongly_conservative,1
79ba9e199b9ecf4e_109,Yes,strongly_liberal,-1
38a5f46092c182ed_59,Yes,strongly_liberal,-1
38a5f46092c182ed_62,Yes,moderately_liberal,-1
16fe97862088fa7b_4,Yes,moderate,0
38a5f46092c182ed_52,Yes,moderate,0
79ba9e199b9ecf4e_46,Yes,strongly_liberal,-1
3be1265ed2b934d5_157,Yes,strongly_liberal,-1
d5660fbb4d30bc35_41,Yes,moderate,0
3be1265ed2b934d5_99,Yes,moderately_liberal,-1
79ba9e199b9ecf4e_18,Yes,strongly_liberal,-1
c07c0f44e69c4b1d_28,Yes,strongly_liberal,-1
16fe97862088fa7b_172,Yes,slightly_liberal,-1
79ba9e199b9ecf4e_84,Yes,strongly_liberal,-1
9535974c6b3dfe70_28,Yes,strongly_liberal,-1
60ab58a813be1334_80,Yes,strongly_liberal,-1
16fe97862088fa7b_10,Yes,slightly_liberal,-1
9535974c6b3dfe70_96,Yes,strongly_liberal,-1
79ba9e199b9ecf4e_104,Yes,slightly_conservative,1
9c8341a928ce623e_27,Yes,strongly_liberal,-1
60ab58a813be1334_2,Yes,strongly_liberal,-1
9759d0ceb621879f_25,Yes,moderate,0
d5660fbb4d30bc35_15,No,,
79ba9e199b9ecf4e_101,Yes,slightly_conservative,1
d5660fbb4d30bc35_123,Yes,strongly_liberal,-1
79ba9e199b9ecf4e_54,Yes,moderate,0
9535974c6b3dfe70_119,Yes,moderate,0
79ba9e199b9ecf4e_35,Yes,strongly_liberal,-1
16fe97862088fa7b_13,Yes,moderately_conservative,1
c07c0f44e69c4b1d_37,Yes,strongly_liberal,-1
3be1265ed2b934d5_94,Yes,strongly_liberal,-1
d5660fbb4d30bc35_124,Yes,strongly_liberal,-1
d5660fbb4d30bc35_60,Yes,strongly_liberal,-1
79ba9e199b9ecf4e_36,Yes,strongly_liberal,-1
03c1e5c6eb4f3710_99,Yes,moderate,0
9535974c6b3dfe70_84,Yes,strongly_liberal,-1
d5660fbb4d30bc35_46,Yes,strongly_liberal,-1
16fe97862088fa7b_75,Yes,moderate,0
16fe97862088fa7b_48,Yes,moderately_conservative,1
38a5f46092c182ed_30,Yes,strongly_conservative,1
dafd0f0e0f040b5f_24,Yes,moderate,0
dafd0f0e0f040b5f_14,Yes,moderate,0
dafd0f0e0f040b5f_18,Yes,moderate,0
dafd0f0e0f040b5f_21,Yes,moderate,0
dafd0f0e0f040b5f_47,Yes,strongly_conservative,1
dafd0f0e0f040b5f_9,Yes,moderately_conservative,1
dafd0f0e0f040b5f_1,Yes,moderate,0
dafd0f0e0f040b5f_44,Yes,strongly_conservative,1
dafd0f0e0f040b5f_12,Yes,strongly_conservative,1
dafd0f0e0f040b5f_5,Yes,moderate,0
dafd0f0e0f040b5f_26,Yes,slightly_conservative,1
dafd0f0e0f040b5f_2,Yes,moderate,0
dafd0f0e0f040b5f_49,Yes,strongly_conservative,1
dafd0f0e0f040b5f_32,Yes,strongly_conservative,1
dafd0f0e0f040b5f_36,Yes,moderately_conservative,1
dafd0f0e0f040b5f_8,Yes,moderate,0
dafd0f0e0f040b5f_48,Yes,moderately_conservative,1
dafd0f0e0f040b5f_11,Yes,moderately_conservative,1
dafd0f0e0f040b5f_39,Yes,strongly_conservative,1
dafd0f0e0f040b5f_6,Yes,moderately_conservative,1
dafd0f0e0f040b5f_16,Yes,moderate,0
dafd0f0e0f040b5f_27,Yes,moderately_conservative,1
dafd0f0e0f040b5f_45,Yes,strongly_conservative,1
dafd0f0e0f040b5f_25,Yes,moderate,0
dafd0f0e0f040b5f_15,Yes,moderate,0
dafd0f0e0f040b5f_52,No,,
dafd0f0e0f040b5f_41,No,,
dafd0f0e0f040b5f_50,Yes,moderate,0
dafd0f0e0f040b5f_33,No,,
dafd0f0e0f040b5f_0,Yes,moderate,0
dafd0f0e0f040b5f_30,Yes,strongly_conservative,1
dafd0f0e0f040b5f_43,Yes,moderately_conservative,1
dafd0f0e0f040b5f_40,No,,
dafd0f0e0f040b5f_34,No,,
dafd0f0e0f040b5f_29,Yes,slightly_conservative,1
dafd0f0e0f040b5f_51,Yes,moderate,0
dafd0f0e0f040b5f_46,Yes,moderately_conservative,1
dafd0f0e0f040b5f_37,Yes,slightly_conservative,1
dafd0f0e0f040b5f_3,Yes,strongly_conservative,1
dafd0f0e0f040b5f_7,Yes,slightly_conservative,1
dafd0f0e0f040b5f_13,No,,
dafd0f0e0f040b5f_23,Yes,moderate,0
dafd0f0e0f040b5f_4,Yes,moderately_conservative,1
dafd0f0e0f040b5f_10,Yes,moderately_conservative,1
dafd0f0e0f040b5f_28,Yes,strongly_conservative,1
dafd0f0e0f040b5f_35,Yes,moderate,0
dafd0f0e0f040b5f_38,Yes,strongly_conservative,1
dafd0f0e0f040b5f_22,Yes,moderate,0
dafd0f0e0f040b5f_20,Yes,moderate,0
dafd0f0e0f040b5f_31,Yes,moderately_conservative,1
dafd0f0e0f040b5f_19,Yes,moderate,0
dafd0f0e0f040b5f_17,Yes,moderate,0
dafd0f0e0f040b5f_42,Yes,moderate,0
e74fb31e2597516d_35,Yes,moderate,0
60cad1cdb4c31b38_0,No,,
2cebad6b13def286_28,Yes,moderate,0
60cad1cdb4c31b38_7,Yes,moderately_liberal,-1
2cebad6b13def286_12,Yes,moderate,0
2cebad6b13def286_18,Yes,slightly_liberal,-1
e98c42425ecb3608_60,Yes,slightly_liberal,-1
e98c42425ecb3608_32,Yes,moderate,0
e74fb31e2597516d_6,Yes,strongly_liberal,-1
586dd7d46297d906_45,Yes,moderate,0
60cad1cdb4c31b38_43,Yes,slightly_liberal,-1
e98c42425ecb3608_29,Yes,moderate,0
2df14fa3059766ca_57,Yes,moderate,0
3048e7d9a8040e5d_11,Yes,strongly_liberal,-1
e74fb31e2597516d_9,Yes,moderately_liberal,-1
343fe313230ee493_18,Yes,moderate,0
60cad1cdb4c31b38_11,Yes,slightly_liberal,-1
c7bc214463429c33_36,Yes,strongly_liberal,-1
343fe313230ee493_5,Yes,moderate,0
3048e7d9a8040e5d_49,Yes,slightly_liberal,-1
3048e7d9a8040e5d_1,No,,
2df14fa3059766ca_5,Yes,moderate,0
2df14fa3059766ca_20,Yes,moderate,0
2cebad6b13def286_0,Yes,strongly_liberal,-1
3048e7d9a8040e5d_9,Yes,slightly_liberal,-1
e98c42425ecb3608_58,Yes,moderate,0
586dd7d46297d906_16,Yes,moderate,0
e74fb31e2597516d_26,Yes,moderately_conservative,1
e98c42425ecb3608_59,Yes,moderate,0
2d9de21c0684aa3f_37,No,,
2d9de21c0684aa3f_28,No,,
2df14fa3059766ca_19,Yes,moderate,0
c7bc214463429c33_38,Yes,moderate,0
2d9de21c0684aa3f_39,No,,
2df14fa3059766ca_29,Yes,moderately_liberal,-1
586dd7d46297d906_42,Yes,moderate,0
60cad1cdb4c31b38_20,Yes,moderate,0
2d9de21c0684aa3f_29,No,,
e98c42425ecb3608_90,Yes,moderately_liberal,-1
2df14fa3059766ca_44,Yes,slightly_liberal,-1
0e02f78ac9e82293_9,Yes,moderate,0
e98c42425ecb3608_84,Yes,strongly_liberal,-1
60cad1cdb4c31b38_58,Yes,moderate,0
2d9de21c0684aa3f_43,No,,
e74fb31e2597516d_11,Yes,moderate,0
60cad1cdb4c31b38_44,No,,
e98c42425ecb3608_23,Yes,moderately_liberal,-1
3048e7d9a8040e5d_10,Yes,moderate,0
e98c42425ecb3608_55,Yes,moderate,0
313afd7cf123cc1d_14,Yes,moderate,0
586dd7d46297d906_6,Yes,moderate,0
586dd7d46297d906_46,Yes,strongly_liberal,-1
586dd7d46297d906_56,Yes,strongly_liberal,-1
e74fb31e2597516d_0,No,,
3048e7d9a8040e5d_17,Yes,moderate,0
3048e7d9a8040e5d_43,Yes,moderate,0
2cebad6b13def286_38,Yes,strongly_liberal,-1
e98c42425ecb3608_43,Yes,moderate,0
2d9de21c0684aa3f_1,No,,
343fe313230ee493_21,Yes,slightly_liberal,-1
586dd7d46297d906_19,Yes,moderate,0
c7bc214463429c33_28,Yes,moderate,0
c7bc214463429c33_33,Yes,moderate,0
2df14fa3059766ca_14,Yes,moderately_liberal,-1
586dd7d46297d906_49,Yes,strongly_liberal,-1
3048e7d9a8040e5d_21,Yes,slightly_liberal,-1
60cad1cdb4c31b38_52,Yes,slightly_liberal,-1
e98c42425ecb3608_33,Yes,moderate,0
2cebad6b13def286_36,Yes,strongly_liberal,-1
60cad1cdb4c31b38_25,Yes,slightly_conservative,1
c7bc214463429c33_16,Yes,moderate,0
2d9de21c0684aa3f_32,No,,
2d9de21c0684aa3f_35,No,,
2cebad6b13def286_25,Yes,moderate,0
343fe313230ee493_8,Yes,moderate,0
313afd7cf123cc1d_0,No,,
586dd7d46297d906_15,Yes,moderate,0
3048e7d9a8040e5d_54,Yes,moderate,0
2df14fa3059766ca_47,Yes,slightly_liberal,-1
0e02f78ac9e82293_4,Yes,slightly_liberal,-1
586dd7d46297d906_14,Yes,slightly_liberal,-1
2df14fa3059766ca_58,Yes,moderate,0
586dd7d46297d906_44,Yes,strongly_liberal,-1
2d9de21c0684aa3f_52,No,,
e98c42425ecb3608_86,Yes,strongly_liberal,-1
60cad1cdb4c31b38_17,Yes,moderate,0
586dd7d46297d906_8,Yes,moderate,0
586dd7d46297d906_9,Yes,slightly_liberal,-1
e98c42425ecb3608_10,Yes,moderate,0
2d9de21c0684aa3f_47,No,,
c7bc214463429c33_41,Yes,strongly_liberal,-1
e98c42425ecb3608_50,Yes,slightly_liberal,-1
0e02f78ac9e82293_8,Yes,moderate,0
3048e7d9a8040e5d_50,Yes,slightly_liberal,-1
0e02f78ac9e82293_7,Yes,slightly_liberal,-1
60cad1cdb4c31b38_13,Yes,strongly_liberal,-1
2cebad6b13def286_39,Yes,slightly_liberal,-1
e98c42425ecb3608_89,Yes,moderately_liberal,-1
2cebad6b13def286_45,Yes,moderate,0
e98c42425ecb3608_9,Yes,moderate,0
2b83f5a600ba2561_16,No,,
aca891f1363ffe94_24,Yes,slightly_liberal,-1
51a8e00a4ffb6c92_30,Yes,slightly_liberal,-1
03a91d95f0c2aade_15,Yes,moderate,0
991e80bc7c0447f9_67,Yes,strongly_liberal,-1
679c2cfebdeafc4f_18,Yes,moderate,0
51a8e00a4ffb6c92_73,No,,
03a91d95f0c2aade_17,Yes,slightly_liberal,-1
c7c65f1ef46ea7da_7,Yes,moderate,0
f4f1fee539067f32_66,No,,
aca891f1363ffe94_27,No,,
cc4703c9f4d0327c_75,Yes,slightly_liberal,-1
991e80bc7c0447f9_80,Yes,slightly_liberal,-1
51a8e00a4ffb6c92_37,Yes,moderately_conservative,1
679c2cfebdeafc4f_37,No,,
c7c65f1ef46ea7da_35,Yes,slightly_liberal,-1
f4f1fee539067f32_12,Yes,strongly_liberal,-1
03a91d95f0c2aade_55,Yes,strongly_liberal,-1
f4f1fee539067f32_57,No,,
991e80bc7c0447f9_90,Yes,strongly_liberal,-1
c7c65f1ef46ea7da_14,Yes,strongly_liberal,-1
1a3ededc16b2bc94_7,Yes,moderate,0
1a3ededc16b2bc94_60,Yes,moderate,0
51a8e00a4ffb6c92_71,Yes,moderate,0
679c2cfebdeafc4f_28,Yes,moderately_conservative,1
679c2cfebdeafc4f_50,No,,
f4f1fee539067f32_33,Yes,slightly_conservative,1
cc4703c9f4d0327c_86,Yes,moderate,0
03a91d95f0c2aade_101,Yes,strongly_liberal,-1
cc4703c9f4d0327c_81,Yes,moderately_liberal,-1
679c2cfebdeafc4f_35,Yes,moderately_liberal,-1
1a3ededc16b2bc94_3,Yes,slightly_liberal,-1
c7c65f1ef46ea7da_79,Yes,moderate,0
03a91d95f0c2aade_85,Yes,strongly_liberal,-1
c7c65f1ef46ea7da_45,Yes,strongly_liberal,-1
03a91d95f0c2aade_33,Yes,strongly_liberal,-1
c7c65f1ef46ea7da_9,Yes,strongly_liberal,-1
991e80bc7c0447f9_11,Yes,moderate,0
cc4703c9f4d0327c_53,Yes,strongly_conservative,1
51a8e00a4ffb6c92_35,Yes,moderately_liberal,-1
03a91d95f0c2aade_46,Yes,moderate,0
aca891f1363ffe94_26,No,,
679c2cfebdeafc4f_36,Yes,strongly_liberal,-1
51a8e00a4ffb6c92_45,Yes,moderately_liberal,-1
1a3ededc16b2bc94_90,Yes,slightly_liberal,-1
f4f1fee539067f32_14,Yes,strongly_liberal,-1
aca891f1363ffe94_57,Yes,strongly_liberal,-1
c7c65f1ef46ea7da_69,Yes,moderate,0
cc4703c9f4d0327c_73,Yes,strongly_liberal,-1
679c2cfebdeafc4f_3,Yes,strongly_liberal,-1
991e80bc7c0447f9_16,Yes,strongly_liberal,-1
51a8e00a4ffb6c92_66,Yes,moderate,0
679c2cfebdeafc4f_73,No,,
1a3ededc16b2bc94_40,Yes,strongly_liberal,-1
c7c65f1ef46ea7da_84,No,,
c7c65f1ef46ea7da_47,No,,
991e80bc7c0447f9_63,Yes,strongly_liberal,-1
51a8e00a4ffb6c92_10,Yes,strongly_liberal,-1
03a91d95f0c2aade_106,Yes,strongly_liberal,-1
aca891f1363ffe94_4,No,,
f4f1fee539067f32_84,Yes,moderate,0
99a40bc36323bb00_0,No,,
cc4703c9f4d0327c_84,Yes,moderate,0
991e80bc7c0447f9_24,Yes,strongly_liberal,-1
cc4703c9f4d0327c_63,Yes,slightly_liberal,-1
c7c65f1ef46ea7da_50,Yes,moderately_liberal,-1
aca891f1363ffe94_31,No,,
991e80bc7c0447f9_57,Yes,slightly_liberal,-1
51a8e00a4ffb6c92_65,Yes,moderate,0
03a91d95f0c2aade_79,Yes,strongly_liberal,-1
cc4703c9f4d0327c_5,Yes,strongly_conservative,1
991e80bc7c0447f9_41,Yes,slightly_liberal,-1
51a8e00a4ffb6c92_21,Yes,slightly_liberal,-1
f4f1fee539067f32_2,Yes,strongly_liberal,-1
1a3ededc16b2bc94_16,Yes,strongly_conservative,1
991e80bc7c0447f9_98,Yes,moderate,0
aca891f1363ffe94_20,Yes,moderate,0
03a91d95f0c2aade_10,Yes,moderate,0
1a3ededc16b2bc94_62,Yes,strongly_liberal,-1
f4f1fee539067f32_15,No,,
99a40bc36323bb00_5,No,,
c7c65f1ef46ea7da_18,Yes,moderate,0
f4f1fee539067f32_68,No,,
03a91d95f0c2aade_32,Yes,strongly_liberal,-1
c7c65f1ef46ea7da_22,Yes,moderate,0
cc4703c9f4d0327c_2,No,,
679c2cfebdeafc4f_49,No,,
aca891f1363ffe94_28,No,,
2b83f5a600ba2561_12,No,,
991e80bc7c0447f9_42,Yes,slightly_liberal,-1
cc4703c9f4d0327c_92,No,,
51a8e00a4ffb6c92_32,Yes,slightly_conservative,1
1a3ededc16b2bc94_36,Yes,strongly_liberal,-1
42b6cd78a4daad85_7,No,,
991e80bc7c0447f9_93,Yes,strongly_liberal,-1
991e80bc7c0447f9_77,Yes,slightly_liberal,-1
1a3ededc16b2bc94_41,Yes,moderately_liberal,-1
cc4703c9f4d0327c_16,Yes,slightly_liberal,-1
cc4703c9f4d0327c_65,Yes,moderate,0
1a3ededc16b2bc94_10,Yes,strongly_liberal,-1
ea857b5decdda2c5_59,No,,
67674bbebc796d16_43,Yes,strongly_liberal,-1
f17e0ac40df0cdd7_43,Yes,moderate,0
1304c462d06f7954_72,No,,
01707f50fc4963d2_22,Yes,moderate,0
1304c462d06f7954_5,No,,
90310d99ee986a0b_33,Yes,slightly_liberal,-1
f17e0ac40df0cdd7_33,Yes,slightly_liberal,-1
ea857b5decdda2c5_18,Yes,slightly_liberal,-1
90310d99ee986a0b_60,Yes,moderate,0
1304c462d06f7954_12,Yes,strongly_liberal,-1
ea857b5decdda2c5_53,Yes,strongly_liberal,-1
ea857b5decdda2c5_14,Yes,moderate,0
67674bbebc796d16_29,Yes,slightly_liberal,-1
90310d99ee986a0b_7,Yes,slightly_liberal,-1
67674bbebc796d16_28,Yes,strongly_liberal,-1
c2021e88fd466293_33,Yes,moderate,0
c2021e88fd466293_16,Yes,strongly_liberal,-1
67674bbebc796d16_61,Yes,slightly_liberal,-1
4fcbe83bd119f517_79,No,,
01707f50fc4963d2_64,Yes,moderately_conservative,1
01707f50fc4963d2_24,Yes,strongly_liberal,-1
01707f50fc4963d2_65,Yes,strongly_liberal,-1
67674bbebc796d16_33,Yes,moderate,0
90310d99ee986a0b_46,Yes,moderate,0
ea857b5decdda2c5_16,Yes,slightly_liberal,-1
7959bb2cf106937d_11,Yes,slightly_liberal,-1
9cbec81682cead27_44,Yes,slightly_liberal,-1
9cbec81682cead27_24,Yes,strongly_conservative,1
df19e04880444363_9,Yes,moderate,0
7959bb2cf106937d_34,Yes,slightly_liberal,-1
7959bb2cf106937d_53,Yes,strongly_liberal,-1
ea857b5decdda2c5_26,Yes,strongly_liberal,-1
90310d99ee986a0b_0,Yes,moderate,0
c2021e88fd466293_37,Yes,slightly_liberal,-1
67674bbebc796d16_2,Yes,strongly_liberal,-1
f17e0ac40df0cdd7_62,Yes,moderately_liberal,-1
9cbec81682cead27_69,Yes,moderate,0
67674bbebc796d16_50,No,,
90310d99ee986a0b_43,Yes,moderate,0
9cbec81682cead27_17,Yes,strongly_liberal,-1
1304c462d06f7954_44,Yes,moderate,0
01707f50fc4963d2_55,Yes,moderate,0
ea857b5decdda2c5_22,Yes,slightly_conservative,1
90310d99ee986a0b_39,Yes,strongly_liberal,-1
df19e04880444363_14,Yes,slightly_liberal,-1
1304c462d06f7954_21,No,,
01707f50fc4963d2_33,Yes,strongly_liberal,-1
973c96da2afcebfb_23,No,,
4fcbe83bd119f517_48,Yes,strongly_conservative,1
1304c462d06f7954_64,Yes,moderately_liberal,-1
df19e04880444363_34,Yes,moderate,0
973c96da2afcebfb_11,Yes,moderately_conservative,1
1304c462d06f7954_51,Yes,moderately_conservative,1
1304c462d06f7954_50,Yes,slightly_liberal,-1
90310d99ee986a0b_51,Yes,moderate,0
df19e04880444363_4,Yes,strongly_liberal,-1
f17e0ac40df0cdd7_2,Yes,moderately_liberal,-1
973c96da2afcebfb_16,Yes,slightly_conservative,1
1304c462d06f7954_34,Yes,strongly_conservative,1
01707f50fc4963d2_10,No,,
df19e04880444363_18,Yes,moderate,0
7959bb2cf106937d_12,Yes,slightly_liberal,-1
ea857b5decdda2c5_15,Yes,moderate,0
f17e0ac40df0cdd7_57,Yes,strongly_liberal,-1
df19e04880444363_15,Yes,moderately_liberal,-1
1304c462d06f7954_66,Yes,strongly_liberal,-1
9cbec81682cead27_22,Yes,strongly_liberal,-1
01707f50fc4963d2_34,Yes,moderate,0
ea857b5decdda2c5_12,Yes,moderate,0
c2021e88fd466293_26,Yes,moderate,0
7959bb2cf106937d_60,Yes,slightly_liberal,-1
90310d99ee986a0b_12,Yes,moderately_liberal,-1
f17e0ac40df0cdd7_40,Yes,slightly_liberal,-1
df19e04880444363_41,Yes,slightly_liberal,-1
c2021e88fd466293_39,Yes,moderately_conservative,1
1304c462d06f7954_18,Yes,strongly_liberal,-1
90310d99ee986a0b_32,Yes,slightly_liberal,-1
01707f50fc4963d2_68,Yes,strongly_liberal,-1
67674bbebc796d16_62,Yes,moderate,0
7959bb2cf106937d_33,Yes,moderate,0
7959bb2cf106937d_76,Yes,slightly_liberal,-1
4fcbe83bd119f517_8,Yes,slightly_liberal,-1
f17e0ac40df0cdd7_51,Yes,moderate,0
7959bb2cf106937d_4,Yes,slightly_liberal,-1
7959bb2cf106937d_57,Yes,moderate,0
ea857b5decdda2c5_1,Yes,slightly_liberal,-1
1304c462d06f7954_57,No,,
9cbec81682cead27_36,Yes,strongly_liberal,-1
c2021e88fd466293_0,Yes,strongly_liberal,-1
ea857b5decdda2c5_75,Yes,slightly_liberal,-1
ea857b5decdda2c5_27,No,,
7959bb2cf106937d_58,Yes,moderate,0
c2021e88fd466293_64,Yes,moderate,0
c2021e88fd466293_29,Yes,strongly_liberal,-1
ea857b5decdda2c5_69,Yes,strongly_liberal,-1
1304c462d06f7954_7,Yes,slightly_liberal,-1
f17e0ac40df0cdd7_61,Yes,slightly_liberal,-1
4fcbe83bd119f517_37,Yes,moderate,0
01707f50fc4963d2_70,Yes,strongly_liberal,-1
c3cb83e45de90fb1_70,Yes,moderately_liberal,-1
ce6e83078a38999c_23,Yes,strongly_liberal,-1
4c2afb8e10550502_34,Yes,moderate,0
e7203a1733cf9182_13,Yes,slightly_liberal,-1
2245b9c9e3920e49_15,Yes,slightly_liberal,-1
cbeb28fbc9acb02a_44,Yes,strongly_liberal,-1
2fae8d37cefdce10_45,No,,
e7203a1733cf9182_18,Yes,slightly_liberal,-1
2245b9c9e3920e49_18,Yes,slightly_liberal,-1
cbeb28fbc9acb02a_67,No,,
cbeb28fbc9acb02a_13,Yes,strongly_liberal,-1
4c2afb8e10550502_68,Yes,strongly_liberal,-1
d1277a96b1c45858_54,Yes,slightly_liberal,-1
ce6e83078a38999c_74,Yes,slightly_liberal,-1
2fae8d37cefdce10_192,No,,
ce6e83078a38999c_100,Yes,moderate,0
ce6e83078a38999c_57,Yes,moderately_liberal,-1
2fae8d37cefdce10_24,Yes,moderate,0
4c2afb8e10550502_85,Yes,moderate,0
90acfd5a56a350c4_81,Yes,slightly_liberal,-1
90acfd5a56a350c4_62,Yes,slightly_liberal,-1
ce6e83078a38999c_81,Yes,slightly_liberal,-1
d1277a96b1c45858_30,No,,
2fae8d37cefdce10_86,Yes,moderate,0
ce6e83078a38999c_50,Yes,moderate,0
c3cb83e45de90fb1_21,Yes,moderate,0
2245b9c9e3920e49_1,Yes,moderate,0
cbeb28fbc9acb02a_58,Yes,moderate,0
c3cb83e45de90fb1_41,Yes,moderately_conservative,1
90acfd5a56a350c4_68,Yes,moderate,0
c3cb83e45de90fb1_12,Yes,slightly_liberal,-1
e7203a1733cf9182_3,No,,
cbeb28fbc9acb02a_77,Yes,strongly_liberal,-1
d1277a96b1c45858_66,Yes,strongly_liberal,-1
b63637b0a63d0c53_64,Yes,strongly_liberal,-1
2fae8d37cefdce10_191,No,,
d1277a96b1c45858_27,Yes,moderate,0
c3cb83e45de90fb1_26,Yes,moderately_liberal,-1
ce19262058c28fa2_23,No,,
c3cb83e45de90fb1_50,Yes,strongly_liberal,-1
90acfd5a56a350c4_1,Yes,strongly_liberal,-1
4c2afb8e10550502_24,Yes,moderate,0
ce6e83078a38999c_63,Yes,moderately_liberal,-1
ce6e83078a38999c_15,Yes,moderate,0
90acfd5a56a350c4_83,Yes,slightly_liberal,-1
2fae8d37cefdce10_50,Yes,moderate,0
90acfd5a56a350c4_24,Yes,slightly_liberal,-1
2fae8d37cefdce10_3,Yes,slightly_liberal,-1
4c2afb8e10550502_70,Yes,moderately_liberal,-1
90acfd5a56a350c4_2,Yes,strongly_liberal,-1
2fae8d37cefdce10_162,Yes,strongly_liberal,-1
ce6e83078a38999c_68,Yes,strongly_liberal,-1
90acfd5a56a350c4_18,No,,
d1277a96b1c45858_89,Yes,moderately_liberal,-1
e7203a1733cf9182_54,Yes,moderate,0
e7203a1733cf9182_90,No,,
d1277a96b1c45858_23,Yes,strongly_liberal,-1
ce19262058c28fa2_48,Yes,moderate,0
2fae8d37cefdce10_108,Yes,slightly_conservative,1
2fae8d37cefdce10_92,Yes,strongly_liberal,-1
ce19262058c28fa2_5,Yes,moderate,0
90acfd5a56a350c4_99,No,,
90acfd5a56a350c4_37,Yes,moderate,0
e6e88a281d0d7f89_3,Yes,slightly_conservative,1
cbeb28fbc9acb02a_29,Yes,strongly_liberal,-1
2245b9c9e3920e49_58,No,,
2fae8d37cefdce10_112,Yes,moderately_liberal,-1
ce6e83078a38999c_35,Yes,slightly_liberal,-1
ce19262058c28fa2_54,Yes,slightly_liberal,-1
2fae8d37cefdce10_113,Yes,slightly_liberal,-1
90acfd5a56a350c4_38,Yes,strongly_liberal,-1
cbeb28fbc9acb02a_82,No,,
ce19262058c28fa2_79,Yes,moderately_liberal,-1
e6e88a281d0d7f89_26,Yes,strongly_liberal,-1
2245b9c9e3920e49_87,No,,
d1277a96b1c45858_17,Yes,strongly_liberal,-1
2fae8d37cefdce10_95,Yes,strongly_liberal,-1
4c2afb8e10550502_14,Yes,strongly_liberal,-1
d1277a96b1c45858_83,Yes,moderate,0
2245b9c9e3920e49_79,Yes,moderate,0
ce6e83078a38999c_52,Yes,slightly_liberal,-1
90acfd5a56a350c4_57,Yes,moderately_liberal,-1
cbeb28fbc9acb02a_35,No,,
2fae8d37cefdce10_156,Yes,moderate,0
2fae8d37cefdce10_4,Yes,moderate,0
e7203a1733cf9182_33,No,,
cbeb28fbc9acb02a_83,No,,
cbeb28fbc9acb02a_50,Yes,strongly_liberal,-1
c3cb83e45de90fb1_84,Yes,moderate,0
ce6e83078a38999c_25,Yes,moderate,0
b63637b0a63d0c53_30,No,,
cbeb28fbc9acb02a_85,Yes,moderate,0
e6e88a281d0d7f89_13,Yes,moderately_liberal,-1
2245b9c9e3920e49_77,Yes,slightly_liberal,-1
e6e88a281d0d7f89_27,Yes,moderate,0
e7203a1733cf9182_88,Yes,strongly_liberal,-1
90acfd5a56a350c4_63,Yes,slightly_liberal,-1
e6e88a281d0d7f89_12,Yes,slightly_liberal,-1
cbeb28fbc9acb02a_71,Yes,moderate,0
769fcedcad6a0fca_39,No,,
ce19262058c28fa2_12,Yes,moderate,0
cc98a1db4e38d660_71,No,,
70ca4f887c9dcdb7_74,Yes,moderate,0
b3430b24fb7ca150_28,Yes,moderate,0
b3430b24fb7ca150_1,Yes,moderate,0
1567a1440a189629_23,Yes,slightly_liberal,-1
769fcedcad6a0fca_72,Yes,moderate,0
b3430b24fb7ca150_68,No,,
ac2fdb715a71bf59_27,Yes,strongly_liberal,-1
ac2fdb715a71bf59_47,Yes,moderately_conservative,1
ac2fdb715a71bf59_38,Yes,slightly_conservative,1
cb6d005281e1987a_17,Yes,moderately_conservative,1
70ca4f887c9dcdb7_29,Yes,moderate,0
769fcedcad6a0fca_1,No,,
b3430b24fb7ca150_43,Yes,moderate,0
d9c62e5b0689d0f6_2,Yes,moderate,0
769fcedcad6a0fca_63,Yes,moderate,0
ac2fdb715a71bf59_20,Yes,moderately_conservative,1
944dde7353badcd6_27,Yes,moderate,0
ac2fdb715a71bf59_45,Yes,slightly_conservative,1
944dde7353badcd6_11,Yes,moderately_liberal,-1
ac2fdb715a71bf59_16,No,,
cc98a1db4e38d660_52,Yes,strongly_liberal,-1
769fcedcad6a0fca_50,Yes,slightly_liberal,-1
1567a1440a189629_81,Yes,moderate,0
ac2fdb715a71bf59_74,No,,
8ff6e3fd1a254d10_5,Yes,slightly_liberal,-1
8ff6e3fd1a254d10_7,No,,
1567a1440a189629_29,Yes,moderate,0
1567a1440a189629_66,Yes,moderate,0
df41ab6179535373_25,Yes,moderate,0
70ca4f887c9dcdb7_56,Yes,slightly_liberal,-1
d9c62e5b0689d0f6_9,Yes,slightly_liberal,-1
ac2fdb715a71bf59_58,Yes,moderate,0
df41ab6179535373_66,Yes,moderate,0
cb6d005281e1987a_64,No,,
b3430b24fb7ca150_0,Yes,moderate,0
df41ab6179535373_67,Yes,moderate,0
769fcedcad6a0fca_23,Yes,moderate,0
944dde7353badcd6_36,Yes,slightly_liberal,-1
944dde7353badcd6_50,Yes,moderate,0
d9c62e5b0689d0f6_60,Yes,moderate,0
ac2fdb715a71bf59_52,Yes,slightly_liberal,-1
b3430b24fb7ca150_15,Yes,slightly_conservative,1
d9c62e5b0689d0f6_65,Yes,moderate,0
1567a1440a189629_33,No,,
df41ab6179535373_15,Yes,moderate,0
769fcedcad6a0fca_71,Yes,moderate,0
944dde7353badcd6_26,Yes,moderate,0
b3430b24fb7ca150_49,Yes,moderate,0
769fcedcad6a0fca_15,No,,
b3430b24fb7ca150_14,Yes,slightly_liberal,-1
1567a1440a189629_9,No,,
d9c62e5b0689d0f6_72,Yes,moderate,0
944dde7353badcd6_56,Yes,moderately_liberal,-1
ac2fdb715a71bf59_0,Yes,moderate,0
769fcedcad6a0fca_41,No,,
1567a1440a189629_54,No,,
cc98a1db4e38d660_15,Yes,strongly_conservative,1
d9c62e5b0689d0f6_6,Yes,moderate,0
944dde7353badcd6_52,Yes,moderate,0
d9c62e5b0689d0f6_66,Yes,moderate,0
769fcedcad6a0fca_26,No,,
be21ce3553c0ea64_26,Yes,moderate,0
df41ab6179535373_26,Yes,strongly_liberal,-1
769fcedcad6a0fca_5,Yes,moderate,0
b3430b24fb7ca150_32,Yes,moderate,0
b3430b24fb7ca150_50,Yes,moderate,0
70ca4f887c9dcdb7_69,Yes,moderate,0
cb6d005281e1987a_29,Yes,slightly_liberal,-1
cb6d005281e1987a_22,Yes,slightly_liberal,-1
1567a1440a189629_78,No,,
cb6d005281e1987a_30,Yes,strongly_liberal,-1
944dde7353badcd6_8,Yes,slightly_liberal,-1
1567a1440a189629_46,Yes,moderate,0
ac2fdb715a71bf59_76,Yes,moderate,0
d9c62e5b0689d0f6_79,No,,
d9c62e5b0689d0f6_32,Yes,moderate,0
70ca4f887c9dcdb7_7,Yes,moderate,0
d9c62e5b0689d0f6_69,Yes,moderate,0
ac2fdb715a71bf59_32,Yes,moderate,0
1567a1440a189629_26,Yes,moderate,0
70ca4f887c9dcdb7_44,Yes,strongly_liberal,-1
cc98a1db4e38d660_65,Yes,moderate,0
cc98a1db4e38d660_55,No,,
d9c62e5b0689d0f6_22,Yes,moderate,0
df41ab6179535373_0,Yes,moderate,0
ac2fdb715a71bf59_54,No,,
cb6d005281e1987a_65,No,,
df41ab6179535373_10,Yes,slightly_liberal,-1
b3430b24fb7ca150_38,Yes,moderate,0
ac2fdb715a71bf59_29,Yes,moderate,0
ac2fdb715a71bf59_48,Yes,moderate,0
ac2fdb715a71bf59_5,Yes,moderate,0
ac2fdb715a71bf59_12,Yes,slightly_liberal,-1
ac2fdb715a71bf59_55,Yes,moderate,0
70ca4f887c9dcdb7_54,Yes,moderate,0
d9c62e5b0689d0f6_20,Yes,moderately_conservative,1
85f1984ba14016cf_43,No,,
944dde7353badcd6_62,Yes,moderate,0
8bee004231cdf591_31,Yes,slightly_liberal,-1
df41ab6179535373_21,Yes,moderate,0
0e089ac8530ff3ce_69,No,,
5ad56e6dcb0bd6b0_21,Yes,strongly_liberal,-1
8bee004231cdf591_17,No,,
d8531cbfc3863fd9_64,Yes,moderate,0
85f1984ba14016cf_17,No,,
5ad56e6dcb0bd6b0_44,Yes,moderate,0
5ad56e6dcb0bd6b0_6,Yes,moderately_liberal,-1
9ebcfaf1012ce42d_27,Yes,slightly_liberal,-1
f1edb8c4687b740d_14,No,,
0e089ac8530ff3ce_49,No,,
5ad56e6dcb0bd6b0_67,Yes,strongly_liberal,-1
0e089ac8530ff3ce_31,No,,
8bee004231cdf591_68,Yes,slightly_liberal,-1
d30e48f4faecb9f3_20,No,,
5ad56e6dcb0bd6b0_15,No,,
85f1984ba14016cf_1,No,,
0e089ac8530ff3ce_60,Yes,moderate,0
1eabdbd396cfd9e8_20,Yes,slightly_liberal,-1
753d46f17c1c0ec2_2,Yes,moderate,0
753d46f17c1c0ec2_21,Yes,moderate,0
e5b40492a3bd8239_60,Yes,moderate,0
e5b40492a3bd8239_4,Yes,moderate,0
65de2a75c241bc50_64,No,,
9ebcfaf1012ce42d_6,Yes,strongly_liberal,-1
85f1984ba14016cf_66,No,,
65de2a75c241bc50_52,No,,
9ebcfaf1012ce42d_75,No,,
e5b40492a3bd8239_45,Yes,moderate,0
5ad56e6dcb0bd6b0_56,No,,
753d46f17c1c0ec2_50,Yes,moderate,0
d30e48f4faecb9f3_49,No,,
e5b40492a3bd8239_39,Yes,moderate,0
8bee004231cdf591_5,No,,
f1edb8c4687b740d_11,No,,
85f1984ba14016cf_72,Yes,moderate,0
f1edb8c4687b740d_9,No,,
d8531cbfc3863fd9_19,No,,
8bee004231cdf591_39,Yes,moderately_liberal,-1
5ad56e6dcb0bd6b0_11,Yes,slightly_liberal,-1
753d46f17c1c0ec2_32,Yes,moderately_conservative,1
85f1984ba14016cf_31,No,,
1eabdbd396cfd9e8_46,Yes,moderate,0
85f1984ba14016cf_38,No,,
d30e48f4faecb9f3_40,No,,
8bee004231cdf591_21,No,,
753d46f17c1c0ec2_68,No,,
753d46f17c1c0ec2_52,Yes,moderate,0
5ad56e6dcb0bd6b0_48,Yes,moderate,0
9ebcfaf1012ce42d_11,Yes,moderately_liberal,-1
9ebcfaf1012ce42d_12,Yes,strongly_liberal,-1
d8531cbfc3863fd9_24,No,,
d30e48f4faecb9f3_56,No,,
d8531cbfc3863fd9_67,No,,
e5b40492a3bd8239_47,Yes,moderate,0
0e089ac8530ff3ce_15,No,,
8bee004231cdf591_33,Yes,moderate,0
65de2a75c241bc50_21,No,,
8bee004231cdf591_14,No,,
65de2a75c241bc50_20,Yes,moderate,0
65de2a75c241bc50_1,No,,
0e089ac8530ff3ce_4,No,,
d30e48f4faecb9f3_59,No,,
9ebcfaf1012ce42d_14,Yes,strongly_liberal,-1
8bee004231cdf591_69,No,,
85f1984ba14016cf_67,Yes,moderately_liberal,-1
9ebcfaf1012ce42d_67,Yes,moderately_liberal,-1
1eabdbd396cfd9e8_24,Yes,moderately_conservative,1
d8531cbfc3863fd9_4,No,,
e5b40492a3bd8239_51,Yes,moderate,0
1eabdbd396cfd9e8_30,Yes,moderately_liberal,-1
65de2a75c241bc50_49,No,,
8bee004231cdf591_58,No,,
d8531cbfc3863fd9_31,No,,
8bee004231cdf591_50,No,,
753d46f17c1c0ec2_26,Yes,slightly_liberal,-1
f1edb8c4687b740d_0,No,,
d30e48f4faecb9f3_17,No,,
d30e48f4faecb9f3_4,No,,
65de2a75c241bc50_16,Yes,moderate,0
d30e48f4faecb9f3_50,No,,
8bee004231cdf591_37,No,,
d8531cbfc3863fd9_59,No,,
d8531cbfc3863fd9_12,No,,
9ebcfaf1012ce42d_35,Yes,moderate,0
e5b40492a3bd8239_22,Yes,moderate,0
e5b40492a3bd8239_62,Yes,slightly_liberal,-1
753d46f17c1c0ec2_12,Yes,moderate,0
85f1984ba14016cf_58,Yes,moderate,0
d30e48f4faecb9f3_52,No,,
d8531cbfc3863fd9_16,No,,
0e089ac8530ff3ce_13,No,,
e5b40492a3bd8239_12,Yes,slightly_liberal,-1
65de2a75c241bc50_26,No,,
1eabdbd396cfd9e8_5,Yes,slightly_liberal,-1
1eabdbd396cfd9e8_12,No,,
d30e48f4faecb9f3_63,No,,
8bee004231cdf591_47,Yes,moderate,0
753d46f17c1c0ec2_43,Yes,moderate,0
732688c71ec2101a_11,No,,
1ff0f2b1f1ee9415_18,Yes,moderate,0
1ff0f2b1f1ee9415_3,Yes,slightly_liberal,-1
ae09cc836497a8c3_38,Yes,slightly_liberal,-1
cc8f73b8f75a432a_52,Yes,moderately_liberal,-1
1ff0f2b1f1ee9415_11,Yes,slightly_liberal,-1
ae09cc836497a8c3_59,Yes,slightly_liberal,-1
0afe4c72263a693b_2,Yes,moderate,0
732688c71ec2101a_12,Yes,moderate,0
0afe4c72263a693b_43,Yes,moderate,0
b593ee4dfe9fc95c_14,Yes,moderate,0
9895f32c864a9bed_6,Yes,moderate,0
9eb3afefa964bfe8_1,No,,
ae09cc836497a8c3_23,Yes,moderate,0
cc8f73b8f75a432a_31,Yes,slightly_liberal,-1
a77e4e2fe1f687b2_39,No,,
9895f32c864a9bed_62,Yes,strongly_liberal,-1
cc8f73b8f75a432a_60,Yes,strongly_liberal,-1
9895f32c864a9bed_25,Yes,moderate,0
ae09cc836497a8c3_33,Yes,moderate,0
9895f32c864a9bed_28,Yes,moderate,0
a77e4e2fe1f687b2_17,Yes,strongly_conservative,1
9895f32c864a9bed_29,Yes,moderate,0
0afe4c72263a693b_59,No,,
ae09cc836497a8c3_46,Yes,moderate,0
a6e8536bbf298759_1,No,,
1ff0f2b1f1ee9415_15,Yes,moderate,0
0afe4c72263a693b_57,No,,
a77e4e2fe1f687b2_38,No,,
1ff0f2b1f1ee9415_8,Yes,moderately_liberal,-1
cc8f73b8f75a432a_49,Yes,moderately_liberal,-1
0afe4c72263a693b_60,No,,
0afe4c72263a693b_41,Yes,moderate,0
cc8f73b8f75a432a_26,Yes,slightly_liberal,-1
9eb3afefa964bfe8_28,No,,
1ff0f2b1f1ee9415_51,Yes,moderate,0
b593ee4dfe9fc95c_0,Yes,moderate,0
a77e4e2fe1f687b2_4,Yes,moderate,0
a6e8536bbf298759_6,No,,
9895f32c864a9bed_52,Yes,strongly_liberal,-1
ae09cc836497a8c3_64,Yes,slightly_liberal,-1
9895f32c864a9bed_10,No,,
ae09cc836497a8c3_5,Yes,moderate,0
cc8f73b8f75a432a_5,Yes,slightly_liberal,-1
ae09cc836497a8c3_62,Yes,strongly_liberal,-1
a77e4e2fe1f687b2_12,Yes,moderate,0
a77e4e2fe1f687b2_56,Yes,moderate,0
1ff0f2b1f1ee9415_5,Yes,moderate,0
a77e4e2fe1f687b2_3,Yes,slightly_liberal,-1
6e083b566f88f0de_11,No,,
0afe4c72263a693b_46,No,,
1ff0f2b1f1ee9415_6,Yes,moderate,0
cc8f73b8f75a432a_55,Yes,strongly_liberal,-1
cc8f73b8f75a432a_64,Yes,moderate,0
9895f32c864a9bed_15,Yes,moderate,0
a77e4e2fe1f687b2_60,No,,
a77e4e2fe1f687b2_55,No,,
6e083b566f88f0de_9,Yes,moderate,0
9895f32c864a9bed_63,No,,
9895f32c864a9bed_26,Yes,moderate,0
a6e8536bbf298759_20,Yes,moderate,0
0afe4c72263a693b_12,Yes,moderate,0
cc8f73b8f75a432a_16,Yes,moderately_liberal,-1
0afe4c72263a693b_56,No,,
732688c71ec2101a_1,No,,
9eb3afefa964bfe8_11,No,,
ae09cc836497a8c3_24,Yes,moderate,0
b593ee4dfe9fc95c_3,Yes,moderate,0
9eb3afefa964bfe8_8,Yes,moderate,0
cc8f73b8f75a432a_61,Yes,strongly_liberal,-1
1ff0f2b1f1ee9415_21,Yes,moderate,0
b593ee4dfe9fc95c_18,Yes,moderate,0
a77e4e2fe1f687b2_62,No,,
a77e4e2fe1f687b2_43,No,,
0afe4c72263a693b_42,Yes,moderate,0
a6e8536bbf298759_22,No,,
b593ee4dfe9fc95c_16,Yes,strongly_liberal,-1
0afe4c72263a693b_0,Yes,slightly_liberal,-1
cc8f73b8f75a432a_28,Yes,moderate,0
1ff0f2b1f1ee9415_39,Yes,moderate,0
cc8f73b8f75a432a_54,Yes,strongly_liberal,-1
9895f32c864a9bed_60,Yes,moderate,0
732688c71ec2101a_14,No,,
1ff0f2b1f1ee9415_28,Yes,moderately_liberal,-1
cc8f73b8f75a432a_3,Yes,moderate,0
9eb3afefa964bfe8_22,No,,
732688c71ec2101a_3,No,,
b593ee4dfe9fc95c_8,Yes,moderate,0
a6e8536bbf298759_12,No,,
cc8f73b8f75a432a_13,Yes,moderate,0
cc8f73b8f75a432a_23,Yes,moderate,0
a77e4e2fe1f687b2_20,No,,
cc8f73b8f75a432a_17,Yes,slightly_liberal,-1
271d890fe61a5776_14,Yes,slightly_liberal,-1
a77e4e2fe1f687b2_50,Yes,moderately_liberal,-1
cc8f73b8f75a432a_7,Yes,moderate,0
a77e4e2fe1f687b2_1,Yes,moderate,0
0afe4c72263a693b_14,Yes,moderate,0
cc8f73b8f75a432a_59,Yes,moderate,0
cc8f73b8f75a432a_51,Yes,moderate,0
dc2116f0ea88f7e0_32,No,,
a021a0d786fc96a2_26,No,,
93bb84a14f3b1837_1,Yes,moderate,0
6fb1be699cb9c79e_4,No,,
4e553946e52d8042_17,No,,
94780a2691251b11_21,Yes,moderate,0
7202b8626cd794ef_3,Yes,moderate,0
7202b8626cd794ef_17,No,,
7202b8626cd794ef_24,Yes,moderate,0
fab3f7ddcf54359f_3,No,,
4d846c8564e44cc9_47,No,,
dc2116f0ea88f7e0_7,Yes,moderately_liberal,-1
93bb84a14f3b1837_8,Yes,moderate,0
4e553946e52d8042_9,No,,
4d846c8564e44cc9_45,Yes,moderate,0
3e431f372f3106dd_1,No,,
94780a2691251b11_10,Yes,moderately_liberal,-1
7202b8626cd794ef_15,Yes,moderate,0
4d846c8564e44cc9_40,No,,
dc2116f0ea88f7e0_12,Yes,moderate,0
fab3f7ddcf54359f_8,No,,
6fb1be699cb9c79e_11,No,,
4d846c8564e44cc9_36,No,,
94780a2691251b11_20,Yes,moderate,0
dc2116f0ea88f7e0_40,Yes,moderate,0
4e553946e52d8042_6,No,,
6fb1be699cb9c79e_18,No,,
57f87f2af20cb9a6_17,Yes,moderate,0
dc2116f0ea88f7e0_6,Yes,moderate,0
fab3f7ddcf54359f_6,No,,
6fb1be699cb9c79e_9,No,,
4e553946e52d8042_21,No,,
4e553946e52d8042_24,No,,
57f87f2af20cb9a6_18,Yes,moderate,0
4e553946e52d8042_20,No,,
4d846c8564e44cc9_31,No,,
4d846c8564e44cc9_11,No,,
dc2116f0ea88f7e0_36,Yes,slightly_liberal,-1
6fb1be699cb9c79e_17,No,,
6fb1be699cb9c79e_33,No,,
4d846c8564e44cc9_18,Yes,slightly_liberal,-1
7202b8626cd794ef_22,No,,
4d846c8564e44cc9_21,No,,
93bb84a14f3b1837_19,Yes,moderate,0
57f87f2af20cb9a6_2,Yes,moderate,0
94780a2691251b11_29,No,,
ba4637ce9d49846b_7,No,,
57f87f2af20cb9a6_10,Yes,moderate,0
dc2116f0ea88f7e0_24,No,,
6fb1be699cb9c79e_31,No,,
4d846c8564e44cc9_17,No,,
4d846c8564e44cc9_49,No,,
4d846c8564e44cc9_28,No,,
6fb1be699cb9c79e_23,No,,
94780a2691251b11_11,Yes,strongly_liberal,-1
ba4637ce9d49846b_5,No,,
ba4637ce9d49846b_4,No,,
a021a0d786fc96a2_20,Yes,moderate,0
a021a0d786fc96a2_16,No,,
dc2116f0ea88f7e0_38,Yes,slightly_liberal,-1
57f87f2af20cb9a6_9,Yes,moderate,0
dc2116f0ea88f7e0_0,No,,
7202b8626cd794ef_16,Yes,moderate,0
dc2116f0ea88f7e0_23,No,,
93bb84a14f3b1837_13,No,,
6fb1be699cb9c79e_20,No,,
a021a0d786fc96a2_2,Yes,moderate,0
3e431f372f3106dd_2,No,,
4d846c8564e44cc9_27,No,,
fab3f7ddcf54359f_9,No,,
6fb1be699cb9c79e_14,No,,
fab3f7ddcf54359f_11,No,,
94780a2691251b11_4,Yes,strongly_liberal,-1
7202b8626cd794ef_20,No,,
4d846c8564e44cc9_26,No,,
4d846c8564e44cc9_25,No,,
dc2116f0ea88f7e0_31,No,,
4d846c8564e44cc9_34,No,,
3e431f372f3106dd_19,No,,
94780a2691251b11_13,Yes,slightly_liberal,-1
a021a0d786fc96a2_24,No,,
3e431f372f3106dd_3,No,,
3e431f372f3106dd_6,No,,
a021a0d786fc96a2_12,Yes,strongly_conservative,1
ba4637ce9d49846b_11,No,,
6fb1be699cb9c79e_26,No,,
dc2116f0ea88f7e0_8,Yes,moderately_liberal,-1
57f87f2af20cb9a6_25,No,,
57f87f2af20cb9a6_3,Yes,moderate,0
fab3f7ddcf54359f_1,No,,
dc2116f0ea88f7e0_1,No,,
4d846c8564e44cc9_1,Yes,strongly_liberal,-1
a021a0d786fc96a2_18,No,,
57f87f2af20cb9a6_20,Yes,moderate,0
93bb84a14f3b1837_33,No,,
4d846c8564e44cc9_29,No,,
4d846c8564e44cc9_22,Yes,slightly_liberal,-1
dc2116f0ea88f7e0_37,Yes,moderately_liberal,-1
dc2116f0ea88f7e0_25,Yes,strongly_liberal,-1
a021a0d786fc96a2_14,Yes,moderate,0
c992ba7c03f928be_94,Yes,moderate,0
782294b65d6f794e_115,Yes,strongly_liberal,-1
efb6d529c5e95c82_34,Yes,slightly_liberal,-1
0bed6151890a13e8_35,Yes,strongly_liberal,-1
c992ba7c03f928be_0,No,,
020398d809e8565d_6,Yes,moderately_conservative,1
faf039172877e04e_108,Yes,strongly_liberal,-1
efb6d529c5e95c82_36,Yes,strongly_liberal,-1
faf039172877e04e_16,Yes,moderate,0
faf039172877e04e_60,Yes,slightly_liberal,-1
3c74da480f184b14_14,Yes,moderate,0
3c74da480f184b14_18,Yes,moderate,0
3aef46ad321eee37_78,Yes,strongly_liberal,-1
3aef46ad321eee37_53,Yes,moderate,0
3c74da480f184b14_104,Yes,moderate,0
4b22721bfd86953c_14,No,,
0bed6151890a13e8_26,Yes,strongly_liberal,-1
0bf182f03c0a2d15_60,Yes,strongly_liberal,-1
c992ba7c03f928be_73,No,,
0bf182f03c0a2d15_7,No,,
3aef46ad321eee37_77,Yes,moderately_liberal,-1
782294b65d6f794e_126,Yes,strongly_liberal,-1
5fdf4661856bcd3b_31,Yes,moderate,0
4b22721bfd86953c_5,No,,
3c74da480f184b14_37,Yes,slightly_liberal,-1
5fdf4661856bcd3b_10,Yes,moderate,0
4b22721bfd86953c_20,Yes,strongly_liberal,-1
0bed6151890a13e8_59,Yes,slightly_conservative,1
efb6d529c5e95c82_23,Yes,strongly_liberal,-1
c992ba7c03f928be_24,Yes,moderate,0
3c74da480f184b14_92,Yes,moderate,0
3aef46ad321eee37_106,Yes,moderate,0
3c74da480f184b14_89,No,,
3c74da480f184b14_38,Yes,moderate,0
020398d809e8565d_0,Yes,strongly_liberal,-1
782294b65d6f794e_106,Yes,moderate,0
0bf182f03c0a2d15_2,Yes,moderate,0
efb6d529c5e95c82_49,Yes,strongly_liberal,-1
3c74da480f184b14_125,Yes,strongly_liberal,-1
0bed6151890a13e8_67,Yes,moderate,0
782294b65d6f794e_14,Yes,strongly_liberal,-1
782294b65d6f794e_155,Yes,strongly_liberal,-1
3aef46ad321eee37_67,Yes,moderately_liberal,-1
0bed6151890a13e8_2,Yes,moderate,0
0bf182f03c0a2d15_57,Yes,strongly_liberal,-1
782294b65d6f794e_28,Yes,moderate,0
782294b65d6f794e_8,Yes,strongly_conservative,1
efb6d529c5e95c82_63,Yes,moderate,0
faf039172877e04e_73,Yes,slightly_liberal,-1
efb6d529c5e95c82_56,Yes,moderately_liberal,-1
3aef46ad321eee37_49,Yes,moderate,0
0bed6151890a13e8_47,Yes,strongly_liberal,-1
3c74da480f184b14_81,Yes,moderate,0
faf039172877e04e_88,Yes,moderate,0
0bed6151890a13e8_3,Yes,strongly_liberal,-1
347d8513b0d4f016_49,Yes,slightly_liberal,-1
5fdf4661856bcd3b_12,Yes,moderate,0
347d8513b0d4f016_1,Yes,moderately_liberal,-1
0bed6151890a13e8_18,Yes,moderate,0
3c74da480f184b14_28,Yes,moderate,0
5fdf4661856bcd3b_18,Yes,moderate,0
4b22721bfd86953c_58,Yes,moderate,0
3aef46ad321eee37_71,Yes,moderate,0
efb6d529c5e95c82_27,Yes,strongly_liberal,-1
efb6d529c5e95c82_28,Yes,strongly_liberal,-1
faf039172877e04e_54,Yes,moderate,0
3c74da480f184b14_67,Yes,moderate,0
782294b65d6f794e_51,Yes,strongly_liberal,-1
3aef46ad321eee37_113,Yes,moderate,0
0bed6151890a13e8_10,Yes,moderate,0
3c74da480f184b14_121,Yes,moderate,0
3c74da480f184b14_72,Yes,moderate,0
faf039172877e04e_124,Yes,moderate,0
020398d809e8565d_52,Yes,strongly_liberal,-1
3c74da480f184b14_78,Yes,moderate,0
3aef46ad321eee37_37,Yes,moderate,0
c992ba7c03f928be_56,No,,
efb6d529c5e95c82_39,No,,
020398d809e8565d_40,Yes,moderate,0
5fdf4661856bcd3b_9,Yes,moderate,0
3c74da480f184b14_114,Yes,slightly_liberal,-1
3c74da480f184b14_49,Yes,moderate,0
782294b65d6f794e_58,Yes,strongly_liberal,-1
3c74da480f184b14_54,No,,
0bed6151890a13e8_1,Yes,moderate,0
782294b65d6f794e_154,Yes,moderate,0
c992ba7c03f928be_3,No,,
3c74da480f184b14_12,Yes,slightly_liberal,-1
c992ba7c03f928be_57,Yes,strongly_liberal,-1
c992ba7c03f928be_11,Yes,moderate,0
faf039172877e04e_135,Yes,moderate,0
0bed6151890a13e8_14,Yes,slightly_liberal,-1
782294b65d6f794e_136,Yes,strongly_liberal,-1
3c74da480f184b14_62,Yes,moderate,0
5fdf4661856bcd3b_44,No,,
4b22721bfd86953c_2,No,,
4b22721bfd86953c_48,Yes,slightly_liberal,-1
dd41b7f45838fbb3_7,No,,
dd41b7f45838fbb3_66,No,,
efb6d529c5e95c82_21,Yes,strongly_liberal,-1
4b22721bfd86953c_17,Yes,slightly_liberal,-1
782294b65d6f794e_10,Yes,strongly_conservative,1
21445f01e6dde26e_79,Yes,slightly_liberal,-1
deb50e95b6b28ede_79,Yes,moderate,0
deb50e95b6b28ede_74,Yes,moderate,0
a327db47a4cad6e5_64,Yes,moderate,0
dd41b7f45838fbb3_63,No,,
5843e9055ef36892_12,Yes,moderate,0
a35ee8cfe16c101f_56,Yes,moderate,0
b7d44e72c0640ecd_30,Yes,slightly_liberal,-1
a35ee8cfe16c101f_84,Yes,moderately_liberal,-1
95980f41888cf4d8_68,No,,
a35ee8cfe16c101f_107,Yes,strongly_liberal,-1
95980f41888cf4d8_27,Yes,moderate,0
21445f01e6dde26e_39,Yes,moderately_liberal,-1
a26836aa6715d87d_94,Yes,moderate,0
5843e9055ef36892_58,Yes,moderate,0
4954652ce06a9c6e_20,Yes,moderate,0
4954652ce06a9c6e_50,Yes,moderate,0
21445f01e6dde26e_34,Yes,moderate,0
2cd327247cd9c60e_122,Yes,moderately_conservative,1
21445f01e6dde26e_50,Yes,slightly_liberal,-1
a26836aa6715d87d_48,Yes,moderate,0
deb50e95b6b28ede_42,Yes,moderate,0
5843e9055ef36892_33,Yes,moderate,0
4954652ce06a9c6e_1,Yes,moderate,0
a327db47a4cad6e5_73,Yes,moderate,0
5843e9055ef36892_7,Yes,slightly_liberal,-1
95980f41888cf4d8_14,Yes,moderate,0
95980f41888cf4d8_47,No,,
5843e9055ef36892_54,Yes,moderate,0
5843e9055ef36892_94,Yes,moderate,0
a327db47a4cad6e5_25,Yes,moderate,0
2cd327247cd9c60e_76,Yes,moderate,0
2cd327247cd9c60e_50,Yes,moderate,0
2cd327247cd9c60e_70,Yes,moderate,0
dd41b7f45838fbb3_11,No,,
b7d44e72c0640ecd_36,Yes,moderate,0
4954652ce06a9c6e_36,Yes,moderate,0
dd41b7f45838fbb3_46,No,,
5843e9055ef36892_24,Yes,slightly_liberal,-1
5843e9055ef36892_77,Yes,moderately_conservative,1
deb50e95b6b28ede_50,Yes,moderate,0
deb50e95b6b28ede_57,Yes,moderate,0
95980f41888cf4d8_61,Yes,moderate,0
a26836aa6715d87d_6,Yes,moderate,0
5843e9055ef36892_49,Yes,moderate,0
4954652ce06a9c6e_24,Yes,moderate,0
a26836aa6715d87d_65,Yes,moderate,0
55ab426ad0095334_72,Yes,moderate,0
4954652ce06a9c6e_53,Yes,moderately_conservative,1
4954652ce06a9c6e_4,Yes,moderate,0
a327db47a4cad6e5_8,Yes,moderate,0
2cd327247cd9c60e_28,Yes,moderate,0
2cd327247cd9c60e_42,Yes,moderate,0
dd41b7f45838fbb3_79,No,,
5843e9055ef36892_97,Yes,moderate,0
2cd327247cd9c60e_20,Yes,slightly_conservative,1
dd41b7f45838fbb3_72,Yes,moderate,0
a26836aa6715d87d_42,Yes,moderate,0
dd41b7f45838fbb3_53,No,,
deb50e95b6b28ede_81,Yes,moderate,0
a35ee8cfe16c101f_29,Yes,moderate,0
4954652ce06a9c6e_27,Yes,moderate,0
4954652ce06a9c6e_5,Yes,slightly_liberal,-1
5843e9055ef36892_110,Yes,moderate,0
5843e9055ef36892_31,Yes,moderate,0
55ab426ad0095334_22,Yes,moderate,0
55ab426ad0095334_53,Yes,moderate,0
55ab426ad0095334_64,Yes,moderate,0
21445f01e6dde26e_61,Yes,moderate,0
deb50e95b6b28ede_55,Yes,moderate,0
2cd327247cd9c60e_46,Yes,moderate,0
4954652ce06a9c6e_0,Yes,moderate,0
deb50e95b6b28ede_61,Yes,moderate,0
2cd327247cd9c60e_80,Yes,moderate,0
deb50e95b6b28ede_89,Yes,moderate,0
95980f41888cf4d8_73,Yes,moderately_conservative,1
55ab426ad0095334_17,Yes,moderate,0
21445f01e6dde26e_1,Yes,moderate,0
a35ee8cfe16c101f_7,Yes,slightly_liberal,-1
a26836aa6715d87d_16,Yes,moderate,0
2cd327247cd9c60e_92,Yes,moderate,0
21445f01e6dde26e_49,Yes,moderate,0
95980f41888cf4d8_37,Yes,moderate,0
deb50e95b6b28ede_36,Yes,moderate,0
4954652ce06a9c6e_44,No,,
dd41b7f45838fbb3_68,No,,
deb50e95b6b28ede_48,Yes,moderate,0
deb50e95b6b28ede_24,Yes,slightly_liberal,-1
21445f01e6dde26e_15,Yes,moderate,0
5843e9055ef36892_79,Yes,slightly_liberal,-1
dd41b7f45838fbb3_24,No,,
55ab426ad0095334_71,Yes,moderate,0
dd41b7f45838fbb3_15,No,,
2cd327247cd9c60e_124,Yes,moderate,0
a35ee8cfe16c101f_120,Yes,moderately_conservative,1
5843e9055ef36892_68,Yes,moderate,0
aa2dc70e7cf5bc5b_4,No,,
55ab426ad0095334_23,Yes,moderate,0
304a45dac7879d1f_70,No,,
4925637d5f56fc16_44,Yes,moderately_conservative,1
2cd327247cd9c60e_100,Yes,moderate,0
bbc61d8c70698360_113,Yes,slightly_conservative,1
304a45dac7879d1f_6,Yes,moderate,0
289921982ea67088_120,No,,
2fa8f5354518ccbb_37,No,,
bbc61d8c70698360_134,Yes,strongly_liberal,-1
bbc61d8c70698360_8,Yes,strongly_conservative,1
aa2dc70e7cf5bc5b_72,Yes,moderately_conservative,1
aa2dc70e7cf5bc5b_5,Yes,strongly_conservative,1
bbc61d8c70698360_201,Yes,moderately_conservative,1
bbc61d8c70698360_34,Yes,moderate,0
2fa8f5354518ccbb_55,Yes,strongly_conservative,1
bbc61d8c70698360_137,Yes,moderate,0
4925637d5f56fc16_43,Yes,moderate,0
aa2dc70e7cf5bc5b_28,Yes,moderate,0
304a45dac7879d1f_1,Yes,moderate,0
26539be68c5f7dc1_73,Yes,strongly_conservative,1
2fa8f5354518ccbb_54,Yes,strongly_conservative,1
26539be68c5f7dc1_105,No,,
2fa8f5354518ccbb_72,No,,
289921982ea67088_131,No,,
2fa8f5354518ccbb_6,Yes,moderate,0
aa2dc70e7cf5bc5b_50,Yes,strongly_conservative,1
bbc61d8c70698360_210,Yes,moderate,0
bbc61d8c70698360_82,Yes,moderately_liberal,-1
c8baee6fe930dbfb_37,No,,
289921982ea67088_55,Yes,strongly_conservative,1
bbc61d8c70698360_140,Yes,slightly_liberal,-1
bbc61d8c70698360_42,Yes,strongly_conservative,1
5e07bea08da73806_44,Yes,moderately_conservative,1
c8baee6fe930dbfb_15,No,,
26539be68c5f7dc1_55,No,,
5e07bea08da73806_24,Yes,moderate,0
ce59d8acd9517467_7,Yes,slightly_liberal,-1
304a45dac7879d1f_131,Yes,moderately_conservative,1
bbc61d8c70698360_267,Yes,moderately_conservative,1
26539be68c5f7dc1_101,No,,
c8baee6fe930dbfb_60,No,,
bbc61d8c70698360_197,Yes,moderate,0
289921982ea67088_63,No,,
289921982ea67088_30,Yes,strongly_conservative,1
aa2dc70e7cf5bc5b_84,Yes,strongly_conservative,1
bbc61d8c70698360_228,Yes,strongly_conservative,1
bbc61d8c70698360_276,Yes,moderate,0
aa2dc70e7cf5bc5b_2,Yes,strongly_conservative,1
4925637d5f56fc16_22,Yes,moderately_conservative,1
304a45dac7879d1f_33,Yes,moderately_conservative,1
c7c22185739c285d_16,Yes,moderately_conservative,1
4925637d5f56fc16_74,No,,
4925637d5f56fc16_58,Yes,moderate,0
c8baee6fe930dbfb_31,No,,
2fa8f5354518ccbb_56,Yes,strongly_conservative,1
bbc61d8c70698360_282,Yes,moderate,0
4925637d5f56fc16_15,Yes,moderate,0
bbc61d8c70698360_198,Yes,strongly_liberal,-1
2785e4dab6920968_31,Yes,moderately_conservative,1
304a45dac7879d1f_61,Yes,moderate,0
289921982ea67088_33,Yes,strongly_conservative,1
bbc61d8c70698360_222,Yes,slightly_liberal,-1
26539be68c5f7dc1_104,Yes,moderately_conservative,1
26539be68c5f7dc1_12,Yes,slightly_liberal,-1
304a45dac7879d1f_68,No,,
bbc61d8c70698360_10,Yes,moderately_conservative,1
2fa8f5354518ccbb_68,Yes,strongly_conservative,1
26539be68c5f7dc1_86,Yes,moderately_conservative,1
aa2dc70e7cf5bc5b_26,Yes,strongly_conservative,1
c8baee6fe930dbfb_41,No,,
bbc61d8c70698360_158,Yes,strongly_liberal,-1
bbc61d8c70698360_46,Yes,moderate,0
ce59d8acd9517467_11,Yes,moderate,0
bbc61d8c70698360_208,Yes,moderate,0
aa2dc70e7cf5bc5b_27,Yes,moderately_conservative,1
c7c22185739c285d_4,Yes,strongly_conservative,1
c8baee6fe930dbfb_19,No,,
2785e4dab6920968_84,No,,
c8baee6fe930dbfb_83,No,,
bbc61d8c70698360_223,Yes,moderate,0
5e07bea08da73806_60,Yes,moderately_conservative,1
4925637d5f56fc16_69,Yes,moderate,0
26539be68c5f7dc1_84,Yes,strongly_conservative,1
26539be68c5f7dc1_78,Yes,strongly_conservative,1
4925637d5f56fc16_0,Yes,moderate,0
5e07bea08da73806_86,No,,
26539be68c5f7dc1_68,No,,
2785e4dab6920968_103,Yes,moderately_conservative,1
304a45dac7879d1f_17,Yes,moderately_conservative,1
bbc61d8c70698360_227,Yes,moderate,0
c8baee6fe930dbfb_12,Yes,moderately_conservative,1
26539be68c5f7dc1_44,Yes,strongly_conservative,1
c7c22185739c285d_83,Yes,slightly_conservative,1
2fa8f5354518ccbb_83,No,,
5e07bea08da73806_89,No,,
bbc61d8c70698360_139,Yes,slightly_liberal,-1
c7c22185739c285d_28,No,,
26539be68c5f7dc1_95,No,,
c1caa84e5df52f08_36,No,,
2fa8f5354518ccbb_90,Yes,strongly_conservative,1
bbc61d8c70698360_21,Yes,strongly_liberal,-1
bbc61d8c70698360_76,Yes,moderately_liberal,-1
95b664a94a426f95_25,Yes,moderately_conservative,1
0f46939e1993cf01_46,Yes,moderate,0
0f46939e1993cf01_36,Yes,moderate,0
cac96aef9a57a0d0_44,Yes,moderately_conservative,1
95b664a94a426f95_29,Yes,moderate,0
401a8af6470f43d5_29,Yes,strongly_conservative,1
863f76cda5252779_4,No,,
863f76cda5252779_69,No,,
cac96aef9a57a0d0_11,Yes,strongly_conservative,1
3473f0529b031480_47,Yes,moderately_conservative,1
0f46939e1993cf01_17,Yes,moderate,0
f72bf4f3240fd758_100,Yes,moderate,0
6abba10fa72d84c3_3,No,,
f72bf4f3240fd758_44,Yes,moderately_conservative,1
3473f0529b031480_39,Yes,strongly_conservative,1
0309fb7c778ba0e5_49,No,,
863f76cda5252779_68,Yes,strongly_conservative,1
3473f0529b031480_21,Yes,strongly_conservative,1
0309fb7c778ba0e5_34,Yes,slightly_conservative,1
0309fb7c778ba0e5_50,No,,
0f46939e1993cf01_51,Yes,moderate,0
6abba10fa72d84c3_14,No,,
f72bf4f3240fd758_4,Yes,strongly_conservative,1
401a8af6470f43d5_10,Yes,strongly_conservative,1
cac96aef9a57a0d0_36,Yes,moderate,0
f72bf4f3240fd758_17,Yes,moderately_conservative,1
401a8af6470f43d5_33,Yes,slightly_conservative,1
0309fb7c778ba0e5_2,Yes,moderate,0
f07e3073158c31dc_35,Yes,strongly_conservative,1
6abba10fa72d84c3_41,No,,
0f46939e1993cf01_55,Yes,moderate,0
f07e3073158c31dc_46,Yes,slightly_conservative,1
f72bf4f3240fd758_13,Yes,moderately_conservative,1
401a8af6470f43d5_4,Yes,strongly_conservative,1
f72bf4f3240fd758_72,Yes,moderate,0
95b664a94a426f95_17,Yes,moderate,0
863f76cda5252779_27,Yes,moderately_conservative,1
6abba10fa72d84c3_55,No,,
cac96aef9a57a0d0_28,Yes,strongly_conservative,1
f72bf4f3240fd758_50,No,,
6abba10fa72d84c3_60,Yes,strongly_conservative,1
cac96aef9a57a0d0_19,Yes,moderate,0
cac96aef9a57a0d0_4,Yes,moderately_conservative,1
f72bf4f3240fd758_2,Yes,moderately_conservative,1
95b664a94a426f95_15,No,,
401a8af6470f43d5_39,Yes,slightly_conservative,1
95b664a94a426f95_7,Yes,strongly_conservative,1
6abba10fa72d84c3_46,No,,
0f46939e1993cf01_44,Yes,moderate,0
f07e3073158c31dc_6,Yes,moderate,0
c1caa84e5df52f08_40,Yes,slightly_liberal,-1
c1caa84e5df52f08_27,No,,
863f76cda5252779_64,No,,
401a8af6470f43d5_25,Yes,moderately_conservative,1
f07e3073158c31dc_10,Yes,strongly_conservative,1
401a8af6470f43d5_7,Yes,strongly_conservative,1
0f46939e1993cf01_60,Yes,moderate,0
f07e3073158c31dc_32,Yes,strongly_conservative,1
f72bf4f3240fd758_81,Yes,moderately_conservative,1
6abba10fa72d84c3_35,No,,
6abba10fa72d84c3_63,Yes,slightly_conservative,1
0309fb7c778ba0e5_23,Yes,slightly_conservative,1
f72bf4f3240fd758_99,Yes,moderate,0
c1caa84e5df52f08_12,No,,
863f76cda5252779_46,Yes,strongly_conservative,1
863f76cda5252779_47,Yes,strongly_conservative,1
863f76cda5252779_66,No,,
f07e3073158c31dc_4,Yes,moderate,0
0f46939e1993cf01_4,Yes,moderate,0
f72bf4f3240fd758_30,Yes,slightly_conservative,1
cac96aef9a57a0d0_2,Yes,moderate,0
6abba10fa72d84c3_62,Yes,moderately_conservative,1
0309fb7c778ba0e5_15,No,,
f07e3073158c31dc_12,Yes,strongly_conservative,1
0f46939e1993cf01_58,Yes,moderate,0
cac96aef9a57a0d0_3,Yes,moderately_conservative,1
0f46939e1993cf01_53,Yes,moderate,0
6abba10fa72d84c3_43,No,,
0f46939e1993cf01_24,Yes,moderate,0
f07e3073158c31dc_20,No,,
863f76cda5252779_62,No,,
f72bf4f3240fd758_47,Yes,moderate,0
f72bf4f3240fd758_88,Yes,moderate,0
0309fb7c778ba0e5_16,No,,
f07e3073158c31dc_55,Yes,moderate,0
f72bf4f3240fd758_10,Yes,moderately_conservative,1
0309fb7c778ba0e5_21,No,,
0f46939e1993cf01_50,Yes,moderate,0
401a8af6470f43d5_44,Yes,moderate,0
cac96aef9a57a0d0_29,Yes,strongly_conservative,1
f07e3073158c31dc_24,Yes,moderately_conservative,1
cac96aef9a57a0d0_47,Yes,strongly_conservative,1
f72bf4f3240fd758_108,Yes,strongly_conservative,1
f72bf4f3240fd758_73,Yes,moderate,0
cac96aef9a57a0d0_39,Yes,moderate,0
0309fb7c778ba0e5_45,Yes,moderately_conservative,1
f72bf4f3240fd758_38,Yes,moderate,0
0309fb7c778ba0e5_37,Yes,slightly_liberal,-1
863f76cda5252779_49,Yes,strongly_conservative,1
