show_id,show,inten,side,lean,solo,n_hosts,ep_len,mfte_z,vimp_z,pp2_z,outrage_z,rank,episodes_per_week,avg_episode_minutes,first_pub_date,hours_available,episode_count,age_years,n_dates_charted,mean_rank,best_rank,last_rank_x,persistence,n_reviews,mean_rating,share5,share1,first,last,rev_len,span_days,reviews_per_month,capped,ad_share,R,solo_,log_epw,log_rank,log_revpm,log_nrev,addr_full,addr_noad,ad_share2,slope_charted,slope_censored,first_rank,last_rank_y,charted_last,rank_sd
1043245989,The Dig,0.5209486166007905,-0.4956521739130435,L,solo,1.0,141.5,-1.4132966783562773,-1.4639315808080346,-1.36266177590452,-0.7738103755553881,164,0.97,95.1,2015-09-24T04:00:00+00:00,860.62,547,10.798083504449009,24,187.9583333333333,164.0,189.0,1.0,,,,,,,,,,,0.0278427152522666,0.0,1.0,0.6780335427498971,5.099866427824199,,,-1.5682118617383316,-1.5750848370179598,0.0206477937192385,10.630604570436756,10.630604570436756,164.0,189.0,1,5.103103630798288
1050430296,The New Yorker Radio Hour,0.4067796610169492,-0.3574730354391371,L,solo,1.0,37.0,0.2241725046339849,-0.1300941943843609,0.5784392036523308,-0.9687955385250268,8,1.87,29.6,2015-10-17T04:00:00+00:00,515.82,1047,10.735112936344969,24,26.20833333333333,8.0,27.0,1.0,,,,,,,,,,,0.068312757201646,0.0,1.0,1.0543120297715298,2.079441541679836,,,0.1643814697817412,-0.123201580225371,0.0693658101886232,8.079259473531966,8.079259473531966,8.0,27.0,1,3.878358759406698
1057255460,The NPR Politics Podcast,0.1407089151450053,-0.112781954887218,L,multi,2.0,24.0,-0.1738523601087785,0.521851505442797,-0.8695562256603541,-1.0395519481994393,9,5.19,17.3,2020-01-25T01:48:30+00:00,505.22,1750,6.461327857631759,24,7.083333333333333,7.0,7.0,1.0,450.0,2.871111111111111,0.34,0.3511111111111111,2021-04-13 02:21:17+00:00,2026-09-16 10:28:31+00:00,33.0,1982.0,6.902119071644803,False,0.0176070736920073,0.0,0.0,1.8229350866965048,2.19722457733622,2.0671309604209496,6.111467339502679,-0.4385799037390022,-0.4100493383159658,0.0140267522091756,-0.8504483656349439,-0.8504483656349439,9.0,7.0,1,0.40824829046386296
1060110806,The Nation Podcasts,0.5234441602728048,-0.4978687127024723,L,multi,3.0,51.0,-0.9080088418797652,-0.9463566634974078,-0.8696610202621228,-0.5687223968859602,214,2.12,44.5,2015-11-18T04:30:47+00:00,873.8,1179,10.647501711156742,24,172.79166666666666,171.0,171.0,1.0,,,,,,,,,,,0.0074357697131917,0.0,0.0,1.1378330018213911,5.365976015021851,,,-1.1132929027787073,-1.081986169386287,0.0058965616470608,-18.284639861151305,-18.284639861151305,214.0,171.0,1,8.777338244973055
1072469956,Fox Across America w/ Jimmy Failla,0.7661574618096357,0.7215041128084606,R,solo,1.0,158.0,1.433264392718696,1.3211830338583,1.5453457515790918,0.8928018710561035,101,6.69,95.8,2020-04-24T02:23:00+00:00,3464.28,2170,6.2149212867898695,24,90.45833333333331,90.0,90.0,1.0,100.0,4.13,0.7,0.15,2017-07-09 14:33:16+00:00,2026-06-07 23:43:58+00:00,33.0,3255.0,0.93394777265745,False,0.0143566719369947,1.0,1.0,2.0399207835175526,4.61512051684126,0.6595633918357778,4.61512051684126,1.398597035915845,1.5218643174993949,0.0113845652963347,-4.677466010992206,-4.677466010992206,101.0,90.0,1,2.2453655975512468
1093260018,Slate News,0.3661137440758293,-0.3258293838862559,L,,0.0,50.0,-0.0252078719481131,-0.310326481921635,0.2599107380254086,-0.8507545482310158,141,4.58,35.5,2006-03-03T00:00:00+00:00,2880.9,4870,20.36139630390144,24,164.0,141.0,165.0,1.0,50.0,2.74,0.32,0.42,2020-12-03 03:59:36+00:00,2026-07-01 01:11:52+00:00,35.5,2035.0,0.7469287469287469,False,0.0966413033330221,0.0,0.0,1.7191887763932197,4.948759890378168,0.5578592443606458,3.9318256327243257,0.5745961544820921,0.2233167854455133,0.0853643136759692,10.20538038761929,10.20538038761929,141.0,165.0,1,4.898979485566356
1111319839,The Conversation with Dasha Burns,0.2137931034482758,-0.057471264367816,L,solo,1.0,47.0,-0.4556822012925858,-0.7435106756904066,-0.1678537268947649,-0.7444531648907673,169,1.03,34.8,2016-05-06T02:37:48+00:00,318.24,549,10.182067077344286,24,238.9583333333333,169.0,242.0,1.0,200.0,3.315,0.435,0.275,2017-03-03 16:35:26+00:00,2026-09-13 16:24:00+00:00,31.0,3480.0,1.747126436781609,False,0.0013041345682218,0.0,1.0,0.708035793053696,5.1298987149230735,1.0105554332769269,5.303304908059076,-0.2647362961028268,-0.1723398625792394,0.0018142529683422,31.041365345675437,31.041365345675437,169.0,242.0,1,14.901062601931
1112258664,Russian Roulette,0.0527681660899653,-0.0406574394463667,L,multi,2.0,56.0,-1.3242221824474432,-1.3530349223179337,-1.2954094425769525,-1.079926497115938,246,0.37,44.1,2018-02-28T05:00:00+00:00,119.9,163,8.366872005475702,1,246.0,246.0,246.0,0.0416666666666666,,,,,,,,,,,0.0,0.0,0.0,0.31481073984003355,5.5053315359323625,,,-1.4718698877793772,-1.4240428329877743,0.0,,2.1261209140873674,246.0,246.0,0,
1138657182,Liberty Lockdown,0.6588089330024814,0.413151364764268,R,solo,1.0,91.5,0.4638930456594285,-0.3340069114623548,1.261793002781212,1.0976299523099338,70,1.66,68.7,2020-04-27T23:19:44+00:00,616.28,538,6.206707734428473,24,90.125,70.0,91.0,1.0,100.0,4.43,0.79,0.06,2024-02-04 11:18:49+00:00,2026-08-07 22:54:40+00:00,32.0,915.0,3.322404371584699,False,0.0201643783702697,1.0,1.0,0.9783261227936076,4.248495242049359,1.463811814926233,4.61512051684126,0.6605690114188089,0.6816478195100482,0.0153638425420487,8.929707839166904,8.929707839166904,70.0,91.0,1,4.286607049870562
1147092464,Opening Arguments,0.4070351758793969,-0.3185929648241206,L,multi,2.0,95.0,0.5487179424460266,0.4416547595104756,0.6557811253815775,-0.3650081493590009,130,2.44,65.4,2016-08-24T01:18:24+00:00,1372.19,1259,9.880903490759753,24,140.54166666666666,130.0,141.0,1.0,150.0,3.693333333333333,0.6133333333333333,0.2466666666666666,2024-02-08 07:40:44+00:00,2026-09-07 18:11:23+00:00,33.0,942.0,4.840764331210191,False,0.0407623295070508,0.0,0.0,1.235471471385307,4.867534450455582,1.7648616669081567,5.017279836814924,0.3993726910291633,0.339497910856623,0.0397934193662999,4.6774660109921875,4.6774660109921875,130.0,141.0,1,2.2453655975512468
1155629323,The Reason Roundtable,0.5520833333333334,0.0173611111111111,R,multi,4.0,94.0,-0.5445784397018635,-0.7567857669518157,-0.3323711124519113,-0.0450801073982657,210,1.08,67.9,2024-09-30T21:00:59+00:00,113.21,100,1.779603011635866,24,113.20833333333331,109.0,109.0,1.0,,,,,,,,,,,0.0199743860516323,1.0,0.0,0.7323678937132266,5.3471075307174685,,,-0.5829499812307728,-0.5912352812726198,0.0172081464902708,-42.947642464564666,-42.947642464564666,210.0,109.0,1,20.616538668425083
1169056746,The Playbook Podcast,0.1041837571780147,-0.0680885972108285,L,multi,2.0,9.0,-1.2058161267573035,-0.6954531024645276,-1.7161791510500797,-0.7750714876281188,47,4.36,8.0,2016-12-01T19:07:48+00:00,290.29,2189,9.609856262833675,24,52.75,47.0,53.0,1.0,100.0,2.14,0.13,0.48,2021-05-06 17:49:07+00:00,2026-08-27 14:53:48+00:00,34.5,1938.0,1.568627450980392,False,0.0214503377287216,0.0,0.0,1.6789639750827106,3.8501476017100575,0.9433716904768256,4.61512051684126,-1.3117565234052897,-1.2567469967788598,0.0129453922434728,2.5513450969048383,2.5513450969048383,47.0,53.0,1,1.224744871391589
1172546141,The President’s Inbox,0.1114369501466275,-0.0586510263929618,L,solo,1.0,47.0,-1.4943442710566344,-1.172114490572719,-1.8165740515405493,-0.9151440000653842,163,1.02,36.1,2024-08-20T18:16:58+00:00,60.21,100,1.891854893908282,24,118.91666666666669,117.0,117.0,1.0,109.0,4.229357798165138,0.6697247706422018,0.0825688073394495,2016-12-16 13:32:21+00:00,2026-04-23 15:08:58+00:00,29.0,3415.0,0.9703074670571008,False,0.0,0.0,1.0,0.7030975114131134,5.093750200806762,0.678189605219791,4.700480365792417,-1.6367824175581154,-1.5815744054086358,0.0003648380329617,-19.560312409603743,-19.560312409603743,163.0,117.0,1,9.389710680668848
1192761536,Pod Save America,0.5495568090249798,-0.515713134568896,L,multi,4.0,104.0,-0.1753910549758124,-0.1790920164481475,-0.1716900935034774,-0.0645595175028431,1,2.43,67.1,2017-01-19T08:05:00+00:00,1342.44,1200,9.475701574264203,24,1.0,1.0,1.0,1.0,50.0,3.32,0.42,0.24,2026-08-09 01:16:09+00:00,2026-09-21 02:46:52+00:00,48.5,43.0,35.348837209302324,False,0.0272154475040562,0.0,0.0,1.2325602611778486,0.0,3.593162214727914,3.9318256327243257,-0.0962220715886261,-0.1805365799042664,0.0281429854436619,-1.1236165354716418e-16,-1.1236165354716418e-16,1.0,1.0,1,0.0
1195206601,The Intercept Briefing,0.5773195876288659,-0.5233941316415543,L,multi,3.0,67.0,-0.8613726199595562,-0.8227594672046256,-0.8999857727144867,-0.2761198101826814,90,0.82,52.5,2017-01-13T18:38:00+00:00,353.47,404,9.492128678986996,24,213.625,90.0,219.0,1.0,100.0,3.44,0.51,0.28,2021-01-15 20:29:35+00:00,2026-07-31 10:35:37+00:00,25.0,2022.0,1.503461918892186,False,0.0157363277488927,0.0,0.0,0.598836501088704,4.499809670330265,0.9176745415246528,4.61512051684126,-0.940704159684147,-1.002171868533006,0.0156666399831165,54.85391958345381,54.85391958345381,90.0,219.0,1,26.332014734919163
1200016351,Pod Save the World,0.4246575342465753,-0.3988718775181305,L,multi,2.0,118.0,-0.3759707319295263,-0.6131440489080846,-0.138797414950968,0.0071170063043377,24,1.09,67.4,2017-01-27T19:23:38+00:00,603.38,537,9.453798767967143,24,5.791666666666667,5.0,5.0,1.0,,,,,,,,,,,0.0266271152790591,0.0,0.0,0.7371640659767197,3.1780538303479458,,,-0.2631215952314186,-0.3390752154187684,0.0241882933186619,-8.079259473531968,-8.079259473531968,24.0,5.0,1,3.878358759406698
1208232103,The Buck Sexton Show,0.7947826086956522,0.7339130434782609,R,solo,1.0,46.0,0.3623955594124143,0.4449097932777243,0.2798813255471042,0.6188104751736239,233,5.16,63.3,2017-02-13T20:48:00+00:00,2674.39,2533,9.4072553045859,1,233.0,233.0,233.0,0.0416666666666666,,,,,,,,,,,0.0619081206711145,1.0,1.0,1.8180767775454285,5.4510384535657,,,0.6343467865376019,0.5439509217161522,0.0432183292090208,,7.654035290714519,233.0,233.0,0,
1218054701,Rev Left Radio,0.5738693467336683,-0.5517587939698493,L,solo,1.0,113.0,-0.6523081830168406,-1.4016512758922777,0.0970349098585964,-0.6268466560824323,102,1.47,87.2,2017-03-10T00:40:25+00:00,1039.48,715,9.338809034907598,24,121.16666666666669,102.0,122.0,1.0,,,,,,,,,,,0.0008097461780589,0.0,1.0,0.9042181506398859,4.624972813284271,,,-0.4152932600988582,-0.3327338068811362,0.0008607436927822,8.504483656349418,8.504483656349418,102.0,122.0,1,4.08248290463863
124960485,"Best of the Left - Leftist Perspectives on Progressive Politics, News, Culture, Economics and Democracy",0.6730401529636711,-0.6195028680688337,L,solo,1.0,88.5,-1.0138204557493946,-0.9101914716624148,-1.1174494398363746,-0.2187374744286868,201,2.47,94.4,2022-04-02T12:01:38+00:00,865.25,550,4.276522929500342,1,201.0,201.0,201.0,0.0416666666666666,200.0,3.82,0.64,0.235,2015-07-17 21:37:49+00:00,2026-07-11 14:52:47+00:00,33.5,4011.0,1.5158314634754424,False,0.0053375529917456,0.0,1.0,1.244154593958768,5.303304908059076,0.922603350694476,5.303304908059076,-1.0080722838895373,-0.966157208717522,0.0069787543572933,,21.26120914087361,201.0,201.0,0,
1253076699,The Michael Berry Show,0.7378048780487805,0.5792682926829268,R,solo,1.0,42.0,1.8426759931843169,1.3959623539374677,2.2893896324311664,-0.141244613234913,95,27.58,31.8,2024-08-13T19:18:56+00:00,1458.17,2754,1.911019849418207,24,76.79166666666667,76.0,76.0,1.0,50.0,4.42,0.8,0.1,2023-02-03 18:40:06+00:00,2026-08-12 19:04:15+00:00,33.0,1286.0,1.181959564541213,False,0.0470531905632454,1.0,1.0,3.3527071725017215,4.553876891600541,0.7802233558648416,3.9318256327243257,2.1198218912368167,1.84627753119712,0.0536966865645817,-8.079259473531968,-8.079259473531968,95.0,76.0,1,3.878358759406699
1258635512,Radio Atlantic,0.329153605015674,-0.2685475444096133,L,multi,2.0,42.0,-0.3573267757973544,-0.5937388309149529,-0.1209147206797559,-0.6271048521821606,16,0.79,34.6,2017-07-12T04:42:00+00:00,213.44,370,8.999315537303216,24,29.416666666666668,16.0,30.0,1.0,,,,,,,,,,,0.0040209823316647,0.0,0.0,0.5822156198526637,2.772588722239781,,,-0.5950096261995097,-0.5397115201580748,0.0037397195717058,5.953138559444607,5.953138559444607,16.0,30.0,1,2.8577380332470415
1263295815,The Pete Quiñones Show,0.2625,0.1625,R,solo,1.0,333.0,-0.5172752671923433,-1.020436037142137,-0.0141144972425494,-0.0228006897368606,134,15.25,251.2,2025-04-10T22:30:07+00:00,4186.69,1000,1.2539356605065024,24,146.45833333333334,134.0,147.0,1.0,,,,,,,,,,,0.0138390027466723,1.0,1.0,2.7880929087757464,4.897839799950911,,,-0.385625261242893,-0.5762365860581535,0.0218866682456531,5.52791437662713,5.52791437662713,134.0,147.0,1,2.6536138880151094
1265845136,Stay Tuned with Preet,0.305363321799308,-0.2465397923875432,L,solo,1.0,57.5,0.0035064423905342,-0.2493641780568851,0.2563770628379536,-0.726035075380453,64,2.19,41.2,2017-09-18T11:00:00+00:00,692.27,1008,8.813141683778234,24,20.875,19.0,19.0,1.0,350.0,4.34,0.7457142857142857,0.0857142857142857,2020-10-19 05:51:00+00:00,2026-08-20 22:43:04+00:00,32.5,2131.0,4.992961051149695,False,0.0116188405968315,0.0,1.0,1.1600209167967532,4.158883083359672,1.7905856223976448,5.860786223465865,-0.1079262807561598,-0.0637911734753978,0.0091593617919333,-19.13508822678624,-19.13508822678624,64.0,19.0,1,9.185586535436919
1289062927,ChinaTalk,0.0797752808988764,-0.048314606741573,L,solo,1.0,74.0,-0.500406262073736,-1.1533529599822898,0.152540435834818,-1.0671512451779692,172,1.19,59.2,2017-09-21T07:00:00+00:00,537.5,545,8.804928131416839,24,158.58333333333334,158.0,158.0,1.0,75.0,3.9066666666666654,0.5733333333333334,0.1333333333333333,2018-03-10 04:26:12+00:00,2026-08-29 13:51:08+00:00,33.0,3094.0,0.7369101486748545,False,0.0007309197006823,0.0,1.0,0.7839015438284094,5.147494476813453,0.5521077580424251,4.330733340286331,-0.5641113555765003,-0.4959878607635068,0.0021402938371756,-5.953138559444648,-5.953138559444648,172.0,158.0,1,2.8577380332470415
1291144720,The Remnant with Jonah Goldberg,0.4058656575212866,0.12961210974456,R,solo,1.0,97.5,-0.2365491010656996,-0.9955301508925496,0.5224319487611505,-0.3181916940898179,51,2.5,74.1,2017-10-06T00:26:03+00:00,1413.02,1144,8.763860369609857,24,53.875,51.0,54.0,1.0,50.0,4.12,0.68,0.1,2025-10-22 10:38:36+00:00,2026-09-13 22:08:08+00:00,28.5,326.0,4.662576687116564,False,0.0125436591280938,1.0,1.0,1.252762968495368,3.9318256327243257,1.73387903369609,3.9318256327243257,-0.3239515373070388,-0.3339296501171446,0.0155086062978527,1.2756725484524283,1.2756725484524283,51.0,54.0,1,0.6123724356957945
1294461271,GZERO World with Ian Bremmer,0.2573839662447257,-0.1662447257383966,L,solo,1.0,35.0,-0.6331837025551839,-0.6957130806122993,-0.5706543244980684,-0.702083093185903,93,0.96,27.2,2017-10-09T20:43:57+00:00,198.09,437,8.75564681724846,24,200.3333333333333,93.0,205.0,1.0,,,,,,,,,,,0.036664227183837,0.0,1.0,0.6729444732424258,4.532599493153256,,,-0.7587659595526823,-0.8315399164070482,0.0325457300689981,47.625108475556765,47.625108475556765,93.0,205.0,1,22.86190426597633
1303660358,The Fox News Rundown,0.4151785714285714,0.3526785714285714,R,,0.0,39.5,0.2859381641959247,0.8978262488077623,-0.3259499204159127,-0.6769074865383127,38,16.06,25.2,2025-02-06T07:00:00+00:00,504.86,1200,1.426420260095825,24,50.458333333333336,38.0,51.0,1.0,100.0,2.26,0.2,0.52,2020-10-24 06:44:07+00:00,2026-07-23 22:35:29+00:00,27.0,2098.0,1.448999046711153,False,0.0250507786052809,1.0,0.0,2.836736542063533,3.6375861597263857,0.8956793887135863,4.61512051684126,0.4881397861356852,0.4161878692339557,0.0287084274204789,5.527914376627132,5.527914376627132,38.0,51.0,1,2.6536138880151094
1309354521,Majority 54,0.5079006772009029,-0.4243792325056433,L,multi,2.0,81.0,0.2510919324398258,0.0002897191062586,0.501894145773393,-0.559073616557991,198,0.84,57.3,2017-11-08T07:02:14+00:00,363.19,380,8.673511293634498,1,198.0,198.0,198.0,0.0416666666666666,300.0,4.47,0.8033333333333333,0.07,2020-06-25 17:16:08+00:00,2026-09-03 15:56:10+00:00,28.0,2260.0,4.035398230088496,False,0.0238258652809098,0.0,0.0,0.6097655716208943,5.288267030694535,1.6164926154139905,5.707110264748875,0.3013005567331835,0.2694978422395676,0.0278889455470504,,22.536881689326005,198.0,198.0,0,
1314170606,All In with Chris Hayes,0.6531531531531531,-0.5900900900900901,L,solo,1.0,66.0,-0.3256484919156378,-0.0549754197709613,-0.5963215640603143,0.0960842349008446,29,3.78,42.8,2025-05-09T02:00:55+00:00,165.67,232,1.1745379876796715,24,16.541666666666668,16.0,16.0,1.0,150.0,3.4133333333333336,0.4733333333333333,0.2866666666666667,2022-02-19 06:40:51+00:00,2026-09-18 03:35:49+00:00,26.5,1671.0,2.7289048473967683,False,0.0178914835164835,0.0,1.0,1.5644405465033646,3.367295829986474,1.3161145839488282,5.017279836814924,-0.5928382340016244,-0.5983407054852787,0.0098616192142516,-5.527914376627137,-5.527914376627137,29.0,16.0,1,2.6536138880151094
1314368109,The 11th Hour with Ali Velshi,0.4133333333333333,-0.2977777777777777,L,solo,1.0,64.5,-0.2851783504346561,0.2227107004105791,-0.7930674012798915,-0.3484758045201524,56,0.42,41.8,2019-09-17T03:29:36+00:00,103.17,148,6.8172484599589325,24,41.625,41.0,41.0,1.0,150.0,4.113333333333333,0.6933333333333334,0.14,2019-10-22 02:54:25+00:00,2026-09-19 14:32:38+00:00,26.0,2524.0,1.8066561014263072,False,0.007939280383626,0.0,1.0,0.35065687161316933,4.02535169073515,1.0319937752416202,5.017279836814924,-0.3721570094773151,-0.3646665026857046,0.0124313000363668,-6.378362742262082,-6.378362742262082,56.0,41.0,1,3.0618621784789726
1317356120,The Peter McCormack Show,0.4814814814814814,0.2626262626262626,R,solo,1.0,115.0,0.2347405435097438,-0.7085196175829709,1.1780007046024583,-0.626289791328988,183,2.38,85.9,2017-11-24T15:28:58+00:00,1533.98,1071,8.629705681040383,24,167.66666666666666,167.0,167.0,1.0,150.0,4.42,0.8266666666666667,0.1,2021-08-14 06:36:34+00:00,2026-08-17 00:00:14+00:00,40.5,1828.0,2.4945295404814,False,0.013327720042907,1.0,1.0,1.2178757094949273,5.209486152841421,1.2511987573208077,5.017279836814924,0.482768500379841,0.5512395380484747,0.0182051912437971,-6.803586925079548,-6.803586925079548,183.0,167.0,1,3.265986323710904
1317481380,UnJustified,0.3197389885807504,-0.2626427406199021,L,solo,1.0,87.0,-0.5972810271627801,-0.424805002527738,-0.7697570517978222,-0.2274802748984601,22,1.02,68.1,2017-11-24T23:23:00+00:00,518.62,457,8.629705681040383,24,114.95833333333331,22.0,119.0,1.0,150.0,4.6066666666666665,0.8466666666666667,0.04,2023-12-08 11:44:19+00:00,2026-09-01 08:55:47+00:00,29.5,997.0,4.573721163490472,False,0.0142001154181452,0.0,1.0,0.7030975114131134,3.091042453358316,1.718062903318083,5.017279836814924,-0.3700691279703197,-0.3403181063121877,0.0133380271392911,41.24674573329477,41.24674573329477,22.0,119.0,1,19.800042087497356
1351411911,The TPM Show with Josh and Kate,0.3629749393694422,-0.3177041228779305,L,multi,2.0,71.0,0.2237932908104007,-1.1361846313590631,1.583771212979865,-0.3332694958722895,250,1.08,54.6,2018-02-22T03:24:13+00:00,430.35,473,8.383299110198495,24,112.0,106.0,106.0,1.0,,,,,,,,,,,0.0181879248118588,0.0,0.0,0.7323678937132266,5.521460917862246,,,0.1400270071457335,0.0915504462444378,0.0207555944704483,-61.232282325715936,-61.232282325715936,250.0,106.0,1,29.393876913398138
1356662668,Politically Georgia,0.1301261829652996,-0.0496845425867507,L,multi,3.0,45.0,0.0216152082696922,0.376221063796359,-0.3329906472569746,-1.113151030714136,174,2.41,39.5,2018-03-08T00:00:00+00:00,691.49,1050,8.347707049965777,24,129.91666666666666,128.0,128.0,1.0,50.0,4.06,0.64,0.1,2023-10-14 23:47:13+00:00,2026-09-19 23:55:23+00:00,42.0,1071.0,1.419234360410831,False,0.0100418752631825,0.0,0.0,1.2267122912954256,5.159055299214529,0.8834511101143612,3.9318256327243257,-0.0180191045167965,0.0297079541862889,0.0103561537966123,-19.56031240960374,-19.56031240960374,174.0,128.0,1,9.389710680668848
1362265400,Timcast News,0.6173254835996635,0.5012615643397813,R,solo,1.0,71.5,0.614267853320533,1.4834689942028316,-0.2549332875617657,0.749774765064721,199,4.93,75.8,2018-03-19T04:00:00+00:00,2705.01,2141,8.314852840520192,24,48.54166666666666,42.0,42.0,1.0,,,,,,,,,,,0.0182559652928416,1.0,1.0,1.780024213009634,5.293304824724492,,,0.6096515180034288,0.7026503205336052,0.0143924604672357,-66.76019670234311,-66.76019670234311,199.0,42.0,1,32.04749080141325
1364113251,The Beat with Ari Melber,0.5190010857763301,-0.4625407166123778,L,solo,1.0,62.0,0.6046408697798504,0.4114212961901761,0.7978604433695249,-0.2439157632696487,73,2.69,41.5,2018-06-17T16:00:59+00:00,782.15,1131,8.068446269678303,24,40.41666666666666,39.0,39.0,1.0,350.0,4.257142857142857,0.7228571428571429,0.1228571428571428,2018-06-04 23:00:33+00:00,2026-09-16 13:45:20+00:00,30.0,3025.0,3.5173553719008264,False,0.0145516714845967,0.0,1.0,1.3056264580524357,4.290459441148391,1.5079267278972266,5.860786223465865,0.6886391900504878,0.7540285912870738,0.0111813997800088,-14.45762221579405,-14.45762221579405,73.0,39.0,1,6.9402209378856705
1367201919,Deadline: White House,0.5251798561151079,-0.4196642685851319,L,solo,1.0,64.0,-0.2977730254525919,0.1302850262858081,-0.7258310771909919,-0.3883374719824938,31,1.1,44.7,2018-04-03T18:01:39+00:00,354.06,475,8.27378507871321,24,10.875,10.0,10.0,1.0,100.0,3.77,0.56,0.19,2024-08-07 15:28:09+00:00,2026-09-18 07:38:15+00:00,27.5,771.0,3.942931258106356,False,0.0186857471831565,0.0,1.0,0.7419373447293773,3.4339872044851463,1.5979585273105308,4.61512051684126,-0.3039878587731541,-0.3220831433610573,0.0154230426130515,-8.929707839166907,-8.929707839166907,31.0,10.0,1,4.286607049870562
1378389941,Uncommon Knowledge,0.3580705009276438,0.2541743970315399,R,solo,1.0,80.0,-0.516134502633319,-0.5919122949668445,-0.4403567102997934,-0.5288711621432762,119,0.43,62.4,2022-01-11T19:01:52+00:00,104.04,100,4.498288843258043,24,75.875,74.0,74.0,1.0,50.0,4.3,0.72,0.06,2023-02-19 22:50:12+00:00,2026-05-13 19:38:08+00:00,34.5,1178.0,1.2903225806451613,False,0.0,1.0,1.0,0.3576744442718159,4.77912349311153,0.8286926725561692,3.9318256327243257,-0.6910334552890123,-0.6123207351725658,0.0001582276525073,-19.13508822678625,-19.13508822678625,119.0,74.0,1,9.185586535436919
1386375601,The Ben Ferguson Podcast,0.765625,0.7075892857142857,R,solo,1.0,46.0,1.5570566047690488,2.439290867479147,0.6748223420589505,0.7828034291861714,60,10.1,31.0,2020-01-19T22:45:00+00:00,1763.03,3416,6.477754962354552,24,74.375,60.0,75.0,1.0,50.0,3.36,0.42,0.26,2024-09-03 15:26:39+00:00,2026-09-22 05:24:58+00:00,23.0,748.0,2.0320855614973263,False,0.0190183673156757,1.0,1.0,2.4069451083182885,4.0943445622221,1.1092506868731655,3.9318256327243257,1.7240673940690647,1.810289400482593,0.0198367488841672,6.378362742262065,6.378362742262065,60.0,75.0,1,3.0618621784789726
1408796715,Runaway Country with Alex Wagner,0.5947521865889213,-0.5539358600583091,L,solo,1.0,84.0,-0.0528796762759541,-0.3408373386420881,0.2350779860901798,-0.3258957251924717,19,0.18,56.2,2018-07-06T15:55:00+00:00,71.22,76,8.016427104722792,24,39.125,19.0,40.0,1.0,500.0,4.446,0.82,0.086,2018-07-30 14:52:00+00:00,2026-09-17 15:23:14+00:00,32.0,2971.0,5.116122517670818,True,0.0623016841591408,0.0,1.0,0.16551443847757338,2.9444389791664403,1.8109283201864488,6.2166061010848646,0.0243233181244389,-0.1633625069883373,0.0618670341026524,8.929707839166905,8.929707839166905,19.0,40.0,1,4.286607049870562
1432118523,The Damage Report with John Iadarola,0.7324301439458086,-0.615580016934801,L,solo,1.0,71.0,-0.1988698496689978,0.2290558353567924,-0.6267955346947881,0.9176662847538828,152,4.63,55.2,2018-08-21T02:14:00+00:00,1756.57,1909,7.8904859685147155,24,98.33333333333331,96.0,96.0,1.0,150.0,4.38,0.78,0.1,2021-01-12 04:33:51+00:00,2026-08-19 18:11:22+00:00,31.0,2045.0,2.229828850855746,False,0.0046596361275116,0.0,1.0,1.728109442151599,5.0238805208462765,1.1724291484795235,5.017279836814924,-0.1337501785421672,-0.0395291952509821,0.0069524391000421,-23.812554237778432,-23.812554237778432,152.0,96.0,1,11.430952132988166
1439837349,The Political Orphanage,0.3471376370280146,0.0377588306942752,R,solo,1.0,91.0,-0.095273298470172,-0.818230855392375,0.6276842584520309,-0.4024256361245009,177,1.6,59.4,2018-11-13T00:52:12+00:00,633.87,640,7.660506502395619,24,208.625,177.0,210.0,1.0,100.0,4.73,0.9,0.03,2019-05-22 20:18:14+00:00,2026-09-09 16:23:32+00:00,28.5,2666.0,1.140285071267817,False,0.022388678691516,1.0,1.0,0.9555114450274365,5.176149732573829,0.7609390310347913,4.61512051684126,0.1067967205410613,0.1294339319646658,0.0146468252329224,14.032398032976598,14.032398032976598,177.0,210.0,1,6.73609679265374
1441649707,Straight White American Jesus,0.5853018372703412,-0.4960629921259842,L,multi,2.0,32.0,0.1573689393181674,0.3203179349645772,-0.0055800563282422,-0.6475159859571691,89,2.7,30.5,2018-12-22T06:28:00+00:00,541.22,1064,7.553730321697468,24,99.54166666666669,89.0,100.0,1.0,100.0,4.39,0.76,0.08,2023-11-21 18:53:13+00:00,2026-07-30 18:58:45+00:00,41.0,982.0,3.095723014256619,False,0.0116351577336243,0.0,0.0,1.308332819650179,4.48863636973214,1.4099432619781314,4.61512051684126,0.0404660229296619,0.0650302607889675,0.0111992429353569,4.677466010992185,4.677466010992185,89.0,100.0,1,2.2453655975512468
1447684472,The Bulwark Podcast,0.5451713395638629,-0.4330218068535825,L,solo,1.0,92.0,0.0964826423771806,-0.6282847331660577,0.8212500179204191,0.4178708649132276,4,4.88,56.0,2024-07-26T18:28:00+00:00,466.81,500,1.9603011635865848,24,2.083333333333333,2.0,2.0,1.0,150.0,4.113333333333333,0.68,0.1333333333333333,2026-02-26 20:30:35+00:00,2026-09-22 01:14:58+00:00,33.0,207.0,22.02898550724637,False,0.0110360511002608,0.0,1.0,1.7715567619105355,1.3862943611198906,3.1367536619394567,5.017279836814924,0.0104038776491168,-0.05014878830316,0.0290902494515592,-0.8504483656349436,-0.8504483656349436,4.0,2.0,1,0.408248290463863
1449848509,I Don't Speak German,0.5121654501216545,-0.3880778588807786,L,multi,2.0,113.0,-0.257658343038591,-1.3189415253184444,0.8036248392412625,0.4002360430087579,241,0.61,73.1,2019-01-08T17:00:00+00:00,290.06,238,7.507186858316222,1,241.0,241.0,241.0,0.0416666666666666,,,,,,,,,,,0.0,0.0,0.0,0.4762341789963716,5.484796933490655,,,-0.2510815032015879,-0.181204459877926,0.0003837060556582,,4.252241828174749,241.0,241.0,0,
1452065072,Newt's World,0.5104166666666666,0.4427083333333333,R,solo,1.0,51.0,0.840404742272307,1.0252957841898238,0.6555137003547902,-0.716604968608586,82,2.63,33.8,2019-02-09T18:02:00+00:00,573.25,1019,7.419575633127994,24,180.7083333333333,82.0,185.0,1.0,500.0,4.58,0.852,0.062,2020-02-11 15:09:51+00:00,2026-09-03 01:28:21+00:00,25.0,2395.0,6.346555323590814,True,0.0121529948216529,1.0,1.0,1.2892326482767593,4.406719247264253,1.9942315399106696,6.2166061010848646,1.044166137055733,1.1303284529208013,0.0129371433242562,43.798090830199556,43.798090830199556,82.0,185.0,1,21.024786958888946
1456045551,Talking Feds,0.3737821080602302,-0.3330380868024801,L,solo,1.0,70.0,-0.5585181595876326,-0.3273296890210874,-0.7897066301541777,-0.4179771894174893,34,1.36,51.4,2019-03-13T03:16:21+00:00,444.92,519,7.331964407939767,24,55.083333333333336,34.0,56.0,1.0,,,,,,,,,,,0.0093268532037307,0.0,1.0,0.8586616190375187,3.5263605246161616,,,-0.6769013065325687,-0.6089365838001658,0.0113162071129069,9.354932021984371,9.354932021984371,34.0,56.0,1,4.490731195102493
1456850698,The Graham Allen Show,0.7262638717632552,0.6596794081381011,R,solo,1.0,76.0,2.4721705266855745,2.9296311543737663,2.014709898997383,0.5379501684593624,103,3.6,60.6,2019-03-19T20:06:40+00:00,1389.07,1375,7.315537303216975,24,111.625,103.0,112.0,1.0,,,,,,,,,,,0.0459963899822006,1.0,1.0,1.5260563034950494,4.634728988229636,,,2.314258292102892,2.2800674375719323,0.0375918590375121,3.8270176453572344,3.8270176453572344,103.0,112.0,1,1.8371173070873836
1462195742,The Al Franken Podcast,0.5506937033084311,-0.4887940234791889,L,solo,1.0,66.0,0.2074182377853445,-0.1347946349018302,0.5496311104725192,-0.1581294719580356,143,1.05,49.7,2019-05-01T17:31:25+00:00,324.2,391,7.197809719370294,24,242.66666666666663,143.0,247.0,1.0,50.0,4.18,0.66,0.08,2025-04-04 23:25:25+00:00,2026-09-08 12:15:02+00:00,38.0,521.0,2.91746641074856,False,0.0254451002892894,0.0,1.0,0.7178397931503169,4.962844630259907,1.3654451210564778,3.9318256327243257,0.0847459651653446,-0.0334603092311096,0.0288440824365773,44.223315013017086,44.223315013017086,143.0,247.0,1,21.228911104120876
1462703434,Know Your Enemy,0.4722792607802875,-0.3552361396303901,L,multi,2.0,102.0,-1.0457480906322638,-1.6390335049602864,-0.4524626763042413,-0.4067787717427387,84,0.73,52.4,2019-05-07T00:26:17+00:00,240.19,275,7.181382614647502,24,121.375,84.0,123.0,1.0,,,,,,,,,,,0.0008422810953901,0.0,0.0,0.5481214085096876,4.430816798843313,,,-1.1575267334644486,-1.1134133327499454,0.0007757803155331,16.583743129881366,16.583743129881366,84.0,123.0,1,7.960841664045329
1467297559,Hacks On Tap,0.3079677708146822,-0.1557743957027753,L,multi,3.0,82.0,0.3625525734180721,0.1895964670600853,0.535508679776059,0.1091701437271808,77,1.04,58.3,2019-06-07T06:14:00+00:00,372.1,383,7.096509240246407,24,19.5,17.0,17.0,1.0,50.0,3.86,0.52,0.1,2026-01-07 01:21:41+00:00,2026-09-09 02:14:26+00:00,25.5,245.0,6.204081632653061,False,0.013558718156806,0.0,0.0,0.712949807856125,4.343805421853684,1.97464775882267,3.9318256327243257,0.5023988953078625,0.5402094061579992,0.0166669377619458,-25.513450969048307,-25.513450969048307,77.0,17.0,1,12.24744871391589
1467993804,What the Hell Is Going On,0.5427046263345195,0.4288256227758007,R,multi,2.0,73.0,-0.1642527940642932,-0.0455302009381384,-0.2829753871904479,0.2387496406478512,146,1.09,53.9,2023-01-04T09:00:00+00:00,179.63,200,3.5181382614647503,1,146.0,146.0,146.0,0.0416666666666666,98.0,3.571428571428572,0.5204081632653061,0.2653061224489796,2019-06-20 00:28:12+00:00,2026-06-12 17:45:20+00:00,29.5,2549.0,1.1687720674774422,False,0.0085144732594425,1.0,0.0,0.7371640659767197,4.983606621708336,0.7741611398670023,4.59511985013459,-0.3074536796583668,-0.2354674706004592,0.0139294011402737,,44.64853919583455,146.0,146.0,0,
1471411980,American Thought Leaders,0.5373134328358209,0.4477611940298507,R,solo,1.0,69.0,-0.6190265392373808,-1.1523412829636188,-0.0857117955111427,-0.1922194490382051,138,2.8,52.1,2025-02-26T01:00:00+00:00,173.76,200,1.3716632443531829,24,161.95833333333334,138.0,163.0,1.0,100.0,4.86,0.96,0.03,2019-08-07 13:47:57+00:00,2026-07-01 19:28:25+00:00,23.5,2520.0,1.2063492063492065,False,0.0039220382623274,1.0,1.0,1.33500106673234,4.927253685157205,0.791339206739159,4.61512051684126,-0.3176255318432588,-0.2249785127192526,0.0007692071956115,10.630604570436779,10.630604570436779,138.0,163.0,1,5.103103630798288
1474001390,TRUE ANON TRUTH FEED,0.3744493392070485,-0.2687224669603524,L,multi,3.0,122.0,-0.4956242206224712,-0.6675057224368061,-0.3237427188081363,0.498050246407234,65,1.47,55.1,2019-08-08T03:20:23+00:00,487.59,531,6.926762491444216,24,70.75,65.0,71.0,1.0,250.0,3.804,0.632,0.224,2020-12-16 03:05:48+00:00,2026-09-17 16:11:02+00:00,15.0,2101.0,3.617325083293669,False,0.0,0.0,0.0,0.9042181506398859,4.174387269895637,1.529815551116283,5.525452939131784,-0.7543390022886758,-0.6849839437405338,0.0019720329867335,2.5513450969048383,2.5513450969048383,65.0,71.0,1,1.224744871391589
1476110521,Useful Idiots with Katie Halper and Aaron Maté,0.5428571428571428,-0.3346938775510204,L,multi,2.0,81.5,-0.1352521595139324,-0.1094883503416029,-0.1610159686862619,0.2009911954888995,170,1.14,63.5,2019-08-09T22:14:00+00:00,437.4,413,6.924024640657084,1,170.0,170.0,170.0,0.0416666666666666,200.0,2.645,0.32,0.465,2021-05-22 19:47:28+00:00,2026-09-12 11:00:24+00:00,25.0,1938.0,3.137254901960784,False,0.0221673454062328,0.0,0.0,0.76080582903376,5.135798437050262,1.4200325007517407,5.303304908059076,-0.2915362611764432,-0.2987628180537905,0.0172931264581726,,34.443158808215244,170.0,170.0,0,
1480605295,POLITICO Energy,0.18860103626943,-0.1492227979274611,L,multi,4.0,11.0,-1.1539757812577474,-0.9732070010733018,-1.3347445614421931,-1.2744579684109558,191,4.4,9.1,2019-10-01T16:00:00+00:00,236.25,1558,6.778918548939083,24,200.5833333333333,191.0,201.0,1.0,31.0,3.0,0.2580645161290322,0.3225806451612903,2019-10-11 11:16:32+00:00,2026-08-18 04:21:36+00:00,25.0,2502.0,0.3766586730615507,False,0.0066605947808181,0.0,0.0,1.6863989535702286,5.25227342804663,0.3196593117951536,3.4657359027997265,-1.223830123417189,-1.1627323948849249,0.005705812049046,4.252241828174684,4.252241828174684,191.0,201.0,1,2.0412414523193148
1482179882,The Mona Charen Show,0.4219308700834326,-0.2145411203814064,L,solo,1.0,73.0,-0.7419013920736213,-0.9330278036956052,-0.5507749804516372,-0.34727807679535,245,0.81,60.5,2019-10-02T19:00:00+00:00,289.32,287,6.776180698151951,24,173.125,170.0,170.0,1.0,,,,,,,,,,,0.0147253336012188,0.0,1.0,0.5933268452777344,5.501258210544727,,,-0.8777651268163187,-0.9009711312049844,0.0188560905688044,-31.891813711310352,-31.891813711310352,245.0,170.0,1,15.309310892394864
1484862164,Politics War Room with James Carville & Al Hunt,0.4948875255623722,-0.3435582822085889,L,multi,2.0,81.5,0.6464372846066225,0.3412255933888369,0.951648975824408,-0.085374159379629,81,1.08,63.6,2019-10-20T23:44:31+00:00,401.92,379,6.7268993839835725,24,56.083333333333336,55.0,55.0,1.0,350.0,4.091428571428572,0.6742857142857143,0.1457142857142857,2020-09-18 11:49:55+00:00,2026-08-28 15:27:35+00:00,28.0,2170.0,4.903225806451612,False,0.0239302401545169,0.0,0.0,0.7323678937132266,4.394449154672439,1.7754989483562746,5.860786223465865,0.5538467728028121,0.5222000207298995,0.021206730624753,-11.05582875325426,-11.05582875325426,81.0,55.0,1,5.307227776030219
1485021241,The Reason Interview With Nick Gillespie,0.4107142857142857,0.0178571428571428,R,solo,1.0,73.5,0.1490002875020155,-1.2594922253613845,1.5574928003654154,-0.576655502750096,234,1.22,57.6,2024-12-11T15:30:58+00:00,95.97,100,1.5824777549623543,24,140.08333333333334,136.0,136.0,1.0,,,,,,,,,,,0.0063692657651965,1.0,1.0,0.7975071958841881,5.455321115357702,,,0.1128780498972806,0.1850747284471489,0.0019650522206676,-41.67196991611222,-41.67196991611222,234.0,136.0,1,20.00416623272929
1485186805,Timothy Gordon Rules for Retrogrades Podcast,0.6974459724950884,0.6149312377210217,R,solo,1.0,77.5,0.390871183782169,0.2183291018414078,0.5634132657229302,0.3235701577445533,219,2.19,65.9,2019-10-29T18:00:00+00:00,838.91,764,6.702258726899384,1,219.0,219.0,219.0,0.0416666666666666,,,,,,,,,,,0.007595520516553,1.0,1.0,1.1600209167967532,5.389071729816501,,,0.201846534553845,0.2886846360511731,0.0061009981759491,,13.607173850159139,219.0,219.0,0,
1485351658,Bannon`s War Room,0.8066202090592335,0.7160278745644599,R,multi,2.0,75.0,1.772475994839213,2.558943295587124,0.986008694091302,0.4226681292340854,27,21.13,82.0,2022-07-15T22:17:37+00:00,6002.82,4405,3.991786447638604,24,21.25,21.0,21.0,1.0,200.0,4.065,0.735,0.21,2025-05-19 20:02:35+00:00,2026-09-18 19:04:00+00:00,22.5,486.0,12.51028806584362,False,0.0714097528262119,1.0,0.0,3.096934154062958,3.295836866004329,2.6034514741610444,5.303304908059076,1.7978275867393454,1.3866802548646104,0.0709396737007234,-2.5513450969048357,-2.5513450969048357,27.0,21.0,1,1.224744871391589
1490993194,Advisory Opinions,0.2039045553145336,0.0412147505422993,R,multi,2.0,86.0,-0.0620840232476044,-0.2658536587207612,0.1416856122255522,-0.7174731884709766,40,1.91,70.4,2019-12-10T08:00:00+00:00,771.06,657,6.587268993839836,24,35.208333333333336,35.0,35.0,1.0,150.0,3.6666666666666665,0.5,0.1933333333333333,2024-04-09 08:29:18+00:00,2026-09-18 18:02:29+00:00,48.0,892.0,5.112107623318386,False,0.0126901895909971,1.0,0.0,1.068153081183401,3.688879454113936,1.810271660236414,5.017279836814924,-0.1436619478779222,-0.1286854552414398,0.0124491623771968,-2.126120914087371,-2.126120914087371,40.0,35.0,1,1.0206207261596574
1493858530,Hood Politics with Prop,0.3858695652173913,-0.3170289855072464,L,solo,1.0,62.0,3.0674430742713885,1.7729139739699369,4.36197217457284,0.2373414224487207,217,1.05,38.0,2020-01-06T22:05:46+00:00,225.33,356,6.513347022587269,24,140.33333333333334,137.0,137.0,1.0,,,,,,,,,,,0.0382901456402496,0.0,1.0,0.7178397931503169,5.37989735354046,,,2.9262724305317733,3.0499087188649296,0.0284939294321175,-34.01793462539775,-34.01793462539775,217.0,137.0,1,16.32993161855452
1495251160,John Solomon Reports,0.740782122905028,0.7072625698324022,R,solo,1.0,65.0,0.4681551389967446,0.7203586524580061,0.2159516255354831,-0.3915223209741529,48,5.98,42.2,2020-01-16T00:51:26+00:00,1426.76,2027,6.485968514715948,24,59.5,48.0,60.0,1.0,150.0,3.8733333333333335,0.62,0.16,2022-05-18 23:03:45+00:00,2026-09-20 14:40:14+00:00,22.0,1585.0,2.8769716088328074,False,0.0827660938310796,1.0,1.0,1.943048916774281,3.871201010907891,1.355054335688754,5.017279836814924,0.6745197259601586,0.1688850602525961,0.0839575583174081,5.102690193809667,5.102690193809667,48.0,60.0,1,2.449489742783178
1495601614,Verdict with Ted Cruz,0.749730312837109,0.7173678532901834,R,solo,1.0,54.0,1.291078182868965,1.9673789267226085,0.614777439015322,0.3652972268764194,11,3.44,37.0,2020-01-19T22:45:00+00:00,716.55,1162,6.477754962354552,24,25.375,11.0,26.0,1.0,50.0,3.1,0.4,0.36,2026-01-29 05:45:13+00:00,2026-09-21 14:01:06+00:00,27.5,235.0,6.468085106382978,False,0.0188236009639873,1.0,1.0,1.4906543764441333,2.3978952727983707,2.010638621755807,3.9318256327243257,1.121779556425349,1.1541213569157618,0.0270997927974936,6.3783627422620786,6.3783627422620786,11.0,26.0,1,3.0618621784789726
1506127536,Making the Argument with Nick Freitas,0.7562724014336918,0.6845878136200717,R,solo,1.0,104.0,0.3143689562899151,-0.3847740603316218,1.013511972911452,0.0878062859297809,66,2.76,74.8,2024-06-11T19:00:00+00:00,373.89,300,2.083504449007529,24,52.583333333333336,52.0,52.0,1.0,100.0,4.58,0.85,0.07,2020-09-19 16:49:48+00:00,2026-09-21 17:09:28+00:00,30.5,2193.0,1.3862289101687186,False,0.0036050348283025,1.0,1.0,1.324418957401803,4.189654742026425,0.8697142579543196,4.61512051684126,0.5949682242825831,0.6637945727299934,0.0084997474898781,-5.953138559444602,-5.953138559444602,66.0,52.0,1,2.857738033247041
1507444393,X22 Report,0.896551724137931,0.8768472906403941,R,,0.0,118.0,1.2501043805925556,2.6422846999751,-0.142075938789988,1.1895394767434109,28,5.63,89.7,2025-05-30T21:13:09+00:00,490.21,328,1.1170431211498972,24,31.83333333333333,28.0,32.0,1.0,50.0,4.08,0.7,0.16,2023-04-23 12:25:51+00:00,2026-09-19 06:14:09+00:00,30.5,1244.0,1.2218649517684887,False,0.044402407566638,1.0,0.0,1.891604804197771,3.332204510175204,0.7983469115884357,3.9318256327243257,1.197967473693457,0.8534033907967674,0.0574011713030746,1.700896731269885,1.700896731269885,28.0,32.0,1,0.816496580927726
1509826894,RealClearPolitics Podcast,0.3535108958837772,0.2469733656174334,R,multi,3.0,71.0,-0.1772897757962769,-0.6015153861264283,0.2469358345338743,-0.380016992572946,107,4.88,46.2,2024-03-05T00:00:00+00:00,461.66,600,2.3545516769336072,24,74.41666666666667,73.0,73.0,1.0,,,,,,,,,,,0.0,1.0,0.0,1.7715567619105355,4.672828834461906,,,-0.1977520813195555,-0.0997891740609957,0.0008117152650434,-14.457622215794045,-14.457622215794045,107.0,73.0,1,6.940220937885672
1510240831,The MeidasTouch Podcast,0.6952141057934509,-0.5768261964735516,L,multi,3.0,27.0,1.4675455877797572,2.1719442526834376,0.7631469228760767,0.6133810669323917,2,13.63,31.3,2020-10-24T06:18:20+00:00,2123.86,4069,5.713894592744696,24,3.9166666666666665,2.0,4.0,1.0,150.0,4.546666666666667,0.7933333333333333,0.04,2026-05-24 20:16:58+00:00,2026-09-19 21:42:36+00:00,28.5,118.0,38.644067796610166,False,0.0377538973293921,0.0,0.0,2.683074215032033,0.6931471805599453,3.6799413226784594,5.017279836814924,1.3607726669690223,1.3282058777732677,0.033680614658598,0.8504483656349433,0.8504483656349433,2.0,4.0,1,0.408248290463863
1515399733,No Lie with Brian Tyler Cohen,0.7809045226130653,-0.7346733668341708,L,solo,1.0,59.5,-0.515365209716548,-0.602305213333663,-0.4284252060994329,0.204610855312589,46,1.11,42.9,2020-06-02T00:08:21+00:00,252.49,353,6.108145106091718,24,81.45833333333333,46.0,83.0,1.0,250.0,4.508,0.848,0.092,2022-08-31 20:47:36+00:00,2026-09-03 01:21:27+00:00,23.0,1463.0,5.194805194805195,False,0.0140717096218573,0.0,1.0,0.7466879474879752,3.828641396489095,1.8237110690346567,5.525452939131784,-0.3024840814579643,-0.3082731347607688,0.0214314505944704,15.733294764246464,15.733294764246464,46.0,83.0,1,7.552593373581465
1517313007,The Hugh Hewitt Show: Highly Concentrated,0.6310679611650486,0.5922330097087378,R,solo,1.0,92.5,0.0832269084515105,0.2364483124281196,-0.0699944955250985,0.350136044829145,88,5.15,69.4,2026-02-27T07:11:29+00:00,115.72,100,0.3696098562628336,24,58.29166666666666,57.0,57.0,1.0,64.0,3.65625,0.515625,0.21875,2020-11-26 00:54:02+00:00,2026-09-19 11:55:55+00:00,35.5,2123.0,0.9164390014130946,False,0.0475791373863709,1.0,1.0,1.8164520818184267,4.477336814478207,0.6504687772145953,4.174387269895637,0.0937221743359,-0.0695510299888994,0.0352534233809518,-13.18194966734164,-13.18194966734164,88.0,57.0,1,6.327848502189877
1529346075,Impolitic with John Heilemann,0.3806343906510851,-0.3071786310517529,L,solo,1.0,110.0,0.08970128261914,-0.6705931102542084,0.8499956754924886,-0.2452047739826966,43,1.27,69.5,2020-09-01T13:14:00+00:00,449.49,388,5.859000684462697,24,89.95833333333333,43.0,92.0,1.0,250.0,4.2,0.692,0.092,2022-08-22 04:21:45+00:00,2026-08-23 00:03:45+00:00,31.0,1461.0,5.201916495550992,False,0.0235707460208681,0.0,1.0,0.8197798314933114,3.7612001156935615,1.8248583564713607,5.525452939131784,0.1705805112450537,0.1843042378307431,0.0147518594780854,20.83598495805614,20.83598495805614,43.0,92.0,1,10.002083116364645
1531192509,Bad Faith,0.6845238095238095,-0.5654761904761905,L,solo,1.0,102.5,-0.5509892435490348,-0.871405702789098,-0.2305727843089716,0.0747478861593417,157,2.01,52.4,2025-07-28T12:52:00+00:00,87.34,100,0.9555099247091032,24,130.16666666666666,129.0,129.0,1.0,50.0,4.02,0.74,0.2,2024-07-16 14:12:46+00:00,2026-09-03 18:42:51+00:00,28.0,779.0,1.9512195121951217,False,0.0,0.0,1.0,1.1019400787607843,5.056245805348308,1.0822184788924332,3.9318256327243257,-0.4516776818245167,-0.3711589118199416,0.0005873875596778,-11.906277118889204,-11.906277118889204,157.0,129.0,1,5.715476066494082
1535255041,Unf*cking The Republic,0.612859097127223,-0.5471956224350205,L,solo,1.0,67.0,-0.3791967718626419,0.1644654827557739,-0.9228590264810578,0.4541942232157594,165,1.43,52.4,2020-10-09T16:44:00+00:00,374.9,429,5.754962354551677,1,165.0,165.0,165.0,0.0416666666666666,50.0,4.76,0.92,0.04,2022-11-17 06:19:56+00:00,2026-08-08 06:18:01+00:00,33.0,1359.0,1.1184694628403236,False,0.0086773044969009,0.0,1.0,0.8878912573524571,5.10594547390058,0.750693876461032,3.9318256327243257,-0.4157059240149783,-0.3157442420870043,0.0099182509011593,,36.56927972230261,165.0,165.0,0,
1535384390,Ruthless Podcast,0.6957605985037406,0.6209476309226932,R,multi,4.0,107.0,0.8171448025255723,0.5992781839604305,1.035011421090714,0.6725725239836314,18,2.35,77.7,2020-10-10T06:35:32+00:00,913.1,705,5.752224503764545,24,12.25,12.0,12.0,1.0,,,,,,,,,,,0.0055523013587875,1.0,0.0,1.208960345836975,2.8903717578961645,,,0.6868775623262813,0.7939415348599683,0.0055756632727846,-2.5513450969048317,-2.5513450969048317,18.0,12.0,1,1.224744871391589
1536169792,Talkin‘ Politics & Religion Without Killin‘ Each Other,0.342443729903537,-0.1913183279742765,L,solo,1.0,88.0,0.149652770919723,-0.9487879903952428,1.2480935322346889,-0.7217040776478015,57,1.48,63.4,2020-10-19T01:18:00+00:00,466.96,442,5.727583846680356,24,86.70833333333333,57.0,88.0,1.0,50.0,4.9,0.96,0.0,2023-07-11 00:55:28+00:00,2026-09-17 22:30:00+00:00,40.0,1164.0,1.3058419243986257,False,0.0019424199174049,0.0,1.0,0.9082585601768908,4.04305126783455,0.8354458698001893,3.9318256327243257,0.2303249637463926,0.3089226689500658,0.0037621320110584,13.181949667341637,13.181949667341637,57.0,88.0,1,6.327848502189877
1536984072,The Dishcast with Andrew Sullivan,0.4042904290429043,0.0379537953795379,R,solo,1.0,70.0,-0.2066091997683087,-0.8200059851537934,0.406787585617176,-0.5013285026765469,197,0.92,55.9,2020-10-30T15:55:28+00:00,255.14,274,5.697467488021903,1,197.0,197.0,197.0,0.0416666666666666,100.0,3.88,0.57,0.14,2020-11-06 17:01:23+00:00,2026-06-07 12:13:47+00:00,43.5,2038.0,1.4916584887144255,False,0.0,1.0,1.0,0.6523251860396903,5.2832037287379885,0.9129485484819536,4.61512051684126,-0.3352923735837297,-0.2551023868988286,0.0001005838051691,,22.96210587214352,197.0,197.0,0,
1538788132,Tangle,0.3452855245683931,-0.0770252324037184,L,solo,1.0,49.0,-0.7857689923705039,-0.4123858348447675,-1.1591521498962405,-0.6958821086492856,92,4.08,32.4,2020-11-03T14:58:57+00:00,653.81,1211,5.686516084873374,24,68.04166666666667,67.0,67.0,1.0,50.0,3.66,0.58,0.22,2024-11-21 16:58:55+00:00,2026-09-15 16:45:47+00:00,51.5,662.0,2.29607250755287,False,0.1133825680545149,0.0,1.0,1.6253112615903906,4.5217885770490405,1.192731610456008,3.9318256327243257,-0.5014190082893314,-0.8455391143890776,0.0871977640226177,-10.630604570436805,-10.630604570436805,92.0,67.0,1,5.103103630798288
1548086514,The Arena,0.6274509803921569,0.4836601307189542,R,solo,1.0,24.0,-0.0211859914530491,0.5346342238531168,-0.577006206759215,-1.0600192608506702,209,1.18,25.3,2012-04-07T17:34:00+00:00,370.53,879,14.261464750171116,1,209.0,209.0,209.0,0.0416666666666666,,,,,,,,,,,0.0,1.0,1.0,0.7793248768009976,5.342334251964811,,,0.1104721793541042,0.2513132703046762,0.0,,17.85941567833382,209.0,209.0,0,
1548554104,Volts,0.5087412587412588,-0.4702797202797202,L,solo,1.0,85.0,-0.369804528093112,-1.0279002845605467,0.2882912283743226,-1.125383258350732,116,1.49,59.0,2020-12-24T14:00:23+00:00,424.8,432,5.546885694729637,24,87.25,86.0,86.0,1.0,50.0,4.62,0.88,0.06,2024-05-19 13:36:55+00:00,2026-09-19 18:54:05+00:00,39.0,853.0,1.7819460726846423,False,0.0,0.0,1.0,0.9122827104766162,4.7535901911063645,1.0231507089440843,3.9318256327243257,-0.2587762217152453,-0.1656095560812212,0.000355013560054,-12.756725484524138,-12.756725484524138,116.0,86.0,1,6.123724356957945
1549272440,The Daily Punch,0.107854630715123,-0.0422039859320046,L,multi,2.0,15.0,0.8189255020194597,2.423360164691218,-0.7855091606522989,-0.9608923671272028,50,5.26,13.1,2021-01-15T01:16:07+00:00,328.98,1507,5.486652977412731,24,62.458333333333336,50.0,63.0,1.0,,,,,,,,,,,0.0507700087344274,0.0,0.0,1.8341801851120072,3.912023005428146,,,0.8024378395274152,0.5304619550640455,0.0521953785763425,5.5279143766271215,5.5279143766271215,50.0,63.0,1,2.6536138880151094
1549502623,Cleanup on Aisle 45 with AG & Harry Dunn,0.4282296650717703,-0.3636363636363636,L,multi,2.0,77.0,-0.2007910781603774,-0.328911688539477,-0.0726704677812778,-0.0683352123271489,206,1.01,57.2,2021-01-20T11:00:00+00:00,273.62,287,5.47296372347707,24,112.08333333333331,108.0,108.0,1.0,,,,,,,,,,,0.0102357070765713,0.0,0.0,0.6981347220709844,5.327876168789581,,,0.0423820307396584,0.0979105230999455,0.0124247022662612,-41.67196991611222,-41.67196991611222,206.0,108.0,1,20.00416623272929
1549624070,Amarica's Constitution,0.1773220747889023,-0.06875753920386,L,multi,2.0,111.0,-0.7406359688567384,-1.0721878684537351,-0.4090840692597417,-1.0703763899492444,171,1.0,87.4,2021-01-17T20:14:21+00:00,416.81,286,5.4811772758384665,24,166.20833333333334,166.0,166.0,1.0,59.0,3.864406779661017,0.576271186440678,0.1186440677966101,2021-01-28 16:31:40+00:00,2026-07-08 12:41:56+00:00,65.0,1986.0,0.9031218529707956,False,0.0011326993870634,0.0,0.0,0.6931471805599453,5.14166355650266,0.643495618303353,4.0943445622221,-0.9175651130190228,-0.8633477015529527,0.00211760070915,-2.1261209140873745,-2.1261209140873745,171.0,166.0,1,1.0206207261596576
1551206847,#SistersInLaw,0.4677835051546392,-0.431701030927835,L,multi,4.0,86.0,-0.2310779574935914,-0.3368662945455314,-0.1252896204416513,-0.7086918258770799,26,1.11,60.9,2021-01-28T05:37:00+00:00,320.61,316,5.451060917180014,24,44.208333333333336,26.0,45.0,1.0,,,,,,,,,,,0.0367643205282742,0.0,0.0,0.7466879474879752,3.258096538021482,,,-0.0658819030104748,-0.3708083736831683,0.0384575424642931,8.079259473531957,8.079259473531957,26.0,45.0,1,3.8783587594066984
1551582052,The Lincoln Project,0.5815602836879432,-0.4709219858156028,L,solo,1.0,66.0,0.4925056769827935,-0.1177049259250396,1.1027162798906267,0.2708506071520568,36,2.17,36.9,2021-03-20T04:23:21+00:00,368.9,600,5.3114305270362765,24,67.625,36.0,69.0,1.0,,,,,,,,,,,0.0187105263157894,0.0,1.0,1.1537315878891892,3.58351893845611,,,0.4512777053037399,0.3700321578855517,0.0259467669694487,14.032398032976548,14.032398032976548,36.0,69.0,1,6.73609679265374
1567204040,The Drill Down with Peter Schweizer,0.6148648648648649,0.5135135135135135,R,solo,1.0,41.5,-0.3163064223807773,-0.7233111971289771,0.0906983523674225,0.0261340253495364,221,1.02,27.4,2021-05-12T21:00:00+00:00,125.65,275,5.166324435318275,24,103.125,98.0,98.0,1.0,,,,,,,,,,,0.0083429834719444,1.0,1.0,0.7030975114131134,5.3981627015177525,,,-0.3234184287937908,-0.2616805374918969,0.0060142494181191,-52.302574486549055,-52.302574486549055,221.0,98.0,1,25.107269863527577
1568505052,MOATS with George Galloway,0.5213154689403167,-0.0901339829476248,L,solo,1.0,102.5,-0.6687115154985154,-0.4424375215118334,-0.8949855094851973,1.0183391444036043,161,2.0,91.9,2021-05-20T14:00:00+00:00,820.88,536,5.144421629021219,24,211.79166666666663,161.0,214.0,1.0,17.0,4.411764705882353,0.8235294117647058,0.1176470588235294,2021-08-13 20:14:50+00:00,2025-10-02 03:28:30+00:00,24.0,1510.0,0.342251655629139,False,0.0025429416825009,0.0,1.0,1.0986122886681096,5.081404364984463,0.2943485437927847,2.8903717578961645,-0.8127044142699359,-0.7269672454307021,0.001371605687334,22.536881689326023,22.536881689326023,161.0,214.0,1,10.818579697292371
1570045623,Breaking Points with Krystal and Saagar,0.4855172413793103,-0.1682758620689655,L,multi,2.0,115.0,0.2811999361186031,0.7203440973077383,-0.1579442250705319,-0.0040847576202035,21,5.99,72.5,2021-05-30T18:57:23+00:00,1935.38,1601,5.117043121149897,24,6.625,6.0,6.0,1.0,150.0,2.973333333333333,0.36,0.34,2025-11-02 04:05:48+00:00,2026-09-10 13:27:30+00:00,38.5,312.0,14.615384615384617,False,0.0184042800651314,0.0,0.0,1.9444805562457188,3.044522437723423,2.7482566215802504,5.017279836814924,0.266032304792491,0.326090268536286,0.0165394933842026,-6.3783627422620786,-6.3783627422620786,21.0,6.0,1,3.0618621784789726
1570380458,The Victor Davis Hanson Show,0.7183098591549296,0.6651017214397497,R,solo,1.0,81.0,-0.2653409062575582,-0.5003685330183064,-0.03031327949681,0.7469924253720985,173,3.84,65.3,2021-06-02T11:09:45+00:00,946.36,869,5.108829568788501,24,186.41666666666663,173.0,187.0,1.0,50.0,4.58,0.84,0.08,2025-08-21 14:57:06+00:00,2026-09-02 12:09:52+00:00,33.0,376.0,4.042553191489361,False,0.0170344274744747,1.0,1.0,1.5769147207285403,5.153291594497779,1.6179125394250724,3.9318256327243257,-0.0514123278673269,0.0142487882045,0.0085284866982224,5.953138559444648,5.953138559444648,173.0,187.0,1,2.8577380332470415
1570432345,Firing Line with Margaret Hoover,0.3748344370860927,-0.0966887417218543,L,solo,1.0,58.0,-0.5444939701711492,-1.0986506837651724,0.009662743422874,-0.6736684759082371,184,0.79,45.4,2021-06-01T17:00:00+00:00,159.79,211,5.111567419575633,1,184.0,184.0,184.0,0.0416666666666666,25.0,4.76,0.92,0.04,2021-06-11 13:34:58+00:00,2025-08-27 03:00:55+00:00,22.0,1537.0,0.4944697462589459,False,0.0023530283660348,0.0,1.0,0.5822156198526637,5.214935757608986,0.4017714591505023,3.258096538021482,-0.6279005367364546,-0.554998214878451,0.0003294130565217,,28.490020248770644,184.0,184.0,0,
1573813504,The Smerconish Podcast,0.2275132275132275,-0.0652557319223985,L,solo,1.0,31.0,1.0865238111843756,1.898726345099208,0.2743212772695431,-0.7428166118908918,112,7.46,20.8,2021-06-24T19:17:17+00:00,681.41,1965,5.048596851471594,24,73.66666666666667,72.0,72.0,1.0,,,,,,,,,,,0.0565477054718277,0.0,1.0,2.135349173618132,4.718498871295094,,,1.0367631423288972,1.055009402106517,0.0473568698258667,-17.008967312698886,-17.008967312698886,112.0,72.0,1,8.16496580927726
1574741668,American Prestige,0.2777777777777778,-0.2592592592592592,L,multi,2.0,44.0,-0.4953939771052531,-0.2624334254320596,-0.7283545287784465,-0.1386016177052171,114,4.36,37.1,2026-02-08T20:26:00+00:00,59.39,96,0.4216290212183436,24,149.45833333333334,114.0,151.0,1.0,50.0,4.66,0.86,0.04,2025-08-31 10:44:02+00:00,2026-09-18 06:14:20+00:00,16.5,382.0,3.979057591623037,False,0.0180949129395698,0.0,0.0,1.6789639750827106,4.736198448394496,1.6052406344987604,3.9318256327243257,-0.2832874653053434,-0.5318250447486497,0.0365476135471053,15.7332947642464,15.7332947642464,114.0,151.0,1,7.552593373581466
1576614213,American Conservative University,0.6681222707423581,0.5458515283842795,R,,0.0,46.0,-0.2650498223372556,-0.1081703838701484,-0.4219292608043629,0.5849753836378198,144,7.71,46.9,2024-07-18T08:00:00+00:00,624.88,800,1.982203969883641,24,195.75,144.0,198.0,1.0,50.0,3.7,0.64,0.26,2021-12-09 14:48:58+00:00,2026-09-07 23:55:09+00:00,21.0,1733.0,0.8770917484131563,False,0.0,1.0,0.0,2.1644717908644115,4.969813299576001,0.6297236367577453,3.9318256327243257,-0.3355407202418597,-0.2656559419213887,0.0066016890563786,22.96210587214347,22.96210587214347,144.0,198.0,1,11.022703842524301
1579061364,Head in the Office,0.7031662269129287,-0.579155672823219,L,solo,1.0,150.0,-0.4941551113608093,-0.3687146452138004,-0.6195955775078182,0.9463475507501394,140,1.28,85.1,2021-07-14T16:00:00+00:00,470.96,332,4.993839835728953,24,149.58333333333334,140.0,150.0,1.0,150.0,5.0,1.0,0.0,2025-10-13 23:37:38+00:00,2026-09-19 19:14:26+00:00,86.5,340.0,13.411764705882351,False,0.0,0.0,1.0,0.8241754429663495,4.941642422609304,2.668044866488511,5.017279836814924,-0.3484996446136107,-0.2463890830951257,0.0026304479364553,4.252241828174705,4.252241828174705,140.0,150.0,1,2.0412414523193148
158004641,Political Gabfest,0.4261477045908183,-0.3762475049900199,L,multi,3.0,94.0,-0.1702296731973926,-0.3057937742292283,-0.0346655721655569,-0.6262530564777581,37,1.05,50.6,2006-03-03T00:00:00+00:00,937.18,1112,20.36139630390144,24,96.41666666666669,37.0,99.0,1.0,150.0,2.533333333333333,0.2466666666666666,0.4666666666666667,2023-06-11 17:29:02+00:00,2026-08-16 05:08:23+00:00,42.5,1161.0,3.927648578811369,False,0.0539623461174937,0.0,0.0,0.7178397931503169,3.610917912644224,1.5948619125706371,5.017279836814924,-0.0682491915431889,-0.2774005920269234,0.060422317459135,26.363899334683246,26.363899334683246,37.0,99.0,1,12.655697004379753
1584730781,The Benny Show,0.8454661558109834,0.8020434227330779,R,solo,1.0,100.0,0.9232657672108086,1.5139906227395208,0.3325409116820963,1.424481077191068,87,4.01,84.4,2021-09-10T00:46:17+00:00,1426.29,1014,4.8350444900752905,24,66.875,66.0,66.0,1.0,100.0,3.19,0.47,0.38,2024-04-05 23:09:22+00:00,2026-09-07 22:25:52+00:00,21.0,884.0,3.438914027149321,False,0.0273838630806845,1.0,1.0,1.6114359150967734,4.465908118654584,1.49040975804761,4.61512051684126,0.8590799845543442,0.935644857680898,0.0166765612231123,-8.92970783916694,-8.92970783916694,87.0,66.0,1,4.286607049870562
1585243541,Human Events Daily with Jack Posobiec,0.7255747126436781,0.6853448275862069,R,solo,1.0,65.0,0.4922731157534549,0.4831312091533285,0.5014150223535813,0.4693016760639497,94,5.77,43.5,2021-09-13T22:00:00+00:00,1053.39,1454,4.826830937713894,24,118.91666666666669,94.0,120.0,1.0,,,,,,,,,,,0.0508479512294564,1.0,1.0,1.9125010869241836,4.543294782270004,,,0.5255844142943447,0.3787145570543001,0.036834173101397,11.055828753254275,11.055828753254275,94.0,120.0,1,5.307227776030219
1586423406,The Focus Group Podcast,0.4024390243902439,-0.1306620209059233,L,solo,1.0,79.5,-0.396168012028553,-0.5833481535371585,-0.2089878705199476,-0.2834489251757903,41,0.8,50.6,2022-08-20T10:01:08+00:00,136.62,162,3.893223819301848,24,110.95833333333331,41.0,114.0,1.0,200.0,4.49,0.83,0.09,2024-01-26 15:00:38+00:00,2026-09-19 23:39:15+00:00,36.0,967.0,6.287487073422957,False,0.039709902233605,0.0,1.0,0.5877866649021191,3.713572066704308,1.986158777873728,5.303304908059076,-0.3335777196300116,-0.5590647133397967,0.0359812705520454,31.041365345675445,31.041365345675445,41.0,114.0,1,14.901062601931
1587936366,The Inside Story Podcast,0.3444444444444444,-0.3074074074074074,L,solo,1.0,31.0,-1.0936730293719827,-0.4967809721296737,-1.6905650866142916,-0.4589837127454196,202,6.92,24.5,2025-02-22T17:30:00+00:00,204.57,500,1.3826146475017111,1,202.0,202.0,202.0,0.0416666666666666,,,,,,,,,,,0.0036589828027808,0.0,1.0,2.0693912058263346,5.308267697401205,,,-1.50089987521767,-1.4304655499057972,0.0007696772402654,,20.835984958056134,202.0,202.0,0,
1592116227,The Breitbart News Daily Podcast,0.7607726597325408,0.7072808320950966,R,solo,1.0,64.0,-0.165313703537919,-0.0495046772534611,-0.2811227298223769,0.4675693574583019,212,4.16,51.7,2021-10-25T03:00:00+00:00,883.5,1025,4.7118412046543465,24,193.79166666666663,193.0,193.0,1.0,,,,,,,,,,,0.0022582795292432,1.0,1.0,1.6409365794934714,5.356586274672012,,,-0.1304206980799173,-0.0269902080103194,0.0034315648260543,-8.079259473531971,-8.079259473531971,212.0,193.0,1,3.8783587594066984
1594728054,The Great America Show,0.8440860215053764,0.8091397849462365,R,solo,1.0,42.0,-0.0667728466388149,0.0278286441463121,-0.1613743374239419,1.1769617722727896,204,8.72,27.8,2021-11-11T22:00:00+00:00,982.33,2123,4.6652977412731005,24,196.3333333333333,196.0,196.0,1.0,50.0,3.94,0.66,0.16,2023-08-13 01:15:35+00:00,2026-09-19 13:03:34+00:00,22.0,1133.0,1.3415710503089144,False,0.0143666401016649,1.0,1.0,2.2741856184723477,5.318119993844216,0.8508220931097333,3.9318256327243257,-0.1274063688472013,-0.1237038278281332,0.0138680167495878,-3.401793462539792,-3.401793462539792,204.0,196.0,1,1.6329931618554518
1595408601,The PoliticsGirl Podcast,0.8096676737160121,-0.7583081570996979,L,solo,1.0,76.0,0.0175427919061953,-0.3698866677514963,0.404972251563887,0.1434275063718746,76,1.02,50.0,2021-11-14T10:41:00+00:00,207.46,249,4.657084188911704,1,76.0,76.0,76.0,0.0416666666666666,,,,,,,,,,,0.0365628840639082,0.0,1.0,0.7030975114131134,4.330733340286331,,,0.4061726328201797,0.3222791403070688,0.0389541100320776,,74.4142319930576,76.0,76.0,0,
1599891719,Seattle Nice,0.423728813559322,-0.2429378531073446,L,multi,3.0,48.0,0.1127400907571562,-0.7963608667008956,1.021841048215208,-0.3942727235150005,229,0.83,35.8,2021-12-11T16:00:00+00:00,118.59,199,4.583162217659138,1,229.0,229.0,229.0,0.0416666666666666,,,,,,,,,,,0.0045197854879336,0.0,0.0,0.6043159668533296,5.43372200355424,,,0.1083404804106771,0.1809455706656293,0.0032993270407412,,9.354932021984375,229.0,229.0,0,
1606834013,The Josh Hammer Show,0.6944444444444444,0.6018518518518519,R,solo,1.0,64.5,-0.8557229023540633,-0.1174491278752234,-1.5939966768329032,0.1725040585372343,236,5.11,42.3,2026-02-25T20:00:00+00:00,70.48,100,0.3750855578370979,24,177.54166666666666,175.0,175.0,1.0,,,,,,,,,,,0.0250650595808793,1.0,1.0,1.809926773183504,5.4638318050256105,,,-0.818709716271267,-0.8472646541072083,0.0221947515275668,-25.938675151865777,-25.938675151865777,236.0,175.0,1,12.451572859147822
1607829807,Mark Kaye Saves The Republic,0.6896551724137931,0.5956112852664577,R,solo,1.0,109.0,1.1538158491302584,1.9326893113942865,0.3749423868662303,0.1421298497554482,181,4.54,68.5,2024-06-19T03:16:00+00:00,559.81,490,2.0616016427104724,24,216.4583333333333,181.0,218.0,1.0,135.0,4.881481481481481,0.9555555555555556,0.0148148148148148,2022-02-15 14:00:44+00:00,2026-01-14 01:12:57+00:00,30.0,1428.0,2.8739495798319323,False,0.0194282241083639,1.0,1.0,1.7119945007591926,5.198497031265826,1.354274549885119,4.912654885736052,1.126542441674827,1.18529188743633,0.0193410662097524,15.733294764246391,15.733294764246391,181.0,218.0,1,7.552593373581466
1612691018,THE WEEKEND SHOW,0.7930535455861071,-0.7583212735166426,L,multi,3.0,93.0,-0.4292020267407347,-0.8928318192648871,0.0344277657834175,0.6315996700022899,194,1.01,70.1,2022-02-13T18:00:00+00:00,272.35,233,4.407939767282683,1,194.0,194.0,194.0,0.0416666666666666,53.0,4.69811320754717,0.8867924528301887,0.0377358490566037,2022-03-09 15:52:19+00:00,2026-09-02 18:53:17+00:00,28.0,1638.0,0.9836385836385836,False,0.0246087670759121,0.0,0.0,0.6981347220709844,5.267858159063328,0.6849328267637841,3.9889840465642745,-0.2733055453245755,-0.3292640376277839,0.0172736430222814,,24.2377784205959,194.0,194.0,0,
1614844654,Week In Review,0.2863534675615212,0.1387024608501118,R,solo,1.0,58.0,-0.6461582678822717,-0.4909595236931261,-0.8013570120714173,-0.1830632783079602,224,0.95,48.2,2022-02-14T16:00:00+00:00,174.3,217,4.405201916495551,1,224.0,224.0,224.0,0.0416666666666666,,,,,,,,,,,0.0056857170865601,1.0,1.0,0.6678293725756554,5.41164605185504,,,-0.8510071719021455,-0.782802020813113,0.0036419393131599,,11.481052936071773,224.0,224.0,0,
1617887885,The President's Daily Brief,0.2046263345195729,0.1903914590747331,R,solo,1.0,27.5,-0.0356940589538586,1.052727172245025,-1.1241152901527427,-0.5319479927990952,7,8.1,20.7,2022-04-06T04:00:00+00:00,621.61,1806,4.265571526351814,24,10.833333333333334,7.0,11.0,1.0,100.0,3.91,0.64,0.19,2025-05-20 20:50:33+00:00,2026-09-19 17:18:45+00:00,25.0,486.0,6.255144032921811,False,0.046029784743448,1.0,1.0,2.2082744135228043,1.9459101490553128,1.9817107390573216,4.61512051684126,0.1926823857769404,-0.0504412031066303,0.0457460206570122,1.70089673126989,1.70089673126989,7.0,11.0,1,0.8164965809277259
1623855270,The Foreign Affairs Interview,0.1341176470588235,-0.068235294117647,L,solo,1.0,70.0,-1.2199361152650563,-1.5191402113296943,-0.9207320192004184,-0.7795373006934369,98,0.81,52.3,2024-02-29T15:39:00+00:00,87.17,100,2.3655030800821355,24,82.66666666666667,82.0,82.0,1.0,50.0,3.92,0.68,0.18,2023-10-21 21:28:08+00:00,2026-09-18 18:02:07+00:00,37.0,1062.0,1.431261770244821,False,0.0,0.0,1.0,0.5933268452777344,4.584967478670572,0.8884103696047037,3.9318256327243257,-1.3096208384080588,-1.2643186627354204,0.0002691784466747,-6.80358692507958,-6.80358692507958,98.0,82.0,1,3.265986323710904
1633301179,Countdown with Keith Olbermann,0.6915167095115681,-0.5526992287917738,L,solo,1.0,71.0,0.1397810635215115,1.430135026445056,-1.1505728994020328,0.9815276246755998,244,3.61,48.1,2022-07-20T21:18:02+00:00,573.72,716,3.978097193702943,24,182.66666666666663,180.0,180.0,1.0,,,,,,,,,,,0.0092665967943965,0.0,1.0,1.5282278570085572,5.497168225293202,,,0.0088935691077972,0.1026194903180267,0.0096836889722286,-27.214347700318264,-27.214347700318264,244.0,180.0,1,13.063945294843615
1634341981,Antiwar News With Dave DeCamp,0.3707025411061285,-0.2840059790732436,L,solo,1.0,39.0,-2.071241861381641,-1.4784964491700634,-2.6639872735932184,-0.3746452455039166,186,4.78,30.0,2022-07-13T03:00:00+00:00,499.38,998,3.997262149212868,24,201.3333333333333,186.0,202.0,1.0,29.0,4.827586206896552,0.9310344827586208,0.0344827586206896,2022-08-06 15:58:33+00:00,2026-04-10 12:16:31+00:00,29.0,1342.0,0.656929955290611,False,0.0217442773298775,0.0,1.0,1.7544036826842861,5.225746673713202,0.5049664655476873,3.4011973816621555,-2.292157055920917,-2.3626689605684144,0.0153946411320763,6.80358692507954,6.80358692507954,186.0,202.0,1,3.265986323710904
1635418897,The Chris Cuomo Project,0.523109243697479,-0.1701680672268907,L,solo,1.0,49.0,1.7604080954061514,1.1342223040324273,2.386593886779876,0.1884550277302222,96,2.15,43.0,2022-07-21T15:30:00+00:00,319.44,446,3.975359342915811,24,81.625,81.0,81.0,1.0,150.0,3.9466666666666654,0.6533333333333333,0.1866666666666666,2022-10-21 15:04:54+00:00,2026-09-18 00:56:28+00:00,35.0,1427.0,3.1955150665732304,False,0.025773666780861,0.0,1.0,1.1474024528375417,4.564348191467836,1.4340161134485157,5.017279836814924,1.6404280532245523,1.6328830515921295,0.0253267935728652,-6.378362742262084,-6.378362742262084,96.0,81.0,1,3.0618621784789726
1635446643,The Coffee Klatch with Robert Reich,0.7314685314685314,-0.7146853146853147,L,solo,1.0,31.0,0.0009237630826321,-0.2023306350113471,0.2041781611766114,0.0575418071670381,126,1.85,18.1,2021-09-26T13:08:42+00:00,139.36,463,4.791238877481177,24,229.5,126.0,234.0,1.0,22.0,4.5,0.8636363636363636,0.0909090909090909,2023-08-20 19:24:21+00:00,2026-09-21 03:32:33+00:00,26.5,1127.0,0.5934338952972493,False,0.0,0.0,1.0,1.0473189942805592,4.836281906951478,0.4658913700469319,3.1354942159291497,-0.1977074066725788,-0.1097084929424161,0.0019835324319851,45.92421174428688,45.92421174428688,126.0,234.0,1,22.045407685048602
1636762428,Dad Saves America,0.5765472312703583,0.4397394136807817,R,solo,1.0,141.5,0.1903058648568282,-0.9793531886642816,1.359964918377938,-0.5342911052613416,136,1.05,94.1,2022-07-27T19:50:29+00:00,338.65,216,3.9589322381930185,24,197.3333333333333,136.0,200.0,1.0,12.0,3.25,0.5,0.4166666666666667,2022-09-12 20:24:02+00:00,2026-07-10 00:54:28+00:00,30.0,1396.0,0.2613180515759312,False,0.0013658809932406,1.0,1.0,0.7178397931503169,4.912654885736052,0.2321572468899341,2.5649493574615367,0.3162965747300275,0.4075076324807969,0.0012667048088032,27.21434770031818,27.21434770031818,136.0,200.0,1,13.063945294843615
1640311112,The Necessary Conversation,0.6097560975609756,-0.0522648083623693,L,multi,4.0,77.5,1.8538849288907784,1.5954451573077806,2.112324700473776,1.9224775247281147,13,1.06,58.3,2022-08-17T08:00:00+00:00,209.95,216,3.901437371663244,24,35.041666666666664,13.0,36.0,1.0,100.0,3.93,0.55,0.14,2025-05-27 20:50:56+00:00,2026-09-19 21:46:03+00:00,51.0,480.0,6.333333333333333,False,0.0,0.0,0.0,0.7227059828014898,2.5649493574615367,1.992430164690206,4.61512051684126,1.6394093615405825,1.820580731745744,0.0004497773205734,9.780156204801848,9.780156204801848,13.0,36.0,1,4.694855340334424
1645614328,Fast Politics with Molly Jong-Fast,0.6192893401015228,-0.5651438240270727,L,solo,1.0,77.0,0.5837199063316942,0.557016378291976,0.6104234343714123,0.0456784370142415,12,3.47,48.4,2022-09-16T21:44:01+00:00,558.13,692,3.819301848049281,24,23.5,12.0,24.0,1.0,250.0,4.356,0.728,0.068,2022-09-30 12:46:12+00:00,2026-09-21 15:51:53+00:00,25.0,1452.0,5.234159779614324,False,0.043638467988615,0.0,1.0,1.4973884086254774,2.4849066497880004,1.8300438113686863,5.525452939131784,0.4382626084902492,0.2235091020157865,0.0440995628428248,5.102690193809659,5.102690193809659,12.0,24.0,1,2.449489742783178
1647025876,Wendy Bell Radio Podcast,0.7358490566037735,0.6226415094339622,R,solo,1.0,44.0,0.8105220417131465,0.8194791478438586,0.8015649355824344,1.511464601571334,118,14.72,37.9,2026-01-09T21:30:01+00:00,244.68,387,0.5037645448323066,24,88.29166666666667,87.0,87.0,1.0,83.0,4.771084337349397,0.9156626506024096,0.036144578313253,2022-09-27 13:36:58+00:00,2026-09-04 17:57:20+00:00,36.0,1438.0,1.7546592489568846,False,0.0,1.0,1.0,2.7549337870010606,4.770684624465665,1.0132937503661557,4.430816798843313,0.8385643465145036,0.9873521187309156,0.0014240927811814,-13.181949667341614,-13.181949667341614,118.0,87.0,1,6.327848502189877
1647085571,The Next Level,0.4671163575042159,-0.3086003372681282,L,multi,3.0,72.0,-0.0711562325446492,-0.2434200973770534,0.1011076322877549,0.2335114513695705,15,1.88,46.6,2022-09-26T14:37:48+00:00,288.64,372,3.79192334017796,24,15.0,15.0,15.0,1.0,150.0,4.34,0.7533333333333333,0.1,2024-10-17 13:30:27+00:00,2026-09-18 01:08:21+00:00,32.0,700.0,6.514285714285713,False,0.0304522225210791,0.0,0.0,1.0577902941478545,2.70805020110221,2.0168059706883508,5.017279836814924,-0.1508514632913015,-0.2386073792124319,0.0319097533522697,8.988932283773134e-16,8.988932283773134e-16,15.0,15.0,1,0.0
1648125917,Stay Free with Russell Brand,0.551487414187643,0.2906178489702517,R,solo,1.0,85.0,1.5504306219917643,1.6637784033313872,1.437082840652142,0.5786795833886667,193,3.26,57.7,2022-10-03T21:15:32+00:00,615.61,641,3.772758384668036,1,193.0,193.0,193.0,0.0416666666666666,114.0,3.789473684210526,0.6403508771929824,0.2543859649122807,2022-10-14 23:27:29+00:00,2026-08-18 20:19:16+00:00,28.0,1403.0,2.4701354240912328,False,0.0118083670715249,1.0,1.0,1.449269160281279,5.262690188904886,1.2441936203128587,4.74493212836325,1.5128314163055552,1.6005425892584058,0.0143884716579066,,24.6630026034134,193.0,193.0,0,
1654162813,The Kyle Seraphin Show,0.7095435684647303,0.5103734439834025,R,solo,1.0,117.0,0.710463917990676,0.2665455907985067,1.1543822451828452,0.3946980613056364,190,0.29,81.8,1970-01-01T00:33:45+00:00,1165.99,855,56.52566735112936,24,135.375,133.0,133.0,1.0,250.0,4.736,0.92,0.048,2023-08-01 16:03:26+00:00,2026-09-11 18:32:49+00:00,37.5,1137.0,6.684256816182937,False,0.0248530460660616,1.0,1.0,0.2546422183735807,5.247024072160486,2.0391736665475584,5.525452939131784,0.8593852819462597,0.8866791568648056,0.0223447968164187,-24.237778420595898,-24.237778420595898,190.0,133.0,1,11.635076278220096
1660317917,Defending Democracy with Marc Elias,0.740983606557377,-0.6918032786885245,L,multi,2.0,50.0,0.0159987799282853,-0.6779099692941091,0.7099075291506798,-0.2275610645582332,125,1.33,37.9,2022-12-16T22:00:00+00:00,156.51,248,3.57015742642026,24,153.75,125.0,155.0,1.0,,,,,,,,,,,0.0008722981207106,0.0,0.0,0.8458682675776092,4.8283137373023015,,,0.2304155593357172,0.3048054602311056,0.0058402019600566,12.75672548452413,12.75672548452413,125.0,155.0,1,6.123724356957945
1669610956,System Update with Glenn Greenwald,0.5786516853932584,0.0056179775280898,R,solo,1.0,109.0,-1.064210812948966,-0.9398723580058111,-1.1885492678921208,0.3722710270960614,115,3.28,77.3,2023-02-02T23:41:37+00:00,756.53,588,3.4387405886379194,24,184.9583333333333,115.0,188.0,1.0,100.0,4.32,0.77,0.11,2024-03-26 01:37:34+00:00,2026-08-27 17:14:06+00:00,27.0,884.0,3.438914027149321,False,0.0065807592514748,1.0,1.0,1.4539530095937054,4.74493212836325,1.49040975804761,4.61512051684126,-0.8101744464732149,-0.8646275877306064,0.016145551808494,31.041365345675423,31.041365345675423,115.0,188.0,1,14.901062601931
1671451793,Maiden Mother Matriarch with Louise Perry,0.5100401606425703,0.1164658634538152,R,solo,1.0,74.5,-0.1034867028841043,-1.0072848223571509,0.8003114165889421,-0.7430684906572941,178,1.52,46.9,2023-02-12T20:29:43+00:00,211.0,270,3.4113620807665983,24,194.29166666666663,178.0,195.0,1.0,36.0,4.194444444444445,0.6666666666666666,0.0833333333333333,2023-02-13 15:05:21+00:00,2026-08-12 14:47:37+00:00,30.0,1275.0,0.8583529411764705,False,0.016426174259052,1.0,1.0,0.924258901523332,5.181783550292085,0.6196905799281321,3.610917912644224,-0.1158608321308802,-0.1727951838245406,0.0152266541365961,7.228811107897059,7.228811107897059,178.0,195.0,1,3.4701104689428357
1674095262,The Wright Report,0.5448275862068965,0.5264367816091954,R,solo,1.0,43.0,-0.3208273276721516,0.7593203593021375,-1.4009750146464408,0.0092417409743469,33,4.88,29.3,2023-02-24T04:23:24+00:00,419.75,861,3.378507871321013,24,33.958333333333336,33.0,34.0,1.0,50.0,4.24,0.78,0.14,2025-03-26 21:32:13+00:00,2026-09-18 01:57:36+00:00,30.0,540.0,2.8148148148148144,False,0.0549273021001615,1.0,1.0,1.7715567619105355,3.49650756146648,1.3388921222253063,3.9318256327243257,-0.2045196160679918,-0.6382710421576963,0.0548039579374512,0.4252241828174731,0.4252241828174731,33.0,34.0,1,0.2041241452319315
1679657705,Main Justice,0.2113207547169811,-0.1584905660377358,L,multi,2.0,74.5,-0.3316218403365766,0.0355903344604282,-0.6988340151335816,-0.9624345875001592,69,1.36,48.3,2023-03-28T21:39:35+00:00,186.68,232,3.290896646132785,24,23.95833333333333,22.0,22.0,1.0,500.0,4.582,0.83,0.066,2023-07-31 04:42:53+00:00,2026-09-19 15:39:45+00:00,35.0,1146.0,13.263525305410122,True,0.0074344810399966,0.0,0.0,0.8586616190375187,4.23410650459726,2.65770560080139,6.2166061010848646,-0.5268927746379526,-0.5148667236822212,0.0103766557433333,-19.985536592421166,-19.985536592421166,69.0,22.0,1,9.593834825900782
1681586867,The Warning with Steve Schmidt,0.7888888888888889,-0.5888888888888889,L,solo,1.0,16.5,0.7327819249389373,0.8754861738131009,0.5900776760647739,1.3799076196745477,67,5.88,19.9,2023-05-25T00:20:31+00:00,318.97,963,3.132101300479124,24,64.125,64.0,64.0,1.0,50.0,3.78,0.56,0.16,2025-02-15 18:41:10+00:00,2026-09-10 03:56:28+00:00,27.5,571.0,2.6619964973730297,False,0.0409972299168975,0.0,1.0,1.9286186519452522,4.204692619390966,1.2980084897726234,3.9318256327243257,0.4139487573824059,0.3913028456167077,0.039038056121605,-1.275672548452421,-1.275672548452421,67.0,64.0,1,0.6123724356957945
1692806415,The Briefing with Jen Psaki,0.6340996168582376,-0.5996168582375478,L,solo,1.0,65.0,0.0113619219654013,0.3643953049845797,-0.3416714610537771,-0.0069391783932564,25,2.54,42.2,2023-06-15T17:07:27+00:00,286.84,408,3.07460643394935,24,14.458333333333334,14.0,14.0,1.0,99.0,3.686868686868687,0.5757575757575758,0.2525252525252525,2023-06-25 19:21:04+00:00,2026-09-19 18:46:12+00:00,25.0,1181.0,2.5483488569009314,False,0.0118189806678383,0.0,1.0,1.264126727145683,3.218875824868201,1.2664823845576454,4.605170185988092,-0.0820293177384139,-0.1120051466815167,0.0181652129330908,-4.677466010992189,-4.677466010992189,25.0,14.0,1,2.2453655975512463
1695205478,What Really Matters with Walter Russell Mead,0.2116630669546436,0.0993520518358531,R,solo,1.0,39.0,-0.3382470883465276,-0.4481407390668537,-0.2283534376262014,-0.2761315005921859,131,0.86,36.3,2023-07-01T02:13:27+00:00,82.28,136,3.030800821355236,1,131.0,131.0,131.0,0.0416666666666666,86.0,4.732558139534884,0.9069767441860463,0.0348837209302325,2023-07-07 00:27:44+00:00,2026-09-21 05:03:41+00:00,28.0,1172.0,2.230716723549488,False,0.0079902951880307,1.0,1.0,0.6205764877251099,4.875197323201151,1.1727040084550804,4.465908118654584,-0.4936245768684769,-0.4466595053790513,0.0054764512595837,,51.026901938096636,131.0,131.0,0,
1696974077,The Source with Kaitlan Collins,0.3051948051948052,-0.08008658008658,L,solo,1.0,66.0,-0.2809064349827687,-0.2064481305401773,-0.35536473942536,-0.4201117059992703,113,4.63,46.0,2023-07-11T09:37:23+00:00,556.07,726,3.003422313483916,24,63.16666666666666,61.0,61.0,1.0,19.0,3.842105263157895,0.5789473684210527,0.2105263157894736,2023-08-04 22:03:44+00:00,2026-09-09 16:50:37+00:00,25.0,1131.0,0.5106984969053934,False,0.0039969398429327,0.0,1.0,1.728109442151599,4.727387818712341,0.4125721246013977,2.995732273553991,-0.3683468760750369,-0.3865099674091791,0.0130411564499393,-22.11165750650855,-22.11165750650855,113.0,61.0,1,10.614455552060438
1702202187,Perino on Politics,0.3542976939203354,0.320754716981132,R,solo,1.0,41.0,0.1583746436033407,0.2876969901920793,0.0290522970146021,-0.6880076291348747,160,1.07,29.9,2023-08-11T00:56:49+00:00,81.18,163,2.91854893908282,24,132.20833333333334,131.0,131.0,1.0,45.0,4.222222222222222,0.7333333333333333,0.1111111111111111,2023-08-14 22:45:20+00:00,2026-09-09 15:50:46+00:00,29.0,1121.0,1.220338983050847,False,0.0059568937506769,1.0,1.0,0.7275486072772778,5.075173815233827,0.797659879295432,3.828641396489095,0.1891739595852039,0.2826945771672388,0.0079233248064848,-12.331501301706693,-12.331501301706693,160.0,131.0,1,5.9196002117260145
1709994511,UNGOVERNED,0.68,0.6,R,solo,1.0,69.5,2.5761637311670924,3.2305406979659543,1.921786764368231,0.8559502489548186,149,4.86,61.2,2026-02-19T16:14:02+00:00,102.05,100,0.3915126625598905,24,135.58333333333334,135.0,135.0,1.0,14.0,4.714285714285714,0.9285714285714286,0.0714285714285714,2023-10-04 15:25:37+00:00,2026-08-03 15:39:28+00:00,20.5,1034.0,0.411605415860735,False,0.0729431721798134,1.0,1.0,1.7681496035889213,5.003946305945459,0.3447276494939181,2.70805020110221,2.6600329194831582,2.5343630995538886,0.0741458118719658,-5.953138559444627,-5.953138559444627,149.0,135.0,1,2.8577380332470415
1714009198,Mea Culpa,0.5813492063492064,-0.4384920634920635,L,solo,1.0,94.0,0.8867782676670604,0.5774358841615391,1.1961206511725817,0.8176448129992018,237,0.9,71.2,2020-09-14T23:02:00+00:00,323.86,273,5.823408624229979,24,148.83333333333334,145.0,145.0,1.0,,,,,,,,,,,0.0334346062711692,0.0,1.0,0.6418538861723948,5.468060141135132,,,1.1644279750488098,0.7080310733704029,0.0674000113533867,-39.12062481920741,-39.12062481920741,237.0,145.0,1,18.779421361337697
1714879044,The Tony Kinnett Cast,0.744578313253012,0.6289156626506024,R,solo,1.0,81.0,-0.2706187992916076,-0.196553108091986,-0.3446844904912293,0.610649982497128,139,4.4,62.2,2023-11-03T02:33:05+00:00,640.82,618,2.6885694729637235,24,103.54166666666669,102.0,102.0,1.0,50.0,4.96,0.98,0.0,2026-01-16 01:55:19+00:00,2026-09-17 18:32:45+00:00,28.5,244.0,6.229508196721311,False,0.0021622363701885,1.0,1.0,1.6863989535702286,4.934473933130692,1.978171011273535,3.9318256327243257,-0.2879707269650099,-0.1926802240860352,0.0040542502667826,-15.73329476424647,-15.73329476424647,139.0,102.0,1,7.552593373581465
1715894000,Trump's Terms,0.1794871794871795,-0.1608391608391608,L,solo,1.0,10.0,-0.3637901528612474,0.5091506909912129,-1.2367309967137077,-0.7128418829930602,123,3.31,7.0,2023-11-08T21:57:23+00:00,53.94,462,2.674880219028063,24,67.41666666666667,65.0,65.0,1.0,,,,,,,,,,,0.0295160253466801,0.0,1.0,1.4609379041156565,4.812184355372417,,,-0.5558067000087822,-0.5269658868664139,0.0166787138917891,-24.663002603413368,-24.663002603413368,123.0,65.0,1,11.839200423452029
1721813926,Bad Hasbara - The World's Most Moral Podcast,0.5476190476190477,-0.4788359788359788,L,multi,2.0,122.0,0.9051384534617716,0.2707990213415078,1.5394778855820352,0.9149849721389952,176,1.51,81.1,2023-12-17T19:35:27+00:00,273.04,202,2.568104038329911,24,154.91666666666666,154.0,154.0,1.0,336.0,4.824404761904762,0.9464285714285714,0.0357142857142857,2023-12-18 16:30:46+00:00,2026-09-17 11:58:47+00:00,22.0,1003.0,10.183848454636092,False,0.0177841162926561,0.0,0.0,0.9202827531436926,5.170483995038151,2.414470635206168,5.820082930352362,0.7093081319354888,0.7743547598925811,0.0108575280757449,-9.35493202198442,-9.35493202198442,176.0,154.0,1,4.4907311951024935
1721969693,Politix,0.4278959810874704,-0.3380614657210402,L,multi,2.0,48.0,-0.7482808808672733,-1.3646060685231869,-0.1319556932113598,0.0165192943271825,249,1.01,38.8,2023-12-18T20:36:18+00:00,86.69,134,2.565366187542779,24,143.58333333333334,139.0,139.0,1.0,,,,,,,,,,,0.0,0.0,0.0,0.6981347220709844,5.517452896464707,,,-0.7846915621921473,-0.7223986819973686,0.000322181804163,-46.77466010992191,-46.77466010992191,249.0,139.0,1,22.45365597551247
1722246285,The Breakdown,0.7225,-0.5975,L,multi,2.0,47.0,0.3033651238981469,0.2117737357297683,0.3949565120665255,1.1632379936451405,127,8.27,48.1,2024-03-19T18:59:32+00:00,802.28,1000,2.3134839151266258,24,181.625,127.0,184.0,1.0,14.0,4.214285714285714,0.7142857142857143,0.0714285714285714,2024-10-18 14:16:20+00:00,2026-09-15 17:00:20+00:00,31.0,697.0,0.6106169296987086,False,0.0160766269133251,0.0,0.0,2.2267833795777636,4.844187086458591,0.4766172917475749,2.70805020110221,0.4770508974489064,0.3815476226454491,0.0236868690865256,24.237778420595923,24.237778420595923,127.0,184.0,1,11.635076278220096
1725387804,The Illegal News with Sarah Longwell,0.467005076142132,-0.3857868020304568,L,solo,1.0,69.0,0.0775672286180233,-0.2360200239746714,0.3911544812107181,0.0004390169112187,52,0.92,50.0,2024-01-08T22:36:00+00:00,100.03,120,2.507871321013005,24,121.0,52.0,124.0,1.0,300.0,4.46,0.7666666666666667,0.0666666666666666,2024-02-02 18:25:45+00:00,2026-09-10 20:49:05+00:00,28.0,951.0,9.589905362776024,False,0.0312131485849056,0.0,1.0,0.6523251860396903,3.951243718581428,2.3599012231027543,5.707110264748875,0.1661777981588894,0.0262588421302685,0.0372121620515514,30.61614116285799,30.61614116285799,52.0,124.0,1,14.696938456699069
1725442221,Hawk Podcasts,0.6167979002624672,-0.5380577427821522,L,solo,1.0,47.0,-1.0822781068890113,-0.5904969809717593,-1.5740592328062633,0.5034359530549669,175,1.47,31.7,2024-01-12T00:43:29+00:00,101.44,192,2.4969199178644765,24,190.3333333333333,175.0,191.0,1.0,29.0,4.655172413793103,0.8620689655172413,0.0689655172413793,2024-01-13 18:43:42+00:00,2026-05-16 02:53:08+00:00,21.0,853.0,1.0335287221570926,False,0.0,0.0,1.0,0.9042181506398859,5.1647859739235145,0.7097725707586763,3.4011973816621555,-1.0533082879236866,-0.9688200123560796,0.0020290592602741,6.80358692507952,6.80358692507952,175.0,191.0,1,3.265986323710904
1728152109,THE DAILY BLAST with Greg Sargent,0.6578313253012048,-0.6240963855421687,L,solo,1.0,30.0,-0.5139886486979455,-0.1080778547257712,-0.9198994426701198,0.1520126688765805,78,4.58,24.6,2024-01-30T07:33:16+00:00,240.38,586,2.4476386036960984,24,25.291666666666668,23.0,23.0,1.0,66.0,3.924242424242424,0.6666666666666666,0.1969696969696969,2024-01-30 20:19:43+00:00,2026-09-21 19:09:23+00:00,35.0,964.0,2.081327800829876,False,0.0143156227012957,0.0,1.0,1.7191887763932197,4.356708826689592,1.1253606082523246,4.204692619390966,-0.5018290600555826,-0.5884557392971574,0.0338481301388757,-23.38733005496095,-23.38733005496095,78.0,23.0,1,11.226827987756232
1728340033,Mission Implausible,0.229965156794425,-0.1393728222996515,L,multi,2.0,62.0,0.4106350684979595,0.5414337230773928,0.2798364139185261,-0.2804622125951066,135,0.97,35.4,2024-01-31T06:05:00+00:00,73.06,124,2.4449007529089664,24,236.5833333333333,135.0,241.0,1.0,,,,,,,,,,,0.0180692167577413,0.0,0.0,0.6780335427498971,4.90527477843843,,,0.4413828651997442,0.4204564930287215,0.0240836608182421,45.073763378652025,45.073763378652025,135.0,241.0,1,21.637159394584742
1730358737,Letters from an American,0.5446623093681917,-0.4923747276688453,L,solo,1.0,13.0,-2.899011977605744,-2.076317902795262,-3.721706052416224,0.0240966742704434,5,3.63,11.7,2022-03-05T02:17:00+00:00,160.08,824,4.353182751540041,24,7.875,5.0,8.0,1.0,50.0,4.78,0.88,0.02,2025-12-20 15:59:59+00:00,2026-09-17 14:40:40+00:00,27.5,270.0,5.629629629629629,False,0.0,0.0,1.0,1.5325568680981427,1.6094379124341005,1.8915489398364256,3.9318256327243257,-2.749691343471277,-2.727199849855758,0.0,1.2756725484524143,1.2756725484524143,5.0,8.0,1,0.6123724356957945
1743030473,The Rest Is Politics: US,0.3669467787114845,-0.1820728291316526,L,multi,2.0,59.0,0.2454267729173065,0.5805820840891096,-0.0897285382544965,0.0754423748844201,39,1.94,41.7,2024-04-24T01:00:00+00:00,156.25,225,2.21492128678987,24,29.416666666666668,29.0,29.0,1.0,,,,,,,,,,,0.0270146337573268,0.0,0.0,1.0784095813505903,3.6635616461296463,,,0.3515854823550391,0.4122477295566313,0.0183988077496274,-4.252241828174711,-4.252241828174711,39.0,29.0,1,2.041241452319315
1750591415,Candace,0.5493562231759657,0.3261802575107296,R,solo,1.0,76.5,0.4641282332563787,0.1395400026860001,0.7887164638267574,0.3863935521977653,6,3.67,58.5,2024-06-08T05:00:00+00:00,391.92,402,2.0917180013689256,24,3.125,3.0,3.0,1.0,150.0,3.16,0.5333333333333333,0.4466666666666666,2026-04-30 21:45:22+00:00,2026-09-18 02:22:34+00:00,28.0,140.0,32.57142857142857,False,0.0245050893644305,1.0,1.0,1.541159071680806,1.791759469228055,3.513675365088845,5.017279836814924,0.4748333555320134,0.4062717351140993,0.0274441563585288,-1.275672548452416,-1.275672548452416,6.0,3.0,1,0.6123724356957945
1751785203,Brad vs Everyone,0.7446043165467626,0.2266187050359712,R,solo,1.0,48.0,0.9107375738693068,1.0266715051386373,0.7948036425999764,0.6447890163442294,225,4.54,30.8,2024-05-29T20:54:00+00:00,256.84,501,2.1190965092402463,1,225.0,225.0,225.0,0.0416666666666666,,,,,,,,,,,0.0324951320114738,1.0,1.0,1.7119945007591926,5.41610040220442,,,1.0788796649723529,1.1610992768006745,0.0172131814369191,,11.055828753254247,225.0,225.0,0,
1767877239,No Gods No Mayors,0.1706349206349206,-0.115079365079365,L,multi,3.0,14.0,-0.403240209376709,-0.3681491347146455,-0.4383312840387725,0.5875352764378973,205,1.03,43.1,2024-09-11T17:38:20+00:00,70.42,98,1.831622176591376,24,133.125,130.0,130.0,1.0,16.0,5.0,1.0,0.0,2024-09-12 17:23:33+00:00,2026-06-25 18:31:49+00:00,19.0,651.0,0.7471582181259601,False,0.0087880377754459,0.0,0.0,0.708035793053696,5.3230099791384085,0.5579905926641301,2.833213344056216,-0.7190592765868807,-0.6558919565461794,0.0056406805229089,-31.891813711310377,-31.891813711310377,205.0,130.0,1,15.309310892394864
1774505095,Raging Moderates with Scott Galloway and Jessica Tarlov,0.5045317220543807,-0.2507552870090634,L,multi,2.0,57.5,0.024143245602498,-0.1792916163868985,0.2275781075918947,0.0465214122648799,20,2.12,44.7,2024-09-10T15:00:00+00:00,151.37,203,1.834360027378508,24,13.291666666666666,13.0,13.0,1.0,,,,,,,,,,,0.0104332449160035,0.0,0.0,1.1378330018213911,2.995732273553991,,,0.178293872194844,0.2703764530231163,0.0075968606213396,-2.9765692797223045,-2.9765692797223045,20.0,13.0,1,1.4288690166235207
1785081636,The Mary Trump Podcast,0.8298611111111112,-0.6284722222222222,L,solo,1.0,21.0,-0.0129494506668628,1.3973934779093762,-1.4232923792431018,1.5121434480967963,151,9.09,18.6,2024-12-13T00:43:15+00:00,231.97,749,1.5770020533880904,24,149.08333333333334,149.0,149.0,1.0,102.0,4.8431372549019605,0.9509803921568628,0.0294117647058823,2025-01-01 04:41:45+00:00,2026-09-05 00:33:26+00:00,29.5,611.0,5.074959083469722,False,0.0119444218737303,0.0,1.0,2.3115448343655176,5.017279836814924,1.8041752539726088,4.634728988229636,-0.0106722332587686,0.0891910718622246,0.0107952406384338,-0.8504483656349353,-0.8504483656349353,151.0,149.0,1,0.408248290463863
1788891712,It's A Numbers Game with Ryan Girdusky,0.4026548672566372,0.2699115044247787,R,solo,1.0,61.0,0.2088882425139498,0.2078049513716275,0.2099715336562723,-0.5321672270339467,189,2.29,37.5,2025-01-06T11:00:47+00:00,113.16,181,1.51129363449692,24,245.54166666666663,189.0,248.0,1.0,,,,,,,,,,,0.0301938333672372,1.0,1.0,1.1908875647772805,5.241747015059643,,,0.2108069694474914,0.1423151024079764,0.0273901936496266,25.088226786230866,25.088226786230866,189.0,248.0,1,12.04332456868396
1790957194,The 47 Morning Update with Ben Ferguson,0.7648970747562297,0.7280606717226435,R,solo,1.0,50.0,1.2475769292183878,1.908228609951725,0.5869252484850508,0.3479957543998158,83,3.99,29.8,2020-01-19T22:45:00+00:00,670.56,1348,6.477754962354552,24,80.125,80.0,80.0,1.0,,,,,,,,,,,0.0309698264311581,1.0,1.0,1.6074359097634274,4.418840607796598,,,1.1742037134601828,1.1918217351611815,0.0299750373970482,-1.275672548452421,-1.275672548452421,83.0,80.0,1,0.6123724356957945
1795032531,The Jim Acosta Show,0.7159090909090909,-0.5795454545454546,L,solo,1.0,73.5,0.1644355983387607,-0.242865018772838,0.5717362154503595,0.6344489904578204,30,3.44,52.8,2025-01-28T20:53:00+00:00,229.84,261,1.4510609171800135,24,49.16666666666666,30.0,50.0,1.0,121.0,4.454545454545454,0.8347107438016529,0.1157024793388429,2025-02-07 21:51:19+00:00,2026-09-18 13:59:46+00:00,24.0,587.0,6.266439522998296,False,0.0,0.0,1.0,1.4906543764441333,3.4011973816621555,1.983266422335396,4.804021044733257,0.2679504848185705,0.3789070562021742,0.0015318857513599,8.504483656349436,8.504483656349436,30.0,50.0,1,4.08248290463863
1798460240,10 Minute Drill,0.7896678966789668,0.7527675276752768,R,solo,1.0,19.0,-1.3614209505684662,-0.6099327020541,-2.1129091990828326,0.608190046780281,137,2.78,12.8,2025-02-25T19:00:00+00:00,42.78,200,1.374401095140315,24,104.41666666666669,103.0,103.0,1.0,23.0,4.826086956521739,0.9565217391304348,0.0434782608695652,2025-02-26 15:02:02+00:00,2026-09-17 14:03:52+00:00,23.0,567.0,1.2331569664902997,False,0.0,1.0,1.0,1.3297240096314962,4.919980925828125,0.803416264382274,3.1780538303479458,-1.2127145976968978,-1.1225727736012665,0.0010355817858256,-14.457622215794041,-14.457622215794041,137.0,103.0,1,6.940220937885672
1800671132,Destiny,0.5192307692307693,-0.1346153846153846,L,solo,1.0,114.0,0.742260140917591,0.357710198593331,1.1268100832418508,1.131908359557688,231,7.24,86.6,2025-03-07T09:35:21+00:00,737.4,511,1.3470225872689938,24,223.3333333333333,223.0,223.0,1.0,,,,,,,,,,,0.0046544304909106,0.0,1.0,2.1090003439213802,5.442417710521793,,,0.5168730141749353,0.6373864083080952,0.0009427368626367,-3.4017934625397848,-3.4017934625397848,231.0,223.0,1,1.6329931618554518
1805186512,Going Rogue with Lara Logan,0.6526315789473685,0.5473684210526316,R,multi,2.0,113.0,0.4426257656090466,-0.5409649652097225,1.4262164964278157,0.3719752354770602,104,1.22,88.6,2025-02-20T09:28:00+00:00,130.02,88,1.3880903490759753,24,117.41666666666669,104.0,118.0,1.0,22.0,4.2727272727272725,0.7727272727272727,0.1363636363636363,2025-04-16 06:14:29+00:00,2026-09-21 23:22:31+00:00,33.0,523.0,1.2787762906309752,False,0.0179263154918426,1.0,0.0,0.7975071958841881,4.6443908991413725,0.8236385842479557,3.1354942159291497,0.555033751742438,0.5627689001757906,0.0107451508300113,5.953138559444598,5.953138559444598,104.0,118.0,1,2.857738033247041
1809246826,The Keith Edwards Show,0.684,-0.428,L,solo,1.0,12.5,0.00078221280963,0.7159643702462621,-0.714399944627002,1.1006136833181417,213,10.87,10.6,2025-03-17T17:14:51+00:00,132.98,750,1.319644079397673,24,236.9583333333333,213.0,238.0,1.0,,,,,,,,,,,0.0038629393724935,0.0,1.0,2.4740142086215764,5.3612921657094255,,,0.3917183405283113,0.4812805739738572,0.0102380445201831,10.630604570436821,10.630604570436821,213.0,238.0,1,5.103103630798288
1810218232,Next Up with Mark Halperin,0.3668341708542713,0.1557788944723618,R,solo,1.0,102.5,0.3275839399115757,0.1571477122560334,0.498020167567118,-0.6408676217651035,53,1.93,69.0,2025-04-23T12:22:02+00:00,141.55,123,1.218343600273785,24,58.75,53.0,59.0,1.0,100.0,3.57,0.5,0.25,2025-06-19 20:27:32+00:00,2026-09-10 15:27:01+00:00,33.0,447.0,6.800894854586129,False,0.0037685060565275,1.0,1.0,1.0750024230289759,3.970291913552122,2.054238452062082,4.61512051684126,0.4630051035581505,0.4290943135259581,0.0168692563980522,2.5513450969048277,2.5513450969048277,53.0,59.0,1,1.224744871391589
1818418128,Pod Force One,0.6473429951690821,0.6376811594202898,R,solo,1.0,50.0,0.0664039345716737,-0.4199883221463705,0.552796191289718,0.2465966712981896,61,1.89,37.1,2025-05-28T11:00:00+00:00,68.71,111,1.1225188227241616,24,102.20833333333331,61.0,104.0,1.0,50.0,4.2,0.74,0.16,2025-10-05 04:00:53+00:00,2026-09-15 03:41:52+00:00,21.5,344.0,4.418604651162791,False,0.0086203935845038,1.0,1.0,1.0612565021243408,4.110873864173311,1.6898383378721382,3.9318256327243257,0.0637102939168468,0.1239250481547033,0.0063645984593044,18.28463986115129,18.28463986115129,61.0,104.0,1,8.777338244973055
1818658022,"Life, Liberty & Levin Podcast",0.7035398230088495,0.6858407079646017,R,solo,1.0,49.0,-0.6566246418273448,-0.1483083040847332,-1.1649409795699563,0.7846195403024763,185,1.95,46.9,2025-06-02T11:45:20+00:00,88.35,113,1.108829568788501,1,185.0,185.0,185.0,0.0416666666666666,,,,,,,,,,,0.0,1.0,1.0,1.0818051703517284,5.220355825078324,,,-0.473692658420216,-0.3576182455828357,0.0013791472929308,,28.064796065953146,185.0,185.0,0,
1820648828,The Joy Reid Show,0.7548076923076923,-0.6971153846153846,L,solo,1.0,171.5,0.8416896094993465,0.899943254351233,0.78343596464746,0.6013841216067964,109,3.1,103.8,2025-06-06T14:00:00+00:00,308.07,178,1.0978781656399723,24,105.16666666666669,105.0,105.0,1.0,50.0,4.02,0.7,0.2,2025-08-15 10:14:15+00:00,2026-09-20 16:36:35+00:00,24.5,401.0,3.790523690773068,False,0.0037654653039268,0.0,1.0,1.410986973710262,4.691347882229144,1.5666397354619874,3.9318256327243257,0.925030611224051,0.976664007053648,0.0190042100008926,-1.700896731269885,-1.700896731269885,109.0,105.0,1,0.8164965809277259
1822142909,Glenn Diesen - Greater Eurasia Podcast,0.3135313531353135,-0.0099009900990099,L,solo,1.0,49.5,-1.2204969326485906,-1.425948787668609,-1.015045077628572,0.4719962564659305,100,9.5,45.9,2024-11-17T05:46:28+00:00,627.89,820,1.648186173853525,24,106.70833333333331,100.0,107.0,1.0,,,,,,,,,,,0.0,0.0,1.0,2.3513752571634776,4.605170185988092,,,-1.2475752114161571,-1.1904150103651707,0.0,2.9765692797223173,2.9765692797223173,100.0,107.0,1,1.4288690166235207
1839861250,The Moment with Jorge Ramos and Paola Ramos,0.4806201550387597,-0.3875968992248062,L,multi,2.0,82.0,1.2401646145604073,0.856207254473678,1.6241219746471367,-0.8563476956525645,238,1.02,46.5,2025-09-15T07:00:24+00:00,33.33,43,0.8213552361396304,24,229.375,229.0,229.0,1.0,,,,,,,,,,,0.0101317528332866,0.0,0.0,0.7030975114131134,5.472270673671475,,,0.9635038017179662,1.0975411148683027,0.0083119075612518,-3.827017645357267,-3.827017645357267,238.0,229.0,1,1.8371173070873836
1843478428,Owen Report,0.632,0.216,R,solo,1.0,215.0,1.1845450305135452,0.9910650300202278,1.3780250310068625,1.0133039677714824,156,4.27,187.9,2025-10-01T22:54:05+00:00,544.92,174,0.7775496235455168,24,133.0,132.0,132.0,1.0,13.0,4.6923076923076925,0.9230769230769232,0.0769230769230769,2025-10-07 20:55:42+00:00,2026-08-18 21:03:51+00:00,23.0,315.0,1.2546031746031745,False,0.0087002246761317,1.0,1.0,1.6620303625532709,5.049856007249537,0.8129739816833544,2.639057329615259,1.427089952357385,1.5290780836752624,0.0161562263500244,-10.205380387619362,-10.205380387619362,156.0,132.0,1,4.898979485566356
1868807558,Batya!,0.5797872340425532,0.3031914893617021,R,solo,1.0,56.0,-0.231080140388015,-0.5102120402374499,0.0480517594614199,0.1599451434878183,211,1.21,39.0,2025-09-21T07:00:00+00:00,33.12,51,0.8049281314168378,1,211.0,211.0,211.0,0.0416666666666666,,,,,,,,,,,0.0053110163353987,1.0,1.0,0.7929925155296614,5.351858133476067,,,-0.0649462463787785,0.0347381136095311,0.0022891333493358,,17.00896731269891,211.0,211.0,0,
1869456664,What's The Plan? with Leah Greenberg and Ezra Levin,0.8189655172413793,-0.75,L,multi,2.0,98.0,-0.3511921706598458,-0.2320244714794656,-0.470359869840226,-0.1806497990500498,222,1.04,62.0,2026-01-16T06:23:03+00:00,26.86,26,0.4845995893223819,1,222.0,222.0,222.0,0.0416666666666666,,,,,,,,,,,0.0,0.0,0.0,0.712949807856125,5.402677381872279,,,-0.0731927517435991,0.0578405045619139,0.0,,12.331501301706679,222.0,222.0,0,
1871628261,The Harry Sisson Show,0.7443946188340808,-0.7085201793721974,L,solo,1.0,14.0,0.3692845941909182,1.7606731540160037,-1.0221039656341673,0.9504704311848514,188,0.23,10.5,1970-01-01T00:33:45+00:00,119.13,683,56.52566735112936,1,188.0,188.0,188.0,0.0416666666666666,,,,,,,,,,,0.0047620702839862,0.0,1.0,0.20701416938432615,5.236441962829949,,,0.1011327683503349,0.236943045462871,0.0035446561027162,,26.78912351750076,188.0,188.0,0,
1873028393,Politics Chat,0.6576576576576577,-0.6576576576576577,L,solo,1.0,62.0,-1.0030834577610606,-1.4503472432069855,-0.5558196723151354,-0.1699202425944568,68,2.07,47.4,2026-01-28T04:02:05+00:00,37.89,48,0.4517453798767967,24,58.41666666666666,58.0,58.0,1.0,9.0,5.0,1.0,0.0,2026-02-14 14:07:46+00:00,2026-09-10 14:17:39+00:00,29.0,208.0,1.3153846153846154,False,0.0,0.0,1.0,1.1216775615991057,4.219507705176107,0.8395758142932933,2.302585092994046,-1.055971715502896,-0.9980088066095484,0.0,-4.252241828174703,-4.252241828174703,68.0,58.0,1,2.041241452319315
1874174561,Hope For America with Heather Delaney Reese,0.8305084745762712,-0.7627118644067796,L,solo,1.0,27.0,-2.267108451844448,-1.3332119556994857,-3.2010049479894103,1.3448290231118112,200,7.17,17.7,2026-02-03T04:00:00+00:00,48.28,164,0.4353182751540041,1,200.0,200.0,200.0,0.0416666666666666,2.0,5.0,1.0,0.0,2026-08-05 14:17:35+00:00,2026-08-09 14:03:03+00:00,12.5,3.0,20.266666666666666,False,0.0,0.0,1.0,2.1004689088719113,5.298317366548036,3.0571409016826343,1.0986122886681096,-2.148297652367338,-2.08574877958732,0.0,,21.686433323691084,200.0,200.0,0,
1876034889,Breaking News from Pod Save America,0.6171171171171171,-0.5,L,multi,4.0,30.5,-0.043605021168585,0.2548089014316537,-0.3420189437688238,0.6107168578090735,35,4.03,22.6,2025-05-18T01:30:00+00:00,90.95,241,1.1498973305954825,24,47.458333333333336,35.0,48.0,1.0,,,,,,,,,,,0.0273199289124298,0.0,0.0,1.6154199841116479,3.555348061489413,,,-0.178430560033624,-0.1253344992980182,0.0216447392265593,5.527914376627134,5.527914376627134,35.0,48.0,1,2.6536138880151094
1877144831,Paul Krugman Podcast,0.5929203539823009,-0.504424778761062,L,solo,1.0,42.0,-0.8333822029784128,-1.1299994477501554,-0.5367649582066703,-0.0888797123481196,147,1.02,24.2,2025-01-26T13:51:22+00:00,31.02,77,1.456536618754278,24,231.3333333333333,147.0,235.0,1.0,,,,,,,,,,,0.0,0.0,1.0,0.7030975114131134,4.990432586778736,,,-0.8672265125107028,-0.8076663912257263,0.0,37.41972808793751,37.41972808793751,147.0,235.0,1,17.96292478040997
1880163995,The Kyle Kulinski Show,0.7882165605095541,-0.5907643312101911,L,solo,1.0,121.5,0.6337556786607235,1.298726886479236,-0.031215529157789,1.9096469232024187,195,4.11,82.0,2022-08-17T18:00:00+00:00,1143.49,837,3.901437371663244,24,104.91666666666669,101.0,101.0,1.0,,,,,,,,,,,0.0015185496682553,0.0,1.0,1.631199404215613,5.272999558563747,,,0.7349977867864993,0.9150887172092672,0.0001844772704771,-39.97107318484235,-39.97107318484235,195.0,101.0,1,19.18766965180156
1886801652,Sidebar with Katie Phang,0.696078431372549,-0.6176470588235294,L,solo,1.0,33.5,0.1178832519369171,0.6821189796768478,-0.4463524758030134,0.2464088267315049,86,8.03,24.2,2026-03-21T02:18:00+00:00,53.27,132,0.3093771389459274,1,86.0,86.0,86.0,0.0416666666666666,50.0,4.92,0.96,0.0,2026-03-25 11:46:53+00:00,2026-09-16 22:58:03+00:00,17.5,175.0,8.685714285714285,False,0.0072962268084219,0.0,1.0,2.200552367428894,4.454347296253507,2.2706520458910364,3.9318256327243257,0.1665980447289015,0.313400315173567,0.0032165832737669,,70.16199016488284,86.0,86.0,0,
219258773,Brian Kilmeade Show,0.6339066339066339,0.538083538083538,R,solo,1.0,155.0,0.9099184813904804,1.217043539463304,0.602793423317657,-0.0420351809381913,63,7.92,83.3,2020-04-24T23:26:49+00:00,3570.85,2572,6.2149212867898695,24,69.70833333333333,63.0,70.0,1.0,181.0,3.325966850828729,0.4917127071823204,0.3480662983425414,2007-03-23 01:46:06+00:00,2026-08-15 01:18:09+00:00,26.0,7084.0,0.7767363071710897,False,0.0215474577045485,1.0,1.0,2.188295946591918,4.143134726391533,0.5747781460234893,5.204006687076795,1.0360713549406628,1.1020879543322963,0.0201734278139442,2.9765692797222885,2.9765692797222885,63.0,70.0,1,1.4288690166235207
268213039,The Political Scene | The New Yorker,0.3333333333333333,-0.3,L,multi,5.0,59.0,-0.1679584853851323,-0.6165621248578612,0.2806451540875965,-0.7408565364357097,17,2.59,40.7,2025-06-02T17:00:00+00:00,101.71,150,1.108829568788501,24,19.875,17.0,20.0,1.0,100.0,3.9,0.53,0.09,2025-05-04 01:29:22+00:00,2026-09-20 23:52:06+00:00,38.0,504.0,6.031746031746031,False,0.0468718567692617,0.0,0.0,1.2781522025001875,2.833213344056216,1.9504350436536029,4.61512051684126,0.1534071723622779,0.0429811723524127,0.035477421525444,1.2756725484524138,1.2756725484524138,17.0,20.0,1,0.6123724356957945
354628391,Renegade Talk Radio,0.7388535031847133,0.6645435244161358,R,,0.0,114.5,1.5715749357320243,1.5933255592199655,1.549824312244083,1.188579903659502,75,9.55,77.7,2009-12-01T02:53:47+00:00,10717.28,8275,16.61054072553046,24,93.20833333333331,75.0,94.0,1.0,,,,,,,,,,,0.0312192012841773,1.0,0.0,2.3561258599220753,4.31748811353631,,,1.1474620493126506,1.1214186382978992,0.0359454335357431,8.079259473531952,8.079259473531952,75.0,94.0,1,3.878358759406699
380996798,"The Bob Cesca Show | Politics Podcast, News & Commentary",0.705685618729097,-0.6343366778149386,L,solo,1.0,88.0,0.2009065580837936,0.5982903464497545,-0.1964772302821672,0.7189754294510594,162,2.95,67.1,2019-04-25T03:44:42+00:00,1239.48,1109,7.214236824093087,24,95.875,93.0,93.0,1.0,100.0,4.45,0.8,0.07,2020-07-22 07:56:42+00:00,2026-09-12 20:43:29+00:00,27.5,2243.0,1.355327686134641,False,0.0227235074651592,0.0,1.0,1.3737155789130306,5.087596335232384,0.8566798626441074,4.61512051684126,0.1404669726322287,0.0769220802067842,0.0223180390572047,-29.34046861440557,-29.34046861440557,162.0,93.0,1,14.084566021003274
402050558,The David Pakman Show,0.6583747927031509,-0.439469320066335,L,solo,1.0,76.0,0.2013852244994482,0.7585242144562331,-0.3557537654573366,0.4301520496898776,62,5.11,64.9,2022-09-13T01:30:00+00:00,1105.07,1022,3.8275154004106775,24,38.04166666666666,37.0,37.0,1.0,,,,,,,,,,,0.0448035861743541,0.0,1.0,1.809926773183504,4.127134385045092,,,-0.0273547491998978,-0.0890678063233902,0.0404291661835598,-10.630604570436795,-10.630604570436795,62.0,37.0,1,5.103103630798288
506779862,Lectures in History,0.1636546184738956,-0.0993975903614457,L,,0.0,79.0,-0.9111197637203804,-0.488824416589215,-1.3334151108515455,-1.1396624809257434,128,0.67,67.3,2014-08-28T11:00:00+00:00,466.93,416,11.871321013004792,24,243.9583333333333,128.0,249.0,1.0,61.0,3.5245901639344264,0.4262295081967213,0.1967213114754098,2012-03-15 22:08:06+00:00,2026-08-17 12:05:36+00:00,35.0,5267.0,0.3520789823428896,False,0.0066706302021403,0.0,0.0,0.5128236264286637,4.852030263919617,0.3016433948071251,4.127134385045092,-1.1185574143482673,-1.074155279307135,0.0061899532507505,51.45212612091412,51.45212612091412,128.0,249.0,1,24.699021573063714
545045867,Scott Horton Show - Just the Interviews,0.4053691275167785,-0.0939597315436241,L,solo,1.0,50.0,-0.2426097932885597,-0.4308343119061326,-0.0543852746709868,0.0975858285807669,182,2.63,43.8,2021-08-31T09:45:41+00:00,485.92,666,4.862422997946612,24,92.875,89.0,89.0,1.0,105.0,4.580952380952381,0.8666666666666667,0.0761904761904762,2012-08-18 20:36:29+00:00,2026-05-06 04:55:33+00:00,21.0,5008.0,0.6373801916932907,False,0.028582986364623,0.0,1.0,1.2892326482767593,5.204006687076795,0.49309752047241,4.663439094112067,-0.1991049687945873,-0.2044402605954179,0.0180818792364585,-39.54584900202491,-39.54584900202491,182.0,89.0,1,18.98354550656963
597919007,The Young Turks,0.7287480680061824,-0.5587326120556414,L,multi,2.0,78.0,0.3640186681279964,1.0402977541943357,-0.3122604179383425,0.8310810932794404,55,4.83,65.8,2017-11-10T09:51:00+00:00,2395.71,2186,8.668035592060233,24,46.375,46.0,46.0,1.0,50.0,3.44,0.5,0.22,2025-10-29 06:19:34+00:00,2026-09-17 19:43:59+00:00,28.5,323.0,4.705882352941177,False,0.0158904362794082,0.0,0.0,1.763017000362401,4.007333185232471,1.7414976344471669,3.9318256327243257,0.3911235658887215,0.476632310132243,0.0146124955799989,-3.82701764535724,-3.82701764535724,55.0,46.0,1,1.8371173070873836
682478916,War on the Rocks,0.0671859785783836,-0.0282375851996105,L,solo,1.0,54.0,-1.0556261208133204,-1.2668154908388434,-0.8444367507877975,-1.1201389087491984,167,0.5,39.3,2013-07-08T11:00:09+00:00,220.76,337,13.010266940451745,24,66.375,62.0,62.0,1.0,50.0,3.44,0.5,0.28,2021-05-15 13:13:38+00:00,2026-08-07 17:25:41+00:00,37.5,1910.0,0.7958115183246073,False,0.0047157835944045,0.0,1.0,0.4054651081081644,5.117993812416755,0.58545701911931,3.9318256327243257,-1.0170731973639726,-0.9517094611223922,0.002498051379302,-44.64853919583454,-44.64853919583454,167.0,62.0,1,21.43303524935281
702998658,Week In Review,0.3658051689860835,-0.1789264413518886,L,solo,1.0,75.5,-0.2988640041444813,-0.5819481626988352,-0.0157798455901274,-0.8582440454890574,215,1.03,48.3,2022-09-23T20:41:55+00:00,163.32,203,3.800136892539357,1,215.0,215.0,215.0,0.0416666666666666,,,,,,,,,,,0.0,0.0,1.0,0.708035793053696,5.3706380281276624,,,-0.1976443743913568,-0.0930566060126986,0.0008504984792717,,15.308070581428995,215.0,215.0,0,
716825890,The Tom Woods Show,0.6111111111111112,0.4427609427609427,R,solo,1.0,64.5,0.2637894708003278,-0.264096321829851,0.7916752634305066,-0.155451039489835,108,3.15,43.3,2021-12-18T04:00:00+00:00,540.82,750,4.563997262149213,24,95.54166666666669,95.0,95.0,1.0,,,,,,,,,,,0.0214074951323792,1.0,1.0,1.423108334242607,4.68213122712422,,,0.3322780160904536,0.2941692158510954,0.0185329127988958,-5.527914376627159,-5.527914376627159,108.0,95.0,1,2.653613888015109
73329719,KQED's Forum,0.4035087719298245,-0.3333333333333333,L,multi,2.0,71.0,0.2253810135117938,-0.0156726113806299,0.4664346384042176,-1.2039109357420978,150,10.74,50.2,2020-06-04T16:00:00+00:00,2864.78,3421,6.102669404517454,24,114.54166666666669,113.0,113.0,1.0,64.0,3.546875,0.5,0.234375,2005-12-10 22:45:47+00:00,2026-06-30 06:40:52+00:00,46.0,7506.0,0.2592059685584865,False,0.0011939728251784,0.0,0.0,2.4630018143999504,5.010635294096256,0.2304813386304467,4.174387269895637,0.3864136673167782,0.5091535160037249,0.0022987588980769,-15.733294764246457,-15.733294764246457,150.0,113.0,1,7.552593373581465
73330715,On the Media,0.3523908523908524,-0.2858627858627858,L,multi,2.0,43.0,-1.107768784263042,-1.100877786839345,-1.1146597816867396,-0.5108605575113097,23,2.39,42.1,2011-05-05T14:55:10+00:00,1328.35,1892,15.186858316221766,24,32.583333333333336,23.0,33.0,1.0,50.0,3.94,0.64,0.18,2025-06-29 20:51:04+00:00,2026-09-06 17:37:44+00:00,33.0,433.0,3.510392609699769,False,0.0051587817474856,0.0,0.0,1.220829921392359,3.1354942159291497,1.506384202874189,3.9318256327243257,-1.271987025661872,-1.237143613933838,0.0032384812508143,4.252241828174709,4.252241828174709,23.0,33.0,1,2.041241452319315
73331636,The Brian Lehrer Show,0.3294117647058823,-0.2901960784313726,L,solo,1.0,33.0,-0.4933564817121726,-0.9386988183916316,-0.0480141450327136,-0.8834585447572744,99,19.8,30.2,2024-08-06T15:33:54+00:00,1007.28,2000,1.930184804928132,24,77.91666666666667,77.0,77.0,1.0,110.0,4.2,0.7272727272727273,0.1363636363636363,2006-04-07 19:24:45+00:00,2026-07-13 17:05:33+00:00,35.0,7401.0,0.4518308336711255,False,0.0,0.0,1.0,3.0349529867072724,4.59511985013459,0.3728254038791444,4.709530201312334,-0.6448689282323271,-0.5705043599406043,0.0004851814085062,-9.354932021984398,-9.354932021984398,99.0,77.0,1,4.490731195102493
75462585,NBC Nightly News with Tom Llamas,0.3036144578313253,-0.2698795180722891,L,solo,1.0,28.0,-0.0048081203632272,0.5582596863230719,-0.5678759270495264,-1.1127077414172897,32,2.17,19.5,2018-02-04T17:32:54+00:00,311.0,957,8.432580424366872,24,42.54166666666666,32.0,43.0,1.0,,,,,,,,,,,0.0164972244745213,0.0,1.0,1.1537315878891892,3.4657359027997265,,,0.3010394071488924,0.3290039062007585,0.0175917643550994,4.677466010992189,4.677466010992189,32.0,43.0,1,2.2453655975512463
78911087,Face the Nation with Margaret Brennan,0.3664,-0.08,L,solo,1.0,69.0,-0.4333667977391184,-0.4011112577263668,-0.4656223377518699,-0.5829520068140034,54,1.14,44.5,2018-01-14T18:00:00+00:00,374.74,505,8.490075290896646,24,191.04166666666663,54.0,197.0,1.0,200.0,2.635,0.27,0.4,2008-07-06 20:11:54+00:00,2026-06-03 02:17:57+00:00,33.5,6540.0,0.929663608562691,False,0.0077587374097119,0.0,1.0,0.76080582903376,3.9889840465642745,0.6573456916439597,5.303304908059076,-0.4898622817705489,-0.4878717974847457,0.0093538176019887,60.807058142898455,60.807058142898455,54.0,197.0,1,29.1897527681662
791564318,Jacobin Radio,0.5553691275167785,-0.5201342281879194,L,multi,3.0,77.0,-1.3153646122447022,-1.4449393690927872,-1.185789855396617,-0.6484898799804922,155,3.81,69.3,2017-02-01T04:12:01+00:00,2165.49,1876,9.440109514031484,24,134.875,134.0,134.0,1.0,148.0,4.22972972972973,0.7567567567567568,0.1418918918918918,2014-01-06 19:27:36+00:00,2026-04-09 04:44:21+00:00,24.0,4475.0,1.0054078212290505,False,0.0137777750861489,0.0,0.0,1.5706970841176697,5.043425116919247,0.6958474421843801,5.003946305945459,-1.4434943339286783,-1.421456445450752,0.0115811787889363,-8.929707839166923,-8.929707839166923,155.0,134.0,1,4.286607049870562
91959525,This Week with George Stephanopoulos,0.3926940639269406,0.0273972602739726,R,solo,1.0,71.5,0.0417199295135629,0.6248866425868779,-0.5414467835597521,-0.1456453547336637,42,1.09,49.6,2025-06-22T22:29:00+00:00,49.64,60,1.054072553045859,24,148.375,42.0,153.0,1.0,300.0,2.21,0.1366666666666666,0.5133333333333333,2008-04-28 00:00:25+00:00,2026-09-07 00:26:03+00:00,35.0,6706.0,1.3599761407694602,False,0.0706122026173129,1.0,1.0,0.7371640659767197,3.737669618283368,0.8586515091429648,5.707110264748875,-0.424995094760428,-0.675975974150856,0.0508556748021381,47.19988429273934,47.19988429273934,42.0,153.0,1,22.6577801207444
925428680,Conversations with Bill Kristol,0.2648026315789473,-0.0838815789473684,L,solo,1.0,95.0,-0.7864551002653724,-1.3329833116056238,-0.2399268889251209,-0.6396041641683432,142,0.51,72.2,2014-06-30T18:50:11+00:00,387.34,322,12.032854209445585,1,142.0,142.0,142.0,0.0416666666666666,,,,,,,,,,,0.0,0.0,1.0,0.412109650826833,4.955827057601261,,,-0.834081832556755,-0.7705225987787957,0.0002009218511744,,46.34943592710445,142.0,142.0,0,
929121341,Louder with Crowder,0.671583087512291,0.551622418879056,R,solo,1.0,101.0,2.181627514771918,2.42094495690581,1.9423100726380256,1.1193206591188962,58,2.03,75.9,2014-11-21T00:00:00+00:00,1557.74,1232,11.641341546885696,24,19.666666666666668,18.0,18.0,1.0,250.0,4.028,0.704,0.192,2023-08-22 23:04:53+00:00,2026-09-12 11:02:48+00:00,19.0,1116.0,6.810035842293907,False,0.0157907391564479,1.0,1.0,1.1085626195212777,4.060443010546419,2.0554095531232544,5.525452939131784,2.070526277176184,2.2227835429851885,0.0177536213687962,-17.008967312698868,-17.008967312698868,58.0,18.0,1,8.164965809277259
956270301,Rational Security,0.2129471890971039,-0.1788756388415673,L,solo,1.0,102.0,-0.744113537730978,-0.6723116788739352,-0.8159153965880208,-0.5439187564902226,207,0.95,60.2,2015-01-07T18:08:16+00:00,571.65,570,11.509924709103354,1,207.0,207.0,207.0,0.0416666666666666,,,,,,,,,,,0.0081060637645251,0.0,1.0,0.6678293725756554,5.332718793265369,,,-0.8418314356848118,-0.8732043587315328,0.011443560171995,,18.709864043968764,207.0,207.0,0,
969924303,The Skepticrat,0.6650294695481336,-0.611984282907662,L,multi,3.0,59.0,0.3423950832310464,1.192726329827975,-0.5079361633658825,1.5340903058820878,97,0.46,42.8,2015-02-02T13:00:00+00:00,194.56,273,11.43874058863792,1,97.0,97.0,97.0,0.0416666666666666,228.0,4.600877192982456,0.8728070175438597,0.0789473684210526,2015-02-24 22:56:12+00:00,2026-05-04 19:58:40+00:00,23.5,4086.0,1.6963289280469898,False,0.0276824671882372,0.0,0.0,0.3784364357202451,4.574710978503383,0.9918911915600872,5.43372200355424,0.1056071784232838,0.1393638467994615,0.0272132487905314,,65.48452415389066,97.0,97.0,0,
983782306,Federalist Radio Hour,0.6060606060606061,0.4915824915824915,R,solo,1.0,59.0,-0.173811952371977,-0.8364868003411527,0.4888628955971986,-0.2242225265411392,168,4.29,47.2,2022-01-25T17:38:06+00:00,786.6,1000,4.459958932238193,24,99.95833333333331,97.0,97.0,1.0,150.0,3.8333333333333335,0.5866666666666667,0.1466666666666666,2021-04-16 02:35:03+00:00,2026-09-11 09:35:37+00:00,32.0,1974.0,2.3100303951367778,False,0.0219975012547118,1.0,1.0,1.665818245870208,5.123963979403259,1.1969573721675886,5.017279836814924,-0.2702512447819941,-0.4585709538276825,0.0241332186193401,-30.190916980040498,-30.190916980040498,168.0,97.0,1,14.492814311467138
