guest_key,display_name,n_candidates,reason
cohen|brian|brian tyler,Brian Tyler Cohen,138,"name too common in DIME donor pool (n=138 same-name individuals, no recipient/candidate match) -- not search-tractable"
richardson|heather|heather cox,Heather Cox Richardson,47,"name too common in DIME donor pool (n=47 same-name individuals, no recipient/candidate match) -- not search-tractable"
bennett|roger|roger,Roger Bennett,106,"name too common in DIME donor pool (n=106 same-name individuals, no recipient/candidate match) -- not search-tractable"
sommer|william|will,Will Sommer,26,"name too common in DIME donor pool (n=26 same-name individuals, no recipient/candidate match) -- not search-tractable"
thompson|alexander|alex,Alex Thompson,118,"name too common in DIME donor pool (n=118 same-name individuals, no recipient/candidate match) -- not search-tractable"
rice|susan|susan,Susan Rice,219,"name too common in DIME donor pool (n=219 same-name individuals, no recipient/candidate match) -- not search-tractable"
perez|marie|marie gluesenkamp,Marie Gluesenkamp Perez,59,"name too common in DIME donor pool (n=59 same-name individuals, no recipient/candidate match) -- not search-tractable"
craig|joyce|joyce,Joyce Craig,39,"name too common in DIME donor pool (n=39 same-name individuals, no recipient/candidate match) -- not search-tractable"
anderson|kristen|kristen soltis,Kristen Soltis Anderson,122,"name too common in DIME donor pool (n=122 same-name individuals, no recipient/candidate match) -- not search-tractable"
sanders|samuel|sam,Sam Sanders,73,"name too common in DIME donor pool (n=73 same-name individuals, no recipient/candidate match) -- not search-tractable"
fisher|max|max,Max Fisher,32,"name too common in DIME donor pool (n=32 same-name individuals, no recipient/candidate match) -- not search-tractable"
weigel|david|dave,Dave Weigel,27,"name too common in DIME donor pool (n=27 same-name individuals, no recipient/candidate match) -- not search-tractable"
wachter|robert|bob,Dr. Bob Wachter,27,"name too common in DIME donor pool (n=27 same-name individuals, no recipient/candidate match) -- not search-tractable"
king|martin|martin luther,Martin Luther King III,99,"name too common in DIME donor pool (n=99 same-name individuals, no recipient/candidate match) -- not search-tractable"
wasserman|david|david,David Wasserman,74,"name too common in DIME donor pool (n=74 same-name individuals, no recipient/candidate match) -- not search-tractable"
montgomery|renee|renee,Renee Montgomery,25,"name too common in DIME donor pool (n=25 same-name individuals, no recipient/candidate match) -- not search-tractable"
stewart|jonathan|jon,Jon Stewart,152,"name too common in DIME donor pool (n=152 same-name individuals, no recipient/candidate match) -- not search-tractable"
nguyen|amanda|amanda,Amanda Nguyen,30,"name too common in DIME donor pool (n=30 same-name individuals, no recipient/candidate match) -- not search-tractable"
davidson|adam|adam,Adam Davidson,25,"name too common in DIME donor pool (n=25 same-name individuals, no recipient/candidate match) -- not search-tractable"
porter|nicole|nicole,Nicole Porter,43,"name too common in DIME donor pool (n=43 same-name individuals, no recipient/candidate match) -- not search-tractable"
brennan|margaret|margaret,Margaret Brennan,140,"name too common in DIME donor pool (n=140 same-name individuals, no recipient/candidate match) -- not search-tractable"
mason|jeff|jeff,Jeff Mason,66,"name too common in DIME donor pool (n=66 same-name individuals, no recipient/candidate match) -- not search-tractable"
garcia|jonathan|johnny,Johnny Garcia,192,"name too common in DIME donor pool (n=192 same-name individuals, no recipient/candidate match) -- not search-tractable"
voss|christopher|chris,Chris Voss,22,"name too common in DIME donor pool (n=22 same-name individuals, no recipient/candidate match) -- not search-tractable"
gomez|anna|anna,Anna Gomez,31,"name too common in DIME donor pool (n=31 same-name individuals, no recipient/candidate match) -- not search-tractable"
shapiro|benjamin|ben,Ben Shapiro,51,"name too common in DIME donor pool (n=51 same-name individuals, no recipient/candidate match) -- not search-tractable"
conway|george|george,George Conway,42,"name too common in DIME donor pool (n=42 same-name individuals, no recipient/candidate match) -- not search-tractable"
campbell|andrew|andy,Andy Campbell,297,"name too common in DIME donor pool (n=297 same-name individuals, no recipient/candidate match) -- not search-tractable"
burns|kenneth|ken,Ken Burns,136,"name too common in DIME donor pool (n=136 same-name individuals, no recipient/candidate match) -- not search-tractable"
cortese|michael|mike,Mike Cortese,34,"name too common in DIME donor pool (n=34 same-name individuals, no recipient/candidate match) -- not search-tractable"
meagher|christopher|chris,Chris Meagher,28,"name too common in DIME donor pool (n=28 same-name individuals, no recipient/candidate match) -- not search-tractable"
linden|michael|michael,Michael Linden,31,"name too common in DIME donor pool (n=31 same-name individuals, no recipient/candidate match) -- not search-tractable"
romero|anthony|anthony,Anthony Romero,76,"name too common in DIME donor pool (n=76 same-name individuals, no recipient/candidate match) -- not search-tractable"
bolton|john|john,John Bolton,118,"name too common in DIME donor pool (n=118 same-name individuals, no recipient/candidate match) -- not search-tractable"
santos|george|george,George Santos,36,"name too common in DIME donor pool (n=36 same-name individuals, no recipient/candidate match) -- not search-tractable"
ramirez|cristina|cristina tzintzun,Cristina Tzintzún Ramirez,35,"name too common in DIME donor pool (n=35 same-name individuals, no recipient/candidate match) -- not search-tractable"
griffin|katherine|kathy,Kathy Griffin,238,"name too common in DIME donor pool (n=238 same-name individuals, no recipient/candidate match) -- not search-tractable"
pierson|steven|steve,Steve Pierson,36,"name too common in DIME donor pool (n=36 same-name individuals, no recipient/candidate match) -- not search-tractable"
hayden|michael|michael e,Michael E. Hayden,131,"name too common in DIME donor pool (n=131 same-name individuals, no recipient/candidate match) -- not search-tractable"
epstein|adam|adam,Adam Epstein,21,"name too common in DIME donor pool (n=21 same-name individuals, no recipient/candidate match) -- not search-tractable"
pfeiffer|daniel|dan,Dan Pfeiffer,31,"name too common in DIME donor pool (n=31 same-name individuals, no recipient/candidate match) -- not search-tractable"
arnold|thomas|tom,Tom Arnold,283,"name too common in DIME donor pool (n=283 same-name individuals, no recipient/candidate match) -- not search-tractable"
cooke|matthew|matthew,Matthew Cooke,31,"name too common in DIME donor pool (n=31 same-name individuals, no recipient/candidate match) -- not search-tractable"
wasserman|jacob|jacob,Jacob Wasserman,26,"name too common in DIME donor pool (n=26 same-name individuals, no recipient/candidate match) -- not search-tractable"
parker|benjamin|ben,Ben Parker,97,"name too common in DIME donor pool (n=97 same-name individuals, no recipient/candidate match) -- not search-tractable"
baer|h|h david,H. David Baer,38,"name too common in DIME donor pool (n=38 same-name individuals, no recipient/candidate match) -- not search-tractable"
condon|edward|ed,Ed Condon,28,"name too common in DIME donor pool (n=28 same-name individuals, no recipient/candidate match) -- not search-tractable"
swift|james|jim,Jim Swift,91,"name too common in DIME donor pool (n=91 same-name individuals, no recipient/candidate match) -- not search-tractable"
goldberg|jeffrey|jeffrey,Jeffrey Goldberg,85,"name too common in DIME donor pool (n=85 same-name individuals, no recipient/candidate match) -- not search-tractable"
galloway|scott|scott,Scott Galloway,31,"name too common in DIME donor pool (n=31 same-name individuals, no recipient/candidate match) -- not search-tractable"
shapiro|daniel|dan,Dan Shapiro,140,"name too common in DIME donor pool (n=140 same-name individuals, no recipient/candidate match) -- not search-tractable"
zimmer|thomas|thomas,Thomas Zimmer,42,"name too common in DIME donor pool (n=42 same-name individuals, no recipient/candidate match) -- not search-tractable"
hoover|margaret|margaret,Margaret Hoover,53,"name too common in DIME donor pool (n=53 same-name individuals, no recipient/candidate match) -- not search-tractable"
mccoy|elizabeth|elizabeth,Elizabeth McCoy,88,"name too common in DIME donor pool (n=88 same-name individuals, no recipient/candidate match) -- not search-tractable"
dillon|timothy|tim,Tim Dillon,70,"name too common in DIME donor pool (n=70 same-name individuals, no recipient/candidate match) -- not search-tractable"
robinson|tyler|tyler,Tyler Robinson,35,"name too common in DIME donor pool (n=35 same-name individuals, no recipient/candidate match) -- not search-tractable"
clark|alexander|alex,Alex Clark,161,"name too common in DIME donor pool (n=161 same-name individuals, no recipient/candidate match) -- not search-tractable"
carroll|ian|ian,Ian Carroll,25,"name too common in DIME donor pool (n=25 same-name individuals, no recipient/candidate match) -- not search-tractable"
mann|jessica|jessica,Jessica Mann,28,"name too common in DIME donor pool (n=28 same-name individuals, no recipient/candidate match) -- not search-tractable"
horton|scott|scott,Scott Horton,48,"name too common in DIME donor pool (n=48 same-name individuals, no recipient/candidate match) -- not search-tractable"
tate|andrew|andrew,Andrew Tate,43,"name too common in DIME donor pool (n=43 same-name individuals, no recipient/candidate match) -- not search-tractable"
jones|alexander|alex,Alex Jones,195,"name too common in DIME donor pool (n=195 same-name individuals, no recipient/candidate match) -- not search-tractable"
martin|wesley|wesley,Wesley Martin,64,"name too common in DIME donor pool (n=64 same-name individuals, no recipient/candidate match) -- not search-tractable"
smith|zack|zack,Zack Smith,52,"name too common in DIME donor pool (n=52 same-name individuals, no recipient/candidate match) -- not search-tractable"
hannah|john|john,John Hannah,77,"name too common in DIME donor pool (n=77 same-name individuals, no recipient/candidate match) -- not search-tractable"
homan|thomas|tom,Tom Homan,21,"name too common in DIME donor pool (n=21 same-name individuals, no recipient/candidate match) -- not search-tractable"
carter|brian|brian,Brian Carter,201,"name too common in DIME donor pool (n=201 same-name individuals, no recipient/candidate match) -- not search-tractable"
stein|jeff|jeff,Jeff Stein,32,"name too common in DIME donor pool (n=32 same-name individuals, no recipient/candidate match) -- not search-tractable"
white|dana|dana,Dana White,107,"name too common in DIME donor pool (n=107 same-name individuals, no recipient/candidate match) -- not search-tractable"
hilton|steven|steve,Steve Hilton,46,"name too common in DIME donor pool (n=46 same-name individuals, no recipient/candidate match) -- not search-tractable"
torres|julio|julio,Julio Torres,71,"name too common in DIME donor pool (n=71 same-name individuals, no recipient/candidate match) -- not search-tractable"
wright|robin|robin,Robin Wright,146,"name too common in DIME donor pool (n=146 same-name individuals, no recipient/candidate match) -- not search-tractable"
welch|jennifer|jennifer,Jennifer Welch,91,"name too common in DIME donor pool (n=91 same-name individuals, no recipient/candidate match) -- not search-tractable"
solomon|nancy|nancy,Nancy Solomon,80,"name too common in DIME donor pool (n=80 same-name individuals, no recipient/candidate match) -- not search-tractable"
chang|justin|justin,Justin Chang,30,"name too common in DIME donor pool (n=30 same-name individuals, no recipient/candidate match) -- not search-tractable"
gold|samuel|sam,Sam Gold,25,"name too common in DIME donor pool (n=25 same-name individuals, no recipient/candidate match) -- not search-tractable"
silverman|jennifer|jen,Jen Silverman,21,"name too common in DIME donor pool (n=21 same-name individuals, no recipient/candidate match) -- not search-tractable"
reed|erin|erin,Erin Reed,24,"name too common in DIME donor pool (n=24 same-name individuals, no recipient/candidate match) -- not search-tractable"
butler|judith|judith,Judith Butler,81,"name too common in DIME donor pool (n=81 same-name individuals, no recipient/candidate match) -- not search-tractable"
samuels|robert|robert,Robert Samuels,73,"name too common in DIME donor pool (n=73 same-name individuals, no recipient/candidate match) -- not search-tractable"
cooper|bradley|bradley,Bradley Cooper,37,"name too common in DIME donor pool (n=37 same-name individuals, no recipient/candidate match) -- not search-tractable"
halpern|susan|sue,Sue Halpern,25,"name too common in DIME donor pool (n=25 same-name individuals, no recipient/candidate match) -- not search-tractable"
hanks|thomas|tom,Tom Hanks,29,"name too common in DIME donor pool (n=29 same-name individuals, no recipient/candidate match) -- not search-tractable"
schulman|michael|michael,Michael Schulman,38,"name too common in DIME donor pool (n=38 same-name individuals, no recipient/candidate match) -- not search-tractable"
lewis|robin|robin coste,Robin Coste Lewis,119,"name too common in DIME donor pool (n=119 same-name individuals, no recipient/candidate match) -- not search-tractable"
rowe|jack|jack,Jack Rowe,25,"name too common in DIME donor pool (n=25 same-name individuals, no recipient/candidate match) -- not search-tractable"
smith|tracy|tracy k,Tracy K. Smith,411,"name too common in DIME donor pool (n=411 same-name individuals, no recipient/candidate match) -- not search-tractable"
knight|samuel|sam,Sam Knight,59,"name too common in DIME donor pool (n=59 same-name individuals, no recipient/candidate match) -- not search-tractable"
greer|andrew|andrew sean,Andrew Sean Greer,24,"name too common in DIME donor pool (n=24 same-name individuals, no recipient/candidate match) -- not search-tractable"
walter|barbara|barbara f,Barbara F. Walter,79,"name too common in DIME donor pool (n=79 same-name individuals, no recipient/candidate match) -- not search-tractable"
jenkins|barry|barry,Barry Jenkins,29,"name too common in DIME donor pool (n=29 same-name individuals, no recipient/candidate match) -- not search-tractable"
alexander|michelle|michelle,Michelle Alexander,95,"name too common in DIME donor pool (n=95 same-name individuals, no recipient/candidate match) -- not search-tractable"
smith|anna|anna deavere,Anna Deavere Smith,382,"name too common in DIME donor pool (n=382 same-name individuals, no recipient/candidate match) -- not search-tractable"
park|steven|steve,Steve Park,98,"name too common in DIME donor pool (n=98 same-name individuals, no recipient/candidate match) -- not search-tractable"
wilson|owen|owen,Owen Wilson,27,"name too common in DIME donor pool (n=27 same-name individuals, no recipient/candidate match) -- not search-tractable"
williams|aaron|aaron,Aaron Williams,172,"name too common in DIME donor pool (n=172 same-name individuals, no recipient/candidate match) -- not search-tractable"
chu|jonathan|jon m,Jon M. Chu,27,"name too common in DIME donor pool (n=27 same-name individuals, no recipient/candidate match) -- not search-tractable"
hopkins|anthony|anthony,Anthony Hopkins,28,"name too common in DIME donor pool (n=28 same-name individuals, no recipient/candidate match) -- not search-tractable"
evans|rodney|rodney,Rodney Evans,40,"name too common in DIME donor pool (n=40 same-name individuals, no recipient/candidate match) -- not search-tractable"
cortes|luis|luis,Luis Cortes,27,"name too common in DIME donor pool (n=27 same-name individuals, no recipient/candidate match) -- not search-tractable"
lane|anthony|anthony,Anthony Lane,41,"name too common in DIME donor pool (n=41 same-name individuals, no recipient/candidate match) -- not search-tractable"
butler|paul|paul,Paul Butler,195,"name too common in DIME donor pool (n=195 same-name individuals, no recipient/candidate match) -- not search-tractable"
roth|philip|philip,Philip Roth,27,"name too common in DIME donor pool (n=27 same-name individuals, no recipient/candidate match) -- not search-tractable"
anderson|carol|carol,Carol Anderson,711,"name too common in DIME donor pool (n=711 same-name individuals, no recipient/candidate match) -- not search-tractable"
katz|margaret|maggie robinson,Maggie Robinson Katz,34,"name too common in DIME donor pool (n=34 same-name individuals, no recipient/candidate match) -- not search-tractable"
robinson|terry|terry,Terry Robinson,142,"name too common in DIME donor pool (n=142 same-name individuals, no recipient/candidate match) -- not search-tractable"
lowe|nicholas|nick,Nick Lowe,22,"name too common in DIME donor pool (n=22 same-name individuals, no recipient/candidate match) -- not search-tractable"
schrader|paul|paul,Paul Schrader,25,"name too common in DIME donor pool (n=25 same-name individuals, no recipient/candidate match) -- not search-tractable"
sherman|wendy|wendy,Wendy Sherman,31,"name too common in DIME donor pool (n=31 same-name individuals, no recipient/candidate match) -- not search-tractable"
jordan|matthew|matt,Matt Jordan,128,"name too common in DIME donor pool (n=128 same-name individuals, no recipient/candidate match) -- not search-tractable"
steele|christopher|christopher,Christopher Steele,103,"name too common in DIME donor pool (n=103 same-name individuals, no recipient/candidate match) -- not search-tractable"
lawrence|jennifer|jennifer,Jennifer Lawrence,149,"name too common in DIME donor pool (n=149 same-name individuals, no recipient/candidate match) -- not search-tractable"
davidson|amelia|amy,Amy Davidson,68,"name too common in DIME donor pool (n=68 same-name individuals, no recipient/candidate match) -- not search-tractable"
schwartz|anthony|tony,Tony Schwartz,38,"name too common in DIME donor pool (n=38 same-name individuals, no recipient/candidate match) -- not search-tractable"
garza|alicia|alicia,Alicia Garza,26,"name too common in DIME donor pool (n=26 same-name individuals, no recipient/candidate match) -- not search-tractable"
david|larry|larry,Larry David,27,"name too common in DIME donor pool (n=27 same-name individuals, no recipient/candidate match) -- not search-tractable"
lopez|ashley|ashley,Ashley Lopez,35,"name too common in DIME donor pool (n=35 same-name individuals, no recipient/candidate match) -- not search-tractable"
fowler|stephen|stephen,Stephen Fowler,71,"name too common in DIME donor pool (n=71 same-name individuals, no recipient/candidate match) -- not search-tractable"
mcdaniel|eric|eric,Eric McDaniel,22,"name too common in DIME donor pool (n=22 same-name individuals, no recipient/candidate match) -- not search-tractable"
tobin|mary|mary,Mary Tobin,101,"name too common in DIME donor pool (n=101 same-name individuals, no recipient/candidate match) -- not search-tractable"
hinton|elizabeth|elizabeth,Elizabeth Hinton,25,"name too common in DIME donor pool (n=25 same-name individuals, no recipient/candidate match) -- not search-tractable"
rutherford|david|david,David Rutherford,52,"name too common in DIME donor pool (n=52 same-name individuals, no recipient/candidate match) -- not search-tractable"
hahn|christopher|chris,Chris Hahn,57,"name too common in DIME donor pool (n=57 same-name individuals, no recipient/candidate match) -- not search-tractable"
knowles|michael|michael,Michael Knowles,77,"name too common in DIME donor pool (n=77 same-name individuals, no recipient/candidate match) -- not search-tractable"
ford|martin|martin,Martin Ford,23,"name too common in DIME donor pool (n=23 same-name individuals, no recipient/candidate match) -- not search-tractable"
wilkins|elizabeth|elizabeth,Elizabeth Wilkins,47,"name too common in DIME donor pool (n=47 same-name individuals, no recipient/candidate match) -- not search-tractable"
ellis|justin|justin,Justin Ellis,31,"name too common in DIME donor pool (n=31 same-name individuals, no recipient/candidate match) -- not search-tractable"
cohen|josh|josh,Josh Cohen,66,"name too common in DIME donor pool (n=66 same-name individuals, no recipient/candidate match) -- not search-tractable"
wang|samuel|sam,Sam Wang,43,"name too common in DIME donor pool (n=43 same-name individuals, no recipient/candidate match) -- not search-tractable"
bresnahan|john|john,John Bresnahan,36,"name too common in DIME donor pool (n=36 same-name individuals, no recipient/candidate match) -- not search-tractable"
goodman|peter|peter s,Peter S. Goodman,74,"name too common in DIME donor pool (n=74 same-name individuals, no recipient/candidate match) -- not search-tractable"
duggan|michael|mike,Mike Duggan,102,"name too common in DIME donor pool (n=102 same-name individuals, no recipient/candidate match) -- not search-tractable"
weiner|daniel|dan,Dan Weiner,70,"name too common in DIME donor pool (n=70 same-name individuals, no recipient/candidate match) -- not search-tractable"
rose|megan|megan,Megan Rose,32,"name too common in DIME donor pool (n=32 same-name individuals, no recipient/candidate match) -- not search-tractable"
grant|rebecca|rebecca,Dr. Rebecca Grant,54,"name too common in DIME donor pool (n=54 same-name individuals, no recipient/candidate match) -- not search-tractable"
walton|anthony|anthony,Anthony Walton,28,"name too common in DIME donor pool (n=28 same-name individuals, no recipient/candidate match) -- not search-tractable"
stewart|katherine|katherine,Katherine Stewart,393,"name too common in DIME donor pool (n=393 same-name individuals, no recipient/candidate match) -- not search-tractable"
davis|julia|julia,Julia Davis,193,"name too common in DIME donor pool (n=193 same-name individuals, no recipient/candidate match) -- not search-tractable"
rubenstein|david|david,David Rubenstein,56,"name too common in DIME donor pool (n=56 same-name individuals, no recipient/candidate match) -- not search-tractable"
troy|david|dave,Dave Troy,25,"name too common in DIME donor pool (n=25 same-name individuals, no recipient/candidate match) -- not search-tractable"
eggers|david|dave,Dave Eggers,25,"name too common in DIME donor pool (n=25 same-name individuals, no recipient/candidate match) -- not search-tractable"
carlson|adam|adam,Adam Carlson,36,"name too common in DIME donor pool (n=36 same-name individuals, no recipient/candidate match) -- not search-tractable"
walker|melissa|melissa,Melissa Walker,170,"name too common in DIME donor pool (n=170 same-name individuals, no recipient/candidate match) -- not search-tractable"
levin|jonathan|jonathan,Jonathan Levin,74,"name too common in DIME donor pool (n=74 same-name individuals, no recipient/candidate match) -- not search-tractable"
wallis|james|jim,Jim Wallis,53,"name too common in DIME donor pool (n=53 same-name individuals, no recipient/candidate match) -- not search-tractable"
fuller|matthew|matt,Matt Fuller,88,"name too common in DIME donor pool (n=88 same-name individuals, no recipient/candidate match) -- not search-tractable"
corn|david|david,David Corn,23,"name too common in DIME donor pool (n=23 same-name individuals, no recipient/candidate match) -- not search-tractable"
winter|alexander|alex,Alex Winter,29,"name too common in DIME donor pool (n=29 same-name individuals, no recipient/candidate match) -- not search-tractable"
hogan|timothy|tim,Tim Hogan,157,"name too common in DIME donor pool (n=157 same-name individuals, no recipient/candidate match) -- not search-tractable"
kelly|kim|kim,Kim Kelly,126,"name too common in DIME donor pool (n=126 same-name individuals, no recipient/candidate match) -- not search-tractable"
wood|roy|roy,Roy Wood Jr.,58,"name too common in DIME donor pool (n=58 same-name individuals, no recipient/candidate match) -- not search-tractable"
shapiro|jeffrey|jeffrey scott,Jeffrey Scott Shapiro,63,"name too common in DIME donor pool (n=63 same-name individuals, no recipient/candidate match) -- not search-tractable"
sanchez|yvonne|yvonne wingett,Yvonne Wingett Sanchez,33,"name too common in DIME donor pool (n=33 same-name individuals, no recipient/candidate match) -- not search-tractable"
glaser|susan|susan,Susan Glaser,27,"name too common in DIME donor pool (n=27 same-name individuals, no recipient/candidate match) -- not search-tractable"
wu|katherine|katherine,Katherine Wu,46,"name too common in DIME donor pool (n=46 same-name individuals, no recipient/candidate match) -- not search-tractable"
harris|shane|shane,Shane Harris,21,"name too common in DIME donor pool (n=21 same-name individuals, no recipient/candidate match) -- not search-tractable"
allen|arthur|arthur,Arthur Allen,108,"name too common in DIME donor pool (n=108 same-name individuals, no recipient/candidate match) -- not search-tractable"
beck|julie|julie,Julie Beck,55,"name too common in DIME donor pool (n=55 same-name individuals, no recipient/candidate match) -- not search-tractable"
pickering|thomas|thomas,Thomas Pickering,25,"name too common in DIME donor pool (n=25 same-name individuals, no recipient/candidate match) -- not search-tractable"
rosen|rebecca|rebecca,Rebecca Rosen,35,"name too common in DIME donor pool (n=35 same-name individuals, no recipient/candidate match) -- not search-tractable"
metcalf|stephen|stephen,Stephen Metcalf,33,"name too common in DIME donor pool (n=33 same-name individuals, no recipient/candidate match) -- not search-tractable"
russell|anna|anna,Anna Russell,36,"name too common in DIME donor pool (n=36 same-name individuals, no recipient/candidate match) -- not search-tractable"
sanders|sarah|sarah huckabee,Sarah Huckabee Sanders,67,"name too common in DIME donor pool (n=67 same-name individuals, no recipient/candidate match) -- not search-tractable"
rubin|jennifer|jen,Jen Rubin,45,"name too common in DIME donor pool (n=45 same-name individuals, no recipient/candidate match) -- not search-tractable"
cain|william|will,Will Cain,129,"name too common in DIME donor pool (n=129 same-name individuals, no recipient/candidate match) -- not search-tractable"
walker|russ|russ,Russ Walker,25,"name too common in DIME donor pool (n=25 same-name individuals, no recipient/candidate match) -- not search-tractable"
roth|carol|carol,Carol Roth,57,"name too common in DIME donor pool (n=57 same-name individuals, no recipient/candidate match) -- not search-tractable"
schultz|thomas|tommy,Tommy Schultz,241,"name too common in DIME donor pool (n=241 same-name individuals, no recipient/candidate match) -- not search-tractable"
mclaughlin|kevin|kevin,Kevin McLaughlin,161,"name too common in DIME donor pool (n=161 same-name individuals, no recipient/candidate match) -- not search-tractable"
cruz|monica|monica de la,Monica De La Cruz,38,"name too common in DIME donor pool (n=38 same-name individuals, no recipient/candidate match) -- not search-tractable"
drucker|david|david,David Drucker,25,"name too common in DIME donor pool (n=25 same-name individuals, no recipient/candidate match) -- not search-tractable"
rubin|david|dave,Dave Rubin,214,"name too common in DIME donor pool (n=214 same-name individuals, no recipient/candidate match) -- not search-tractable"
brooks|matthew|matt,Matt Brooks,124,"name too common in DIME donor pool (n=124 same-name individuals, no recipient/candidate match) -- not search-tractable"
weissman|andrew|andrew,Andrew Weissman,22,"name too common in DIME donor pool (n=22 same-name individuals, no recipient/candidate match) -- not search-tractable"
bates|andrew|andrew,Andrew Bates,55,"name too common in DIME donor pool (n=55 same-name individuals, no recipient/candidate match) -- not search-tractable"
pape|robert|robert,Robert Pape,33,"name too common in DIME donor pool (n=33 same-name individuals, no recipient/candidate match) -- not search-tractable"
vang|mai|mai,Mai Vang,36,"name too common in DIME donor pool (n=36 same-name individuals, no recipient/candidate match) -- not search-tractable"
wilkerson|larry|larry,Larry Wilkerson,37,"name too common in DIME donor pool (n=37 same-name individuals, no recipient/candidate match) -- not search-tractable"
luis|jose|jose,Jose Luis,31,"name too common in DIME donor pool (n=31 same-name individuals, no recipient/candidate match) -- not search-tractable"
burr|william|bill,Bill Burr,38,"name too common in DIME donor pool (n=38 same-name individuals, no recipient/candidate match) -- not search-tractable"
murray|douglas|douglas,Douglas Murray,104,"name too common in DIME donor pool (n=104 same-name individuals, no recipient/candidate match) -- not search-tractable"
roth|kenneth|ken,Ken Roth,61,"name too common in DIME donor pool (n=61 same-name individuals, no recipient/candidate match) -- not search-tractable"
miranda|david|david,David Miranda,63,"name too common in DIME donor pool (n=63 same-name individuals, no recipient/candidate match) -- not search-tractable"
wilcox|ann|ann,Ann Wilcox,52,"name too common in DIME donor pool (n=52 same-name individuals, no recipient/candidate match) -- not search-tractable"
urban|timothy|tim,Tim Urban,26,"name too common in DIME donor pool (n=26 same-name individuals, no recipient/candidate match) -- not search-tractable"
weaver|matthew|matthew,Matthew Weaver,104,"name too common in DIME donor pool (n=104 same-name individuals, no recipient/candidate match) -- not search-tractable"
lindsey|michael|michael paul,Michael Paul Lindsey,124,"name too common in DIME donor pool (n=124 same-name individuals, no recipient/candidate match) -- not search-tractable"
mitchell|josh|josh,Josh Mitchell,31,"name too common in DIME donor pool (n=31 same-name individuals, no recipient/candidate match) -- not search-tractable"
fischer|sara|sara,Sara Fischer,21,"name too common in DIME donor pool (n=21 same-name individuals, no recipient/candidate match) -- not search-tractable"
goldstein|seth|seth,Seth Goldstein,41,"name too common in DIME donor pool (n=41 same-name individuals, no recipient/candidate match) -- not search-tractable"
rogan|joseph|joe,Joe Rogan,23,"name too common in DIME donor pool (n=23 same-name individuals, no recipient/candidate match) -- not search-tractable"
goldberg|dana|dana,Dana Goldberg,23,"name too common in DIME donor pool (n=23 same-name individuals, no recipient/candidate match) -- not search-tractable"
mccabe|andrew|andrew,Andrew McCabe,31,"name too common in DIME donor pool (n=31 same-name individuals, no recipient/candidate match) -- not search-tractable"
rodriguez|aida|aida,Aida Rodriguez,58,"name too common in DIME donor pool (n=58 same-name individuals, no recipient/candidate match) -- not search-tractable"
sullivan|brent|brent,Brent Sullivan,22,"name too common in DIME donor pool (n=22 same-name individuals, no recipient/candidate match) -- not search-tractable"
hough|thomas|tommy,Tommy Hough,32,"name too common in DIME donor pool (n=32 same-name individuals, no recipient/candidate match) -- not search-tractable"
torres|armando|armando,Armando Torres,29,"name too common in DIME donor pool (n=29 same-name individuals, no recipient/candidate match) -- not search-tractable"
miller|zach|zach,Zach Miller,44,"name too common in DIME donor pool (n=44 same-name individuals, no recipient/candidate match) -- not search-tractable"
reed|brian|brian,Brian Reed,160,"name too common in DIME donor pool (n=160 same-name individuals, no recipient/candidate match) -- not search-tractable"
hughes|katherine|kathryn,Kathryn Hughes,318,"name too common in DIME donor pool (n=318 same-name individuals, no recipient/candidate match) -- not search-tractable"
goodman|amelia|amy,Amy Goodman,64,"name too common in DIME donor pool (n=64 same-name individuals, no recipient/candidate match) -- not search-tractable"
thornton|katherine|katie,Katie Thornton,81,"name too common in DIME donor pool (n=81 same-name individuals, no recipient/candidate match) -- not search-tractable"
nguyen|c|c thi,C. Thi Nguyen,51,"name too common in DIME donor pool (n=51 same-name individuals, no recipient/candidate match) -- not search-tractable"
anderson|ian|ian,Ian Anderson,136,"name too common in DIME donor pool (n=136 same-name individuals, no recipient/candidate match) -- not search-tractable"
katz|matthew|matt,Matt Katz,60,"name too common in DIME donor pool (n=60 same-name individuals, no recipient/candidate match) -- not search-tractable"
smith|lindsey|lindsey,Lindsey Smith,150,"name too common in DIME donor pool (n=150 same-name individuals, no recipient/candidate match) -- not search-tractable"
abrams|rachel|rachel,Rachel Abrams,24,"name too common in DIME donor pool (n=24 same-name individuals, no recipient/candidate match) -- not search-tractable"
powers|ann|ann,Ann Powers,83,"name too common in DIME donor pool (n=83 same-name individuals, no recipient/candidate match) -- not search-tractable"
coleman|robin|robin r means,Robin R. Means Coleman,26,"name too common in DIME donor pool (n=26 same-name individuals, no recipient/candidate match) -- not search-tractable"
mason|katherine|katherine,Katherine Mason,182,"name too common in DIME donor pool (n=182 same-name individuals, no recipient/candidate match) -- not search-tractable"
schuster|steven|steven sprick,Steven Sprick Schuster,56,"name too common in DIME donor pool (n=56 same-name individuals, no recipient/candidate match) -- not search-tractable"
jensen|kelly|kelly,Kelly Jensen,58,"name too common in DIME donor pool (n=58 same-name individuals, no recipient/candidate match) -- not search-tractable"
kaplan|joshua|joshua,Joshua Kaplan,45,"name too common in DIME donor pool (n=45 same-name individuals, no recipient/candidate match) -- not search-tractable"
cohen|rachel|rachel,Rachel Cohen,164,"name too common in DIME donor pool (n=164 same-name individuals, no recipient/candidate match) -- not search-tractable"
brown|danielle|danielle k,Danielle K. Brown,146,"name too common in DIME donor pool (n=146 same-name individuals, no recipient/candidate match) -- not search-tractable"
chen|albert|albert,Albert Chen,57,"name too common in DIME donor pool (n=57 same-name individuals, no recipient/candidate match) -- not search-tractable"
fox|jesse|jesse david,Jesse David Fox,21,"name too common in DIME donor pool (n=21 same-name individuals, no recipient/candidate match) -- not search-tractable"
mcdonnell|timothy|tim,Tim McDonnell,35,"name too common in DIME donor pool (n=35 same-name individuals, no recipient/candidate match) -- not search-tractable"
caulfield|michael|mike,Mike Caulfield,24,"name too common in DIME donor pool (n=24 same-name individuals, no recipient/candidate match) -- not search-tractable"
bartholomew|robert|robert,Robert Bartholomew,63,"name too common in DIME donor pool (n=63 same-name individuals, no recipient/candidate match) -- not search-tractable"
lee|min|min jin,Min Jin Lee,112,"name too common in DIME donor pool (n=112 same-name individuals, no recipient/candidate match) -- not search-tractable"
james|emily|emily st,Emily St. James,46,"name too common in DIME donor pool (n=46 same-name individuals, no recipient/candidate match) -- not search-tractable"
smith|noah|noah,Noah Smith,91,"name too common in DIME donor pool (n=91 same-name individuals, no recipient/candidate match) -- not search-tractable"
grimes|christopher|christopher,Christopher Grimes,41,"name too common in DIME donor pool (n=41 same-name individuals, no recipient/candidate match) -- not search-tractable"
williamson|elizabeth|elizabeth,Elizabeth Williamson,140,"name too common in DIME donor pool (n=140 same-name individuals, no recipient/candidate match) -- not search-tractable"
hawks|john|john,John Hawks,25,"name too common in DIME donor pool (n=25 same-name individuals, no recipient/candidate match) -- not search-tractable"
schneider|jack|jack,Jack Schneider,50,"name too common in DIME donor pool (n=50 same-name individuals, no recipient/candidate match) -- not search-tractable"
bennett|laura|laura,Laura Bennett,126,"name too common in DIME donor pool (n=126 same-name individuals, no recipient/candidate match) -- not search-tractable"
peters|justin|justin,Justin Peters,25,"name too common in DIME donor pool (n=25 same-name individuals, no recipient/candidate match) -- not search-tractable"
peterson|anne|anne helen,Anne Helen Peterson,161,"name too common in DIME donor pool (n=161 same-name individuals, no recipient/candidate match) -- not search-tractable"
foster|alan|alan dean,Alan Dean Foster,66,"name too common in DIME donor pool (n=66 same-name individuals, no recipient/candidate match) -- not search-tractable"
hand|elizabeth|elizabeth,Elizabeth Hand,29,"name too common in DIME donor pool (n=29 same-name individuals, no recipient/candidate match) -- not search-tractable"
jenkins|alan|alan,Alan Jenkins,52,"name too common in DIME donor pool (n=52 same-name individuals, no recipient/candidate match) -- not search-tractable"
matos|carlos|carlos,Carlos Matos,22,"name too common in DIME donor pool (n=22 same-name individuals, no recipient/candidate match) -- not search-tractable"
marshall|sarah|sarah,Sarah Marshall,95,"name too common in DIME donor pool (n=95 same-name individuals, no recipient/candidate match) -- not search-tractable"
moore|natalie|natalie,Natalie Moore,48,"name too common in DIME donor pool (n=48 same-name individuals, no recipient/candidate match) -- not search-tractable"
collier|kevin|kevin,Kevin Collier,25,"name too common in DIME donor pool (n=25 same-name individuals, no recipient/candidate match) -- not search-tractable"
fox|justin|justin,Justin Fox,46,"name too common in DIME donor pool (n=46 same-name individuals, no recipient/candidate match) -- not search-tractable"
grant|adam|adam,Adam Grant,24,"name too common in DIME donor pool (n=24 same-name individuals, no recipient/candidate match) -- not search-tractable"
ortiz|luis|luis j valentin,Luis J. Valentín Ortiz,149,"name too common in DIME donor pool (n=149 same-name individuals, no recipient/candidate match) -- not search-tractable"
patterson|margaret|maggie jones,Maggie Jones Patterson,167,"name too common in DIME donor pool (n=167 same-name individuals, no recipient/candidate match) -- not search-tractable"
cunningham|amelia|amy,Amy Cunningham,68,"name too common in DIME donor pool (n=68 same-name individuals, no recipient/candidate match) -- not search-tractable"
morris|pat|pat,Pat Morris,47,"name too common in DIME donor pool (n=47 same-name individuals, no recipient/candidate match) -- not search-tractable"
walters|laura|laura,Laura Walters,59,"name too common in DIME donor pool (n=59 same-name individuals, no recipient/candidate match) -- not search-tractable"
whitehead|andrew|andrew,Andrew Whitehead,33,"name too common in DIME donor pool (n=33 same-name individuals, no recipient/candidate match) -- not search-tractable"
jenkins|jack|jack,Jack Jenkins,60,"name too common in DIME donor pool (n=60 same-name individuals, no recipient/candidate match) -- not search-tractable"
andrews|jeff|jeff,Jeff Andrews,56,"name too common in DIME donor pool (n=56 same-name individuals, no recipient/candidate match) -- not search-tractable"
macfarlane|robert|robert,Robert Macfarlane,34,"name too common in DIME donor pool (n=34 same-name individuals, no recipient/candidate match) -- not search-tractable"
carlin|daniel|dan,Dan Carlin,30,"name too common in DIME donor pool (n=30 same-name individuals, no recipient/candidate match) -- not search-tractable"
cramer|margaret|meg,Meg Cramer,35,"name too common in DIME donor pool (n=35 same-name individuals, no recipient/candidate match) -- not search-tractable"
riley|kevin|kevin,Kevin Riley,171,"name too common in DIME donor pool (n=171 same-name individuals, no recipient/candidate match) -- not search-tractable"
meyers|cynthia|cynthia b,Cynthia B. Meyers,56,"name too common in DIME donor pool (n=56 same-name individuals, no recipient/candidate match) -- not search-tractable"
waldman|steven|steven,Steven Waldman,39,"name too common in DIME donor pool (n=39 same-name individuals, no recipient/candidate match) -- not search-tractable"
hendrix|steven|steve,Steve Hendrix,23,"name too common in DIME donor pool (n=23 same-name individuals, no recipient/candidate match) -- not search-tractable"
connelly|matthew|matthew,Matthew Connelly,39,"name too common in DIME donor pool (n=39 same-name individuals, no recipient/candidate match) -- not search-tractable"
robinson|nathan|nathan,Nathan Robinson,34,"name too common in DIME donor pool (n=34 same-name individuals, no recipient/candidate match) -- not search-tractable"
williams|brittany|brittany,Brittany Williams,79,"name too common in DIME donor pool (n=79 same-name individuals, no recipient/candidate match) -- not search-tractable"
morales|john|john,John Morales,85,"name too common in DIME donor pool (n=85 same-name individuals, no recipient/candidate match) -- not search-tractable"
knowles|scott|scott gabriel,Scott Gabriel Knowles,33,"name too common in DIME donor pool (n=33 same-name individuals, no recipient/candidate match) -- not search-tractable"
goodale|james|james,James Goodale,21,"name too common in DIME donor pool (n=21 same-name individuals, no recipient/candidate match) -- not search-tractable"
halpern|michael|michael,Michael Halpern,40,"name too common in DIME donor pool (n=40 same-name individuals, no recipient/candidate match) -- not search-tractable"
clark|anna|anna,Anna Clark,115,"name too common in DIME donor pool (n=115 same-name individuals, no recipient/candidate match) -- not search-tractable"
stone|geoffrey|geoffrey,Geoffrey Stone,22,"name too common in DIME donor pool (n=22 same-name individuals, no recipient/candidate match) -- not search-tractable"
rose|jean|jean la,Jean La Rose,47,"name too common in DIME donor pool (n=47 same-name individuals, no recipient/candidate match) -- not search-tractable"
moore|sarah|sarah,Sarah Moore,305,"name too common in DIME donor pool (n=305 same-name individuals, no recipient/candidate match) -- not search-tractable"
salazar|diego|diego,Diego Salazar,24,"name too common in DIME donor pool (n=24 same-name individuals, no recipient/candidate match) -- not search-tractable"
wood|mary|mary christina,Mary Christina Wood,513,"name too common in DIME donor pool (n=513 same-name individuals, no recipient/candidate match) -- not search-tractable"
keene|john|john,John Keene,51,"name too common in DIME donor pool (n=51 same-name individuals, no recipient/candidate match) -- not search-tractable"
katz|jonathan|jonathan m,Jonathan M. Katz,92,"name too common in DIME donor pool (n=92 same-name individuals, no recipient/candidate match) -- not search-tractable"
fitzgerald|andrew|drew,Drew FitzGerald,58,"name too common in DIME donor pool (n=58 same-name individuals, no recipient/candidate match) -- not search-tractable"
greenberg|andrew|andy,Andy Greenberg,64,"name too common in DIME donor pool (n=64 same-name individuals, no recipient/candidate match) -- not search-tractable"
wilson|cody|cody,Cody Wilson,54,"name too common in DIME donor pool (n=54 same-name individuals, no recipient/candidate match) -- not search-tractable"
marsh|laura|laura,Laura Marsh,29,"name too common in DIME donor pool (n=29 same-name individuals, no recipient/candidate match) -- not search-tractable"
reed|kimberly|kimberly,Kimberly Reed,79,"name too common in DIME donor pool (n=79 same-name individuals, no recipient/candidate match) -- not search-tractable"
goldberg|susan|susan,Susan Goldberg,138,"name too common in DIME donor pool (n=138 same-name individuals, no recipient/candidate match) -- not search-tractable"
mitchell|daniel|dan,Dan Mitchell,341,"name too common in DIME donor pool (n=341 same-name individuals, no recipient/candidate match) -- not search-tractable"
cooper|audrey|audrey,Audrey Cooper,25,"name too common in DIME donor pool (n=25 same-name individuals, no recipient/candidate match) -- not search-tractable"
gonzalez|walter|walter ronald gonzalez,Walter Ronald Gonzalez Gonzalez,22,"name too common in DIME donor pool (n=22 same-name individuals, no recipient/candidate match) -- not search-tractable"
goldberg|michelle|michelle,Michelle Goldberg,23,"name too common in DIME donor pool (n=23 same-name individuals, no recipient/candidate match) -- not search-tractable"
ford|paul|paul,Paul Ford,148,"name too common in DIME donor pool (n=148 same-name individuals, no recipient/candidate match) -- not search-tractable"
hart|carl|carl,Dr. Carl Hart,21,"name too common in DIME donor pool (n=21 same-name individuals, no recipient/candidate match) -- not search-tractable"
solomon|james|james,James Solomon,97,"name too common in DIME donor pool (n=97 same-name individuals, no recipient/candidate match) -- not search-tractable"
werner|john|john,John Werner,158,"name too common in DIME donor pool (n=158 same-name individuals, no recipient/candidate match) -- not search-tractable"
howard|alexander|alex,Alex Howard,54,"name too common in DIME donor pool (n=54 same-name individuals, no recipient/candidate match) -- not search-tractable"
scott|carla|carla,Carla Scott,40,"name too common in DIME donor pool (n=40 same-name individuals, no recipient/candidate match) -- not search-tractable"
keil|richard|richard,Richard Keil,26,"name too common in DIME donor pool (n=26 same-name individuals, no recipient/candidate match) -- not search-tractable"
moore|hunter|hunter,Hunter Moore,24,"name too common in DIME donor pool (n=24 same-name individuals, no recipient/candidate match) -- not search-tractable"
greenberg|karen|karen,Karen Greenberg,34,"name too common in DIME donor pool (n=34 same-name individuals, no recipient/candidate match) -- not search-tractable"
kramer|sarah|sarah,Sarah Kramer,49,"name too common in DIME donor pool (n=49 same-name individuals, no recipient/candidate match) -- not search-tractable"
dunn|jack|jack,Jack Dunn,70,"name too common in DIME donor pool (n=70 same-name individuals, no recipient/candidate match) -- not search-tractable"
farley|matthew|matt,Matt Farley,25,"name too common in DIME donor pool (n=25 same-name individuals, no recipient/candidate match) -- not search-tractable"
mcclellan|scott|scott,Scott McClellan,27,"name too common in DIME donor pool (n=27 same-name individuals, no recipient/candidate match) -- not search-tractable"
horowitz|michael|michael,Michael Horowitz,52,"name too common in DIME donor pool (n=52 same-name individuals, no recipient/candidate match) -- not search-tractable"
fletcher|thomas|tom,Tom Fletcher,124,"name too common in DIME donor pool (n=124 same-name individuals, no recipient/candidate match) -- not search-tractable"
wu|emily|emily,Emily Wu,24,"name too common in DIME donor pool (n=24 same-name individuals, no recipient/candidate match) -- not search-tractable"
jones|colin|colin,Colin Jones,57,"name too common in DIME donor pool (n=57 same-name individuals, no recipient/candidate match) -- not search-tractable"
ward|melanie|melanie,Melanie Ward,30,"name too common in DIME donor pool (n=30 same-name individuals, no recipient/candidate match) -- not search-tractable"
terry|susan|sue mi,Sue Mi Terry,105,"name too common in DIME donor pool (n=105 same-name individuals, no recipient/candidate match) -- not search-tractable"
smith|julianne|julianne,Julianne Smith,41,"name too common in DIME donor pool (n=41 same-name individuals, no recipient/candidate match) -- not search-tractable"
snow|daniel|dan,Dan Snow,53,"name too common in DIME donor pool (n=53 same-name individuals, no recipient/candidate match) -- not search-tractable"
stern|jessica|jessica,Jessica Stern,22,"name too common in DIME donor pool (n=22 same-name individuals, no recipient/candidate match) -- not search-tractable"
mcdermott|john|john,John McDermott,290,"name too common in DIME donor pool (n=290 same-name individuals, no recipient/candidate match) -- not search-tractable"
browder|william|bill,Bill Browder,23,"name too common in DIME donor pool (n=23 same-name individuals, no recipient/candidate match) -- not search-tractable"
murphy|molly|molly,Molly Murphy,80,"name too common in DIME donor pool (n=80 same-name individuals, no recipient/candidate match) -- not search-tractable"
starr|barbara|barbara,Barbara Starr,41,"name too common in DIME donor pool (n=41 same-name individuals, no recipient/candidate match) -- not search-tractable"
moriarty|mary|mary,Mary Moriarty,67,"name too common in DIME donor pool (n=67 same-name individuals, no recipient/candidate match) -- not search-tractable"
gregory|emily|emily,Emily Gregory,25,"name too common in DIME donor pool (n=25 same-name individuals, no recipient/candidate match) -- not search-tractable"
young|stacey|stacey,Stacey Young,41,"name too common in DIME donor pool (n=41 same-name individuals, no recipient/candidate match) -- not search-tractable"
stroud|james|james,James Stroud,72,"name too common in DIME donor pool (n=72 same-name individuals, no recipient/candidate match) -- not search-tractable"
cook|amelia|amy,Amy Cook,134,"name too common in DIME donor pool (n=134 same-name individuals, no recipient/candidate match) -- not search-tractable"
reynolds|shawn|shawn,Shawn Reynolds,27,"name too common in DIME donor pool (n=27 same-name individuals, no recipient/candidate match) -- not search-tractable"
engel|richard|richard,Richard Engel,71,"name too common in DIME donor pool (n=71 same-name individuals, no recipient/candidate match) -- not search-tractable"
satterfield|david|david,David Satterfield,35,"name too common in DIME donor pool (n=35 same-name individuals, no recipient/candidate match) -- not search-tractable"
mitchell|andrea|andrea,Andrea Mitchell,68,"name too common in DIME donor pool (n=68 same-name individuals, no recipient/candidate match) -- not search-tractable"
jenkins|sally|sally,Sally Jenkins,25,"name too common in DIME donor pool (n=25 same-name individuals, no recipient/candidate match) -- not search-tractable"
krueger|david|david,David Krueger,111,"name too common in DIME donor pool (n=111 same-name individuals, no recipient/candidate match) -- not search-tractable"
robertson|joseph|joseph,Joseph Robertson,150,"name too common in DIME donor pool (n=150 same-name individuals, no recipient/candidate match) -- not search-tractable"
miller|geoffrey|geoffrey,Geoffrey Miller,61,"name too common in DIME donor pool (n=61 same-name individuals, no recipient/candidate match) -- not search-tractable"
glenn|brian|brian,Brian Glenn,37,"name too common in DIME donor pool (n=37 same-name individuals, no recipient/candidate match) -- not search-tractable"
stone|sharon|sharon,Sharon Stone,87,"name too common in DIME donor pool (n=87 same-name individuals, no recipient/candidate match) -- not search-tractable"
benz|michael|mike,Mike Benz,21,"name too common in DIME donor pool (n=21 same-name individuals, no recipient/candidate match) -- not search-tractable"
anton|michael|michael,Michael Anton,40,"name too common in DIME donor pool (n=40 same-name individuals, no recipient/candidate match) -- not search-tractable"
seifert|michael|michael,Michael Seifert,37,"name too common in DIME donor pool (n=37 same-name individuals, no recipient/candidate match) -- not search-tractable"
jackson|irene|irene armendariz,Irene Armendariz Jackson,30,"name too common in DIME donor pool (n=30 same-name individuals, no recipient/candidate match) -- not search-tractable"
price|gregory|greg,Greg Price,176,"name too common in DIME donor pool (n=176 same-name individuals, no recipient/candidate match) -- not search-tractable"
fredericks|john|john,John Fredericks,36,"name too common in DIME donor pool (n=36 same-name individuals, no recipient/candidate match) -- not search-tractable"
solomon|john|john,John Solomon,84,"name too common in DIME donor pool (n=84 same-name individuals, no recipient/candidate match) -- not search-tractable"
hernandez|andrew|drew,Drew Hernandez,96,"name too common in DIME donor pool (n=96 same-name individuals, no recipient/candidate match) -- not search-tractable"
miller|brooke|brooke,Dr. Brooke Miller,65,"name too common in DIME donor pool (n=65 same-name individuals, no recipient/candidate match) -- not search-tractable"
ellis|jay|jay,Jay Ellis,36,"name too common in DIME donor pool (n=36 same-name individuals, no recipient/candidate match) -- not search-tractable"
schultz|daniel|dan,Dan Schultz,164,"name too common in DIME donor pool (n=164 same-name individuals, no recipient/candidate match) -- not search-tractable"
maxwell|steven|steve,Steve Maxwell,63,"name too common in DIME donor pool (n=63 same-name individuals, no recipient/candidate match) -- not search-tractable"
marsh|kevin|kevin,Kevin Marsh,40,"name too common in DIME donor pool (n=40 same-name individuals, no recipient/candidate match) -- not search-tractable"
young|scott|scott,Dr Scott Young,328,"name too common in DIME donor pool (n=328 same-name individuals, no recipient/candidate match) -- not search-tractable"
hodges|daniel|daniel,Daniel Hodges,62,"name too common in DIME donor pool (n=62 same-name individuals, no recipient/candidate match) -- not search-tractable"
christopher|thomas|tommy,Tommy Christopher,76,"name too common in DIME donor pool (n=76 same-name individuals, no recipient/candidate match) -- not search-tractable"
brennan|christine|christine,Christine Brennan,53,"name too common in DIME donor pool (n=53 same-name individuals, no recipient/candidate match) -- not search-tractable"
herman|steven|steve,Steve Herman,103,"name too common in DIME donor pool (n=103 same-name individuals, no recipient/candidate match) -- not search-tractable"
hudson|john|john,John Hudson,368,"name too common in DIME donor pool (n=368 same-name individuals, no recipient/candidate match) -- not search-tractable"
firestone|david|david,David Firestone,24,"name too common in DIME donor pool (n=24 same-name individuals, no recipient/candidate match) -- not search-tractable"
castillo|elizabeth|elizabeth,Elizabeth Castillo,55,"name too common in DIME donor pool (n=55 same-name individuals, no recipient/candidate match) -- not search-tractable"
sanchez|stephen|stephen,Stephen Sanchez,37,"name too common in DIME donor pool (n=37 same-name individuals, no recipient/candidate match) -- not search-tractable"
nye|william|bill,Bill Nye,58,"name too common in DIME donor pool (n=58 same-name individuals, no recipient/candidate match) -- not search-tractable"
daniels|jeff|jeff,Jeff Daniels,44,"name too common in DIME donor pool (n=44 same-name individuals, no recipient/candidate match) -- not search-tractable"
phelps|michael|michael,Michael Phelps,123,"name too common in DIME donor pool (n=123 same-name individuals, no recipient/candidate match) -- not search-tractable"
snow|katherine|kate,Kate Snow,62,"name too common in DIME donor pool (n=62 same-name individuals, no recipient/candidate match) -- not search-tractable"
thompson|anne|anne,Anne Thompson,241,"name too common in DIME donor pool (n=241 same-name individuals, no recipient/candidate match) -- not search-tractable"
howe|amelia|amy,Amy Howe,29,"name too common in DIME donor pool (n=29 same-name individuals, no recipient/candidate match) -- not search-tractable"
landers|elizabeth|liz,Liz Landers,21,"name too common in DIME donor pool (n=21 same-name individuals, no recipient/candidate match) -- not search-tractable"
yeomans|william|bill,Bill Yeomans,22,"name too common in DIME donor pool (n=22 same-name individuals, no recipient/candidate match) -- not search-tractable"
horton|alexander|alex,Alex Horton,29,"name too common in DIME donor pool (n=29 same-name individuals, no recipient/candidate match) -- not search-tractable"
diamond|daniel|dan,Dan Diamond,34,"name too common in DIME donor pool (n=34 same-name individuals, no recipient/candidate match) -- not search-tractable"
walden|james|jim,Jim Walden,69,"name too common in DIME donor pool (n=69 same-name individuals, no recipient/candidate match) -- not search-tractable"
caldwell|leslie|leslie,Leslie Caldwell,38,"name too common in DIME donor pool (n=38 same-name individuals, no recipient/candidate match) -- not search-tractable"
kim|seung|seung min,Seung Min Kim,87,"name too common in DIME donor pool (n=87 same-name individuals, no recipient/candidate match) -- not search-tractable"
summers|larry|larry,Larry Summers,31,"name too common in DIME donor pool (n=31 same-name individuals, no recipient/candidate match) -- not search-tractable"
gleeson|john|john,Judge John Gleeson,26,"name too common in DIME donor pool (n=26 same-name individuals, no recipient/candidate match) -- not search-tractable"
clement|paul|paul,Paul Clement,28,"name too common in DIME donor pool (n=28 same-name individuals, no recipient/candidate match) -- not search-tractable"
lu|christopher|chris,Chris Lu,22,"name too common in DIME donor pool (n=22 same-name individuals, no recipient/candidate match) -- not search-tractable"
harris|lindsay|lindsay,Lindsay Harris,43,"name too common in DIME donor pool (n=43 same-name individuals, no recipient/candidate match) -- not search-tractable"
reiner|robert|rob,Rob Reiner,38,"name too common in DIME donor pool (n=38 same-name individuals, no recipient/candidate match) -- not search-tractable"
lynch|timothy|tim,Tim Lynch,228,"name too common in DIME donor pool (n=228 same-name individuals, no recipient/candidate match) -- not search-tractable"
weiner|scott|scott,Scott Weiner,38,"name too common in DIME donor pool (n=38 same-name individuals, no recipient/candidate match) -- not search-tractable"
wallace|amelia|amy,Amy Wallace,81,"name too common in DIME donor pool (n=81 same-name individuals, no recipient/candidate match) -- not search-tractable"
hampton|ryan|ryan,Ryan Hampton,21,"name too common in DIME donor pool (n=21 same-name individuals, no recipient/candidate match) -- not search-tractable"
giles|john|john,John Giles,114,"name too common in DIME donor pool (n=114 same-name individuals, no recipient/candidate match) -- not search-tractable"
barry|francis|francis,Francis Barry,35,"name too common in DIME donor pool (n=35 same-name individuals, no recipient/candidate match) -- not search-tractable"
nguyen|tina|tina,Tina Nguyen,67,"name too common in DIME donor pool (n=67 same-name individuals, no recipient/candidate match) -- not search-tractable"
ward|jonathan|jonathan,Jonathan Ward,147,"name too common in DIME donor pool (n=147 same-name individuals, no recipient/candidate match) -- not search-tractable"
harper|lauren|lauren,Lauren Harper,38,"name too common in DIME donor pool (n=38 same-name individuals, no recipient/candidate match) -- not search-tractable"
spencer|kyle|kyle,Kyle Spencer,28,"name too common in DIME donor pool (n=28 same-name individuals, no recipient/candidate match) -- not search-tractable"
brandon|robert|bob,Bob Brandon,81,"name too common in DIME donor pool (n=81 same-name individuals, no recipient/candidate match) -- not search-tractable"
matthews|susan|susan,Susan Matthews,144,"name too common in DIME donor pool (n=144 same-name individuals, no recipient/candidate match) -- not search-tractable"
simmons|rachel|rachel,Rachel Simmons,42,"name too common in DIME donor pool (n=42 same-name individuals, no recipient/candidate match) -- not search-tractable"
singer|peter|peter,Peter Singer,28,"name too common in DIME donor pool (n=28 same-name individuals, no recipient/candidate match) -- not search-tractable"
scott|rose|rose,Rose Scott,59,"name too common in DIME donor pool (n=59 same-name individuals, no recipient/candidate match) -- not search-tractable"
bloom|amelia|amy,Amy Bloom,25,"name too common in DIME donor pool (n=25 same-name individuals, no recipient/candidate match) -- not search-tractable"
williams|florence|florence,Florence Williams,78,"name too common in DIME donor pool (n=78 same-name individuals, no recipient/candidate match) -- not search-tractable"
brooks|geraldine|geraldine,Geraldine Brooks,34,"name too common in DIME donor pool (n=34 same-name individuals, no recipient/candidate match) -- not search-tractable"
rennie|david|david,David Rennie,21,"name too common in DIME donor pool (n=21 same-name individuals, no recipient/candidate match) -- not search-tractable"
auerbach|david|david,David Auerbach,53,"name too common in DIME donor pool (n=53 same-name individuals, no recipient/candidate match) -- not search-tractable"
marcus|david|david,David Marcus,109,"name too common in DIME donor pool (n=109 same-name individuals, no recipient/candidate match) -- not search-tractable"
abraham|joseph|joe,Joe Abraham,87,"name too common in DIME donor pool (n=87 same-name individuals, no recipient/candidate match) -- not search-tractable"
welch|susan|suzy,Suzy Welch,190,"name too common in DIME donor pool (n=190 same-name individuals, no recipient/candidate match) -- not search-tractable"
anderson|clayton|clayton,Clayton Anderson,55,"name too common in DIME donor pool (n=55 same-name individuals, no recipient/candidate match) -- not search-tractable"
paul|jeff|jeff,Jeff Paul,26,"name too common in DIME donor pool (n=26 same-name individuals, no recipient/candidate match) -- not search-tractable"
evans|tyler|tyler,Dr. Tyler Evans,43,"name too common in DIME donor pool (n=43 same-name individuals, no recipient/candidate match) -- not search-tractable"
miles|christine|christine,Christine Miles,32,"name too common in DIME donor pool (n=32 same-name individuals, no recipient/candidate match) -- not search-tractable"
marino|charles|charles,Charles Marino,43,"name too common in DIME donor pool (n=43 same-name individuals, no recipient/candidate match) -- not search-tractable"
finn|matthew|matt,Matt Finn,22,"name too common in DIME donor pool (n=22 same-name individuals, no recipient/candidate match) -- not search-tractable"
adams|alexander|alex,Alex Adams,93,"name too common in DIME donor pool (n=93 same-name individuals, no recipient/candidate match) -- not search-tractable"
herman|john|john,John Herman,146,"name too common in DIME donor pool (n=146 same-name individuals, no recipient/candidate match) -- not search-tractable"
sweet|jonathan|jon,Jon Sweet,34,"name too common in DIME donor pool (n=34 same-name individuals, no recipient/candidate match) -- not search-tractable"
morris|jonathan|jonathan,Jonathan Morris,170,"name too common in DIME donor pool (n=170 same-name individuals, no recipient/candidate match) -- not search-tractable"
franco|john|john,John Franco,101,"name too common in DIME donor pool (n=101 same-name individuals, no recipient/candidate match) -- not search-tractable"
rosen|neil|neil,Neil Rosen,24,"name too common in DIME donor pool (n=24 same-name individuals, no recipient/candidate match) -- not search-tractable"
schwartz|victor|victor owen,Victor Owen Schwartz,23,"name too common in DIME donor pool (n=23 same-name individuals, no recipient/candidate match) -- not search-tractable"
friedman|lori|lori,Lori Friedman,24,"name too common in DIME donor pool (n=24 same-name individuals, no recipient/candidate match) -- not search-tractable"
parker|nicole|nicole,Nicole Parker,41,"name too common in DIME donor pool (n=41 same-name individuals, no recipient/candidate match) -- not search-tractable"
gorman|matthew|matt,Matt Gorman,31,"name too common in DIME donor pool (n=31 same-name individuals, no recipient/candidate match) -- not search-tractable"
tobin|michael|mike,Mike Tobin,127,"name too common in DIME donor pool (n=127 same-name individuals, no recipient/candidate match) -- not search-tractable"
esposito|anthony|anthony,Anthony Esposito,111,"name too common in DIME donor pool (n=111 same-name individuals, no recipient/candidate match) -- not search-tractable"
lovell|christopher|chris,Chris Lovell,24,"name too common in DIME donor pool (n=24 same-name individuals, no recipient/candidate match) -- not search-tractable"
meredith|mark|mark,Mark Meredith,28,"name too common in DIME donor pool (n=28 same-name individuals, no recipient/candidate match) -- not search-tractable"
jacobsen|brian|brian,Brian Jacobsen,21,"name too common in DIME donor pool (n=21 same-name individuals, no recipient/candidate match) -- not search-tractable"
patterson|eric|eric,Dr. Eric Patterson,56,"name too common in DIME donor pool (n=56 same-name individuals, no recipient/candidate match) -- not search-tractable"
jacobson|william|william,William Jacobson,113,"name too common in DIME donor pool (n=113 same-name individuals, no recipient/candidate match) -- not search-tractable"
jacobson|brian|brian,Brian Jacobson,56,"name too common in DIME donor pool (n=56 same-name individuals, no recipient/candidate match) -- not search-tractable"
brunner|daniel|daniel,Daniel Brunner,24,"name too common in DIME donor pool (n=24 same-name individuals, no recipient/candidate match) -- not search-tractable"
brown|cooper|cooper,Cooper Brown,30,"name too common in DIME donor pool (n=30 same-name individuals, no recipient/candidate match) -- not search-tractable"
mahoney|kenneth|ken,Ken Mahoney,25,"name too common in DIME donor pool (n=25 same-name individuals, no recipient/candidate match) -- not search-tractable"
christensen|kenneth|ken,Ken Christensen,64,"name too common in DIME donor pool (n=64 same-name individuals, no recipient/candidate match) -- not search-tractable"
walsh|courtney|courtney,Courtney Walsh,36,"name too common in DIME donor pool (n=36 same-name individuals, no recipient/candidate match) -- not search-tractable"
horn|jonathan|jonathan,Jonathan Horn,37,"name too common in DIME donor pool (n=37 same-name individuals, no recipient/candidate match) -- not search-tractable"
stone|susan|susan,Susan Stone,379,"name too common in DIME donor pool (n=379 same-name individuals, no recipient/candidate match) -- not search-tractable"
"buckley|matthew|matthew ""whiz""","Matthew ""Whiz"" Buckley",47,"name too common in DIME donor pool (n=47 same-name individuals, no recipient/candidate match) -- not search-tractable"
woods|jay|jay,Jay Woods,22,"name too common in DIME donor pool (n=22 same-name individuals, no recipient/candidate match) -- not search-tractable"
schmitz|mark|mark,Mark Schmitz,40,"name too common in DIME donor pool (n=40 same-name individuals, no recipient/candidate match) -- not search-tractable"
sherman|kyle|kyle,Kyle Sherman,25,"name too common in DIME donor pool (n=25 same-name individuals, no recipient/candidate match) -- not search-tractable"
pollack|andrew|andrew,Andrew Pollack,26,"name too common in DIME donor pool (n=26 same-name individuals, no recipient/candidate match) -- not search-tractable"
shapiro|gary|gary,Gary Shapiro,79,"name too common in DIME donor pool (n=79 same-name individuals, no recipient/candidate match) -- not search-tractable"
haas|richard|richard,Richard Haas,100,"name too common in DIME donor pool (n=100 same-name individuals, no recipient/candidate match) -- not search-tractable"
barrett|amelia|amy coney,Amy Coney Barrett,38,"name too common in DIME donor pool (n=38 same-name individuals, no recipient/candidate match) -- not search-tractable"
rosen|jeff|jeff,Jeff Rosen,24,"name too common in DIME donor pool (n=24 same-name individuals, no recipient/candidate match) -- not search-tractable"
ho|james|james,Judge James Ho,61,"name too common in DIME donor pool (n=61 same-name individuals, no recipient/candidate match) -- not search-tractable"
sanders|anthony|anthony,Anthony Sanders,75,"name too common in DIME donor pool (n=75 same-name individuals, no recipient/candidate match) -- not search-tractable"
proctor|david|david,Judge David Proctor,84,"name too common in DIME donor pool (n=84 same-name individuals, no recipient/candidate match) -- not search-tractable"
norris|alan|alan,Judge Alan Norris,22,"name too common in DIME donor pool (n=22 same-name individuals, no recipient/candidate match) -- not search-tractable"
brown|megan|megan l,Megan L. Brown,176,"name too common in DIME donor pool (n=176 same-name individuals, no recipient/candidate match) -- not search-tractable"
barlow|katherine|katie,Katie Barlow,28,"name too common in DIME donor pool (n=28 same-name individuals, no recipient/candidate match) -- not search-tractable"
clark|kyle|kyle,Kyle Clark,107,"name too common in DIME donor pool (n=107 same-name individuals, no recipient/candidate match) -- not search-tractable"
leitch|william|will,Will Leitch,23,"name too common in DIME donor pool (n=23 same-name individuals, no recipient/candidate match) -- not search-tractable"
wolf|robert|robert,Robert Wolf,388,"name too common in DIME donor pool (n=388 same-name individuals, no recipient/candidate match) -- not search-tractable"
whitaker|mark|mark,Mark Whitaker,56,"name too common in DIME donor pool (n=56 same-name individuals, no recipient/candidate match) -- not search-tractable"
sheffield|robert|rob,Rob Sheffield,48,"name too common in DIME donor pool (n=48 same-name individuals, no recipient/candidate match) -- not search-tractable"
black|jack|jack,Jack Black,46,"name too common in DIME donor pool (n=46 same-name individuals, no recipient/candidate match) -- not search-tractable"
hughes|allen|allen,Allen Hughes,50,"name too common in DIME donor pool (n=50 same-name individuals, no recipient/candidate match) -- not search-tractable"
white|jeremy|jeremy,Jeremy White,88,"name too common in DIME donor pool (n=88 same-name individuals, no recipient/candidate match) -- not search-tractable"
strong|daniel|danny,Danny Strong,49,"name too common in DIME donor pool (n=49 same-name individuals, no recipient/candidate match) -- not search-tractable"
lucas|keith|keith,Keith Lucas,33,"name too common in DIME donor pool (n=33 same-name individuals, no recipient/candidate match) -- not search-tractable"
eisen|richard|rich,Rich Eisen,23,"name too common in DIME donor pool (n=23 same-name individuals, no recipient/candidate match) -- not search-tractable"
wright|darrell|darrell,Dr. Darrell Wright,30,"name too common in DIME donor pool (n=30 same-name individuals, no recipient/candidate match) -- not search-tractable"
sutton|samuel|sam,Sam Sutton,27,"name too common in DIME donor pool (n=27 same-name individuals, no recipient/candidate match) -- not search-tractable"
kruse|michael|michael,Michael Kruse,50,"name too common in DIME donor pool (n=50 same-name individuals, no recipient/candidate match) -- not search-tractable"
howard|andrew|andrew,Andrew Howard,144,"name too common in DIME donor pool (n=144 same-name individuals, no recipient/candidate match) -- not search-tractable"
jacobs|benjamin|ben,Ben Jacobs,64,"name too common in DIME donor pool (n=64 same-name individuals, no recipient/candidate match) -- not search-tractable"
shepard|steven|steve,Steve Shepard,46,"name too common in DIME donor pool (n=46 same-name individuals, no recipient/candidate match) -- not search-tractable"
foley|katherine|katherine,Katherine Foley,100,"name too common in DIME donor pool (n=100 same-name individuals, no recipient/candidate match) -- not search-tractable"
lopez|steven|steve,Steve Lopez,149,"name too common in DIME donor pool (n=149 same-name individuals, no recipient/candidate match) -- not search-tractable"
gardner|anthony|anthony,Anthony Gardner,57,"name too common in DIME donor pool (n=57 same-name individuals, no recipient/candidate match) -- not search-tractable"
byers|daniel|dan,Dan Byers,46,"name too common in DIME donor pool (n=46 same-name individuals, no recipient/candidate match) -- not search-tractable"
carter|sara|sara,Sara Carter,60,"name too common in DIME donor pool (n=60 same-name individuals, no recipient/candidate match) -- not search-tractable"
anderson|clay|clay,Clay Anderson,27,"name too common in DIME donor pool (n=27 same-name individuals, no recipient/candidate match) -- not search-tractable"
rosen|james|james,James Rosen,69,"name too common in DIME donor pool (n=69 same-name individuals, no recipient/candidate match) -- not search-tractable"
morgan|mark|mark,Mark Morgan,251,"name too common in DIME donor pool (n=251 same-name individuals, no recipient/candidate match) -- not search-tractable"
davis|shannon|shannon,Shannon Davis,160,"name too common in DIME donor pool (n=160 same-name individuals, no recipient/candidate match) -- not search-tractable"
lott|john|john,John Lott,56,"name too common in DIME donor pool (n=56 same-name individuals, no recipient/candidate match) -- not search-tractable"
burnham|james|james,James Burnham,80,"name too common in DIME donor pool (n=80 same-name individuals, no recipient/candidate match) -- not search-tractable"
gruber|steven|steve,Steve Gruber,21,"name too common in DIME donor pool (n=21 same-name individuals, no recipient/candidate match) -- not search-tractable"
morrissey|edward|ed,Ed Morrissey,22,"name too common in DIME donor pool (n=22 same-name individuals, no recipient/candidate match) -- not search-tractable"
coleman|adam|adam,Adam Coleman,26,"name too common in DIME donor pool (n=26 same-name individuals, no recipient/candidate match) -- not search-tractable"
powell|scott|scott,Scott Powell,152,"name too common in DIME donor pool (n=152 same-name individuals, no recipient/candidate match) -- not search-tractable"
rosenberg|joel|joel,Joel Rosenberg,43,"name too common in DIME donor pool (n=43 same-name individuals, no recipient/candidate match) -- not search-tractable"
constantino|anthony|anthony,Anthony Constantino,22,"name too common in DIME donor pool (n=22 same-name individuals, no recipient/candidate match) -- not search-tractable"
lawson|richard|richard,Richard Lawson,180,"name too common in DIME donor pool (n=180 same-name individuals, no recipient/candidate match) -- not search-tractable"
giordano|nicholas|nicholas,Nicholas Giordano,33,"name too common in DIME donor pool (n=33 same-name individuals, no recipient/candidate match) -- not search-tractable"
valdez|luis|luis,Luis Valdez,48,"name too common in DIME donor pool (n=48 same-name individuals, no recipient/candidate match) -- not search-tractable"
brock|kevin|kevin,Kevin Brock,21,"name too common in DIME donor pool (n=21 same-name individuals, no recipient/candidate match) -- not search-tractable"
piper|gregory|greg,Greg Piper,23,"name too common in DIME donor pool (n=23 same-name individuals, no recipient/candidate match) -- not search-tractable"
walker|ryan|ryan,Ryan Walker,137,"name too common in DIME donor pool (n=137 same-name individuals, no recipient/candidate match) -- not search-tractable"
mills|mark|mark,Mark Mills,126,"name too common in DIME donor pool (n=126 same-name individuals, no recipient/candidate match) -- not search-tractable"
costello|robert|bob,Bob Costello,141,"name too common in DIME donor pool (n=141 same-name individuals, no recipient/candidate match) -- not search-tractable"
perry|sarah|sarah parshall,Sarah Parshall Perry,103,"name too common in DIME donor pool (n=103 same-name individuals, no recipient/candidate match) -- not search-tractable"
adams|lauren|lauren,Lauren Adams,75,"name too common in DIME donor pool (n=75 same-name individuals, no recipient/candidate match) -- not search-tractable"
schultz|heather|heather,Heather Schultz,30,"name too common in DIME donor pool (n=30 same-name individuals, no recipient/candidate match) -- not search-tractable"
ortiz|alfredo|alfredo,Alfredo Ortiz,23,"name too common in DIME donor pool (n=23 same-name individuals, no recipient/candidate match) -- not search-tractable"
packer|john|john,Professor John Packer,22,"name too common in DIME donor pool (n=22 same-name individuals, no recipient/candidate match) -- not search-tractable"
isaac|john|john paul mac,John Paul Mac Isaac,25,"name too common in DIME donor pool (n=25 same-name individuals, no recipient/candidate match) -- not search-tractable"
keating|susan|susan katz,Susan Katz Keating,32,"name too common in DIME donor pool (n=32 same-name individuals, no recipient/candidate match) -- not search-tractable"
clarke|richard|richard,Richard Clarke,160,"name too common in DIME donor pool (n=160 same-name individuals, no recipient/candidate match) -- not search-tractable"
stanford|john|john,John Stanford,55,"name too common in DIME donor pool (n=55 same-name individuals, no recipient/candidate match) -- not search-tractable"
howes|thomas|thomas d,Thomas D. Howes,30,"name too common in DIME donor pool (n=30 same-name individuals, no recipient/candidate match) -- not search-tractable"
hoffman|elizabeth|liz,Liz Hoffman,201,"name too common in DIME donor pool (n=201 same-name individuals, no recipient/candidate match) -- not search-tractable"
brooks|arthur|arthur,Arthur Brooks,51,"name too common in DIME donor pool (n=51 same-name individuals, no recipient/candidate match) -- not search-tractable"
collier|andrew|andrew,Andrew Collier,24,"name too common in DIME donor pool (n=24 same-name individuals, no recipient/candidate match) -- not search-tractable"
lambert|andrew|andrew,Andrew Lambert,48,"name too common in DIME donor pool (n=48 same-name individuals, no recipient/candidate match) -- not search-tractable"
wang|daniel|dan,Dan Wang,80,"name too common in DIME donor pool (n=80 same-name individuals, no recipient/candidate match) -- not search-tractable"
lehman|charles|charles fain,Charles Fain Lehman,67,"name too common in DIME donor pool (n=67 same-name individuals, no recipient/candidate match) -- not search-tractable"
bloom|paul|paul,Paul Bloom,35,"name too common in DIME donor pool (n=35 same-name individuals, no recipient/candidate match) -- not search-tractable"
hudson|alexander|alex,Alex Hudson,21,"name too common in DIME donor pool (n=21 same-name individuals, no recipient/candidate match) -- not search-tractable"
kaplan|robert|robert d,Robert D. Kaplan,270,"name too common in DIME donor pool (n=270 same-name individuals, no recipient/candidate match) -- not search-tractable"
butler|jack|jack,Jack Butler,99,"name too common in DIME donor pool (n=99 same-name individuals, no recipient/candidate match) -- not search-tractable"
cooke|charles|charles cw,Charles C.W. Cooke,69,"name too common in DIME donor pool (n=69 same-name individuals, no recipient/candidate match) -- not search-tractable"
caldwell|bruce|bruce,Bruce Caldwell,30,"name too common in DIME donor pool (n=30 same-name individuals, no recipient/candidate match) -- not search-tractable"
rubin|michael|michael,Michael Rubin,194,"name too common in DIME donor pool (n=194 same-name individuals, no recipient/candidate match) -- not search-tractable"
parsons|michael|michael h,Michael H. Parsons,177,"name too common in DIME donor pool (n=177 same-name individuals, no recipient/candidate match) -- not search-tractable"
geraghty|james|jim,Jim Geraghty,42,"name too common in DIME donor pool (n=42 same-name individuals, no recipient/candidate match) -- not search-tractable"
bernstein|david|david,David Bernstein,182,"name too common in DIME donor pool (n=182 same-name individuals, no recipient/candidate match) -- not search-tractable"
carr|edward|edward,Edward Carr,104,"name too common in DIME donor pool (n=104 same-name individuals, no recipient/candidate match) -- not search-tractable"
schneider|christian|christian,Christian Schneider,25,"name too common in DIME donor pool (n=25 same-name individuals, no recipient/candidate match) -- not search-tractable"
thompson|luke|luke,Luke Thompson,33,"name too common in DIME donor pool (n=33 same-name individuals, no recipient/candidate match) -- not search-tractable"
schmitt|gary|gary,Gary Schmitt,39,"name too common in DIME donor pool (n=39 same-name individuals, no recipient/candidate match) -- not search-tractable"
lowry|richard|rich,Rich Lowry,58,"name too common in DIME donor pool (n=58 same-name individuals, no recipient/candidate match) -- not search-tractable"
rice|timothy|tim,Tim Rice,162,"name too common in DIME donor pool (n=162 same-name individuals, no recipient/candidate match) -- not search-tractable"
patterson|jessica|jessica,Jessica Patterson,41,"name too common in DIME donor pool (n=41 same-name individuals, no recipient/candidate match) -- not search-tractable"
roy|alexander|alex,Alex Roy,25,"name too common in DIME donor pool (n=25 same-name individuals, no recipient/candidate match) -- not search-tractable"
jones|jeremy|jeremy,Jeremy Jones,213,"name too common in DIME donor pool (n=213 same-name individuals, no recipient/candidate match) -- not search-tractable"
callahan|maureen|maureen,Maureen Callahan,56,"name too common in DIME donor pool (n=56 same-name individuals, no recipient/candidate match) -- not search-tractable"
bednar|david|david a,David A. Bednar,26,"name too common in DIME donor pool (n=26 same-name individuals, no recipient/candidate match) -- not search-tractable"
winston|david|david,David Winston,58,"name too common in DIME donor pool (n=58 same-name individuals, no recipient/candidate match) -- not search-tractable"
mccain|cynthia|cindy,Cindy McCain,25,"name too common in DIME donor pool (n=25 same-name individuals, no recipient/candidate match) -- not search-tractable"
burrell|david|david,David Burrell,29,"name too common in DIME donor pool (n=29 same-name individuals, no recipient/candidate match) -- not search-tractable"
crawford|jan|jan,Jan Crawford,37,"name too common in DIME donor pool (n=37 same-name individuals, no recipient/candidate match) -- not search-tractable"
cohn|gary|gary,Gary Cohn,22,"name too common in DIME donor pool (n=22 same-name individuals, no recipient/candidate match) -- not search-tractable"
adams|jerome|jerome,Jerome Adams,44,"name too common in DIME donor pool (n=44 same-name individuals, no recipient/candidate match) -- not search-tractable"
russell|catherine|catherine,Catherine Russell,59,"name too common in DIME donor pool (n=59 same-name individuals, no recipient/candidate match) -- not search-tractable"
marks|peter|peter,Dr. Peter Marks,51,"name too common in DIME donor pool (n=51 same-name individuals, no recipient/candidate match) -- not search-tractable"
drake|michael|michael,Michael Drake,123,"name too common in DIME donor pool (n=123 same-name individuals, no recipient/candidate match) -- not search-tractable"
smith|brad|brad,Brad Smith,420,"name too common in DIME donor pool (n=420 same-name individuals, no recipient/candidate match) -- not search-tractable"
burton|paul|paul,Paul Burton,78,"name too common in DIME donor pool (n=78 same-name individuals, no recipient/candidate match) -- not search-tractable"
williams|holly|holly,Holly Williams,131,"name too common in DIME donor pool (n=131 same-name individuals, no recipient/candidate match) -- not search-tractable"
collins|francis|francis,Francis Collins,54,"name too common in DIME donor pool (n=54 same-name individuals, no recipient/candidate match) -- not search-tractable"
schneider|robert|rob,Rob Schneider,486,"name too common in DIME donor pool (n=486 same-name individuals, no recipient/candidate match) -- not search-tractable"
reed|sharon|sharon,Sharon Reed,128,"name too common in DIME donor pool (n=128 same-name individuals, no recipient/candidate match) -- not search-tractable"
green|adam|adam,Adam Green,119,"name too common in DIME donor pool (n=119 same-name individuals, no recipient/candidate match) -- not search-tractable"
shuster|david|david,David Shuster,25,"name too common in DIME donor pool (n=25 same-name individuals, no recipient/candidate match) -- not search-tractable"
santana|carlos|carlos,Carlos Santana,28,"name too common in DIME donor pool (n=28 same-name individuals, no recipient/candidate match) -- not search-tractable"
frey|kevin|kevin,Kevin Frey,29,"name too common in DIME donor pool (n=29 same-name individuals, no recipient/candidate match) -- not search-tractable"
smith|stacey|stacey l,Stacey L. Smith,188,"name too common in DIME donor pool (n=188 same-name individuals, no recipient/candidate match) -- not search-tractable"
page|susan|susan,Susan Page,99,"name too common in DIME donor pool (n=99 same-name individuals, no recipient/candidate match) -- not search-tractable"
wilson|stephanie|stephanie,Dr. Stephanie Wilson,261,"name too common in DIME donor pool (n=261 same-name individuals, no recipient/candidate match) -- not search-tractable"
guzman|monica|monica,Mónica Guzmán,28,"name too common in DIME donor pool (n=28 same-name individuals, no recipient/candidate match) -- not search-tractable"
allen|carl|carl,Carl Allen,113,"name too common in DIME donor pool (n=113 same-name individuals, no recipient/candidate match) -- not search-tractable"
barr|elizabeth|beth allison,Dr. Beth Allison Barr,68,"name too common in DIME donor pool (n=68 same-name individuals, no recipient/candidate match) -- not search-tractable"
mason|julie|julie,Julie Mason,56,"name too common in DIME donor pool (n=56 same-name individuals, no recipient/candidate match) -- not search-tractable"
carney|katherine|kate,Kate Carney,32,"name too common in DIME donor pool (n=32 same-name individuals, no recipient/candidate match) -- not search-tractable"
cohen|katherine|kate,Kate Cohen,109,"name too common in DIME donor pool (n=109 same-name individuals, no recipient/candidate match) -- not search-tractable"
robison|matthew|matt,Matt Robison,30,"name too common in DIME donor pool (n=30 same-name individuals, no recipient/candidate match) -- not search-tractable"
rose|todd|todd,Dr. Todd Rose,33,"name too common in DIME donor pool (n=33 same-name individuals, no recipient/candidate match) -- not search-tractable"
ross|melanie|melanie,Melanie Ross,37,"name too common in DIME donor pool (n=37 same-name individuals, no recipient/candidate match) -- not search-tractable"
lewis|josh|josh,Josh Lewis,39,"name too common in DIME donor pool (n=39 same-name individuals, no recipient/candidate match) -- not search-tractable"
edwards|brad|brad,Brad Edwards,32,"name too common in DIME donor pool (n=32 same-name individuals, no recipient/candidate match) -- not search-tractable"
goebel|william|bill,Bill Goebel,23,"name too common in DIME donor pool (n=23 same-name individuals, no recipient/candidate match) -- not search-tractable"
hare|daniel|daniel,Daniel Hare,24,"name too common in DIME donor pool (n=24 same-name individuals, no recipient/candidate match) -- not search-tractable"
stone|jessica|jessica,Jessica Stone,62,"name too common in DIME donor pool (n=62 same-name individuals, no recipient/candidate match) -- not search-tractable"
miranda|william|bill,Bill Miranda,31,"name too common in DIME donor pool (n=31 same-name individuals, no recipient/candidate match) -- not search-tractable"
palmer|anna|anna,Anna Palmer,37,"name too common in DIME donor pool (n=37 same-name individuals, no recipient/candidate match) -- not search-tractable"
darling|daniel|daniel,Daniel Darling,25,"name too common in DIME donor pool (n=25 same-name individuals, no recipient/candidate match) -- not search-tractable"
gonzalez|alejandro|alejandro,Alejandro Gonzalez,146,"name too common in DIME donor pool (n=146 same-name individuals, no recipient/candidate match) -- not search-tractable"
dyer|jay|jay,Jay Dyer,21,"name too common in DIME donor pool (n=21 same-name individuals, no recipient/candidate match) -- not search-tractable"
wilson|rachel|rachel,Rachel Wilson,155,"name too common in DIME donor pool (n=155 same-name individuals, no recipient/candidate match) -- not search-tractable"
rogers|sarah|sarah,Sarah Rogers,138,"name too common in DIME donor pool (n=138 same-name individuals, no recipient/candidate match) -- not search-tractable"
richmond|william|bill,Bill Richmond,109,"name too common in DIME donor pool (n=109 same-name individuals, no recipient/candidate match) -- not search-tractable"
morgan|gerald|gerald,Gerald Morgan,48,"name too common in DIME donor pool (n=48 same-name individuals, no recipient/candidate match) -- not search-tractable"
epstein|robert|robert,Dr. Robert Epstein,134,"name too common in DIME donor pool (n=134 same-name individuals, no recipient/candidate match) -- not search-tractable"
rosen|alexander|alex,Alex Rosen,24,"name too common in DIME donor pool (n=24 same-name individuals, no recipient/candidate match) -- not search-tractable"
cameron|james|james,James Cameron,261,"name too common in DIME donor pool (n=261 same-name individuals, no recipient/candidate match) -- not search-tractable"
jones|lawrence|lawrence,Lawrence Jones,345,"name too common in DIME donor pool (n=345 same-name individuals, no recipient/candidate match) -- not search-tractable"
baldwin|adam|adam,Adam Baldwin,24,"name too common in DIME donor pool (n=24 same-name individuals, no recipient/candidate match) -- not search-tractable"
bryan|katherine|kate,Kate Bryan,74,"name too common in DIME donor pool (n=74 same-name individuals, no recipient/candidate match) -- not search-tractable"
graham|timothy|tim,Tim Graham,159,"name too common in DIME donor pool (n=159 same-name individuals, no recipient/candidate match) -- not search-tractable"
atkins|paul|paul,Paul Atkins,28,"name too common in DIME donor pool (n=28 same-name individuals, no recipient/candidate match) -- not search-tractable"
williams|juan|juan,Juan Williams,28,"name too common in DIME donor pool (n=28 same-name individuals, no recipient/candidate match) -- not search-tractable"
ford|pat|pat,Pat Ford,42,"name too common in DIME donor pool (n=42 same-name individuals, no recipient/candidate match) -- not search-tractable"
powell|rachel|rachel,Rachel Powell,32,"name too common in DIME donor pool (n=32 same-name individuals, no recipient/candidate match) -- not search-tractable"
price|jonathan|jonathan,Jonathan Price,114,"name too common in DIME donor pool (n=114 same-name individuals, no recipient/candidate match) -- not search-tractable"
keller|julia|julia,Julia Keller,25,"name too common in DIME donor pool (n=25 same-name individuals, no recipient/candidate match) -- not search-tractable"
green|mitchell|mitchell,Mitchell Green,47,"name too common in DIME donor pool (n=47 same-name individuals, no recipient/candidate match) -- not search-tractable"
perez|anna|anna,Anna Perez,64,"name too common in DIME donor pool (n=64 same-name individuals, no recipient/candidate match) -- not search-tractable"
lane|nicholas|nick,Nick Lane,28,"name too common in DIME donor pool (n=28 same-name individuals, no recipient/candidate match) -- not search-tractable"
hunter|adam|adam,Adam Hunter,29,"name too common in DIME donor pool (n=29 same-name individuals, no recipient/candidate match) -- not search-tractable"
stockton|richard|dick,Dick Stockton,48,"name too common in DIME donor pool (n=48 same-name individuals, no recipient/candidate match) -- not search-tractable"
martin|alexander|alex,Alex Martin,155,"name too common in DIME donor pool (n=155 same-name individuals, no recipient/candidate match) -- not search-tractable"
weiss|andrew|andrew,Andrew Weiss,106,"name too common in DIME donor pool (n=106 same-name individuals, no recipient/candidate match) -- not search-tractable"
coughlin|thomas|tom,Tom Coughlin,94,"name too common in DIME donor pool (n=94 same-name individuals, no recipient/candidate match) -- not search-tractable"
crist|john|john,John Crist,38,"name too common in DIME donor pool (n=38 same-name individuals, no recipient/candidate match) -- not search-tractable"
austin|emily|emily,Emily Austin,28,"name too common in DIME donor pool (n=28 same-name individuals, no recipient/candidate match) -- not search-tractable"
mosher|steven|steven,Steven Mosher,24,"name too common in DIME donor pool (n=24 same-name individuals, no recipient/candidate match) -- not search-tractable"
jacobs|glenn|glenn,Glenn Jacobs,25,"name too common in DIME donor pool (n=25 same-name individuals, no recipient/candidate match) -- not search-tractable"
house|karen|karen elliott,KAREN ELLIOTT HOUSE,29,"name too common in DIME donor pool (n=29 same-name individuals, no recipient/candidate match) -- not search-tractable"
springer|daniel|dan,Dan Springer,31,"name too common in DIME donor pool (n=31 same-name individuals, no recipient/candidate match) -- not search-tractable"
herbst|john|john,John Herbst,48,"name too common in DIME donor pool (n=48 same-name individuals, no recipient/candidate match) -- not search-tractable"
brown|kimberly|kimberly,Kimberly Brown,412,"name too common in DIME donor pool (n=412 same-name individuals, no recipient/candidate match) -- not search-tractable"
hamm|mary|mary katherine,Mary Katherine Hamm,30,"name too common in DIME donor pool (n=30 same-name individuals, no recipient/candidate match) -- not search-tractable"
collins|marcus|marcus,Dr. Marcus Collins,25,"name too common in DIME donor pool (n=25 same-name individuals, no recipient/candidate match) -- not search-tractable"
smith|sandra|sandra,Sandra Smith,1193,"name too common in DIME donor pool (n=1193 same-name individuals, no recipient/candidate match) -- not search-tractable"
albert|kenneth|kenny,Kenny Albert,37,"name too common in DIME donor pool (n=37 same-name individuals, no recipient/candidate match) -- not search-tractable"
gunn|robert|bobby,Bobby Gunn,100,"name too common in DIME donor pool (n=100 same-name individuals, no recipient/candidate match) -- not search-tractable"
becker|jean|jean,Jean Becker,46,"name too common in DIME donor pool (n=46 same-name individuals, no recipient/candidate match) -- not search-tractable"
devito|joseph|joe,Joe DeVito,59,"name too common in DIME donor pool (n=59 same-name individuals, no recipient/candidate match) -- not search-tractable"
orlando|anthony|tony,Tony Orlando,56,"name too common in DIME donor pool (n=56 same-name individuals, no recipient/candidate match) -- not search-tractable"
wallace|kenneth|kenny,Kenny Wallace,129,"name too common in DIME donor pool (n=129 same-name individuals, no recipient/candidate match) -- not search-tractable"
green|danielle|danielle,Danielle Green,40,"name too common in DIME donor pool (n=40 same-name individuals, no recipient/candidate match) -- not search-tractable"
li|susan|susan,Susan Li,32,"name too common in DIME donor pool (n=32 same-name individuals, no recipient/candidate match) -- not search-tractable"
werner|matthew|matt,Matt Werner,50,"name too common in DIME donor pool (n=50 same-name individuals, no recipient/candidate match) -- not search-tractable"
sokol|david|david,David Sokol,45,"name too common in DIME donor pool (n=45 same-name individuals, no recipient/candidate match) -- not search-tractable"
marino|daniel|dan,Dan Marino,56,"name too common in DIME donor pool (n=56 same-name individuals, no recipient/candidate match) -- not search-tractable"
rowe|margaret|peggy,Peggy Rowe,72,"name too common in DIME donor pool (n=72 same-name individuals, no recipient/candidate match) -- not search-tractable"
goodwin|david|david,David Goodwin,176,"name too common in DIME donor pool (n=176 same-name individuals, no recipient/candidate match) -- not search-tractable"
kelly|ray|ray,Ray Kelly,42,"name too common in DIME donor pool (n=42 same-name individuals, no recipient/candidate match) -- not search-tractable"
taylor|aaron|aaron,Aaron Taylor,116,"name too common in DIME donor pool (n=116 same-name individuals, no recipient/candidate match) -- not search-tractable"
hampton|daniel|dan,Dan Hampton,49,"name too common in DIME donor pool (n=49 same-name individuals, no recipient/candidate match) -- not search-tractable"
james|kevin|kevin,Kevin James,131,"name too common in DIME donor pool (n=131 same-name individuals, no recipient/candidate match) -- not search-tractable"
reynolds|glenn|glenn,Glenn Reynolds,49,"name too common in DIME donor pool (n=49 same-name individuals, no recipient/candidate match) -- not search-tractable"
abrams|daniel|dan,Dan Abrams,57,"name too common in DIME donor pool (n=57 same-name individuals, no recipient/candidate match) -- not search-tractable"
ballard|robert|robert,Dr. Robert Ballard,174,"name too common in DIME donor pool (n=174 same-name individuals, no recipient/candidate match) -- not search-tractable"
wade|nicholas|nicholas,Nicholas Wade,22,"name too common in DIME donor pool (n=22 same-name individuals, no recipient/candidate match) -- not search-tractable"
hanrahan|john|john,John Hanrahan,49,"name too common in DIME donor pool (n=49 same-name individuals, no recipient/candidate match) -- not search-tractable"
rollins|edward|ed,Ed Rollins,46,"name too common in DIME donor pool (n=46 same-name individuals, no recipient/candidate match) -- not search-tractable"
smith|kyle|kyle,Kyle Smith,444,"name too common in DIME donor pool (n=444 same-name individuals, no recipient/candidate match) -- not search-tractable"
gordon|katherine|kate,Kate Gordon,189,"name too common in DIME donor pool (n=189 same-name individuals, no recipient/candidate match) -- not search-tractable"
watts|edward|edward,Edward Watts,63,"name too common in DIME donor pool (n=63 same-name individuals, no recipient/candidate match) -- not search-tractable"
manning|jane|jane,Jane Manning,49,"name too common in DIME donor pool (n=49 same-name individuals, no recipient/candidate match) -- not search-tractable"
klein|nicholas|nick,Nick Klein,45,"name too common in DIME donor pool (n=45 same-name individuals, no recipient/candidate match) -- not search-tractable"
frank|adam|adam,Adam Frank,41,"name too common in DIME donor pool (n=41 same-name individuals, no recipient/candidate match) -- not search-tractable"
walker|darren|darren,Darren Walker,21,"name too common in DIME donor pool (n=21 same-name individuals, no recipient/candidate match) -- not search-tractable"
adler|david|david,David Adler,132,"name too common in DIME donor pool (n=132 same-name individuals, no recipient/candidate match) -- not search-tractable"
early|john|john,John Early,77,"name too common in DIME donor pool (n=77 same-name individuals, no recipient/candidate match) -- not search-tractable"
dolan|john|john,John Dolan,305,"name too common in DIME donor pool (n=305 same-name individuals, no recipient/candidate match) -- not search-tractable"
howard|benjamin|ben,Ben Howard,87,"name too common in DIME donor pool (n=87 same-name individuals, no recipient/candidate match) -- not search-tractable"
phillips|brad|brad,Brad Phillips,70,"name too common in DIME donor pool (n=70 same-name individuals, no recipient/candidate match) -- not search-tractable"
s|michael|michael,Michael S. Judge,62,"name too common in DIME donor pool (n=62 same-name individuals, no recipient/candidate match) -- not search-tractable"
hamilton|joel|joel,Joel Hamilton,32,"name too common in DIME donor pool (n=32 same-name individuals, no recipient/candidate match) -- not search-tractable"
lee|brandon|brandon,Brandon Lee,139,"name too common in DIME donor pool (n=139 same-name individuals, no recipient/candidate match) -- not search-tractable"
abbott|daniel|dan,Dan Abbott,42,"name too common in DIME donor pool (n=42 same-name individuals, no recipient/candidate match) -- not search-tractable"
wilson|doug|doug,Doug Wilson,150,"name too common in DIME donor pool (n=150 same-name individuals, no recipient/candidate match) -- not search-tractable"
morse|jennifer|jennifer,Dr. Jennifer Morse,53,"name too common in DIME donor pool (n=53 same-name individuals, no recipient/candidate match) -- not search-tractable"
chadwick|robert|rob,Rob Chadwick,56,"name too common in DIME donor pool (n=56 same-name individuals, no recipient/candidate match) -- not search-tractable"
patel|anita|anita k,Dr. Anita K. Patel,32,"name too common in DIME donor pool (n=32 same-name individuals, no recipient/candidate match) -- not search-tractable"
vargas|elizabeth|elizabeth,Elizabeth Vargas,37,"name too common in DIME donor pool (n=37 same-name individuals, no recipient/candidate match) -- not search-tractable"
elliott|justin|justin,Justin Elliott,22,"name too common in DIME donor pool (n=22 same-name individuals, no recipient/candidate match) -- not search-tractable"
baker|steven|steve,Steve Baker,501,"name too common in DIME donor pool (n=501 same-name individuals, no recipient/candidate match) -- not search-tractable"
fischer|jeffrey|jeffrey h,Colonel Jeffrey H. Fischer,67,"name too common in DIME donor pool (n=67 same-name individuals, no recipient/candidate match) -- not search-tractable"
prince|daniel|daniel,Daniel Prince,53,"name too common in DIME donor pool (n=53 same-name individuals, no recipient/candidate match) -- not search-tractable"
grove|richard|richard,Richard Grove,47,"name too common in DIME donor pool (n=47 same-name individuals, no recipient/candidate match) -- not search-tractable"
moss|mark|mark,Mark Moss,50,"name too common in DIME donor pool (n=50 same-name individuals, no recipient/candidate match) -- not search-tractable"
stone|roger|roger,Roger Stone,59,"name too common in DIME donor pool (n=59 same-name individuals, no recipient/candidate match) -- not search-tractable"
mccarthy|sean|sean,Sean McCarthy,187,"name too common in DIME donor pool (n=187 same-name individuals, no recipient/candidate match) -- not search-tractable"
heise|michael|michael,Michael Heise,23,"name too common in DIME donor pool (n=23 same-name individuals, no recipient/candidate match) -- not search-tractable"
roberts|alan|alan,Alan Roberts,118,"name too common in DIME donor pool (n=118 same-name individuals, no recipient/candidate match) -- not search-tractable"
robinson|charlie|charlie,Charlie Robinson,35,"name too common in DIME donor pool (n=35 same-name individuals, no recipient/candidate match) -- not search-tractable"
preston|t|t keith,T. Keith Preston,36,"name too common in DIME donor pool (n=36 same-name individuals, no recipient/candidate match) -- not search-tractable"
wallace|jeremy|jeremy,Jeremy Wallace,36,"name too common in DIME donor pool (n=36 same-name individuals, no recipient/candidate match) -- not search-tractable"
mcbride|daniel|danny,Danny McBride,89,"name too common in DIME donor pool (n=89 same-name individuals, no recipient/candidate match) -- not search-tractable"
robinson|eugene|eugene,Eugene Robinson,59,"name too common in DIME donor pool (n=59 same-name individuals, no recipient/candidate match) -- not search-tractable"
shah|neil|neil,Neil Shah,57,"name too common in DIME donor pool (n=57 same-name individuals, no recipient/candidate match) -- not search-tractable"
levine|barry|barry,Barry Levine,89,"name too common in DIME donor pool (n=89 same-name individuals, no recipient/candidate match) -- not search-tractable"
farley|richard|richard,Richard Farley,56,"name too common in DIME donor pool (n=56 same-name individuals, no recipient/candidate match) -- not search-tractable"
perry|tyler|tyler,Tyler Perry,25,"name too common in DIME donor pool (n=25 same-name individuals, no recipient/candidate match) -- not search-tractable"
reed|jack|jack,Sen. Jack Reed,127,"name too common in DIME donor pool (n=127 same-name individuals, no recipient/candidate match) -- not search-tractable"
eaton|paul|paul,Paul Eaton,51,"name too common in DIME donor pool (n=51 same-name individuals, no recipient/candidate match) -- not search-tractable"
bowman|frank|frank,Frank Bowman,39,"name too common in DIME donor pool (n=39 same-name individuals, no recipient/candidate match) -- not search-tractable"
bennett|jessica|jessica,Jessica Bennett,78,"name too common in DIME donor pool (n=78 same-name individuals, no recipient/candidate match) -- not search-tractable"
klein|jennifer|jennifer,Jennifer Klein,137,"name too common in DIME donor pool (n=137 same-name individuals, no recipient/candidate match) -- not search-tractable"
thompson|priscilla|priscilla,Priscilla Thompson,27,"name too common in DIME donor pool (n=27 same-name individuals, no recipient/candidate match) -- not search-tractable"
levin|brian|brian,Brian Levin,28,"name too common in DIME donor pool (n=28 same-name individuals, no recipient/candidate match) -- not search-tractable"
smith|harry|harry,Harry Smith,410,"name too common in DIME donor pool (n=410 same-name individuals, no recipient/candidate match) -- not search-tractable"
morrison|sara|sara,Sara Morrison,23,"name too common in DIME donor pool (n=23 same-name individuals, no recipient/candidate match) -- not search-tractable"
roth|jessica|jessica,Jessica Roth,33,"name too common in DIME donor pool (n=33 same-name individuals, no recipient/candidate match) -- not search-tractable"
miller|tanya|tanya,Tanya Miller,52,"name too common in DIME donor pool (n=52 same-name individuals, no recipient/candidate match) -- not search-tractable"
park|katherine|kathy,Kathy Park,69,"name too common in DIME donor pool (n=69 same-name individuals, no recipient/candidate match) -- not search-tractable"
holland|julie|julie,Julie Holland,45,"name too common in DIME donor pool (n=45 same-name individuals, no recipient/candidate match) -- not search-tractable"
kavanaugh|james|jim,Jim Kavanaugh,40,"name too common in DIME donor pool (n=40 same-name individuals, no recipient/candidate match) -- not search-tractable"
jackson|curtis|curtis '50 cent',Curtis '50 Cent' Jackson,71,"name too common in DIME donor pool (n=71 same-name individuals, no recipient/candidate match) -- not search-tractable"
boyle|francis|francis,Dr. Francis Boyle,27,"name too common in DIME donor pool (n=27 same-name individuals, no recipient/candidate match) -- not search-tractable"
mills|brandon|brandon,Brandon Mills,21,"name too common in DIME donor pool (n=21 same-name individuals, no recipient/candidate match) -- not search-tractable"
peterson|jesse|jesse lee,Jesse Lee Peterson,38,"name too common in DIME donor pool (n=38 same-name individuals, no recipient/candidate match) -- not search-tractable"
armstrong|martin|martin,Martin Armstrong,25,"name too common in DIME donor pool (n=25 same-name individuals, no recipient/candidate match) -- not search-tractable"
osborne|carol|carol,Dr. Carol Osborne,44,"name too common in DIME donor pool (n=44 same-name individuals, no recipient/candidate match) -- not search-tractable"
hopkins|katherine|katie,Katie Hopkins,128,"name too common in DIME donor pool (n=128 same-name individuals, no recipient/candidate match) -- not search-tractable"
johnston|elizabeth|elizabeth,Elizabeth Johnston,251,"name too common in DIME donor pool (n=251 same-name individuals, no recipient/candidate match) -- not search-tractable"
reese|gregory|greg,Greg Reese,27,"name too common in DIME donor pool (n=27 same-name individuals, no recipient/candidate match) -- not search-tractable"
lewis|clyde|clyde,Clyde Lewis,31,"name too common in DIME donor pool (n=31 same-name individuals, no recipient/candidate match) -- not search-tractable"
levy|sharon|sharon,Sharon Levy,46,"name too common in DIME donor pool (n=46 same-name individuals, no recipient/candidate match) -- not search-tractable"
russell|ashley|ashley,Ashley Russell,37,"name too common in DIME donor pool (n=37 same-name individuals, no recipient/candidate match) -- not search-tractable"
fisher|elizabeth|beth,Dr. Beth Fisher,325,"name too common in DIME donor pool (n=325 same-name individuals, no recipient/candidate match) -- not search-tractable"
mack|steven|steven,Steven Mack,71,"name too common in DIME donor pool (n=71 same-name individuals, no recipient/candidate match) -- not search-tractable"
queen|robert|bob the drag,Bob the Drag Queen,29,"name too common in DIME donor pool (n=29 same-name individuals, no recipient/candidate match) -- not search-tractable"
patterson|nicholas|nick,Dr. Nick Patterson,47,"name too common in DIME donor pool (n=47 same-name individuals, no recipient/candidate match) -- not search-tractable"
holman|cynthia|cindy,Cindy Holman,32,"name too common in DIME donor pool (n=32 same-name individuals, no recipient/candidate match) -- not search-tractable"
johnston|kenneth|ken,Ken Johnston,156,"name too common in DIME donor pool (n=156 same-name individuals, no recipient/candidate match) -- not search-tractable"
bernstein|benjamin|benjamin,Benjamin Bernstein,28,"name too common in DIME donor pool (n=28 same-name individuals, no recipient/candidate match) -- not search-tractable"
augustine|john|john st,John St. Augustine,46,"name too common in DIME donor pool (n=46 same-name individuals, no recipient/candidate match) -- not search-tractable"
brock|terry|terry,Terry Brock,23,"name too common in DIME donor pool (n=23 same-name individuals, no recipient/candidate match) -- not search-tractable"
bates|john|john,Dr. John Bates,302,"name too common in DIME donor pool (n=302 same-name individuals, no recipient/candidate match) -- not search-tractable"
hauser|william|bill,Bill Hauser,60,"name too common in DIME donor pool (n=60 same-name individuals, no recipient/candidate match) -- not search-tractable"
mercer|christopher|chris,Chris Mercer,24,"name too common in DIME donor pool (n=24 same-name individuals, no recipient/candidate match) -- not search-tractable"
buss|david|david,Dr David Buss,32,"name too common in DIME donor pool (n=32 same-name individuals, no recipient/candidate match) -- not search-tractable"
reid|patricia|patricia,Patricia Reid,114,"name too common in DIME donor pool (n=114 same-name individuals, no recipient/candidate match) -- not search-tractable"
farrell|robert|robert e,Dr. Robert E. Farrell,249,"name too common in DIME donor pool (n=249 same-name individuals, no recipient/candidate match) -- not search-tractable"
schroder|robert|bob,Bob Schroder,27,"name too common in DIME donor pool (n=27 same-name individuals, no recipient/candidate match) -- not search-tractable"
lee|karen|karen,Karen Lee,446,"name too common in DIME donor pool (n=446 same-name individuals, no recipient/candidate match) -- not search-tractable"
johnson|joanna|joanna,Joanna Johnson,53,"name too common in DIME donor pool (n=53 same-name individuals, no recipient/candidate match) -- not search-tractable"
kim|michelle|michelle mijung,Michelle MiJung Kim,116,"name too common in DIME donor pool (n=116 same-name individuals, no recipient/candidate match) -- not search-tractable"
ellis|sarah|sarah kate,Sarah Kate Ellis,102,"name too common in DIME donor pool (n=102 same-name individuals, no recipient/candidate match) -- not search-tractable"
salter|mark|mark,Mark Salter,23,"name too common in DIME donor pool (n=23 same-name individuals, no recipient/candidate match) -- not search-tractable"
saunders|elizabeth|elizabeth,Elizabeth Saunders,87,"name too common in DIME donor pool (n=87 same-name individuals, no recipient/candidate match) -- not search-tractable"
reynolds|christina|christina,Christina Reynolds,39,"name too common in DIME donor pool (n=39 same-name individuals, no recipient/candidate match) -- not search-tractable"
young|cathy|cathy,Cathy Young,65,"name too common in DIME donor pool (n=65 same-name individuals, no recipient/candidate match) -- not search-tractable"
long|heather|heather,Heather Long,46,"name too common in DIME donor pool (n=46 same-name individuals, no recipient/candidate match) -- not search-tractable"
dye|elizabeth|liz,Liz Dye,29,"name too common in DIME donor pool (n=29 same-name individuals, no recipient/candidate match) -- not search-tractable"
young|lauren|lauren,Lauren Young,102,"name too common in DIME donor pool (n=102 same-name individuals, no recipient/candidate match) -- not search-tractable"
milligan|susan|susan,Susan Milligan,26,"name too common in DIME donor pool (n=26 same-name individuals, no recipient/candidate match) -- not search-tractable"
jenkins|jesse|jesse,Jesse Jenkins,35,"name too common in DIME donor pool (n=35 same-name individuals, no recipient/candidate match) -- not search-tractable"
bernstein|jonathan|jonathan,Jonathan Bernstein,46,"name too common in DIME donor pool (n=46 same-name individuals, no recipient/candidate match) -- not search-tractable"
kessler|james|jim,Jim Kessler,89,"name too common in DIME donor pool (n=89 same-name individuals, no recipient/candidate match) -- not search-tractable"
bennett|rebecca|rebecca,Rebecca Bennett,97,"name too common in DIME donor pool (n=97 same-name individuals, no recipient/candidate match) -- not search-tractable"
mueller|nicholas|nick,Nick Mueller,37,"name too common in DIME donor pool (n=37 same-name individuals, no recipient/candidate match) -- not search-tractable"
greenberg|stanley|stanley,Stanley Greenberg,39,"name too common in DIME donor pool (n=39 same-name individuals, no recipient/candidate match) -- not search-tractable"
blair|anthony|tony,Tony Blair,21,"name too common in DIME donor pool (n=21 same-name individuals, no recipient/candidate match) -- not search-tractable"
wessel|david|david,David Wessel,28,"name too common in DIME donor pool (n=28 same-name individuals, no recipient/candidate match) -- not search-tractable"
mcneil|donald|donald,Donald McNeil,31,"name too common in DIME donor pool (n=31 same-name individuals, no recipient/candidate match) -- not search-tractable"
silverman|sarah|sarah,Sarah Silverman,23,"name too common in DIME donor pool (n=23 same-name individuals, no recipient/candidate match) -- not search-tractable"
cook|charlie|charlie,Charlie Cook,30,"name too common in DIME donor pool (n=30 same-name individuals, no recipient/candidate match) -- not search-tractable"
burton|kelly|kelly,Kelly Burton,27,"name too common in DIME donor pool (n=27 same-name individuals, no recipient/candidate match) -- not search-tractable"
kuhn|david|david paul,David Paul Kuhn,78,"name too common in DIME donor pool (n=78 same-name individuals, no recipient/candidate match) -- not search-tractable"
berman|jeff|jeff,Jeff Berman,22,"name too common in DIME donor pool (n=22 same-name individuals, no recipient/candidate match) -- not search-tractable"
craig|gregory|greg,Greg Craig,27,"name too common in DIME donor pool (n=27 same-name individuals, no recipient/candidate match) -- not search-tractable"
lanier|mark|mark,Mark Lanier,27,"name too common in DIME donor pool (n=27 same-name individuals, no recipient/candidate match) -- not search-tractable"
dickinson|jonathan|jonathan,Jonathan Dickinson,21,"name too common in DIME donor pool (n=21 same-name individuals, no recipient/candidate match) -- not search-tractable"
hubbard|brian|brian,Brian Hubbard,43,"name too common in DIME donor pool (n=43 same-name individuals, no recipient/candidate match) -- not search-tractable"
henderson|matthew|matthew,Matthew Henderson,127,"name too common in DIME donor pool (n=127 same-name individuals, no recipient/candidate match) -- not search-tractable"
mcdermott|ryan|ryan,Ryan McDermott,42,"name too common in DIME donor pool (n=42 same-name individuals, no recipient/candidate match) -- not search-tractable"
jackson|jessica|jessica,Jessica Jackson,104,"name too common in DIME donor pool (n=104 same-name individuals, no recipient/candidate match) -- not search-tractable"
hall|jessica|jessica,Jessica Hall,124,"name too common in DIME donor pool (n=124 same-name individuals, no recipient/candidate match) -- not search-tractable"
stein|benjamin|ben,Ben Stein,78,"name too common in DIME donor pool (n=78 same-name individuals, no recipient/candidate match) -- not search-tractable"
harmon|jeff|jeff,Jeff Harmon,32,"name too common in DIME donor pool (n=32 same-name individuals, no recipient/candidate match) -- not search-tractable"
hammond|matthew|matt,Matt Hammond,73,"name too common in DIME donor pool (n=73 same-name individuals, no recipient/candidate match) -- not search-tractable"
kang|david|david,David Kang,53,"name too common in DIME donor pool (n=53 same-name individuals, no recipient/candidate match) -- not search-tractable"
gonzalez|thomas|tommy,Tommy Gonzalez,65,"name too common in DIME donor pool (n=65 same-name individuals, no recipient/candidate match) -- not search-tractable"
reynolds|nicholas|nicholas,Nicholas Reynolds,64,"name too common in DIME donor pool (n=64 same-name individuals, no recipient/candidate match) -- not search-tractable"
young|molly|molly grace,Molly Grace Young,33,"name too common in DIME donor pool (n=33 same-name individuals, no recipient/candidate match) -- not search-tractable"
gore|christopher|chris,Chris Gore,25,"name too common in DIME donor pool (n=25 same-name individuals, no recipient/candidate match) -- not search-tractable"
robinson|peter|peter m,Peter M. Robinson,179,"name too common in DIME donor pool (n=179 same-name individuals, no recipient/candidate match) -- not search-tractable"
hanson|jack|jack,Jack Hanson,28,"name too common in DIME donor pool (n=28 same-name individuals, no recipient/candidate match) -- not search-tractable"
gonzalez|pedro|pedro,Pedro Gonzalez,153,"name too common in DIME donor pool (n=153 same-name individuals, no recipient/candidate match) -- not search-tractable"
wagner|katherine|kate,Kate Wagner,233,"name too common in DIME donor pool (n=233 same-name individuals, no recipient/candidate match) -- not search-tractable"
caldwell|christopher|christopher,Christopher Caldwell,120,"name too common in DIME donor pool (n=120 same-name individuals, no recipient/candidate match) -- not search-tractable"
taylor|brandon|brandon,Brandon Taylor,129,"name too common in DIME donor pool (n=129 same-name individuals, no recipient/candidate match) -- not search-tractable"
harris|malcolm|malcolm,Malcolm Harris,38,"name too common in DIME donor pool (n=38 same-name individuals, no recipient/candidate match) -- not search-tractable"
schneider|suzanne|suzanne,Suzanne Schneider,24,"name too common in DIME donor pool (n=24 same-name individuals, no recipient/candidate match) -- not search-tractable"
bush|jonathan|jonathan,Jonathan Bush,67,"name too common in DIME donor pool (n=67 same-name individuals, no recipient/candidate match) -- not search-tractable"
greer|steven|steve,Dr Steve Greer,57,"name too common in DIME donor pool (n=57 same-name individuals, no recipient/candidate match) -- not search-tractable"
williams|terrence|terrence,Terrence Williams,45,"name too common in DIME donor pool (n=45 same-name individuals, no recipient/candidate match) -- not search-tractable"
david|patrick|patrick bet,Patrick Bet David,23,"name too common in DIME donor pool (n=23 same-name individuals, no recipient/candidate match) -- not search-tractable"
harmon|jeffrey|jeffrey,Jeffrey Harmon,29,"name too common in DIME donor pool (n=29 same-name individuals, no recipient/candidate match) -- not search-tractable"
howard|jonathan|jonathan,Jonathan Howard,136,"name too common in DIME donor pool (n=136 same-name individuals, no recipient/candidate match) -- not search-tractable"
mcentee|john|john,John McEntee,28,"name too common in DIME donor pool (n=28 same-name individuals, no recipient/candidate match) -- not search-tractable"
clark|jeff|jeff,Jeff Clark,253,"name too common in DIME donor pool (n=253 same-name individuals, no recipient/candidate match) -- not search-tractable"
bowling|mark|mark,Mark Bowling,21,"name too common in DIME donor pool (n=21 same-name individuals, no recipient/candidate match) -- not search-tractable"
meyer|stephen|stephen,Stephen Meyer,169,"name too common in DIME donor pool (n=169 same-name individuals, no recipient/candidate match) -- not search-tractable"
olson|kyle|kyle,Kyle Olson,54,"name too common in DIME donor pool (n=54 same-name individuals, no recipient/candidate match) -- not search-tractable"
klein|philip|philip,Philip Klein,61,"name too common in DIME donor pool (n=61 same-name individuals, no recipient/candidate match) -- not search-tractable"
sutton|matthew|matthew avery,Matthew Avery Sutton,63,"name too common in DIME donor pool (n=63 same-name individuals, no recipient/candidate match) -- not search-tractable"
burns|katherine|kate,Kate Burns,204,"name too common in DIME donor pool (n=204 same-name individuals, no recipient/candidate match) -- not search-tractable"
levin|sarah|sarah,Sarah Levin,32,"name too common in DIME donor pool (n=32 same-name individuals, no recipient/candidate match) -- not search-tractable"
nelson|anne|anne,Anne Nelson,183,"name too common in DIME donor pool (n=183 same-name individuals, no recipient/candidate match) -- not search-tractable"
baker|kelly|kelly j,Dr. Kelly J. Baker,142,"name too common in DIME donor pool (n=142 same-name individuals, no recipient/candidate match) -- not search-tractable"
boston|robert|rob,Rob Boston,35,"name too common in DIME donor pool (n=35 same-name individuals, no recipient/candidate match) -- not search-tractable"
perry|samuel|sam,Sam Perry,95,"name too common in DIME donor pool (n=95 same-name individuals, no recipient/candidate match) -- not search-tractable"
jacobs|cynthia|cindy,Cindy Jacobs,82,"name too common in DIME donor pool (n=82 same-name individuals, no recipient/candidate match) -- not search-tractable"
chen|carolyn|carolyn,Carolyn Chen,22,"name too common in DIME donor pool (n=22 same-name individuals, no recipient/candidate match) -- not search-tractable"
moore|amanda|amanda,Amanda Moore,177,"name too common in DIME donor pool (n=177 same-name individuals, no recipient/candidate match) -- not search-tractable"
brandt|cynthia|cindy wang,Cindy Wang Brandt,46,"name too common in DIME donor pool (n=46 same-name individuals, no recipient/candidate match) -- not search-tractable"
johnson|jessica|jessica,Dr. Jessica Johnson,441,"name too common in DIME donor pool (n=441 same-name individuals, no recipient/candidate match) -- not search-tractable"
wilson|luke|luke,Luke Wilson,26,"name too common in DIME donor pool (n=26 same-name individuals, no recipient/candidate match) -- not search-tractable"
howard|kyle|kyle j,Kyle J. Howard,24,"name too common in DIME donor pool (n=24 same-name individuals, no recipient/candidate match) -- not search-tractable"
kemp|kenneth|ken,Ken Kemp,39,"name too common in DIME donor pool (n=39 same-name individuals, no recipient/candidate match) -- not search-tractable"
newton|richard|richard,Richard Newton,142,"name too common in DIME donor pool (n=142 same-name individuals, no recipient/candidate match) -- not search-tractable"
mitchell|thomas|thomas,Thomas Mitchell,715,"name too common in DIME donor pool (n=715 same-name individuals, no recipient/candidate match) -- not search-tractable"
kitchen|robert|bob,Bob Kitchen,25,"name too common in DIME donor pool (n=25 same-name individuals, no recipient/candidate match) -- not search-tractable"
gallagher|katherine|katherine,Katherine Gallagher,184,"name too common in DIME donor pool (n=184 same-name individuals, no recipient/candidate match) -- not search-tractable"
lin|elizabeth|liza,Liza Lin,21,"name too common in DIME donor pool (n=21 same-name individuals, no recipient/candidate match) -- not search-tractable"
smith|jordan|jordan,Jordan Smith,277,"name too common in DIME donor pool (n=277 same-name individuals, no recipient/candidate match) -- not search-tractable"
laux|michael|mike,Mike Laux,26,"name too common in DIME donor pool (n=26 same-name individuals, no recipient/candidate match) -- not search-tractable"
gilbert|jonathan|johnny,Johnny Gilbert Jr.,86,"name too common in DIME donor pool (n=86 same-name individuals, no recipient/candidate match) -- not search-tractable"
mackey|robert|robert,Robert Mackey,95,"name too common in DIME donor pool (n=95 same-name individuals, no recipient/candidate match) -- not search-tractable"
rogers|amanda|amanda,Amanda Rogers,37,"name too common in DIME donor pool (n=37 same-name individuals, no recipient/candidate match) -- not search-tractable"
schwarz|jonathan|jon,Jon Schwarz,23,"name too common in DIME donor pool (n=23 same-name individuals, no recipient/candidate match) -- not search-tractable"
sanchez|julian|julian,Julian Sanchez,34,"name too common in DIME donor pool (n=34 same-name individuals, no recipient/candidate match) -- not search-tractable"
fisher|franklin|franklin james,Franklin James Fisher,33,"name too common in DIME donor pool (n=33 same-name individuals, no recipient/candidate match) -- not search-tractable"
pinto|nicholas|nick,Nick Pinto,22,"name too common in DIME donor pool (n=22 same-name individuals, no recipient/candidate match) -- not search-tractable"
brown|barrett|barrett,Barrett Brown,32,"name too common in DIME donor pool (n=32 same-name individuals, no recipient/candidate match) -- not search-tractable"
palmer|amanda|amanda,Amanda Palmer,45,"name too common in DIME donor pool (n=45 same-name individuals, no recipient/candidate match) -- not search-tractable"
baker|katherine|katie,Katie Baker,475,"name too common in DIME donor pool (n=475 same-name individuals, no recipient/candidate match) -- not search-tractable"
fernandez|james|james,James Fernandez,59,"name too common in DIME donor pool (n=59 same-name individuals, no recipient/candidate match) -- not search-tractable"
ketcham|john|john,John Ketcham,22,"name too common in DIME donor pool (n=22 same-name individuals, no recipient/candidate match) -- not search-tractable"
warner|gregory|gregory,Gregory Warner,62,"name too common in DIME donor pool (n=62 same-name individuals, no recipient/candidate match) -- not search-tractable"
singer|jeffrey|jeffrey,Dr. Jeffrey Singer,56,"name too common in DIME donor pool (n=56 same-name individuals, no recipient/candidate match) -- not search-tractable"
rosenthal|steven|steve,Steve Rosenthal,83,"name too common in DIME donor pool (n=83 same-name individuals, no recipient/candidate match) -- not search-tractable"
higgins|justin|justin,Justin Higgins,26,"name too common in DIME donor pool (n=26 same-name individuals, no recipient/candidate match) -- not search-tractable"
cheng|jonathan|jonathan,Jonathan Cheng,21,"name too common in DIME donor pool (n=21 same-name individuals, no recipient/candidate match) -- not search-tractable"
macdonald|alexander|alex,Alex MacDonald,56,"name too common in DIME donor pool (n=56 same-name individuals, no recipient/candidate match) -- not search-tractable"
horner|christopher|chris,Chris Horner,24,"name too common in DIME donor pool (n=24 same-name individuals, no recipient/candidate match) -- not search-tractable"
friedman|thomas|thomas l,Thomas L. Friedman,53,"name too common in DIME donor pool (n=53 same-name individuals, no recipient/candidate match) -- not search-tractable"
kelly|jason|jason,Jason Kelly,100,"name too common in DIME donor pool (n=100 same-name individuals, no recipient/candidate match) -- not search-tractable"
bishop|william|bill,Bill Bishop,378,"name too common in DIME donor pool (n=378 same-name individuals, no recipient/candidate match) -- not search-tractable"
marcus|gary|gary,Gary Marcus,22,"name too common in DIME donor pool (n=22 same-name individuals, no recipient/candidate match) -- not search-tractable"
johnson|holly|holly,Holly Johnson,202,"name too common in DIME donor pool (n=202 same-name individuals, no recipient/candidate match) -- not search-tractable"
mann|catherine|catherine,Catherine Mann,26,"name too common in DIME donor pool (n=26 same-name individuals, no recipient/candidate match) -- not search-tractable"
moreno|luis|luis,Luis Moreno,99,"name too common in DIME donor pool (n=99 same-name individuals, no recipient/candidate match) -- not search-tractable"
ferguson|jane|jane,Jane Ferguson,87,"name too common in DIME donor pool (n=87 same-name individuals, no recipient/candidate match) -- not search-tractable"
osborne|george|george,George Osborne,51,"name too common in DIME donor pool (n=51 same-name individuals, no recipient/candidate match) -- not search-tractable"
webb|jeff|jeff,Jeff Webb,56,"name too common in DIME donor pool (n=56 same-name individuals, no recipient/candidate match) -- not search-tractable"
scharf|william|will,Will Scharf,30,"name too common in DIME donor pool (n=30 same-name individuals, no recipient/candidate match) -- not search-tractable"
lyons|anthony|tony,Tony Lyons,45,"name too common in DIME donor pool (n=45 same-name individuals, no recipient/candidate match) -- not search-tractable"
hartman|julie|julie,Julie Hartman,43,"name too common in DIME donor pool (n=43 same-name individuals, no recipient/candidate match) -- not search-tractable"
sparks|timothy|tim,Tim Sparks,45,"name too common in DIME donor pool (n=45 same-name individuals, no recipient/candidate match) -- not search-tractable"
allen|andrew|drew thomas,Drew Thomas Allen,207,"name too common in DIME donor pool (n=207 same-name individuals, no recipient/candidate match) -- not search-tractable"
watson|gene|gene,Gene Watson,46,"name too common in DIME donor pool (n=46 same-name individuals, no recipient/candidate match) -- not search-tractable"
moriarty|james|jim,Jim Moriarty,93,"name too common in DIME donor pool (n=93 same-name individuals, no recipient/candidate match) -- not search-tractable"
robertson|jack|jack,Jack Robertson,68,"name too common in DIME donor pool (n=68 same-name individuals, no recipient/candidate match) -- not search-tractable"
taylor|travis|travis,Dr. Travis Taylor,93,"name too common in DIME donor pool (n=93 same-name individuals, no recipient/candidate match) -- not search-tractable"
vasquez|joseph|joseph,Joseph Vasquez,94,"name too common in DIME donor pool (n=94 same-name individuals, no recipient/candidate match) -- not search-tractable"
gibson|lois|lois,Lois Gibson,31,"name too common in DIME donor pool (n=31 same-name individuals, no recipient/candidate match) -- not search-tractable"
fernandez|richard|richard,Richard Fernandez Jr,120,"name too common in DIME donor pool (n=120 same-name individuals, no recipient/candidate match) -- not search-tractable"
vazquez|joseph|joseph,Joseph Vazquez,44,"name too common in DIME donor pool (n=44 same-name individuals, no recipient/candidate match) -- not search-tractable"
bailey|kim|kim,Kim Bailey,79,"name too common in DIME donor pool (n=79 same-name individuals, no recipient/candidate match) -- not search-tractable"
hall|tammy|tammy,Tammy Hall,57,"name too common in DIME donor pool (n=57 same-name individuals, no recipient/candidate match) -- not search-tractable"
bell|denise|denise,Denise Bell,80,"name too common in DIME donor pool (n=80 same-name individuals, no recipient/candidate match) -- not search-tractable"
harris|trey|trey,Trey Harris,23,"name too common in DIME donor pool (n=23 same-name individuals, no recipient/candidate match) -- not search-tractable"
johnson|bryan|bryan,Bryan Johnson,278,"name too common in DIME donor pool (n=278 same-name individuals, no recipient/candidate match) -- not search-tractable"
goldstein|joshua|joshua s,Joshua S. Goldstein,62,"name too common in DIME donor pool (n=62 same-name individuals, no recipient/candidate match) -- not search-tractable"
ramsey|david|dave,Dave Ramsey,204,"name too common in DIME donor pool (n=204 same-name individuals, no recipient/candidate match) -- not search-tractable"
hyman|mark|mark,Dr. Mark Hyman,38,"name too common in DIME donor pool (n=38 same-name individuals, no recipient/candidate match) -- not search-tractable"
pettis|michael|michael,Michael Pettis,23,"name too common in DIME donor pool (n=23 same-name individuals, no recipient/candidate match) -- not search-tractable"
larson|ann|ann,Ann Larson,132,"name too common in DIME donor pool (n=132 same-name individuals, no recipient/candidate match) -- not search-tractable"
brand|david|david,David Brand,61,"name too common in DIME donor pool (n=61 same-name individuals, no recipient/candidate match) -- not search-tractable"
rodriguez|felix|felix matos,Félix Matos Rodríguez,119,"name too common in DIME donor pool (n=119 same-name individuals, no recipient/candidate match) -- not search-tractable"
lewis|rebecca|rebecca,Rebecca Lewis,187,"name too common in DIME donor pool (n=187 same-name individuals, no recipient/candidate match) -- not search-tractable"
parrott|james|james,James Parrott,48,"name too common in DIME donor pool (n=48 same-name individuals, no recipient/candidate match) -- not search-tractable"
adams|michelle|michelle,Michelle Adams,177,"name too common in DIME donor pool (n=177 same-name individuals, no recipient/candidate match) -- not search-tractable"
alexander|elizabeth|elizabeth,Elizabeth Alexander,257,"name too common in DIME donor pool (n=257 same-name individuals, no recipient/candidate match) -- not search-tractable"
holman|robert|bob,Bob Holman,118,"name too common in DIME donor pool (n=118 same-name individuals, no recipient/candidate match) -- not search-tractable"
childs|mary|mary,Mary Childs,57,"name too common in DIME donor pool (n=57 same-name individuals, no recipient/candidate match) -- not search-tractable"
ruiz|juan|juan carlos,Reverend Juan Carlos Ruiz,139,"name too common in DIME donor pool (n=139 same-name individuals, no recipient/candidate match) -- not search-tractable"
perez|rosie|rosie,Rosie Perez,24,"name too common in DIME donor pool (n=24 same-name individuals, no recipient/candidate match) -- not search-tractable"
wolf|nicholas|nicholas,Nicholas Wolf,39,"name too common in DIME donor pool (n=39 same-name individuals, no recipient/candidate match) -- not search-tractable"
leland|john|john,John Leland,29,"name too common in DIME donor pool (n=29 same-name individuals, no recipient/candidate match) -- not search-tractable"
welch|craig|craig,Craig Welch,29,"name too common in DIME donor pool (n=29 same-name individuals, no recipient/candidate match) -- not search-tractable"
cruz|rachel|rachel,Rachel Cruz,22,"name too common in DIME donor pool (n=22 same-name individuals, no recipient/candidate match) -- not search-tractable"
thompson|heather|heather ann,Heather Ann Thompson,134,"name too common in DIME donor pool (n=134 same-name individuals, no recipient/candidate match) -- not search-tractable"
williams|annie|annie joy,Annie Joy Williams,150,"name too common in DIME donor pool (n=150 same-name individuals, no recipient/candidate match) -- not search-tractable"
elliott|rebecca|rebecca f,Rebecca F. Elliott,56,"name too common in DIME donor pool (n=56 same-name individuals, no recipient/candidate match) -- not search-tractable"
chow|andrew|andrew r,Andrew R. Chow,25,"name too common in DIME donor pool (n=25 same-name individuals, no recipient/candidate match) -- not search-tractable"
cruz|gilbert|gilbert,Gilbert Cruz,24,"name too common in DIME donor pool (n=24 same-name individuals, no recipient/candidate match) -- not search-tractable"
cohen|zachary|zachary,Zachary Cohen,67,"name too common in DIME donor pool (n=67 same-name individuals, no recipient/candidate match) -- not search-tractable"
hong|joseph|joe,Joe Hong,21,"name too common in DIME donor pool (n=21 same-name individuals, no recipient/candidate match) -- not search-tractable"
rivera|samuel|sam,Sam Rivera,65,"name too common in DIME donor pool (n=65 same-name individuals, no recipient/candidate match) -- not search-tractable"
berman|andrew|andrew,Andrew Berman,70,"name too common in DIME donor pool (n=70 same-name individuals, no recipient/candidate match) -- not search-tractable"
torres|amelia|amy,Amy Torres,50,"name too common in DIME donor pool (n=50 same-name individuals, no recipient/candidate match) -- not search-tractable"
cruz|david|david,David Cruz,149,"name too common in DIME donor pool (n=149 same-name individuals, no recipient/candidate match) -- not search-tractable"
linden|robert|bob van der,Bob van der Linden,39,"name too common in DIME donor pool (n=39 same-name individuals, no recipient/candidate match) -- not search-tractable"
austin|jennifer|jennifer jones,Jennifer Jones Austin,103,"name too common in DIME donor pool (n=103 same-name individuals, no recipient/candidate match) -- not search-tractable"
moore|jared|jared,Jared Moore,42,"name too common in DIME donor pool (n=42 same-name individuals, no recipient/candidate match) -- not search-tractable"
arnold|christopher|chris feliciano,Chris Feliciano Arnold,126,"name too common in DIME donor pool (n=126 same-name individuals, no recipient/candidate match) -- not search-tractable"
gilbert|sarah|sarah,Sarah Gilbert,75,"name too common in DIME donor pool (n=75 same-name individuals, no recipient/candidate match) -- not search-tractable"
daniels|thomas|thomas,Thomas Daniels,204,"name too common in DIME donor pool (n=204 same-name individuals, no recipient/candidate match) -- not search-tractable"
barnes|katherine|katie,Katie Barnes,189,"name too common in DIME donor pool (n=189 same-name individuals, no recipient/candidate match) -- not search-tractable"
brown|phil|phil,Phil Brown,80,"name too common in DIME donor pool (n=80 same-name individuals, no recipient/candidate match) -- not search-tractable"
coker|robert|robert,Robert Coker,61,"name too common in DIME donor pool (n=61 same-name individuals, no recipient/candidate match) -- not search-tractable"
barnes|douglas|douglas,Douglas Barnes,77,"name too common in DIME donor pool (n=77 same-name individuals, no recipient/candidate match) -- not search-tractable"
cohen|gary|gary,Gary Cohen,200,"name too common in DIME donor pool (n=200 same-name individuals, no recipient/candidate match) -- not search-tractable"
parker|marjorie|marjorie,Marjorie Parker,40,"name too common in DIME donor pool (n=40 same-name individuals, no recipient/candidate match) -- not search-tractable"
graham|mark|mark,Mark Graham,206,"name too common in DIME donor pool (n=206 same-name individuals, no recipient/candidate match) -- not search-tractable"
brown|sarah|sarah,Sarah Brown,558,"name too common in DIME donor pool (n=558 same-name individuals, no recipient/candidate match) -- not search-tractable"
rosenberg|joseph|joseph,Joseph Rosenberg,61,"name too common in DIME donor pool (n=61 same-name individuals, no recipient/candidate match) -- not search-tractable"
chen|anthony|anthony,Anthony Chen,96,"name too common in DIME donor pool (n=96 same-name individuals, no recipient/candidate match) -- not search-tractable"
wise|jeff|jeff,Jeff Wise,22,"name too common in DIME donor pool (n=22 same-name individuals, no recipient/candidate match) -- not search-tractable"
gardner|timothy|timothy,Timothy Gardner,116,"name too common in DIME donor pool (n=116 same-name individuals, no recipient/candidate match) -- not search-tractable"
fox|jennifer|jenny,Jenny Fox,159,"name too common in DIME donor pool (n=159 same-name individuals, no recipient/candidate match) -- not search-tractable"
jennings|rebecca|rebecca,Rebecca Jennings,34,"name too common in DIME donor pool (n=34 same-name individuals, no recipient/candidate match) -- not search-tractable"
hinojosa|maria|maria,Maria Hinojosa,31,"name too common in DIME donor pool (n=31 same-name individuals, no recipient/candidate match) -- not search-tractable"
lerner|susan|susan,Susan Lerner,40,"name too common in DIME donor pool (n=40 same-name individuals, no recipient/candidate match) -- not search-tractable"
silk|thomas|tommy,Tommy Silk,21,"name too common in DIME donor pool (n=21 same-name individuals, no recipient/candidate match) -- not search-tractable"
young|gregory|greg,Greg Young,336,"name too common in DIME donor pool (n=336 same-name individuals, no recipient/candidate match) -- not search-tractable"
newman|lisa|lisa,Lisa Newman,107,"name too common in DIME donor pool (n=107 same-name individuals, no recipient/candidate match) -- not search-tractable"
nelson|erik|erik,Erik Nelson,131,"name too common in DIME donor pool (n=131 same-name individuals, no recipient/candidate match) -- not search-tractable"
wolfe|rachel|rachel,Rachel Wolfe,28,"name too common in DIME donor pool (n=28 same-name individuals, no recipient/candidate match) -- not search-tractable"
green|rachel|rachel,Rachel Green,85,"name too common in DIME donor pool (n=85 same-name individuals, no recipient/candidate match) -- not search-tractable"
ritter|scott|scott,Scott Ritter,34,"name too common in DIME donor pool (n=34 same-name individuals, no recipient/candidate match) -- not search-tractable"
betz|david|david,David Betz,36,"name too common in DIME donor pool (n=36 same-name individuals, no recipient/candidate match) -- not search-tractable"
wong|nelson|nelson,Nelson Wong,23,"name too common in DIME donor pool (n=23 same-name individuals, no recipient/candidate match) -- not search-tractable"
galloway|george|george,George Galloway,36,"name too common in DIME donor pool (n=36 same-name individuals, no recipient/candidate match) -- not search-tractable"
mcmahon|peter|peter,Peter McMahon,40,"name too common in DIME donor pool (n=40 same-name individuals, no recipient/candidate match) -- not search-tractable"
berg|aaron|aaron,Aaron Berg,26,"name too common in DIME donor pool (n=26 same-name individuals, no recipient/candidate match) -- not search-tractable"
ann|lisa|lisa,Lisa Ann,29,"name too common in DIME donor pool (n=29 same-name individuals, no recipient/candidate match) -- not search-tractable"
roberts|evan|evan,Evan Roberts,39,"name too common in DIME donor pool (n=39 same-name individuals, no recipient/candidate match) -- not search-tractable"
ludwig|thomas|thomas,Thomas Ludwig,43,"name too common in DIME donor pool (n=43 same-name individuals, no recipient/candidate match) -- not search-tractable"
reese|ryan|ryan,Ryan Reese,21,"name too common in DIME donor pool (n=21 same-name individuals, no recipient/candidate match) -- not search-tractable"
robinson|heather|heather,Heather Robinson,94,"name too common in DIME donor pool (n=94 same-name individuals, no recipient/candidate match) -- not search-tractable"
cruz|jessica|jessica de la,Jessica de la Cruz,42,"name too common in DIME donor pool (n=42 same-name individuals, no recipient/candidate match) -- not search-tractable"
smith|amber|amber,Amber Smith,147,"name too common in DIME donor pool (n=147 same-name individuals, no recipient/candidate match) -- not search-tractable"
levin|harvey|harvey,Harvey Levin,28,"name too common in DIME donor pool (n=28 same-name individuals, no recipient/candidate match) -- not search-tractable"
family|the|the failla,The Failla Family,52,"name too common in DIME donor pool (n=52 same-name individuals, no recipient/candidate match) -- not search-tractable"
martin|deanna|deanna,Deanna Martin,41,"name too common in DIME donor pool (n=41 same-name individuals, no recipient/candidate match) -- not search-tractable"
ingram|daniel|daniel m,Dr. Daniel M. Ingram,55,"name too common in DIME donor pool (n=55 same-name individuals, no recipient/candidate match) -- not search-tractable"
higgins|patrick|patrick,Patrick Higgins,127,"name too common in DIME donor pool (n=127 same-name individuals, no recipient/candidate match) -- not search-tractable"
james|joy|joy,Joy James,29,"name too common in DIME donor pool (n=29 same-name individuals, no recipient/candidate match) -- not search-tractable"
chaney|william|william,William Chaney,75,"name too common in DIME donor pool (n=75 same-name individuals, no recipient/candidate match) -- not search-tractable"
riggins|thomas|thomas,Thomas Riggins,21,"name too common in DIME donor pool (n=21 same-name individuals, no recipient/candidate match) -- not search-tractable"
russell|joshua|joshua kahn,Joshua Kahn Russell,40,"name too common in DIME donor pool (n=40 same-name individuals, no recipient/candidate match) -- not search-tractable"
holland|timothy|tim,Tim Holland,74,"name too common in DIME donor pool (n=74 same-name individuals, no recipient/candidate match) -- not search-tractable"
loy|david|david r,David R. Loy,23,"name too common in DIME donor pool (n=23 same-name individuals, no recipient/candidate match) -- not search-tractable"
medina|luis|luis,Luis Medina,107,"name too common in DIME donor pool (n=107 same-name individuals, no recipient/candidate match) -- not search-tractable"
hall|rebecca|rebecca,Dr. Rebecca Hall,189,"name too common in DIME donor pool (n=189 same-name individuals, no recipient/candidate match) -- not search-tractable"
merriman|john|john,Dr. John Merriman,34,"name too common in DIME donor pool (n=34 same-name individuals, no recipient/candidate match) -- not search-tractable"
singh|ajit|ajit,Ajit Singh,37,"name too common in DIME donor pool (n=37 same-name individuals, no recipient/candidate match) -- not search-tractable"
carson|matthew|matthew,Matthew Carson,44,"name too common in DIME donor pool (n=44 same-name individuals, no recipient/candidate match) -- not search-tractable"
white|gerard|gerard,Gerard White,21,"name too common in DIME donor pool (n=21 same-name individuals, no recipient/candidate match) -- not search-tractable"
engelhardt|david|david,David Engelhardt,23,"name too common in DIME donor pool (n=23 same-name individuals, no recipient/candidate match) -- not search-tractable"
patterson|ross|ross,Ross Patterson,24,"name too common in DIME donor pool (n=24 same-name individuals, no recipient/candidate match) -- not search-tractable"
rose|keith|keith,Dr. Keith Rose,42,"name too common in DIME donor pool (n=42 same-name individuals, no recipient/candidate match) -- not search-tractable"
stevens|shane|shane,Shane Stevens,25,"name too common in DIME donor pool (n=25 same-name individuals, no recipient/candidate match) -- not search-tractable"
ellis|lee|lee,Lee Ellis,77,"name too common in DIME donor pool (n=77 same-name individuals, no recipient/candidate match) -- not search-tractable"
kauffman|richard|richard,Richard Kauffman,54,"name too common in DIME donor pool (n=54 same-name individuals, no recipient/candidate match) -- not search-tractable"
jacobson|nancy|nancy,Nancy Jacobson,71,"name too common in DIME donor pool (n=71 same-name individuals, no recipient/candidate match) -- not search-tractable"
kelly|doug|doug,Doug Kelly,27,"name too common in DIME donor pool (n=27 same-name individuals, no recipient/candidate match) -- not search-tractable"
wise|adam|adam,Adam Wise,21,"name too common in DIME donor pool (n=21 same-name individuals, no recipient/candidate match) -- not search-tractable"
brown|lara|lara m,Lara M. Brown,23,"name too common in DIME donor pool (n=23 same-name individuals, no recipient/candidate match) -- not search-tractable"
ahern|mary|mary ann,Mary Ann Ahern,35,"name too common in DIME donor pool (n=35 same-name individuals, no recipient/candidate match) -- not search-tractable"
bradley|anne|anne rathbone,Anne Rathbone Bradley,71,"name too common in DIME donor pool (n=71 same-name individuals, no recipient/candidate match) -- not search-tractable"
pinkerton|james|james,James Pinkerton,29,"name too common in DIME donor pool (n=29 same-name individuals, no recipient/candidate match) -- not search-tractable"
pratt|dennis|dennis,Dennis Pratt,29,"name too common in DIME donor pool (n=29 same-name individuals, no recipient/candidate match) -- not search-tractable"
mccarthy|kenneth|ken,Ken McCarthy,54,"name too common in DIME donor pool (n=54 same-name individuals, no recipient/candidate match) -- not search-tractable"
coyne|christopher|christopher,Christopher Coyne,28,"name too common in DIME donor pool (n=28 same-name individuals, no recipient/candidate match) -- not search-tractable"
wolf|michael|michael,Michael Wolf,312,"name too common in DIME donor pool (n=312 same-name individuals, no recipient/candidate match) -- not search-tractable"
church|michael|mike,Mike Church,76,"name too common in DIME donor pool (n=76 same-name individuals, no recipient/candidate match) -- not search-tractable"
smith|keri|keri,Keri Smith,28,"name too common in DIME donor pool (n=28 same-name individuals, no recipient/candidate match) -- not search-tractable"
hudson|nicholas|nick,Nick Hudson,43,"name too common in DIME donor pool (n=43 same-name individuals, no recipient/candidate match) -- not search-tractable"
hudson|daniel|danny,Danny Hudson,123,"name too common in DIME donor pool (n=123 same-name individuals, no recipient/candidate match) -- not search-tractable"
alexander|rachel|rachel,Rachel Alexander,58,"name too common in DIME donor pool (n=58 same-name individuals, no recipient/candidate match) -- not search-tractable"
miller|ian|ian,Ian Miller,108,"name too common in DIME donor pool (n=108 same-name individuals, no recipient/candidate match) -- not search-tractable"
davidson|laura|laura,Laura Davidson,83,"name too common in DIME donor pool (n=83 same-name individuals, no recipient/candidate match) -- not search-tractable"
johnston|kevin|kevin,Kevin Johnston,88,"name too common in DIME donor pool (n=88 same-name individuals, no recipient/candidate match) -- not search-tractable"
evans|jeremy|jeremy,Jeremy Evans,58,"name too common in DIME donor pool (n=58 same-name individuals, no recipient/candidate match) -- not search-tractable"
erdman|james|jim,Jim Erdman,22,"name too common in DIME donor pool (n=22 same-name individuals, no recipient/candidate match) -- not search-tractable"
klein|peter|peter,Peter Klein,107,"name too common in DIME donor pool (n=107 same-name individuals, no recipient/candidate match) -- not search-tractable"
becker|joseph|joe,Joe Becker,163,"name too common in DIME donor pool (n=163 same-name individuals, no recipient/candidate match) -- not search-tractable"
mueller|john|john,John Mueller,290,"name too common in DIME donor pool (n=290 same-name individuals, no recipient/candidate match) -- not search-tractable"
roland|david|dave,Dave Roland,49,"name too common in DIME donor pool (n=49 same-name individuals, no recipient/candidate match) -- not search-tractable"
green|al|al,Al Green,45,"name too common in DIME donor pool (n=45 same-name individuals, no recipient/candidate match) -- not search-tractable"
farley|christopher|chris,Chris Farley,41,"name too common in DIME donor pool (n=41 same-name individuals, no recipient/candidate match) -- not search-tractable"
levy|daniel|daniel,Daniel Levy,148,"name too common in DIME donor pool (n=148 same-name individuals, no recipient/candidate match) -- not search-tractable"
houston|elizabeth|elizabeth booker,Elizabeth Booker Houston,37,"name too common in DIME donor pool (n=37 same-name individuals, no recipient/candidate match) -- not search-tractable"
cusack|john|john,John Cusack,38,"name too common in DIME donor pool (n=38 same-name individuals, no recipient/candidate match) -- not search-tractable"
smith|nadine|nadine,Nadine Smith,65,"name too common in DIME donor pool (n=65 same-name individuals, no recipient/candidate match) -- not search-tractable"
greenwald|robert|robert,Robert Greenwald,44,"name too common in DIME donor pool (n=44 same-name individuals, no recipient/candidate match) -- not search-tractable"
fernandez|angela|angela,Angela Fernandez,30,"name too common in DIME donor pool (n=30 same-name individuals, no recipient/candidate match) -- not search-tractable"
allen|byron|byron,Byron Allen,22,"name too common in DIME donor pool (n=22 same-name individuals, no recipient/candidate match) -- not search-tractable"
peterson|holly|holly,Holly Peterson,38,"name too common in DIME donor pool (n=38 same-name individuals, no recipient/candidate match) -- not search-tractable"
koch|mary|mary julia,Mary Julia Koch,112,"name too common in DIME donor pool (n=112 same-name individuals, no recipient/candidate match) -- not search-tractable"
hamilton|derek|derek,Derek Hamilton,23,"name too common in DIME donor pool (n=23 same-name individuals, no recipient/candidate match) -- not search-tractable"
lee|joon|joon,Joon Lee,74,"name too common in DIME donor pool (n=74 same-name individuals, no recipient/candidate match) -- not search-tractable"
johnson|byron|byron,Dr. Byron Johnson,100,"name too common in DIME donor pool (n=100 same-name individuals, no recipient/candidate match) -- not search-tractable"
ellis|jo|jo,Jo Ellis,32,"name too common in DIME donor pool (n=32 same-name individuals, no recipient/candidate match) -- not search-tractable"
stack|timothy|tim,Tim Stack,21,"name too common in DIME donor pool (n=21 same-name individuals, no recipient/candidate match) -- not search-tractable"
birch|david|david gw,David G.W. Birch,31,"name too common in DIME donor pool (n=31 same-name individuals, no recipient/candidate match) -- not search-tractable"
davis|patti|patti,Patti Davis,59,"name too common in DIME donor pool (n=59 same-name individuals, no recipient/candidate match) -- not search-tractable"
barry|ellen|ellen,Ellen Barry,37,"name too common in DIME donor pool (n=37 same-name individuals, no recipient/candidate match) -- not search-tractable"
jefferson|thomas|tom,Dr. Tom Jefferson,75,"name too common in DIME donor pool (n=75 same-name individuals, no recipient/candidate match) -- not search-tractable"
"foley|edward|edward ""ned""","Edward ""Ned"" Foley",109,"name too common in DIME donor pool (n=109 same-name individuals, no recipient/candidate match) -- not search-tractable"
ball|george|george,George Ball,104,"name too common in DIME donor pool (n=104 same-name individuals, no recipient/candidate match) -- not search-tractable"
friedman|alexander|alex,Alex Friedman,63,"name too common in DIME donor pool (n=63 same-name individuals, no recipient/candidate match) -- not search-tractable"
lynn|michael|michael,Michael Lynn,131,"name too common in DIME donor pool (n=131 same-name individuals, no recipient/candidate match) -- not search-tractable"
smith|nicole|nicole,Dr. Nicole Smith,366,"name too common in DIME donor pool (n=366 same-name individuals, no recipient/candidate match) -- not search-tractable"
byler|david|david,David Byler,22,"name too common in DIME donor pool (n=22 same-name individuals, no recipient/candidate match) -- not search-tractable"
flynn|kevin|kevin,Kevin Flynn,234,"name too common in DIME donor pool (n=234 same-name individuals, no recipient/candidate match) -- not search-tractable"
tucker|eric|eric,Eric Tucker,68,"name too common in DIME donor pool (n=68 same-name individuals, no recipient/candidate match) -- not search-tractable"
goldberg|benjamin|ben,Ben Goldberg,63,"name too common in DIME donor pool (n=63 same-name individuals, no recipient/candidate match) -- not search-tractable"
berger|susan|susan,Susan Berger,104,"name too common in DIME donor pool (n=104 same-name individuals, no recipient/candidate match) -- not search-tractable"
levine|jason|jason,Jason Levine,65,"name too common in DIME donor pool (n=65 same-name individuals, no recipient/candidate match) -- not search-tractable"
goldman|eric|eric,Eric Goldman,65,"name too common in DIME donor pool (n=65 same-name individuals, no recipient/candidate match) -- not search-tractable"
douglas|carl|carl e,Carl E. Douglas,33,"name too common in DIME donor pool (n=33 same-name individuals, no recipient/candidate match) -- not search-tractable"
mackenzie|katherine|kate,Kate Mackenzie,39,"name too common in DIME donor pool (n=39 same-name individuals, no recipient/candidate match) -- not search-tractable"
seymour|richard|richard,Richard Seymour,50,"name too common in DIME donor pool (n=50 same-name individuals, no recipient/candidate match) -- not search-tractable"
herzog|katherine|katie,Katie Herzog,29,"name too common in DIME donor pool (n=29 same-name individuals, no recipient/candidate match) -- not search-tractable"
boucher|david|dave,Dave Boucher,53,"name too common in DIME donor pool (n=53 same-name individuals, no recipient/candidate match) -- not search-tractable"
siegel|david|david,David Siegel,208,"name too common in DIME donor pool (n=208 same-name individuals, no recipient/candidate match) -- not search-tractable"
oberg|john|john,John Oberg,25,"name too common in DIME donor pool (n=25 same-name individuals, no recipient/candidate match) -- not search-tractable"
holland|benjamin|ben,Ben Holland,42,"name too common in DIME donor pool (n=42 same-name individuals, no recipient/candidate match) -- not search-tractable"
daniel|joseph|joe,Joe Daniel,88,"name too common in DIME donor pool (n=88 same-name individuals, no recipient/candidate match) -- not search-tractable"
stein|daniel|dan,Dan Stein,134,"name too common in DIME donor pool (n=134 same-name individuals, no recipient/candidate match) -- not search-tractable"
moyer|william|bill,Bill Moyer,103,"name too common in DIME donor pool (n=103 same-name individuals, no recipient/candidate match) -- not search-tractable"
gonzalez|laura|laura,Laura Gonzalez,142,"name too common in DIME donor pool (n=142 same-name individuals, no recipient/candidate match) -- not search-tractable"
goldstein|david|david,David Goldstein,308,"name too common in DIME donor pool (n=308 same-name individuals, no recipient/candidate match) -- not search-tractable"
ross|sara|sara,Sara Ross,49,"name too common in DIME donor pool (n=49 same-name individuals, no recipient/candidate match) -- not search-tractable"
johnson|alfred|alfred,Alfred Johnson,162,"name too common in DIME donor pool (n=162 same-name individuals, no recipient/candidate match) -- not search-tractable"
tucker|todd|todd,Todd Tucker,37,"name too common in DIME donor pool (n=37 same-name individuals, no recipient/candidate match) -- not search-tractable"
cotton|steven|steve,Steve Cotton,27,"name too common in DIME donor pool (n=27 same-name individuals, no recipient/candidate match) -- not search-tractable"
chase|jennifer|jenny,Jenny Chase,63,"name too common in DIME donor pool (n=63 same-name individuals, no recipient/candidate match) -- not search-tractable"
wang|anthony|anthony,Anthony Wang,56,"name too common in DIME donor pool (n=56 same-name individuals, no recipient/candidate match) -- not search-tractable"
morris|emily|emily,Emily Morris,85,"name too common in DIME donor pool (n=85 same-name individuals, no recipient/candidate match) -- not search-tractable"
johnson|nels|nels,Nels Johnson,35,"name too common in DIME donor pool (n=35 same-name individuals, no recipient/candidate match) -- not search-tractable"
beckman|david|david,David Beckman,45,"name too common in DIME donor pool (n=45 same-name individuals, no recipient/candidate match) -- not search-tractable"
thompson|erica|erica,Erica Thompson,46,"name too common in DIME donor pool (n=46 same-name individuals, no recipient/candidate match) -- not search-tractable"
frank|andrew|andy,Andy Frank,131,"name too common in DIME donor pool (n=131 same-name individuals, no recipient/candidate match) -- not search-tractable"
moore|fran|fran,Fran Moore,24,"name too common in DIME donor pool (n=24 same-name individuals, no recipient/candidate match) -- not search-tractable"
hsu|david|david,David Hsu,40,"name too common in DIME donor pool (n=40 same-name individuals, no recipient/candidate match) -- not search-tractable"
wilkinson|william|will,Will Wilkinson,220,"name too common in DIME donor pool (n=220 same-name individuals, no recipient/candidate match) -- not search-tractable"
powell|jerome|jerome,Jerome Powell,24,"name too common in DIME donor pool (n=24 same-name individuals, no recipient/candidate match) -- not search-tractable"
buckley|christopher|christopher,Christopher Buckley,93,"name too common in DIME donor pool (n=93 same-name individuals, no recipient/candidate match) -- not search-tractable"
bush|mary|mary,Mary Bush,142,"name too common in DIME donor pool (n=142 same-name individuals, no recipient/candidate match) -- not search-tractable"
epstein|richard|richard,Richard Epstein,73,"name too common in DIME donor pool (n=73 same-name individuals, no recipient/candidate match) -- not search-tractable"
blumenthal|daniel|dan,Dan Blumenthal,28,"name too common in DIME donor pool (n=28 same-name individuals, no recipient/candidate match) -- not search-tractable"
gregory|paul|paul,Paul Gregory,133,"name too common in DIME donor pool (n=133 same-name individuals, no recipient/candidate match) -- not search-tractable"
cogan|john|john,John Cogan,28,"name too common in DIME donor pool (n=28 same-name individuals, no recipient/candidate match) -- not search-tractable"
long|cynthia|cindy,Cindy Long,147,"name too common in DIME donor pool (n=147 same-name individuals, no recipient/candidate match) -- not search-tractable"
stewart|chad|chad,Chad Stewart,60,"name too common in DIME donor pool (n=60 same-name individuals, no recipient/candidate match) -- not search-tractable"
silva|kenneth|ken,Ken Silva,34,"name too common in DIME donor pool (n=34 same-name individuals, no recipient/candidate match) -- not search-tractable"
l|michael|mike,Mike L,83,"name too common in DIME donor pool (n=83 same-name individuals, no recipient/candidate match) -- not search-tractable"
logan|lisa|lisa,Lisa Logan,43,"name too common in DIME donor pool (n=43 same-name individuals, no recipient/candidate match) -- not search-tractable"
williams|hannah|hannah,Hannah Williams,75,"name too common in DIME donor pool (n=75 same-name individuals, no recipient/candidate match) -- not search-tractable"
lee|maureen|maureen elgersman,Maureen Elgersman Lee,39,"name too common in DIME donor pool (n=39 same-name individuals, no recipient/candidate match) -- not search-tractable"
hunt|bruce|bruce,Bruce Hunt,78,"name too common in DIME donor pool (n=78 same-name individuals, no recipient/candidate match) -- not search-tractable"
morris|bonnie|bonnie,Bonnie Morris,72,"name too common in DIME donor pool (n=72 same-name individuals, no recipient/candidate match) -- not search-tractable"
myers|jamie|jamie,Jamie Myers,40,"name too common in DIME donor pool (n=40 same-name individuals, no recipient/candidate match) -- not search-tractable"
gamble|richard|richard,Richard Gamble,50,"name too common in DIME donor pool (n=50 same-name individuals, no recipient/candidate match) -- not search-tractable"
oppenheimer|robert|robert,Robert Oppenheimer,25,"name too common in DIME donor pool (n=25 same-name individuals, no recipient/candidate match) -- not search-tractable"
costello|matthew|matthew,Matthew Costello,45,"name too common in DIME donor pool (n=45 same-name individuals, no recipient/candidate match) -- not search-tractable"
kern|kevin|kevin,Kevin Kern,46,"name too common in DIME donor pool (n=46 same-name individuals, no recipient/candidate match) -- not search-tractable"
brady|lisa|lisa,Lisa Brady,61,"name too common in DIME donor pool (n=61 same-name individuals, no recipient/candidate match) -- not search-tractable"
taylor|kerry|kerry,Kerry Taylor,39,"name too common in DIME donor pool (n=39 same-name individuals, no recipient/candidate match) -- not search-tractable"
jackson|maurice|maurice,Maurice Jackson,53,"name too common in DIME donor pool (n=53 same-name individuals, no recipient/candidate match) -- not search-tractable"
turner|nicole|nicole myers,Nicole Myers Turner,45,"name too common in DIME donor pool (n=45 same-name individuals, no recipient/candidate match) -- not search-tractable"
bonner|christopher|christopher,Christopher Bonner,44,"name too common in DIME donor pool (n=44 same-name individuals, no recipient/candidate match) -- not search-tractable"
blackwell|christopher|christopher,Christopher Blackwell,28,"name too common in DIME donor pool (n=28 same-name individuals, no recipient/candidate match) -- not search-tractable"
lopez|rachel|rachel,Rachel López,52,"name too common in DIME donor pool (n=52 same-name individuals, no recipient/candidate match) -- not search-tractable"
lerner|jack|jack,Jack Lerner,23,"name too common in DIME donor pool (n=23 same-name individuals, no recipient/candidate match) -- not search-tractable"
adams|diana|diana,Diana Adams,76,"name too common in DIME donor pool (n=76 same-name individuals, no recipient/candidate match) -- not search-tractable"
regan|christopher|chris,Chris Regan,82,"name too common in DIME donor pool (n=82 same-name individuals, no recipient/candidate match) -- not search-tractable"
miller|monica|monica,Monica Miller,135,"name too common in DIME donor pool (n=135 same-name individuals, no recipient/candidate match) -- not search-tractable"
kent|george|george,George Kent,33,"name too common in DIME donor pool (n=33 same-name individuals, no recipient/candidate match) -- not search-tractable"
walker|justin|justin,Prof. Justin Walker,87,"name too common in DIME donor pool (n=87 same-name individuals, no recipient/candidate match) -- not search-tractable"
knight|benjamin|ben,Ben Knight,32,"name too common in DIME donor pool (n=32 same-name individuals, no recipient/candidate match) -- not search-tractable"
howell|denise|denise,Denise Howell,22,"name too common in DIME donor pool (n=22 same-name individuals, no recipient/candidate match) -- not search-tractable"
burden|j|j,J Burden,30,"name too common in DIME donor pool (n=30 same-name individuals, no recipient/candidate match) -- not search-tractable"
carson|stephen|stephen,Stephen Carson,35,"name too common in DIME donor pool (n=35 same-name individuals, no recipient/candidate match) -- not search-tractable"
macdonald|kevin|kevin,Dr. Kevin MacDonald,40,"name too common in DIME donor pool (n=40 same-name individuals, no recipient/candidate match) -- not search-tractable"
thomas|brooke|brooke,Brooke Thomas,30,"name too common in DIME donor pool (n=30 same-name individuals, no recipient/candidate match) -- not search-tractable"
slaughter|john|john,John Slaughter,62,"name too common in DIME donor pool (n=62 same-name individuals, no recipient/candidate match) -- not search-tractable"
weber|andrew|andy,Andy Weber,137,"name too common in DIME donor pool (n=137 same-name individuals, no recipient/candidate match) -- not search-tractable"
palmer|benjamin|ben,Ben Palmer,37,"name too common in DIME donor pool (n=37 same-name individuals, no recipient/candidate match) -- not search-tractable"
mccoy|andrew|drew,Drew McCoy,44,"name too common in DIME donor pool (n=44 same-name individuals, no recipient/candidate match) -- not search-tractable"
silverman|david|david,David Silverman,135,"name too common in DIME donor pool (n=135 same-name individuals, no recipient/candidate match) -- not search-tractable"
ballard|christopher|chris,Chris Ballard,67,"name too common in DIME donor pool (n=67 same-name individuals, no recipient/candidate match) -- not search-tractable"
lee|brent|brent,Brent Lee,47,"name too common in DIME donor pool (n=47 same-name individuals, no recipient/candidate match) -- not search-tractable"
johnson|emma|emma,Emma Johnson,124,"name too common in DIME donor pool (n=124 same-name individuals, no recipient/candidate match) -- not search-tractable"
doyle|andrew|andrew,Andrew Doyle,67,"name too common in DIME donor pool (n=67 same-name individuals, no recipient/candidate match) -- not search-tractable"
mackey|john|john,John Mackey,119,"name too common in DIME donor pool (n=119 same-name individuals, no recipient/candidate match) -- not search-tractable"
high|william|bill,Bill High,47,"name too common in DIME donor pool (n=47 same-name individuals, no recipient/candidate match) -- not search-tractable"
robertson|matthew|matthew,Matthew Robertson,77,"name too common in DIME donor pool (n=77 same-name individuals, no recipient/candidate match) -- not search-tractable"
crowley|brian|brian lee,Brian Lee Crowley,76,"name too common in DIME donor pool (n=76 same-name individuals, no recipient/candidate match) -- not search-tractable"
allen|virginia|virginia,Virginia Allen,151,"name too common in DIME donor pool (n=151 same-name individuals, no recipient/candidate match) -- not search-tractable"
whaley|james|jim,Jim Whaley,69,"name too common in DIME donor pool (n=69 same-name individuals, no recipient/candidate match) -- not search-tractable"
carson|robert|rob,Rob Carson,182,"name too common in DIME donor pool (n=182 same-name individuals, no recipient/candidate match) -- not search-tractable"
moore|caroline|caroline,Caroline Moore,80,"name too common in DIME donor pool (n=80 same-name individuals, no recipient/candidate match) -- not search-tractable"
sharp|matthew|matt,Matt Sharp,58,"name too common in DIME donor pool (n=58 same-name individuals, no recipient/candidate match) -- not search-tractable"
elmore|daniel|daniel,Daniel Elmore,24,"name too common in DIME donor pool (n=24 same-name individuals, no recipient/candidate match) -- not search-tractable"
buck|daniel|daniel,Daniel Buck,57,"name too common in DIME donor pool (n=57 same-name individuals, no recipient/candidate match) -- not search-tractable"
greene|jay|jay,Jay Greene,32,"name too common in DIME donor pool (n=32 same-name individuals, no recipient/candidate match) -- not search-tractable"
spaulding|joseph|joe,Joe Spaulding,28,"name too common in DIME donor pool (n=28 same-name individuals, no recipient/candidate match) -- not search-tractable"
george|margaret|maggie,Maggie George,87,"name too common in DIME donor pool (n=87 same-name individuals, no recipient/candidate match) -- not search-tractable"
burt|margaret|meg,Meg Burt,24,"name too common in DIME donor pool (n=24 same-name individuals, no recipient/candidate match) -- not search-tractable"
regan|david|dave,Dave Regan,55,"name too common in DIME donor pool (n=55 same-name individuals, no recipient/candidate match) -- not search-tractable"
hood|jeff|jeff,Rev. Dr. Jeff Hood,28,"name too common in DIME donor pool (n=28 same-name individuals, no recipient/candidate match) -- not search-tractable"
epstein|david|david,David Epstein,209,"name too common in DIME donor pool (n=209 same-name individuals, no recipient/candidate match) -- not search-tractable"
diaz|vanessa|vanessa,Dr. Vanessa Díaz,41,"name too common in DIME donor pool (n=41 same-name individuals, no recipient/candidate match) -- not search-tractable"
lopez|lucy|lucy,Lucy Lopez,23,"name too common in DIME donor pool (n=23 same-name individuals, no recipient/candidate match) -- not search-tractable"
lindsay|katherine|kate,Kate Lindsay,52,"name too common in DIME donor pool (n=52 same-name individuals, no recipient/candidate match) -- not search-tractable"
rand|david|david,David Rand,57,"name too common in DIME donor pool (n=57 same-name individuals, no recipient/candidate match) -- not search-tractable"
siegel|rachel|rachel,Rachel Siegel,24,"name too common in DIME donor pool (n=24 same-name individuals, no recipient/candidate match) -- not search-tractable"
berger|jessica|jessica,Jessica Berger,28,"name too common in DIME donor pool (n=28 same-name individuals, no recipient/candidate match) -- not search-tractable"
chandler|adam|adam,Adam Chandler,30,"name too common in DIME donor pool (n=30 same-name individuals, no recipient/candidate match) -- not search-tractable"
parker|molly|molly,Molly Parker,32,"name too common in DIME donor pool (n=32 same-name individuals, no recipient/candidate match) -- not search-tractable"
tran|anthony|tony,Tony Tran,153,"name too common in DIME donor pool (n=153 same-name individuals, no recipient/candidate match) -- not search-tractable"
knight|don|don,Don Knight,36,"name too common in DIME donor pool (n=36 same-name individuals, no recipient/candidate match) -- not search-tractable"
kaplan|sarah|sarah,Sarah Kaplan,38,"name too common in DIME donor pool (n=38 same-name individuals, no recipient/candidate match) -- not search-tractable"
murray|bruce|bruce,Dr. Bruce Murray,73,"name too common in DIME donor pool (n=73 same-name individuals, no recipient/candidate match) -- not search-tractable"
murphy|jennifer|jen,Jen Murphy,338,"name too common in DIME donor pool (n=338 same-name individuals, no recipient/candidate match) -- not search-tractable"
greene|katherine|kate,Kate Greene,156,"name too common in DIME donor pool (n=156 same-name individuals, no recipient/candidate match) -- not search-tractable"
newman|jay|jay,Jay Newman,56,"name too common in DIME donor pool (n=56 same-name individuals, no recipient/candidate match) -- not search-tractable"
hobson|william|will,Will Hobson,46,"name too common in DIME donor pool (n=46 same-name individuals, no recipient/candidate match) -- not search-tractable"
mann|brian|brian,Brian Mann,63,"name too common in DIME donor pool (n=63 same-name individuals, no recipient/candidate match) -- not search-tractable"
davenport|christopher|chris,Chris Davenport,47,"name too common in DIME donor pool (n=47 same-name individuals, no recipient/candidate match) -- not search-tractable"
conway|edward|ed,Ed Conway,67,"name too common in DIME donor pool (n=67 same-name individuals, no recipient/candidate match) -- not search-tractable"
murphy|heather|heather tal,Heather Tal Murphy,91,"name too common in DIME donor pool (n=91 same-name individuals, no recipient/candidate match) -- not search-tractable"
laird|katherine|katie,Katie Laird,21,"name too common in DIME donor pool (n=21 same-name individuals, no recipient/candidate match) -- not search-tractable"
lucas|peter|peter,Peter Lucas,48,"name too common in DIME donor pool (n=48 same-name individuals, no recipient/candidate match) -- not search-tractable"
thomas|jay|jay,Jay Thomas,98,"name too common in DIME donor pool (n=98 same-name individuals, no recipient/candidate match) -- not search-tractable"
delaney|kevin|kevin,Kevin Delaney,59,"name too common in DIME donor pool (n=59 same-name individuals, no recipient/candidate match) -- not search-tractable"
pratt|gregory|gregory,Gregory Pratt,62,"name too common in DIME donor pool (n=62 same-name individuals, no recipient/candidate match) -- not search-tractable"
brown|josh|josh,Josh Brown,102,"name too common in DIME donor pool (n=102 same-name individuals, no recipient/candidate match) -- not search-tractable"
brothers|a|a pair of,a pair of brothers,29,"name too common in DIME donor pool (n=29 same-name individuals, no recipient/candidate match) -- not search-tractable"
garcia|jasmine|jasmine garsd,Jasmine Garsd Garcia,21,"name too common in DIME donor pool (n=21 same-name individuals, no recipient/candidate match) -- not search-tractable"
reese|elizabeth|elizabeth hidalgo,Elizabeth Hidalgo Reese,91,"name too common in DIME donor pool (n=91 same-name individuals, no recipient/candidate match) -- not search-tractable"
gonzalez|gloria|gloria,Gloria Gonzalez,121,"name too common in DIME donor pool (n=121 same-name individuals, no recipient/candidate match) -- not search-tractable"
perez|ashley|ashley hope,Ashley Hope Pérez,25,"name too common in DIME donor pool (n=25 same-name individuals, no recipient/candidate match) -- not search-tractable"
green|benjamin|ben,Ben Green,140,"name too common in DIME donor pool (n=140 same-name individuals, no recipient/candidate match) -- not search-tractable"
goldberg|amelia|amy,Dr. Amy Goldberg,38,"name too common in DIME donor pool (n=38 same-name individuals, no recipient/candidate match) -- not search-tractable"
curtis|mary|mary c,Mary C. Curtis,194,"name too common in DIME donor pool (n=194 same-name individuals, no recipient/candidate match) -- not search-tractable"
martin|heather|heather,Heather Martin,176,"name too common in DIME donor pool (n=176 same-name individuals, no recipient/candidate match) -- not search-tractable"
jacob|mary|mary ann,Mary Ann Jacob,36,"name too common in DIME donor pool (n=36 same-name individuals, no recipient/candidate match) -- not search-tractable"
lopez|oscar|oscar,Oscar Lopez,130,"name too common in DIME donor pool (n=130 same-name individuals, no recipient/candidate match) -- not search-tractable"
garcia|don|don,Dr. Don Garcia,24,"name too common in DIME donor pool (n=24 same-name individuals, no recipient/candidate match) -- not search-tractable"
holtz|michael|michael,Michael Holtz,28,"name too common in DIME donor pool (n=28 same-name individuals, no recipient/candidate match) -- not search-tractable"
archibald|john|john,John Archibald,41,"name too common in DIME donor pool (n=41 same-name individuals, no recipient/candidate match) -- not search-tractable"
garcia|margaret|margaret,Margaret Garcia,133,"name too common in DIME donor pool (n=133 same-name individuals, no recipient/candidate match) -- not search-tractable"
graham|ruth|ruth,Ruth Graham,61,"name too common in DIME donor pool (n=61 same-name individuals, no recipient/candidate match) -- not search-tractable"
tucker|jill|jill,Jill Tucker,27,"name too common in DIME donor pool (n=27 same-name individuals, no recipient/candidate match) -- not search-tractable"
santos|anthony|tony,Tony Santos,67,"name too common in DIME donor pool (n=67 same-name individuals, no recipient/candidate match) -- not search-tractable"
west|betsy|betsy,Betsy West,23,"name too common in DIME donor pool (n=23 same-name individuals, no recipient/candidate match) -- not search-tractable"
cohen|julie|julie,Julie Cohen,118,"name too common in DIME donor pool (n=118 same-name individuals, no recipient/candidate match) -- not search-tractable"
bell|katherine|katherine,Katherine Bell,306,"name too common in DIME donor pool (n=306 same-name individuals, no recipient/candidate match) -- not search-tractable"
fisher|jeffrey|jeffrey,Jeffrey Fisher,167,"name too common in DIME donor pool (n=167 same-name individuals, no recipient/candidate match) -- not search-tractable"
rosenberg|matthew|matthew,Matthew Rosenberg,62,"name too common in DIME donor pool (n=62 same-name individuals, no recipient/candidate match) -- not search-tractable"
weiner|jeff|jeff,Jeff Weiner,23,"name too common in DIME donor pool (n=23 same-name individuals, no recipient/candidate match) -- not search-tractable"
hagen|lisa|lisa,Lisa Hagen,27,"name too common in DIME donor pool (n=27 same-name individuals, no recipient/candidate match) -- not search-tractable"
tran|kim|kim,Kim Tran,162,"name too common in DIME donor pool (n=162 same-name individuals, no recipient/candidate match) -- not search-tractable"
hart|angela|angela,Angela Hart,38,"name too common in DIME donor pool (n=38 same-name individuals, no recipient/candidate match) -- not search-tractable"
allen|jessica|jessica,Jessica Allen,117,"name too common in DIME donor pool (n=117 same-name individuals, no recipient/candidate match) -- not search-tractable"
chen|edward|edward m,Judge Edward M Chen,91,"name too common in DIME donor pool (n=91 same-name individuals, no recipient/candidate match) -- not search-tractable"
middleton|matthew|matthew long,Matthew Long Middleton,30,"name too common in DIME donor pool (n=30 same-name individuals, no recipient/candidate match) -- not search-tractable"
romero|luis|luis cortes,Luis Cortes Romero,66,"name too common in DIME donor pool (n=66 same-name individuals, no recipient/candidate match) -- not search-tractable"
dean|natalie|natalie e,Dr. Natalie E. Dean,23,"name too common in DIME donor pool (n=23 same-name individuals, no recipient/candidate match) -- not search-tractable"
lesser|richard|rich,Rich Lesser,27,"name too common in DIME donor pool (n=27 same-name individuals, no recipient/candidate match) -- not search-tractable"
cameron|elizabeth|beth,Beth Cameron,84,"name too common in DIME donor pool (n=84 same-name individuals, no recipient/candidate match) -- not search-tractable"
mclaughlin|kathleen|kathleen,Kathleen McLaughlin,119,"name too common in DIME donor pool (n=119 same-name individuals, no recipient/candidate match) -- not search-tractable"
lewis|gary|gary,Gary Lewis,328,"name too common in DIME donor pool (n=328 same-name individuals, no recipient/candidate match) -- not search-tractable"
mccarthy|ryan|ryan,Ryan McCarthy,93,"name too common in DIME donor pool (n=93 same-name individuals, no recipient/candidate match) -- not search-tractable"
chang|cynthia|cindy,Cindy Chang,45,"name too common in DIME donor pool (n=45 same-name individuals, no recipient/candidate match) -- not search-tractable"
henning|thomas|tom,Tom Henning,34,"name too common in DIME donor pool (n=34 same-name individuals, no recipient/candidate match) -- not search-tractable"
read|charles|charles,Charles Read,40,"name too common in DIME donor pool (n=40 same-name individuals, no recipient/candidate match) -- not search-tractable"
lee|anna|anna,Anna Lee,214,"name too common in DIME donor pool (n=214 same-name individuals, no recipient/candidate match) -- not search-tractable"
garcia|jamie|jamie,Jamie Garcia,24,"name too common in DIME donor pool (n=24 same-name individuals, no recipient/candidate match) -- not search-tractable"
rodriguez|cristina|cristina,Cristina Rodriguez,69,"name too common in DIME donor pool (n=69 same-name individuals, no recipient/candidate match) -- not search-tractable"
kessler|sarah|sarah,Sarah Kessler,27,"name too common in DIME donor pool (n=27 same-name individuals, no recipient/candidate match) -- not search-tractable"
lundgren|eric|eric,Eric Lundgren,24,"name too common in DIME donor pool (n=24 same-name individuals, no recipient/candidate match) -- not search-tractable"
nunez|michael|mike,Mike Nuñez,44,"name too common in DIME donor pool (n=44 same-name individuals, no recipient/candidate match) -- not search-tractable"
carroll|david|david,David Carroll,421,"name too common in DIME donor pool (n=421 same-name individuals, no recipient/candidate match) -- not search-tractable"
weisberg|robert|robert,Robert Weisberg,22,"name too common in DIME donor pool (n=22 same-name individuals, no recipient/candidate match) -- not search-tractable"
mauro|anthony|tony,Tony Mauro,42,"name too common in DIME donor pool (n=42 same-name individuals, no recipient/candidate match) -- not search-tractable"
anderson|jennifer|jenny,Jenny Anderson,638,"name too common in DIME donor pool (n=638 same-name individuals, no recipient/candidate match) -- not search-tractable"
nagle|mary|mary kathryn,Mary Kathryn Nagle,52,"name too common in DIME donor pool (n=52 same-name individuals, no recipient/candidate match) -- not search-tractable"
mayo|william|will,Will Mayo,98,"name too common in DIME donor pool (n=98 same-name individuals, no recipient/candidate match) -- not search-tractable"
rosen|stephen|stephen,Stephen Rosen,57,"name too common in DIME donor pool (n=57 same-name individuals, no recipient/candidate match) -- not search-tractable"
mayer|john|john,John Mayer,205,"name too common in DIME donor pool (n=205 same-name individuals, no recipient/candidate match) -- not search-tractable"
king|louis|louis,Louis King,51,"name too common in DIME donor pool (n=51 same-name individuals, no recipient/candidate match) -- not search-tractable"
carter|melvin|melvin,Melvin Carter,37,"name too common in DIME donor pool (n=37 same-name individuals, no recipient/candidate match) -- not search-tractable"
holland|jeffrey|jeffrey r,Jeffrey R. Holland,51,"name too common in DIME donor pool (n=51 same-name individuals, no recipient/candidate match) -- not search-tractable"
hutchinson|robert|robert j,Robert J. Hutchinson,175,"name too common in DIME donor pool (n=175 same-name individuals, no recipient/candidate match) -- not search-tractable"
long|jeffrey|jeffrey,Dr. Jeffrey Long,117,"name too common in DIME donor pool (n=117 same-name individuals, no recipient/candidate match) -- not search-tractable"
newman|alexander|alex,Alex Newman,43,"name too common in DIME donor pool (n=43 same-name individuals, no recipient/candidate match) -- not search-tractable"
wilcox|michael|michael,Michael Wilcox,131,"name too common in DIME donor pool (n=131 same-name individuals, no recipient/candidate match) -- not search-tractable"
dobson|james|james,Dr James Dobson,77,"name too common in DIME donor pool (n=77 same-name individuals, no recipient/candidate match) -- not search-tractable"
johnston|jay|jay,Jay Johnston,59,"name too common in DIME donor pool (n=59 same-name individuals, no recipient/candidate match) -- not search-tractable"
friedman|george|george,George Friedman,26,"name too common in DIME donor pool (n=26 same-name individuals, no recipient/candidate match) -- not search-tractable"
denton|michael|michael,Michael Denton,70,"name too common in DIME donor pool (n=70 same-name individuals, no recipient/candidate match) -- not search-tractable"
neal|mary|mary,Dr. Mary Neal,131,"name too common in DIME donor pool (n=131 same-name individuals, no recipient/candidate match) -- not search-tractable"
kaplan|adam|adam,Adam Kaplan,45,"name too common in DIME donor pool (n=45 same-name individuals, no recipient/candidate match) -- not search-tractable"
gold|martin|martin,Martin Gold,36,"name too common in DIME donor pool (n=36 same-name individuals, no recipient/candidate match) -- not search-tractable"
hyland|kevin|kevin,Kevin Hyland,21,"name too common in DIME donor pool (n=21 same-name individuals, no recipient/candidate match) -- not search-tractable"
smart|elizabeth|elizabeth,Elizabeth Smart,26,"name too common in DIME donor pool (n=26 same-name individuals, no recipient/candidate match) -- not search-tractable"
norman|catherine|catherine raney,Catherine Raney Norman,25,"name too common in DIME donor pool (n=25 same-name individuals, no recipient/candidate match) -- not search-tractable"
howard|mildred|mildred,Mildred Howard,26,"name too common in DIME donor pool (n=26 same-name individuals, no recipient/candidate match) -- not search-tractable"
colwell|christopher|christopher,Dr. Christopher Colwell,22,"name too common in DIME donor pool (n=22 same-name individuals, no recipient/candidate match) -- not search-tractable"
collins|lindsey|lindsey,Lindsey Collins,34,"name too common in DIME donor pool (n=34 same-name individuals, no recipient/candidate match) -- not search-tractable"
davis|bradford|bradford william,Bradford William Davis,39,"name too common in DIME donor pool (n=39 same-name individuals, no recipient/candidate match) -- not search-tractable"
wright|sarah|sarah,Sarah Wright,227,"name too common in DIME donor pool (n=227 same-name individuals, no recipient/candidate match) -- not search-tractable"
lerner|benjamin|ben,Ben Lerner,22,"name too common in DIME donor pool (n=22 same-name individuals, no recipient/candidate match) -- not search-tractable"
rodriguez|salvador|salvador,Salvador Rodriguez,66,"name too common in DIME donor pool (n=66 same-name individuals, no recipient/candidate match) -- not search-tractable"
daniels|kim|kim,Kim Daniels,27,"name too common in DIME donor pool (n=27 same-name individuals, no recipient/candidate match) -- not search-tractable"
dyer|andrew|andrew,Andrew Dyer,32,"name too common in DIME donor pool (n=32 same-name individuals, no recipient/candidate match) -- not search-tractable"
jacoby|james|james,James Jacoby,38,"name too common in DIME donor pool (n=38 same-name individuals, no recipient/candidate match) -- not search-tractable"
farrell|sarah|sarah,Sarah Farrell,31,"name too common in DIME donor pool (n=31 same-name individuals, no recipient/candidate match) -- not search-tractable"
malone|kenneth|kenny,Kenny Malone,31,"name too common in DIME donor pool (n=31 same-name individuals, no recipient/candidate match) -- not search-tractable"
wong|edward|edward,Edward Wong,88,"name too common in DIME donor pool (n=88 same-name individuals, no recipient/candidate match) -- not search-tractable"
carlson|ann|ann,Ann Carlson,136,"name too common in DIME donor pool (n=136 same-name individuals, no recipient/candidate match) -- not search-tractable"
cameron|don|don,Don Cameron,49,"name too common in DIME donor pool (n=49 same-name individuals, no recipient/candidate match) -- not search-tractable"
gutierrez|adriana|adriana,Adriana Gutierrez,26,"name too common in DIME donor pool (n=26 same-name individuals, no recipient/candidate match) -- not search-tractable"
caldwell|jessica|jessica,Jessica Caldwell,27,"name too common in DIME donor pool (n=27 same-name individuals, no recipient/candidate match) -- not search-tractable"
post|lauren|lauren,Lauren Post,21,"name too common in DIME donor pool (n=21 same-name individuals, no recipient/candidate match) -- not search-tractable"
fernandez|manny|manny,Manny Fernandez,28,"name too common in DIME donor pool (n=28 same-name individuals, no recipient/candidate match) -- not search-tractable"
thomas|laurie|laurie,Laurie Thomas,102,"name too common in DIME donor pool (n=102 same-name individuals, no recipient/candidate match) -- not search-tractable"
sherman|donald|donald k,Donald K. Sherman,76,"name too common in DIME donor pool (n=76 same-name individuals, no recipient/candidate match) -- not search-tractable"
garcia|erik|erik fernandez y,Dr. Erik Fernandez y Garcia,31,"name too common in DIME donor pool (n=31 same-name individuals, no recipient/candidate match) -- not search-tractable"
hernandez|melissa|melissa,Melissa Hernandez,94,"name too common in DIME donor pool (n=94 same-name individuals, no recipient/candidate match) -- not search-tractable"
reed|nicholas|nicholas s,Nicholas S. Reed,53,"name too common in DIME donor pool (n=53 same-name individuals, no recipient/candidate match) -- not search-tractable"
doyle|sarah|sarah,Sarah Doyle,51,"name too common in DIME donor pool (n=51 same-name individuals, no recipient/candidate match) -- not search-tractable"
hill|kristina|kristina,Kristina Hill,25,"name too common in DIME donor pool (n=25 same-name individuals, no recipient/candidate match) -- not search-tractable"
ramirez|steven|steve,Steve Ramirez,83,"name too common in DIME donor pool (n=83 same-name individuals, no recipient/candidate match) -- not search-tractable"
schilling|david|dave,Dave Schilling,45,"name too common in DIME donor pool (n=45 same-name individuals, no recipient/candidate match) -- not search-tractable"
klein|jeff|jeff,Jeff Klein,109,"name too common in DIME donor pool (n=109 same-name individuals, no recipient/candidate match) -- not search-tractable"
russell|daniel|dan,Dan Russell,278,"name too common in DIME donor pool (n=278 same-name individuals, no recipient/candidate match) -- not search-tractable"
currie|mary|mary,Mary Currie,30,"name too common in DIME donor pool (n=30 same-name individuals, no recipient/candidate match) -- not search-tractable"
kim|eric|eric,Eric Kim,71,"name too common in DIME donor pool (n=71 same-name individuals, no recipient/candidate match) -- not search-tractable"
wong|alice|alice,Alice Wong,58,"name too common in DIME donor pool (n=58 same-name individuals, no recipient/candidate match) -- not search-tractable"
reiter|daniel|daniel,Daniel Reiter,23,"name too common in DIME donor pool (n=23 same-name individuals, no recipient/candidate match) -- not search-tractable"
silver|michael|michael,Michael Silver,136,"name too common in DIME donor pool (n=136 same-name individuals, no recipient/candidate match) -- not search-tractable"
morgan|julie|julie margetta,Julie Margetta Morgan,97,"name too common in DIME donor pool (n=97 same-name individuals, no recipient/candidate match) -- not search-tractable"
franklin|matthew|matt,Matt Franklin,53,"name too common in DIME donor pool (n=53 same-name individuals, no recipient/candidate match) -- not search-tractable"
levin|samuel|sam,Sam Levin,63,"name too common in DIME donor pool (n=63 same-name individuals, no recipient/candidate match) -- not search-tractable"
harris|heather|heather,Heather Harris,142,"name too common in DIME donor pool (n=142 same-name individuals, no recipient/candidate match) -- not search-tractable"
chang|jeff|jeff,Jeff Chang,22,"name too common in DIME donor pool (n=22 same-name individuals, no recipient/candidate match) -- not search-tractable"
epstein|kenneth|ken,Dr. Ken Epstein,38,"name too common in DIME donor pool (n=38 same-name individuals, no recipient/candidate match) -- not search-tractable"
chen|brian|brian x,Brian X. Chen,58,"name too common in DIME donor pool (n=58 same-name individuals, no recipient/candidate match) -- not search-tractable"
thompson|hannah|hannah,Hannah Thompson,30,"name too common in DIME donor pool (n=30 same-name individuals, no recipient/candidate match) -- not search-tractable"
li|angela|angela,Angela Li,22,"name too common in DIME donor pool (n=22 same-name individuals, no recipient/candidate match) -- not search-tractable"
gold|mark|mark,Mark Gold,55,"name too common in DIME donor pool (n=55 same-name individuals, no recipient/candidate match) -- not search-tractable"
goldman|david|david,David Goldman,208,"name too common in DIME donor pool (n=208 same-name individuals, no recipient/candidate match) -- not search-tractable"
phillips|stuart|stuart,Stuart Phillips,32,"name too common in DIME donor pool (n=32 same-name individuals, no recipient/candidate match) -- not search-tractable"
lopez|ricardo|ricardo,Ricardo Lopez,120,"name too common in DIME donor pool (n=120 same-name individuals, no recipient/candidate match) -- not search-tractable"
hirsch|jonathan|jonathan,Jonathan Hirsch,33,"name too common in DIME donor pool (n=33 same-name individuals, no recipient/candidate match) -- not search-tractable"
"johnson|carolyn|carolyn ""cj""","Carolyn ""CJ"" Johnson",639,"name too common in DIME donor pool (n=639 same-name individuals, no recipient/candidate match) -- not search-tractable"
hall|alexander|alex,Alex Hall,111,"name too common in DIME donor pool (n=111 same-name individuals, no recipient/candidate match) -- not search-tractable"
rios|joseph|joseph,Joseph Rios,33,"name too common in DIME donor pool (n=33 same-name individuals, no recipient/candidate match) -- not search-tractable"
taylor|loren|loren,Loren Taylor,21,"name too common in DIME donor pool (n=21 same-name individuals, no recipient/candidate match) -- not search-tractable"
richardson|rachel|rachel,Rachel Richardson,44,"name too common in DIME donor pool (n=44 same-name individuals, no recipient/candidate match) -- not search-tractable"
holt|frank|frank lee,Frank Lee Holt,22,"name too common in DIME donor pool (n=22 same-name individuals, no recipient/candidate match) -- not search-tractable"
welch|heather|heather,Heather Welch,34,"name too common in DIME donor pool (n=34 same-name individuals, no recipient/candidate match) -- not search-tractable"
fagan|kevin|kevin,Kevin Fagan,28,"name too common in DIME donor pool (n=28 same-name individuals, no recipient/candidate match) -- not search-tractable"
kim|eun|eun sun,Eun Sun Kim,123,"name too common in DIME donor pool (n=123 same-name individuals, no recipient/candidate match) -- not search-tractable"
austin|s|s bryn,Dr. S Bryn Austin,154,"name too common in DIME donor pool (n=154 same-name individuals, no recipient/candidate match) -- not search-tractable"
hopkins|david|david,David Hopkins,260,"name too common in DIME donor pool (n=260 same-name individuals, no recipient/candidate match) -- not search-tractable"
lee|ellen|ellen,Ellen Lee,129,"name too common in DIME donor pool (n=129 same-name individuals, no recipient/candidate match) -- not search-tractable"
bailey|catherine|catherine,Catherine Bailey,95,"name too common in DIME donor pool (n=95 same-name individuals, no recipient/candidate match) -- not search-tractable"
garcia|brian|brian,Brian Garcia,80,"name too common in DIME donor pool (n=80 same-name individuals, no recipient/candidate match) -- not search-tractable"
diaz|victor|victor,Victor Diaz,98,"name too common in DIME donor pool (n=98 same-name individuals, no recipient/candidate match) -- not search-tractable"
chan|connie|connie,Connie Chan,25,"name too common in DIME donor pool (n=25 same-name individuals, no recipient/candidate match) -- not search-tractable"
brooks|allison|allison,Allison Brooks,31,"name too common in DIME donor pool (n=31 same-name individuals, no recipient/candidate match) -- not search-tractable"
wilkinson|christine|christine,Christine Wilkinson,21,"name too common in DIME donor pool (n=21 same-name individuals, no recipient/candidate match) -- not search-tractable"
bryant|jacqueline|jacqueline,Jacqueline Bryant,31,"name too common in DIME donor pool (n=31 same-name individuals, no recipient/candidate match) -- not search-tractable"
robinson|joanna|joanna,Joanna Robinson,25,"name too common in DIME donor pool (n=25 same-name individuals, no recipient/candidate match) -- not search-tractable"
nicholson|amelia|amy,Amy Nicholson,33,"name too common in DIME donor pool (n=33 same-name individuals, no recipient/candidate match) -- not search-tractable"
nelson|laura|laura j,Laura J Nelson,242,"name too common in DIME donor pool (n=242 same-name individuals, no recipient/candidate match) -- not search-tractable"
muldoon|james|james,James Muldoon,40,"name too common in DIME donor pool (n=40 same-name individuals, no recipient/candidate match) -- not search-tractable"
hill|jessica|jessica,Jessica Hill,112,"name too common in DIME donor pool (n=112 same-name individuals, no recipient/candidate match) -- not search-tractable"
torres|blanca|blanca,Blanca Torres,32,"name too common in DIME donor pool (n=32 same-name individuals, no recipient/candidate match) -- not search-tractable"
wharton|david|david,David Wharton,22,"name too common in DIME donor pool (n=22 same-name individuals, no recipient/candidate match) -- not search-tractable"
green|erica|erica l,Erica L. Green,34,"name too common in DIME donor pool (n=34 same-name individuals, no recipient/candidate match) -- not search-tractable"
cohen|sarah|sarah,Sarah Cohen,124,"name too common in DIME donor pool (n=124 same-name individuals, no recipient/candidate match) -- not search-tractable"
flores|hector|hector,Hector Flores,77,"name too common in DIME donor pool (n=77 same-name individuals, no recipient/candidate match) -- not search-tractable"
boyle|rebecca|rebecca,Rebecca Boyle,31,"name too common in DIME donor pool (n=31 same-name individuals, no recipient/candidate match) -- not search-tractable"
mahoney|melissa|melissa,Melissa Mahoney,22,"name too common in DIME donor pool (n=22 same-name individuals, no recipient/candidate match) -- not search-tractable"
spencer|stuart|stuart,Stuart Spencer,21,"name too common in DIME donor pool (n=21 same-name individuals, no recipient/candidate match) -- not search-tractable"
elliott|carl|carl,Carl Elliott,26,"name too common in DIME donor pool (n=26 same-name individuals, no recipient/candidate match) -- not search-tractable"
foster|craig|craig,Craig Foster,94,"name too common in DIME donor pool (n=94 same-name individuals, no recipient/candidate match) -- not search-tractable"
mejia|john|john,John Mejia,24,"name too common in DIME donor pool (n=24 same-name individuals, no recipient/candidate match) -- not search-tractable"
reinhart|james|james,James Reinhart,31,"name too common in DIME donor pool (n=31 same-name individuals, no recipient/candidate match) -- not search-tractable"
garcia|angela|angela,Angela Garcia,129,"name too common in DIME donor pool (n=129 same-name individuals, no recipient/candidate match) -- not search-tractable"
cohen|noah|noah,Noah Cohen,22,"name too common in DIME donor pool (n=22 same-name individuals, no recipient/candidate match) -- not search-tractable"
turner|kim|kim,Kim Turner,85,"name too common in DIME donor pool (n=85 same-name individuals, no recipient/candidate match) -- not search-tractable"
ryan|meghan|meghan,Meghan Ryan,31,"name too common in DIME donor pool (n=31 same-name individuals, no recipient/candidate match) -- not search-tractable"
bennett|leslie|leslie,Leslie Bennett,65,"name too common in DIME donor pool (n=65 same-name individuals, no recipient/candidate match) -- not search-tractable"
scott|jordan|jordan,Jordan Scott,40,"name too common in DIME donor pool (n=40 same-name individuals, no recipient/candidate match) -- not search-tractable"
reed|shannon|shannon,Shannon Reed,52,"name too common in DIME donor pool (n=52 same-name individuals, no recipient/candidate match) -- not search-tractable"
campbell|amelia|amy,Amy Campbell,172,"name too common in DIME donor pool (n=172 same-name individuals, no recipient/candidate match) -- not search-tractable"
hoover|eric|eric,Eric Hoover,28,"name too common in DIME donor pool (n=28 same-name individuals, no recipient/candidate match) -- not search-tractable"
snyder|jeremy|jeremy,Jeremy Snyder,39,"name too common in DIME donor pool (n=39 same-name individuals, no recipient/candidate match) -- not search-tractable"
walker|gordon|gordon,Gordon Walker,69,"name too common in DIME donor pool (n=69 same-name individuals, no recipient/candidate match) -- not search-tractable"
gomez|nicholas|nick,Nick Gomez,27,"name too common in DIME donor pool (n=27 same-name individuals, no recipient/candidate match) -- not search-tractable"
davis|allison|allison p,Allison P. Davis,152,"name too common in DIME donor pool (n=152 same-name individuals, no recipient/candidate match) -- not search-tractable"
bryant|lisa|lisa,Lisa Bryant,76,"name too common in DIME donor pool (n=76 same-name individuals, no recipient/candidate match) -- not search-tractable"
toney|mark|mark,Mark Toney,21,"name too common in DIME donor pool (n=21 same-name individuals, no recipient/candidate match) -- not search-tractable"
fisher|audrey|audrey,Audrey Fisher,40,"name too common in DIME donor pool (n=40 same-name individuals, no recipient/candidate match) -- not search-tractable"
fernandez|ana|ana teresa,Ana Teresa Fernández,79,"name too common in DIME donor pool (n=79 same-name individuals, no recipient/candidate match) -- not search-tractable"
ferguson|ruth|ruth,Ruth Ferguson,45,"name too common in DIME donor pool (n=45 same-name individuals, no recipient/candidate match) -- not search-tractable"
kang|michael|michael s,Michael S Kang,27,"name too common in DIME donor pool (n=27 same-name individuals, no recipient/candidate match) -- not search-tractable"
dunn|ann|ann,Ann Dunn,117,"name too common in DIME donor pool (n=117 same-name individuals, no recipient/candidate match) -- not search-tractable"
beard|mary|mary,Mary Beard,78,"name too common in DIME donor pool (n=78 same-name individuals, no recipient/candidate match) -- not search-tractable"
hanson|todd|todd,Todd Hanson,51,"name too common in DIME donor pool (n=51 same-name individuals, no recipient/candidate match) -- not search-tractable"
munoz|manuel|manuel,Manuel Munoz,46,"name too common in DIME donor pool (n=46 same-name individuals, no recipient/candidate match) -- not search-tractable"
fisher|helen|helen,Helen Fisher,76,"name too common in DIME donor pool (n=76 same-name individuals, no recipient/candidate match) -- not search-tractable"
bailey|phillip|phillip m,Phillip M. Bailey,41,"name too common in DIME donor pool (n=41 same-name individuals, no recipient/candidate match) -- not search-tractable"
day|margaret|peggy,Peggy Day,119,"name too common in DIME donor pool (n=119 same-name individuals, no recipient/candidate match) -- not search-tractable"
baer|william|bill,Bill Baer,52,"name too common in DIME donor pool (n=52 same-name individuals, no recipient/candidate match) -- not search-tractable"
carr|nicole|nicole,Nicole Carr,26,"name too common in DIME donor pool (n=26 same-name individuals, no recipient/candidate match) -- not search-tractable"
paris|william|william,William Paris,40,"name too common in DIME donor pool (n=40 same-name individuals, no recipient/candidate match) -- not search-tractable"
nelson|blake|blake,Blake Nelson,27,"name too common in DIME donor pool (n=27 same-name individuals, no recipient/candidate match) -- not search-tractable"
king|nicholas|nicholas,Nicholas King,110,"name too common in DIME donor pool (n=110 same-name individuals, no recipient/candidate match) -- not search-tractable"
silva|alexander|alex,Alex Silva,36,"name too common in DIME donor pool (n=36 same-name individuals, no recipient/candidate match) -- not search-tractable"
casey|susan|susan,Susan Casey,131,"name too common in DIME donor pool (n=131 same-name individuals, no recipient/candidate match) -- not search-tractable"
conrad|brian|brian,Brian Conrad,31,"name too common in DIME donor pool (n=31 same-name individuals, no recipient/candidate match) -- not search-tractable"
white|eileen|eileen,Eileen White,81,"name too common in DIME donor pool (n=81 same-name individuals, no recipient/candidate match) -- not search-tractable"
walker|erica|erica,Erica Walker,43,"name too common in DIME donor pool (n=43 same-name individuals, no recipient/candidate match) -- not search-tractable"
parks|virginia|virginia,Virginia Parks,30,"name too common in DIME donor pool (n=30 same-name individuals, no recipient/candidate match) -- not search-tractable"
wang|connie|connie,Connie Wang,30,"name too common in DIME donor pool (n=30 same-name individuals, no recipient/candidate match) -- not search-tractable"
hayes|jonathan|johnny,Johnny Hayes,92,"name too common in DIME donor pool (n=92 same-name individuals, no recipient/candidate match) -- not search-tractable"
king|jennifer|jennifer,Jennifer King,356,"name too common in DIME donor pool (n=356 same-name individuals, no recipient/candidate match) -- not search-tractable"
wong|jennifer|jennifer,Jennifer Wong,128,"name too common in DIME donor pool (n=128 same-name individuals, no recipient/candidate match) -- not search-tractable"
cummings|scott|scott,Scott Cummings,65,"name too common in DIME donor pool (n=65 same-name individuals, no recipient/candidate match) -- not search-tractable"
white|jordan|jordan,Jordan White,62,"name too common in DIME donor pool (n=62 same-name individuals, no recipient/candidate match) -- not search-tractable"
"green|carla|carla ""cmg""","Carla ""CMG"" Green",21,"name too common in DIME donor pool (n=21 same-name individuals, no recipient/candidate match) -- not search-tractable"
ho|jessica|jessica y,Jessica Y. Ho,25,"name too common in DIME donor pool (n=25 same-name individuals, no recipient/candidate match) -- not search-tractable"
newman|katherine|katherine s,Katherine S. Newman,133,"name too common in DIME donor pool (n=133 same-name individuals, no recipient/candidate match) -- not search-tractable"
taylor|heidi|heidi,Heidi Taylor,37,"name too common in DIME donor pool (n=37 same-name individuals, no recipient/candidate match) -- not search-tractable"
noble|jennifer|jennifer,Dr. Jennifer Noble,31,"name too common in DIME donor pool (n=31 same-name individuals, no recipient/candidate match) -- not search-tractable"
thurman|robert|bob,Bob Thurman,59,"name too common in DIME donor pool (n=59 same-name individuals, no recipient/candidate match) -- not search-tractable"
lopez|monica|monica,Monica Lopez,105,"name too common in DIME donor pool (n=105 same-name individuals, no recipient/candidate match) -- not search-tractable"
hendrickson|john|john,John Hendrickson,123,"name too common in DIME donor pool (n=123 same-name individuals, no recipient/candidate match) -- not search-tractable"
jones|lucy|lucy,Dr. Lucy Jones,61,"name too common in DIME donor pool (n=61 same-name individuals, no recipient/candidate match) -- not search-tractable"
kim|alice|alice,Alice Kim,35,"name too common in DIME donor pool (n=35 same-name individuals, no recipient/candidate match) -- not search-tractable"
lindley|steven|steve,Steve Lindley,21,"name too common in DIME donor pool (n=21 same-name individuals, no recipient/candidate match) -- not search-tractable"
smith|dana|dana g,Dana G. Smith,427,"name too common in DIME donor pool (n=427 same-name individuals, no recipient/candidate match) -- not search-tractable"
gonzalez|martha|martha,Martha Gonzalez,122,"name too common in DIME donor pool (n=122 same-name individuals, no recipient/candidate match) -- not search-tractable"
weiner|michael|michael,Dr. Michael Weiner,133,"name too common in DIME donor pool (n=133 same-name individuals, no recipient/candidate match) -- not search-tractable"
levy|karen|karen,Karen Levy,66,"name too common in DIME donor pool (n=66 same-name individuals, no recipient/candidate match) -- not search-tractable"
larson|vicki|vicki,Vicki Larson,42,"name too common in DIME donor pool (n=42 same-name individuals, no recipient/candidate match) -- not search-tractable"
wu|henry|henry m,Henry M. Wu,33,"name too common in DIME donor pool (n=33 same-name individuals, no recipient/candidate match) -- not search-tractable"
austin|paul|paul,Paul Austin,107,"name too common in DIME donor pool (n=107 same-name individuals, no recipient/candidate match) -- not search-tractable"
lopez|amelia|amelia,Amelia Lopez,61,"name too common in DIME donor pool (n=61 same-name individuals, no recipient/candidate match) -- not search-tractable"
martinez|eduardo|eduardo,Eduardo Martinez,139,"name too common in DIME donor pool (n=139 same-name individuals, no recipient/candidate match) -- not search-tractable"
jones|andrea|andrea,Andrea Jones,222,"name too common in DIME donor pool (n=222 same-name individuals, no recipient/candidate match) -- not search-tractable"
lee|cathy|cathy,Cathy Lee,88,"name too common in DIME donor pool (n=88 same-name individuals, no recipient/candidate match) -- not search-tractable"
hynes|anthony|tony,Tony Hynes,22,"name too common in DIME donor pool (n=22 same-name individuals, no recipient/candidate match) -- not search-tractable"
haynes|katherine|katherine,Katherine Haynes,60,"name too common in DIME donor pool (n=60 same-name individuals, no recipient/candidate match) -- not search-tractable"
hubbard|g|g scott,G. Scott Hubbard,101,"name too common in DIME donor pool (n=101 same-name individuals, no recipient/candidate match) -- not search-tractable"
nguyen|tran|tran,Trân Nguyễn,66,"name too common in DIME donor pool (n=66 same-name individuals, no recipient/candidate match) -- not search-tractable"
abrams|jonathan|jonathan,Jonathan Abrams,32,"name too common in DIME donor pool (n=32 same-name individuals, no recipient/candidate match) -- not search-tractable"
gordon|margaret|margaret,Margaret Gordon,167,"name too common in DIME donor pool (n=167 same-name individuals, no recipient/candidate match) -- not search-tractable"
lawrence|david|david,David Lawrence,441,"name too common in DIME donor pool (n=441 same-name individuals, no recipient/candidate match) -- not search-tractable"
turner|v|v kelly,V. Kelly Turner,88,"name too common in DIME donor pool (n=88 same-name individuals, no recipient/candidate match) -- not search-tractable"
gilbert|danielle|danielle,Danielle Gilbert,21,"name too common in DIME donor pool (n=21 same-name individuals, no recipient/candidate match) -- not search-tractable"
johnson|naomi|naomi,Naomi Johnson,61,"name too common in DIME donor pool (n=61 same-name individuals, no recipient/candidate match) -- not search-tractable"
roman|linda|linda,Linda Roman,40,"name too common in DIME donor pool (n=40 same-name individuals, no recipient/candidate match) -- not search-tractable"
harris|cecil|cecil,Cecil Harris,26,"name too common in DIME donor pool (n=26 same-name individuals, no recipient/candidate match) -- not search-tractable"
white|annie|annie,Annie White,36,"name too common in DIME donor pool (n=36 same-name individuals, no recipient/candidate match) -- not search-tractable"
simon|rachel|rachel,Rachel Simon,45,"name too common in DIME donor pool (n=45 same-name individuals, no recipient/candidate match) -- not search-tractable"
nash|elizabeth|elizabeth,Elizabeth Nash,79,"name too common in DIME donor pool (n=79 same-name individuals, no recipient/candidate match) -- not search-tractable"
perry|barbara|barbara,Barbara Perry,221,"name too common in DIME donor pool (n=221 same-name individuals, no recipient/candidate match) -- not search-tractable"
russell|margaret|margaret,Margaret Russell,220,"name too common in DIME donor pool (n=220 same-name individuals, no recipient/candidate match) -- not search-tractable"
jacobs|margaret|meg,Meg Jacobs,122,"name too common in DIME donor pool (n=122 same-name individuals, no recipient/candidate match) -- not search-tractable"
ward|jacob|jacob,Jacob Ward,36,"name too common in DIME donor pool (n=36 same-name individuals, no recipient/candidate match) -- not search-tractable"
nelson|stanley|stanley,Stanley Nelson,76,"name too common in DIME donor pool (n=76 same-name individuals, no recipient/candidate match) -- not search-tractable"
schneider|amelia|amy,Amy Schneider,79,"name too common in DIME donor pool (n=79 same-name individuals, no recipient/candidate match) -- not search-tractable"
gentry|joseph|joey,Joey Gentry,32,"name too common in DIME donor pool (n=32 same-name individuals, no recipient/candidate match) -- not search-tractable"
rooney|david|david,David Rooney,32,"name too common in DIME donor pool (n=32 same-name individuals, no recipient/candidate match) -- not search-tractable"
martin|courtney|courtney,Courtney Martin,51,"name too common in DIME donor pool (n=51 same-name individuals, no recipient/candidate match) -- not search-tractable"
todd|sarah|sarah,Sarah Todd,30,"name too common in DIME donor pool (n=30 same-name individuals, no recipient/candidate match) -- not search-tractable"
ryan|joan|joan,Joan Ryan,97,"name too common in DIME donor pool (n=97 same-name individuals, no recipient/candidate match) -- not search-tractable"
friedman|ann|ann,Ann Friedman,69,"name too common in DIME donor pool (n=69 same-name individuals, no recipient/candidate match) -- not search-tractable"
feldman|lauren|lauren,Lauren Feldman,24,"name too common in DIME donor pool (n=24 same-name individuals, no recipient/candidate match) -- not search-tractable"
king|geoffrey|geoffrey,Geoffrey King,39,"name too common in DIME donor pool (n=39 same-name individuals, no recipient/candidate match) -- not search-tractable"
torres|vanessa|vanessa,Vanessa Torres,32,"name too common in DIME donor pool (n=32 same-name individuals, no recipient/candidate match) -- not search-tractable"
bond|rebecca|rebecca,Rebecca Bond,31,"name too common in DIME donor pool (n=31 same-name individuals, no recipient/candidate match) -- not search-tractable"
khan|yasmin|yasmin,Yasmin Khan,21,"name too common in DIME donor pool (n=21 same-name individuals, no recipient/candidate match) -- not search-tractable"
johnson|caroline|caroline,Caroline Johnson,128,"name too common in DIME donor pool (n=128 same-name individuals, no recipient/candidate match) -- not search-tractable"
lawson|alexander|alex,Alex Lawson,22,"name too common in DIME donor pool (n=22 same-name individuals, no recipient/candidate match) -- not search-tractable"
mccoy|alexander|alex,Alex McCoy,39,"name too common in DIME donor pool (n=39 same-name individuals, no recipient/candidate match) -- not search-tractable"
johns|david|david,David Johns,135,"name too common in DIME donor pool (n=135 same-name individuals, no recipient/candidate match) -- not search-tractable"
ward|timothy|tim,Tim Ward,215,"name too common in DIME donor pool (n=215 same-name individuals, no recipient/candidate match) -- not search-tractable"
briggs|laura|laura,Laura Briggs,28,"name too common in DIME donor pool (n=28 same-name individuals, no recipient/candidate match) -- not search-tractable"
young|damon|damon,Damon Young,28,"name too common in DIME donor pool (n=28 same-name individuals, no recipient/candidate match) -- not search-tractable"
norton|donna|donna,Donna Norton,32,"name too common in DIME donor pool (n=32 same-name individuals, no recipient/candidate match) -- not search-tractable"
daugherty|michael|michael,Michael Daugherty,97,"name too common in DIME donor pool (n=97 same-name individuals, no recipient/candidate match) -- not search-tractable"
vargas|jose|jose antonio,Jose Antonio Vargas,166,"name too common in DIME donor pool (n=166 same-name individuals, no recipient/candidate match) -- not search-tractable"
lane|mark|mark,Mark Lane,135,"name too common in DIME donor pool (n=135 same-name individuals, no recipient/candidate match) -- not search-tractable"
fox|josh|josh,Josh Fox,21,"name too common in DIME donor pool (n=21 same-name individuals, no recipient/candidate match) -- not search-tractable"
ross|ryan|ryan,Ryan Ross,85,"name too common in DIME donor pool (n=85 same-name individuals, no recipient/candidate match) -- not search-tractable"
francis|melissa|melissa,Melissa Francis,21,"name too common in DIME donor pool (n=21 same-name individuals, no recipient/candidate match) -- not search-tractable"
levin|katherine|kate,Kate Levin,39,"name too common in DIME donor pool (n=39 same-name individuals, no recipient/candidate match) -- not search-tractable"
fraser|nancy|nancy,Nancy Fraser,33,"name too common in DIME donor pool (n=33 same-name individuals, no recipient/candidate match) -- not search-tractable"
leon|luis|luis feliz,Luis Feliz Leon,52,"name too common in DIME donor pool (n=52 same-name individuals, no recipient/candidate match) -- not search-tractable"
brenner|robert|robert,Robert Brenner,103,"name too common in DIME donor pool (n=103 same-name individuals, no recipient/candidate match) -- not search-tractable"
wood|anthony|tony,Tony Wood,92,"name too common in DIME donor pool (n=92 same-name individuals, no recipient/candidate match) -- not search-tractable"
meyer|neal|neal,Neal Meyer,21,"name too common in DIME donor pool (n=21 same-name individuals, no recipient/candidate match) -- not search-tractable"
carr|danielle|danielle,Danielle Carr,21,"name too common in DIME donor pool (n=21 same-name individuals, no recipient/candidate match) -- not search-tractable"
brown|wendy|wendy,Wendy Brown,217,"name too common in DIME donor pool (n=217 same-name individuals, no recipient/candidate match) -- not search-tractable"
fraser|steven|steve,Steve Fraser,28,"name too common in DIME donor pool (n=28 same-name individuals, no recipient/candidate match) -- not search-tractable"
castillo|cesar|cesar bowey,Cesar Bowey Castillo,28,"name too common in DIME donor pool (n=28 same-name individuals, no recipient/candidate match) -- not search-tractable"
brody|david|david,David Brody,63,"name too common in DIME donor pool (n=63 same-name individuals, no recipient/candidate match) -- not search-tractable"
ross|stephanie|stephanie,Stephanie Ross,112,"name too common in DIME donor pool (n=112 same-name individuals, no recipient/candidate match) -- not search-tractable"
west|sarah|sarah,Sarah West,86,"name too common in DIME donor pool (n=86 same-name individuals, no recipient/candidate match) -- not search-tractable"
ortiz|paul|paul,Paul Ortiz,35,"name too common in DIME donor pool (n=35 same-name individuals, no recipient/candidate match) -- not search-tractable"
levine|judith|judith,Judith Levine,69,"name too common in DIME donor pool (n=69 same-name individuals, no recipient/candidate match) -- not search-tractable"
neumann|ann|ann,Ann Neumann,23,"name too common in DIME donor pool (n=23 same-name individuals, no recipient/candidate match) -- not search-tractable"
goetz|edward|edward,Edward Goetz,25,"name too common in DIME donor pool (n=25 same-name individuals, no recipient/candidate match) -- not search-tractable"
mason|sarah|sarah,Sarah Mason,82,"name too common in DIME donor pool (n=82 same-name individuals, no recipient/candidate match) -- not search-tractable"
wilson|jonathan|jonathan,Jonathan Wilson,386,"name too common in DIME donor pool (n=386 same-name individuals, no recipient/candidate match) -- not search-tractable"
mason|laura|laura,Laura Mason,75,"name too common in DIME donor pool (n=75 same-name individuals, no recipient/candidate match) -- not search-tractable"
cohen|donald|donald,Donald Cohen,95,"name too common in DIME donor pool (n=95 same-name individuals, no recipient/candidate match) -- not search-tractable"
jones|eileen|eileen,Eileen Jones,85,"name too common in DIME donor pool (n=85 same-name individuals, no recipient/candidate match) -- not search-tractable"
goodwin|jeff|jeff,Jeff Goodwin,23,"name too common in DIME donor pool (n=23 same-name individuals, no recipient/candidate match) -- not search-tractable"
dempsey|edward|eddie,Eddie Dempsey,34,"name too common in DIME donor pool (n=34 same-name individuals, no recipient/candidate match) -- not search-tractable"
berg|heather|heather,Heather Berg,21,"name too common in DIME donor pool (n=21 same-name individuals, no recipient/candidate match) -- not search-tractable"
bragg|william|billy,Billy Bragg,51,"name too common in DIME donor pool (n=51 same-name individuals, no recipient/candidate match) -- not search-tractable"
jones|phil|phil,Phil Jones,100,"name too common in DIME donor pool (n=100 same-name individuals, no recipient/candidate match) -- not search-tractable"
larson|sean|sean,Sean Larson,21,"name too common in DIME donor pool (n=21 same-name individuals, no recipient/candidate match) -- not search-tractable"
nguyen|duc|duc hien,Duc Hien Nguyen,184,"name too common in DIME donor pool (n=184 same-name individuals, no recipient/candidate match) -- not search-tractable"
oakes|james|james,James Oakes,59,"name too common in DIME donor pool (n=59 same-name individuals, no recipient/candidate match) -- not search-tractable"
lewis|kyle|kyle,Kyle Lewis,71,"name too common in DIME donor pool (n=71 same-name individuals, no recipient/candidate match) -- not search-tractable"
hayes|nicholas|nick,Nick Hayes,44,"name too common in DIME donor pool (n=44 same-name individuals, no recipient/candidate match) -- not search-tractable"
mayer|adam|adam,Adam Mayer,31,"name too common in DIME donor pool (n=31 same-name individuals, no recipient/candidate match) -- not search-tractable"
hollingsworth|michael|michael,Michael Hollingsworth,70,"name too common in DIME donor pool (n=70 same-name individuals, no recipient/candidate match) -- not search-tractable"
west|brandon|brandon,Brandon West,50,"name too common in DIME donor pool (n=50 same-name individuals, no recipient/candidate match) -- not search-tractable"
turner|fred|fred,Fred Turner,95,"name too common in DIME donor pool (n=95 same-name individuals, no recipient/candidate match) -- not search-tractable"
fields|barbara|barbara,Barbara Fields,111,"name too common in DIME donor pool (n=111 same-name individuals, no recipient/candidate match) -- not search-tractable"
fields|karen|karen,Karen Fields,62,"name too common in DIME donor pool (n=62 same-name individuals, no recipient/candidate match) -- not search-tractable"
mcdonald|mary|mary lou,Mary Lou McDonald,465,"name too common in DIME donor pool (n=465 same-name individuals, no recipient/candidate match) -- not search-tractable"
snyder|matthew|matthew,Matthew Snyder,151,"name too common in DIME donor pool (n=151 same-name individuals, no recipient/candidate match) -- not search-tractable"
hernandez|kelly|kelly lytle,Kelly Lytle Hernández,43,"name too common in DIME donor pool (n=43 same-name individuals, no recipient/candidate match) -- not search-tractable"
moody|kim|kim,Kim Moody,21,"name too common in DIME donor pool (n=21 same-name individuals, no recipient/candidate match) -- not search-tractable"
gonzalez|michelle|michelle,Michelle Gonzalez,113,"name too common in DIME donor pool (n=113 same-name individuals, no recipient/candidate match) -- not search-tractable"
cohen|cathy|cathy,Cathy Cohen,22,"name too common in DIME donor pool (n=22 same-name individuals, no recipient/candidate match) -- not search-tractable"
seltzer|michael|michael,Michael Seltzer,36,"name too common in DIME donor pool (n=36 same-name individuals, no recipient/candidate match) -- not search-tractable"
simon|joshua|joshua,Joshua Simon,46,"name too common in DIME donor pool (n=46 same-name individuals, no recipient/candidate match) -- not search-tractable"
finn|daniel|daniel,Daniel Finn,79,"name too common in DIME donor pool (n=79 same-name individuals, no recipient/candidate match) -- not search-tractable"
owens|emily|emily,Emily Owens,37,"name too common in DIME donor pool (n=37 same-name individuals, no recipient/candidate match) -- not search-tractable"
chan|jennifer|jenny,Jenny Chan,98,"name too common in DIME donor pool (n=98 same-name individuals, no recipient/candidate match) -- not search-tractable"
shaw|randy|randy,Randy Shaw,37,"name too common in DIME donor pool (n=37 same-name individuals, no recipient/candidate match) -- not search-tractable"
maher|steven|steven,Steven Maher,35,"name too common in DIME donor pool (n=35 same-name individuals, no recipient/candidate match) -- not search-tractable"
armstrong|amanda|amanda,Amanda Armstrong,48,"name too common in DIME donor pool (n=48 same-name individuals, no recipient/candidate match) -- not search-tractable"
richmond|matthew|matthew,Matthew Richmond,30,"name too common in DIME donor pool (n=30 same-name individuals, no recipient/candidate match) -- not search-tractable"
rush|elizabeth|elizabeth,Elizabeth Rush,32,"name too common in DIME donor pool (n=32 same-name individuals, no recipient/candidate match) -- not search-tractable"
martinez|mercedes|mercedes,Mercedes Martínez,47,"name too common in DIME donor pool (n=47 same-name individuals, no recipient/candidate match) -- not search-tractable"
baird|katherine|kate shea,Kate Shea Baird,75,"name too common in DIME donor pool (n=75 same-name individuals, no recipient/candidate match) -- not search-tractable"
cohen|jennifer|jennifer,Jennifer Cohen,191,"name too common in DIME donor pool (n=191 same-name individuals, no recipient/candidate match) -- not search-tractable"
scheer|robert|robert,Robert Scheer,28,"name too common in DIME donor pool (n=28 same-name individuals, no recipient/candidate match) -- not search-tractable"
cooper|ryan|ryan,Ryan Cooper,77,"name too common in DIME donor pool (n=77 same-name individuals, no recipient/candidate match) -- not search-tractable"
sherman|rachel|rachel,Rachel Sherman,44,"name too common in DIME donor pool (n=44 same-name individuals, no recipient/candidate match) -- not search-tractable"
levin|benjamin|ben,Ben Levin,41,"name too common in DIME donor pool (n=41 same-name individuals, no recipient/candidate match) -- not search-tractable"
sims|christopher|chris,Chris Sims,89,"name too common in DIME donor pool (n=89 same-name individuals, no recipient/candidate match) -- not search-tractable"
bullard|robert|robert d,Robert D. Bullard,69,"name too common in DIME donor pool (n=69 same-name individuals, no recipient/candidate match) -- not search-tractable"
whitman|james|james,James Whitman,46,"name too common in DIME donor pool (n=46 same-name individuals, no recipient/candidate match) -- not search-tractable"
monahan|sean|sean,Sean Monahan,35,"name too common in DIME donor pool (n=35 same-name individuals, no recipient/candidate match) -- not search-tractable"
chan|anita|anita say,Dr. Anita Say Chan,25,"name too common in DIME donor pool (n=25 same-name individuals, no recipient/candidate match) -- not search-tractable"
meehan|michael|michael,Michael Meehan,154,"name too common in DIME donor pool (n=154 same-name individuals, no recipient/candidate match) -- not search-tractable"
lauria|joseph|joe,Joe Lauria,23,"name too common in DIME donor pool (n=23 same-name individuals, no recipient/candidate match) -- not search-tractable"
wilkinson|sarah|sarah,Sarah Wilkinson,43,"name too common in DIME donor pool (n=43 same-name individuals, no recipient/candidate match) -- not search-tractable"
mckenna|kevin|kevin,Kevin McKenna,116,"name too common in DIME donor pool (n=116 same-name individuals, no recipient/candidate match) -- not search-tractable"
murray|sean|sean,Seán Murray,143,"name too common in DIME donor pool (n=143 same-name individuals, no recipient/candidate match) -- not search-tractable"
walter|edward|ted,Ted Walter,56,"name too common in DIME donor pool (n=56 same-name individuals, no recipient/candidate match) -- not search-tractable"
walker|jacqueline|jacqueline,Jacqueline Walker,106,"name too common in DIME donor pool (n=106 same-name individuals, no recipient/candidate match) -- not search-tractable"
williamson|christopher|chris,Chris Williamson,83,"name too common in DIME donor pool (n=83 same-name individuals, no recipient/candidate match) -- not search-tractable"
baker|norman|norman,Norman Baker,85,"name too common in DIME donor pool (n=85 same-name individuals, no recipient/candidate match) -- not search-tractable"
low|david|david,David Low,81,"name too common in DIME donor pool (n=81 same-name individuals, no recipient/candidate match) -- not search-tractable"
wylie|robert|bob,Bob Wylie,56,"name too common in DIME donor pool (n=56 same-name individuals, no recipient/candidate match) -- not search-tractable"
duffy|john|john,John Duffy,363,"name too common in DIME donor pool (n=363 same-name individuals, no recipient/candidate match) -- not search-tractable"
mcgregor|thomas|tom,Tom McGregor,37,"name too common in DIME donor pool (n=37 same-name individuals, no recipient/candidate match) -- not search-tractable"
farrell|nicholas|nicholas,Nicholas Farrell,21,"name too common in DIME donor pool (n=21 same-name individuals, no recipient/candidate match) -- not search-tractable"
foster|zachary|zachary,Zachary Foster,26,"name too common in DIME donor pool (n=26 same-name individuals, no recipient/candidate match) -- not search-tractable"
spencer|lori|lori,Lori Spencer,34,"name too common in DIME donor pool (n=34 same-name individuals, no recipient/candidate match) -- not search-tractable"
bennett|keith|keith,Keith Bennett,67,"name too common in DIME donor pool (n=67 same-name individuals, no recipient/candidate match) -- not search-tractable"
barrett|lee|lee,Lee Barrett,48,"name too common in DIME donor pool (n=48 same-name individuals, no recipient/candidate match) -- not search-tractable"
simmons|barry|barry,Barry Simmons,23,"name too common in DIME donor pool (n=23 same-name individuals, no recipient/candidate match) -- not search-tractable"
whitehouse|david|david,Dr David Whitehouse,23,"name too common in DIME donor pool (n=23 same-name individuals, no recipient/candidate match) -- not search-tractable"
billingsley|john|john,John Billingsley,33,"name too common in DIME donor pool (n=33 same-name individuals, no recipient/candidate match) -- not search-tractable"
brooks|brad|brad,Brad Brooks,31,"name too common in DIME donor pool (n=31 same-name individuals, no recipient/candidate match) -- not search-tractable"
thomas|leigh|leigh,Leigh Thomas,36,"name too common in DIME donor pool (n=36 same-name individuals, no recipient/candidate match) -- not search-tractable"
johnson|kimberley|kimberley,Kimberley Johnson,23,"name too common in DIME donor pool (n=23 same-name individuals, no recipient/candidate match) -- not search-tractable"
schmidt|ryan|ryan,Ryan Schmidt,62,"name too common in DIME donor pool (n=62 same-name individuals, no recipient/candidate match) -- not search-tractable"
pickering|robert|robbie,Robbie Pickering,56,"name too common in DIME donor pool (n=56 same-name individuals, no recipient/candidate match) -- not search-tractable"
phillips|shawn|shawn,Shawn Phillips,67,"name too common in DIME donor pool (n=67 same-name individuals, no recipient/candidate match) -- not search-tractable"
boone|christopher|chris,Chris Boone,39,"name too common in DIME donor pool (n=39 same-name individuals, no recipient/candidate match) -- not search-tractable"
burnett|carol|carol,Carol Burnett,37,"name too common in DIME donor pool (n=37 same-name individuals, no recipient/candidate match) -- not search-tractable"
melendez|john|john,John Melendez,21,"name too common in DIME donor pool (n=21 same-name individuals, no recipient/candidate match) -- not search-tractable"
feldman|edward|ed,Ed Feldman,52,"name too common in DIME donor pool (n=52 same-name individuals, no recipient/candidate match) -- not search-tractable"
hoffman|carl|carl,Carl Hoffman,81,"name too common in DIME donor pool (n=81 same-name individuals, no recipient/candidate match) -- not search-tractable"
farley|jennifer|jen,Jen Farley,31,"name too common in DIME donor pool (n=31 same-name individuals, no recipient/candidate match) -- not search-tractable"
wong|alexander|alex,Alex Wong,93,"name too common in DIME donor pool (n=93 same-name individuals, no recipient/candidate match) -- not search-tractable"
bartlett|bruce|bruce,Bruce Bartlett,46,"name too common in DIME donor pool (n=46 same-name individuals, no recipient/candidate match) -- not search-tractable"
harrison|todd|todd,Todd Harrison,48,"name too common in DIME donor pool (n=48 same-name individuals, no recipient/candidate match) -- not search-tractable"
horowitz|mark|mark,Mark Horowitz,38,"name too common in DIME donor pool (n=38 same-name individuals, no recipient/candidate match) -- not search-tractable"
tuttle|christopher|christopher m,Christopher M. Tuttle,35,"name too common in DIME donor pool (n=35 same-name individuals, no recipient/candidate match) -- not search-tractable"
tobin|elizabeth|liza,Liza Tobin,49,"name too common in DIME donor pool (n=49 same-name individuals, no recipient/candidate match) -- not search-tractable"
hill|alice|alice,Alice Hill,73,"name too common in DIME donor pool (n=73 same-name individuals, no recipient/candidate match) -- not search-tractable"
meyer|maureen|maureen,Maureen Meyer,34,"name too common in DIME donor pool (n=34 same-name individuals, no recipient/candidate match) -- not search-tractable"
grossman|matthew|matt,Matt Grossman,46,"name too common in DIME donor pool (n=46 same-name individuals, no recipient/candidate match) -- not search-tractable"
rainey|james|jim,Gen. Jim Rainey,57,"name too common in DIME donor pool (n=57 same-name individuals, no recipient/candidate match) -- not search-tractable"
griffith|melissa|melissa,Melissa Griffith,26,"name too common in DIME donor pool (n=26 same-name individuals, no recipient/candidate match) -- not search-tractable"
jackson|kimberly|kimberly,Kimberly Jackson,214,"name too common in DIME donor pool (n=214 same-name individuals, no recipient/candidate match) -- not search-tractable"
hecker|james|james,Gen. James Hecker,23,"name too common in DIME donor pool (n=23 same-name individuals, no recipient/candidate match) -- not search-tractable"
blank|steven|steve,Steve Blank,42,"name too common in DIME donor pool (n=42 same-name individuals, no recipient/candidate match) -- not search-tractable"
stout|mark|mark,Mark Stout,65,"name too common in DIME donor pool (n=65 same-name individuals, no recipient/candidate match) -- not search-tractable"
singh|vikram|vikram j,Vikram J. Singh,24,"name too common in DIME donor pool (n=24 same-name individuals, no recipient/candidate match) -- not search-tractable"
zimmerman|rebecca|rebecca,Rebecca Zimmerman,45,"name too common in DIME donor pool (n=45 same-name individuals, no recipient/candidate match) -- not search-tractable"
evans|alexandra|alexandra,Alexandra Evans,38,"name too common in DIME donor pool (n=38 same-name individuals, no recipient/candidate match) -- not search-tractable"
dempsey|michael|michael p,Michael P. Dempsey,124,"name too common in DIME donor pool (n=124 same-name individuals, no recipient/candidate match) -- not search-tractable"
schneider|jacqueline|jacqueline,Jacqueline Schneider,32,"name too common in DIME donor pool (n=32 same-name individuals, no recipient/candidate match) -- not search-tractable"
rodriguez|stephen|stephen,Stephen Rodriguez,62,"name too common in DIME donor pool (n=62 same-name individuals, no recipient/candidate match) -- not search-tractable"
porter|patrick|patrick,Patrick Porter,46,"name too common in DIME donor pool (n=46 same-name individuals, no recipient/candidate match) -- not search-tractable"
small|andrew|andrew,Andrew Small,58,"name too common in DIME donor pool (n=58 same-name individuals, no recipient/candidate match) -- not search-tractable"
white|joshua|joshua,Joshua White,135,"name too common in DIME donor pool (n=135 same-name individuals, no recipient/candidate match) -- not search-tractable"
johnston|adam|adam,Adam Johnston,28,"name too common in DIME donor pool (n=28 same-name individuals, no recipient/candidate match) -- not search-tractable"
wolfe|ryan|ryan,Ryan Wolfe,33,"name too common in DIME donor pool (n=33 same-name individuals, no recipient/candidate match) -- not search-tractable"
bryson|jennifer|jennifer,Jennifer Bryson,24,"name too common in DIME donor pool (n=24 same-name individuals, no recipient/candidate match) -- not search-tractable"
donohue|william|bill,Bill Donohue,86,"name too common in DIME donor pool (n=86 same-name individuals, no recipient/candidate match) -- not search-tractable"
paul|jeffrey|jeffrey,Jeffrey Paul,58,"name too common in DIME donor pool (n=58 same-name individuals, no recipient/candidate match) -- not search-tractable"
cone|david|david,David Cone,41,"name too common in DIME donor pool (n=41 same-name individuals, no recipient/candidate match) -- not search-tractable"
adams|nicholas|nick,Nick Adams,171,"name too common in DIME donor pool (n=171 same-name individuals, no recipient/candidate match) -- not search-tractable"
brown|patrick|patrick,Patrick Brown,394,"name too common in DIME donor pool (n=394 same-name individuals, no recipient/candidate match) -- not search-tractable"
black|wayne|wayne,Wayne Black,46,"name too common in DIME donor pool (n=46 same-name individuals, no recipient/candidate match) -- not search-tractable"
law|robert|robert,Robert Law,133,"name too common in DIME donor pool (n=133 same-name individuals, no recipient/candidate match) -- not search-tractable"
davidson|joel|joel,Joel Davidson,56,"name too common in DIME donor pool (n=56 same-name individuals, no recipient/candidate match) -- not search-tractable"
rogan|thomas|tom,Tom Rogan,32,"name too common in DIME donor pool (n=32 same-name individuals, no recipient/candidate match) -- not search-tractable"
barron|john|john,John Barron,128,"name too common in DIME donor pool (n=128 same-name individuals, no recipient/candidate match) -- not search-tractable"
roberts|hannah|hannah,Hannah Roberts,28,"name too common in DIME donor pool (n=28 same-name individuals, no recipient/candidate match) -- not search-tractable"
perez|veronica|veronica lightning horse,Veronica Lightning Horse Perez,65,"name too common in DIME donor pool (n=65 same-name individuals, no recipient/candidate match) -- not search-tractable"
davidson|katherine|kate,Kate Davidson,144,"name too common in DIME donor pool (n=144 same-name individuals, no recipient/candidate match) -- not search-tractable"
bell|brian|brian,Brian Bell,202,"name too common in DIME donor pool (n=202 same-name individuals, no recipient/candidate match) -- not search-tractable"
white|benjamin|ben,Ben White,266,"name too common in DIME donor pool (n=266 same-name individuals, no recipient/candidate match) -- not search-tractable"
smith|kristin|kristin,Kristin Smith,205,"name too common in DIME donor pool (n=205 same-name individuals, no recipient/candidate match) -- not search-tractable"
burke|sharon|sharon,Sharon Burke,97,"name too common in DIME donor pool (n=97 same-name individuals, no recipient/candidate match) -- not search-tractable"
rizzo|robert|bobby,Bobby Rizzo,47,"name too common in DIME donor pool (n=47 same-name individuals, no recipient/candidate match) -- not search-tractable"
strauss|daniel|daniel,Daniel Strauss,35,"name too common in DIME donor pool (n=35 same-name individuals, no recipient/candidate match) -- not search-tractable"
rodriguez|jesus|jesus,Jesus Rodriguez,277,"name too common in DIME donor pool (n=277 same-name individuals, no recipient/candidate match) -- not search-tractable"
hamm|edward|ted,Ted Hamm,53,"name too common in DIME donor pool (n=53 same-name individuals, no recipient/candidate match) -- not search-tractable"
mcmahon|ryan|ryan,Ryan McMahon,40,"name too common in DIME donor pool (n=40 same-name individuals, no recipient/candidate match) -- not search-tractable"
gallo|robert|robert,Dr. Robert Gallo,100,"name too common in DIME donor pool (n=100 same-name individuals, no recipient/candidate match) -- not search-tractable"
robbins|timothy|tim,Tim Robbins,67,"name too common in DIME donor pool (n=67 same-name individuals, no recipient/candidate match) -- not search-tractable"
schmidt|thomas|thomas,Thomas Schmidt,332,"name too common in DIME donor pool (n=332 same-name individuals, no recipient/candidate match) -- not search-tractable"
snyder|brad|brad,Brad Snyder,46,"name too common in DIME donor pool (n=46 same-name individuals, no recipient/candidate match) -- not search-tractable"
whelan|edward|ed,Ed Whelan,30,"name too common in DIME donor pool (n=30 same-name individuals, no recipient/candidate match) -- not search-tractable"
yang|charles|charles,Charles Yang,44,"name too common in DIME donor pool (n=44 same-name individuals, no recipient/candidate match) -- not search-tractable"
liu|kenneth|ken,Ken Liu,43,"name too common in DIME donor pool (n=43 same-name individuals, no recipient/candidate match) -- not search-tractable"
clark|bryan|bryan,Bryan Clark,101,"name too common in DIME donor pool (n=101 same-name individuals, no recipient/candidate match) -- not search-tractable"
fisher|todd|todd,Todd Fisher,91,"name too common in DIME donor pool (n=91 same-name individuals, no recipient/candidate match) -- not search-tractable"
tran|minh|minh,Minh Tran,151,"name too common in DIME donor pool (n=151 same-name individuals, no recipient/candidate match) -- not search-tractable"
kim|daniel|dan,Dan Kim,336,"name too common in DIME donor pool (n=336 same-name individuals, no recipient/candidate match) -- not search-tractable"
gagnon|steven|steve,Steve Gagnon,32,"name too common in DIME donor pool (n=32 same-name individuals, no recipient/candidate match) -- not search-tractable"
rubin|alexander|alex,Alex Rubin,46,"name too common in DIME donor pool (n=46 same-name individuals, no recipient/candidate match) -- not search-tractable"
goodrich|james|jimmy,Jimmy Goodrich,77,"name too common in DIME donor pool (n=77 same-name individuals, no recipient/candidate match) -- not search-tractable"
lin|david|david,David Lin,93,"name too common in DIME donor pool (n=93 same-name individuals, no recipient/candidate match) -- not search-tractable"
wang|alexander|alex,Alex Wang,79,"name too common in DIME donor pool (n=79 same-name individuals, no recipient/candidate match) -- not search-tractable"
welch|nicholas|nicholas,Nicholas Welch,22,"name too common in DIME donor pool (n=22 same-name individuals, no recipient/candidate match) -- not search-tractable"
harris|peter|peter,Peter Harris,151,"name too common in DIME donor pool (n=151 same-name individuals, no recipient/candidate match) -- not search-tractable"
clifford|matthew|matt,Matt Clifford,31,"name too common in DIME donor pool (n=31 same-name individuals, no recipient/candidate match) -- not search-tractable"
wang|james|james,James Wang,195,"name too common in DIME donor pool (n=195 same-name individuals, no recipient/candidate match) -- not search-tractable"
goodman|matthew|matt,Matt Goodman,57,"name too common in DIME donor pool (n=57 same-name individuals, no recipient/candidate match) -- not search-tractable"
huang|paul|paul,Paul Huang,30,"name too common in DIME donor pool (n=30 same-name individuals, no recipient/candidate match) -- not search-tractable"
li|henry|henry,Henry Li,22,"name too common in DIME donor pool (n=22 same-name individuals, no recipient/candidate match) -- not search-tractable"
clancy|timothy|tim,Tim Clancy,39,"name too common in DIME donor pool (n=39 same-name individuals, no recipient/candidate match) -- not search-tractable"
bateman|john|john,John Bateman,51,"name too common in DIME donor pool (n=51 same-name individuals, no recipient/candidate match) -- not search-tractable"
foote|john|john,John Foote,55,"name too common in DIME donor pool (n=55 same-name individuals, no recipient/candidate match) -- not search-tractable"
murphy|craig|craig,Craig Murphy,63,"name too common in DIME donor pool (n=63 same-name individuals, no recipient/candidate match) -- not search-tractable"
barnhart|michael|michael,Michael Barnhart,42,"name too common in DIME donor pool (n=42 same-name individuals, no recipient/candidate match) -- not search-tractable"
rosen|daniel|dan,Dan Rosen,117,"name too common in DIME donor pool (n=117 same-name individuals, no recipient/candidate match) -- not search-tractable"
tobin|daniel|dan,Dan Tobin,67,"name too common in DIME donor pool (n=67 same-name individuals, no recipient/candidate match) -- not search-tractable"
lewis|margaret|maggie,Maggie Lewis,365,"name too common in DIME donor pool (n=365 same-name individuals, no recipient/candidate match) -- not search-tractable"
weiss|jessica|jessica chen,Jessica Chen Weiss,51,"name too common in DIME donor pool (n=51 same-name individuals, no recipient/candidate match) -- not search-tractable"
lee|kristine|kristine,Kristine Lee,21,"name too common in DIME donor pool (n=21 same-name individuals, no recipient/candidate match) -- not search-tractable"
yang|yi|yi,Yi Yang,36,"name too common in DIME donor pool (n=36 same-name individuals, no recipient/candidate match) -- not search-tractable"
clarke|donald|donald,Donald Clarke,94,"name too common in DIME donor pool (n=94 same-name individuals, no recipient/candidate match) -- not search-tractable"
griffiths|james|james,James Griffiths,53,"name too common in DIME donor pool (n=53 same-name individuals, no recipient/candidate match) -- not search-tractable"
platt|stephen|stephen,Stephen Platt,24,"name too common in DIME donor pool (n=24 same-name individuals, no recipient/candidate match) -- not search-tractable"
mahoney|daniel|dan,Dan Mahoney,173,"name too common in DIME donor pool (n=173 same-name individuals, no recipient/candidate match) -- not search-tractable"
franklin|shirley|shirley,Shirley Franklin,34,"name too common in DIME donor pool (n=34 same-name individuals, no recipient/candidate match) -- not search-tractable"
lawson|stephen|stephen,Stephen Lawson,42,"name too common in DIME donor pool (n=42 same-name individuals, no recipient/candidate match) -- not search-tractable"
foster|samuel|sam,Sam Foster,86,"name too common in DIME donor pool (n=86 same-name individuals, no recipient/candidate match) -- not search-tractable"
johnson|alicia|alicia,Dr. Alicia Johnson,132,"name too common in DIME donor pool (n=132 same-name individuals, no recipient/candidate match) -- not search-tractable"
thomas|jacob|jacob,Jacob Thomas,108,"name too common in DIME donor pool (n=108 same-name individuals, no recipient/candidate match) -- not search-tractable"
little|alexander|alex,Alex Little,26,"name too common in DIME donor pool (n=26 same-name individuals, no recipient/candidate match) -- not search-tractable"
holmes|barbara|barbara rivera,Barbara Rivera Holmes,132,"name too common in DIME donor pool (n=132 same-name individuals, no recipient/candidate match) -- not search-tractable"
schneider|jason|jason,Dr. Jason Schneider,57,"name too common in DIME donor pool (n=57 same-name individuals, no recipient/candidate match) -- not search-tractable"
hicks|fred|fred,Fred Hicks,31,"name too common in DIME donor pool (n=31 same-name individuals, no recipient/candidate match) -- not search-tractable"
graham|jeff|jeff,Jeff Graham,88,"name too common in DIME donor pool (n=88 same-name individuals, no recipient/candidate match) -- not search-tractable"
brooks|yvonne|yvonne,Yvonne Brooks,31,"name too common in DIME donor pool (n=31 same-name individuals, no recipient/candidate match) -- not search-tractable"
rosenberg|mark|mark,Dr. Mark Rosenberg,103,"name too common in DIME donor pool (n=103 same-name individuals, no recipient/candidate match) -- not search-tractable"
jackson|reginald|reginald,Reginald Jackson,68,"name too common in DIME donor pool (n=68 same-name individuals, no recipient/candidate match) -- not search-tractable"
bond|ann|ann hill,Ann Hill Bond,38,"name too common in DIME donor pool (n=38 same-name individuals, no recipient/candidate match) -- not search-tractable"
owen|karen|karen,Karen Owen,53,"name too common in DIME donor pool (n=53 same-name individuals, no recipient/candidate match) -- not search-tractable"
bradley|mark|mark,Mark Bradley,160,"name too common in DIME donor pool (n=160 same-name individuals, no recipient/candidate match) -- not search-tractable"
westmoreland|william|will,Will Westmoreland,34,"name too common in DIME donor pool (n=34 same-name individuals, no recipient/candidate match) -- not search-tractable"
houlihan|mary|mary,Mary Houlihan,34,"name too common in DIME donor pool (n=34 same-name individuals, no recipient/candidate match) -- not search-tractable"
pierce|rebecca|rebecca,Rebecca Pierce,57,"name too common in DIME donor pool (n=57 same-name individuals, no recipient/candidate match) -- not search-tractable"
davies|stephen|stephen,Stephen Davies,43,"name too common in DIME donor pool (n=43 same-name individuals, no recipient/candidate match) -- not search-tractable"
gray|nicholas|nick,Nick Gray,41,"name too common in DIME donor pool (n=41 same-name individuals, no recipient/candidate match) -- not search-tractable"
townsend|paul|paul,Paul Townsend,40,"name too common in DIME donor pool (n=40 same-name individuals, no recipient/candidate match) -- not search-tractable"
gannon|christopher|chris,Chris Gannon,25,"name too common in DIME donor pool (n=25 same-name individuals, no recipient/candidate match) -- not search-tractable"
fuller|steven|steve,Dr. Steve Fuller,127,"name too common in DIME donor pool (n=127 same-name individuals, no recipient/candidate match) -- not search-tractable"
williams|rex|rex,Rex Williams,47,"name too common in DIME donor pool (n=47 same-name individuals, no recipient/candidate match) -- not search-tractable"
morrissey|paul|paul,Paul Morrissey,24,"name too common in DIME donor pool (n=24 same-name individuals, no recipient/candidate match) -- not search-tractable"
devore|john|john,John Devore,32,"name too common in DIME donor pool (n=32 same-name individuals, no recipient/candidate match) -- not search-tractable"
boehm|eric|eric,Eric Boehm,23,"name too common in DIME donor pool (n=23 same-name individuals, no recipient/candidate match) -- not search-tractable"
carl|david|david,David Carl,43,"name too common in DIME donor pool (n=43 same-name individuals, no recipient/candidate match) -- not search-tractable"
barry|david|dave,Dave Barry,194,"name too common in DIME donor pool (n=194 same-name individuals, no recipient/candidate match) -- not search-tractable"
coleman|andrea|andrea,Andrea Coleman,49,"name too common in DIME donor pool (n=49 same-name individuals, no recipient/candidate match) -- not search-tractable"
murphy|meghan|meghan,Meghan Murphy,55,"name too common in DIME donor pool (n=55 same-name individuals, no recipient/candidate match) -- not search-tractable"
phelan|katherine|kate,Kate Phelan,34,"name too common in DIME donor pool (n=34 same-name individuals, no recipient/candidate match) -- not search-tractable"
thomas|emma|emma,Emma Thomas,44,"name too common in DIME donor pool (n=44 same-name individuals, no recipient/candidate match) -- not search-tractable"
jenkins|tiffany|tiffany,Tiffany Jenkins,30,"name too common in DIME donor pool (n=30 same-name individuals, no recipient/candidate match) -- not search-tractable"
stone|michelle|michelle,Michelle Stone,70,"name too common in DIME donor pool (n=70 same-name individuals, no recipient/candidate match) -- not search-tractable"
mills|alexander|alex,Alex Mills,35,"name too common in DIME donor pool (n=35 same-name individuals, no recipient/candidate match) -- not search-tractable"
parker|peter|peter,Peter Parker,58,"name too common in DIME donor pool (n=58 same-name individuals, no recipient/candidate match) -- not search-tractable"
joyce|helen|helen,Helen Joyce,25,"name too common in DIME donor pool (n=25 same-name individuals, no recipient/candidate match) -- not search-tractable"
clark|cory|cory,Cory Clark,22,"name too common in DIME donor pool (n=22 same-name individuals, no recipient/candidate match) -- not search-tractable"
kirby|peter|peter a,Peter A. Kirby,25,"name too common in DIME donor pool (n=25 same-name individuals, no recipient/candidate match) -- not search-tractable"
thorp|james|james,Dr. James Thorp,35,"name too common in DIME donor pool (n=35 same-name individuals, no recipient/candidate match) -- not search-tractable"
otto|jonathan|jonathan,Jonathan Otto,25,"name too common in DIME donor pool (n=25 same-name individuals, no recipient/candidate match) -- not search-tractable"
campbell|craig|craig,Craig Campbell,252,"name too common in DIME donor pool (n=252 same-name individuals, no recipient/candidate match) -- not search-tractable"
thornton|mark|mark,Mark Thornton,73,"name too common in DIME donor pool (n=73 same-name individuals, no recipient/candidate match) -- not search-tractable"
weiss|philip|philip,Philip Weiss,32,"name too common in DIME donor pool (n=32 same-name individuals, no recipient/candidate match) -- not search-tractable"
gifford|daniel|dan,Dan Gifford,32,"name too common in DIME donor pool (n=32 same-name individuals, no recipient/candidate match) -- not search-tractable"
tabor|james|james,James Tabor,43,"name too common in DIME donor pool (n=43 same-name individuals, no recipient/candidate match) -- not search-tractable"
vaughn|john|john,John Vaughn,150,"name too common in DIME donor pool (n=150 same-name individuals, no recipient/candidate match) -- not search-tractable"
bowen|larry|larry,Larry Bowen,42,"name too common in DIME donor pool (n=42 same-name individuals, no recipient/candidate match) -- not search-tractable"
williamson|anne|anne,Anne Williamson,61,"name too common in DIME donor pool (n=61 same-name individuals, no recipient/candidate match) -- not search-tractable"
gregory|timothy|tim,Tim Gregory,54,"name too common in DIME donor pool (n=54 same-name individuals, no recipient/candidate match) -- not search-tractable"
townsend|lisa|lisa,Lisa Townsend,46,"name too common in DIME donor pool (n=46 same-name individuals, no recipient/candidate match) -- not search-tractable"
starkey|david|david,David Starkey,46,"name too common in DIME donor pool (n=46 same-name individuals, no recipient/candidate match) -- not search-tractable"
phillips|alexander|alex,Alex Phillips,73,"name too common in DIME donor pool (n=73 same-name individuals, no recipient/candidate match) -- not search-tractable"
bogle|james|james,James Bogle,22,"name too common in DIME donor pool (n=22 same-name individuals, no recipient/candidate match) -- not search-tractable"
bryan|joseph|joe,Joe Bryan,101,"name too common in DIME donor pool (n=101 same-name individuals, no recipient/candidate match) -- not search-tractable"
mcbride|catherine|catherine,Catherine McBride,30,"name too common in DIME donor pool (n=30 same-name individuals, no recipient/candidate match) -- not search-tractable"
miller|harry|harry,Harry Miller,266,"name too common in DIME donor pool (n=266 same-name individuals, no recipient/candidate match) -- not search-tractable"
barrett|steven|steven,Steven Barrett,102,"name too common in DIME donor pool (n=102 same-name individuals, no recipient/candidate match) -- not search-tractable"
mcculloch|michael|mike,Mike McCulloch,37,"name too common in DIME donor pool (n=37 same-name individuals, no recipient/candidate match) -- not search-tractable"
halpern|david|david,David Halpern,63,"name too common in DIME donor pool (n=63 same-name individuals, no recipient/candidate match) -- not search-tractable"
miller|alan|alan,Alan Miller,494,"name too common in DIME donor pool (n=494 same-name individuals, no recipient/candidate match) -- not search-tractable"
jones|gareth|gareth wyn,Gareth Wyn Jones,22,"name too common in DIME donor pool (n=22 same-name individuals, no recipient/candidate match) -- not search-tractable"
brock|michael|mike,Mike Brock,87,"name too common in DIME donor pool (n=87 same-name individuals, no recipient/candidate match) -- not search-tractable"
goodwin|mark|mark,Mark Goodwin,71,"name too common in DIME donor pool (n=71 same-name individuals, no recipient/candidate match) -- not search-tractable"
light|john|john,John Light,59,"name too common in DIME donor pool (n=59 same-name individuals, no recipient/candidate match) -- not search-tractable"
carvalho|john|john,John Carvalho,25,"name too common in DIME donor pool (n=25 same-name individuals, no recipient/candidate match) -- not search-tractable"
myers|jesse|jesse,Jesse Myers,25,"name too common in DIME donor pool (n=25 same-name individuals, no recipient/candidate match) -- not search-tractable"
hansen|nicholas|nick,Nick Hansen,57,"name too common in DIME donor pool (n=57 same-name individuals, no recipient/candidate match) -- not search-tractable"
hayes|arthur|arthur,Arthur Hayes,39,"name too common in DIME donor pool (n=39 same-name individuals, no recipient/candidate match) -- not search-tractable"
lowery|jason|jason,Jason Lowery,25,"name too common in DIME donor pool (n=25 same-name individuals, no recipient/candidate match) -- not search-tractable"
wall|eric|eric,Eric Wall,34,"name too common in DIME donor pool (n=34 same-name individuals, no recipient/candidate match) -- not search-tractable"
weintraub|daniel|dan,Dan Weintraub,22,"name too common in DIME donor pool (n=22 same-name individuals, no recipient/candidate match) -- not search-tractable"
weiss|eric|eric,Eric Weiss,122,"name too common in DIME donor pool (n=122 same-name individuals, no recipient/candidate match) -- not search-tractable"
song|james|jimmy,Jimmy Song,34,"name too common in DIME donor pool (n=34 same-name individuals, no recipient/candidate match) -- not search-tractable"
harrison|scott|scott,Scott Harrison,152,"name too common in DIME donor pool (n=152 same-name individuals, no recipient/candidate match) -- not search-tractable"
belcher|christopher|chris,Chris Belcher,21,"name too common in DIME donor pool (n=21 same-name individuals, no recipient/candidate match) -- not search-tractable"
welch|jeremy|jeremy,Jeremy Welch,24,"name too common in DIME donor pool (n=24 same-name individuals, no recipient/candidate match) -- not search-tractable"
lane|alan|alan,Alan Lane,52,"name too common in DIME donor pool (n=52 same-name individuals, no recipient/candidate match) -- not search-tractable"
bishop|bryan|bryan,Bryan Bishop,21,"name too common in DIME donor pool (n=21 same-name individuals, no recipient/candidate match) -- not search-tractable"
liu|lily|lily,Lily Liu,36,"name too common in DIME donor pool (n=36 same-name individuals, no recipient/candidate match) -- not search-tractable"
lee|charlie|charlie,Charlie Lee,33,"name too common in DIME donor pool (n=33 same-name individuals, no recipient/candidate match) -- not search-tractable"
rooney|matthew|matt,Matt Rooney,26,"name too common in DIME donor pool (n=26 same-name individuals, no recipient/candidate match) -- not search-tractable"
hess|daniel|daniel,Daniel Hess,102,"name too common in DIME donor pool (n=102 same-name individuals, no recipient/candidate match) -- not search-tractable"
kay|jonathan|jonathan,Jonathan Kay,34,"name too common in DIME donor pool (n=34 same-name individuals, no recipient/candidate match) -- not search-tractable"
nelson|amelia|amy,Amy Nelson,196,"name too common in DIME donor pool (n=196 same-name individuals, no recipient/candidate match) -- not search-tractable"
adams|sarah|sarah,Sarah Adams,204,"name too common in DIME donor pool (n=204 same-name individuals, no recipient/candidate match) -- not search-tractable"
hunter|russell|russell,Russell Hunter,30,"name too common in DIME donor pool (n=30 same-name individuals, no recipient/candidate match) -- not search-tractable"
armstrong|alan|alan,Alan Armstrong,44,"name too common in DIME donor pool (n=44 same-name individuals, no recipient/candidate match) -- not search-tractable"
frey|christopher|chris,Chris Frey,56,"name too common in DIME donor pool (n=56 same-name individuals, no recipient/candidate match) -- not search-tractable"
ferris|david|david,David Ferris,108,"name too common in DIME donor pool (n=108 same-name individuals, no recipient/candidate match) -- not search-tractable"
wheeler|andrew|andrew,Andrew Wheeler,88,"name too common in DIME donor pool (n=88 same-name individuals, no recipient/candidate match) -- not search-tractable"
cooper|charlie|charlie,Charlie Cooper,29,"name too common in DIME donor pool (n=29 same-name individuals, no recipient/candidate match) -- not search-tractable"
reilly|sean|sean,Sean Reilly,107,"name too common in DIME donor pool (n=107 same-name individuals, no recipient/candidate match) -- not search-tractable"
glick|richard|rich,Rich Glick,23,"name too common in DIME donor pool (n=23 same-name individuals, no recipient/candidate match) -- not search-tractable"
wolff|eric|eric,Eric Wolff,35,"name too common in DIME donor pool (n=35 same-name individuals, no recipient/candidate match) -- not search-tractable"
worth|robert|robert,Robert Worth,63,"name too common in DIME donor pool (n=63 same-name individuals, no recipient/candidate match) -- not search-tractable"
anderson|dane|dane,Dane Anderson,23,"name too common in DIME donor pool (n=23 same-name individuals, no recipient/candidate match) -- not search-tractable"
hines|cheryl|cheryl,Cheryl Hines,24,"name too common in DIME donor pool (n=24 same-name individuals, no recipient/candidate match) -- not search-tractable"
chandler|daniel|daniel,Daniel Chandler,88,"name too common in DIME donor pool (n=88 same-name individuals, no recipient/candidate match) -- not search-tractable"
singer|michael|michael a,Michael A. Singer,185,"name too common in DIME donor pool (n=185 same-name individuals, no recipient/candidate match) -- not search-tractable"
jacobs|larry|larry,Dr Larry Jacobs,94,"name too common in DIME donor pool (n=94 same-name individuals, no recipient/candidate match) -- not search-tractable"
lee|frances|frances,Frances Lee,91,"name too common in DIME donor pool (n=91 same-name individuals, no recipient/candidate match) -- not search-tractable"
crawford|matthew|matthew,Matthew Crawford,106,"name too common in DIME donor pool (n=106 same-name individuals, no recipient/candidate match) -- not search-tractable"
morrison|kim|kim,Kim Morrison,34,"name too common in DIME donor pool (n=34 same-name individuals, no recipient/candidate match) -- not search-tractable"
paris|katherine|katie,Katie Paris,22,"name too common in DIME donor pool (n=22 same-name individuals, no recipient/candidate match) -- not search-tractable"
jones|lindsay|lindsay,Lindsay Jones,84,"name too common in DIME donor pool (n=84 same-name individuals, no recipient/candidate match) -- not search-tractable"
sanders|emily|emily,Emily Sanders,48,"name too common in DIME donor pool (n=48 same-name individuals, no recipient/candidate match) -- not search-tractable"
chapman|rachel|rachel,Rachel Chapman,24,"name too common in DIME donor pool (n=24 same-name individuals, no recipient/candidate match) -- not search-tractable"
yang|william|william,William Yang,48,"name too common in DIME donor pool (n=48 same-name individuals, no recipient/candidate match) -- not search-tractable"
gray|gordon|gordon,Gordon Gray,80,"name too common in DIME donor pool (n=80 same-name individuals, no recipient/candidate match) -- not search-tractable"
preston|andrew|andy,Andy Preston,51,"name too common in DIME donor pool (n=51 same-name individuals, no recipient/candidate match) -- not search-tractable"
burke|elaine|elaine,Elaine Burke,31,"name too common in DIME donor pool (n=31 same-name individuals, no recipient/candidate match) -- not search-tractable"
white|christopher|christopher,Christopher White,713,"name too common in DIME donor pool (n=713 same-name individuals, no recipient/candidate match) -- not search-tractable"
dawson|donna|donna,Donna Dawson,43,"name too common in DIME donor pool (n=43 same-name individuals, no recipient/candidate match) -- not search-tractable"
doyle|christopher|chris,Chris Doyle,154,"name too common in DIME donor pool (n=154 same-name individuals, no recipient/candidate match) -- not search-tractable"
mcwilliams|david|david,David McWilliams,63,"name too common in DIME donor pool (n=63 same-name individuals, no recipient/candidate match) -- not search-tractable"
nielsen|peter|peter,Peter Nielsen,55,"name too common in DIME donor pool (n=55 same-name individuals, no recipient/candidate match) -- not search-tractable"
suarez|john|john,John Suarez,29,"name too common in DIME donor pool (n=29 same-name individuals, no recipient/candidate match) -- not search-tractable"
mcdowell|michael|michael,Michael McDowell,144,"name too common in DIME donor pool (n=144 same-name individuals, no recipient/candidate match) -- not search-tractable"
horton|benjamin|benjamin,Benjamin Horton,29,"name too common in DIME donor pool (n=29 same-name individuals, no recipient/candidate match) -- not search-tractable"
shank|michael|michael,Michael Shank,49,"name too common in DIME donor pool (n=49 same-name individuals, no recipient/candidate match) -- not search-tractable"
allen|jamie|jamie,Jamie Allen,57,"name too common in DIME donor pool (n=57 same-name individuals, no recipient/candidate match) -- not search-tractable"
newman|peter|peter,Peter Newman,91,"name too common in DIME donor pool (n=91 same-name individuals, no recipient/candidate match) -- not search-tractable"
king|marcus|marcus d,Marcus D King,47,"name too common in DIME donor pool (n=47 same-name individuals, no recipient/candidate match) -- not search-tractable"
bolger|david|david,David Bolger,36,"name too common in DIME donor pool (n=36 same-name individuals, no recipient/candidate match) -- not search-tractable"
lynch|justin|justin,Justin Lynch,21,"name too common in DIME donor pool (n=21 same-name individuals, no recipient/candidate match) -- not search-tractable"
yu|shirley|shirley ze,Shirley Ze Yu,21,"name too common in DIME donor pool (n=21 same-name individuals, no recipient/candidate match) -- not search-tractable"
friedman|andrew|drew,Drew Friedman,117,"name too common in DIME donor pool (n=117 same-name individuals, no recipient/candidate match) -- not search-tractable"
heller|steven|steven,Steven Heller,72,"name too common in DIME donor pool (n=72 same-name individuals, no recipient/candidate match) -- not search-tractable"
rose|victoria|victoria,Dr Victoria Rose,54,"name too common in DIME donor pool (n=54 same-name individuals, no recipient/candidate match) -- not search-tractable"
barker|philip|philip,Philip Barker,23,"name too common in DIME donor pool (n=23 same-name individuals, no recipient/candidate match) -- not search-tractable"
lynch|suzanne|suzanne,Suzanne Lynch,29,"name too common in DIME donor pool (n=29 same-name individuals, no recipient/candidate match) -- not search-tractable"
fawcett|john|john,John Fawcett,46,"name too common in DIME donor pool (n=46 same-name individuals, no recipient/candidate match) -- not search-tractable"
weiss|adam|adam,Adam Weiss,80,"name too common in DIME donor pool (n=80 same-name individuals, no recipient/candidate match) -- not search-tractable"
bachman|john|john,John Bachman,67,"name too common in DIME donor pool (n=67 same-name individuals, no recipient/candidate match) -- not search-tractable"
bride|mc|mc,MC BRIDE,59,"name too common in DIME donor pool (n=59 same-name individuals, no recipient/candidate match) -- not search-tractable"
kelly|gregory|greg,Greg Kelly,121,"name too common in DIME donor pool (n=121 same-name individuals, no recipient/candidate match) -- not search-tractable"
ward|kelly|kelly,Kelly Ward,109,"name too common in DIME donor pool (n=109 same-name individuals, no recipient/candidate match) -- not search-tractable"
cornell|michael|mike,"Mike Cornell, Jr",63,"name too common in DIME donor pool (n=63 same-name individuals, no recipient/candidate match) -- not search-tractable"
austin|charles|charles,Charles Austin,151,"name too common in DIME donor pool (n=151 same-name individuals, no recipient/candidate match) -- not search-tractable"
butler|benjamin|benjamin,Benjamin Butler,103,"name too common in DIME donor pool (n=103 same-name individuals, no recipient/candidate match) -- not search-tractable"
wu|anthony|tony,Tony Wu,47,"name too common in DIME donor pool (n=47 same-name individuals, no recipient/candidate match) -- not search-tractable"
law|andrew|andrew,Andrew Law,25,"name too common in DIME donor pool (n=25 same-name individuals, no recipient/candidate match) -- not search-tractable"
pearce|james|james,James Pearce,121,"name too common in DIME donor pool (n=121 same-name individuals, no recipient/candidate match) -- not search-tractable"
howell|jennifer|jen patja,Jen Patja Howell,93,"name too common in DIME donor pool (n=93 same-name individuals, no recipient/candidate match) -- not search-tractable"
hayward|john|john,John Hayward,61,"name too common in DIME donor pool (n=61 same-name individuals, no recipient/candidate match) -- not search-tractable"
horn|andrew|drew,Drew Horn,46,"name too common in DIME donor pool (n=46 same-name individuals, no recipient/candidate match) -- not search-tractable"
hamilton|katherine|katherine,Katherine Hamilton,263,"name too common in DIME donor pool (n=263 same-name individuals, no recipient/candidate match) -- not search-tractable"
cardinale|joseph|joe,Joe Cardinale,22,"name too common in DIME donor pool (n=22 same-name individuals, no recipient/candidate match) -- not search-tractable"
ng|david|david,David Ng,35,"name too common in DIME donor pool (n=35 same-name individuals, no recipient/candidate match) -- not search-tractable"
pierce|alexander|alex,Alex Pierce,27,"name too common in DIME donor pool (n=27 same-name individuals, no recipient/candidate match) -- not search-tractable"
vick|james|james,James Vick,67,"name too common in DIME donor pool (n=67 same-name individuals, no recipient/candidate match) -- not search-tractable"
casper|richard|richard,Richard Casper,22,"name too common in DIME donor pool (n=22 same-name individuals, no recipient/candidate match) -- not search-tractable"
knight|christopher|christopher,Christopher Knight,202,"name too common in DIME donor pool (n=202 same-name individuals, no recipient/candidate match) -- not search-tractable"
mccoy|jennifer|jennifer,Jennifer McCoy,75,"name too common in DIME donor pool (n=75 same-name individuals, no recipient/candidate match) -- not search-tractable"
russell|nicholas|nicholas,Nicholas Russell,33,"name too common in DIME donor pool (n=33 same-name individuals, no recipient/candidate match) -- not search-tractable"
starr|paul|paul,Paul Starr,33,"name too common in DIME donor pool (n=33 same-name individuals, no recipient/candidate match) -- not search-tractable"
maher|stephen|stephen,Stephen Maher,43,"name too common in DIME donor pool (n=43 same-name individuals, no recipient/candidate match) -- not search-tractable"
wilson|diane|diane,Diane Wilson,309,"name too common in DIME donor pool (n=309 same-name individuals, no recipient/candidate match) -- not search-tractable"
diaz|yolanda|yolanda,Yolanda Díaz,31,"name too common in DIME donor pool (n=31 same-name individuals, no recipient/candidate match) -- not search-tractable"
schultz|kevin|kevin,Kevin Schultz,95,"name too common in DIME donor pool (n=95 same-name individuals, no recipient/candidate match) -- not search-tractable"
friedman|jeremy|jeremy,Jeremy Friedman,23,"name too common in DIME donor pool (n=23 same-name individuals, no recipient/candidate match) -- not search-tractable"
walker|lydia|lydia,Lydia Walker,24,"name too common in DIME donor pool (n=24 same-name individuals, no recipient/candidate match) -- not search-tractable"
samuels|david|david,David Samuels,85,"name too common in DIME donor pool (n=85 same-name individuals, no recipient/candidate match) -- not search-tractable"
murphy|brett|brett,Brett Murphy,28,"name too common in DIME donor pool (n=28 same-name individuals, no recipient/candidate match) -- not search-tractable"
durkin|thomas|tom,Tom Durkin,87,"name too common in DIME donor pool (n=87 same-name individuals, no recipient/candidate match) -- not search-tractable"
halperin|david|david,David Halperin,32,"name too common in DIME donor pool (n=32 same-name individuals, no recipient/candidate match) -- not search-tractable"
silver|eric|eric,Eric Silver,26,"name too common in DIME donor pool (n=26 same-name individuals, no recipient/candidate match) -- not search-tractable"
gould|jeffrey|jeffrey,Jeffrey Gould,60,"name too common in DIME donor pool (n=60 same-name individuals, no recipient/candidate match) -- not search-tractable"
moore|louis|louis,Prof. Louis Moore,88,"name too common in DIME donor pool (n=88 same-name individuals, no recipient/candidate match) -- not search-tractable"
aldridge|david|david,David Aldridge,45,"name too common in DIME donor pool (n=45 same-name individuals, no recipient/candidate match) -- not search-tractable"
lutz|thomas|tom,Tom Lutz,56,"name too common in DIME donor pool (n=56 same-name individuals, no recipient/candidate match) -- not search-tractable"
boyle|gregory|gregory,Gregory Boyle,30,"name too common in DIME donor pool (n=30 same-name individuals, no recipient/candidate match) -- not search-tractable"
edelman|robert|robert,Robert Edelman,30,"name too common in DIME donor pool (n=30 same-name individuals, no recipient/candidate match) -- not search-tractable"
sayles|john|john,John Sayles,27,"name too common in DIME donor pool (n=27 same-name individuals, no recipient/candidate match) -- not search-tractable"
adler|paul|paul,Paul Adler,45,"name too common in DIME donor pool (n=45 same-name individuals, no recipient/candidate match) -- not search-tractable"
carson|thomas|tom,Tom Carson,117,"name too common in DIME donor pool (n=117 same-name individuals, no recipient/candidate match) -- not search-tractable"
richardson|peter|peter,Peter Richardson,97,"name too common in DIME donor pool (n=97 same-name individuals, no recipient/candidate match) -- not search-tractable"
chen|michelle|michelle,Michelle Chen,48,"name too common in DIME donor pool (n=48 same-name individuals, no recipient/candidate match) -- not search-tractable"
leonard|sarah|sarah,Sarah Leonard,75,"name too common in DIME donor pool (n=75 same-name individuals, no recipient/candidate match) -- not search-tractable"
lin|edward|eddie,Eddie Lin,45,"name too common in DIME donor pool (n=45 same-name individuals, no recipient/candidate match) -- not search-tractable"
myers|todd|todd,Todd Myers,74,"name too common in DIME donor pool (n=74 same-name individuals, no recipient/candidate match) -- not search-tractable"
walsh|andrew|andrew,Andrew Walsh,94,"name too common in DIME donor pool (n=94 same-name individuals, no recipient/candidate match) -- not search-tractable"
allen|cathy|cathy,Cathy Allen,95,"name too common in DIME donor pool (n=95 same-name individuals, no recipient/candidate match) -- not search-tractable"
moore|cathy|cathy,Cathy Moore,112,"name too common in DIME donor pool (n=112 same-name individuals, no recipient/candidate match) -- not search-tractable"
king|anna|anna,Anna King,103,"name too common in DIME donor pool (n=103 same-name individuals, no recipient/candidate match) -- not search-tractable"
green|marcus|marcus,Marcus Green,35,"name too common in DIME donor pool (n=35 same-name individuals, no recipient/candidate match) -- not search-tractable"
nelson|amanda|amanda,Amanda Nelson,121,"name too common in DIME donor pool (n=121 same-name individuals, no recipient/candidate match) -- not search-tractable"
jones|bart|bart,Bart Jones,38,"name too common in DIME donor pool (n=38 same-name individuals, no recipient/candidate match) -- not search-tractable"
gordon|stephanie|stephanie,Stephanie Gordon,55,"name too common in DIME donor pool (n=55 same-name individuals, no recipient/candidate match) -- not search-tractable"
robinson|calvin|calvin,Calvin Robinson,38,"name too common in DIME donor pool (n=38 same-name individuals, no recipient/candidate match) -- not search-tractable"
coleman|ashley|ashley,Ashley Coleman,30,"name too common in DIME donor pool (n=30 same-name individuals, no recipient/candidate match) -- not search-tractable"
donnelly|mark|mark,Mark Donnelly,45,"name too common in DIME donor pool (n=45 same-name individuals, no recipient/candidate match) -- not search-tractable"
anton|m|m,M. Anton,24,"name too common in DIME donor pool (n=24 same-name individuals, no recipient/candidate match) -- not search-tractable"
altman|james|james,Father James Altman,56,"name too common in DIME donor pool (n=56 same-name individuals, no recipient/candidate match) -- not search-tractable"
mclaughlin|susan|susan,Susan McLaughlin,142,"name too common in DIME donor pool (n=142 same-name individuals, no recipient/candidate match) -- not search-tractable"
evans|erica|erica,Erica Evans,29,"name too common in DIME donor pool (n=29 same-name individuals, no recipient/candidate match) -- not search-tractable"
mclaughlin|sarah|sarah,Sarah McLaughlin,37,"name too common in DIME donor pool (n=37 same-name individuals, no recipient/candidate match) -- not search-tractable"
masterson|richard|dick,Dick Masterson,31,"name too common in DIME donor pool (n=31 same-name individuals, no recipient/candidate match) -- not search-tractable"
kim|matthew|matt,Matt Kim,23,"name too common in DIME donor pool (n=23 same-name individuals, no recipient/candidate match) -- not search-tractable"
ryan|peter|peter,Captain Peter Ryan,114,"name too common in DIME donor pool (n=114 same-name individuals, no recipient/candidate match) -- not search-tractable"
ramirez|ernest|ernest,Ernest Ramirez,21,"name too common in DIME donor pool (n=21 same-name individuals, no recipient/candidate match) -- not search-tractable"
payne|henry|henry,Henry Payne,22,"name too common in DIME donor pool (n=22 same-name individuals, no recipient/candidate match) -- not search-tractable"
waller|thomas|tommy,Tommy Waller,56,"name too common in DIME donor pool (n=56 same-name individuals, no recipient/candidate match) -- not search-tractable"
murphy|ian|ian,Ian Murphy,49,"name too common in DIME donor pool (n=49 same-name individuals, no recipient/candidate match) -- not search-tractable"
song|michael|mike,Mike Song,36,"name too common in DIME donor pool (n=36 same-name individuals, no recipient/candidate match) -- not search-tractable"
brooks|peter|peter,Peter Brooks,98,"name too common in DIME donor pool (n=98 same-name individuals, no recipient/candidate match) -- not search-tractable"
webb|brandon|brandon,Brandon Webb,23,"name too common in DIME donor pool (n=23 same-name individuals, no recipient/candidate match) -- not search-tractable"
dean|andrew|andy,Andy Dean,73,"name too common in DIME donor pool (n=73 same-name individuals, no recipient/candidate match) -- not search-tractable"
lott|james|james,James Lott,77,"name too common in DIME donor pool (n=77 same-name individuals, no recipient/candidate match) -- not search-tractable"
hastings|brian|brian,Chief Brian Hastings,32,"name too common in DIME donor pool (n=32 same-name individuals, no recipient/candidate match) -- not search-tractable"
clark|joel|joel,Joel Clark,72,"name too common in DIME donor pool (n=72 same-name individuals, no recipient/candidate match) -- not search-tractable"
woolsey|james|james,James Woolsey,29,"name too common in DIME donor pool (n=29 same-name individuals, no recipient/candidate match) -- not search-tractable"
pennington|mark|mark,Mark Pennington,35,"name too common in DIME donor pool (n=35 same-name individuals, no recipient/candidate match) -- not search-tractable"
brown|alton|alton,Alton Brown,43,"name too common in DIME donor pool (n=43 same-name individuals, no recipient/candidate match) -- not search-tractable"
green|jeffrey|jeffrey edward,Jeffrey Edward Green,232,"name too common in DIME donor pool (n=232 same-name individuals, no recipient/candidate match) -- not search-tractable"
bell|stuart|stuart,Stuart Bell,55,"name too common in DIME donor pool (n=55 same-name individuals, no recipient/candidate match) -- not search-tractable"
reed|margaret|maggie,Maggie Reed,175,"name too common in DIME donor pool (n=175 same-name individuals, no recipient/candidate match) -- not search-tractable"
higgins|eileen|eileen,Eileen Higgins,27,"name too common in DIME donor pool (n=27 same-name individuals, no recipient/candidate match) -- not search-tractable"
green|caitlin|caitlin,Dr Caitlin Green,21,"name too common in DIME donor pool (n=21 same-name individuals, no recipient/candidate match) -- not search-tractable"
metzger|thomas|tom,Tom Metzger,51,"name too common in DIME donor pool (n=51 same-name individuals, no recipient/candidate match) -- not search-tractable"
fox|megan|megan,Megan Fox,27,"name too common in DIME donor pool (n=27 same-name individuals, no recipient/candidate match) -- not search-tractable"
lee|samantha|samantha,Samantha Lee,62,"name too common in DIME donor pool (n=62 same-name individuals, no recipient/candidate match) -- not search-tractable"
griffith|ryan|ryan,Ryan Griffith,22,"name too common in DIME donor pool (n=22 same-name individuals, no recipient/candidate match) -- not search-tractable"
lewis|aaron|aaron,Aaron Lewis,102,"name too common in DIME donor pool (n=102 same-name individuals, no recipient/candidate match) -- not search-tractable"
kessler|ronald|ronald,Ronald Kessler,29,"name too common in DIME donor pool (n=29 same-name individuals, no recipient/candidate match) -- not search-tractable"
schwartz|paul|paul,Paul Schwartz,177,"name too common in DIME donor pool (n=177 same-name individuals, no recipient/candidate match) -- not search-tractable"
connolly|richard|richard,Richard Connolly,42,"name too common in DIME donor pool (n=42 same-name individuals, no recipient/candidate match) -- not search-tractable"
noble|benjamin|ben,Ben Noble,31,"name too common in DIME donor pool (n=31 same-name individuals, no recipient/candidate match) -- not search-tractable"
blank|stephen|stephen,Stephen Blank,24,"name too common in DIME donor pool (n=24 same-name individuals, no recipient/candidate match) -- not search-tractable"
dobbins|james|james,James Dobbins,56,"name too common in DIME donor pool (n=56 same-name individuals, no recipient/candidate match) -- not search-tractable"
stewart|philip|philip,Philip Stewart,44,"name too common in DIME donor pool (n=44 same-name individuals, no recipient/candidate match) -- not search-tractable"
downs|gregory|gregory,Gregory Downs,21,"name too common in DIME donor pool (n=21 same-name individuals, no recipient/candidate match) -- not search-tractable"
