show_id,show,dir_z,imper_syn,imper_rx,you_rx,lean,solo,n_hosts,ep_len,avg_host_cfscore,side,inten,elite_rate,people_rate,mediacrit_rate,populist_rate,rp_rate,pc_rate,antimedia_rate,horse_rate,strat_rate,game_rate,D4_biber,VIMP,PP2,you_deontic_rate,you_know_rate,imp_attention_rate,imp_action_rate,imp_epistemic_rate,you_addressive_rate,share_political,you_declar,nw,episodes,passages,imper_syn_z,imper_rx_z,you_rx_z,fmt_pos,you_declar_z,dir_z_declar,interview,multi,right
1043245989,The Dig,-1.4061932899868743,2859.731793996438,1446.9471353019069,12564.81746120294,L,solo,1.0,141.5,-1.026,-0.4956521739130435,0.5209486166007905,5.38257849361743,5.330899379572359,1.4390645603319865,10.713477873189788,11.0116266080652,8.157349386191262,0.2036753390845561,17.026280419618505,13.663162690223862,30.689443109842365,-0.5486963525841478,0.9705963053869008,14.48079161284072,11.095937179924888,50.785250938887,2.27608967793331,14.08330488221236,2.7028564925458065,2.27608967793331,0.159182352125052,,,,,,,,,,,0.0,0.0,0.0
1050430296,The New Yorker Radio Hour,-0.1905019533927428,4077.381991568909,1930.272589432148,19237.44317081384,L,solo,1.0,37.0,,-0.3574730354391371,0.4067796610169492,1.6634486855784938,3.54076934501708,0.7129065795336402,5.204218030595573,5.14480914896777,5.905242833803653,0.2895826526065647,12.677855339373236,5.893361057478092,18.571216396851327,-0.9587785712246562,1.931609418335901,18.02503216762052,14.138800336129972,41.88286137306425,7.869709621053475,25.609902495631644,3.6013925384482,2.134158541302637,0.1578712650512858,,,,,,,,,,,0.0,0.0,0.0
1057255460,The NPR Politics Podcast,-0.408640193603148,4963.260714245602,1812.2666001351795,14950.018776252276,L,multi,2.0,24.0,,-0.112781954887218,0.1407089151450053,1.1024262022930464,4.280007608902416,0.3026268006294637,5.382433811195463,5.512131011465232,18.935791239386447,0.9227955799194149,32.64046206789216,16.16891763363135,48.80937970152351,-0.0651340024811628,3.2862089442652134,15.43787443542107,9.6237258729126,37.54608544784212,9.35263500325309,25.61808718282368,2.8464541314248537,1.897636087616569,0.5851655629139073,,,,,,,,,,,0.0,1.0,0.0
1060110806,The Nation Podcasts,-1.1255052367206255,3195.1397437805126,1404.1984220064744,15074.928825349432,L,multi,3.0,51.0,,-0.4978687127024723,0.5234441602728048,2.3805994227264407,4.673997401396967,0.8720144405591356,7.054596824123408,6.923794658039537,9.32183436957716,0.4563774776110292,20.08249256607689,12.033799279716073,32.116291845792965,-0.4924321128522018,1.08344064703042,13.893318937711252,11.840583949740203,68.9539888837812,2.3681167899480404,19.22353629487233,2.646718765236045,0.5572039505760096,0.274384494499738,,,,,,,,,,,0.0,1.0,0.0
1072469956,Fox Across America w/ Jimmy Failla,1.2819716867972026,6295.873409565102,2678.855719205921,23886.75858066952,R,solo,1.0,158.0,1.057,0.7215041128084606,0.7661574618096357,2.148787237506105,7.282835998447263,1.06688037666387,9.431623235953367,8.915713945829525,10.408344707547052,1.0657483815224331,23.24096219587022,7.643471618728008,30.88443381459823,-0.6430992075857278,2.938198378057821,24.80622666271312,16.70629056094583,54.87373899633747,13.49354237614856,28.914733663175483,8.610165135256699,12.465462957013427,0.3343034536282499,,,,,,,,,,,0.0,0.0,1.0
1093260018,Slate News,-0.1233353887544228,4833.396298075254,1584.5351458745304,20268.875091895265,L,,0.0,50.0,,-0.3258293838862559,0.3661137440758293,1.5686778947401447,4.031502189482172,0.6745314947382621,5.600180084222316,5.019769263168462,8.337523010543869,0.3320420499796464,16.71426296845624,6.0786268421180605,22.7928898105743,-0.2415729767885475,1.8940017681990076,18.9976410024226,19.81676280963692,38.81913810654903,5.972175093315236,31.76111299626739,3.800475059382423,2.8503562945368173,0.2342934467427025,,,,,,,,,,,0.0,0.0,0.0
1111319839,The Conversation with Dasha Burns,-0.189619747304767,4146.774583387448,1989.097292508608,18607.253146859923,L,solo,1.0,47.0,,-0.057471264367816,0.2137931034482758,1.8060436788927312,4.423894870015023,0.3739787415888989,6.229938548907754,6.312031443402879,11.666312451029308,0.3767790214344547,36.42188085767008,23.96200375985457,60.38388461752464,-0.0697252671093844,2.183396282085601,18.525155512923472,14.481676656341769,55.9153626453196,7.106748729501052,25.208844549928266,2.145433578717299,3.4863295654156103,0.5126337354882768,,,,,,,,,,,0.0,0.0,0.0
1112258664,Russian Roulette,-1.2595363527791834,2957.577451857442,1521.2853214867614,13399.57150927983,L,multi,2.0,56.0,-1.108,-0.0406574394463667,0.0527681660899653,4.345800640978635,2.156724883860365,1.6283272873145755,6.502525524839,9.112162634310042,4.2163971479470135,0.1652482606013811,14.094197116027486,17.60965867671988,31.70385579274737,0.6717122355636582,0.7087682505399568,11.22770943807254,12.12034792528162,35.07771281905033,2.424069585056324,17.68144873805789,2.424069585056324,0.8555539711963497,0.1788926897250728,,,,,,,,,,,0.0,1.0,0.0
1138657182,Liberty Lockdown,0.5125151785204033,4831.335265581709,2130.0288957586563,23531.60674921754,R,solo,1.0,91.5,,0.413151364764268,0.6588089330024814,3.1755286143707915,7.1195351534193145,2.705550379443914,10.295063767790106,10.63802085814215,8.345289198566439,0.334071961289036,13.927868502630291,8.421501885311338,22.34937038794163,0.6376146656288191,1.2597778977453162,17.243470775035956,25.69051761635493,50.021748586341886,7.068290561113527,28.001304915180512,2.8545019573727703,3.806002609830361,0.1585941185721025,,,,,,,,,,,0.0,0.0,1.0
1147092464,Opening Arguments,0.088258136517577,5205.260317916672,1891.8622006598189,19311.591484317985,L,multi,2.0,95.0,-1.015,-0.3185929648241206,0.4070351758793969,0.6902940094154073,2.040427880772013,0.4974177420787494,2.73072189018742,4.334640323829102,4.441229839988833,0.2784981029603969,12.349156800791809,5.09599401068433,17.445150811476136,0.3042038785350329,2.114515357465903,16.60585459801713,19.047876364422347,44.309953528585325,7.565114017075543,27.28844699016535,4.593104938938723,6.349292121474116,0.2411271512324276,,,,,,,,,,,0.0,1.0,0.0
1155629323,The Reason Roundtable,-0.7575279453984489,3802.189166310243,1530.7024546118516,16523.062077441562,R,multi,4.0,94.0,-1.019,0.0173611111111111,0.5520833333333334,1.851837102054145,5.11744231427866,0.9956113451904008,6.969279416332805,5.177178994990084,7.825505173196549,0.4871327189747592,13.600050975300874,4.659461095491076,18.25951207079195,0.599722825790525,1.2693361980477005,13.800110073462816,21.885429775127207,49.652568802319855,5.197789571592713,21.47507796684357,1.9149751053236308,2.462110849701811,0.3217882584131663,,,,,,,,,,,0.0,1.0,1.0
1169056746,The Playbook Podcast,-1.188440289601037,4054.924257852946,1448.509467662703,11446.772706579704,L,multi,2.0,9.0,-1.088,-0.0680885972108285,0.1041837571780147,1.64446637066272,2.5240646619474307,0.8031114833469097,4.168531032610151,6.233674846930776,8.910713124753807,0.9331773002451402,32.7363537973788,43.52099371660873,76.25734751398753,0.2263486331116107,1.9494953843182696,10.602858555426804,9.80252876829095,32.95922716294928,3.977837761045603,19.889188805228017,1.2785907089075152,1.136525074584458,0.6628856624319419,,,,,,,,,,,0.0,1.0,0.0
1172546141,The President’s Inbox,-1.1377021800597789,3212.0008856809663,1938.785337811605,10962.0409008574,L,solo,1.0,47.0,,-0.0586510263929618,0.1114369501466275,1.8592707449010375,2.525801766658013,0.6314504416645034,4.385072511559051,3.858863810171965,4.385072511559051,0.1363582148194402,18.52254628882543,15.821341621705056,34.34388791053048,1.5154073676190651,0.4100136192468619,13.626100962343097,13.147849690389346,22.33720700087652,2.686119829219329,19.226962988096247,2.403370373512031,0.5654989114145955,0.3021312160468031,,,,,,,,,,,0.0,0.0,0.0
1192761536,Pod Save America,-0.1214713857681722,4607.970427143058,2136.903335907084,16914.33670648471,L,multi,4.0,104.0,-0.975875,-0.515713134568896,0.5495568090249798,1.5590586798945112,5.476468095291423,0.7861169118341337,7.035526775185934,8.252031716962778,15.085539620951112,0.645195574030035,36.53906539921784,17.32970577708096,53.8687711762988,0.0484344904577873,2.141913586181164,16.10909472684972,15.747183676765502,38.22393302736241,8.748435375980835,25.033984306652847,5.787426479495013,2.5572349560559364,0.4750888706590101,,,,,,,,,,,0.0,1.0,0.0
1195206601,The Intercept Briefing,-0.8193934474330692,3601.1811245170466,1793.2164596369385,14494.556373980393,L,multi,3.0,67.0,-1.137,-0.5233941316415543,0.5773195876288659,2.641671457576794,7.008070561009512,1.637399663787269,9.649742018586306,8.303435628361218,11.097931054558158,0.7368807900271445,17.203612467524906,14.12530109960484,31.328913567129742,-0.4892725577713112,1.4068910826737535,11.324283884106531,12.326829063301068,42.16335850060934,2.3813192508649794,18.91047640392777,2.2412416478729216,0.8404656179523456,0.2906754644903629,,,,,,,,,,,0.0,1.0,0.0
1200016351,Pod Save the World,-0.1406458745048234,4212.816733152263,2223.735257472404,17246.030415379162,L,multi,2.0,118.0,-0.9536,-0.3988718775181305,0.4246575342465753,1.4480633020438938,4.4829265099203175,1.3310042925972316,5.930989811964212,8.701386368868548,6.897810519616272,0.7304135347962241,15.460460284696182,8.345873821660165,23.806334106356346,0.3153979172180154,1.7679754512696453,15.829486637004957,11.291595243925665,68.97396130928088,8.706772236280033,19.726280847821947,3.5371262209887626,1.6325197943025058,0.2900101122997499,,,,,,,,,,,0.0,1.0,0.0
1208232103,The Buck Sexton Show,0.5408941976497402,5710.90931352221,2430.510694092148,19006.64591890077,R,solo,1.0,46.0,,0.7339130434782609,0.7947826086956522,3.181796517027764,5.77103173938639,2.357363411401137,8.952828256414154,8.688752027268125,8.392471379933555,1.0892371546237172,15.528970450514048,7.072090234203411,22.60106068471746,0.9036158001034263,2.429902231221216,14.984838708909004,19.73096561745924,47.86092335586396,11.065338826007547,31.5962084549854,7.332453438920663,5.999280086389634,0.3248969030484353,,,,,,,,,,,0.0,0.0,1.0
1218054701,Rev Left Radio,-0.3255743497510022,3953.47073491578,1795.491222532523,19056.851041584887,L,solo,1.0,113.0,,-0.5517587939698493,0.5738693467336683,2.954410000486007,5.627447619973346,1.0615412555858814,8.581857620459353,6.868044027103834,6.011137230426074,0.1180911356615618,11.779271040898754,6.573881992423409,18.353153033322165,-0.8210114812804391,0.7741858232793897,17.232566527627444,14.742989991777948,65.63465736724221,4.394545093703043,17.152901817357034,3.260468940489354,1.7011142298205324,0.0628845184064548,,,,,,,,,,,0.0,0.0,0.0
124960485,"Best of the Left - Leftist Perspectives on Progressive Politics, News, Culture, Economics and Democracy",-0.8499486096237862,4003.908741881413,1705.1415356461368,13581.452498564651,L,solo,1.0,88.5,-1.331,-0.6195028680688337,0.6730401529636711,3.495281370150297,6.108870142424843,1.96019157920591,9.60415151257514,8.368207424481454,9.667129555280551,0.5733835898114122,18.145548554496475,11.47774828306111,29.623296837557582,0.2506214831181825,1.434591619508563,13.847452550260613,10.866037283208444,32.31587711499654,3.5279341828598847,17.49855354698503,3.2456994482310937,1.9756431424015355,0.2477818249743158,,,,,,,,,,,0.0,0.0,0.0
1253076699,The Michael Berry Show,1.1575389676300851,6111.390408865961,2144.2547719472745,26943.70509880812,R,solo,1.0,42.0,0.405,0.5792682926829268,0.7378048780487805,1.5572281339216196,4.94852495890648,0.3806557660697292,6.505753092828099,5.848256769616748,7.370879833895666,0.2450038930703348,16.368197940998357,4.325633705337832,20.69383164633619,-0.3545697755988806,2.106697497616778,11.857642516682557,27.0516322018468,45.38951749252179,9.103914683313825,43.43867863181168,4.812069189751593,11.444921316165953,0.129695885509839,,,,,,,,,,,0.0,0.0,1.0
1258635512,Radio Atlantic,-0.4708534327735396,3815.551342922129,1884.8180850868755,17157.2662039475,L,multi,2.0,42.0,,-0.2685475444096133,0.329153605015674,1.9762745704136493,4.623975757698603,2.102958837747858,6.600250328112253,7.537713906385394,10.033393972869296,0.3567302283863971,22.942520814225126,12.757105720554776,35.6996265347799,-0.7244162024394496,3.040550970397961,14.992987139776517,12.179773456213717,46.95979321451288,5.819225095746552,22.05892303736484,2.9772779559633524,2.5712855074228957,0.2923292797006548,,,,,,,,,,,0.0,1.0,0.0
1263295815,The Pete Quiñones Show,-0.5667196497457608,3171.7333256628385,1690.9085752935662,19420.99809553497,R,solo,1.0,333.0,,0.1625,0.2625,1.811190370040125,3.265367253678109,2.028881520285332,5.076557623718235,8.071987851092286,4.318992420864912,0.164060758470798,13.792911279536336,6.826794471689701,20.61970575122604,,,,7.522852438539715,125.04967921421677,5.251802645773008,18.73616079032533,1.987168568670868,0.8516436722875149,0.0649737843117096,,,,,,,,,,,0.0,0.0,1.0
1265845136,Stay Tuned with Preet,-0.0448201864758987,4533.141323741772,2049.27975678497,18657.40417333296,L,solo,1.0,57.5,-0.842667,-0.2465397923875432,0.305363321799308,8.319270582030539,4.302507945760642,0.4327000400859848,12.62177852779118,7.715123356250107,9.070372538406213,0.3448047828866318,15.266963678505505,8.139659244636357,23.40662292314186,-0.0647553133378478,2.0612537482626823,17.560383703961083,17.628971643320806,40.86094977792962,5.056371711650154,25.965152032798084,2.4598565083703448,2.5965152032798087,0.3085702843412095,,,,,,,,,,,0.0,0.0,0.0
1289062927,ChinaTalk,-0.5335270177797365,3534.9700159659383,1693.7768595308946,18687.04470010169,L,solo,1.0,74.0,,-0.048314606741573,0.0797752808988764,2.722682200564724,3.1742490045608247,1.4277479832229651,5.896931205125549,4.887546584428383,4.575434234607549,0.1324352466484446,12.577463628950214,9.67548284444586,22.25294647339608,-0.0458269330478324,1.2971153296842104,17.71615909894737,18.45325637539196,74.36801065571495,3.468657213419541,18.45325637539196,2.636179482198851,1.2487165968310348,0.0912145943350936,,,,,,,,,,,0.0,0.0,0.0
1291144720,The Remnant with Jonah Goldberg,-0.3370795493469372,3277.744549761983,1909.162586989184,20122.532828595977,R,solo,1.0,97.5,,0.12961210974456,0.4058656575212866,3.4089799841314736,4.985820945954402,0.9761396430332414,8.394800930085875,8.489911972227576,7.764064545356704,0.3708129240888737,15.242795964288309,6.958123609313874,22.20091957360218,-0.6530827708480221,0.932679337776822,17.707176515035172,19.4929153335305,83.88675288360714,4.8396203586696425,16.938671255343746,2.68867797703869,0.806603393111607,0.2164475316298685,,,,,,,,,,,0.0,0.0,1.0
1294461271,GZERO World with Ian Bremmer,-0.5185406943644802,3576.0867324131927,2061.8611894251057,16033.441794570595,L,solo,1.0,35.0,-0.808,-0.1662447257383966,0.2573839662447257,2.4047245448487846,3.5735012789373,0.8060529200610451,5.978225823786085,7.415686864561615,6.79771295918148,0.2320626356855749,16.537519076585774,7.214173634546353,23.75169271113213,1.180545659372544,1.840022890380313,11.835184411633108,14.522502897518608,37.00445449848491,5.16665968469412,18.01348917096058,2.513510116878221,2.2342312150028625,0.269597543235817,,,,,,,,,,,0.0,0.0,0.0
1303660358,The Fox News Rundown,0.4004158986641408,6317.476955541939,2238.326723547912,16989.79801307345,R,,0.0,39.5,,0.3526785714285714,0.4151785714285714,1.7841710574001282,4.293161606869059,0.501798109893786,6.0773326642691865,4.460427643500321,8.642078559281872,0.7780658470630871,24.142064620445485,6.857907501881743,30.99997212232723,-0.0938957948319026,3.2477711045739235,16.766650635794267,16.94424928710171,44.90914851703379,11.433924315686516,35.54159606562797,6.750148089983607,2.8929206099929745,0.3772169167803547,,,,,,,,,,,0.0,0.0,1.0
1309354521,Majority 54,0.3778431951769836,5043.509878009616,2368.286199202016,19607.86904514304,L,multi,2.0,81.0,-0.65,-0.4243792325056433,0.5079006772009029,2.019640647201724,5.607725626804785,0.551462162533804,7.6273662740065085,7.040094880139341,9.97645184947518,0.2386183939130036,23.87043360682037,10.714122014942475,34.584555621762846,0.0698131893447108,1.8853930091840692,16.783707749687395,18.568466136268142,53.807890920426665,6.370203710982502,32.12209105325219,5.150377468453938,2.9817974817364905,0.2914290805416963,,,,,,,,,,,0.0,1.0,0.0
1314170606,All In with Chris Hayes,-0.6161106559065321,4309.6032905256825,1713.228770239165,15272.942731632997,L,solo,1.0,66.0,,-0.5900900900900901,0.6531531531531531,1.313960484367328,9.85470363275496,0.7607139646337162,11.168664117122288,9.3360350205047,18.879537485909506,0.6035919530293705,24.239113145828867,11.479865284472444,35.71897843030131,-0.4192326580970166,1.6878922088225965,13.731270723579817,8.742333383419618,30.051771005504936,6.14695316021692,20.3532449082738,3.414973977898289,4.507765650825741,0.510539629005059,,,,,,,,,,,0.0,0.0,0.0
1314368109,The 11th Hour with Ali Velshi,-0.3145311211666227,4672.672599937533,1947.960911695493,15902.19069478392,L,solo,1.0,64.5,,-0.2977777777777777,0.4133333333333333,2.15127565524271,7.785569038021237,0.3585459425404517,9.936844693263946,7.068477152940332,16.390671658992076,0.6422582247878177,32.88378501585285,13.880850061208914,46.76463507706177,0.3896295340744168,1.726934740484429,12.73522001730104,11.47764559731018,32.27243879714274,7.831805231105769,29.976909677680705,2.970684742833223,3.780871490878648,0.4679245283018868,,,,,,,,,,,0.0,0.0,0.0
1317356120,The Peter McCormack Show,0.6247581743916192,4840.627916817238,2543.549944872085,21750.61972832196,R,solo,1.0,115.0,,0.2626262626262626,0.4814814814814814,3.697954953445316,4.325832641240882,1.2761410148052743,8.023787594686198,6.323625284226775,6.046380590914446,0.0988377331658449,11.191715928563829,4.908861922765336,16.100577851329163,0.6589919481989737,1.5097921248142647,18.726965706669,27.975008991967176,47.024657972211486,7.992859711990622,27.575366006367645,4.662501498661196,1.8650005994644785,0.0726602875709972,,,,,,,,,,,0.0,0.0,1.0
1317481380,UnJustified,-0.5423645249773514,4889.714187390422,1607.2995793151488,15148.466752153436,L,solo,1.0,87.0,-0.998,-0.2626427406199021,0.3197389885807504,1.0997267885458846,2.0642916254269124,0.7311032840053647,3.164018413972797,7.956123972999557,5.535496293183475,0.4722251404916331,11.642359018404758,9.977409522896744,21.6197685413015,0.0996497280208429,2.244981589041096,13.861013816870946,14.021935304734138,43.17645425517146,7.219214216298765,25.54491184228793,3.8872691933916426,3.6096071081493823,0.3809488288825899,,,,,,,,,,,0.0,0.0,0.0
1351411911,The TPM Show with Josh and Kate,-0.3947464881541993,3025.513539487829,1407.5702759539238,23903.16570316684,L,multi,2.0,71.0,,-0.3177041228779305,0.3629749393694422,1.6093308456897208,3.81193196076506,0.7364734378580079,5.421262806454781,6.014533075840398,7.085147240133983,0.4552974261617186,24.535476198269563,10.201520954033146,34.736997152302706,-0.5187262558589543,0.5840578073873184,21.021415281667306,20.06340034509049,136.96614635581773,3.210144055214478,20.865936358894103,2.5413640437114617,2.675120046012065,0.358655577467204,,,,,,,,,,,0.0,1.0,0.0
1356662668,Politically Georgia,0.0165638431557745,5409.506095548633,1994.3246946353609,17127.206671848304,L,multi,3.0,45.0,-0.947,-0.0496845425867507,0.1301261829652996,1.5556028952048788,3.20038047866991,0.3170655582583193,4.7559833738747885,5.320756399522421,17.260256327687255,0.202604891727066,51.07727977567611,22.739545506338835,73.81682528201495,0.4609253456631774,2.1841712577921566,10.708556939951078,12.21638093146473,46.39479499814695,12.49090634565495,35.001990309252875,3.706093091567952,3.019779556092405,0.5554478245061205,,,,,,,,,,,0.0,1.0,0.0
1362265400,Timcast News,0.6548701541569785,6871.822912855441,2502.532659660308,16289.76265652811,R,solo,1.0,71.5,1.00725,0.5012615643397813,0.6173254835996635,3.665987044437903,5.670541536716756,3.473357183318013,9.33652858115466,9.270312066394698,8.981367274714863,1.8680461372596115,28.406884832023756,9.775965451834407,38.18285028385816,-0.0868414895738047,2.21668113792496,10.800151846045448,20.48882367714901,25.64407608623812,12.293294206289408,35.95458090441633,4.626508572259454,8.195529470859606,0.3695207812854871,,,,,,,,,,,0.0,0.0,1.0
1364113251,The Beat with Ari Melber,0.561451861984203,5390.38237941136,2182.460033042852,22025.103609058075,L,solo,1.0,62.0,-0.892,-0.4625407166123778,0.5190010857763301,1.4428887819350324,5.524485130833446,0.9586315879979324,6.967373912768478,9.2305350844337,11.029204661914358,0.7099309291116648,19.04415536156717,10.950142262904215,29.994297624471397,0.1911337232280688,2.825315704286964,15.85876948272091,16.466745207240013,39.09178537003321,8.032558637678056,36.54814180143515,4.284031273428296,5.221163114490736,0.422826220637068,,,,,,,,,,,0.0,0.0,0.0
1367201919,Deadline: White House,-0.2910546468756114,4983.325554895602,1916.8065866166187,15465.038624259983,L,solo,1.0,64.0,,-0.4196642685851319,0.5251798561151079,1.4272970561998215,7.850133809099019,0.6038564468537707,9.27743086529884,8.289302134083579,19.04892609620531,0.6446716530570233,27.036300006862007,11.939888835517738,38.97618884237974,0.6821053339732648,3.078274534210114,15.058679035540942,10.14991701757033,27.843691277929416,6.309407875786961,24.41466525847998,2.6060597747815706,3.0175428971155034,0.5196013289036545,,,,,,,,,,,0.0,0.0,0.0
1378389941,Uncommon Knowledge,-0.5169073000914561,3724.505679106721,1906.1843905548285,16748.3532189555,R,solo,1.0,80.0,-1.0605,0.2541743970315399,0.3580705009276438,2.435222464370965,5.154760241841078,0.8158613332410338,7.589982706212043,6.044790787194933,7.404559675929989,0.2417174622756844,16.082357493130075,6.984267473957336,23.06662496708741,-0.0758061269933887,2.1433938997608704,18.99597433507393,12.19462066508639,23.56713207185235,3.973528081882082,20.00465861913048,2.055273145801077,3.151418823561652,0.1830667069121642,,,,,,,,,,,0.0,0.0,1.0
1386375601,The Ben Ferguson Podcast,1.860532709795148,8424.931472622036,2977.811031778716,21898.574745679467,R,solo,1.0,46.0,2.394,0.7075892857142857,0.765625,2.363602029446229,7.328416874367674,2.6887536313806315,9.692018903813905,9.96714718237378,11.85552763976204,1.358458381220244,19.27148533003513,8.441435819450819,27.71292114948595,0.0899589242166351,4.554010085182457,19.551398180670944,21.528377692761254,20.842760568787966,13.849465904260423,62.25403485677458,3.428085619866442,8.501652337268775,0.4255970606246173,,,,,,,,,,,0.0,0.0,1.0
1408796715,Runaway Country with Alex Wagner,-0.164706283481489,4347.052748063569,2008.4806043167407,18147.427212937,L,solo,1.0,84.0,-0.466,-0.5539358600583091,0.5947521865889213,2.457228154782409,6.5449534963830525,0.780801469743943,9.002181651165461,10.127454357561144,31.806177517510623,0.5372603054311631,33.25295671144793,17.17763233436675,50.43058904581468,,,,12.774863417683672,43.624799543366585,6.387431708841836,32.48076975347232,3.805278464841945,2.5821532439998918,0.4522527628223293,,,,,,,,,,,0.0,0.0,0.0
1432118523,The Damage Report with John Iadarola,0.1603846652009104,5397.4251169663785,2486.5985038336016,15193.082173171708,L,solo,1.0,71.0,-1.017,-0.615580016934801,0.7324301439458086,2.03081483996722,7.515973893254888,2.069994547490703,9.546788733222108,10.780949520211832,11.035617619114474,0.7853768271619853,21.22887152647405,10.186723956105668,31.415595482579725,0.0539357970352816,2.8036342637962,12.218021054031883,14.112185278484851,7.7814853404729565,10.814945727436989,38.64364753828095,6.990147848221469,2.110233312670632,0.3051883674818242,,,,,,,,,,,0.0,0.0,0.0
1439837349,The Political Orphanage,-0.1170240077236599,4217.6412801093165,1806.2856077023016,20564.58451074555,R,solo,1.0,91.0,1.226,0.0377588306942752,0.3471376370280146,2.944352330994766,4.779409595402326,0.4838414652135688,7.723761926397092,5.882804156316197,6.679372422216584,0.161007098308325,11.523687580025609,4.873817686175705,16.397505266201314,0.9596905830048428,1.3105549149598628,15.860459744138266,20.76300701923592,37.23945775062959,4.420511171837325,23.710014467127472,2.81305256389648,2.679097679901409,0.1623529411764706,,,,,,,,,,,0.0,0.0,1.0
1441649707,Straight White American Jesus,-0.133222976039437,5121.252212896893,1780.214237441512,17854.76254411848,L,multi,2.0,32.0,-1.02,-0.4960629921259842,0.5853018372703412,1.806088758067694,4.836138492677131,0.6716859017607126,6.642227250744825,5.1346655601263365,6.119804882708714,0.2412247968523306,13.120264614392587,5.88098322874935,19.001247843141936,-0.0524331358962187,2.7269840074673306,17.502025445494144,13.102265206056758,35.389623546256395,7.834344143827752,27.55527940242865,3.917172071913876,1.485823889346643,0.1774223202794631,,,,,,,,,,,0.0,1.0,0.0
1447684472,The Bulwark Podcast,-0.1216496312592675,3951.495447793474,2025.7874832846944,19701.023598155563,L,solo,1.0,92.0,-0.99,-0.4330218068535825,0.5451713395638629,1.695334777758564,5.001237594387764,0.7968073455465251,6.696572372146328,8.20542032435145,8.917460931010046,0.3238937092907736,23.53124671528887,12.68110413763406,36.21235085292293,-0.9661766320231586,1.1236013268939946,17.878301058588224,15.435589679445384,57.48426501310694,6.786336841825125,21.556599379915102,2.528243137150537,2.395177708879456,0.3569145535904539,,,,,,,,,,,0.0,0.0,0.0
1449848509,I Don't Speak German,-0.2066672532013207,3228.8137734979696,1928.112970437636,21619.473465473948,L,multi,2.0,113.0,1.559,-0.3880778588807786,0.5121654501216545,1.6403144071190805,4.660115842133359,1.860568638463692,6.30043024925244,5.129605124736347,5.703425359028888,0.2822326128121886,9.847682606697235,6.085972181890581,15.933654788587818,-0.5663731846946981,0.7117997607388028,18.964690235012636,10.356198730003,136.94710162701332,4.905567819475104,17.714550459215655,1.9077208186847627,1.3626577276319731,0.0765070101772115,,,,,,,,,,,0.0,1.0,0.0
1452065072,Newt's World,0.8790211347677982,6641.322712877904,2185.1267418458283,21870.98549902001,R,solo,1.0,51.0,1.3655,0.4427083333333333,0.5104166666666666,3.085867849242072,5.854974429191083,1.0729010734119788,8.940842278433156,7.908813626865443,8.879533645666758,0.2611747755848588,17.585359498495382,6.7030771824596,24.28843668095498,0.1815708028184935,2.065487233809402,15.405879727508497,18.810474321672643,23.27627038365248,8.931592123959673,45.60525069355166,3.653833141619866,3.247851681439881,0.1811776547559134,,,,,,,,,,,0.0,0.0,1.0
1456045551,Talking Feds,-0.609998882085312,4344.115409292092,1762.8250385130923,14875.02821771532,L,solo,1.0,70.0,,-0.3330380868024801,0.3737821080602302,1.8213124040200457,4.998579857729023,0.714082836818432,6.819892261749069,7.445717669297808,11.441372194416674,0.3113160466448537,21.29411066197886,11.593816844973418,32.88792750695228,0.2755768724015084,1.5100363751238006,12.951796116935895,15.459333743758124,37.75908064847117,4.925097475887544,23.120596484027637,3.6938231069156577,1.5048908954100828,0.4530912659470069,,,,,,,,,,,0.0,0.0,0.0
1456850698,The Graham Allen Show,1.543376237976781,7903.579750572222,2294.71856700282,24857.46744372932,R,solo,1.0,76.0,1.664,0.6596794081381011,0.7262638717632552,1.2195637095993972,6.383973161422543,1.280882555333445,7.60353687102194,7.262876616943896,7.67848212691911,0.3436444379037676,16.44707706688796,4.1969343302415005,20.64401139712946,0.3717789328299507,4.076492830867966,22.106170084266,27.31671783131276,39.934439877204845,14.438836567979603,56.844789010874656,4.943025131380405,8.19501534939383,0.1643510376362996,,,,,,,,,,,0.0,0.0,1.0
1462195742,The Al Franken Podcast,-0.1255280375640449,4268.844034791936,2006.165240389474,18846.8076633522,L,solo,1.0,66.0,,-0.4887940234791889,0.5506937033084311,2.0773278895374485,4.718868292282599,0.4958231176673744,6.796196181820047,6.4200545063482455,9.73694019005413,0.3241657348611524,22.12396945729595,8.634161186966349,30.758130644262295,-0.287575022054944,1.9009875540352597,17.061000868323124,14.219269102990031,57.142857142857146,6.644518272425249,29.634551495016613,2.6578073089701,2.524916943521595,0.3228829993535876,,,,,,,,,,,0.0,0.0,0.0
1462703434,Know Your Enemy,-1.092870941547457,2604.962149196652,1496.9665921767305,16540.792558097004,L,multi,2.0,102.0,-1.0765,-0.3552361396303901,0.4722792607802875,4.055885680068788,5.3537690976908,0.7300594224123819,9.409654777759588,8.900825483350959,7.8315465313328225,0.3020454937635227,14.630685798648136,8.399370526542453,23.03005632519059,,,,10.00361241559452,62.80045572012116,2.917720287881735,10.00361241559452,2.3619640425709285,0.416817183983105,0.2229316307528598,,,,,,,,,,,0.0,1.0,0.0
1467297559,Hacks On Tap,0.3904720268706711,5347.2873091886095,2224.148816135333,19896.638456523586,L,multi,3.0,82.0,-0.425,-0.1557743957027753,0.3079677708146822,1.9112217179850028,3.4700195730791545,0.5354131763149477,5.381241291064157,7.089141549689054,13.39210678985236,0.436470176808341,55.05945119471689,23.95804529459924,79.01749648931613,0.2190137814320308,2.352041221015645,17.078038141972225,19.764387694068084,70.9957610589551,10.402309312667413,35.23782279666086,4.160923725066965,4.42098145788365,0.5465827803154356,,,,,,,,,,,0.0,1.0,0.0
1467993804,What the Hell Is Going On,-0.094116884296563,4533.567525333211,2170.952813495283,17200.42948149164,R,multi,2.0,73.0,1.2265,0.4288256227758007,0.5427046263345195,2.954510296886476,6.452538997445464,0.8919276367959171,9.40704929433194,6.201684349596612,12.04102309674488,0.3819401377192016,24.082046193489763,9.323431078382322,33.40547727187209,-0.5313547223919808,0.7599357329222011,16.092774324003795,13.67859367805195,56.74584902082939,5.958991305289959,26.68002925323005,2.573200790920664,2.3023375497711207,0.3752584424534803,,,,,,,,,,,0.0,1.0,1.0
1471411980,American Thought Leaders,-0.000632394520758,4140.692662259148,2224.2782928261063,19057.384009716214,R,solo,1.0,69.0,,0.4477611940298507,0.5373134328358209,3.5242560755110173,7.661426251110907,2.329073580337716,11.185682326621924,10.05179124145751,9.6227513713953,0.243510771965309,9.86791701143085,7.140449266035365,17.008366277466216,,,,17.491569063711292,53.87403271623078,2.9385836027034973,22.809006059079525,3.4983138127422584,3.918111470271329,0.0863468634686346,,,,,,,,,,,0.0,0.0,1.0
1474001390,TRUE ANON TRUTH FEED,-0.7609733445625708,3266.349406466497,1785.307898444732,16226.05860882194,L,multi,3.0,122.0,-1.007,-0.2687224669603524,0.3744493392070485,0.7628754300710238,3.2040768062982994,0.6865878870639214,3.9669522363693233,4.80611520944745,4.043239779376425,0.388303593906151,8.620492359802567,6.44629738410015,15.066789743902715,0.2699155636597968,7.354883470715834,33.68636572668113,12.786206714735773,51.80390967929031,7.908993844166458,17.267969893096765,2.109065025111056,3.295414101736024,0.1242718446601941,,,,,,,,,,,0.0,1.0,0.0
1476110521,Useful Idiots with Katie Halper and Aaron Maté,-0.1957689068274914,4567.892386568235,2024.7312129749844,17009.702772286808,L,multi,2.0,81.5,-1.0075,-0.3346938775510204,0.5428571428571428,2.389411990962972,5.873161723044486,2.803835750913189,8.262573714007457,9.318059227630668,8.599293018967009,0.9720438797057332,17.023751014205022,11.43550562612631,28.459256640331333,-0.3663908361838298,2.118648435959242,13.718311701544868,15.14692517418964,52.73883947013302,6.4718680289719375,34.424829941340086,2.891685715072567,2.891685715072567,0.2898733181210166,,,,,,,,,,,0.0,1.0,0.0
1480605295,POLITICO Energy,-1.1806365280810711,4187.518596590382,1278.6202518969958,12383.993943388028,L,multi,4.0,11.0,,-0.1492227979274611,0.18860103626943,0.7525120623257049,1.726351201806029,0.1770616617236952,2.478863264131734,2.43459784870081,6.020096498605639,0.0894161391704661,16.9093886946129,8.366163516444601,25.2755522110575,,,,7.499170764771203,35.47684631026377,5.480163251178956,21.63222335991693,1.442148223994462,1.297933401595016,0.3150543197102949,,,,,,,,,,,0.0,1.0,0.0
1482179882,The Mona Charen Show,-0.9067182021274052,3381.696260321816,1618.7281400827248,15437.769677503837,L,solo,1.0,73.0,1.432,-0.2145411203814064,0.4219308700834326,2.310233858672876,5.336449285116271,0.5727852542164155,7.646683143789147,8.983182070294117,12.31488296565293,0.3689691679244076,26.85408200184628,10.081020474208913,36.93510247605519,0.7723216975224847,1.1576441600385634,11.101765779705952,10.496755548285076,58.61824526964393,3.953323518185288,17.4491520802661,1.7721795081520255,1.499536506897868,0.4300093632958801,,,,,,,,,,,0.0,0.0,0.0
1484862164,Politics War Room with James Carville & Al Hunt,0.6223014844889904,5066.841751318624,2569.7706806256588,20850.17196946872,L,multi,2.0,81.5,-0.4995,-0.3435582822085889,0.4948875255623722,1.4732495266911034,4.221849389920775,0.6010271700928881,5.695098916611878,7.7253980155841955,10.27609868866133,0.5143839728042535,36.77260137019535,11.888610608422736,48.66121197861809,-0.8276945118992884,1.7553396630999956,16.439437845386962,15.223896267520605,69.03249514410206,8.268150559084466,30.710273505170875,6.168302798047142,8.0056695889548,0.4053978853644964,,,,,,,,,,,0.0,1.0,0.0
1485021241,The Reason Interview With Nick Gillespie,-0.0069899484432485,3376.565084430895,1850.35172673805,24025.69852082278,R,solo,1.0,73.5,,0.0178571428571428,0.4107142857142857,2.6183064582247884,4.945689976646822,1.6926425588523883,7.56399643487161,5.924248955983359,7.273073495068856,0.2720658437955394,12.086525771805336,4.522529336933725,16.60905510873906,,,,20.495697260906155,90.39824089909602,5.15785758883731,20.22423107201998,1.357330944430871,1.6287971333170457,0.1912532637075718,,,,,,,,,,,0.0,0.0,1.0
1485186805,Timothy Gordon Rules for Retrogrades Podcast,0.1261923656784059,4861.741705798972,2016.627478391137,19861.719588045496,R,solo,1.0,77.5,0.952,0.6149312377210217,0.6974459724950884,1.0569391043537917,2.718793042016985,0.8242795530809441,3.775732146370777,6.893370133426929,3.383534617082263,0.1335465824306143,8.867652611370804,3.124285402806805,11.99193801417761,0.3497273803720571,2.14635871784248,15.641645962183132,20.34141671984684,42.01233780046798,9.971282705807274,27.91959157626037,6.7804722399489465,3.5896617740906187,0.0442938600115692,,,,,,,,,,,0.0,0.0,1.0
1485351658,Bannon`s War Room,1.1650427443351925,7498.313038990741,2383.874599526346,21101.975937374093,R,multi,2.0,75.0,0.348,0.7160278745644599,0.8066202090592335,5.841891563365171,10.063051305838142,2.2133874867408414,15.904942869203314,9.772770979708197,13.945550667826174,0.4471405573624162,22.7628155740233,11.10322247447045,33.86603804849375,-0.2218822864206342,5.766365103817816,19.91330642554141,23.38311819963506,27.70831925390282,15.408528755828884,58.66053929850646,6.75812664729337,4.595526120159492,0.2977133462860559,,,,,,,,,,,0.0,1.0,1.0
1490993194,Advisory Opinions,-0.2728539355043055,4416.881250531565,1769.8136173991584,18454.208674158675,R,multi,2.0,86.0,1.0775,0.0412147505422993,0.2039045553145336,1.024593734644163,2.104947672534266,0.6830624897627752,3.1295414071784293,4.837197631585367,5.638750553245767,0.1809906497109182,19.21636004363236,6.266052839762601,25.48241288339496,0.9221624601430878,2.1423060332841795,15.620387512112917,18.85359303366519,36.62208718769498,7.18878007758457,22.65143911238912,3.797846078723924,2.848384559042943,0.2653428057861851,,,,,,,,,,,0.0,1.0,1.0
1493858530,Hood Politics with Prop,3.605264565204161,6957.767544445568,4646.391022443965,33983.91632529767,L,solo,1.0,62.0,,-0.3170289855072464,0.3858695652173913,1.237194002416167,3.742771772015296,2.44319824006554,4.979965774431463,4.512119302929551,4.553705655951943,0.1218896007086314,11.176332374767895,3.1605628297018047,14.3368952044697,-0.5182935086334031,3.229675830719182,27.626944219821077,26.01463651771754,73.31397564084035,25.4890883052384,34.948956129862964,3.8102245404737816,6.043804443510136,0.0934117332620606,,,,,,,,,,,0.0,0.0,0.0
1495251160,John Solomon Reports,0.2722361327503365,5294.139520563877,2303.858385531525,18121.562926175822,R,solo,1.0,65.0,,0.7072625698324022,0.740782122905028,2.137159528760758,7.617510519524859,3.086022888003086,9.754670048285616,9.754670048285616,13.115597274013115,0.4052355974513708,22.30272288312575,8.504298705732642,30.80702158885839,-0.4298416187980961,3.592432425906637,20.40288318814506,15.197776469460685,33.81847556717828,8.899598833467968,45.45641250325178,4.381340964168846,3.0121719128660813,0.3802694480660582,,,,,,,,,,,0.0,0.0,1.0
1495601614,Verdict with Ted Cruz,1.5411393306248833,7206.206628993413,3217.974134262265,20153.07472685653,R,solo,1.0,54.0,1.52,0.7173678532901834,0.749730312837109,1.9702641669571543,6.213910065018718,3.4425494785295334,8.184174231975872,10.771499154518509,9.786367071039932,1.069333812547768,19.82172356977225,7.848579785955697,27.670303355727945,0.5662370395705627,3.4875263529411766,20.52478816557734,17.98977853492334,25.89437819420784,16.626916524701876,51.51618398637138,2.998296422487223,4.770017035775128,0.4690301003344481,,,,,,,,,,,0.0,0.0,1.0
1506127536,Making the Argument with Nick Freitas,1.1318771524130051,4872.59284876929,3116.588712332424,23239.205810002823,R,solo,1.0,104.0,1.665,0.6845878136200717,0.7562724014336918,3.118163731720529,6.749907372195029,0.9782474452456564,9.868071103915558,9.427859753555012,10.296054361210532,0.1702028273796786,15.98211763670091,5.673835182424807,21.65595281912572,,,,24.604760545382867,30.993842012968475,8.564087924636027,25.964139581039383,4.757826624797792,5.981267756888653,0.1750943396226415,,,,,,,,,,,0.0,0.0,1.0
1507444393,X22 Report,2.2878912116154737,7819.147144696113,4622.1518557133,16532.04618542099,R,,0.0,118.0,,0.8768472906403941,0.896551724137931,26.964372864812105,23.01122498779893,7.44265495363592,49.97559785261103,14.250854075158614,25.98828696925329,0.8873108833577356,16.983894582723277,8.760370912640312,25.74426549536359,0.1893451730590666,5.693212189880836,19.72152899003712,21.869575320184254,11.618211888847885,11.071472505843278,33.487787209032135,30.34403575675565,2.8703817607741837,0.4326723882805564,,,,,,,,,,,0.0,0.0,1.0
1509826894,RealClearPolitics Podcast,0.2029601809418261,4421.009608816326,2448.693986977154,18892.3652498643,R,multi,3.0,71.0,0.1149999999999999,0.2469733656174334,0.3535108958837772,1.973943939992104,4.612018551383421,1.180676749154156,6.585962491375525,5.977176042592913,11.732975194719424,0.6974663414886121,48.31550634429272,11.456254081636418,59.77176042592913,0.0815719531240215,1.6680311383224722,16.372827370191295,14.846090983383275,86.4886951784255,12.394442931081448,21.9286298011441,3.2688640697357667,1.7706347044402069,0.4730403262347077,,,,,,,,,,,0.0,1.0,1.0
1510240831,The MeidasTouch Podcast,0.9436751460786243,7628.634977345886,2088.113262707859,20353.25704958032,L,multi,3.0,27.0,-0.995,-0.5768261964735516,0.6952141057934509,1.1856477921712028,6.820409576747216,2.4534691937008057,8.00605736891842,8.804315288400021,10.271701169800023,0.6624836386474223,19.040799197046447,9.837354948905624,28.87815414595207,-0.6454327331373191,2.6410590198535715,18.48559408570235,21.62834394473958,40.282790597077465,13.382537815807616,41.364207794314446,7.164388931694987,5.001554537221028,0.4121562952243126,,,,,,,,,,,0.0,1.0,0.0
1515399733,No Lie with Brian Tyler Cohen,-0.0861657794131067,4769.091345559961,2230.64432865187,16145.204465446932,L,solo,1.0,59.5,-1.072,-0.7346733668341708,0.7809045226130653,1.9999525784440164,8.412171670156274,1.1133756622265658,10.412124248600293,9.76265511230146,15.442932796438848,0.423082751646095,32.14356772983733,14.99964433833012,47.14321206816745,0.2918719897928971,1.5763758679989326,15.085900536662022,12.551673329058488,46.93234375213174,7.23085528739239,26.60409020833049,6.00297420085406,3.547212027777398,0.537892095357591,,,,,,,,,,,0.0,0.0,0.0
1517313007,The Hugh Hewitt Show: Highly Concentrated,-0.1295877212310872,4640.28370023243,2084.30744191052,17110.504310223278,R,solo,1.0,92.5,1.132,0.5922330097087378,0.6310679611650486,2.686079529881264,5.481794958941356,1.3156307901459254,8.16787448882262,6.687789849908453,8.113056539233206,0.3926609729089693,26.312615802918508,13.211125851048669,39.52374165396718,,,,12.33912697359692,40.86506567599841,8.49144221838928,34.49648401220645,2.12286055459732,4.24572110919464,0.2734806629834254,,,,,,,,,,,0.0,0.0,1.0
1529346075,Impolitic with John Heilemann,0.123043346849309,4171.706085661322,2142.7506593535963,20974.442410300064,L,solo,1.0,110.0,-0.872,-0.3071786310517529,0.3806343906510851,1.8839909792550884,4.321272989592526,0.490257875642588,6.205263968847614,5.925116611337564,7.809107590592652,0.3682817161827121,22.66392122256307,10.043282766735302,32.70720398929837,-0.3004791089338052,1.620278139430116,15.547800912264892,12.900798236890909,60.74125836536136,6.853549063348295,24.726529954040902,2.150133039481818,3.897116134060795,0.3009214567792891,,,,,,,,,,,0.0,0.0,0.0
1531192509,Bad Faith,-0.2957963419052793,3810.012613581477,2000.63540057464,18322.64686542973,L,solo,1.0,102.5,,-0.5654761904761905,0.6845238095238095,3.756548346777223,6.864238342747471,2.458831645163273,10.620786689524694,10.893990205653946,9.118167350813804,0.2966307176373359,21.583077774210956,15.504299540335085,37.08737731454603,,,,19.088878359168756,36.14702497800041,5.686048872943884,18.411967779056383,3.113788668516889,2.030731740337101,0.2076109936575053,,,,,,,,,,,0.0,0.0,0.0
1535255041,Unf*cking The Republic,-0.4148027965825154,5544.813703690819,1810.1441406131364,13147.124051420617,L,solo,1.0,67.0,,-0.5471956224350205,0.612859097127223,3.87853391418044,3.91851879989364,1.4994332142450153,7.79705271407408,7.887018706928781,6.397581714112065,0.3202389496770221,17.50338372095348,9.8862629925888,27.38964671354228,0.0386381450997437,2.499125030842153,10.36496512131247,9.319792223455725,28.370543974343164,6.989844167591793,26.040595918479227,4.934007647711853,2.1928922878719352,0.1773919378338999,,,,,,,,,,,0.0,0.0,0.0
1535384390,Ruthless Podcast,0.9288502530015212,5397.382842414514,2781.898805855949,21799.806311842687,R,multi,4.0,107.0,0.015,0.6209476309226932,0.6957605985037406,1.8479054774423984,5.5875650368766765,1.8729618228992448,7.435470514319075,5.524924173234561,8.926323069001416,0.8147759774793567,28.7083078071814,11.651200637433428,40.359508444614825,-0.6785488745747792,2.2517328102385417,17.909633982846422,21.955058260260024,55.41668319909005,11.506566678570012,28.03899006732003,5.422634871510005,3.571003451970004,0.306632693685803,,,,,,,,,,,0.0,1.0,1.0
1536169792,Talkin‘ Politics & Religion Without Killin‘ Each Other,0.2262586997123756,4136.455199781256,2142.5466006166166,22260.314605019525,L,solo,1.0,88.0,,-0.1913183279742765,0.342443729903537,0.92756284434788,3.71025137739152,0.6681596760133035,4.637814221739401,4.991545814922914,7.176820990589953,0.3054511610649993,18.81852075736292,7.546273987914957,26.36479474527788,-0.7376827029012261,0.9314761485302706,17.018636507202647,15.949818386521734,78.40877105979172,7.2377327132115425,20.50690935409937,3.484834269324076,3.350802182042381,0.2144405043341213,,,,,,,,,,,0.0,0.0,0.0
1536984072,The Dishcast with Andrew Sullivan,-0.0480436857791768,3728.829058501978,2231.8290384715456,19698.714130466687,R,solo,1.0,70.0,-0.977,0.0379537953795379,0.4042904290429043,3.243827716705713,4.249665768397406,0.880108295230232,7.493493485103119,8.331691861512864,5.942826488745092,0.4512357139564221,12.58135762991027,5.297413738909588,17.87877136881986,-0.8245776907190923,1.337647509542873,17.907751377897775,14.881556340219436,50.32671780510573,3.2468850196842403,22.45762138614933,2.299876888943004,2.8410243922237104,0.1448283016910468,,,,,,,,,,,0.0,0.0,1.0
1538788132,Tangle,-1.012851422478337,4400.377786379581,1355.3789471447049,13096.483182528787,L,solo,1.0,49.0,,-0.0770252324037184,0.3452855245683931,1.3628072856650926,2.8959654820383216,0.8639224757341211,4.258772767703414,9.44230762210814,10.500916852937277,0.7857557435634734,25.05375179628951,14.114789744388458,39.16854154067797,1.1297372097362413,2.4906286952844154,6.8707417212941415,12.48421938560808,27.07252069013887,6.592790012624492,19.21728152616075,3.3665310702763365,1.6832655351381682,0.3930694504857184,,,,,,,,,,,0.0,0.0,0.0
1548086514,The Arena,-0.0552035890810196,5691.2921662975705,1801.6591210044164,16874.63972305099,R,solo,1.0,24.0,,0.4836601307189542,0.6274509803921569,0.2585310634305964,4.228829537543327,0.0738660181230275,4.487360600973924,8.790056156640278,4.74589166440452,0.0273119602009894,9.971912446608718,1.0341242537223856,11.006036700331103,-0.5618942325636522,2.869901236764083,13.69015223210504,16.467627055106302,12.852782091790289,8.032988807368929,29.32040914689659,9.773469715632196,4.418143844052911,0.0175195942830797,,,,,,,,,,,0.0,0.0,1.0
1548554104,Volts,-0.4258045152204056,4186.651662651903,1510.4588098888355,19303.24242477111,L,solo,1.0,85.0,,-0.4702797202797202,0.5087412587412588,2.0495628209304284,2.2234096673486343,0.2012963484842385,4.272972488279063,2.534504024097003,4.8219625295997135,0.0786702729212492,11.245146013051322,5.7277960977787865,16.972942110830108,0.2394170364045809,1.7064660993919631,18.29334250484052,19.348775498922,51.68887168997734,3.5933440212283707,23.77135275581845,3.316932942672342,1.3820553927801429,0.1140954495005549,,,,,,,,,,,0.0,0.0,0.0
1549272440,The Daily Punch,0.6862808108202213,7799.0249107589025,2383.853079264547,14732.173494322586,L,multi,2.0,15.0,,-0.0422039859320046,0.107854630715123,0.3642102707296345,1.861519161507021,0.1618712314353931,2.225729432236656,3.035085589413621,3.965845170167132,0.2037958803771599,30.391323701995063,14.285136174173443,44.67645987616851,0.5339140544554584,6.040659030394373,10.654526927907565,12.88516958545777,54.4502327643538,9.559964531146088,60.13079139880293,2.493903790733762,2.078253158944801,0.6095051445369917,,,,,,,,,,,0.0,1.0,0.0
1549502623,Cleanup on Aisle 45 with AG & Harry Dunn,-0.1763585646278272,5206.331113357751,1720.020430646538,17548.259800645556,L,multi,2.0,77.0,,-0.3636363636363636,0.4282296650717703,0.9219189928219388,2.802633738178694,0.5900281554060408,3.724552731000633,8.029914427479087,6.066226972768357,0.4543677756122925,15.04571796285404,9.366696967070895,24.412414929924932,0.3336572724686047,1.6725619198942832,14.380179731302896,16.634588946934286,74.5119604069288,4.536706076436624,31.481990651635964,6.323893318669233,2.3370910090734123,0.3779802069275753,,,,,,,,,,,0.0,1.0,0.0
1549624070,Amarica's Constitution,-0.944865876507985,3053.761774781966,1469.0797003129674,17086.149738622757,L,multi,2.0,111.0,-0.686,-0.06875753920386,0.1773220747889023,1.4704597128719328,4.695760498180653,0.1595310065851624,6.166220211052586,6.617068707923697,9.370712604198024,0.1640811083382001,14.087281494541958,3.752446720111866,17.839728214653825,0.574051105178538,1.484209976700377,16.19660189371406,13.93398079897446,33.023534493569464,4.737553471651316,17.696155614697563,3.622835007733359,4.8768932796410605,0.378220628700075,,,,,,,,,,,0.0,1.0,0.0
1551206847,#SistersInLaw,-0.4642701626727759,4363.49064569356,1827.529833783215,16005.75444790904,L,multi,4.0,86.0,0.0056666666666666,-0.431701030927835,0.4677835051546392,1.0305124603316054,3.682815022168688,0.3463197612589821,4.7133274825002935,6.140840644762927,8.531291679794439,0.2702730097805769,11.555254473226526,4.223411722670514,15.77866619589704,0.3259751840384878,1.6864217592592592,15.992336598440543,11.52428810720268,48.91122278056951,7.236180904522613,30.15075376884422,4.0201005025125625,2.54606365159129,0.3708434498047081,,,,,,,,,,,0.0,1.0,0.0
1551582052,The Lincoln Project,0.2618793005063222,4820.377776448838,2107.778568028766,20866.306063751297,L,solo,1.0,66.0,,-0.4709219858156028,0.5815602836879432,1.9633990523858784,5.710800289426946,0.8571183680466272,7.674199341812825,7.126042245969052,10.97310840952717,0.299602735602903,21.13893091426624,10.903342960965237,32.04227387523147,-0.7377735523115408,1.4923145680819911,16.20987262079063,22.07059900143997,49.524270930060425,7.670878921232186,27.72282557497948,2.960690109949265,2.4223828172312163,0.3315587470595518,,,,,,,,,,,0.0,0.0,0.0
1567204040,The Drill Down with Peter Schweizer,0.2697955300575683,4090.81583532441,2686.355042040393,18903.94323327594,R,solo,1.0,41.5,0.849,0.5135135135135135,0.6148648648648649,4.708348879768314,6.085318835172255,1.6434802693530906,10.793667714940568,11.94854574205355,10.393902244016845,0.4533340440275038,14.524812110228666,10.260647087042267,24.78545919727093,-1.691156003172534,1.2442969307860947,12.794806827435012,20.819258503495156,39.01887520853728,9.927063657295705,19.716251430462297,4.963531828647851,3.5847729873567813,0.414830736163353,,,,,,,,,,,0.0,0.0,1.0
1568505052,MOATS with George Galloway,-0.7699305447561199,4120.184726410024,1668.5336433728075,14414.142141634682,L,solo,1.0,102.5,,-0.0901339829476248,0.5213154689403167,3.928072625698324,8.822064749519187,3.4343804377690264,12.750137375217513,13.8877758952285,11.905852184265958,0.6796638886344905,23.01034893305248,8.120878743474679,31.13122767652716,1.7640200655130795,1.7626615405140975,14.609745103620032,9.722830850131464,25.881901840490794,5.203768624014023,28.483786152497807,3.42353198948291,3.834355828220859,0.2633464394932285,,,,,,,,,,,0.0,0.0,0.0
1570045623,Breaking Points with Krystal and Saagar,0.5469606271813514,5657.961349053648,2608.388820321538,17929.744231386365,L,multi,2.0,115.0,-0.9107,-0.1682758620689655,0.4855172413793103,3.014665460800482,4.623331484000739,1.9696658788003152,7.637996944801221,9.480996207601518,9.30999627600149,0.8136366745453301,27.70198891920443,13.331661334002137,41.03365025320657,0.0116875569452555,2.4341110776218,14.81957380677126,18.067578135533804,43.01162257638271,13.483267265323732,37.21381765229351,4.1798128522503575,1.617992071838848,0.3095145023844891,,,,,,,,,,,0.0,1.0,0.0
1570380458,The Victor Davis Hanson Show,0.0431265995183389,4764.048918127481,2224.101765609172,17684.507912193847,R,solo,1.0,81.0,1.373,0.6651017214397497,0.7183098591549296,3.2162043465338197,6.144059337861157,0.8983191450663425,9.360263684394976,6.964745964218063,8.617209576747507,0.418849619157044,20.63915961689461,7.685619352234265,28.324778969128875,0.0905879512014774,3.042031358296002,12.833116262361592,18.743021215504864,34.56159940447706,4.3866645397990105,29.377359493805496,6.114744510022864,2.3927261126176425,0.2582716738796594,,,,,,,,,,,0.0,0.0,1.0
1570432345,Firing Line with Margaret Hoover,-0.4042036048743752,3488.49012697876,2021.96791568245,17894.88990024867,L,solo,1.0,58.0,0.595,-0.0966887417218543,0.3748344370860927,2.013079789855385,6.274534409938863,1.0065398949276925,8.287614199794248,7.634016865425616,11.268018044515207,0.4282892612650769,18.74517154969235,9.647096655281,28.39226820497335,0.3879082442510853,1.2092822592140096,15.459290159845247,14.805759304536812,30.834012496604185,5.025808204292312,17.658245042108124,3.2599837000814995,2.309155120891062,0.3571313974009305,,,,,,,,,,,0.0,0.0,0.0
1573813504,The Smerconish Podcast,1.027807382495968,6835.898285113607,2575.54953231459,20119.7668397934,L,solo,1.0,31.0,,-0.0652557319223985,0.2275132275132275,1.00063818479786,2.779550513327389,0.7115649314118115,3.7801886981252486,4.7585904788164894,7.449195375717402,0.6061866123505436,33.532497392781615,9.02798006728736,42.560477460068974,0.6144072208076263,3.1820836699164348,17.222452007892294,13.006516667113626,34.59465257850841,15.956448282335272,37.00823299096248,3.7544584193730057,5.0953364262919365,0.2955555555555555,,,,,,,,,,,0.0,0.0,0.0
1574741668,American Prestige,-0.7394787723564004,3874.067823412687,1431.410177309406,17241.702463633286,L,multi,2.0,44.0,-1.159,-0.2592592592592592,0.2777777777777778,2.5412373515686366,1.7326618306149797,0.2310215774153305,4.273899182183616,5.313496280552603,3.118791295106963,0.1934805710853393,10.164949406274546,8.201265998244237,18.366215404518783,0.2910164975407366,0.4026255247285886,19.38417138721351,13.3422281521014,75.6059595285746,4.030464754280631,29.18612408272181,1.8067600622637312,1.5287969757616189,0.206415620641562,,,,,,,,,,,0.0,1.0,0.0
1576614213,American Conservative University,-0.2372876462828309,4880.711496336136,2025.184155163554,15592.04388249738,R,,0.0,46.0,,0.5458515283842795,0.6681222707423581,3.3889574211389606,5.476555192560561,1.7893695183613714,8.865512613699522,8.160609470102617,8.973959251175968,0.4347354579837059,17.81236020550638,7.699711260827718,25.5120714663341,0.293304668260243,2.841592975836297,17.471578564690518,15.4890000685354,19.60112398053595,4.797477897333973,23.987389486669866,8.361318621067781,3.5638407237338083,0.20890069744271,,,,,,,,,,,0.0,0.0,1.0
1579061364,Head in the Office,-0.3893338056689823,4978.997770273197,1711.7817697177509,15860.522202238077,L,solo,1.0,150.0,-0.997,-0.579155672823219,0.7031662269129287,2.5185139817125264,5.169025551565122,1.3358155919775032,7.687539533277649,7.645300305072826,9.392948372047346,0.5666656458853184,23.131257345665784,11.726665730363774,34.85792307602956,0.3145652844652971,1.2763567525179504,14.144219479501068,21.707065928255368,28.525310995463776,4.452731472462639,25.464058108145714,4.035287896919266,2.2263657362313194,0.3520981278244028,,,,,,,,,,,0.0,0.0,0.0
158004641,Political Gabfest,-0.4810222712267788,4450.130417958789,1550.348251940629,17588.099110074923,L,multi,3.0,94.0,-0.9198333333333334,-0.3762475049900199,0.4261477045908183,2.373819275078956,5.103433476633446,0.6282004170583654,7.477252751712403,7.794132608104674,10.38476441650466,0.447984727502781,18.206693503240235,7.588438666236006,25.79513216947624,-0.0235432608853493,1.9943088345479285,15.757907628650775,14.57725947521866,32.04246658232026,5.088288684746136,25.57896473953463,3.1629902634908413,0.687606579019748,0.3239484396200814,,,,,,,,,,,0.0,1.0,0.0
1584730781,The Benny Show,0.6276454197936306,6806.25404734689,2133.405066529475,18884.796620210163,R,solo,1.0,100.0,0.865,0.8020434227330779,0.8454661558109834,3.222383663966348,7.97612533040319,2.3006658141381355,11.198508994369538,11.0243260936146,11.50332907069068,0.8913156760256107,26.120177492375863,9.449422365955373,35.56959985833124,0.0528494593508253,2.985965949548011,16.076703565793625,18.867924528301888,26.549865229110512,12.80323450134771,35.309973045822105,5.525606469002696,3.908355795148248,0.4307803598878741,,,,,,,,,,,0.0,0.0,1.0
1585243541,Human Events Daily with Jack Posobiec,0.6207110995911442,5116.0329199133375,2638.2699136610045,20181.48202765462,R,solo,1.0,65.0,,0.6853448275862069,0.7255747126436781,3.855399553547149,6.526381689390157,3.4203074409211385,10.381781242937306,8.2667501398942,9.535768801720064,0.480293348771046,19.313255443787916,9.088590797076664,28.40184624086458,0.5035512596787283,2.1789616703731154,16.94568180380529,19.42757073277513,55.272806873529255,8.756088217588792,33.92984184315657,4.651671865594046,5.33574125759317,0.2310786650774731,,,,,,,,,,,0.0,0.0,1.0
1586423406,The Focus Group Podcast,-0.2350827116247202,3775.563208553305,2384.595527790951,16301.75983715358,L,solo,1.0,79.5,0.6625,-0.1306620209059233,0.4024390243902439,2.1733567044196302,5.799904578066587,0.9902276108894174,7.9732612824862175,9.439312550556265,33.16619491537412,0.3902911397777003,36.30405903299773,14.390450605003348,50.69450963800108,-0.815270880494805,1.404956909488823,12.923664018289823,11.109641581801348,49.86112948022748,6.745139531807962,23.54185954238857,2.1161222060574,4.629017325750562,0.5147803364363874,,,,,,,,,,,0.0,0.0,0.0
1587936366,The Inside Story Podcast,-1.177768395774463,3903.135954227656,1601.5385384453896,10901.908989661852,L,solo,1.0,31.0,,-0.3074074074074074,0.3444444444444444,1.387942564413153,3.596033007797714,0.6939712822065763,4.983975572210866,5.677946854417443,6.119564943094355,0.2222600752012516,12.23912988618871,12.176041587806294,24.415171473995,,,,8.383897233313913,23.16229235644352,1.7051994372841857,26.85689113722592,1.8472993903912012,0.9946996717491084,0.366144668158091,,,,,,,,,,,0.0,0.0,0.0
1592116227,The Breitbart News Daily Podcast,-0.2185994755198466,4900.701677135473,1853.974664342208,17001.70224694411,R,solo,1.0,64.0,,0.7072808320950966,0.7607726597325408,2.8664068719493656,6.498736227901396,1.3113521317015315,9.365143099850762,7.485151548207857,11.1871102208874,0.6214764664514346,21.19052205740705,6.452316683416385,27.64283874082344,,,,16.646025594928954,35.68907887552768,10.786624585513962,26.633640951886328,5.193559985617834,3.861877938023517,0.3095480308094753,,,,,,,,,,,0.0,0.0,1.0
1594728054,The Great America Show,0.0508226269795527,5010.632068930642,2304.908016797324,16438.181058961694,R,solo,1.0,42.0,,0.8091397849462365,0.8440860215053764,4.8694903631509066,9.702505143057238,3.282802492011847,14.571995506208143,14.7908490056756,14.60847108945272,0.7375910065801952,24.52982973197741,9.3012737273669,33.83110345934432,,,,12.756676679972015,42.79659273280935,5.761079790955105,32.09744454960701,4.389394126441984,5.075236958698544,0.5130278526504941,,,,,,,,,,,0.0,0.0,1.0
1595408601,The PoliticsGirl Podcast,0.2628330938321153,5397.8404766921685,2156.43239689197,18784.343689949623,L,solo,1.0,76.0,-1.008,-0.7583081570996979,0.8096676737160121,2.5301305547366244,11.41858919920268,2.288118066892252,13.948719753939304,10.37353527442016,18.689964402163152,0.3927532660685291,22.92518293943968,10.615547762264532,33.540730701704206,0.6394070338961182,1.855956064508904,18.63822313808937,16.469264235620273,32.252309128089706,6.313217956987772,28.68396854370531,3.2938528471240547,4.117316058905068,0.3466522678185745,,,,,,,,,,,0.0,0.0,0.0
1599891719,Seattle Nice,-0.1833491720706788,3883.348836829449,1549.6488112652478,22695.484056117784,L,multi,3.0,48.0,-1.034,-0.2429378531073446,0.423728813559322,1.5033680293431575,2.925909820549586,0.1616524762734577,4.429277849892744,2.828918334785512,10.18410600522784,0.2325047566241143,18.91333972399456,11.137855615241245,30.051195339235804,-0.5310442808253892,1.3432300006210025,17.267541886604977,12.442572741194486,154.09647779479326,6.289652154889521,16.681251367315685,1.6407788230146576,1.504047254430103,0.1345846645367412,,,,,,,,,,,0.0,1.0,0.0
1606834013,The Josh Hammer Show,-1.0363906431953034,4693.4181111398575,1347.0236503799777,12008.18815091324,R,solo,1.0,64.5,1.2273,0.6018518518518519,0.6944444444444444,1.6953342987320312,6.5694204075866205,0.4944725037968425,8.264754706318652,7.063892911383464,8.971143997456998,0.4311093843817327,26.48959841768799,9.60689435948151,36.0964927771695,-0.6123911275639844,2.368167702046224,17.469740747828645,13.46468268689117,13.739472129480786,6.869736064740393,25.967602324718687,4.121841638844236,2.885289147190965,0.3092783505154639,,,,,,,,,,,0.0,0.0,1.0
1607829807,Mark Kaye Saves The Republic,1.286766229776201,7307.792304700938,2948.449753037961,18921.37611135573,R,solo,1.0,109.0,0.976,0.5956112852664577,0.6896551724137931,1.4409086495240304,6.844316085239144,1.7698117108284284,8.285224734763174,5.654000244327989,11.699551752113594,0.8663463255263232,24.918322406442744,9.44421647459772,34.362538881040464,0.279957270805465,2.455156916292088,12.20608894919854,20.452613684657884,32.80386740331492,20.31980450488738,40.108372290692735,6.507649808754781,8.632596685082872,0.4747715534366309,,,,,,,,,,,0.0,0.0,1.0
1612691018,THE WEEKEND SHOW,-0.2160242106840009,3934.0112996569615,2054.731081693591,18463.705989404865,L,multi,3.0,93.0,-0.573,-0.7583212735166426,0.7930535455861071,2.8189692578414007,7.533286446722924,2.5976849816285945,10.352255704564325,10.650508424677238,12.74789852095514,0.6225977427079616,21.18556418350432,11.61261397342857,32.79817815693289,0.0787880821102938,1.5191588251767836,16.266982734719594,11.443050390289754,77.9217240862588,5.176618033702509,21.660059667334178,2.3158554361300694,3.4056697590148075,0.3670049563370309,,,,,,,,,,,0.0,1.0,0.0
1614844654,Week In Review,-0.825926415863635,3814.27689239192,1629.8869066750026,14977.9758698424,R,solo,1.0,58.0,,0.1387024608501118,0.2863534675615212,2.3819688860195347,2.6943582481204578,1.9784659599725096,5.0763271341399925,12.508590707457776,7.354166232792552,0.354679071995335,24.2101755628215,9.358664639606806,33.568840202428305,0.577085259088069,1.8511559215465463,12.565612424924923,9.872886585215351,40.31428688962935,6.307677540554253,25.23071016221701,2.879591920687811,2.879591920687811,0.1819625277865989,,,,,,,,,,,0.0,0.0,1.0
1617887885,The President's Daily Brief,0.0760126792706503,6941.766678914191,2007.0308009474093,13106.816910840696,R,solo,1.0,27.5,0.871,0.1903914590747331,0.2046263345195729,1.3779887133110504,2.6277924300350266,1.3138962150175133,4.005781143346077,7.050174812289096,5.287631109216822,0.5598479725940476,15.02969084983448,12.08143592833177,27.11112677816625,0.4961529169246235,5.342437735507246,10.275532192028988,12.367234104466757,17.023134002618942,8.438818565400844,35.93772733886222,4.801396769969445,7.12934671904554,0.2590272660280029,,,,,,,,,,,0.0,0.0,1.0
1623855270,The Foreign Affairs Interview,-0.5961483851416616,3017.045963581721,2344.180744042589,14756.091875331602,L,solo,1.0,70.0,-0.998,-0.068235294117647,0.1341176470588235,2.650372398027957,2.174133607757309,0.5797689620686156,4.824506005785266,4.990154280662013,3.789204287805596,0.1300753078469658,15.384583529177908,16.564827487674734,31.949411016852643,0.4833263855104823,0.2238131710154562,11.528740302476317,13.494893248291833,45.45648252056196,3.1251331732886345,14.631305311305878,2.414875633904854,0.2841030157535122,0.275930032027593,,,,,,,,,,,0.0,0.0,0.0
1633301179,Countdown with Keith Olbermann,-0.2128332727752029,6745.044341392467,1605.2635027334666,13348.671933359456,L,solo,1.0,71.0,-1.014,-0.5526992287917738,0.6915167095115681,1.615088761445915,2.217325248764731,0.8896675380846143,3.8324140102106456,5.858118558464845,4.22934260412532,2.0449076798839325,18.5324591779472,6.008677680294548,24.541136858241742,0.4351685738073356,3.7554072996479606,14.056643823773037,6.10633158737482,7.056205389855348,10.991396857274678,43.96558742909871,5.29215404239151,2.3068363774527096,0.2920427950518221,,,,,,,,,,,0.0,0.0,0.0
1634341981,Antiwar News With Dave DeCamp,-2.423721023598973,2419.957337065656,797.2778771970571,7037.064990131526,L,solo,1.0,39.0,-0.616,-0.2840059790732436,0.3707025411061285,0.6195488307736788,2.776496611985745,1.193205155564122,3.396045442759424,4.681035610290018,3.877916755583397,1.0726684885991542,10.004566304345332,14.111945589844906,24.11651189419024,-0.672752239465468,0.3386466509211148,8.149781785545583,4.063388866314506,57.30779470078045,2.381986576805056,16.393672322717144,1.9616360044276928,1.401168574591209,0.4589266155531216,,,,,,,,,,,0.0,0.0,0.0
1635418897,The Chris Cuomo Project,1.381024766346954,5758.333476727845,2704.2018432055074,26447.46437421605,L,solo,1.0,49.0,,-0.1701680672268907,0.523109243697479,3.157876724581815,5.724623815990679,1.1044790514547234,8.882500540572494,7.062443512118935,8.213590692508365,0.4304201531647991,17.033867061167918,7.109111641053643,24.14297870222156,,,,40.74107499709913,42.15927697484625,16.631641375398065,32.74757294070626,6.317445173600815,7.219937341258074,0.2375958047599838,,,,,,,,,,,0.0,0.0,0.0
1635446643,The Coffee Klatch with Robert Reich,0.0009192721303042,4025.223135135787,2261.240392174357,19150.955046767325,L,solo,1.0,31.0,-0.868,-0.7146853146853147,0.7314685314685314,2.996542794656315,7.021749533746887,0.9392149057878,10.018292328403202,9.190888720923471,12.299242813887858,0.5986153288817528,19.477528165266044,8.877817085660872,28.35534525092692,-1.0647848776112556,2.3923064997053625,17.356894631703007,15.36993852024592,54.85478058087767,7.817468730125079,23.187407250371,4.504981980072079,2.11999152003392,0.4165029469548134,,,,,,,,,,,0.0,0.0,0.0
1636762428,Dad Saves America,0.365703890499589,3966.5150534395607,2288.1498482701973,23294.71564392514,R,solo,1.0,141.5,1.2865,0.4397394136807817,0.5765472312703583,3.0795693945714984,4.541437275850017,0.8162714057900357,7.621006670421515,8.325968339058365,6.574695141181561,0.1975599421486192,10.151448028370629,3.294768219734326,13.446216248104951,0.5817068569261731,3.211729378783052,18.55687040458745,22.106907415742235,57.319107251595135,5.692197717825845,20.65076381350772,1.8532736755712051,1.9856503666834344,0.079173677322864,,,,,,,,,,,0.0,0.0,1.0
1640311112,The Necessary Conversation,0.8030632628107922,6470.177082287512,1690.8891729335014,25145.081536690766,L,multi,4.0,77.5,-0.0776666666666666,-0.0522648083623693,0.6097560975609756,1.1216109505482863,5.075572786319519,1.2122461788754209,6.197183736867806,6.503077632471884,7.862606057378898,0.4515673663328646,17.20936397861462,4.8263259084199,22.03568988703452,-0.0765210084634268,3.6058335575181992,17.73849997782787,27.3011418000893,21.177521209415065,15.436626905657969,42.6101932767749,2.4239331504752184,3.6996874401990176,0.3678110328638497,,,,,,,,,,,0.0,1.0,0.0
1645614328,Fast Politics with Molly Jong-Fast,0.2700264691845386,5136.281319215642,2272.5580502289745,18800.537650556184,L,solo,1.0,77.0,,-0.5651438240270727,0.6192893401015228,1.9310737006717291,5.354879219040624,1.29133149308723,7.285952919712353,7.522894478076982,12.711914606262363,0.5250151050243458,29.08457628925825,12.688220450425902,41.77279673968415,-0.6409115585770899,2.276385626360744,16.778494795679116,16.624881011436308,56.041937603067566,8.580583747838096,32.57940391757277,5.228793221338838,2.4132891790794644,0.4359277892867712,,,,,,,,,,,0.0,0.0,0.0
1647025876,Wendy Bell Radio Podcast,1.1266031831774397,5981.087089268081,2789.051158762474,22250.49368163492,R,solo,1.0,44.0,-0.979,0.6226415094339622,0.7358490566037735,6.147163084236625,10.655082679343485,1.229432616847325,16.802245763580107,14.138475093744235,16.699793045509498,0.6989324426777043,38.00995840419646,8.810933754072495,46.82089215826896,-1.03215204136356,3.34723181918901,21.055613383558608,19.784002059704324,24.12022168922856,15.58328929360272,26.69485209425857,5.962301990595824,6.91085003455425,0.4012658227848101,,,,,,,,,,,0.0,0.0,1.0
1647085571,The Next Level,-0.3144971158871005,4023.2754900042487,1981.172054748731,17610.912503265095,L,multi,3.0,72.0,,-0.3086003372681282,0.4671163575042159,2.7371166989255418,6.870721509547789,1.08926072712343,9.607838208473332,9.23078641831522,16.352875787968415,0.3981527255258476,27.90183247170017,12.065657285059531,39.9674897567597,0.0019942287489622,2.177970813249923,13.794850603356918,15.151910969461062,48.72123096214634,8.098435173332637,30.434441861072653,2.612398443010528,4.179837508816845,0.3984640114306126,,,,,,,,,,,0.0,1.0,0.0
1648125917,Stay Free with Russell Brand,1.7843481287102425,7467.587293389595,3046.8417564006463,23399.92161723664,R,solo,1.0,85.0,,0.2906178489702517,0.551487414187643,8.306671074122097,5.891515607637258,7.599201291010377,14.198186681759354,17.101252343493655,8.038320466734893,0.7192284188172325,10.307102874644892,8.672603720559193,18.979706595204085,-0.2714523810571775,4.879125690217057,20.059235113447706,20.127936472923796,30.467629866549025,11.029006286533583,42.73739936031764,7.3067166648285,5.238777986103452,0.1556903951457747,,,,,,,,,,,0.0,0.0,1.0
1654162813,The Kyle Seraphin Show,0.57127359511251,5494.319725790263,2184.6140427895134,21809.002841549023,R,solo,1.0,117.0,,0.5103734439834025,0.7095435684647303,2.1804365190734223,7.743068298755784,2.3531443621683468,9.923504817829206,7.0810215668919065,9.419773608802345,0.4952109554341803,14.37792793765247,6.901117563668027,21.279045501320496,0.1873611228730447,2.318652883903661,17.20536046802938,22.276118419318276,28.866685998998232,10.67671947908154,40.20246223604777,3.9543405478079774,7.11781298605436,0.237303700982643,,,,,,,,,,,0.0,0.0,1.0
1660317917,Defending Democracy with Marc Elias,0.2359360604838495,4674.23094601994,2029.7126201412896,21582.289612439014,L,multi,2.0,50.0,-0.926,-0.6918032786885245,0.740983606557377,1.5701660297638227,6.341839418916218,1.9576095955497008,7.912005448680041,7.341035983311379,25.24500707594301,0.3801840968690481,26.10146127399601,7.402211283172306,33.503672557168315,0.4161399144920734,1.9166958999330903,19.493266931826632,17.87064403051756,69.97044470410337,5.773592686782597,26.39356656814901,3.4366623135610697,3.8490617911883978,0.5940372670807453,,,,,,,,,,,0.0,1.0,0.0
1669610956,System Update with Glenn Greenwald,-0.6709390583398717,4357.506029768893,1826.088184810737,13674.777969976923,R,solo,1.0,109.0,-1.107,0.0056179775280898,0.5786516853932584,3.462271063785368,6.025385164736924,8.216434315550352,9.487656228522292,14.407181680348666,10.779548416501909,1.8247615425399428,15.5647170807784,12.164456842016056,27.72917392279446,0.1936247754808393,1.1320043023152664,14.899554887784976,15.115525804361909,18.71446051968617,4.318721658389117,23.752969121140143,2.879147772259411,3.1670625494853524,0.4069049061175045,,,,,,,,,,,0.0,0.0,1.0
1671451793,Maiden Mother Matriarch with Louise Perry,-0.1814943053320016,3556.322620007737,1820.8985823719013,21709.17282117424,R,solo,1.0,74.5,,0.1164658634538152,0.5100401606425703,3.0258374514302178,2.924006383353239,0.5964391130223025,5.949843834783456,6.968154515553241,4.989722335771945,0.1418797724221101,10.183106807697849,3.62227656445252,13.805383372150366,-0.334500678818408,0.7688455666666667,24.426240820000004,17.170137919481824,59.88609079233905,2.9314869618627504,16.332570216092467,2.3731084929365123,1.5355407895471551,0.0466527922303156,,,,,,,,,,,0.0,0.0,1.0
1674095262,The Wright Report,-0.8269261440281755,5687.121160420232,1421.3963548999093,10866.87438106362,R,solo,1.0,43.0,,0.5264367816091954,0.5448275862068965,1.2617755200407803,2.094547363267696,0.4794746976154966,3.3563228833084766,8.68101557788057,5.9051094337908525,0.7353627730797669,13.324349491630644,14.636596032473054,27.9609455241037,0.8742474643947495,4.130346948532158,11.400959348621797,8.538063236752231,3.993610223642172,4.819874407844002,45.16910873636664,3.7181888289082297,5.370717197311887,0.367115737905695,,,,,,,,,,,0.0,0.0,1.0
1679657705,Main Justice,-0.670243389619301,4637.687031839388,1518.1081630119363,15100.559557435552,L,multi,2.0,74.5,-0.8458333333333333,-0.1584905660377358,0.2113207547169811,0.4598222633677995,2.896880259217137,0.1992563141260465,3.356702522584937,5.763105700876421,6.91266135929592,0.3511969173515464,10.560584648680464,5.839742744771055,16.40032739345152,0.6111121539994229,2.410660162099045,14.497867858369396,14.117842461487356,32.1111710888732,4.429127046741131,23.66814765602292,5.536408808426415,2.2145635233705656,0.3720457902511078,,,,,,,,,,,0.0,1.0,0.0
1681586867,The Warning with Steve Schmidt,0.514290855519746,5733.974799236184,2374.3941247280604,19045.3807863672,L,solo,1.0,16.5,,-0.5888888888888889,0.7888888888888889,1.372596636082398,15.02817342582523,1.1966227083795264,16.40077006190763,12.282980153660434,18.266093695558062,0.6158383573889693,22.982194957995024,8.34116417311611,31.323359131111133,,,,17.243252050181937,29.327105849128333,7.603323738662901,33.94340954760224,2.851246401998588,3.394340954760224,0.3104193687851275,,,,,,,,,,,0.0,0.0,0.0
1692806415,The Briefing with Jen Psaki,-0.1088538226802243,4981.33079305849,2023.940045224248,16765.051188940794,L,solo,1.0,65.0,-0.8715,-0.5996168582375478,0.6340996168582376,1.3023430635395046,8.374560459216056,0.5769874332137046,9.67690352275556,7.978911933583801,16.08970670904502,0.6574524521141644,25.997405205086064,16.122677419514375,42.12008262460044,0.1634176590187244,1.7683527934818757,12.235557482540738,10.420237197504628,22.348666620963872,8.637828203194625,30.163844519092343,3.839034756975389,4.250359909508466,0.5391462674489177,,,,,,,,,,,0.0,0.0,0.0
1695205478,What Really Matters with Walter Russell Mead,-0.4804261689101558,4046.056404267936,1723.3265800483496,17540.16122902449,R,solo,1.0,39.0,,0.0993520518358531,0.2116630669546436,3.902758368898793,4.217496947035792,0.8812680187835983,8.120255315934585,10.22900378945248,7.648147448729085,0.2517279147939721,18.44368067882817,9.725422064433282,28.169102743261448,0.6465672120381849,2.171186822157434,20.023341457725948,20.00110350915913,70.76252482895607,4.827852571176341,25.10483337011697,3.448466122268815,1.2414478040167731,0.3040824112933994,,,,,,,,,,,0.0,0.0,1.0
1696974077,The Source with Kaitlan Collins,-0.1655724335553132,4283.08091285781,2226.3655290591446,16730.9317890157,L,solo,1.0,66.0,-1.096,-0.08008658008658,0.3051948051948052,1.3181420281136036,6.117530950988776,0.6083732437447401,7.43567297910238,5.407762166619912,12.235061901977552,0.8224023307454937,26.954314549246128,11.491494604067311,38.44580915331344,0.4793445028550954,2.472310835781583,14.25923742275352,9.359612593426569,30.927415526105182,10.444785068026748,19.80439766145332,3.391163983125568,4.47633645772575,0.515820149875104,,,,,,,,,,,0.0,0.0,0.0
1702202187,Perino on Politics,0.6761884774200994,5189.483841213359,2936.576365759274,18405.02216533999,R,solo,1.0,41.0,1.3355,0.320754716981132,0.3542976939203354,1.3288595063286934,4.152685957277167,0.5536914609702889,5.48154546360586,4.429531687762311,14.25755511998494,0.3901586879727141,52.35152763474082,18.880878819086853,71.23240645382768,,,,19.18370046966991,34.53066084540583,11.245617516703051,30.03241383872461,5.159753919428458,3.969041476483429,0.5711781206171108,,,,,,,,,,,0.0,0.0,1.0
1709994511,UNGOVERNED,2.119657251044268,8272.086431019283,2937.736003416538,25610.532022106727,R,solo,1.0,69.5,1.659,0.6,0.68,2.1589878664881903,4.503031835818225,0.9869658818231728,6.662019702306416,7.340558746059847,10.733253964827004,0.4208792632299692,54.2831235002745,11.288422273352538,65.57154577362704,,,,22.52571149068723,46.72476154925408,17.50569578704836,57.15094801065788,4.118987244011379,8.109256136647403,0.2903739061256961,,,,,,,,,,,0.0,0.0,1.0
1714009198,Mea Culpa,0.8547058904776904,5520.746195664787,2662.71701061816,21457.06553271432,L,solo,1.0,94.0,,-0.4384920634920635,0.5813492063492064,1.892231129725059,6.118213986111024,1.3497915392038753,8.010445115836083,9.070094548482116,10.924481055612674,0.6135496363762513,19.918886358905787,11.719218130097197,31.638104489002984,-0.1327981229881732,2.645997362497553,20.15705899637894,16.819717048953514,53.30765161482848,11.394001871871737,36.487934565874966,4.069286382811335,4.8831436593736015,0.4244548286604361,,,,,,,,,,,0.0,0.0,0.0
1714879044,The Tony Kinnett Cast,-0.5193182368212107,4872.774972965278,1463.9100135647566,16514.73873113971,R,solo,1.0,81.0,,0.6289156626506024,0.744578313253012,1.2546184761601344,5.258120130423934,1.3955868442680146,6.512738606584068,6.7100943219351015,9.374396479174038,0.6901247429089387,20.70825327504761,8.92329770122882,29.63155097627644,0.3192037557203568,3.431045303285594,17.91095588668913,17.450568174011018,29.95451859790868,9.34361130576968,23.3590282644242,3.57255726397076,6.73289638209874,0.3556015881235974,,,,,,,,,,,0.0,0.0,1.0
1715894000,Trump's Terms,-0.3103890336788915,5305.969065548613,1964.532283083333,13924.226663220272,L,solo,1.0,10.0,,-0.1608391608391608,0.1794871794871795,2.141728910663133,5.532799685879759,0.1784774092219277,7.674528596542892,9.994734916427952,15.795250716140604,3.230798061735336,25.7007469279576,15.17057978386386,40.87132671182145,,,,5.7946434880927145,18.79725814430076,13.991944032223872,24.309236096388947,3.815984736061056,1.413327680022613,0.6705508474576272,,,,,,,,,,,0.0,0.0,0.0
1721813926,Bad Hasbara - The World's Most Moral Podcast,0.6317561423257826,4768.181344281992,2259.9645213563,24129.316396288035,L,multi,2.0,122.0,-1.147,-0.4788359788359788,0.5476190476190477,1.2829093479310667,3.860830962169908,2.5658186958621334,5.143740310100975,7.419088964922112,4.901681942566811,0.4934601880551457,9.924393068900704,8.254190332914975,18.17858340181568,-0.7133790861635168,1.5528584376863446,21.91432067336361,16.560111848624288,91.35209241085366,9.637442141412496,22.66834982557587,2.3075565690705977,1.628863460520422,0.1082706766917293,,,,,,,,,,,0.0,1.0,0.0
1721969693,Politix,-0.8561419147464485,3217.095483777077,1439.6193407746102,17824.331706682016,L,multi,2.0,48.0,-0.1139999999999999,-0.3380614657210402,0.4278959810874704,2.0101941627265942,4.846495515614802,0.468127407758248,6.856689678341397,10.739393472100982,11.15244706718179,0.2989406552131494,36.43132708612718,16.164164020828917,52.5954911069561,0.3185401298319159,0.9227124054587308,13.816070256494577,16.71218358945094,72.96294786613949,3.668528105001427,15.4893408877838,0.951099879074444,0.951099879074444,0.6155143338954469,,,,,,,,,,,0.0,1.0,0.0
1722246285,The Breakdown,0.5242872603915597,5215.974144160119,2537.209009054403,19521.804941570503,L,multi,2.0,47.0,-1.015,-0.5975,0.7225,2.0310567034103286,5.908528591739139,1.2661132696583868,7.939585295149468,8.124226813641314,12.028076061754676,0.5597011972683607,30.993397746845925,13.795359167319509,44.78875691416543,-0.827041856768413,3.4822251920838188,17.975794621653083,18.275885238191226,52.14002553248673,11.959954310286903,27.548209366391184,4.031445273130418,5.778404891486932,0.4259868421052631,,,,,,,,,,,0.0,1.0,0.0
1725387804,The Illegal News with Sarah Longwell,-0.0942738969116539,4346.875446385348,1943.1460587457973,19431.53243880201,L,solo,1.0,69.0,0.6625,-0.3857868020304568,0.467005076142132,1.0469430215537014,4.473302001183997,0.3807065532922551,5.520245022737699,6.300693456986822,8.756250725721868,0.3137212352404828,15.418615408336333,5.862880920700729,21.28149632903706,-0.3703327037751543,3.4184303888445235,14.990620756803242,20.28206850235057,62.5923438549362,10.342511752854264,33.042310275352584,1.8804566823371391,3.4922766957689726,0.3697558663190329,,,,,,,,,,,0.0,0.0,0.0
1725442221,Hawk Podcasts,-0.9000720555902572,4304.585736874684,1634.1065530309504,12626.650654830191,L,solo,1.0,47.0,-1.032,-0.5380577427821522,0.6167979002624672,1.63107657578308,3.751476124301084,0.8155382878915399,5.382552700084164,5.121580447958872,8.644705851650324,0.4996313766938731,20.84515863850776,14.549203055985071,35.39436169449283,-1.3492537020875108,1.1405036890645588,18.46949771967163,7.348047914818101,55.59560780834072,4.159272404614019,22.32142857142857,3.743345164152618,3.604702750665484,0.435515484123873,,,,,,,,,,,0.0,0.0,0.0
1728152109,THE DAILY BLAST with Greg Sargent,-0.4267201869058718,4619.918259188022,1966.040786741173,14647.225615104226,L,solo,1.0,30.0,,-0.6240963855421687,0.6578313253012048,5.599496045355918,5.475977750237773,0.8646280658270167,11.075473795593693,13.463494167877831,29.315008708039805,0.8611695535637086,35.57326899402583,16.139723895437648,51.71299288946348,-0.0256573725619919,1.7584719724770643,13.627980917431191,8.839290646925583,40.4673774929562,6.767581901552401,25.9654162753439,3.3147339925970942,1.7954809126567592,0.591948310139165,,,,,,,,,,,0.0,0.0,0.0
1728340033,Mission Implausible,0.5024772049319592,5709.927103088346,2443.302906164768,18477.117496320912,L,multi,2.0,62.0,-1.011,-0.1393728222996515,0.229965156794425,5.980620245459924,4.771771472441429,1.145225153385943,10.752391717901354,14.35773016374599,6.065451738303327,0.4965399354856497,9.84045316983477,4.6869399795980256,14.527393149432797,-0.717577665564787,1.4337401449318945,11.726046155696544,14.721290168565403,27.055344093579663,10.609938860227318,37.53265871805414,4.243975544090927,3.315605893821037,0.1772521923996811,,,,,,,,,,,0.0,1.0,0.0
1730358737,Letters from an American,-2.7997047381133693,2606.548737637658,539.049656142649,4078.5180340153256,L,solo,1.0,13.0,-1.058,-0.4923747276688453,0.5446623093681917,4.0178392060749735,9.140584193820564,1.4062437221262405,13.158423399895536,8.83924625336494,24.307927196753585,1.552693961187673,24.50881915705733,15.066897022781149,39.57571617983848,,,,4.237088649310296,2.35393813850572,1.2554336738697174,6.904885206283446,0.6277168369348587,0.6277168369348587,0.6858695652173913,,,,,,,,,,,0.0,0.0,0.0
1743030473,The Rest Is Politics: US,0.4013963068259052,5481.8792367418,2354.701034534749,18658.75703676828,L,multi,2.0,59.0,0.6405,-0.1820728291316526,0.3669467787114845,3.2906110283159467,5.412816691505216,0.8822652757078986,8.703427719821162,7.391952309985097,12.30402384500745,0.5630521609538003,25.442622950819672,19.21907600596125,44.66169895678093,-0.1588109449233888,3.172263008316751,16.199718577478443,18.370521347350355,23.600085818493884,10.190946148895089,36.20467710791676,3.754559107487664,4.693198884359579,0.4726068633353401,,,,,,,,,,,0.0,1.0,0.0
1750591415,Candace,0.271748616242805,4905.26965833176,2166.952462510934,20289.56979790468,R,solo,1.0,76.5,,0.3261802575107296,0.5493562231759657,2.347064885342213,3.8689897719313047,1.888653774923812,6.216054657273517,11.882015982044951,6.729475100942127,0.4903531965923551,11.533623538126967,7.407923544361361,18.941547082488327,-0.2921995428470024,2.44977039623576,14.991393249133235,16.48169070246561,19.140027912540702,7.443344188210275,33.09629826543497,5.183757559646441,14.35502093440553,0.1055077852660934,,,,,,,,,,,0.0,0.0,1.0
1751785203,Brad vs Everyone,1.5324440287296592,7129.0775627380135,3078.44350275032,21309.56091006393,R,solo,1.0,48.0,-0.688,0.2266187050359712,0.7446043165467626,1.9075885555907768,3.983493748439564,3.085805016396846,5.891082304030341,7.826723632497454,6.311873897175366,0.9390946248081892,12.707906112979735,4.768971388976944,17.47687750195668,0.9959888142052268,2.548623916949491,11.307759832301857,19.255187040421937,16.464580222969484,18.97612635867669,31.11526601459488,5.023092271414419,1.9534247722167184,0.2100472016183412,,,,,,,,,,,0.0,0.0,1.0
1767877239,No Gods No Mayors,-0.7681422507649595,3607.591093902018,1702.5100167417818,15726.054683513164,L,multi,3.0,14.0,-1.137,-0.115079365079365,0.1706349206349206,1.397978458127294,2.503356773855852,0.0650222538663857,3.901335231983146,8.582937510362921,4.128913120515497,0.2446787412992096,10.045938222356602,6.502225386638576,16.54816360899518,-0.9005599242526596,2.353448954248366,14.075530392156864,15.53653719552337,33.706385780118495,7.899934167215273,19.618169848584596,2.633311389071757,1.3166556945358787,0.158154859967051,,,,,,,,,,,0.0,1.0,0.0
1774505095,Raging Moderates with Scott Galloway and Jessica Tarlov,-0.0292079986614408,5181.440338650809,1765.8311820654742,18966.93000358246,L,multi,2.0,57.5,-0.953,-0.2507552870090634,0.5045317220543807,1.867442692852363,4.668606732130908,0.6224808976174543,6.53604942498327,5.835758415163634,10.21906140255321,0.2500298272096775,24.691742272159026,11.152782748979387,35.84452502113841,0.1559927753429036,2.287721255212962,17.0123352635537,16.22254135418329,47.07196425722036,9.308015531088772,29.51970639859582,3.324291261103133,1.7286314557736289,0.3673402868318122,,,,,,,,,,,0.0,1.0,0.0
1785081636,The Mary Trump Podcast,0.5200516320096753,7103.941103250248,2532.1853231102123,13835.203237620402,L,solo,1.0,21.0,,-0.6284722222222222,0.8298611111111112,1.4883948974320809,10.0685537179229,1.926158102559164,11.55694861535498,12.169817102532898,14.183527846117478,0.7114527609725347,17.68563348713414,8.930369384592487,26.61600287172663,,,,9.39140828436046,22.34016819158473,11.09893706333509,41.26527882522021,5.122586336923887,4.12652788252202,0.3216494845360825,,,,,,,,,,,0.0,0.0,0.0
1788891712,It's A Numbers Game with Ryan Girdusky,0.288644089776836,5227.872406907976,2308.0692880303345,18477.18699690592,R,solo,1.0,61.0,1.2223333333333333,0.2699115044247787,0.4026548672566372,1.420941590033639,3.675914113347893,0.5560206221870763,5.096855703381531,8.494759505635887,17.607319702590747,0.3965662637576491,52.605728865810605,11.552872927664806,64.15860179347541,-0.2983311579486742,2.5286033914979544,17.94038031895614,13.844530039888694,33.44619138349348,7.9503241813222205,31.80129672528888,6.1683549682672405,2.0561183227557467,0.3871455576559546,,,,,,,,,,,0.0,0.0,1.0
1790957194,The 47 Morning Update with Ben Ferguson,1.72716797153684,7415.227699029762,3439.083730332136,20026.09995496224,R,solo,1.0,50.0,2.394,0.7280606717226435,0.7648970747562297,2.787939700847042,6.290435375440595,2.787939700847042,9.078375076287635,12.12402348897768,9.945213470668648,1.04551252991471,18.437886929131277,8.762096202662132,27.19998313179341,-0.4511016856429692,3.3230595975140576,15.241825861694782,18.658734451054624,22.85018929150892,18.25310978907517,45.835586803677664,2.43374797187669,7.436452136289887,0.4889017007783223,,,,,,,,,,,0.0,0.0,1.0
1795032531,The Jim Acosta Show,0.2672119476127176,4818.642407546227,2237.4172739751257,19981.07960252028,L,solo,1.0,73.5,,-0.5795454545454546,0.7159090909090909,1.5318857513599242,8.170057340586261,2.0124773596297043,9.701943091946186,9.762017042979908,12.765714594666036,0.892819060263184,16.129855852554495,7.779576658867065,23.90943251142156,0.1526317246775603,1.5720748129302606,15.594037638431608,17.608872769323767,68.07012010828143,10.11853136744724,32.852374569633895,6.044836920812637,2.891008962127783,0.4011406844106464,,,,,,,,,,,0.0,0.0,0.0
1798460240,10 Minute Drill,-0.4894545965499812,5079.845118820804,2256.6802442450507,10415.67866705953,R,solo,1.0,19.0,-1.156,0.7527675276752768,0.7896678966789668,2.413006102894602,4.826012205789204,0.5027096047697087,7.239018308683805,6.434682941052271,13.573159328782134,0.987221121846754,38.708639567267575,18.198087692663456,56.90672725993103,,,,8.050822647696,9.368229990046256,5.416007962995491,23.12781778792669,3.2203290590784004,4.684114995023128,0.5648148148148148,,,,,,,,,,,0.0,0.0,1.0
1800671132,Destiny,0.5895367026791737,4839.188458761127,2316.609622064335,23018.174960895107,L,solo,1.0,114.0,,-0.1346153846153846,0.5192307692307693,1.4628675454707996,4.198971658295814,2.858009741614247,5.661839203766613,7.070526469775532,6.582903954618598,0.5369265694672454,15.983182441255034,7.978046150762045,23.96122859201708,0.2604851957216035,2.120390281523938,25.60465702545516,24.549918166939445,25.62313863325373,12.342035362614364,28.03788468246089,2.5488986074964446,3.890424190389311,0.2706060097364445,,,,,,,,,,,0.0,0.0,0.0
1805186512,Going Rogue with Lara Logan,0.3993903108878312,4369.610284612499,2249.271359363129,22752.93735536729,R,multi,2.0,113.0,1.659,0.5473684210526316,0.6526315789473685,4.109150949009342,8.013774022728626,1.9523115368596415,12.122924971737968,9.57562325221634,10.00327244600464,0.4470049681680252,10.39373475337657,7.102695305527458,17.49643005890403,-0.0883555521160961,1.276198813241724,24.582533083489484,22.70866890232632,64.69330094267382,6.469330094267382,24.82110321882179,5.413112936019645,4.488922922552876,0.1978332548280734,,,,,,,,,,,0.0,1.0,1.0
1809246826,The Keith Edwards Show,0.3365540392246356,6449.930547832838,1985.8678235621708,17715.153679076153,L,solo,1.0,12.5,,-0.428,0.684,1.5976142294174032,7.056129513260198,1.5976142294174032,8.653743742677602,8.653743742677602,11.848972201512408,0.7030833954627757,17.04121844711897,7.056129513260198,24.097347960379167,-0.5096324476612353,5.209097962352028,19.96350145546284,15.585693973531663,19.823909001421853,9.980312807612382,33.49557038171279,8.06628021437165,5.195231324510555,0.4353518821603928,,,,,,,,,,,0.0,0.0,0.0
1810218232,Next Up with Mark Halperin,0.3009628701362621,5147.774231225719,2113.5351447073967,20286.148037507828,R,solo,1.0,102.5,,0.1557788944723618,0.3668341708542713,3.5010800717607005,5.491890308644235,0.3661260205762823,8.992970380404936,8.626844359828652,10.434591586424048,0.9663209826822392,27.4823344195072,12.883059349027937,40.365393768535135,-0.6136620488902242,3.5347505390428213,15.62226667002519,18.527717734248085,29.134164842984305,5.773129438932374,33.5647060403045,3.087952955708014,9.129600042962824,0.3944666286366229,,,,,,,,,,,0.0,0.0,1.0
1818418128,Pod Force One,0.0674704665804552,4360.111645000636,2090.6152553611746,20156.21449876206,R,solo,1.0,50.0,,0.6376811594202898,0.6473429951690821,3.1995274544067334,7.629642391277596,1.9689399719426053,10.82916984568433,8.417218380054639,10.435381851295809,0.7165957027885111,15.800743274839409,9.795476360414462,25.59621963525387,,,,16.376122556788168,56.78816693079768,7.923930269413629,23.24352879027998,3.0375066032752245,6.075013206550449,0.3475046210720887,,,,,,,,,,,0.0,0.0,1.0
1818658022,"Life, Liberty & Levin Podcast",-0.2239067673579039,5501.451242716143,2097.3328971056776,13349.4614896001,R,solo,1.0,49.0,-0.904,0.6858407079646017,0.7035398230088495,3.039753217072154,9.625885187395156,2.139085597198924,12.66563840446731,8.049716852617003,15.64909989529739,0.5731623565968275,14.91730745415039,7.0364657802596176,21.953773234410008,0.1929881424657797,2.912807373012523,12.553366244547629,15.980382702613344,23.419526374519556,6.612572152805521,28.37895548912369,3.7195718359531056,3.03076223670253,0.4511533242876526,,,,,,,,,,,0.0,0.0,1.0
1820648828,The Joy Reid Show,0.6052003477562117,5992.478050216009,2116.9032323385627,21195.79463259074,L,solo,1.0,171.5,-0.572,-0.6971153846153846,0.7548076923076923,1.5666814226196009,7.742320983875933,1.7124192293749123,9.309002406495534,7.742320983875933,13.025316478755984,0.5739701346799507,19.292042169234385,7.54193149958738,26.833973668821766,-0.0534187103744141,2.6804813605800923,18.04774786816084,15.904625706686623,47.847529436922784,12.29601315138798,39.293781157696365,4.677831090201948,4.945135723927774,0.2980769230769231,,,,,,,,,,,0.0,0.0,0.0
1822142909,Glenn Diesen - Greater Eurasia Podcast,-0.9860482621890062,3173.033199918427,1733.3835716934502,14317.909539380957,L,solo,1.0,49.5,,-0.0099009900990099,0.3135313531353135,2.6563711059600963,3.3841440117025883,4.111916917445081,6.040515117662684,10.11604338982064,5.349130857207316,0.5101688069254869,15.86544934518633,9.71576829166227,25.5812176368486,1.4513773243763837,1.1645076869613566,14.09702537531276,13.402745446593586,34.282812037076226,3.103793682369041,12.838419322526487,2.257304496268393,2.1162229652516187,0.2256521739130434,,,,,,,,,,,0.0,0.0,0.0
1839861250,The Moment with Jorge Ramos and Paola Ramos,0.9177232192821816,5749.012743261402,2433.999766408905,23168.774054853257,L,multi,2.0,82.0,-1.021,-0.3875968992248062,0.4806201550387597,1.5073407494498208,5.038824791017972,1.1197388424484382,6.5461655404677925,6.718433054690629,9.087111375254633,0.331830299271739,15.89167818705668,4.392821612682335,20.284499799739017,-1.3857935819725131,2.8470830676328505,20.670292198067635,13.840093686788032,37.26179069519855,11.178537208559565,35.66485680826147,4.391568189076972,4.258490365165549,0.2092643051771117,,,,,,,,,,,0.0,1.0,0.0
1843478428,Owen Report,0.997652888488044,6156.11532744896,2275.9559130447124,24017.37999221805,R,solo,1.0,215.0,,0.216,0.632,3.672232493829053,7.24866761825387,6.067166728934957,10.920900112082922,14.593132605911975,8.925121582828002,0.4662936955751195,21.969530050038163,9.94696018980652,31.916490239844684,0.1442904275157629,2.704334270268073,18.516926520740604,28.744521783964935,42.66563547306007,10.956432070121163,34.67388502191287,4.511472028873421,8.120649651972158,0.3386462430138687,,,,,,,,,,,0.0,0.0,1.0
1868807558,Batya!,0.0975306453212512,4884.482764159119,2207.570323512208,18064.936523451943,R,solo,1.0,56.0,,0.3031914893617021,0.5797872340425532,3.98110147710574,10.36257296246641,2.868734887914429,14.343674439572151,10.245481742551537,18.734595186379952,0.9570450859742284,31.32190132722898,12.645851750806465,43.96775307803544,,,,12.76792263182201,40.74868925049577,9.508027491782348,23.77006872945587,2.309092390861428,3.259895140039662,0.4811320754716981,,,,,,,,,,,0.0,0.0,1.0
1869456664,What's The Plan? with Leah Greenberg and Ezra Levin,-0.1170396633321544,5545.30854005461,1787.077846421477,16714.474435768127,L,multi,2.0,98.0,,-0.75,0.8189655172413793,2.2701475595913734,4.480554393930342,0.6571479777764503,6.750701953521716,9.67799749088954,8.303960810084234,0.0871019774180058,55.797837385745865,36.38210167871438,92.17993906446024,,,,16.299693344752328,27.902864878304836,6.215984750117413,29.974859795010637,3.03892587783518,2.486393900046965,0.3642288196958725,,,,,,,,,,,0.0,1.0,0.0
1871628261,The Harry Sisson Show,0.5726137194830085,7307.131941829192,2594.124316135442,13370.001422848549,L,solo,1.0,14.0,-1.008,-0.7085201793721974,0.7443946188340808,0.7877013561591681,5.7764766118339,1.5754027123183365,6.564177967993068,9.45241627391002,9.189849155190297,1.416549605492904,14.835042207664332,9.58369983326988,24.41874204093421,,,,13.227513227513226,32.31876943217149,10.909289259804725,42.68259422898598,4.5000818196694485,2.318223967708504,0.6219709208400647,,,,,,,,,,,0.0,0.0,0.0
1873028393,Politics Chat,-0.6774911592369838,2954.256945177346,2107.6126887236114,15752.142721953747,L,solo,1.0,62.0,-1.058,-0.6576576576576577,0.6576576576576577,3.118638194655001,14.207129553428336,0.6930307099233335,17.325767748083337,8.749512712782085,19.838004071555417,0.2220297136916879,17.75891194178542,5.630874518127085,23.389786459912507,,,,16.28866833234405,42.10206645224522,2.760791242770178,17.945143078006154,6.901978106925445,5.245503361263339,0.4648478488982162,,,,,,,,,,,0.0,0.0,0.0
1874174561,Hope For America with Heather Delaney Reese,-1.9787874693733016,3827.308167892655,1166.959079867324,5173.651535757103,L,solo,1.0,27.0,,-0.7627118644067796,0.8305084745762712,1.9212631431865024,15.195444859747791,3.3185454291403222,17.116708002934292,23.579138575470708,23.928459146959163,2.426206029273064,23.928459146959163,13.274181716561287,37.20264086352045,,,,5.578022590991494,3.3119509134011995,2.2660716775902943,14.119369683447218,4.880769767117557,1.045879235810905,0.5238095238095238,,,,,,,,,,,0.0,0.0,0.0
1876034889,Breaking News from Pod Save America,-0.0168647440230903,5318.635175287936,2129.288188373149,16028.303002844432,L,multi,4.0,30.5,-0.975875,-0.5,0.6171171171171171,2.682033996593092,7.321227936646008,1.159798485013229,10.0032619332391,11.308035228878982,12.177884092638903,0.6773948026530391,21.456271972744734,14.207531441412057,35.66380341415679,,,,10.542601695031284,43.67649273655818,7.66734668729548,28.75255007735805,3.2860057231266344,2.464504292344976,0.4012400354295837,,,,,,,,,,,0.0,1.0,0.0
1877144831,Paul Krugman Podcast,-0.5422988422614333,3115.434586383153,2049.27072146054,17239.27781092802,L,solo,1.0,42.0,,-0.504424778761062,0.5929203539823009,2.7391387195121952,5.478277439024391,1.0122903963414631,8.217416158536587,7.086032774390244,8.812881097560975,0.5720036204268293,18.102134146341463,4.406440548780488,22.50857469512195,,,,14.632193586681945,59.08093259528181,5.1074637991248295,18.49730132656019,1.518435183523598,1.7945143078006156,0.2518195050946142,,,,,,,,,,,0.0,0.0,0.0
1880163995,The Kyle Kulinski Show,1.0805971116671151,6931.419155907797,2916.3326446103906,17934.575276818596,L,solo,1.0,121.5,-0.943,-0.5907643312101911,0.7882165605095541,3.04138202678553,6.33918033685977,2.8348244652474026,9.3805623636453,14.416293260454127,9.715328066827782,1.041919076445529,25.24275855486632,10.000235048259682,35.242993603126,0.2086881226517874,4.0529444965357015,15.316124094511055,19.54371410338226,28.45139332057009,19.14486279514997,38.954477770687085,5.716868751329504,5.716868751329504,0.4287508973438622,,,,,,,,,,,0.0,0.0,0.0
1886801652,Sidebar with Katie Phang,0.7425665624257332,6389.735484034025,2883.9244341297094,15941.357573952817,L,solo,1.0,33.5,-0.5535,-0.6176470588235294,0.696078431372549,1.5317063208414172,7.147962830593281,1.5317063208414172,8.679669151434698,10.849586439293374,9.956091085469213,0.8197181660369652,11.998366179924435,4.4674767691208,16.465842949045236,0.1101421742349751,4.9227124784718965,16.79511820886175,14.347994040064012,26.626565862811105,16.003531813917554,35.45610065669665,5.380497765024005,10.071188124275704,0.4108527131782946,,,,,,,,,,,0.0,0.0,0.0
219258773,Brian Kilmeade Show,1.088838511094811,6673.473031437281,2709.4592970851404,20322.132968024744,R,solo,1.0,155.0,1.659,0.538083538083538,0.6339066339066339,1.4116084506768576,5.81788422181798,0.7829569139381761,7.229492672494838,5.537848537270749,9.544073330487256,0.5306561921890618,25.437527182035197,8.121034851869695,33.55856203390489,0.2859078827897025,3.2833979329937306,19.98926244285528,21.822510249966932,34.386985848432744,13.7547943393731,36.63536569236874,6.348366618172199,5.2903055151434994,0.3651758575770734,,,,,,,,,,,0.0,0.0,1.0
268213039,The Political Scene | The New Yorker,-0.0503252589346192,4496.617054535176,1963.8498600282453,19331.25121566273,L,multi,5.0,59.0,-1.154,-0.3,0.3333333333333333,1.3535096505238082,3.28709486555782,0.4253887473074826,4.640604516081628,6.883563365521082,6.651533139717,0.6112062864722511,15.19797979016733,7.038250182723803,22.23622997289113,,,,15.674194823426788,51.929288936744406,6.951164660824054,33.25655249492293,3.816325696138696,3.407433657266693,0.3377990430622009,,,,,,,,,,,0.0,1.0,0.0
354628391,Renegade Talk Radio,0.607076284361944,6728.304396165324,1896.3176494039428,20624.085076572144,R,,0.0,114.5,,0.6645435244161358,0.7388535031847133,7.686023776453887,5.629402604160688,3.6732210705143657,13.315426380614577,9.31697219448175,7.906034413489904,0.674289556955971,15.68293214871954,5.715493723000869,21.39842587172041,0.0831452007711542,4.295805384713539,17.638844851346175,18.45783454825119,28.623018792215607,11.7702133351167,41.86450879422189,4.413830000668762,7.0888784859225575,0.2089151450053705,,,,,,,,,,,0.0,0.0,1.0
380996798,"The Bob Cesca Show | Politics Podcast, News & Commentary",-0.0478192750027536,5077.376520560482,2025.8267826990364,17159.331711986182,L,solo,1.0,88.0,,-0.6343366778149386,0.705685618729097,0.960996891079594,4.054006752435109,1.2728435643438334,5.015003643514703,5.753252910834126,7.808895267249417,0.8734252538527384,20.225484237423508,8.496230791995087,28.7217150294186,-0.3752078659538818,1.5535385292323778,22.92355107896953,13.856630067567568,58.7257179054054,11.48120777027027,36.15920608108108,3.431165540540541,3.16722972972973,0.3256936067551266,,,,,,,,,,,0.0,0.0,0.0
402050558,The David Pakman Show,0.3667285148074946,5087.031318494871,2817.1465929796905,16056.283899744749,L,solo,1.0,76.0,,-0.439469320066335,0.6583747927031509,1.7571142207915622,5.522358979630624,2.127662117693184,7.279473200422187,8.55846110263101,11.008858485367542,0.8461760054697651,28.52023490346032,11.391359540233733,39.91159444369406,0.6535361978473009,2.984986168704589,15.374587980684034,14.643042558006416,26.091239466993247,11.847552615114282,31.149745077940924,6.789047004166611,6.6559284354574615,0.5179877593670698,,,,,,,,,,,0.0,0.0,0.0
506779862,Lectures in History,-0.9509462354576792,3801.760270832278,1737.7895421348285,12796.424576386991,L,,0.0,79.0,,-0.0993975903614457,0.1636546184738956,1.6742531976527653,4.899753235579725,0.7243707712293597,6.574006433232491,6.280157912828128,8.405434420868986,0.2612518356990417,17.28922689821019,8.822289298651919,26.111516196862112,-0.7230998699312718,2.492702373092494,12.83941367486764,13.877902216300985,16.65348265956118,5.551160886520394,20.400516257962444,4.996044797868354,2.498022398934177,0.1651398861104233,,,,,,,,,,,0.0,0.0,0.0
545045867,Scott Horton Show - Just the Interviews,-0.2869667063335778,4740.704792011263,1832.20557264572,16861.83976694932,L,solo,1.0,50.0,1.125,-0.0939597315436241,0.4053691275167785,0.9619462204320086,5.12134748342675,2.018732209075624,6.083293703858759,6.503298391653017,6.327167393545747,0.6952161466060234,14.25306230837286,8.332351064305428,22.58541337267829,-0.2246969823640754,1.6932341314719914,15.615808853154268,12.101990568793555,74.97670019057158,11.267370529566415,26.42963457552616,3.8948935163933287,2.9211701372949963,0.1991032879442046,,,,,,,,,,,0.0,0.0,0.0
597919007,The Young Turks,0.626878516051054,6604.729462487937,2605.4912445712566,16017.507688150135,L,multi,2.0,78.0,-1.0779999999999998,-0.5587326120556414,0.7287480680061824,3.3909913407020467,7.367597962281914,4.182966291984433,10.75858930298396,14.65153659872414,13.6587792654265,1.309352108716967,22.16972134751749,13.742438591266188,35.91215993878368,0.3209658908317978,2.7725902746982016,14.384914069557365,17.560321715817693,6.032171581769437,16.621983914209114,42.22520107238606,4.691689008042896,5.495978552278821,0.3954970557672324,,,,,,,,,,,0.0,1.0,0.0
682478916,War on the Rocks,-0.6974064864067152,3583.5047740376945,1942.6569698995893,14843.782051911305,L,solo,1.0,54.0,-1.021,-0.0282375851996105,0.0671859785783836,2.079198373604828,2.983197666476492,0.5122662659606098,5.062396040081319,4.238752239909359,4.098130127684878,0.1388342025119127,14.052166785860647,20.91251697509783,34.96468376095848,0.6596638925774151,1.0530293315907393,13.077394562173264,12.931753712664776,35.597085488625616,5.2839423772178655,19.328105011402197,1.9467156126592136,1.2514600367094946,0.1272286234081261,,,,,,,,,,,0.0,0.0,0.0
702998658,Week In Review,-0.2606018787157911,4402.261903703611,1820.473228297048,18266.280908119264,L,solo,1.0,75.5,,-0.1789264413518886,0.3658051689860835,1.465921291912473,3.816677958222564,0.2641299625067518,5.2825992501350365,2.945049081950283,10.340688032139337,0.3316812004178535,15.649700278525046,9.772808612749817,25.422508891274862,-0.5963620720909497,1.977351218049035,15.041236405842463,15.026795569090014,51.86239178712483,7.3139270469022195,26.33013736884799,3.4574927858083218,2.925570818760888,0.196664464993395,,,,,,,,,,,0.0,0.0,0.0
716825890,The Tom Woods Show,0.2094925285702708,4788.660437907841,2117.363200078261,20293.21022550373,R,solo,1.0,64.5,,0.4427609427609427,0.6111111111111112,3.8739991130908784,5.219310702202823,2.3916650473101244,9.0933098152937,9.741052432273529,7.312017618599182,0.271441526280911,14.175598040827715,6.739014534347798,20.914612575175514,0.0524633700020589,1.7181083517885964,22.297958526331595,21.396953608729955,40.921673776696046,9.093705283710232,29.287080251949128,3.477004961418618,2.273426320927558,0.1644603644292166,,,,,,,,,,,0.0,0.0,1.0
73329719,KQED's Forum,0.1727007250326179,5693.234572507709,1681.4419287509895,20352.97958361249,L,multi,2.0,71.0,-1.056,-0.3333333333333333,0.4035087719298245,1.1583997751565027,3.266307562736368,0.3418228844724106,4.424707337892871,3.095396120500163,6.570595445969671,0.2474038077170314,18.22105875840433,5.763513635409813,23.984572393814148,-0.1893335521701143,2.278107928814701,16.92858844268124,11.422909125941016,64.82156865443635,3.715886101209728,26.56170435309176,3.30300986774198,1.1010032892473265,0.1661279150311706,,,,,,,,,,,0.0,1.0,0.0
73330715,On the Media,-1.196119767160561,3284.7795443925384,1511.9556527925922,13208.515688221642,L,multi,2.0,43.0,-1.032,-0.2858627858627858,0.3523908523908524,1.853890150122728,5.148517788340832,2.923849608193559,7.002407938463559,9.174107828607326,10.042787784664831,2.165682692399368,17.0875703551312,11.621242826769327,28.708813181900524,-0.0605420004380597,1.1126891159024574,13.07347013463892,9.585889570552148,23.96472392638037,5.340709903593339,18.62401402278703,1.780236634531113,1.5063540753724802,0.2098971722365038,,,,,,,,,,,0.0,1.0,0.0
73331636,The Brian Lehrer Show,-0.7252829456501195,3539.111566038552,1522.2458984976945,17744.05538878304,L,solo,1.0,33.0,,-0.2901960784313726,0.3294117647058823,1.1101608499720403,3.536067892503536,0.1644682740699319,4.646228742475577,5.427453044307753,8.141179566461629,0.4675010690437814,14.596559323706458,5.879740798000066,20.47630012170652,,,,12.588082369843333,51.03646439077786,4.24163645070808,19.429431483888624,1.915577751932681,2.3260586987753986,0.2742257742257742,,,,,,,,,,,0.0,0.0,0.0
75462585,NBC Nightly News with Tom Llamas,-0.1600018410542404,5768.492523648053,1433.7994927344348,18145.55457472967,L,solo,1.0,28.0,,-0.2698795180722891,0.3036144578313253,1.3002705907936358,3.8783933139189486,0.2914399600054701,5.178663904712584,4.1249963570005,6.434097578582302,0.6922819973053013,23.06859375735605,5.716706907799606,28.78530066515566,-1.4332437399993192,4.036848414581536,15.03463752157032,14.97454327643007,26.409649051158485,9.120858177461953,38.38928367230254,3.1310408668899234,4.220098559721201,0.2074848651623555,,,,,,,,,,,0.0,0.0,0.0
78911087,Face the Nation with Margaret Brennan,-0.2750998872465978,4277.66117020653,2119.7641416173656,16279.016350696076,L,solo,1.0,69.0,,-0.08,0.3664,1.088319255589629,5.8998359645122,0.4797196718717444,6.988155220101829,4.374757007666207,12.67319133153713,0.3818926587854214,25.002702898151217,11.30563226694753,36.30833516509875,0.3920784518837712,1.7159505360073863,16.08052245588839,12.79124143812065,18.01777019778285,6.326850603801612,21.18119549968366,3.4385057629356583,3.163425301900806,0.493813175322412,,,,,,,,,,,0.0,0.0,0.0
791564318,Jacobin Radio,-1.2930520302155957,2807.8442430533046,1494.8623925235856,13660.90950618976,L,multi,3.0,77.0,-1.0566666666666666,-0.5201342281879194,0.5553691275167785,5.414649966726555,5.807422503173041,1.273705225333604,11.222072469899596,11.093018636495753,9.364819476131212,0.2496293910566815,18.80258242331677,14.18469960195309,32.98728202526986,-0.1851911183691119,0.9333435143086386,11.854796800311217,12.964868026098843,44.53150322007863,2.536604613801948,13.528557940277054,1.6910697425346315,0.8455348712673159,0.1976698000794386,,,,,,,,,,,0.0,1.0,0.0
91959525,This Week with George Stephanopoulos,-0.4432013969540496,4707.103420032018,2065.9868215478496,13463.553526880003,R,solo,1.0,71.5,,0.0273972602739726,0.3926940639269406,1.6574814569262006,11.80955538059918,0.2486222185389301,13.46703683752538,6.298429536319562,19.268221936767084,0.5664857249409522,24.94509592673932,9.82057763228774,34.76567355902706,-0.1147913102982933,3.1559783151026672,14.556554106697371,10.753429378920522,20.128213965671748,11.02915833735438,30.743778865375337,2.895154063555525,3.722340938857103,0.5296482412060302,,,,,,,,,,,0.0,0.0,1.0
925428680,Conversations with Bill Kristol,-0.5854585072280084,3192.720997290729,1954.083133541952,17212.71827916099,L,solo,1.0,95.0,,-0.0838815789473684,0.2648026315789473,2.845487838254652,4.463723288254434,0.781966123489828,7.309211126509086,7.124580236240654,11.2081811033542,0.1877098818796727,26.662872682882327,10.409924018958334,37.07279670184066,0.237575052575671,1.0486797773013348,13.236349224243265,14.115196447903962,67.97220813747927,3.700100039741816,20.967233558536957,2.466733359827877,1.0963259377012786,0.3494734053123137,,,,,,,,,,,0.0,0.0,0.0
929121341,Louder with Crowder,2.009295500993425,7756.232216378907,3085.034955182241,24820.231734618446,R,solo,1.0,101.0,0.904,0.551622418879056,0.671583087512291,1.5233771429815002,4.256248775857653,2.029774489961614,5.779625918839153,7.00167571485728,6.553869796453377,0.5958957541302772,15.221216123691528,3.741481224795223,18.96269734848675,-0.3259015615982916,4.482230939791044,17.971324377346924,21.810823949861383,33.63596946484647,17.606327766755573,51.76785925449027,7.357868320435165,5.781182251770487,0.1554010349288486,,,,,,,,,,,0.0,0.0,1.0
956270301,Rational Security,-0.9069068452375676,3905.3545784824328,1549.6638781992829,14368.345608101125,L,solo,1.0,102.0,1.743,-0.1788756388415673,0.2129471890971039,1.161702709237902,2.3023791250959325,0.709637401570664,3.464081834333834,5.403757398626983,4.762455450540902,0.345667006591743,12.09011869342613,11.406764158580303,23.49688285200644,0.1346629380104447,1.4314597484276732,12.870124310386275,16.61290545872385,46.10081264795868,4.706989879971758,20.62769094458212,1.9381723035177827,0.9690861517588912,0.3199088145896656,,,,,,,,,,,0.0,0.0,0.0
969924303,The Skepticrat,-0.2132361048834098,5839.747973948343,1629.1009483110631,15890.410125234024,L,multi,3.0,59.0,-1.393,-0.611984282907662,0.6650294695481336,1.0840942682032668,3.5170997250869345,0.9599613367296104,4.6011939932902015,5.958380710735512,5.925278595675871,0.6307111492888838,21.367415270998737,7.141781324117704,28.509196595116443,0.2082247359242144,3.352886315631788,15.216720425436296,18.10786340725125,15.675463845083176,13.378197591924431,34.45899379738112,7.162065377494899,4.324265888298807,0.2381195186620436,,,,,,,,,,,0.0,1.0,0.0
983782306,Federalist Radio Hour,-0.5182379530480911,3507.4671828014148,1726.158362741416,18706.647463825208,R,solo,1.0,59.0,,0.4915824915824915,0.6060606060606061,2.8066457173733994,5.272297095252834,2.8591063849878555,8.078942812626234,8.315015816891286,9.678993174867143,0.6578305415514718,15.213593608192255,6.387086282060025,21.60067989025228,-0.2853367017621984,1.945592023485608,17.90118341686954,17.218237774373296,57.75566371561436,5.829797041716943,25.48841497308803,2.9826868585528548,1.8980734554427257,0.2573363431151241,,,,,,,,,,,0.0,0.0,1.0
HOLDOUT_bongino,Dan Bongino,2.349946516486237,108.8328505398509,36.005194191949,371.1304632093205,R,solo,,,,,,2.3044343901765254,4.179471067897798,1.3454461656931267,6.483905458074323,10.062219728534767,8.358942135795596,0.7871575732158883,21.026174653225564,7.729158824194558,28.755333477420123,,,,,,,,,,0.2880897138437742,255.95621865247648,660738.0,47.0,5172.0,2.6571661990470408,1.5758378260003425,2.8168355244113283,0.0175888009681401,3.531638045147377,2.5882140233982533,0.0,0.0,1.0
HOLDOUT_beck,Glenn Beck,1.2556331479884884,91.09734224686125,29.039621718571663,309.7505299201043,R,solo,,,,,,3.627422730776488,6.465003415335515,2.062365342901148,10.092426146112002,6.61127046093134,8.761396031189985,0.3372186736211771,19.99470513294943,5.82142841471388,25.816133547663316,,,,,,,,,,0.1463870431893687,224.76765041578344,613300.0,45.0,4816.0,1.6368096503434917,0.5127701503563573,1.6173196432656158,0.0044835750333121,2.6566070258652883,1.6020622755217122,0.0,0.0,1.0
HOLDOUT_rogan,Joe Rogan,1.210630493203861,74.64945706400522,33.347225182347486,317.62332636025866,R,multi,,,,,,1.589185689480964,3.518444036793246,0.444710398702492,5.10762972627421,3.5707629072288327,4.224748787673674,0.131261506064084,8.920367409267634,2.8317588623261627,11.752126271593797,,,,,,,,,,0.0296907940969782,219.3667760366962,1473286.0,48.0,11384.0,0.6905324373422178,1.1701854624982222,1.771173579771143,-0.081168830404586,2.5050793065714205,1.4552657354706202,1.0,1.0,1.0
HOLDOUT_ryan,Shawn Ryan,0.6667858076021727,64.05970057832383,25.68130426571249,325.1795458141707,R,multi,,,,,,1.524027354518889,2.8413068121069207,0.7974561738761626,4.36533416662581,4.501197070323229,3.561970909980193,0.1265651554183011,11.412483910583308,4.713852050023539,16.12633596060685,,,,,,,,,,0.0509722796855606,194.6164329721149,1567288.0,46.0,12085.0,0.0812841879637697,0.0002324167629237,1.9188408180798249,0.1479443043960794,1.810680071729266,0.6307322254853199,1.0,1.0,1.0
HOLDOUT_kirk,Charlie Kirk,0.6291172672929118,76.01655346287497,24.84678094858972,290.7139717529586,R,solo,,,,,,3.186220959871823,5.082781055033623,0.6827616342582478,8.269002014905446,9.133833418299226,8.28417449566674,0.1836021896924235,24.0938994489355,7.00968611171801,31.10358556065351,,,,,,,,,,0.1794248683677602,196.6013982534272,602895.0,46.0,4827.0,0.7691840181287217,-0.1271303759429375,1.245298159692951,-0.044826944726169,1.866370547167726,0.8361413964511701,0.0,0.0,1.0
HOLDOUT_tucker,Tucker Carlson,0.1917803808849592,56.8844746325425,24.117564042193163,285.59611324356086,R,multi,,,,,,3.502781946293135,6.636850003502782,2.101669167775881,10.139631949795916,9.648013431017931,9.537399264292889,0.3857361802961755,11.86029676551886,6.673721392411131,18.534018157929992,,,,,,,,,,0.1650130548302872,181.90176633909076,715661.0,44.0,5745.0,-0.3315198129849652,-0.2384215762981351,1.145282531937978,-0.1269420269609742,1.4539555302468583,0.2946713803212527,1.0,1.0,1.0
HOLDOUT_parnas,Parnas,-0.1490241372228686,68.50925975099956,24.20205300173739,198.3961398104805,L,solo,,,,,,3.0028627291351087,7.073409984184923,0.8007633944360291,10.076272713320032,12.011450916540436,14.146819968369844,0.5186277584630682,32.89802945474686,8.474745924447975,41.372775379194834,,,,,,,,,,0.4670818505338078,111.52670192023186,131807.0,44.0,1099.0,0.3372755452838314,-0.2255270895659181,-0.5588208673865193,-0.5842863697153166,-0.5204975412483597,-0.1362496951768154,0.0,0.0,0.0
HOLDOUT_thedaily,The Daily,-0.2915030125221362,61.81339698277181,21.190978916123505,219.75121637749007,L,solo,,,,,,1.1587169595266982,3.067191951688319,0.2044794634458879,4.225908911215017,3.714710252600297,6.8500620254372455,0.4485257030685551,17.96011287266382,8.383658001281406,26.343770873945225,,,,,,,,,,0.1841982234689107,127.26062609014964,261432.0,44.0,2096.0,-0.0479498067001329,-0.6850694375379808,-0.1414897933282949,-0.0582862550416097,-0.0790642699540162,-0.27069450473071,0.0,0.0,0.0
HOLDOUT_kelly,Megyn Kelly,-0.5033282745679583,62.37025229006849,20.988012396401665,187.17927051241352,R,solo,,,,,,1.0264748390487453,2.4635396137169887,0.3284719484955984,3.4900144527657337,4.044310865852056,4.762843253186178,0.8192706280383655,20.32420181316516,3.839015898042307,24.163217711207466,,,,,,,,,,0.0671914534720269,125.99658802061803,437869.0,41.0,3505.0,-0.0159128923871057,-0.7160456634230629,-0.7780262678937063,0.2897908085515763,-0.1145283063919674,-0.282162287400712,0.0,0.0,1.0
HOLDOUT_shapiro,Ben Shapiro,-0.5230974665729006,57.4962554959656,19.568053341063923,209.58241642398767,R,solo,,,,,,3.6158175582639696,7.560345803642845,1.3696278629787764,11.176163361906816,8.491692750468413,10.66483562639474,0.4638107795191328,20.909652041475983,7.816009671398882,28.725661712874867,,,,,,,,,,0.2246123061530765,151.25160870921127,455334.0,42.0,3710.0,-0.2963229299831956,-0.9327561460484224,-0.3402133236870837,0.0155494112404934,0.5940302374763858,-0.2116829461850773,0.0,0.0,1.0
402306412,Majority Report,-0.368023539936805,58.29989969909729,22.254262788365097,210.04419508525575,L,solo,,,,,,4.30980441323972,4.858324974924774,0.940320962888666,9.168129388164497,12.92941323971916,10.50025075225677,0.4169539869608826,29.071589769307923,17.00413741223671,46.07572718154464,,,,,,,,,,,113.81801654964896,255232.0,22.0,2083.0,-0.2500877946858786,-0.5227937999024794,-0.331189025222057,-0.3817463647577299,-0.4562120838186093,-0.4096978928023224,0.0,0.0,0.0
