episode_id,collection_id,show_name,stratum,episode_title,episode_description,gold_has_guests,gold_names,
5327f3e70f77fcae,1722246285,The Breakdown,large,"How Trump, 79, Is Declining in Plain Sight",,NO,,
6d008263c7825583,545045867,Scott Horton Show - Just the Interviews,large,11/18/22 Hassan El-Tayyab on the War in Yemen and What We’re Doing About It,"Hassan El-Tayyab was back on Antiwar Radio Sunday to discuss the effort to end the war on Yemen. Scott and El-Tayyab have been advocating for the passage of two War Powers Resolutions (H.J.Res. 87 and S.J.Res. 56) in the two houses of Congress. In this interview, they discuss where things stand and what needs to get done. El-Tayyab argues that this lame-duck period in the House is the best time to get these resolutions passed. Discussed on the show: 1833stopwar.com “State and DOD Need Better Information on Civilian Impacts of U.S. Military Support to Saudi Arabia and the United Arab Emirates” (Government Accountability Office) Hassan El-Tayyab is a musician and peace activist, who works as the lead lobbyist on Middle East policy for the Friends Committee on National Legislation. This episode of the Scott Horton Show is sponsored by: The War State and Why The Vietnam War?, by Mike Swanson; Tom Woods’ Liberty Classroom; ExpandDesigns.com/Scott; and Thc Hemp Spot. Get Scott’s interviews before anyone else! Subscribe to the Substack. Shop Libertarian Institute merch or donate to the show through Patreon, PayPal or Bitcoin: 1DZBZNJrxUhQhEzgDh7k8JXHXRjYu5tZiG. Learn more about your ad choices. Visit megaphone.fm/adchoices",YES, Hassan El-Tayyab ,
a01b3f4819fb93dd,1614844654,Week In Review,small,"North Charleston Tesla Firebombing, Sheriff Indicted on Corruption Charges - WIR 3/15/25",,NO,,
30b80ef731b8ec63,78911087,Face the Nation with Margaret Brennan,medium,"María Corina Machado, Rep. Mike McCaul, Gary Cohn","This week on 'Face the Nation,' an exclusive interview with Venezuelan opposition leader and Nobel Peace Prize winner María Corina Machado. After a whirlwind of meetings in Washington, Machado is projecting optimism about her country's future…even as her own future remains murky, with the party she defeated in nationwide election still holding power with the support of President Trump. What comes next for her and for Venezuelans? Meanwhile the debate over ICE immigration enforcement drives more protests across the country and sparks a fight in Congress over funding for the Department of Homeland Security. We talk to Republican Congressman Michael McCaul about immigration debate that sparked a partial government shutdown. Plus - President Trump's top economic adviser in his first term, Gary Cohn joins us. We ask about the president's new pick to lead the Federal Reserve and the state of the economy as tax season gets underway. Finally - a bipartisan conversation with four of America's mayors on how they're striking a balance between local priorities and federal authority.",YES,María Corina Machado; Rep. Mike McCaul; Gary Cohn,
e8f5f6d161ea3945,1800671132,Destiny,medium,Thinkers - Republicans ‘romanticize’ the idea of US civil war,"Destiny joins Times Radio’s Stig Abell to discuss what it means to be a commentator post the assassination of Charlie Kirk, why he got into politics and whether Donald Trump deserves any credit for the peace plan in Gaza. Destiny's Op-Eds and other Articles - YouTube - Merch - Stream - Discord - Twitter -",YES,Stig Abell,
03299067a68f2874,702998658,Week In Review,small,"Week in Review: Washington GOP, Dave Reichert, and density","Bill Radke discusses the week’s news with former state Representative and Senator Bill Finkbeiner, Seattle Channel host and producer Brian Callanan, and The Stranger editor Rich Smith. See omnystudio.com/listener for privacy information.",YES,Bill Finkbeiner; Brian Callanan; Rich Smith,
106b3c9e7b29433b,1871531782,Uncertain with DL Hughley,small,You Can't Kill Your Way to Peace!!!,"America has been at war for 233 of its 250 years of existence—93% of our history. In this explosive episode, we break down the latest Middle Eastern conflict, exposing the pattern of regime changes, oil interests, and imperial ambitions that have defined American foreign policy for generations. From Operation Ajax in 1953 Iran to today's attacks, we examine how powerful white men have consistently pursued natural resources under the guise of liberation. We discuss Iran's unexpected military capabilities, the miscalculations that led to American casualties, and why this conflict mirrors every failed intervention from Vietnam to Afghanistan. We also dive into the Texas Senate race, voter suppression, and what the 2026 midterms could mean for Trump's unchecked power. Plus: the Epstein files, Clinton's testimony vs Trump's refusal, Lauren Boebert's Beetlejuice scandal, and why Dr. Umar Johnson and other grifters thrive in a nation that reads at a 5th-grade level. Also on the this N**** right here segment, we cover Wesley Hunt. This episode is sponsored by PrizePicks: Download the PrizePicks app today and use code UNCERTAIN to get $50 in lineups after you play your first $5 lineup! That’s code UNCERTAIN to get $50 in lineups after you play your first $5 lineup! PrizePicks. It’s good to be right! This episode is sponsored by Kikoff: Build credit fast and get your first month for just a dollar at today. Thanks to Kikoff for sponsoring us! This episode is sponsored by The Wellness Company: You never know when you are going to need your medical emergancy kit. Get a $45 discount when you use my code UNCERTAIN or just visit ⁠ Sponsor Uncertain: ⁠⁠ Go see DL Hughley Live: Learn more about your ad choices. Visit megaphone.fm/adchoices",NO,,
95869201922b56be,1535255041,Unf*cking The Republic,medium,A Contested Convention: Building the Progressive Bench (Project 500).,"Despite his assurances to the contrary, Joe Biden as the Democratic nominee is far from a lock. What happens if the DNC winds up hosting a contested convention? In this episode we delve into a brief history of contested conventions and draw upon prior examples to demonstrate how progressives can use a contested convention to their advantage and get the so-called progressive movement back on track. Chapters Intro: Chapter One: Nullification. Chapter Two: Delegate to the Delegate. Chapter Three: Moon Shot for Progressives. Post Show Musings: Outro: Resources 99's Birthday Donor Drive FactCheck.org: Q&A: How Biden Can Be Replaced as the Democratic Nominee Democrats.org: Delegate Selection Rules History: How Ronald Reagan's 1976 Convention Battle Fueled His 1980 Landslide History: 4 Contested Conventions in Presidential Election History Brookings: What is a brokered convention? What is a contested convention? PBS News: What is a contested convention, and why does it matter in 2020? Newsweek: Joe Biden Is Ready for a Messy D",NO,,
f67e9c4e741285a3,1452065072,Newt's World,large,"Episode 361: The Border Crisis in Yuma, Arizona","On December 9th, 2021, the town of Yuma, Arizona was facing a tough challenge – a surge of migrants crossing the U.S.-Mexico border. 6,000 migrants crossed the border in a five-day period, leading Mayor Douglas Nicholls to announce a State of Emergency. To understand more about the border crisis on the front lines, Newt’s guest is Mayor Douglas Nicholls of Yuma, Arizona. Learn more about your ad-choices at See omnystudio.com/listener for privacy information.",YES,Douglas Nicholls,
1d61ebe4904c6a1d,1573813504,The Smerconish Podcast,large,Daily Poll: Is Joe Biden a Victim of Ageism?,"Every day, we post a thought-provoking poll question for you to vote on at Smerconish.com. Michael explains it here to give you some insight behind the question, and then asks you to cast your ballot. Today Michael asks you: Is Joe Biden a victim of ageism? Listen here, then vote! Hosted by Simplecast, an AdsWizz company. See for information about our collection and use of personal data for advertising.",NO,,
ffb91163962b26c1,1309354521,Majority 54,medium,The future of the party,"On this week's episode, Jason and Ravi tackle the latest news and weigh in on the progressive vs. moderate debate raging within the Democratic party. Everybody’s unique and Helix knows that, so they have several different mattress models to choose from. Helix is offering up to 200 dollars off ALL mattress orders and two free pillows for our listeners at HelixSleep.com/MAJORITY54 You can grow thicker, healthier hair with Nutrafol. New customers will get twenty-percent off and free shipping when you use the promo code M54 at on Nutrafol.com Jason is back with a new season and a new co-host, Ravi Gupta. Each week, they'll tackle our most pressing issues, giving you the tools necessary to successfully have conversations across the aisle. Majority54 is a Wonder Media Network production. It's produced by Grace Lynch and Edie Allard. Theme music provided by Kemet Coleman. Special thanks to Diana Kander. Majority 54 on Twitter Jason on Twitter Jason on Instagram Ravi on Twitter Ravi on Instagram Learn more about your ad choices. Visit megaphone.fm/adchoices",NO,,
8614ebd5424695e0,219258773,Brian Kilmeade Show,large,Trump Campaign Manager Chris LaCivita doesn't rule out debating Harris,Learn more about your ad choices. Visit podcastchoices.com/adchoices,NO,,
ff6214ab2902d730,1647025876,Wendy Bell Radio Podcast,medium,Hour 3: The Greatest Case to Put Deep State Dems In Prison,"Nothing will change in America until prominent Democrats are prosecuted and convicted for their crimes. Until then, it’s open season on all of us. Listen to the man who makes that solid case. The Department of War drops a new batch of UFO videos and audio recordings just as we learn another UFO scientist has ""died."" Wait until you hear how. Good News takes us to Atlanta where a retired school principal goes back to work in a most unusual way.",NO,,
cb5689fccc7a0f44,791564318,Jacobin Radio,large,The Dig: Marx's Eighteenth Brumaire with Dylan Riley,"Dan discusses The Eighteenth Brumaire of Louis Bonaparte — Marx's take on revolution and reaction in mid-nineteenth-century France, the broader theories he develops about history and the relationship between politics and the class war, and how this all might apply to today — with political sociologist Dylan Riley. Check out Dan's recent NYT op-ed, ""The Case Against Border Security."" Thanks to NACLA, reporting on the Americas since 1967. Check out their collection of articles on Latin American politics at nacla.org . And thanks, as always, to Verso. Check out their huge collection of left-wing titles at www.versobooks.com . Please support this podcast with your money at Patreon.com/TheDig!",YES,Dylan Riley,
024f3ca9dbcd6fe7,1750591415,Candace,medium,What Really Happened To Michael Jackson? | Candace Ep 55,"It's Michael Jackson's birthday! Let's discuss what really happened to him. Beam Get 40% off Beam with promo code: CANDACE at Native Path Get up to 45% off your order at Act today! Call 800-795-1210 or visit N M L S 1 8 2 3 3 4, N M L S Candace on Apple Podcasts: Candace on Spotify: Candace on Rumble: Subscribe to Club Candace: Join The Candace Community on Locals: #CandaceShow #Candace #CandaceOwens #News #Politics #Culture #PopCulture Learn more about your ad choices. Visit megaphone.fm/adchoices",NO,,
cff86d719f6de6e6,158004641,Political Gabfest,large,"The Political Gabfest: The ""Would You Like a Ride in My Ferrari?"" Edition","Slate's Political Gabfest, featuring David Plotz, John Dickerson, and Emily Bazelon. This week: David Remnick's Obama profile, Netflix's Romney documentary, and the McDonells' political scandal.Show notes at www.slate.com/gabfest. Need to set up your Slate Plus feed? If you subscribed through Slate.com, check out our FAQ at slate.com/podcastfaqs for easy instructions. Members subscribed via Apple Podcasts get automatic access—no setup required. Hosted on Acast. See acast.com/privacy for more information.",YES,David Plotz; John Dickerson; Emily Bazelon,
634f0ebaac354839,1896897095,Wired In,small,Wired In: Inner Workings of the Trump White House EXPOSED,"Bestselling author and veteran reporter Jonathan Swan joins the show to reveal the secrets behind his viral new book on the second Trump administration. Tennessee Congressman Andy Ogles wants to denaturalize immigrant felons. Hillsdale College's Dr. Matthew Spalding on Trump's massive Supreme Court victories today. And shocking new details on America's fertility and demographic crisis. Ep. 59 - - - Become a Daily Wire Member and watch all of our content ad-free: 📲 Download the free Daily Wire app today on iPhone, Android, Roku, Apple TV, Samsung, and more. - - - Privacy Policy: Learn more about your ad choices. Visit podcastchoices.com/adchoices",YES,Jonathan Swans,
4e520e25bd85974a,1714009198,Mea Culpa,medium,Free Speech…Think Again + A Conversation with Charlie Sykes,"Today on Mea Culpa, I’m joined by Charlie Sykes, political commentator, author of “How the Right Lost Its Mind,” writer of the Substack newsletter “To the Contrary,” and MSNBC contributor, for a hard-hitting conversation on Trump’s unraveling of American leadership at home and abroad. Once at the center of the conservative movement, Sykes brings invaluable insight into Trump’s grip on the GOP. We break down Trump’s UN General Assembly speech, his pivot to isolationism, and how his rhetoric is reshaping the GOP into an authoritarian, nationalist movement. We also dig into Trump’s attacks on the press, the fight over Jimmy Kimmel’s suspension, and what escalating political violence means for America’s future. Thanks to our sponsors: Hims: Start your free online visit today at Superpower: Go to and use code COHEN to get $50 Off your annual Superpower subscription. Live up to your 100-Year potential. #superpowerpod Subscribe to Michael's Substack: Subscribe to Michael's YouTube Channel: Join us on Patreon: Add the Mea Culpa podcast feed: Add the Political Beatdown podcast feed: Learn more about your ad choices. Visit megaphone.fm/adchoices",YES,Charlie Sykes,
b1f3080e4597c396,1790957194,The 47 Morning Update with Ben Ferguson,large,China Must Pay,The Senator and Michael discuss the concrete steps being taken to make China pay for its misdeeds and to prevent further problems in the future. Learn more about your ad choices. Visit megaphone.fm/adchoices See omnystudio.com/listener for privacy information.,NO,,
d27ed94f32f015e8,1660317917,Defending Democracy with Marc Elias,medium,The Wisconsin GOP Is Out of Control with State Rep. Greta Neubauer,"The Wisconsin GOP has a new scheme: remove the state’s top elections official and impeach newly-elected state Supreme Court Justice Janet Protasiewicz. Why? So they can cling to majority rule with minority support and avoid accountability. Democratic Leader of the Wisconsin Assembly Rep. Greta Neubauer explains what’s going on, why Republicans are doing this and what she thinks will happen. For a transcript of this episode, please email transcripts@democracydocket.com . Follow Democracy Docket! Twitter Post Facebook Instagram TikTok Subscribe to our free newsletters",YES,Greta Neubauer,
1795da87e3d8b708,1634341981,Antiwar News With Dave DeCamp,large,"10/27/25: US Deploys Aircraft Carrier Strike Group Near Venezuela, US OKs Israeli Airstrike in Gaza, and More",Support the show: Antiwar.com/donate Phone bank for Defend the Guard: Sign up for our newsletter:,NO,,
460e8e34e2d0dae4,1493858530,Hood Politics with Prop,medium,Tap In: Donnie's Angels... Pour One Out for Kristi Noem,"You might have noticed, as Kristi Noem gets removed from her position, that Trump is just letting all these women go out in front and take all the bullets for him. It may come off like he’s hiring a bunch of women and putting them in powerful positions, but he’s actually putting them in impossible positions and making them take the fall for him. These women are participating in their own subjugation. From one marginalized people group to another...you gotta know when you being pimped. --- Follow Hood Politics: Follow Prop: See omnystudio.com/listener for privacy information.",NO,,
9c7855ba2c620125,1111319839,The Conversation with Dasha Burns,medium,From SNL meme to Trump whisperer (with Sen. Katie Britt),"Sen. Katie Britt (R-Ala.) is a young rising star in the Republican Party. She sits down with POLITICO’s Dasha Burns to talk about how the war against Iran could affect Americans at home and the urgency of the midterm elections for the Republican Party. Britt also gets candid about her unique relationship with the White House and what it was like having Scarlett Johansson play her on SNL. And later on the show, Dasha breaks down the exciting Texas primary elections with a panel of journalists. Elaine Godrey of “The Atlantic,” Gabby Birenbaum of “The Texas Tribune” and POLITICO’s Adam Wren share their takeaways. Learn more about your ad choices. Visit megaphone.fm/adchoices",YES,Katie Britt,
2734842f3e0e7cc8,124960485,"Best of the Left - Leftist Perspectives on Progressive Politics, News, Culture, Economics and Democracy",medium,#1532 Accelerationism is the Brick on the Gas Pedal of the Runaway Car of Society,"Air Date 12/17/2022 Today, we take a look at the fringe philosophy of accelerationism that is having a bigger impact on society than you will likely have realized as it's been behind some of the worst terror attacks in recent years and is likely behind attacks on infrastructure targeting society as a whole. Be part of the show! Leave us a message or text at 202-999-3991 or email Jay@BestOfTheLeft.com Transcript BestOfTheLeft.com/Support (Get AD FREE Shows and Bonus Content) BestOfTheLeft.com/HOLIDAY (BOTL GIFT GUIDE!) Join our Discord community ! SHOW NOTES Ch. 1: The Dystopian Philosophy You've Never Heard Of - Philion - Air Date 6-26-22 Explaining the origins of Accelerationism Ch. 2: A Foiled Plot in Texas: The Threat of Violent Fringe Online Networks - Tech Against Terrorism - Air Date 2-22-22 Matt Kriner is an intelligence analyst with almost a decade of experience researching and analyzing US domestic violent extremists, transnational far-right extremism, and radicalization. Ch. 3: ""It only takes a few"" - White Hot Hate - Air Date 11-28-21 Some members of The Base are planning deadly attacks that they hope",NO,,
5e7a85c5fab1a3f6,1767877239,No Gods No Mayors,small,"PREVIEW: Donald E. Stephens, with Charles Austin","ALERT ALERT ALERT! NO GODS NO MAYORS LIVE IN LONDON! APRIL 25 and 26! Three shows! Wer'e joined this week by Charles from Trouble in River City! Not quite a company town, not just a tax haven. A sort of Spiritual Delaware. The Ireland of the mind. The Grand Cayman of the soul. Mayor Mattie takes us now, to Cook County's most Monegasque locale: Rosemont, Illinois, and the one family with a vice grip on its politics. Join us over on the Patreon to hear the whole thing!",YES,Charles Austin,
158e4b8b5d499c11,354628391,Renegade Talk Radio,large,Episode 3484: Election Fraud in California? Recall Voters Informed They Voted When They Hadn’t,"Meanwhile, Big Tech, who's heavily invested in Big Pharma, works around the clock to conceal the real number of deaths and suppress treatment",NO,,
66fd183b4262b9d6,1798460240,10 Minute Drill,small,Hochul says quiet part out loud; Dems admit shutdown is hurting wrong people; teachers unions prep for midterms,"March 19 Episode – Strait of Hormuz, Shutdown Fallout, Hochul’s Tax Plea & Big Tech’s Energy Problem The global and domestic pressure points are converging—and even Democrats are starting to admit the consequences. In today’s episode of the 10 Minute Drill, we break down the growing crisis in the Strait of Hormuz, as NATO leaders signal urgency in keeping one of the world’s most critical shipping lanes open. What happens next could have major implications for energy markets and global stability. Back home, cracks are forming in the shutdown narrative. Prominent Democrats are now acknowledging that the strategy is hurting everyday Americans—federal workers missing paychecks, long lines growing, and frustration mounting. We also take a closer look at New York Governor Kathy Hochul’s candid admission that high earners are leaving the state—and her call to bring them back to fund expansive social programs. Plus, newly revealed teachers union training materials raise questions about political activism in K-12 education, while the rapid rise of AI exposes a growing reality: America’s tech dominance depends on energy dominance. And finally, we break down the latest from Texas Democrat James Talarico, whose positions on energy, food, and culture highlight where parts of the left are heading. All that and more in today’s 10 Minute Drill—fast, focused, and unfiltered. - Intro - NATO & the Strait of Hormuz - Democrats Shutdown Causing Pain - Hochul wants more money - Teachers Unions Indoctrination - Tech & Energy - James Talarico the Vegan",NO,,
9d350039c05d7e46,1200016351,Pod Save the World,medium,TMZ at the DMZ,"The latest rumors and news about North Korean leader Kim Jong Un’s health, and what we know about a possible succession process. Iran launches a military satellite and Trump tries to use the Iran nuclear deal to put in place more sanctions. Brazilian President Jair Bolsonaro could face legal trouble. New Zealand eliminates the coronavirus while doctors in the UK race to produce a vaccine and major countries come together to discuss how to accelerate work on treatments. The latest in Afghanistan and Navy Capt. Brett Crozier might get his job back. Then journalist Rana Ayyub talks with Ben about life in India during COVID.",YES,Rana Ayyub,
1c5b51e02f8377db,1640311112,The Necessary Conversation,small,Authoritarian America,"The Kultgens discuss: 1. Trump's Inauguration 2. TikTok 3. Mike Johnson's Conditional Disaster Aid Kitty's Name Origin 4. Hegseth's Confirmation Hearing 5. Oklahoma's Divorce Laws 6. Trump's Hollywood Ambassadors If you have a question for anyone on the show, record it in a 1 minute or under audio or video clip and send it to: thenecessaryconversationpod@gmail.com",NO,,
de673fbfcdb9352e,1635446643,The Coffee Klatch with Robert Reich,medium,"It's Affordability, Stupid! | The Coffee Klatch for Saturday, December 13, 2025","Friends, Today, Heather and I — along with our Gen Z associates Katie Milne and Vishal Shankar — explore why the Republican Party is in near revolt against Trump. Congressional Republicans repeatedly rebuked him this week. Twenty House Republicans joined Democrats in passing a discharge petition to restore union rights to federal workers; 14 signed on to another discharge petition to prevent members of Congress from trading stocks. Meanwhile, a Democrat won the race to become mayor of Miami (for the first time in 30 years), and the Indiana Senate rejected a congressional redistricting plan despite Trump’s pressure campaign on Republican lawmakers. Why is Trump losing so badly now? Because his polls are plummeting. He refuses to acknowledge how difficult it is for most Americans to make ends meet — calling the affordability crisis a “sham” cooked up by Democrats, while his tariffs continue to jack up prices. Please pull up a chair, grab a cuppa, and join in the discussion. This is a public episode. If you'd like to discuss this with other subscribers or get access to bonus episodes, visit robertreich.substack.com/subscribe",YES,Katie Milne; Vishal Shankar,
7361a86f9a076f23,1351411911,The TPM Show with Josh and Kate,medium,Ep. 186: A Rough Spot,"Josh and Kate discuss a group of House centrists trying to decouple the infrastructure bills, the start of the redistricting process, and the ongoing COVID-19 pandemic of the unvaccinated. See Privacy Policy at and California Privacy Notice at .",NO,,
08f926dab1660e97,1774505095,Raging Moderates with Scott Galloway and Jessica Tarlov,small,Why Politicians are Launching Podcasts Ahead of 2028,"With just a week until Election Day, Scott and Jessica break down the races shaping the final stretch — from Andrew Cuomo’s last-minute unlikely comeback bid in New York City to Abigail Spanberger and Mikie Sherrill testing whether moderation still wins in purple America. Plus, California’s Prop 50 could shift the balance of power in Congress. Then: why every ambitious politician suddenly has a podcast, and why Kamala Harris hints she might not be done with presidential politics just yet. Follow Jessica Tarlov, @JessicaTarlov. Follow Prof G, @profgalloway. Follow Raging Moderates, @RagingModeratesPod. Subscribe to our YouTube Channel: Learn more about your ad choices. Visit podcastchoices.com/adchoices",NO,,
9508dc88327f24a8,1456850698,The Graham Allen Show,large,EP 566 | AMERICA OFFICIALLY UNDER ATTACK; WW3 Is Coming! + Lockdowns Are Coming For The Elections!!,"Yemen's Houthis have OFFICIALLY attacked a US naval ship, this is an act of war!! How will America respond?? AND North Korea, Venezuela, and China are becoming more hostile... Also, are we about to experience covid 2.0?? The new china outbreak has spread into Europe, India is taking preventive measures, and more outbreaks seem to be popping up in America... ► Today's Sponsors: Try out America's Marketplace: Protect your savings with the precious metal IRA specialist. www.birchgold.com Text: Graham to 989898 Same 5G Network. Half the cost. Protect yourself and your marriage today. Code: Graham Restored Vows, a FREE porn recovery series for couples: covenanteyes.sjv.io/c/4758053/387466/5624?u=start.covenanteyes.com/restored-vows/ ► Watch LIVE on Rumble: ► Support freedom with 9/12 Merch: Learn more about your ad choices. Visit megaphone.fm/adchoices",NO,,
a5d5d7f5166ef22c,1636762428,Dad Saves America,small,"Greg Lukianoff On Cancel Culture, Free Speech & Censorship | The Show","Greg Lukianoff, a First Amendment lawyer and President of the Foundation for Individual Rights and Expression (FIRE), dives headfirst into the pressing issues of free speech and the impact of cancel culture in academia. Lukianoff discusses the troubling trends at prestigious universities, where ideological bias butts up against claims of political neutrality, especially highlighted during recent intense protests over the Israel-Hamas conflict. He presents a compelling, data-backed narrative from his latest book, The Canceling of the American Mind , co-authored with Rikki Schlott, revealing how a culture of censorship is stifling discourse and academic freedom. Lukianoff is also known for co-authoring The Coddling of the American Mind with Jonathan Haidt. _____________________________________ The Canceling of the American Mind : The Coddling of the American Mind :",YES,Greg Lukianoff,
7dee8c47e1ee8f5d,956270301,Rational Security,medium,"The ""Mar-a-Lago Thumb Drive Lady"" Edition","A White House official claims more than two dozen denials for security clearances were overturned. Six months after Saudi agents killed journalist Jamal Khashoggi, what has changed in the U.S-Saudi relationship? And oversight committees gear up for the post-Mueller era. Hosted on Acast. See acast.com/privacy for more information.",NO,,
1644bbfd4697e7f3,1721813926,Bad Hasbara - The World's Most Moral Podcast,small,"127: Flip Flop Mode Squad, with Narcy","Matt and Daniel are joined by Canadian rapper and professor Narcy to award AOC supporters the prestigious Fell For It Again Award, to call for an end to rapper-style abbreviations of politicians' names, and to consider the plight of Canadian IDF soldiers too scared to order their usual Teen Burger at root beer-branded meat sandwich purveyor A&W. Please donate to Gaza City Flour Fund: Get All Narcy's links at his bio here: Get your tickets for Bad Hasbara Live in NYC, they're almost sold out! October 10: October 11: Standup Comedy October 13 with Matt Lieb, Francesca Fiorentini and Daniel Maté: See Francesca Fiorentini and Matt Lieb! August 1 in Seattle, WA: August 28 in Houston, TX: Subscribe to the Patreon What’s The Spin playlist: Subscribe/listen to Bad Hasbara",YES,Yassin Alsalman,
e02af894a0f299a7,1574741668,American Prestige,small,Bonus - Homeland Empire and Trump 2.0 w/ Nikhil Pal Singh (Preview),Subscribe now for the full episode. Nikhil Pal Singh joins Danny and Derek to discuss Trump’s second term and the consolidation of executive power. They talk about how Trump’s second term differs from the first; revenge politics and the liberal “lawfare” frame; mass deportation and the war on migrants; “domains of rightlessness” and undocumented people as a lever to expand state power; the imperial presidency and unitary executive theory; how the carceral state and the war on terror laid the groundwork for Trump 2.0; the breakdown of postwar liberal anti-fascist constraints and the collapse of the Nazi taboo; and China and spheres of influence. Read Nikhil’s essay “Homeland Empire.” Learn more about your ad choices. Visit megaphone.fm/adchoices,YES,Nikhil Pal Singh,
4e612d1e7e84d528,1509826894,RealClearPolitics Podcast,medium,The Release of the Hostages,"Andrew Walworth, Tom Bevan and Carl Cannon discuss the release of the hostages from Gaza, President Trump’s address to the Knesset, and the global summit on the future of Gaza held in Egypt today. Then, they talk about Vice President JD Vance’s appearance on ""ABC This Week with George Stephanopoulos,"" where they clashed over questions about Tom Homan and $50,000 in cash that he allegedly took from undercover FBI agents. They also discuss Virginia gubernatorial candidate Abigail Spanberger’s response to questions about trans athletes in women’s locker rooms, and whether that issue will cost her in this November’s election. And, they chat about a House GOP proposal to withhold funds to jurisdictions that celebrate indigenous people’s day instead of Columbus Day, and NY Mayor Eric Adams’ plan to designate two statues of Christopher Columbus as historic monuments in order to keep Zohran Mamdani, if elected, from removing them. Finally, RealClear Defense Editor David Craig joins the guys to discuss the 250th anniversary of the U.S. Navy and the role of naval power in future conflicts. Hosted by Simplecast, an AdsWizz company. See for information about our collection and use of personal data for advertising.",YES,Andrew Walworth; Tom Bevan; Carl Cannon,
6062300dfd43ee57,1767877239,No Gods No Mayors,small,PREVIEW: Nayib Bukele,"This week we’re talking about Salvadoran Pete Campbell and also [no spoilers for Nova’s theory], Nayib Bukele, who you might know from the news as being Comprador Hitler. Municipal meeting minutes include: We talk about the popcorn man finally, a less funny coup as well, EldestSon_finalFINAL.docx, I ❤️ N, my brother Grima Wormtongue, and an end to the nephew killing. Join the Mayoral Benevolent Fund to listen to the whole thing!",NO,,
522711c5cb4fd713,1432118523,The Damage Report with John Iadarola,large,Remembering 9/11,"Remembering 9/11 and how it still affects our country 18 years later. Jose Caballero LIVE on Kamala Harris' VA proposal, and how he managed to get his Dem opponent in the CA-53 primary - a 20-year-Incumbent - to drop out. Evaluating Trump's claims about voter fraud and what is actually threatening our right to vote. AOC renews the impeachment debate, going after Senate Republicans. A referee tried to disqualify a high-school swimmer because of her swimsuit. Cohost: Jayar Jackson Guest: Jose Caballero Hosted on Acast. See acast.com/privacy for more information. Learn more about your ad choices. Visit podcastchoices.com/adchoices",YES,Jayar Jackson; Jose Caballero,
e318462e69099a20,73330715,On the Media,large,"Big Sky, Dark Money","With President Trump's nomination of federal judge Brett Kavanaugh, the Supreme Court will likely be locked up by the political right for a generation. This is in large part thanks to a historic decision made in 2010 by the court’s then-shakier conservative majority: the Citizens United ruling, which fundamentally reshaped the political landscape of the United States by unleashing floods of political spending, particularly in the form of untraceable ""dark money."" For the state of Montana, the post- Citizens United world has brought back old memories: over a century ago, copper kings like William A. Clark used their vast wealth to control the state and buy up political power. In 1912, the state responded by passing one of the first campaign finance laws in the nation, banning corporate political spending entirely. That law was struck down by the Supreme Court in 2012, but Montanans have continued to push back against corporate political spending using other means. A new documentary, Dark Mone y , uses Montana as a microcosm to explain the reality of campaign finance in the United States today. Bob speaks with director Kimberly Reed about the documentary and why she's hopeful that, despite the unbalanced playing field, positive change is possible. On the Media is supported by listeners like you. Support OTM by donating today ( ). Follow our show on Instagram , Bluesky , TikTok and Facebook @onthemedia, and share your thoughts with us by emailing onthemedia@wnyc.org. Hosted by Simplecast, an",YES,Kimberly Reed,
eef9a8e6e2cecc32,1535384390,Ruthless Podcast,large,Deprogramming the Libs,"Hollywood Henn joins the fellas for a discussion of news, culture and sports. Learn more about your ad choices. Visit podcastchoices.com/adchoices",YES,Hollywood Henn,
09cb39c911de3772,1506127536,Making the Argument with Nick Freitas,medium,Can Greenland Break Free from Denmark? The People's Right to Choose Independence in 2026,"With President Trump's push for Greenland heating up, many are asking: Can the people of Greenland actually vote to separate from Denmark and become fully independent? In this episode, we dive into the legal reality, the self-determination rights of Greenlanders, current polls showing strong but cautious support, and what this means amid U.S. pressure. We'll answer: Do Greenlanders have the power to choose their future, or is Denmark holding the final say – and how does this align with conservative values of sovereignty and self-reliance? SPONSOR: Lear Capital The best way to invest in gold and silver is with Lear Capital. Get your FREE Gold and Silver investor guides from Lear Capital. And, receive up to $15,000 in FREE bonus metals with a qualified purchase. ----- It's almost Valentine's Day, and that means coffee mugs with innuendos on them. Grab one or more for your lovely spouse that shows them how you really feel. Scan the QR code, or use the link in the description to order by February 1st, in order for it to get there by Valentine's Day! ----- GET YOUR MERCH HERE: BECOME A MEMBER OF THE IC: Instagram: www.instagram.com/nickjfreitas/ Facebook: Twitter: YouTube: TikTok: Introduction to Greenland's Sovereignty Historical Context of U.S. Interest in Greenland The Legal Ownership of Greenland Self-Determination and Greenland's Political Landscape Strategic Importance of Greenland U.S. and Denmark: A Complex Relationship European Military Presence in Greenland The Future of Greenland: Negotiation or Conflict? Conclusion and Future Considerations",NO,,
3a61e917abdb1667,124960485,"Best of the Left - Leftist Perspectives on Progressive Politics, News, Culture, Economics and Democracy",medium,#1667 Billionaires and Ballots: The Best Democracy Money Can Buy,"Air Date 11/5/2024 There's big money in politics, and then there's 2024. The role and influence of billionaires have taken on new shapes and patterns as the threat of fascism has made itself undeniably known. From the candidate and campaigners to those acquiescing to the mere threat of power, billionaires are everywhere you look at this election season. Be part of the show! Leave us a message or text at 202-999-3991 or email Jay@BestOfTheLeft.com Full Show Notes | Transcript BestOfTheLeft.com/Support (Members Get Bonus Shows + No Ads!) Join our Discord community ! KEY POINTS KP 1: Why Elon Musk Went Full MAGA - Reveal - Air Date 10-30-24 KP 2: Elon Musks War on Workers - 5-4 - Air Date 10-29-24 KP 3: Elon Musk Is SO Bad At This - The Majority Report - Air Date 11-3-24 KP 4: The Trump White Supremacy Festival and Hootenanny - The Muckrake Political Podcast - Air Date 10-29-24 KP 5: Ballots Burn in WA, OR; Billionaire WaPo, LATimes owners 'Obey in Advance - The BradCast - Air Date 10-28-24 KP 6:",NO,,
e177aa4ab046a080,1471411980,American Thought Leaders,small,Here’s How Trump Is Changing the Game in the Middle East: Josh Hammer,"“You can essentially divide the region between two sets of players. You have the, broadly speaking, Western-aligned players, which essentially consist of Israel and the non-Islamist Arab countries—countries like Egypt, Saudi Arabia, UAE—and then, on the other hand, you have the axis of Islamism—of support for Hamas, the Muslim Brotherhood and jihadism. And that, these days, is mostly the Iranian regime of course, Turkey unfortunately under Tayyip Erdogan, and Qatar, Qatar being the lead financier of Hamas and the Muslim Brotherhood,” says Josh Hammer, host of the Newsweek podcast “The Josh Hammer Show” and author of “Israel and Civilization: The Fate of the Jewish Nation and the Destiny of the West.” “Iran is the source of evil in the Middle East. We should be very clear about that,” he says. “This is the world’s No. 1 state sponsor of terrorism. They have been ever since the hostage crisis that formed this horrific regime that ended the Jimmy Carter presidency in 1979.” What does an America First foreign policy look like? How does Trump’s Middle East strategy fit into it? And what about the U.S. relationship with Qatar? “America has always been engaged on the world stage. So the fact that we’re not necessarily going to be going around crusading in the name of spreading liberal democracy does not necessarily mean that we have no interest in the world. We’re America first, but you have to be America smart as well,” says Hammer. Views expressed in this video are opinions of the host and guest and do not necessarily reflect the views of The Epoch Times.",YES,Josh Hammer,
a48fb73b02bb5bca,1050430296,The New Yorker Radio Hour,large,The Novelist Esmeralda Santiago on Learning to Write After a Stroke,"The author Esmeralda Santiago has been writing about Puerto Rico and questions of immigration and identity since the early nineties. But, in 2008, she suffered a stroke that left her unable to decipher words on a page. In the months that followed, she relied on some of the same strategies she’d used to teach herself English after moving to the United States as a young teen-ager—checking out children’s books from the library, for example, to learn basic vocabulary. Santiago’s latest book, “Las Madres,” includes a character named Luz who goes through a similar experience after a traumatic brain injury. “That sense stayed with me long after I was over that situation—that feeling between knowledge and ignorance,” she tells the staff writer Vinson Cunningham . “For me, Luz is almost representative of Puerto Rico itself. We have this very long history that we don’t necessarily have access to. . . . Those of us who live outside of the island, we live the history but we don’t really know it.” Hosted by Simplecast, an AdsWizz company. See pcm.adswizz.com for information about our collection and use of personal data for advertising.",YES,Esmeralda Santiago,
99a0e516dcdbe02a,1495601614,Verdict with Ted Cruz,large,Bonus: Daily Review with Clay and Buck - Oct 21 2025,"Meet my friends, Clay Travis and Buck Sexton! If you love Verdict, the Clay Travis and Buck Sexton Show might also be in your audio wheelhouse. Politics, news analysis, and some pop culture and comedy thrown in too. Here’s a sample episode recapping four takeaways. Give the guys a listen and then follow and subscribe wherever you get your podcasts. It's All Gonna Be Okay Reflections on the ongoing government shutdown, now in its 21st day, framing it as a result of Democratic obstructionism. Clay and Buck also discuss President Donald Trump's $250 million White House ballroom renovation, joking about Clay’s dancing skills and the broader implications of the renovation. A major segment focuses on the broken ceasefire in Gaza, with Buck emphasizing that Hamas remains unchanged and peace is impossible while its leadership remains intact. The hosts also highlight Judge Jeanine Pirro’s defense of Edward “Big Balls,” a man who intervened in a carjacking incident, portraying him as a patriotic hero. The show then shifts to political media, mocking Karine Jean-Pierre’s book and criticizing the broader trend of Biden administration officials publishing memoirs. Clay and Buck argue that these books reveal a lack of awareness or integrity regarding President Biden’s cognitive decline. A significant portion of Hour 1 centers on the heated New York City mayoral race. Curtis Sliwa refuses to drop out despite pressure, which Clay argues will ensure the election of progressive candidate “Mamdani.” The hosts debate whether Andrew Cuomo would be a better alternative and explore the strategic implications for the Republican Party. They suggest that a Momani victory could benefit national GOP efforts by making far-left politics more visible and unpopular in battleground states. The discussion inclu",YES,Clay Travis; Buck Sexton,
ffd8c68d91d11649,1493858530,Hood Politics with Prop,medium,You on Your Own Twin: Prop's Theory on the Epstein of It All,"We never do this, but today Prop is gonna share his conspiracy theory on the Epstein of it all. Follow Hood Politics: Follow Prop: See omnystudio.com/listener for privacy information.",NO,,
7b6461b9fc33fa86,1314368109,The 11th Hour with Ali Velshi,small,Trump defends Pentagon’s request for additional $200 billion,"Trump says he has no plans to commit ground forces to the War in Iran, as he defends the Pentagon’s latest request for an additional $200 billion. Then, The White House lifts sanctions on Iran’s oil exports. Plus, Democrats walk out of a briefing on the Epstein files after Attorney General Pam Bondi refuses to commit to testifying under oath. Luke Broadwater, David Drucker, Nayyera Haq, Barry Ritzholtz, Ron Insana, Julie K. Brown, and McKay Coppins join The 11th Hour this Thursday night. To listen to this show and other MS podcasts without ads, sign up for MS NOW Premium on Apple Podcasts. Hosted by Simplecast, an AdsWizz company. See pcm.adswizz.com for information about our collection and use of personal data for advertising.",YES,Luke Broadwater; David Drucker; Nayyera Haq; Barry Ritzholtz; Ron Insana; Julie K. Brown; McKay Coppins,
de9d227eb05f66b9,1485351658,Bannon`s War Room,large,Episode 3209: Executive Orders And AI,Episode 3209: Executive Orders And AI,NO,,
54f80a456e23e462,1635446643,The Coffee Klatch with Robert Reich,medium,Personal history: When I worked for Bobby Kennedy,"I was an intern in Bobby Kennedy’s Senate office during the summer of 1967. The civil rights movement was still gaining ground, and Kennedy was crusading for economic and political justice. My job that summer had nothing to do civil rights or justice, though. And it required only half a brain. I was in charge of Kennedy’s signature machine. The machine’s pen mechanically scrawled “Robert F. Kennedy” on thousands of photographs and constituent letters each day. I had to make sure the photos and letters were lined up properly so the “Robert F. Kennedy” signature would appear at the right place. Halfway through the summer I was deathly bored — so bored that I started composing mock letters to friends (“Congratulations, Mr. Dworkin, on possessing the largest nose in the entire Hudson Valley. Yours sincerely, Robert F. Kennedy”). One day, though, I was standing in front of an elevator in the Senate office building when it opened to reveal the man himself. Bobby Kennedy stepped out — surrounded by supercharged aides, all of whom were talking to him simultaneously. As Kennedy moved into the corridor, he saw me and took half a step in my direction. “How are ya, Bob? How’s the summer going?” he asked, and gave me a toothy grin. Before I had a chance to respond, he was whisked away. No matter. That he actually knew my name was more than enough to keep me going through the rest of the summer — and for years to come. It doesn’t take much to inspire; sometimes a smile and a hello, and remembering someone’s name will do. It didn’t take much to inspire a twenty-one-year-old in 1967, even if that twenty-one-year-old was spending his time running a signature machine. It was an era when America was moving forward. It didn’t require much to instill values that stayed with that twenty-one-year-old for the rest of his life; interning for Bobby Kennedy was enough. Here’s one of my favorite quotes from Bobby Kennedy: “Too much and",NO,,
d8630188c0b973f8,1467993804,What the Hell Is Going On,small,WTH Will Happen Next in Israel’s Assault on Iran? Haviv Rettig Gur Explains.,"Five days in, Israel’s battle to destroy the Islamic Republic of Iran’s nuclear weapons infrastructure continues. Prime Minister Benjamin Netanyahu and the Israel Defense Forces (IDF) launched the campaign in the wake of a decision by the IAEA Board to censure Iran a resolution declaring that Iran is in breach of its non-proliferation obligations, one day past a Donald Trump imposed deadline of 60 days for Iran to agree to relinquish its uranium enrichment capabilities. Iran has responded with indiscriminate attacks on civilian targets in Israel. Can Israel destroy Iran’s nuclear program? Is that possible without the United States? What role will the United States play? And can the Tehran regime survive? Haviv Gur is a veteran Israeli journalist who serves as Senior Analyst for The Times of Israel. He has covered Israel’s politics, foreign policy and relationship with the Jewish diaspora since 2005. He has reported from over 20 countries and is fluent in Hebrew and English. He served as director of communications for the Jewish Agency for Israel, the country’s largest NGO. He travels around the world educating people on Israel and reporting on timely events and developments in and about Israel as a premiere analyst. Read the transcript here. Subscribe to our Substack here .",YES,Haviv Rettig Gur ,
dc5e7574a8de78e7,791564318,Jacobin Radio,large,The Dig: What's Next for the Colombian Left with Forrest Hylton,"The FARC peace accord is a historic victory for Colombian society. But the struggle to build an urban left strong enough to take on the country's powerful right remains a daunting one. Today's guest is Forrest Hylton, the author of Evil Hour in Colombia. Check out a great article from Forrest here And also Forgotten Peace: Reform, Violence, and the Making of Contemporary Colombia from our supporters at University of California Press",YES, Forrest Hylton,
c9418285babe7b19,1798460240,10 Minute Drill,small,"Trump vs. Elon, the Biggest risk from China, and the Biden tell-all nobody asked for","🎧 In today’s fast-paced episode of the 10 Minute Drill, we break down the biggest political headlines and viral moments you need to know — all in under 10 minutes. Top stories in this episode: On this June 5th episode of the 10 Minute Drill, we dive into three headline-grabbing topics: President Trump vs. Elon Musk on the “Big Beautiful Bill” • Elon Musk’s critique of Trump’s proposal meets White House pushback • Breakdown of the four pillars: tax cuts, welfare reform, immigration, and border security • CBO projections vs. growth assumptions—what you need to know • Medicaid work requirements, improper payments, and why media definitions of “cuts” matter • Why reforms to SNAP, Medicaid, and other safety-net programs might actually save taxpayers trillions New China Threats & Trade Deal Deadline • Countries rushed to submit their “best offers” by Wednesday’s deadline • How India, the EU, and China are positioning before the July 8 tariff pause ends • “Letting the people who unleashed Covid control the global pharmaceutical industry”? Xi and Trump speak this week as China expands its biopharma footprint • China’s alleged production of fentanyl and agroterrorism fungi—what ABC News and Fox reports reveal • The sticking point: mineral exports from China and why it affects every industry The White House “Tell-All” Book You Didn’t Ask For • Karine Jean Pierre’s upcoming book—cleaning up “misinformation” or cashing in? • Controversies around “Cheap Fakes” and the bigger narrative on disinformation • KJP’s dual role: author and current White House Press Secretary—what to watch out for Plus: • Climate grants steering litigation curricula—and why Democrats despise dogecoin • A $20 million Democratic study on young men’s voting habits (Politico exclusive) • How “work requirements” remain one of the most polarizing debates in red tape vs. government expansion Tune in for fast-paced analysis, media mythbusting, and unfiltered takes on the biggest politi",NO,,
8878fefa19b98425,1517313007,The Hugh Hewitt Show: Highly Concentrated,small,The Big Weekend Pod,"Hugh discusses the news of the week with Eli Lake, Matt Continetti, and Ben Domenech. See omnystudio.com/listener for privacy information.",YES,Eli Lake; Matt Continetti; Ben Domenech,
967bfa66f3a621da,387042247,Washington Today,small,"Weekend Edition: Inflation at Three-Year High, Conditions at Immigration & Customs Enforcement Detention Centers, and Changes to the Federal Workforce","In this weekend's episode, three segments from this past week's Washington Journal. First: A discussion with Manhattan Institute's Allison Schrager, about the new inflation numbers hitting a three-year high. Then: ProPublica's Perla Trevizo discusses the conditions at Immigration and Customs Enforcement detention centers across the U.S. Finally: Max Stier of the Partnership for Public Service discusses the Trump administration's changes to the federal workforce. Learn more about your ad choices. Visit megaphone.fm/adchoices",YES,Allison Schrager; Perla Trevizo; Max Stier,
a1c8ffbf0cda1f0a,354628391,Renegade Talk Radio,large,Episode 3555: Democrats And MSM In Full Panic Mode Over Tucker Carlson Documentary,"The War Room with Owen Shroyer However, globalists KNOW their plans are for naught if an awake & informed people stand up for themselves!",YES,Owen Shroyer,
dc5d2bf5ba0a4675,1674095262,The Wright Report,large,06/23/2023: My Journey into the CIA: How A High School Teacher Inspired Me,"Welcome to The Wright Report, your daily news podcast that brings you up to speed on important happenings across America and the world. On today's episode, we delve into three major briefs. First, we look at new corruption allegations against the Biden Justice Department by an IRS Whistleblower, supposedly protecting Hunter Biden. Next, we discuss the controversial $9.2B loan given to Ford Motor Company by the US Government to produce batteries for electric vehicles, despite lacking consumer demand. Lastly, prepare your grills as we explore the US Department of Agriculture's recent approval of lab-grown chicken. As a close, I'll be answering a listener question about my reasons for joining the CIA and how it ties back to my high school teacher.",NO,,
1e0892504e4c267e,1556687660,Candace Owens,medium,Who Will Dems Run In 2024?,"I answer questions about Madonna's sanity, who the Democrats will run for president next, and if I am taking applications for a new assistant. Learn more about your ad choices. Visit podcastchoices.com/adchoices",NO,,
3e74723cd2cb45bb,1535255041,Unf*cking The Republic,medium,Omnibus (07-11-26).,"Max and 99 are back for another round of Omnibus. They hit headlines on the left’s role in silencing Platner’s accusers, the ICE shooting of a Houston father, a parasite outbreak causing explosive diarrhea, and Meta using your Instagram photos to train AI. Then they tackle listener emails on the difference between socialism and social democracy, and creative vision versus collective collaboration. Enjoy! Note: The Meta AI decision was reversed after the time of recording. Details linked below. Chapters Intro: Headlines: Emails: Beyond the Bullshit: Memberships: Outro: Resources Support our friends at Straight White American Jesus PBS: A Mexican father was shot and killed by an ICE officer. His son is demanding an independent probe Chron: Did Houston ICE agents record fatal shooting? Body camera questions remain Rebecca Watson (Skepchick): The Leftists who Mocked Graham Platner’s Victims Wired: Meta Now Lets Anyone Use Your Instagram Photos in AI Images—Unless You Opt Out BBC: Meta pulls new AI image feature after days of backlash Yusuf/Cat Stevens: Father and Son UNFTR Resources Video: These ‘New",NO,,
30b0c44dd8042f7b,1093260018,Slate News,large,What Next - The Next Housing Crisis,"Henry Grabar fills in as host, surveying how the Democratic presidential candidates would try to fix the housing affordability crisis. What kinds of local policies have given rise to the crisis in the first place? Guest: Jenny Schuetz , a fellow at Brookings. Related: Watch Elizabeth Warren explain her plan to boost homeownership among black and brown families . Podcast production by Sam Lee with help from Danielle Hewitt. Slate Plus members get bonus segments and ad-free podcast feeds. Sign up now. Hosted on Acast. See acast.com/privacy for more information.",YES,Henry Graber; Jenny Schuetz,
ca8e8de6d92c85e6,1671451793,Maiden Mother Matriarch with Louise Perry,medium,Catholic Feminism - Dr Abigail Favale | Maiden Mother Matriarch 21,"This is a free preview of a paid episode. To hear more, visit www.louiseperry.co.uk Dr Abigail Favale is a writer and professor in the McGrath Institute for Church Life at the University of Notre Dame. She has an academic background in feminist literary criticism, and now writes and teaches on topics related to women and gender from a Catholic perspective. Abigail most recently authored The Genesis of Gender: A Christian Theory. On the… Hosted on Acast. See acast.com/privacy for more information.",YES,Abigail Favale,
68162eaf5a3edc23,1679657705,Main Justice,small,It’s Five O'Clock Somewhere,"The flood of memos issued by newly minted Attorney General Pam Bondi in her first days was dizzying, so hosts Andrew Weissmann and Mary McCord zero in on several that have significant implications for national security and criminal law enforcement. Next, they give a rundown of litigation happening across the country, as courtrooms become the first defense in challenging some of President Trump’s questionable orders. And last up, Andrew and Mary talk through a few legal battles brewing over sanctuary cities and detail Mary and ICAP’s latest case aiming to protect places of worship as safe havens from immigration enforcement. And btw, the corruption case against New York City Mayor Eric Adams just went poof-- they dissect that too. Further reading: Here is Just Security’s Litigation Tracker: Legal Challenges to Trump Administration Actions. HERE is the DOJ memo dropping the corruption charges against New York City Mayor Eric Adams without prejudice. And here is the statement from the American Bar Association that Andrew and Mary spoke about: The ABA supports the rule of law. Want to listen to this show without ads? Sign up for MSNBC Premium on Apple Podcasts. Sign up for MS NOW Premium on Apple Podcasts to listen to this show and other MS podcasts without ads. You'll also get exclusive bonus content from this and other shows. Hosted by Simplecast, an AdsWizz company. See pcm.adswizz.com for information about our collection and use of personal data",NO,,
16e8b13a30791b16,1551582052,The Lincoln Project,medium,183: The Finer Points of Narrative Warfare with Paul Cobaugh,"Host Reed Galen is joined by Paul Cobaugh (Vice President of Narrative Strategies) to discuss the value (and danger) of effective narratives and how they can be used to exert influence…whether that’s on the battlefield or in the political landscape. Plus, how the GOP went from political party to extremist movement, how this new identity will influence elections in 2022 and 2024, and what is the threat that Donald Trump poses to our nation’s national security? To hear more from Paul Cobaugh be sure to check out his newsletter, TruthAboutThreats.com . If you’d like to connect with The Lincoln Project, send an email to podcast@lincolnproject.us. Learn more about your ad choices. Visit megaphone.fm/adchoices",YES,Paul Cobaugh,
19df50c040f765b4,1535255041,Unf*cking The Republic,medium,Chicago School Teaser Trailer,"In this teaser episode we do a quick recap on why the fuck we're so mad at Milton Friedman and briefly summarize prior episodes that are useful primers on our upcoming blowout episode on The Chicago School of Economics. -- If you like #UNFTR, please leave us a rating and review on Apple Podcasts: unftrpod.com/rate and follow us on Facebook , Twitter and Instagram at @UNFTRpod. Visit us online at unftr.com . Buy yourself some Unf*cking Coffee at shop.unftr.com . Subscribe to Unf*cking The Republic on Substack at unftr.substack.com to get the essays these episode are framed around sent to your inbox every week. Visit our bookshop.org page at bookshop.org/shop/UNFTRpod to find the full UNFTR book list. Access the UNFTR Musicless feed by adding this direct RSS link into your podcast app. Full instructions here . Unf*cking the Republic is produced and engineered by Manny Faces Media , Original music by Tom McGovern . The show is written, hosted and distributed by Max. Podcast art description: Image of the US Constitution ripped in the middle revealing white text on a blue background that says, ‘Unf*cking the Republic.’",NO,,
80e79cf6a340cb89,1155629323,The Reason Roundtable,small,The Shooter's Manifesto Was Uncomfortably Normal,"Plus: Mamdani’s city-run grocery plan, the Trump administration considers a Spirit Airlines bailout, and Iran peace talks drift without a clear endgame",NO,,
0d1d88c1a0b0eb47,1043245989,The Dig,medium,Striketober,"Guest host Gabriel Winant interviews labor journalists Alex Press and Jonah Furman, as well as IATSE member Victor P. Bouzi. Listen to Primer, Alex’s podcast about Amazon patreon.com/primerpodcast Listen to Victor’s podcast WAIT, Why Am I Talking? podcasts.apple.com/us/podcast/wait-why-am-i-talking/id1515308564 Support The Dig at Patreon.com/TheDig",YES, Alex Press; Jonah Furman; Victor P. Bouzi,
8bd48296f6f978a6,1715894000,Trump's Terms,medium,Manhattan D.A. suggests postponing Trump's sentence until he's out of office,"For this episode of Trump's Trials , All Things Considered host Juana Summers speaks with NPR reporter Ximena Bustillo. Manhattan judge Juan Marchand is struggling with the question of what to do with the criminal conviction against President-elect Donald Trump. With Trump headed back to the White House, his lawyers are asking Marchand to throw out the case. But in a letter to the court on Tuesday, Manhattan D.A. Alvin Bragg seems to be suggesting the court should wait until Trump's second term is over to sentence him. Follow the show on Apple Podcasts or Spotify for new episodes each Saturday. Sign up for sponsor-free episodes and support NPR's political journalism at plus.npr.org/trumpstrials . Email the show at trumpstrials@npr.org . See pcm.adswizz.com for information about our collection and use of personal data for sponsorship and to manage your podcast sponsorship preferences. NPR Privacy Policy",YES,Ximena Bustillo,
2ee5b8f18bb7c305,1364113251,The Beat with Ari Melber,large,Biden warns about threats to democracy in new speech,"MSNBC’s Ari Melber hosts “The Beat” on Thursday, September 28, and reports on President Biden, District Attorney Fani Willis, Amazon’s antitrust lawsuit and Donald Trump. Sara Morrison and Howard Dean join. To listen to this show and other MS podcasts without ads, sign up for MS NOW Premium on Apple Podcasts. Hosted by Simplecast, an AdsWizz company. See for information about our collection and use of personal data for advertising.",YES,Sara Morrison; Howard Dean,
3960f324d25cb163,1050430296,The New Yorker Radio Hour,large,"Aimee Mann Live, with Atul Gawande","Aimee Mann, the celebrated Los Angeles singer and songwriter, recently released an album called “Queens of the Summer Hotel.” The album was inspired in part by Susanna Kaysen’s best-selling memoir “Girl, Interrupted,” about Kaysen’s time in a psychiatric hospital. Mann sat down with Atul Gawande at The New Yorker Festival to talk about the new album, the lessons of living through a pandemic , and how liberated she felt when she broke her ties with major record labels. “When you’re at a record label and you’re trying to ascertain whether something can be a hit or a single, you listen in a different way—and then everything sounds like garbage,” she said. Mann decided that she didn’t “want to keep baring my soul to people who hate everything I’m doing.” Hosted by Simplecast, an AdsWizz company. See pcm.adswizz.com for information about our collection and use of personal data for advertising.",YES,Aimee Mann; Atul Gawande,
13acd90ae347c117,1871628261,The Harry Sisson Show,large,BREAKING: Marjorie Drops MAJOR BOMBSHELL On Trump,Harry Sisson breaks down Marjorie Taylor Greene's newest statement about her future in Donald Trump's Republican Party...,NO,,
3c54180979d748ae,1509826894,RealClearPolitics Podcast,medium,The Weaponization of the Justice Department,"Andrew Walworth, Tom Bevan and Carl Cannon discuss Senator Rand Paul (R-KY) and his quest to indict former National Institute for Allergy and Infectious Diseases director Anthony Fauci for alleged wrongful Senate testimony concerning gain-of-function research for the COVID-19 virus. Then, they talk about former President Barack Obama speaking to Stephen Colbert about the weaponization of the Justice Department, and Louise Lucas, the powerful Chair of the Virginia State Senate Finance Committee, who is the subject of a federal investigation for corruption involving her cannabis business. Next, Fox News Host Dana Perino joins the guys to discuss her new novel ""Purple State"" and whether Americans can find romance and friendship across party lines. And finally, they discuss last night’s mayoral debate in Los Angeles featuring incumbent mayor Karen Bass, Democratic city council member Nithya Raman and former realty star Spencer Pratt. Hosted by Simplecast, an AdsWizz company. See for information about our collection and use of personal data for advertising.",YES,Andrew Walworth; Tom Bevan; Carl Cannon,
a1a6ee2fa7e6d51e,1112258664,Russian Roulette,small,Of The Dawn of a New Era in Arms Control?:  Extending the New Start Treaty - Russian Roulette Episode 109,"In this episode of Russian Roulette, Heather sits down Rebecca Hersman, Director of the Project on Nuclear Issues (or PONI), and Senior Adviser, International Security Program at CSIS, and Dmitry Stefanovich, Research Fellow at the Center for International Security, Primakov Institute of World Economy and International Relations (IMEMO RAS) in Moscow. They discuss the reasons why the Biden and Putin administrations are extending the last remaining U.S.-Russian arms control agreement, the New START treaty; the treaty’s importance; and the prospects for addressing new weapon systems and capabilities in a future agreement. The New START Treaty is also discussed as a pillar of a future, global and multilateral arms control and nuclear nonproliferation negotiating framework. You can find Rebecca’s bio here: and follow her on Twitter: @rebeccahersman Dmitry’s bio: and Twitter handle: @KomissarWhipla Stay safe and healthy.",YES,Rebecca Hersman; Dmitry Stefanovich,
4d2fa4d2f630e557,1548554104,Volts,medium,The cybersecurity implications of a clean-energy grid,"In this episode, I speak with Harry Krejsa of Carnegie Mellon about why cybersecurity experts and clean energy advocates need to work together. Drawing from his White House experience, Krejsa explains how a modernized clean energy grid could actually help defend against China's cyberthreats — for the benefit of both peaceniks and natsec hawks. This is a public episode. If you'd like to discuss this with other subscribers or get access to bonus episodes, visit www.volts.wtf/subscribe",YES,Harry Krejsa,
98fe95e841fcd272,1594728054,The Great America Show,large,"The Great America Sunday Show: April 19, 2026","Congressmen are getting a huge wake up call with some bad news! It seems the sexual harassment from members may finally be coming to an end! With Eric Swalwell and Tony Gonzales resigning this week, it should serve as a warning that you will be exposed if you commit these acts! And a marxist dem in the senate seems to be tied into this whole thing, we'll tell you who it is! Sponsor: My Pillow Www.MyPillow.com/john See Privacy Policy at and California Privacy Notice at .",NO,,
cc195cb7c8a1e62a,1253076699,The Michael Berry Show,large,"AM Show Hr 3 | CNN’s Double Standard, Trump for Nobel, and Galveston’s Market Drop",See omnystudio.com/listener for privacy information.,NO,,
dfd4f39112ed33a9,1599891719,Seattle Nice,small,"Seattle Nice Live! Street prostitution, crime and drugs on Aurora Ave","Street prostitution, crime and drugs on Aurora Ave are among the topics for this special live edition of Seattle Nice. This episode was taped Thursday May 2nd at the Haller Lake Community Club. Book Seattle Nice Live! for your next neighborhood or other event. Please email us at realseattlenice@gmail.com. Quinn Waller is our editor. Send us a text! Note that we can only respond directly to emails realseattlenice@gmail.com Support the show Your support on Patreon helps pay for editing, production, live events and the unique, hard-hitting local journalism and commentary you hear weekly on Seattle Nice.",NO,,
f82a5b8a7ee0c32a,1192761536,Pod Save America,large,Why Democrats Must Oppose Trump's Iran War,"The Trump administration struggles to justify its new war with Iran, while Democrats struggle to effectively explain why Americans should oppose it. Jon, Tommy, and Lovett react to Trump's first live remarks following the killing of six American soldiers and dissect the administration's conflicting comments about the war's rationale, objectives, and timeline. Then, they discuss how Democrats are talking about it, why not even all of MAGA is on board, the Department of War declaring Anthropic a ""supply chain risk,"" and the Ellison family's impending takeover of CNN. Then, Lovett talks to Senator Ruben Gallego about Iran and the Democratic Party's Senate primaries in Maine and Texas. For a closed-captioned version of this episode, click here . For a transcript of this episode, please email transcripts@crooked.com and include the name of the podcast.",YES,Ruben Gallego,
8033caac7b5966fe,1767877239,No Gods No Mayors,small,PREVIEW: Hiram Gill,"After a brief jaunt into the exciting world of Mayor4Mayor Power Gap Relationships, Mayor November takes us to early 20th-century Seattle to talk about one of the world's slipperiest men, Hiram Gill. What is WAPPY? You'll have to listen to find out. Also we get weirdly nostalgic about the never-attempted 1917 American Communist Revolution. Listen to the whole thing on the Patreon !",NO,,
da61acd494c38d81,1509826894,RealClearPolitics Podcast,medium,The Politics And Faith Of Pope Francis,"Andrew Walworth, Tom Bevan, and Carl Cannon discuss the political legacy of Pope Francis, who died today at the age of 88. They also talk about today’s visit to El Salvador by four Democratic members of Congress, and the Supreme Court’s decision this weekend to block the Trump Administrations’ deportation efforts. Next, they discuss new reporting that Defense Secretary Pete Hegseth conducted a second group chat on recent Yemeni airstrikes, this one including his wife and brother. Plus, this weekend’s demonstrations in London in reaction to a court decision that the word “woman"" refers to biology, not gender. Then finally, Maggie Miller of RealClear Investigations talks to journalist Joel Kotkin about his latest two-part article on the state of California’s politics, economics and climate policy. Hosted by Simplecast, an AdsWizz company. See for information about our collection and use of personal data for advertising.",YES,Andrew Walworth; Tom Beva; Carl Cannon; Maggie Miller; Joel Kotkin,
e48dac5216e14798,1471411980,American Thought Leaders,small,The Woke Movement Has Peaked. What’s Next? | Andrew Doyle,"Have we reached the end of “woke”? Comedian and writer Andrew Doyle thinks yes. But he believes new forms of what he calls the “authoritarianism impulse” will follow. He’s the author of “The End of Woke: How the Culture War Went Too Far and What to Expect from the Counter-Revolution.” Doyle is the creator of Titania McGrath, a fictional ultra-woke activist whose X account became hugely popular and currently has over 700K followers. Doyle has also published satirical books under Titania’s name, including “My First Little Book of Intersectional Activism.” In our conversation, we dive into the many ways woke ideology has transformed Western societies and explore growing restrictions on hate speech in Europe. In the United Kingdom, dozens of people are arrested for speech-related offenses every day, Doyle says. Views expressed in this video are opinions of the host and the guest, and do not necessarily reflect the views of The Epoch Times.",YES,Andrew Doyle,
d5aa23ddc9d24699,1155629323,The Reason Roundtable,small,What the Media Didn't Tell You in 2025,"The Reason editors examine the most underreported stories of 2025 across politics, economics, global affairs, and culture.",NO,,
06e714e56af1fbdc,1702202187,Perino on Politics,small,Is The Call Coming From Inside The House?,"Fox News contributor, Outkick columnist, and host of the Getting Hammered podcast, Mary Katharine Ham shares how charismatic democratic socialists are successfully unseating establishment Democrats and why this far-left surge presents a massive national risk for the Democratic Party. With the 250th birthday of America on the horizon, Mary Katharine shares practical advice for parents on using historic sites and local landmarks to foster national pride and historical literacy in their children. Uphill Battle: Mary Katharine discusses how parents are facing a battle against excessive classroom screen time as teachers' unions are attempting to secure funding to combat a tech-overload crisis. Learn more about your ad choices. Visit podcastchoices.com/adchoices",YES,Mary Katharine Ham ,
61201dc2cf5207ca,1258635512,Radio Atlantic,medium,"""He Doesn't Understand War""","Ruben Gallego says President Trump doesn’t understand war, but the situation with Iran could soon escalate to one. Gallego is a progressive congressman from Arizona and a combat veteran who served in Iraq — stationed at one point at one of the bases struck by Iranian missiles this week. He discusses his experience of war, his insights on the developing crisis, and what he worries about most. Learn more about your ad choices. Visit megaphone.fm/adchoices",YES,Ruben Gallego,
846da420fffa8819,1794450472,Bulwark Takes,medium,LIVE: State of the Union Coverage From the Bulwark (W/ Pete Buttigieg),"Join Sam Stein, Tim Miller, Andrew Egger Joe Perticone, and more for real-time reaction and analysis as President Trump delivers his State of the Union address. One more thing: special guest Pete Buttigieg will join the panel after the address.",YES,Sam Stein; Tim Miller; Andrew Egger Joe Perticone; Pete Buttigieg,
2420a9e4e0d5fa92,1485351658,Bannon`s War Room,large,WarRoom Battleground EP 581: Kamala's Continued Efforts To Increase Migration,WarRoom Battleground EP 581: Kamala's Continued Efforts To Increase Migration,NO,,
9fd8786d045a6c69,1623855270,The Foreign Affairs Interview,small,The Crack-Up of American Democracy: A Conversation With Mariano-Florentino Cuéllar,"If one thing can be said to characterize the first months of Donald Trump’s second term, it is his expansive and often norm-breaking use of presidential power, both abroad and at home. There are the lethal strikes on boats alleged to be smuggling drugs; the range of tariffs he’s imposed; the way he’s gone after enemies, withheld funds, and restructured the federal workforce; the list could go on. Trump has disregarded constraint after constraint on the power of the executive, and many of the forces expected to check that power—in the courts, in Congress, in the private sector or media—have shown little ability or willingness to do so. In the early weeks of Trump’s second term, Mariano-Florentino Cuéllar wrote an essay in Foreign Affairs called “How to Survive a Constitutional Crisis.” Cuéllar, a former justice on the California Supreme Court who now serves as president of the Carnegie Endowment for International Peace, looked at Trump’s early moves and tried to lay out a framework for understanding which of them represented just radical shifts in policy, and which of them posed a threat to the very foundations of the American system. Cuéllar believes that the country’s courts, its system of federalism, and its independent media can still provide meaningful checks on presidential power. But time is of the essence, he warns, before these pillars of American democracy could start to crack. You can find sources, transcripts, and more episodes of The Foreign Affairs Interview at .",YES,Mariano-Florentino Cu�llar,
e1aa0fa083aa75d3,268213039,The Political Scene | The New Yorker,small,"The History Wars and America at 250, with the Historian Jill Lepore","The two-hundred-and-fiftieth anniversary of the Declaration of Independence arrives during intense disputes about American history, as the Trump Administration demands a more glorifying view of the nation’s past at federally run historical sites and in federally funded projects. The staff writer Jill Lepore (who won the Pulitzer Prize in History this month for her book “We the People: A History of the U.S. Constitution”) guest-hosts a special episode of The New Yorker Radio Hour about this fraught moment, reflecting on the responsibility of academic historians to shape the public debate. She compares our moment with the bicentennial—which fell in the wake of the Vietnam War and the scandals of Richard Nixon’s Presidency—in a conversation with the Yale historian Beverly Gage. Lepore looks at the nature of the country’s war over history with Jelani Cobb, the dean of Columbia Journalism School and a staff writer at The New Yorker. They discuss the Donald Trump-approved “Freedom 250” projection on the Washington Monument, and talk about how Americans can meaningfully participate in the semiquincentennial. If “we’re sitting around waiting for the occupant of the White House to tell us what American history means,” Lepore says, “you just kind of want to walk into traffic.” Further reading: America at 250, a special issue of The New Yorker “Was the Declaration of Independence Better Before the Edits?,” by Jill Lepore “Scandal, Protest, Goofiness, and Grandeur at the U.S. Bicentennial,” by Jill Lepore “Two Hundred and Fifty Years of Complicated Commemorations,” by Jelani Cobb “This Land Is Your Land: A Road Trip Through U.S. History,” by Beverly Gage See the Washington Roundtable live at 92NY on June 4th. The Political Scene draws on the reporting and analysis found in The New Yorker for lively conversations about the big questions in American politics. Join the magazine’s writers and editors as they put into context the latest news—about elections, the economy,",YES,Jill Lepore,
7ec1f0cabce06049,1877144831,Paul Krugman Podcast,small,Losing the World's Respect,"Transcript All around the world, big, strong men with tears in their eyes are coming up to Donald Trump and saying, “Sir, you’re a loser.” Hi, I’m Paul Krugman. A brief update on something that has palpably changed in the world in the last few days. As regular watchers of Donald Trump and regular readers of mine know, Trump has a thing about insisting that people treat him with immense respect — the big strong men with tears in their eyes thing, “Sir” stories. And in particular about believing that the world despised America under Joe Biden and respects it now under his leadership, which was never true either in the first part or the second. But it is true that until quite recently, many people in the world at least felt obliged to pretend to respect Trump, felt obliged to flatter him, to stifle the negative feelings that they were having about the course of the United States under current management. And maybe Trump actually took these kind of coerced professions of respect as reality. But in the last few days, suddenly the masks are off. Volodymyr Zelensky just yesterday tweeted out a part of an interview that he gave in which he said, among other things, “In my view, Russia played the Americans again.” So it was just saying, basically, that Trump is working with the Russians, which obviously he’s known and has surely thought for a long, long time. But to say it that openly is something new. Zelensky — not a big strong man — but Zelensky is a tough guy. Keir Starmer, Prime Minister of Britain is, alas, not. But also Starmer just in a statement said that we’re tired of a world in which, I’ll quote, “bills go up or down on energy because of the actions of Putin or Trump.” Equivalence, Trump and Putin in the same sentence, in the same breath, that’s pretty stiff stuff. And Starmer has been notable in trying to preserve the special relationship, avoid offending Trump, trying to make him get a few p",NO,,
3e40b45e1120f62d,1535255041,Unf*cking The Republic,medium,"Peak Oil: It's a Crude, Crude World.","Oil is everywhere. It’s all around us. It’s in everything and it makes the world go around. The Energy Information Administration (EIA) projects that renewable energy will comprise 27% of the world’s energy production by 2050, all things being equal. Pretty great, right? Not really. Based upon population and economic growth trends, the EIA also predicts that the use of liquid fuels will continue to increase over the same period. So as much as we think we might be getting ahead, we’re really not. But there’s another side of oil that most people rarely think about and that’s its value as a currency. Yes, a currency. We tie in good ol’ Milton Friedman again to discuss how trading this ubiquitous fuel went from commodity to casino, making it more difficult to break this habit than one might imagine. Chapters Intro: Prologue: Chapter 1: Chapter 2: Oil Rundown: Skit: Chapter 3: Chapter 4: Chapter 5: Show Notes: Book Love: Pod Love: Emails + Shout Outs: Outro: Resources World Population Review: Richest African Countries 2022 Trading Economics: Corruption Rank by Country | Africa Worldometer: Equatorial Guinea Oil Democracy Now!: African Dictatorships and Double Standards U.S. Energy Information Administration:",YES,Milton Friedman,
151f8cd22ac9c732,1721813926,Bad Hasbara - The World's Most Moral Podcast,small,"178: Canary Missin', with Dr. Butch Ware","Matt and Daniel are joined by California Green Party Gubernatorial Candidate Dr. Butch Ware to speed through Norm Finkelstein’s promise to bring a campfire’s worth of smoke to Dersh and Epstein, each of their individual honors in the field of supposed anti-semitism, and expressions of at least two of the pillars of hip hop. Please donate to Gaza Great Minds: Butch Ware: Revolutionary Rally, Butch Ware for Cali: New Bad Hasbara Merch: Subscribe to the Patreon What’s The Spin playlist: Skad Skasbarska playlist: Subscribe/listen to Bad Hasbara wherever you get your podcasts. Spotify Apple Podcasts Support this podcast at — Privacy & Opt-Out:",YES,Butch Ware,
f682e1c327e82a1a,1767877239,No Gods No Mayors,small,PREVIEW: Kwame Kilpatrick with Joe Kassabian,"Greetings, local residents! We’re joined this week by Lions Lead by Donkeys' and Detroiter Joe Kassabian, to talk about actual mayor and area man Kwame Kilpatrick. Head on over to the Patreon to hear the full ep. And if you're in Chicago or Minneapolis, come see Mattie on tour!",YES,Joe Kassabian,
4396323974c844b9,929121341,Louder with Crowder,large,Line of Sight: Leftist Media Tries to Bury Donald Trump Assassination Attempt | GUEST: Scott Presler,"Details emerge surrounding the latest assassination attempt on President Donald Trump following a Secret Service press conference yesterday, Hillary Clinton joined the mainstream media in downplaying the event, leftists are politicizing the passing of Georgia mother Amber Nicole Thurman due to abortion complications, they say the ""Trump abortion ban"" enabled her death, we've got the truth, National Review Editor in Chief Rich Lowry apparently said the N word with a hard R in what appears to have been a Freudian slip, which brings to mind a Congresswoman Stacey Plaskett classic, Barstool Sports Founder Dave Portnoy is pleading for Floridians to legalize marijuana, the King of Voter Registration Scott Presler joins the show, and much more! GUEST: Scott Presler | Josh Firestine $50 OFF 4-WEEK KIT / www.PrepWithCrowder.com SOURCES: Join MugClub to watch this show every day! NEW MERCH! Subscribe to my podcast: FOLLOW ME: Website: Twitter: Instagram:",YES,Scott Presler,
81ec2f1a4e3c9d72,1636762428,Dad Saves America,small,Christina Hoff Sommers: Schools Are Hostile to Boys' Instincts,"I sat down with Christina Hoff Sommers, feminist philosopher and author of “The War Against Boys ,” to discuss the growing struggles of boys in a culture increasingly dictated by a toxic strain of Marxist feminism. Christina explains how, now that institutional barriers to female opportunity have all but disappeared, the feminist movement has become dominated by a faction that sees the world as a zero-sum game and therefore is fundamentally opposed to the flourishing of boys and men. Schools, in particular, systematically neglect boys and pathologize their natural instincts, while elevating the psychological and behavioral tendencies of girls as inherently morally superior. Christina breaks down how this imbalance is shaping a generation of young men who are falling behind not only relative to their female peers but also in absolute historic terms. _____________________________________ Follow Christina on X (formerly Twitter): _____________________________________ Outline: [ ] What is femininity? [ ] Boys and girls play differently [ ] School is designed for girls [ ] Classroom bias pushes boys away [ ] Protect your sons from ideologues [ ] Men and women have different disadvantages [ ] Social media, stoicism, and trauma [ ] Equality feminism vs gender feminism [ ] “Liberating” women from womanhood [ ] Can young men and women reunite? [ ] Marxist and Islamist influences in activism [ ] Reasons to hope for America _____________________________________ Watch the video version on YouTube: Make a tax-deductible donation to Dad Saves America:",YES,Christina Hoff Sommers,
5997f06b93c8e0e2,1843478428,Owen Report,small,Trump's Attempt To Close The Strait Of Hormuz Baffles And Angers International Community,,NO,,
f182669758f03c60,1568505052,MOATS with George Galloway,medium,The Curse of Zelensky |  German Elections 2025,"Tomorrow does not belong to Scholz. MOATS led the redemption of Gonzalo Lira. In Lebanon they haven't gone away you know! Starmer doubles down on feud with Putin and Trump. It's Green again for Germany's traffic light coalition. Backing Zelensky and the war. Germany will continue to drift as it has for two decades, says George Szamuely. He joins Moats to dissect the polls and the political landscape in Europe as Musk, Trump and Vance embarrass the European political elite. Garland Nixon brings his take on JD Vance in Munich, Bernie Sanders calling for war with Russia and President Donald Trumps foreign policy . George Szamuely: Senior Research Fellow at the Global Policy Institute and Author of Bomb’s for Peace: NATO’s Humanitarian War on Yugoslavia - Twitter: - Facebook: - YouTube: - Rumble: @The Gaggle with Peter and George - The Gaggle: Garland Nixon: Radio Talk Show Host and Political Analyst - Twitter: - Facebook: -Instagram: -YouTube: -Rumble: @garlandnixon -Rofkin: -TikTok:",YES,George Szamuely; Garland Nixon,
931d7557969b42a6,1592116227,The Breitbart News Daily Podcast,large,"RINO Caucus Strikes Again with Gun Control; Guest Ken Klukowski on SCOTUS, Dobbs, and 2A","We begin today by breaking down the latest effort by the Republican Party to sell out their own voter base by compromising with the Democrats on gun controls, particularly a proposed massive expansion of subjectively applied ""Red Flag Laws."" They want a federal fund that will inevitably be used to harass law abiding citizens. This is really bad news and we break it all down. Next up for the RINO caucus? Amnesty! Not a joke! There is good news though: Kellogg's has announced they are going to have to break up. I recall Breitbart's efforts to boycott the woke food brand six years ago; since then their stocks have been flat, if not down, and they are finally throwing in the towel. We touch on election night results, January 6th hearing nonsense, China capitalizing on Biden's weakness (i.e. falling off a bike), more pain for woke Disney, and Merrick Garland and Derek Zoolander going to Ukraine. Plus, much more in the opening of the show. Our guest today is fan-favorite and Breitbart News legal contributor Ken Klukowski. Ken recaps a big victory for religious liberty delivered this week by the Supreme Court, he lays out the stakes of the forthcoming ""Dobbs"" abortion decision, and then he analyzes if the current proposed gun controls will stand up to scrutiny, constitutionally speaking. You won't want to miss his answer. And then we have our call of the day. Hosted by Simplecast, an AdsWizz company. See pcm.adswizz.com for information about our collection and use of personal data for advertising.",YES, Ken Klukowski,
16ef5ed0f1645e93,1614844654,Week In Review,small,"Bowen Turner, Colucci Retrial, Palestine Protesters & more - LIVE Month in Review April 2024",,NO,,
d0024feca2ecb615,1730358737,Letters from an American,large,12-Apr-24,Get full access to Letters from an American at heathercoxrichardson.substack.com/subscribe,NO,,
0709c0b056c6accf,1432118523,The Damage Report with John Iadarola,large,Iran: Infinity War,The Trump team can’t get their stories straight on the war in Iran. Trump is pushing back against MAGA criticism as new polling shows Americans are not supportive of this war. Lauren Boebert embarrasses herself while the Clintons testify about Epstein. We look at the final polling ahead of tonight's Texas primary election. Ted Cruz wants more tax cuts for the rich. Host: John Iadarola (@johniadarola) ***** SUBSCRIBE on YOUTUBE TIKTOK ☞ INSTAGRAM ☞ TWITTER ☞ FACEBOOK ☞ 👕 MERCH ☞ Learn more about your ad choices. Visit podcastchoices.com/adchoices,NO,,
86600be472b12053,268213039,The Political Scene | The New Yorker,small,Will J. D. Vance Inherit MAGA?,"The Washington Roundtable discusses Vice-President J. D. Vance’s week on the world stage: stumping for the Kremlin-aligned Hungarian autocrat Viktor Orbán and being tasked with leading American negotiations in Pakistan to resolve the war with Iran, a conflict he reportedly opposed. The panel explores the events and people that shaped Vance, and how his political evolution toward MAGA may not be enough to make him the Republican Presidential nominee in 2028. “Anyone who comes after Trump is going to have a really hard time inheriting a cult of personality and turning that back into a party,” the staff writer Susan B. Glasser says. Vance is “not this kind of charismatic movement leader.” This week’s reading: “The Costs of Trump’s Iran-War Folly,” by Susan B. Glasser “Trump’s Strategic and Moral Failure in Iran,” by David Remnick “The Global Stakes of Hungary’s Pivotal Election,” by Kapil Komireddi “A U.S.-Iran Ceasefire Is Here, but Trump’s Stone Age Mentality Endures,” by Ishaan Tharoor “How the Internet Fringe Infiltrated Republican Politics,” by Antonia Hitchens “Israel’s War in Lebanon Has Not Stopped,” by Isaac Chotiner “An Economist’s Quest to Solve America’s Wage Problem,” by John Cassidy The Political Scene draws on the reporting and analysis found in The New Yorker for lively conversations about the big questions in American politics. Join the magazine’s writers and editors as they put into context the latest news—about elections, the economy, the White House, the Supreme Court, and much more. New episodes are available three times a week. Tune in to The Political Scene wherever you get your podcasts. Learn more about your ad choices. Visit podcastchoices.com/adchoices",NO,,
db3343ac50df5dc9,1253076699,The Michael Berry Show,large,PM Show Hr 2 |  Oath keepers Founder Stuart Rhodes on HIs Jan. 6 Incarceration,See omnystudio.com/listener for privacy information.,,,
b4ad086d0743c914,1788738240,It’s That Part,small,Mind-Body Connection: Holistic Approaches to Wellness,"Discover the powerful link between mental and physical health in this transformative episode. Learn how holistic practices like yoga, tai chi, and mindfulness improve overall wellness, reduce stress, and promote longevity. We’ll also explore how Phix can enhance both mental clarity and physical vitality.",NO,,
f568ff5827316dee,1743030473,The Rest Is Politics: US,small,"95. Trump, Iran & The Ceasefire Collapse: What Happens Now?","Has Trump’s ceasefire between Iran and Israel collapsed before it even began? Could Iran really shut down the world’s most critical oil corridor? And, is Trump quietly pushing for regime change in Tehran, despite his team’s denials? Join Katty Kay and Anthony Scaramucci as they answer all this and more. Become a Founding Member Support the podcast, enjoy ad-free listening, gain exclusive access to our mini-series, and get a bonus members-only Q&A episode every week! Just head to ⁠⁠⁠ to sign up today. Instagram: ⁠⁠@RestPoliticsUS⁠⁠ Twitter: ⁠⁠@RestPoliticsUS⁠⁠ Email: ⁠⁠therestispoliticsus@goalhanger.com⁠⁠ Assistant Producer: India Dunkley Producer: Fiona Douglas Video Editor: Kieron Leslie + Adam Thornton Social Producer: Charlie Johnson + Celine Charles Senior Producer: Dom Johnson Head of Content: Tom Whiter Head of Digital: Sam Oakley Exec Producers: Tony Pastor, Jack Davenport Learn more about your ad choices. Visit podcastchoices.com/adchoices",YES,Katty Kay; Anthony Scaramucci,
05789ed5ed0314b5,1877144831,Paul Krugman Podcast,small,Let’s Do Lunch!,Get full access to Paul Krugman at paulkrugman.substack.com/subscribe,NO,,
6486c34d85fff4b3,983782306,Federalist Radio Hour,large,"You're Wrong' With Mollie Hemingway And David Harsanyi, Ep. 147: The First 100 Days","Join Washington Examiner Senior Writer David Harsanyi and Federalist Editor-In-Chief Mollie Hemingway as they review the late David Horowitz's journey to conservatism, discuss how President Donald Trump's first 100 days have set the tone for his second administration, debate the definition of ""free market,"" and analyze how the U.S. Food and Drug Administration will react to new data showing the abortion pill is more dangerous than previously known. David and Mollie also share their thoughts on the White House Correspondents' Association dinner, The Apprentice , and Tulsa King . If you care about combating the corrupt media that continue to inflict devastating damage, please give a gift to help The Federalist do the real journalism America needs.",YES,Mollie Hemingway; David Harsanyi,
2c60cdd63a7bc705,1258635512,Radio Atlantic,medium,Howie Hawkins,"In 2016, the Green Party won more votes in Pennsylvania, Michigan, and Wisconsin than Donald Trump’s margins for victory. As a result, many Democrats blamed the progressive party for Clinton’s electoral college loss and have worked this year to keep the party from competing in key states. Following Democrats’ challenges over paperwork issues, courts in Wisconsin and Pennsylvania removed Green Party names from presidential ballots this week. Howie Hawkins, the Green Party’s nominee for president and a co-founder of the party, joins Isaac Dovere to discuss his candidacy. Is the Green Party being used as a spoiler? What does he make of Kanye West’s presidential campaign? And does he fear his party may again face accusations that they put Donald Trump in the White House? Support this show and all of The Atlantic’s journalism by becoming a subscriber at: theatlantic.com/supportus Learn more about your ad choices. Visit megaphone.fm/adchoices",NO,,
1f82854d329fa6db,1715894000,Trump's Terms,medium,How the Trump administration is using influencers to justify its immigration policies,A recent surge in federal agents and Trump-friendly social media influencers to Minnesota is part of a White House communication strategy that emphasizes online content to influence policy. Support NPR and hear every episode of Trump's Terms sponsor-free with NPR+. Sign up at plus.npr.org . See pcm.adswizz.com for information about our collection and use of personal data for sponsorship and to manage your podcast sponsorship preferences. NPR Privacy Policy,NO,,
dffc76db01ffeeb0,124960485,"Best of the Left - Leftist Perspectives on Progressive Politics, News, Culture, Economics and Democracy",medium,"#1732 It's Never Just About the Kids (Online Censorship, Age Verification, and the Project 2025 Agenda)","Air Date 8/24/2025 The nature of politics and public policy is that there's always a need to balance opposing interests. Almost nowhere is there a more intractable set of opposing interests than in the attempt to protect children from harmful content on the internet while maintaining free access to adults, particularly because people wildly disagree about what qualifies as harmful and what degree of privacy invasion is an acceptable tradeoff. Be part of the show! Leave us a message or text at 202-999-3991, message us on Signal at the handle bestoftheleft.01, or email Jay@BestOfTheLeft.com Full Show Notes Check out our new show, SOLVED! on YouTube ! BestOfTheLeft.com/Support (Members Get Bonus Shows + No Ads!) Join our Discord community ! KEY POINTS KP 1: Age Verification Will Kill Free Speech Online - Taylor Lorenz - Air Date 6-6-25 KP 2: Can the UK Child-proof the Internet? - Front Burner - Air Date 7-31-25 KP 3: Social Media Is Making Us Self-Censor - The Bitchuation Room (with Francesca Fiorentini) - Air Date 8-14-25 KP 4: Republicans Want to Redefine 'Obscenity' - Here's Why That Should TERRIFY You - What A Day - Air Day 5-17-25",NO,,
035ad0afabe74cce,1155629323,The Reason Roundtable,small,MAGA Is Wrong About AI. Trump Is Right.,"Plus: a weak jobs report and Trump’s economic record, New College of Florida weighing privatization after its clash with DeSantis, and the DOJ pushes to block transgender Americans from gun ownership",NO,,
a172dbc261edeb18,1573813504,The Smerconish Podcast,large,Morning Light or Sunset Glow: The Daylight Saving Dilemma,"Do you want more daylight in the morning or in the evening? Michael dives into the deceptively simple question behind today’s smerconish.com poll — unpacking the history, science, and strong opinions surrounding daylight saving time. Plus, he recaps recent poll results, from AI fears to anthem preferences, and explains why the daylight debate never seems to end. Listen here and then vote at smerconish.com. Hosted by Simplecast, an AdsWizz company. See for information about our collection and use of personal data for advertising.",NO,,
c0dbe4d35279fe8b,1722246285,The Breakdown,large,Jim Acosta,,NO,,
e743c88a26a3a05c,1303660358,The Fox News Rundown,large,Evening Edition: Is Regime Change In Iran A Reality?,"Soviet dissidents have long admired the United States and its Founding Fathers for their attachment to a moral core, the basis for individual human liberty. So what happens when American power is used not for moral interests but for solely pragmatic ones? Host Garry Kasparov is joined by George Friedman, the founder and chairman of Geopolitical Futures, a firm that analyzes foreign policy and forecasts global events. George’s view of the world—drawn from the experience of his family fleeing Nazis in Eastern Europe—echoes Henry Kissinger’s geopolitical philosophy: realism, not idealism. Garry and George consider whether realism is realistic, and what the future of American foreign policy means for democracy at home. Get more from your favorite Atlantic voices when you subscribe. You’ll enjoy unlimited access to Pulitzer-winning journalism, from clear-eyed analysis and insight on breaking news to fascinating explorations of our world. Subscribe today at TheAtlantic.com/listener. Garry chairs the Renew Democracy Initiative, publisher of The Next Move. Learn more about your ad choices. Visit megaphone.fm/adchoices",YES,Daniel Flesch,
b84b9264c9a421af,1763234285,Autocracy in America,small,The Realist,"Soviet dissidents have long admired the United States and its Founding Fathers for their attachment to a moral core, the basis for individual human liberty. So what happens when American power is used not for moral interests but for solely pragmatic ones? Host Garry Kasparov is joined by George Friedman, the founder and chairman of Geopolitical Futures, a firm that analyzes foreign policy and forecasts global events. George’s view of the world—drawn from the experience of his family fleeing Nazis in Eastern Europe—echoes Henry Kissinger’s geopolitical philosophy: realism, not idealism. Garry and George consider whether realism is realistic, and what the future of American foreign policy means for democracy at home. Get more from your favorite Atlantic voices when you subscribe. You’ll enjoy unlimited access to Pulitzer-winning journalism, from clear-eyed analysis and insight on breaking news to fascinating explorations of our world. Subscribe today at TheAtlantic.com/listener. Garry chairs the Renew Democracy Initiative, publisher of The Next Move. Learn more about your ad choices. Visit megaphone.fm/adchoices",YES,George Friedman,
55c6b4447fb7e499,1587492577,The Mel K Show,small,MORNINGS WITH MEL K - Who is Controlling the Narrative Now? 3-25-26,"We The People must stand strong, stay united, resolute, calm, and focus on the mission. Order Mel’s New Book: Americans Anonymous: Restoring Power to the People One Citizen at a Time The Show’s Partners Page: Consider Making A Donation: Beverly Hills Precious Metals Exchange - Buy Gold & Silver Speak with Gold Expert Andrew Sorchini…Tell Him Mel K Sent You! I trust SatellitePhoneStore when all other networks fail. With their phone, I know I’m always connected, no matter where I am or what happens. I’ve tried a lot of supplements over the years, but nothing has compared to the purity and results I’ve experienced with Chemical Free Body. USE CODE MELK Mel K Superfoods Supercharge your wellness with Mel K Superfoods Use Code: MELKWELLNESS and Save Over $100 off retail today! Healthy Hydration: Patriot Mobile Support your values, your freedom and the Mel K Show. Switch to Patriot Mobile for Free. Use free activation code MELK",NO,,
919727a0f1d90a48,1798460240,10 Minute Drill,small,"The latest on Charlie Kirk, President Trump on September 11th, and never letting the terrorists win","America responds to the horrific assassination of conservative luminary Charlie Kirk, as the manhunt for his assassin continues in Utah. We highlight some of the reactions - including Utah Governor Spencer Cox and his call for anyone celebrating to seek out their better angels. President Trump pays tribute on September 11th at the Pentagon Memorial and at Yankee Stadium",NO,,
2dcefd6bed293c12,1702202187,Perino on Politics,small,Painting A Picture Of Presidential Electability,Senior Vice President of CRC Advisors Matt Whitlock explores whether or not there's a path forward for a Trump alternative candidate. Dana and Matt examine former President Trump's presence in Iowa and discuss how he has been able to maintain his commanding lead in the polls. Matt describes how President Biden's policies have only hurt his campaign and strengthened the appeal of Trump. Uphill battle: Matt emphasizes the importance of Senate control as evidenced by the past few years. He stresses the need to pick strong primary candidates that can beat Democrats in tight races in red states. Learn more about your ad choices. Visit podcastchoices.com/adchoices,YES, Matt Whitlock,
3911f1c54f461319,354628391,Renegade Talk Radio,large,Episode 3904: Free Talk Live - Renegade Talk Radio,"Free Talk Live 2022-04-07 State Stealing Children :: Miamicoin :: Earning Crypto :: DCYF Threatening Jay Noone’s Children :: Culture War :: Mag Lev Train :: Mancamp :: Court Threats Against Jay :: Protesting at DCYF Agent’s Home? :: Show: 2022-04-07 Ian, Matt, Jay",NO,,
bb12dc2c9d5bfc7b,1805186512,Going Rogue with Lara Logan,small,Nigeria’s Christian Genocide: One On One with Judd Saul | Episode 14,"Why is the world ignoring a genocide happening on our watch? Christians across northern Nigeria are being murdered in their homes & cleansed from the land by Islamic militants - so many that 90 percent of all targeted Christian killings worldwide for the past five years happen in these isolated villages. Judd Saul, Director of Equipping the Persecuted, is one of the few who has heard their cries. We talked to him about what can be done and why the U.S. State Dept has run cover for the Islamic militants responsible, blaming “climate change” for mass murder. Sponsored by CHOQ. Get 17.76% off your Male or Female Vitality STAQ by using code LARA.",YES, Judd Saul ,
3bf34e4b3970c895,1386375601,The Ben Ferguson Podcast,large,Harris is a Radical Marxist no MATTER what the Lying Media Says,See omnystudio.com/listener for privacy information.,NO,,
8946b367db287067,1767877239,No Gods No Mayors,small,PREVIEW: Francis Suarez,"Greetings, citizens! This week, we cover Miami's ""Bitcoin Mayor,"" Mr. ""How Can I Help?"" himself, Francis Suarez. This is a bonus episode! You can slot exactly 1 MiamiCoin into the podcast machine* in order to receive this episode. (* - 5 dollars into nogodsnomayors.com )",YES,Francis Suarez,
40b345be2a5ce188,73331636,The Brian Lehrer Show,large,WNBA Players Say 'Pay Us What You Owe Us',"Myles Ehrlich , WNBA senior writer covering the New York Liberty for Winsidr.com and co-host of the podcast ""Pull Up with Myles and Owen,"" talks about ongoing negotiations between WNBA players and owners, where owners say the league is not yet profitable, despite a boom in growth and popularity, and players say they deserve more of a share of the revenue. Hosted by Simplecast, an AdsWizz company. See pcm.adswizz.com for information about our collection and use of personal data for advertising.",YES,Myles Ehrlich,
c282fcd1080842dc,929121341,Louder with Crowder,large,Confirm Amy Coney Barrett | Change My Mind,"Steven Crowder takes to a college campus to have real conversations with real people. In this installment, Steven discusses why Supreme Court nominee Amy Coney Barrett should be confirmed before the 2020 election.",NO,,
acccf71390bcff87,1506127536,Making the Argument with Nick Freitas,medium,Has the Left Captured Our Military?,"Has the Left ideologically captured our military and national guard? Nick sits down with Dan Abbott of the Virginia National Guard, who was expelled from the service as part of a massive Left-wing purge. SPONSOR: Lear Capital The best way to invest in gold and silver is with Lear Capital. Get your FREE Gold and Silver investor guides from Lear Capital. And, receive up to $15,000 in FREE bonus metals with a qualified purchase. Call them today at 800-707-4575 or go to: Nick4Lear.com ----- SPONSOR: Good Ranchers This holiday season, give something everyone will remember. A Good Ranchers gift box isn’t just filled with 100% American-raised meat—it’s filled with moments waiting to happen. Because when the box arrives, a story begins. We eat Good Ranchers every single day and we know you'll love it. Use PROMO CODE NICK for FREE MEAT & $40 OFF: ----- SPONSOR: Brave Books We can’t control what messages are out there, but we can prepare our kids to meet it with courage and conviction. Brave Books teach valuable lessons of truth, courage, sacrifice, faith, and love of country through stories kids actually want to read. Use code NICK for 20% OFF your first order: BraveBooks.com/NICK ----- GET YOUR MERCH HERE: BECOME A MEMBER OF THE IC: Instagram: www.instagram.com/nickjfreitas/ Facebook: Tw",YES,Dan Abbott,
47c1d679938a865c,1549502623,Cleanup on Aisle 45 with AG & Harry Dunn,medium,Episode 187 | Nowhere Close to Finished,"This week: Democratic National Convention is going on in Chicago; Trump tries to get Judge Merchan off of the Manhattan case prior to sentencing; Lin Wood is found liable for defamation against his former partners; Mark Meadows is trying to move his Arizona case to federal court; the FBI serves a search warrant on Demetri Simes; and NYC Mayor Eric Adams has been subpoenaed. Allison Gill Harry Dunn Harry Dunn | Substack @libradunn1.bsky.social on Bluesky Want to support this podcast and get it ad-free and early? Go to: Tell us about yourself and what you like about the show - Hosted by Simplecast, an AdsWizz company. See pcm.adswizz.com for information about our collection and use of personal data for advertising.",NO,,
09d3b6a11c68ccbf,1169056746,The Playbook Podcast,large,6-Nov-19,"What to make of the election results, what the GOP really thinks about impeachment and more in today's Audio Briefing.",NO,,
399a3debaca531c7,1725442221,Hawk Podcasts,small,Four Ways to Save America,"Next, Hawk calls for expanding the Supreme Court by four seats, drawing nominees from federal judges who held the line against the Trump administration, including Judge Boasberg. Ketanji Brown Jackson gets the nod for Chief Justice. Puerto Rico and Washington DC become states, adding four new senators and giving millions of Americans real representation for the first time. Roe v. Wade gets codified into law nationwide. And critically, Hawk argues Chuck Schumer and Hakeem Jeffries must not lead the Senate or House, citing their stated loyalties to foreign interests over their own base. All four items fit on one piece of paper. Voting rights. Court reform. Statehood. Reproductive rights. That's the plan. SUPPORT & CONNECT WITH HAWK - Support on Patreon: - Hawk's Merch Store: - Connect on TikTok: - Connect on TikTok: - Connect on BlueSky: - Connect on Substack: - Connect on Facebook: - Connect on Instagram: - Connect on Twitch: ALL HAWK PODCASTS INFO - Additional Content Available Here: - Listen to Hawk Podcasts On Your Favorite Platform: Spotify: Apple Podcasts: YouTube: iHeartRadio: Pandora:",NO,,
8e54637af09c4909,1587936366,The Inside Story Podcast,medium,Why is Pakistan deporting Afghan refugees?,"Pakistan under fire for its mass deportation plans. Islamabad says about three million Afghan refugees and migrants must leave the country this year. It's cited security concerns but are they founded? And what future awaits those deportees in Afghanistan? In this episode: Waleed Karyab, Human Rights Activist. Horia Mosadiq, Executive Director, Conflict Analysis Network. Imtiaz Gul, Executive Director, Center for Research and Security Studies. Host: James Bays Connect with us: @AJEPodcasts on Twitter , Instagram, Facebook",YES," Waleed Karyab; Horia Mosadiq, Imtiaz Gul; James Bays",
04c750fbdb2decf0,1265845136,Stay Tuned with Preet,large,Seeking Justice for Sergei Magnitsky (with Bill Browder),"Bill Browder is a British hedge fund manager and a vocal critic of Vladimir Putin. Since his friend Sergei Magnitsky was killed in a Russian prison, Browder has led an international campaign to punish his killers — some of the most powerful people in Russia. Not by bringing them to trial, but by restricting their travel and cash flow. Browder speaks with Preet about the dangers of Putin and his own quest for justice. Preet's riveting conversation with Bill Browder first aired in October. Do you have a question for Preet? Tweet them to @PreetBharara with the hashtag #askpreet, email staytuned@cafe.com, or call 669-247-7338 and leave a voicemail. See omnystudio.com/listener for privacy information. Learn more about your ad choices. Visit podcastchoices.com/adchoices",YES,Bill Browder,
41e067ec998b448b,1367201919,Deadline: White House,medium,“Major developments in the Jeffrey Epstein case”,"For more, follow us on Instagram @deadlinewh. To listen to this show and other MSNBC podcasts without ads, sign up for MSNBC Premium on Apple Podcasts. For more from Nicolle, follow and download her podcast, “The Best People with Nicolle Wallace,” wherever you get your podcasts. To listen to this show and other MS podcasts without ads, sign up for MS NOW Premium on Apple Podcasts. Hosted by Simplecast, an AdsWizz company. See pcm.adswizz.com for information about our collection and use of personal data for advertising.",NO,,
2e144e81e05b30d6,1551582052,The Lincoln Project,medium,143: The DOJ is Watching with David H. Laufman,"Host Reed Galen is joined by David H. Laufman, Partner at Wiggin and Dana LLP and former Federal Prosecutor with the Department of Justice to discuss the latest with the House Select Committee on January 6th public hearings, what exactly the DOJ is looking for as they watch these hearings, and the different prosecution scenarios that could play out after the hearings. Plus, is political violence coming to a head in our nation? Learn more about your ad choices. Visit megaphone.fm/adchoices",YES,David H. Laufman,
b4bf0e3ca14d9f2f,1818418128,Pod Force One,small,PF1 Monday Mini: GOP Infighting Doesn't Bode Well for Midterms,"Senate and House Republicans are at war over DHS funding leaving the government partially shutdown as they take a two week break. Meanwhile, there are other signs of growing conservative fractures. Miranda takes a look at the infighting and is hopeful that, despite it, voters will realize Democrat ideas are far worse. Learn more about your ad choices. Visit megaphone.fm/adchoices",NO,,
6b8ab5c0ca6adf48,1441649707,Straight White American Jesus,large,Spirit & Power Episode 6: Election Predictions for November 5th (and beyond),"Subscribe for $5.99 a month to get bonus content most Mondays, bonus episodes every month, ad-free listening, access to the entire 700-episode archive, Discord access, and more: Los Angeles Event: San Diego Event: In this episode of Spirit & Power: “Election Predictions for November 5th (and beyond)’” Dr. Leah Payne is joined by Elle Hardy, an independent journalist who has followed the neo-charismatic movement around the globe and documented it in her book, Beyond Belief: How Pentecostal Christianity is Taking Over the World, and returning guests Dr. Flavio Hickel Jr., Dr. Erica Bryand Ramirez, and Karrie Gaspard-Hogewood. Less than a week away from a highly anticipated election day, how will charismatics and Pentecostals in the United States make their voices known on November 5th and in the days that follow? This week’s guests make their 2024 election predictions. Resources & Links: Flavio Hickle Jr. Born-again Christians are less Southern Baptist than they used to be Some Latinos say immigrants hurt their social status, research shows “The Future of “Born-Again Evangelicalism” Is Charismatic and Pentecostal,” Fanhao Nie, Ph.D., Flavio Rogerio Hickel Jr., Leah Payne, Tarah Williams, Ph.D. for the Public Religion Research Institute Erica Ramirez The Christian sect that has always cheered on Donald Trump Church-Hopping In Texas The real ghouls? The Evangelical Voter Elle Hardy Beyond Belief: How Pentecostal Christianity Is Taking Over the World Demons be gone: meeting America’s new exorcists Australian Christian group fights claim it was linked to leader of Kenya starvation massacre doomsday cult The Right-Wing Christian Sect Plotting a Political Takeover The Sexual Abuse Scandal That’s Engulfed the Evangelical Movement The Global Rise of Narco-Pentecostalism Leah Payne The Trump Shal",YES,Elle Hardy; Flavio Hickel Jr.; Erica Bryand Ramirez; Karrie Gaspard-Hogewood; Leah Payne,
4e123d867388826c,1476110521,Useful Idiots with Katie Halper and Aaron Maté,medium,"Covid-19 With Virologist Dr. Christian Bréchot, Plus Rambo Goes to Venezuela","Leading virologist Dr. Christian Bréchot discusses the origins of Covid-19, how the virology and wider scientific communities are working together for solutions, how a vaccine may get developed, and why he doesn’t expect one any time soon. Katie and Matt break down the botched coup in Venezuela Merch Link: Learn more about your ad choices. Visit podcastchoices.com/adchoices Our Sponsors: * Check out Avocado Green Mattress: * Check out Chilipad and use my code USEFUL for a great deal: * Check out Mint Mobile and use my code mintmobile.com/USEFUL for a great deal: * Check out Quince and use my code quince.com/useful for a great deal: * Check out Quince and use my code quince.com/useful for a great deal: Advertising Inquiries: Privacy & Opt-Out:",,,
b8e9e8e68495abae,1138657182,Liberty Lockdown,medium,Everything we know about the Vegas and NOLA attacks so far,"The New Year started off...well, badly. I spent the past 24 hours diving into these events to give you a quick rundown on what I think is happening and who could be behind it. I promise you you'll hear things here you haven't heard anywhere else. Today's show was brought to you by Monetary Metals. to learn more. go to www.joincrowdhealth.com/ and use promo code LOCKDOWN at sign-up to get your first 3 months at just $99/per month Check out my show over on Fountain: Become a supporting member of Liberty Lockdown here!: This is where I do monthly AMA's for supporting members only Super valuable stuff! Twitter: Pickup LL shirts over at NEW DESIGNS JUST DROPPED All links: Linktree: As always, if you leave a five star review on Apple Podcasts with your social media handle I'll read it on next weeks show (audio version only)! Love you long time Liberty Lockdown presents a variety of opinions, sometimes opposing and controversial. They are not representative of the host of the podcast. Guests are encouraged to express their opinions in a safe and equitable environment.",NO,,
b3a8fc0a72f547ee,1876034889,Breaking News from Pod Save America,medium,"Political Experts React To Weird Trump AI Video, Graham Platner and Zohran Mamdani","Dan Pfeiffer and Jon Favreau react to the week’s political ads and viral videos — including Trump’s racist A.I. clip, Graham Platner’s speech, and Zohran Mamdani’s latest ad. CHAPTERS - Political Experts React is Back - Trump's Racist A.I. Video - Graham Platner's Viral Speech - Zohran Mamdani Ad Campaign SUBSCRIBE to Dan's Message Box Newsletter: Learn more about your ad choices. Visit megaphone.fm/adchoices",YES,Dan Pfeiffer; Jon Favreau,
cb771e982e000d27,1317356120,The Peter McCormack Show,large,"#184 - Helen Pluckrose - Liberalism, Free Speech & the Authoritarian Turn","Helen Pluckrose joins me to discuss how liberalism was lost and why free speech, individual liberty and viewpoint diversity need to be defended from both the authoritarian left and the authoritarian right. Helen explains why liberalism does not mean “left wing”, why it is better understood as the opposite of authoritarianism, and how critical social justice, identity politics and language policing have changed the way people think, speak and behave. We discuss woke ideology, DEI, equality vs equity, trans rights, queer theory, free speech, institutional capture and why suppressing ideas usually makes them more powerful. We also get into whether Britain needs a liberal revolution, how the anti-woke movement can become authoritarian itself, and why the future may depend on liberals on the left and right defending freedom within their own tribes. - - - - - - - - - - - - - - - - - - - - - - - - - - - - - - - - - - - - - - - - - - - - - - - - - - TIMESTAMPS: - What Liberalism Really Means - How Did We Lose the 90s? - Phones, Algorithms and Anxiety - What Has Changed? - Woke and Language Policing - Liberalism vs Authoritarianism - How Liberalism Was Lost - Why Freedom Must Be Maintained - Can Institutions Stay Liberal? - Who Represents Liberalism Today? - DEI and Discrimination - Equality vs Equity - Is Pro-Trans Misogynistic? - Reality, Safety and Liberalism - Queer Theory and Biological Reality - How Civil Rights Became Language Policing - A Radical Defence of Freedom - Woke Corporatism - The Problem With Anti-Woke - Why Suppressing Speech Backfires - Do We Need a Liberal Revolution? - Can Sanity Return?",YES,Helen Pluckrose,
17c195fa5af880e4,1200016351,Pod Save the World,medium,Trump Is Humiliated by China,"Tommy & Ben discuss China’s summit in Tianjin, which brought together leaders from 20 countries, including India, Iran, Russia, and North Korea, and how it signals a major shift in global alliances. They talk about the schism between Trump and India’s President Narendra Modi and how Trump keeps conceding to China on issues like AI and student visas despite his many empty threats. Also covered: the administration’s illegal airstrike on a Venezuelan boat allegedly carrying drugs, the new for-profit ethnic cleansing plan for Gaza, how the gutting of USAID is hobbling the response to Afghanistan’s devastating earthquake, and Steve Witkoff’s stupendous incompetence in his role as special envoy for….everything. Then, Tommy speaks with journalist Jasper Nathaniel, who covers the West Bank on his Substack, Infinite Jaz . They talk about what life is like for Palestinians there, the far-right’s goal of achieving total annexation of the territory, and the pipe dream of a two-state solution. For a closed-captioned version of this episode, click here . For a transcript of this episode, please email transcripts@crooked.com and include the name of the podcast. Donate to Uplift Afghanistan’s earthquake relief efforts here .",YES,Jasper Nathaniel,
20b76409f8588027,1536984072,The Dishcast with Andrew Sullivan,medium,Jonathan Rauch On Dangers To Liberalism,"Jon and I go way back to the early days of the marriage movement. In this episode we discuss his important new book, The Constitution of Knowledge , and get into some heated exchanges over Trump, the MSM, and Russiagate — Jon as the optimistic liberal and me as the pessimistic conservative. You can listen to the episode right away in the audio player above (or click the dropdown menu to add the Dishcast to your podcast feed). Read the full transcript here . For three clips from my conversation with Jon — on what he calls “the weirdest and craziest social idea ever invented”; on the propaganda of Trump and the NYT; and on the best ways to reform Twitter — head over to our YouTube page . Meanwhile, many readers are responding to my conversation with Charles Murray last week . One quick take: Great to hear Charles Murray! I’m sure Twitter subsequently lost its mind — good. Screw ‘em. Has anyone been more unfairly maligned than this man? Twitter was oddly quiet. Another reader enjoyed the long conversation as well: Oh jeez, Andrew — I can imagine the fun mail you’ll be getting for this one, but it’s the episode I’ve been really looking forward to! I found it both insightful, and emotional. But after one day, what sticks out for me is the section about affirmative action. When Murray says that when he went to Harvard in 1961 there were few Blacks and that you KNEW they absolutely deserved to be there on merit and academic acumen, that rang true. But then … there was no acknowledgement by him",YES,Jonathan Rauch,
cf1edbf42ce7c13f,1200016351,Pod Save the World,medium,Drumbeat of war with North Korea,Tommy talks with Republican foreign policy expert Kori Schake about the eery similarity between the Trump administration’s comments about North Korea and the Bush administration’s rhetoric in the run-up to the Iraq war.,YES,Kori Schake,
b8832a8cd508fd57,1195206601,The Intercept Briefing,medium,Authoritarians Like Us,"National Security Adviser John Bolton is more powerful than ever and is obsessed with regime change in Tehran. His boss is threatening to bring the “end of Iran” as some news outlets help spread the administration’s unveiled attempt to gin up a Gulf of Tonkin-style justification for war. Iranian author and analyst Hooman Majd explains how we got here and how Iran’s leaders view the Trump administration. Trump loves to talk about locking up his political opponents and with William Barr as his attorney general, it may not be unthinkable. That is precisely what the former President of Brazil, Luiz Inácio Lula da Silva, is charging happened to him. Lula, the once popular leftist president of Brazil, is serving a 12-year prison sentence on corruption charges. But, in an exclusive prison interview with The Intercept’s Glenn Greenwald, Lula says his prosecution was an attempt to destroy him and the Workers Party he built. Greenwald discusses his interview and plays highlights of his conversation with Lula. Hosted on Acast. See acast.com/privacy for more information.",YES,Hooman Majd; Glenn Greenwald,
229ca7aadda0d461,219258773,Brian Kilmeade Show,large,Sen. John Thune: No excuse for disagreements to spill over into violence,Learn more about your ad choices. Visit podcastchoices.com/adchoices,NO,,
47c4b5964354a2db,1309354521,Majority 54,medium,Hunter Strikes Back,"Jason Kander and Ravi Gupta discuss developments in the sham impeachment hearing against President Biden and the new press conference outside of congress by Hunter Biden. Kander and Gupta then report on Special Counsel Jack Smith’s bold move this week taking Trump’s defense on presidential immunity to the Supreme Court. Jason and Ravi then discuss updates at home and abroad as Zelensky visits Washington to rally support for Ukraine, Biden and Benjamin Netanyahu clash on Gaza, and New York Democrats secure a huge win clearing the way for new maps. This and more on the podcast that helps you, the 54% of the country that votes for progress in every election, convince your conservative friends and family members to join our majority. This is Majority 54! Get a free thirty-day supply of SuperBeets Heart Chews and a free full-sized bag of turmeric chews valued at $25 by going to If you've listened for a while, you know that Ravi and Jason would be nothing without their AG1 See what all the hype is about when you go to and get a free year supply of Vitamin D and 5 free travel packs with your order. Majority 54 is a MeidasTouch Network production. Theme music provided by Kemet Coleman. Special thanks to Diana Kander. Majority 54 on Twitter: Jason on Twitter: Jason on Instagram: Ravi on Twitter: Ravi on Instagram: Learn more about your ad choices. Visit megaphone.fm/adchoices",YES,Jason Kander; Ravi Gupta,
86f460e46db7a036,1695205478,What Really Matters with Walter Russell Mead,small,What Does Trump’s Bombing of Iran Mean for the Middle East?,"This week, Walter and Jeremy discuss why China, Russia, and North Korea haven't come to Iran's aid, what Zohran Mamdani's primary victory in New York could mean for national politics, how Trump understands Europe and NATO better than Obama and Biden did, and what the long-term significance might be of America's bombing of Fordow.",NO,,
69afbb00ac68ddaa,1548554104,Volts,medium,Can data centers be good grid citizens?,"The frantic buildout of AI data centers is threatening to overwhelm electric grids, but what if they could be part of the solution? I chat with Jeff Bladen of Verrus, a company designing data centers to be ""good grid citizens"" from the ground up. We discuss how their novel architecture, combining large-scale batteries with a more efficient internal power network, provides flexibility that helps utilities and allows more compute to be built with less grid impact. This is a public episode. If you'd like to discuss this with other subscribers or get access to bonus episodes, visit www.volts.wtf/subscribe",YES,Jeff Bladen,
fc3ec8e000132dad,1549624070,Amarica's Constitution,medium,Immunity Therapy,"Former President Trump is making an extraordinary claim to the Supreme Court: that he is immune from criminal prosecution for crimes he may have committed while president. The Court has agreed to hear arguments on this proposition on April 25. We begin the preparation by posing the questions and taking them on. Professor Amar is an expert on Presidential immunities. Our analysis goes through originalism as well as precedent. This and subsequent episodes form an oral amicus brief of sorts - another “master class,” if you will. We also take a listener’s question seriously as we address the Comstock Act and related issues. CLE credit is available at podcast.njsba.com.",NO,,
2819b1accc96a817,1886801652,Sidebar with Katie Phang,small,VP Vance Caught Running to Hungary for Orban's Playbook,"While the world waits to see if Felon Trump will commit genocide this evening, JD Vance has been dispatched to Budapest to help fellow autocrat, Viktor Orban, win his fifth consecutive term in office. Katie Phang on why we need to be paying attention to Hungary. Subscribe to Katie Phang's YouTube Channel here: Subscribe to Katie's Substack here:",NO,,
4889c414826285d4,1640311112,The Necessary Conversation,small,See Ya Later Legislators,"This week on The Necessary Conversation , the Kultgen Family dives into the most chaotic week in American politics yet—featuring billion-dollar bills, flooded detention centers, and a potential UFC cage fight… on the White House lawn. 🔺 Big Beautiful Bill (BBB) Trump celebrates July 4th by signing the most aggressive bill of his presidency—permanently extending tax cuts for the rich, slashing Medicaid & SNAP, defunding Planned Parenthood, and making ICE the highest-budgeted federal agency. Who wins? The rich. Who loses? 12 million Americans who could lose healthcare. 🐊 Alligator Alcatraz A new migrant detention center in the Everglades floods within 24 hours of opening. Trump, DeSantis, and Kristi Noem tour it proudly while Laura Loomer jokes about “65 million meals” for gators. We ask: Is this a concentration camp? 🌊 Texas Floods & NWS Cuts 52 dead, 37 still missing after a catastrophic flood in central Texas. Forecasts missed the mark—was it because Trump gutted the National Weather Service? 💸 Trump Merch Madness From gold-plated perfume bottles to official “Alligator Alcatraz” baby onesies—Trump and the GOP are profiting from chaos. Would you buy this stuff? 🥊 UFC at the White House? Trump wants to host a pay-per-view UFC fight on the lawn. Is this entertainment, authoritarian spectacle—or both? 🎙️ Join Chad, Haley, Mary Lou, and Bob as we battle it out over America’s future in this brutally honest family debate. 👇 Watch now & join the conversation. #Politics #Trump #UFC #AlligatorAlcatraz #Healthcare #TheNecessaryConversation #KultgenFamily #MAGA #Biden #Democrats #Republicans #News #Podcast If you have a question for anyone on the show, record it in a 1 minute or under audio or video clip and send it to: thenecessaryconversationpod@gmail.com",NO,,
a3c02991f87c944a,387042247,Washington Today,small,"Weekend Edition: White House's $86.7B Supplemental Spending Request, Great American State Fair, and AEI Survey on American Attitudes on Civic Education and Patriotism","In this weekend's episode, three segments from this past week's Washington Journal. First: A discussion with NOTUS Senate reporter Igor Bobic – on the White House's $87.6 supplemental spending request. Then: Axios reporter Mimi Montgomery discussed this week's opening of the Great American State Fair on the National Mall here in Washington - part of America 250 celebrations. Finally: as we kick off America's 250th birthday - we speak with Karlyn Bowman of the American Enterprise Institute - on AEI's recent survey regarding American attitudes on civic education and patriotism. Learn more about your ad choices. Visit megaphone.fm/adchoices",YES,Igor Bobic; Mimi Montgomery; Karlyn Bowman,
68efe85ab0dabadb,1351411911,The TPM Show with Josh and Kate,medium,Convention Wisdom,Kate and Josh break down the first two nights of the DNC. See Privacy Policy at and California Privacy Notice at .,NO,,
72e93aa791d99997,354628391,Renegade Talk Radio,large,The Gestapo in FULL VIEW,"Roger Stone Arrested Charged with ""Process Crimes"" and CNN was Tipped Off -- We better Look Out Have a Great Weekend Richie",NO,,
030c658b1654871e,1647085571,The Next Level,medium,We're Not Fluffing Around,"It's been a month since all three of our gang have recorded the show together, so they're delving deep into the state of the presidential race now that the DNC has concluded. Plus, Tim, Sarah and JVL all get their own rant on what's infuriated them in politics. Head to lumen.me/THENEXTLEVEL for 15% off your purchase Go to greenchef.com/nextlevelclass for 50% off your first box + 50 FREE Credits with ClassPass!",NO,,
7b12f02846c5061a,1721969693,Politix,small,Our Brand Is Abortion,"This is a free preview of a paid episode. To hear more, visit www.politix.fm This week, Matt and Brian examine the quadrennial liberal October panic, and think through practical ways for Democrats to close strong: * Is it possible to increase the salience of Democrats’ top issues (abortion, democracy, and health care) when Trump is hoovering up attention to his fascist freakshow? * Might the fascist freakshow, for perverse reasons, be helping Trump keep the race close? * To what extent should working the media refs to focus on Trump outrages fit into the plan? SPOILERS: Matt answers those questions: Yes, maybe, and very little. Brian answers them: Maybe, no, quite a bit. Then, behind the paywall, a granular look at why Democrats shouldn’t fear racial depolarization. Have Democrats (wrongly) convinced themselves that they can’t increase their share of the white vote? Does it matter if homing in on issues like abortion and anti-fascism makes the Democratic coalition a little less rainbow? Are these issues resonant enough to deliver Kamala Harris a victory if Trump and his corrupt allies stage a rat fuck late in October? All that, plus the full Politix archive are available to paid subscribers—just upgrade your subscription and pipe full episodes directly to your favorite podcast app via your own private feed. Further reading: * The Our Brand Is Crisis documentary . * Brian on Barack Obama doing asking the Joseph Welch question of our generation . * Matt on how Harris can, should",NO,,
3b64499f29105149,1169056746,The Playbook Podcast,large,"June 24, 2022: Senate clears gun bill","On Thursday night, the Senate passed a bipartisan gun safety bill in a 65-33 vote that saw 15 Republicans join all 50 Democrats to support the bill. — How it happened: “In a Washington run by Baby Boomers and octogenarians, it took two 40-something Democrats with a yin-and-yang approach to get a gun safety deal done,” Burgess Everett and Marianne LeVine write in a behind-the-scenes look at the making of the compromise. Listen to Playbook Deep Dive: New Jan. 6 witness: Trump had mystery call with Putin Raghu Manavalan is the Host of POLITICO's Playbook.Jenny Ament is the Executive Producer of POLITICO Audio.",NO,,
15d7c7f7bbe36e0e,1556687660,Candace Owens,medium,"Democrat Hoaxes, CRT & Fighting For America","Candace dishes on her all time favorite Democrat hoax. Plus, learn how to fight against CRT at school and get advice on what you can do today to fight for America. Learn more about your ad choices. Visit podcastchoices.com/adchoices",NO,,
c183b901eddacde4,474763182,The Globalist,small,"Israel’s ground invasion into Lebanon begins, as France pushes for direct talks","The IDF begins a ground invasion in southern Lebanon. Then: How is global aviation being disrupted by war? Plus: Myanmar’s new parliament convenes, Artemis II’s moon mission and cherry-blossom season begins in Japan. See omnystudio.com/listener for privacy information.",NO,,
1e3e0d75518c6d66,1367201919,Deadline: White House,medium,“Leave no survivors”,"Nicolle Wallace covers Defense Secretary Pete Hegseth’s order to the military to leave no survivors on a strike against boats in the Caribbean. Reporting in The Washington Post suggests that current and former members of the military are unsure if all the people on the targeted boat were guilty of drug trafficking —Hegseth’s primary justification for the strikes. While the Defense Department carries out boat strikes in the name of fighting drug trafficking, Nicolle, Andrew Weissmann, and Former Senator Claire McCaskill discuss Trump’s pardon of former Honduran President Juan Orlando Hernandez. Hernandez was found guilty of shipping “more than 500 tons of cocaine into the United States,” according to The New York Times. For more, follow us on Instagram @deadlinewh To listen to this show and other MS NOW podcasts without ads, sign up for MS NOW Premium on Apple Podcasts. For more from Nicolle, follow and download her podcast, “The Best People with Nicolle Wallace,” wherever you get your podcasts. To listen to this show and other MS podcasts without ads, sign up for MS NOW Premium on Apple Podcasts. Hosted by Simplecast, an AdsWizz company. See pcm.adswizz.com for information about our collection and use of personal data for advertising.",YES,Nicolle Wallace,
4a07e80086c4dbce,1648125917,Stay Free with Russell Brand,medium,"Trump THREATENS China ""NOBODY is getting off the hook"" As Trade War INTENSIFIES! – SF565","Trump issues a direct warning to China as the trade war escalates, making it clear that no country or corporation will escape new tariffs. Amid market chaos and Wall Street backlash, Trump doubles down on bringing manufacturing back to America—signaling a seismic shift from the globalist status quo. Call 1-(800)-958-1000 or visit to schedule a complimentary consultation. Go to and use promo code Russell to fetch a FREE Jumpstart Trial Bag for your Dog today!",NO,,
e815a03a32ec32e0,1654162813,The Kyle Seraphin Show,large,Hernando Arce vs SAPD | Ep 167,"Hernando Arce is just a regular American who escaped New York City for the freedom of Texas, America. As a member of the anti-lockdown group ""Beyond the Mask,"" Arce has found himself the unlikely voice standing up in his adopted state for the way Texas USED to be: a place that valued freedom and the Bill of Rights. This interview was sparked by a viral video of Arce being cuffed while simply documenting the mass illegal immigration transportation taking place through San Antonio Texas.____________________________________________________Today's podcast supported by Use PROMO CODE ""KYLE"" at these sites: SUSPENDABLES MERCH: 🇺🇸 Follow on Twitter: Follow on TruthSocial: 5-star Reviews (scroll to the bottom to leave one):",YES,Hernando Arce,
71d8cf2219491bd7,1093260018,Slate News,large,What Next - The Legacy of the Last Florida Recount,"Rick Hasen, founder of the Election Law Blog , explains how we got here: Shrinking away from the hard election reforms, ignoring the easy reforms, and enacting short-sighted remedies. Hasen is a professor at UC Irvine and a Slate contributor . Hosted on Acast. See acast.com/privacy for more information.",YES,Rick Hasen,
08b714028cb45f5e,1570432345,Firing Line with Margaret Hoover,small,A brave new world of media and politics: Natalie Winters and Adam Mockler,"Natalie Winters, co-host of Steve Bannon’s “War Room” podcast, and Adam Mockler, host of “The Adam Mockler Show” on YouTube, join Margaret Hoover for a discussion at Hofstra University about how their generation views politics and media. Winters, 24, defends her approach to reporting and denounces the “anti-disinformation industry” that she believes silences alternative views. She also addresses rifts within the Republican Party revealed by a recent clash between President Trump and Rep. Marjorie Taylor Greene. Mockler, 23, explains why authenticity attracts audiences online and reflects on the state of the Democratic Party, which he thinks should embrace aspects of both moderation and populism to succeed. The commentators debate President Trump’s immigration policies and broader attitudes toward immigration and assimilation. Winters and Mockler also take questions from Hofstra students about accountability in journalism, algorithms that promote extreme content, and desensitization toward tragedy. Support for Firing Line with Margaret Hoover is provided by Robert Granieri, Vanessa and Henry Cornell, The Fairweather Foundation, The Tepper Foundation, Peter and Mary Kalikow, The Beth and Ravenel Curry Foundation, Pritzker Military Foundation, Cliff and Laurel Asness, Katharine J. Rayner, Charles R. Schwab, Lindsay and George Billingsley, The Meadowlark Foundation, Jared Stone, and Al and Kathy Hubbard.",YES,Natalie Winters; Adam Mockler,
f9d80cc3cecfcf99,1805186512,Going Rogue with Lara Logan,small,THE CREATURE UNLEASHED: Exposing the Federal Reserve Cartel with G. Edward Griffin | Ep76 | Going Rogue with Lara Logan,"There is no law that requires 97% of Americans to file and pay income taxes. Visit Come see G. Edward Griffin at the Red Pill Expo July 11 & 12 ~ On stage in Las Vegas, Nevada ~ Free Livestream Visit: Lara interviews G. Edward Griffin, author of The Creature from Jekyll Island. Griffin explains how the Federal Reserve, created during a secretive 1910 meeting on Jekyll Island, operates as a banking cartel rather than a government agency, profiting from fiat money created from nothing. He discusses how this system fuels national debt, inflation, and economic control. The conversation expands into collectivism versus individualism, the dangers of digital currencies, and the deep state. Despite a sobering outlook, Griffin remains cautiously optimistic that an informed population can drive meaningful change. – Marxism, Nazism & The Collectivist Con – Federal Reserve Exposed: The Greatest Scam – Jekyll Island: The Secret Meeting That Changed America – Fiat Money, Gold & The Banking Illusion – Debt Slavery: How The System Controls You – Digital Currency, CBDC & The Coming Control Grid – One World Government & The Globalist Takeover – The Deep State, Lenin & The Enemy Within – Sun Tzu, Collectivism vs Individualism & The Real War – AI Religion, False Freedom & The New Technocracy – 3% Can Change The World: The Path To Victory – Truth Has Legs: Griffin's Legacy & The Fight Ahead Join t",YES,G. Edward Griffin,
c376e7d0ae28aa41,1671451793,Maiden Mother Matriarch with Louise Perry,medium,The State of Britain Now - Ed West | Maiden Mother Matriarch 74,"This is a free preview of a paid episode. To hear more, visit www.louiseperry.co.uk My guest today is Ed West, journalist, author, and the writer of 'The Wrong Side is History' Substack. We spoke about Ed's most popular Substack post to date, 'Why Children of Men is really happening', the political and economic problems Britain is currently experiencing, and the likelihood of British professionals emigrating en masse to places like Ame… Hosted on Acast. See acast.com/privacy for more information.",YES,Ed West,
e5795e8e2c918698,1714879044,The Tony Kinnett Cast,medium,"Ep. 2 - Hamas, Mediocre Elections, and iPad Kids","Julio Rosas joins The Tony Kinnett Cast to discuss his reporting in Israel, iPad kids, and the 2023 off-year elections. See omnystudio.com/listener for privacy information. Learn more about your ad choices. Visit megaphone.fm/adchoices",YES,Julio Rosas,
b80e2929df267f44,1169056746,The Playbook Podcast,large,27-Apr-17,"Detailing today's action on the shutdown, health care and tax reform, a POLITICO interview with President Donald Trump and more in today's Playbook Audio Briefing.",NO,,
659dc5f0aa2a470a,1208232103,The Buck Sexton Show,large,TV | Hold The Line w/ Buck Sexton - 12-06-21,"12-6-2021: The Worst mayor in America has found a way to make things even worse by announcing he will make NYC a COVID authoritarian hellhole. Starting in 2 weeks, there will be a universal COVID vaccine mandate- with boosters required, shots required for 5-11 year olds, and all private businesses to require shots. Maybe time for the Buckster to move to Florida? And Chris Cuomo gets fired from CNN. Learn more about your ad-choices at See omnystudio.com/listener for privacy information.",YES,Buck Sexton,
4f12ca76450eff8d,1386375601,The Ben Ferguson Podcast,large,Trump at The Border & Sen Warren Out of Her Marxist Mind,See omnystudio.com/listener for privacy information.,NO,,
79795c600d8de576,1510240831,The MeidasTouch Podcast,large,MTG gets Final Revenge on Trump as MAGA is Dead!!!,MeidasTouch host Ben Meiselas reports on the revenge Marjorie Taylor Greene is getting on Donald Trump as the MAGA movement has fully collapsed. Get up to 10% OFF with code MEIDAS at Remember to subscribe to ALL the MeidasTouch Network Podcasts: MeidasTouch: Legal AF: MissTrial: The PoliticsGirl Podcast: Cult Conversations: The Influence Continuum with Dr. Steve Hassan: The Weekend Show: The Ken Harbaugh Show: Majority 54: On Democracy with FP Wellman: Uncovered: Learn more about your ad choices. Visit megaphone.fm/adchoices,NO,,
d51c76e5af366d00,983782306,Federalist Radio Hour,large,Mollie Hemingway And Chris Bedford On Key Races And Bad Polling,"On this episode of ""The Federalist Radio Hour,"" Federalist Editor-in-Chief Mollie Hemingway and Common Sense Society Editor Christopher Bedford join Federalist Culture Editor Emily Jashinsky to preview key races in the upcoming midterm elections, discuss Senate Majority Leader Mitch McConnell's decision to pull spending in battleground states, and lament bad polling.",YES,Mollie Hemingway; Christopher Bedford; Emily Jashinsky,
0e2acfee03dde155,1509826894,RealClearPolitics Podcast,medium,Senate Vote on Funding for TSA Workers,"Andrew Walworth, Tom Bevan and Carl Cannon discuss last night’s Senate vote on funding for TSA workers and prospects for passage today by the House. Also a look ahead at this weekend’s upcoming “No More Kings” rallies, and the 2026 edition of Freedom House’s annual Freedom Index gives the US it’s lowest score since the project started in 1972. Paul Eckart, author of the new book Healing Middle-Class Democracy: Respecting Each Other, Negotiating Honestly, and Cooperating Fairly, joins the guys to discuss income inequality and its effect on American civic life. Then they discuss the reaction to allegations of sexual abuse of minors by labor leader Cesar Chavez, as California and other states prepare for “Cesar Chavez Day” on March 31st. Also, “You Cannot Be Serious” stories for the week. Hosted by Simplecast, an AdsWizz company. See for information about our collection and use of personal data for advertising.",YES,Paul Eckart,
b116fe5b76cc2e52,1050430296,The New Yorker Radio Hour,large,"Robert F. Kennedy, Jr., Could Swing the Election. Who Should Be More Worried—Biden or Trump?","When Robert F. Kennedy, Jr., appeared on this show back in July, it was early in his run for President, and he was considered a fringe candidate. He had the name recognition, obviously, and not much else. Now the question seems to be not whether Kennedy is going to be a spoiler in the election but which side he’s more likely to spoil. On The Political Scene , the New Yorker podcast, Washington correspondents Jane Mayer, Evan Osnos, and Susan B. Glasser gather to talk about Kennedy’s candidacy and his potential impact. “He’s not a serious threat in terms of being able to win,” Mayer says, “but he is potentially a serious threat in being able to spoil this election for one side or the other.” Hosted by Simplecast, an AdsWizz company. See pcm.adswizz.com for information about our collection and use of personal data for advertising.",YES,Jane Mayer; Evan Osnos; Susan B. Glasser,
c99ecb9c9157e990,1702202187,Perino on Politics,small,Lessons From The Briefing Room: A Conversation With Karoline Leavitt,"Dana takes a look back at an exclusive, live conversation with White House Press Secretary Karoline Leavitt. Recorded last year during the launch of Dana’s bestselling book, I Wish Someone Had Told Me, this conversation follows Dana and Karoline as they swap stories about their careers, including the intense pressure of the White House briefing room. Karoline discusses managing motherhood alongside a chaotic West Wing schedule, building a thick skin against criticism, and why choosing a supportive personal life is never a career-limiting decision. Learn more about your ad choices. Visit podcastchoices.com/adchoices",YES,Karoline Leavitt,
63d3ceaa3d9f7835,124960485,"Best of the Left - Leftist Perspectives on Progressive Politics, News, Culture, Economics and Democracy",medium,#1526 A History of Political Violence in the US (Throwback),"Original Air Date: 11/15/2022 Today, we take a look at our extremely steady history of political violence from the Revolution, through the Civil War, Reconstruction and Jim Crow, into the Civil Rights era, the Militia Movement and domestic terrorism, and now to our current once-again-radicalized, right-wing movement willing to use and tacitly condone violence as a political tactic. Transcript Be part of the show! Leave us a message or text at 202-999-3991 or email Jay@BestOfTheLeft.com BestOfTheLeft.com/Support (Get AD FREE Shows and Bonus Content) Join our Discord community ! SHOW NOTES Ch. 1: Capitol Attack Wasn't the 1st Violent Incident in Congress - Inside Edition - Air Date 1-20-22 Ch. 2: A history of US political violence Part 1 - Americast - Air Date 11-2-22 Ch. 3: Storm of White Right Wing Violence Isn't Coming... It's Here Featuring Luke Mogelson Part 1 - Thom Hartmann Program - Air Date 9-15-22 Ch. 4: Political Violence Is No Anomaly in American History - System Check - Air Date 1-8-21 Ch. 5: Today's Republicans were made in the 1990s - The Gray Area with Sean Illing - Air Date 11-7-22 Ch. 6: Storm of Whit",NO,,
f3811f2b5cd64729,1647025876,Wendy Bell Radio Podcast,medium,Hour 2: The Most Interesting Part of That MN Fraud Hearing,"A state representative from Minnesota offers the most honest and worthwhile testimony in the Senate Homeland Security hearing on Minnesota fraud, detailing how democrats created the fraud opportunities that have cost the state tens of billions of dollars. ""Anonymous"" also smells a rat with the nonstop news coverage of Nancy Guthrie's disappearance. It's time we revisit the trucker who blew the whistle on hundreds of thousands of mailed, sealed ballots that he drove from New York to Pennsylvania a week before the 2020 election.",YES,,
53d59b4af0e958a3,702998658,Week In Review,small,"Week in Review: shelters, taxes, and Starbucks","Host Bill Radke discusses the week’s news with The Stranger Editor-in-Chief Hannah Murphy Winter, political analyst and contributing columnist Joni Balter, and Seattle Metropolitan Chamber of Commerce President and CEO Joe Nguyen. See omnystudio.com/listener for privacy information.",YES,Hannah Murphy Winter; Joni Balter; Joe Nyugen,
2c703ccd876c290d,1485021241,The Reason Interview With Nick Gillespie,small,John McWhorter: Is 'Wokeness' Finally Dead?,"New York Times columnist and linguist John McWhorter discusses the rise and fall of ""woke,"" DEI and affirmative action, and his new book on the history of pronouns.",YES,John McWhorter,
df3b176e8dc3bba5,716825890,The Tom Woods Show,large,"Ep. 2034 Revolution From the Bench, and Other Evils","Allen Mendenhall of Troy University joins me for a potpourri episode in which we devote some time to whether the Constitution commits us to an ideological program of ongoing revolution or whether it is intended to be simply a framework within which people of differing ideologies can coexist peacefully. Guest's Book: Speaking Softly: Lines on Law, Literature, and Culture - Show notes for Ep. 2034",YES,Allen Mendenhall,
43cd124b7b530fc1,1485021241,The Reason Interview With Nick Gillespie,small,What the Media Gets Wrong About Crime,"Crime analyst Jeff Asher explains the historic decline in murders, why Americans distrust crime statistics, and what the data actually show about public safety.",YES,Jeff Asher,
62c2b52cc70a490e,1774505095,Raging Moderates with Scott Galloway and Jessica Tarlov,small,"Should We Care about Polling Data? Trump vs. Harris on Economic Policies, and Predictions for the Debate","Get ready for the election with us! Every Tuesday, Scott and The Five co-host Jessica Tarlov break down everything we need to know about the latest politics all through a centrist lens. Today, Scott and Jessica discuss the latest polling data, their thoughts on both candidates' economic policies, and their predictions for the presidential debate. Follow Jessica Tarlov, @JessicaTarlov. Follow Prof G, @profgalloway. Learn more about your ad choices. Visit podcastchoices.com/adchoices",NO,,
ec8a1c3c2218fb80,1728152109,THE DAILY BLAST with Greg Sargent,medium,Trump Unravels in Crazed Rants to Media as Poll Reveals Fresh Weakness,"President Trump’s presser on Wednesday flew off the rails. He raged at a reporter for questioning his acceptance of a luxury jet from Qatar. He snapped when asked why he’s resettling white Afrikaners but no other refugees. And he tried to humiliate the South African president by brandishing printouts about the deaths of white South Africans but couldn’t defend his lie of a “white genocide” unfolding there. The corruption and the white nationalism—Trump openly promised both during the campaign, and he’s now doing them. Yet on the latter, a new Marquette poll finds wide public disapproval of Trump’s deportations of longtime residents, and shows independents tiling strongly against him on immigration, revealing fresh weakness on this issue. We talked to veteran labor strategist Michael Podhorzer, author of a new piece on his Substack arguing that the anti-MAGA majority that didn’t show up in 2024 is now visibly reconstituting itself in polls. He explains that Trump’s unhinged presser helps show how Trump himself is making that happen. Looking for More from the DSR Network? Click Here: Learn more about your ad choices. Visit megaphone.fm/adchoices",YES,Michael Podhorzer,
95781e6c0ad9128f,1696974077,The Source with Kaitlan Collins,large,Minnesota AG On Deadly ICE Shooting,New cellphone video from the Minnesota shooting showing those pivotal final moments from the point of view of the ICE agent firing the fatal shots. Learn more about your ad choices. Visit podcastchoices.com/adchoices,NO,,
bc874895d868ce6a,1839861250,The Moment with Jorge Ramos and Paola Ramos,small,Two Skeptics and A Bishop: Why Faith Matters in Hard Times,"Bishop Mariann Budde made headlines when she called for mercy at President Trump’s 2025 inauguration. Today, she discusses how some Christian leaders have invoked faith to defend Trump’s harshest policies, what she is doing to protect her congregations from ICE, and why, even in times of fear and uncertainty, she says courage is contagious. You can listen now on the free iHeartRadio app. New episodes drop every Wednesday. The Moment is a production of Radio Ambulante Studios and iHeart's My Cultura Podcast Network. Follow us at: @JorgeRamosNews @PaoRamos @RadioAmbulante @MyCulturaPodcasts See omnystudio.com/listener for privacy information.",YES,Mariann Budde,
4e74d4088da4fce1,78911087,Face the Nation with Margaret Brennan,medium,Face the Nation on the Radio 11/3,"From the impeachment resolution to the 2020 campaign. We'll have an analysis of both major stories -- plus celebrating the Washington Nationals win -- on this week's ""Face the Nation.""",NO,,
497a81a09bfac871,1351411911,The TPM Show with Josh and Kate,medium,Ep. 110: Why You Should Care Where Your Books Come From,"To end the week, we're taking a brief break from the news. David, Nicole Lafond and Joe Ragazzo sit down with Andy Hunter, founder of Bookshop.org , an online portal to support independent booksellers and authors. Andy talks about providing an alternative to Amazon and why supporting local bookstores is so important. See Privacy Policy at and California Privacy Notice at .",YES,Andy Hunter,
782aacfb403751f0,983782306,Federalist Radio Hour,large,"'You're Wrong' With Mollie Hemingway And David Harsanyi, Ep. 146: Church And State","Join Washington Examiner Senior Writer David Harsanyi and Federalist Editor-In-Chief Mollie Hemingway as they review Pope Francis' legacy, talk about the Secret Service's failure to prevent the theft of Department of Homeland Security Secretary Kristi Noem's purse, revisit the deportation debate, and discuss Health and Human Services Secretary Robert F. Kennedy's autism comments. Mollie and David also share their culture picks for the week. If you care about combating the corrupt media that continue to inflict devastating damage, please give a gift to help The Federalist do the real journalism America needs.",NO,,
d29f314f2bd071c9,1112258664,Russian Roulette,small,"An Interview with Rose Gottemoeller: Ukraine, NATO, and the State of the Russian Regime","On this week's episode, Max and Maria are joined by long-time Russia hand and national security specialist, Rose Gottemoeller, for a wide-ranging conversation on Russian politics, the war in Ukraine, NATO, and nuclear non-proliferation. A former Deputy Secretary General of NATO and Under Secretary for Arms Control and International Security at the U.S. Department of State, Rose reflects on her many years working in U.S.-Russian relations to provide insight on global politics today.",YES,Rose Gottemoeller,
0e45bfb32d51d9a0,1805186512,Going Rogue with Lara Logan,small,WHAT’S NEXT FOR VENEZUELA? with Legendary CIA Officer Gary Berntsen  | EP 53 | Going Rogue with Lara Logan,"Paid Partnership: Wall Street now forecasts gold at $7,000 under Trump. Make the move to precious metals while there’s still time. Visit or call Monetary Gold at (800)-888-0807 and ask about the Lara Logan Special. In this episode of 'Going Rogue with Lara Logan', the conversation delves into the arrest of Nicolas Maduro and the implications for Venezuela and the United States. Lara Logan speaks with Gary Berntsen, a former CIA officer, about the complexities of election fraud in Venezuela, the role of Smartmatic in global elections, and the influence of the cartel in both Venezuela and the U.S. The discussion also touches on espionage, the internal threats to U.S. security, and the future of Venezuela under the current political climate. The episode emphasizes the need for accountability and the importance of understanding the interconnectedness of these issues on a global scale. The Arrest of Nicolas Maduro: A Controversial Move Understanding the Implications of Maduro's Indictment The Role of Delcy Rodriguez in Venezuela's Crisis The Cartel's Influence: A Deep Dive into Venezuela's Criminal Network The Broader Impact: Venezuela, Cuba, and Iran The Fight Against Corruption: Indictments and Justice The Threat of Losing the Republic: A Call to Action The Future of the CIA: A Need for Reform The Influence of Money in Politics Intelligence Operations and Control The Risks of Regime Change Post-Regime Change Strategies The Role of Intelligence Agencies Venezuela's Ties with Adversaries Uranium and National Security Threats Election Integrity and Smartmatic Corruption and Misuse of Funds The Future of U.S. Elections Takea",YES,Gary Berntsen,
6d26640dd696d282,1548554104,Volts,medium,Checking in on solar power,"In this episode, longtime solar industry analyst Jenny Chase, author of Solar Power Finance Without the Jargon , catches us up on the current state of the global solar industry and looks to where it’s going. ( PDF transcript ) ( Active transcript ) Text transcript: David Roberts Jenny Chase went to work for the London-based startup New Energy Finance in 2005, straight out of university in Cambridge. She founded its solar analysis team and helped establish some of the first reliable indexes of prices in the solar supply chain, as well as some of the first serious industry models and projections. The solar power industry barely existed then. Now solar is the cheapest source of new power in most markets and the International Energy Agency expects it to dominate global electricity by 2050. Throughout that heady transition, Chase has run and grown the solar analysis team, even after the company was bought by Bloomberg and became Bloomberg NEF in 2009. It has become one of the most respected teams in the business and a widely cited arbiter of industry data. In 2019, Chase wrote a book summarizing what she learned over her years analyzing the industry. It is called Solar Power Finance Without the Jargon , but the title is somewhat misleading — it covers solar power finance but also solar power history, technology, and policy. It is leavened here and there with droll bits of biography or advice from Chase and contains an incredible amount of information in a highly compact and readable package, just over 200 pages. A heavily updated second edition",YES,Jenny Chase,
39e4afb31f862d71,1721813926,Bad Hasbara - The World's Most Moral Podcast,small,"160: The Greatest Shoahman, with Jamie Loftus","Matt and Daniel welcome comedian, author, and podcaster Jamie Loftus to speak on getting dropped by show business reps for speaking out on Gaza, the relative hardness of Nick Fuentes’ holocaust denial core, and Eylon Levy’s accusations of double-secret-reverse-bankshot racism. Please donate to the Sameer Project: Join the patreon at Raw Dog, by Jamie Loftus: Jamie on X: Jamie on IG: Betarhelp Hotline: (747) 348-5259 New Bad Hasbara Merch: Subscribe to the Patreon What’s The Spin playlist: Skad Skasbarska playlist: Subscribe/listen to Bad Hasbara wherever you get your podcasts. Spotify",YES,Jamie Loftus,
5739ac7ffbdc92f8,1648125917,Stay Free with Russell Brand,medium,THEY'RE CENSORING VACCINE HARM DATA | Dr Dave Martin EXPOSES Big Pharma Manipulation - SF 403,"Download the FREE Upside App at to get an extra 25 cents back for every gallon on your first tank of gas. So! The US is delaying releasing information on harm caused by the vaccine for 18 months, an Australian judge who had links to Pfizer dismissed case against Pfizer, and Biden goes full AWOL on Morning Joe Interview. Dr. Dave Martin will be joining me to discuss everything covid! Enjoy the episode and remember to subscribe! Dr. David Martin links X - Fully Live — www.fullylive.world David Martin World - www.davidmartin.world Public blog - www.invertedalchemy.com Check out social medias and more -",YES,Dave Martin,
cf1aabaf3cb302d0,1495251160,John Solomon Reports,large,Rep. Harriet Hageman breaks down recent evidence of IRS use of Artificial Intelligence to spy on US taxpayers,House Judiciary Member Rep. Harriet Hageman breaks down her investigation with Judiciary Chairman Jim Jordan concerning the disturbing unearthing of evidence that points to the Internal Revenue Service (IRS) using artificial intelligence to spy on large numbers of American taxpayer. See Privacy Policy at and California Privacy Notice at .,YES,Harriet Hageman; Jim Jordan,
471293c0f31ee149,1556687660,Candace Owens,medium,The UFC TKOs The NFL On Free Speech,"Candace breaks down why the NFL is promoting segregation as the UFC continues to support free speech. Plus, Candace rips apart the new indoor mask mandate in Los Angeles. Learn more about your ad choices. Visit podcastchoices.com/adchoices",NO,,
a59fad0e8f4daa7a,1889550138,The Loren Piretra Show,small,🚨Charlie Kirk's Widow Is Selling the UNTHINKABLE,"🚨 Erika Kirk Found a NEW Way to Profit Off Charlie — It's Grim Description: They didn't bury Charlie Kirk.They didn't bury Charlie Kirk... they MERCHANDISED him. Barely 31, the Turning Point USA founder was gunned down in front of a stunned crowd in Utah this September… and before the candles even cooled, his own movement had a $35 tribute tee on the rack. ""Here I am, Lord. Send me."" Cha-ching. Halos slapped over his head, scripture slapped underneath, and over HALF A MILLION pieces of merch flying off the shelves. His books rocketing up Amazon. His podcast vaulting to No. 1. Trump handing out ""martyr"" speeches and a Medal of Freedom like party favors. And just when you thought a grieving country had hit the bottom of the barrel, they built a full-blown REPLICA of the tent where he was killed and invited fans to pose for selfies inside it. A photo booth. At the kill site. Grief? Please. This is a merch table with a halo bolted on. All hail the holy hustle, in the name of JC. 🙏💸 But hold onto your wallets, folks, because the widow-turned-CEO isn't done, and what Erika Kirk is rolling out NEXT might just be the most shameless, stomach-turning cash grab yet. About LP TV: Want to understand what’s actually happening in politics and culture without falling asleep halfway through? I’ve got you. On The Loren Piretra Show, I cut through the noise, the spin, and the nonsense to give you real insight with a side of deeply dry humor. The Loren Piretra Show is a 100% network-free, party-free, and people-powered daily podcast and vodcast available wherever you watch or listen to your pods. All of the research, writing, clipping, short form editing, social cuts, thumbnail creation, descriptions, programming across all platforms, etc etc is done by me from start to finish with long-form editing by Gigi Gopeland. This ensures our coverage remains completely independent and every view, sub, share, save and/or contribution via PayPal or BuyMeACoffee go",NO,,
16fcdf3b727910ed,1695205478,What Really Matters with Walter Russell Mead,small,The Global Crisis,"This week, Walter gives a lecture and Q&A at the Hamilton School at the University of Florida on ""The Global Crisis."" The recording is from December 1st and is republished here with the permission of the Hamilton School.",NO,,
5a0b38164551fbce,1871628261,The Harry Sisson Show,large,MAGA Is FURIOUS Over Trump's Iran Attack,Harry Sisson discusses the MAGA fans and commentators who are now calling out Trump after he bombed Iran in the middle of the night.,NO,,
6507a777aaabaf74,1509826894,RealClearPolitics Podcast,medium,The DNC’s “Autopsy Report” on the 2024 Presidential Election,"Andrew Walworth, Tom Bevan, and Carl Cannon discuss the release of the Democratic National Committee’s “autopsy report” on the 2024 presidential election and the rush by Congressional Republicans to leave Washington without voting on key issues including additional funding for the White House ballroom and the Justice Department’s “Anti-Weaponization Fund"". Then, Ajit Pai, former FCC Chair and president and CEO of CTIA, the trade association that represents the wireless communications industry, joins the guys to discuss the FCC’s role in regulating broadcast content, including late night programming. And, they take a look at artificial intelligence and technological competition with China. Next, they discuss Medicaid fraud in Minnesota and Vice President JD Vance’s comments regarding a DOJ investigation into Rep. Ilhan Omar (D-MN). And finally, the guys deliver their “You Cannot Be Serious” stories for the week. Hosted by Simplecast, an AdsWizz company. See for information about our collection and use of personal data for advertising.",YES,Ajit Pai,
d588be6feb52afb1,1794450472,Bulwark Takes,medium,Trump is Remaking National Security to Enforce His Agenda (w/ Tom Joscelyn),"Just Security's Tom Joscelyn joins Bill Kristol to discuss how Trump and his allies are reshaping the DOJ/FBI, DHS/ICE, and the Pentagon — with major implications for civil liberties, political dissent, and the 2026 elections.",YES,Tom Joscelyn,
34c70f654c3c5178,1294461271,GZERO World with Ian Bremmer,medium,Global food (in)security,"""We need to keep that investment flowing to come up with better ways to do this so that everyone is fed within the constraints of what the planet is able to bear,"" says Pete Ceretti, Director of Global Macro Geo Strategy at Eurasia Group. In the latest episode of Living Beyond Borders, a podcast produced in partnership between GZERO and Citi Global Wealth Investments, Ceretti is joined by Harlin Singh, Global Head of Sustainable Investing, and Malcolm Spittler, Global Investment Strategist, and Senior US Economist, both at Citi Global Wealth Investments, to discuss the latest causes and ripple effects of food shortages around the globe. Following shortages that came out of the COVID pandemic as well as the war in Ukraine, the dual food problems of affordability and availability persist. While temporary impacts may be waning, the experts also discuss the longer-term impacts of the global food production system on the environment and what will - or won't - be sustainable going forward, including the food system's massive dependence on fossil fuels. This episode is moderated by Shari Friedman, Eurasia Group’s Managing Director of Climate and Sustainability. Host: Shari Friedman Guests: Pete Ceretti, Harlin Singh, Malcolm Spittler Subscribe to the GZERO World with Ian Bremmer Podcast on Apple Podcasts , Spotify , or your preferred podcast platform, to receive new episodes as soon as they're published. Hosted by Simplecast, an AdsWizz company. See pcm.adswizz.com for information about our collection and use of personal data for advertising.",YES,Pete Ceretti; Harlin Singh; Malcolm Spittler,
5948d35f9c6726d0,1877144831,Paul Krugman Podcast,small,The Court Sides With Dictatorship — and Chaos,"For all my interviews and more, subscribe on YouTube . Note: It’s Lisa Cook, not Lisa Graves. Talking to Lisa Graves shortly. Earlier today, the Supreme Court declared war on U.S. democracy. It also declared war, basically, on modern society, on everything it takes to function in the 21st century. And I’m not sure that people understand that yet. Hi, Paul Krugman with a quick video update. I’ll have more on this tomorrow. Really shocking decisions handed down by the Supreme Court. There were a couple that were not awful. Lisa Cook gets to stay at the Federal Reserve, although that in itself is a huge contradiction to the important stuff that the court did. I mean, Lisa is important and the Fed is important, but much more important is Humphrey’s Executor, which is the generations-long precedent that says that when Congress creates an independent agency, it is independent. It’s able to make decisions. Of course, the president has some role. Typically, the president can choose the agency’s head subject to congressional approval, but the president can’t just go and fire officials that he doesn’t like for whatever reason or for no reason, because the agencies that operate the U.S. government and basically run our society are supposed to be professional. They’re supposed to be following their legal mandate. They’re not supposed to be personal tools of a dictator in the White House. Well, the court just scrapped that. Now, lawyers, people who are legal experts, can do a better job of explaining just what went down. But what I think is important to understand is not only does this give essentially dictatorial powers to the occupant of the White House, but it also makes it extremely difficult for the economy to function. It makes it extremely difficult for society to function. We live in a complicated world, a world of technolog",NO,,
75b0ebde1bb28ae7,1570045623,Breaking Points with Krystal and Saagar,large,"Best of Week 5/1: Roe vs Wade, SCOTUS Leak, Roe Politics, Economic Downturn, Ukraine War, Primary Results, & More!","Krystal and Saagar talk about Roe being overturned, SCOTUS leak, Roe politics, Ohio primary results, Ukraine escalation, economic downturn, & more! To become a Breaking Points Premium Member and watch/listen to the show uncut and 1 hour early visit: To listen to Breaking Points as a podcast, check them out on Apple and Spotify Apple: Spotify: Merch: Learn more about your ad choices. Visit megaphone.fm/adchoices See omnystudio.com/listener for privacy information.",NO,,
b5e99e4df566337f,1490993194,Advisory Opinions,medium,Story Time for Fed Court Nerds,"Sarah and David return from their Thanksgiving feasts to serve up a very nerdy episode on fed court law. Enjoy: -David giving a lowdown of the Voting Rights Act -Hacking minority districts -Laws created by court precedents versus laws created by statutes -Any standing experts out there? -Undoing the Warren Court -Section Two Rights vindicated in civil court -Reporters: Don’t go to activists for legal analysis -Elon versus Media Matters -Match maker Sarah, make me a match Show Notes: -Eight Circuit two to one opinion -Section Two of the Voting Rights Act -Elon v Media Matters -Video: Hostage reunites with family Learn more about your ad choices. Visit megaphone.fm/adchoices",NO,,
ec9762046e0d0ea4,1495601614,Verdict with Ted Cruz,large,False Positive ft. Steve Deace,"Senator Ted Cruz and Michael Knowles are joined by Steve Deace, and together they spend the full show unraveling the web of coronavirus lies that Democratic politicians have been busy spinning. From death rates to ER visits and test sensitivity to contagiousness, it’s time to fact check everything you’ve been told. Plus, the truth-seeking trio sets the record straight after the DNC lauds Governor Cuomo’s pandemic performance. Learn more about your ad choices. Visit megaphone.fm/adchoices YouTube: See omnystudio.com/listener for privacy information.",YES,Michael Knowles; Steve Deace,
4476111783638ce0,219258773,Brian Kilmeade Show,large,5 Key Things Needed To Declare Victory in Iran,"One Nation, hosted by Brian Kilmeade, airs on the Fox News Channel on Sunday nights at 10 PM ET. Learn more about your ad choices. Visit podcastchoices.com/adchoices",NO,,
b822d82f1e2ed0a8,354628391,Renegade Talk Radio,large,Episode 3497: Biden Surrenders Southern Border for U.N. One-World Government Takeover,"Open border is symbol of white flag to the globalists that America's puppet president has forsaken the country. Guest host Owen Shroyer breaks down how the Biden administration has forsaken the southern border as tribute to the globalists’ One World government takeover. Meanwhile, the U.N. elite are exempted from New York City’s vaccine mandate as they prepare to gather for the General Assembly to discuss COVID restrictions for the rest of the world.",YES,Owen Shroyer,
f5546243ad4aca21,1805186512,Going Rogue with Lara Logan,small,INSIDE THE MAR-A-LAGO RAID with Trump Attorney Christina Bobb | Episode 33,"( ) - Rooting Out Corruption ( ) - Questions Surrounding Mar-a-Lago Raid ( ) - Legal Warfare Against Conservatives ( ) - Challenging Corruption in Recent Politics ( ) - Election Integrity and Obstacles to Reform ( ) - Media Co-Conspirators in Ongoing Corruption ( ) - American Patriots Fighting Back Lara Logan is joined by President Trump’s attorney Christina Bobb with her firsthand account of the Mar-a-Lago raid and how it differs from what happened with John Bolton. She cuts through the propaganda with an eyewitness perspective you will not hear anywhere else. Christina unfolds the story behind the scenes, detailing her experience as Custodian of Records amidst legal irregularities surrounding the raid. As she navigates the intricacies of the Presidential Records Act in a convoluted and corrupt legal landscape. Going Rogue with Lara Logan is now available AD-FREE on Substack for our Paid Subscribers: Join the newsletter and support us if you can, at Paid partnership: CHOQ Premium Natural Supplements Get 17.76% off your subscription Subscribe to Lara on YouTube: Follow Lara Logan on X: Follow Christina Bobb on X:",YES,Christina Bobb ,
09f37eab4cbf36a8,1548086514,The Arena,large,The Life and Teaching of St. Maximos by Father Maximos (Simonopetritis),"St. Maximos the Confessor, who served God from 580-662, is one of the great theologians of the Orthodox Catholic Church. This devout monk, was a leading Constantinopolitan intellectual, a prolific author on doctrinal, ascetical, exegetical and liturgical subjects, and a confessor of Holy Orthodoxy who lost his right hand and tongue for his stentorian opposition to heresy. In 8 lectures, Father Maximos (Simonopetritis) – a highly esteemed patrologist and the world’s leading authority on the teaching of St. Maximos the Confessor – presents an edifying overview of the life and works of this magnificent man of God and teacher of the Church. Father Maximos is Senior Research Scholar at Holy Cross Greek Orthodox School of Theology. The lectures are entitled: • What is a Church Father? • An Overview of the Life of St. Maximos • An Introduction to the Works of St. Maximos: Part 1 • An Introduction to the Works of St. Maximos: Part 2 • The Theology of St. Maximos: Part 1 The Ambigua • The Theology of St. Maximos: Part 2 The Ambigua • The Theology of St. Maximos: Questions of Thalassius: Part 1 • The Theology of St. Maximos: Questions of Thalassius: Part 2 • PDF: The Iconography of St. Maximos the Confessor To download this series, please visit our website at www.patristicnectar.org.",NO,,
973f4572f38fa5c8,956270301,Rational Security,medium,The “Thelma or Louise” Edition,"This week, Alan, Quinta, and Scott reunited on our new recording day to talk through the week’s big national security news, including: “Blocked and Muted.” Earlier this week, the Washington Post published a draft report by the Jan. 6 committee detailing how the far right used social media to organize and mobilize in the lead-up to the insurrection—the very same analysis that was reportedly kept out of the committee’s final report, over the objections of staffers . How substantial are these revelations? And how will they impact the committee’s legacy? “Sino the Times.” The Chinese government is reporting that its population has declined for the first time in 60 years, decades ahead of projections. Combined with the fallout of the regime’s reversal on zero-Covid policies and a lagging economy, some are taking this as a sign of difficult times to come for the People’s Republic. How should we read these reports? And what do they mean for the China-U.S. relationship? “Raising the Roof.” Treasury Secretary Janet Yellen has warned that the federal government is beginning “extraordinary measures” to avoid a debt default, as the United States moves closer to the debt ceiling—without either party in Congress having an apparent plan for raising it. How serious a threat is this ? What options might be available for addressing it? For object lessons, Alan recommended the Australian kids series “ Bluey ” for those listeners with toddlers they need to keep occupied. Quinta, fresh off her vacation to the Grand Canyon, recommended an unlikely book:",NO,,
f653fa33442ee2b6,1432118523,The Damage Report with John Iadarola,large,Home a Loan: Lost in New York,Trump is furious after being slapped with an $83 million verdict in the E. Jean Carroll defamation trial. Trump is being accused of hiding a massive loan in his NY civil fraud trial. New polling says that if Trump were convicted a majority of voters would not vote for him. Three U.S troops were killed in a drone strike and the GOP is pushing for retaliation. House GOP unveils articles of impeachment against Secretary Mayorkas. Host: John Iadarola (@johniadarola) Co-Host: Adrienne Lawrence (@AdrienneLaw) SUBSCRIBE on YOUTUBE: ☞ TIKTOK ☞ INSTAGRAM: ☞ TWITTER: ☞ FACEBOOK: ☞ 👕 MERCH: Learn more about your ad choices. Visit podcastchoices.com/adchoices,NO,,
132e6ae1a0ac4290,1439837349,The Political Orphanage,medium,How To Destroy a Country In Four Years,"The Khmer Rouge was a brutal communist regime that ruled Cambodia for only four years, but in that brief period entirely destroyed its economy, wiped out its intellectual class, and horribly murdered a quarter of its population. In this history episode we investigate one of the world's worst regimes, the depths of its depravity, and how it explains a specific type of terror present in other countries today.",NO,,
7631f01ef4c82c61,1820648828,The Joy Reid Show,small,"Abby Phillip on Jesse Jackson, Black Power, and Wild Debate TV | The Joy Reid Show Bonus Episode","In this profound and revealing special episode, Joy Reid sits down with CNN anchor Abby Phillip to discuss her new book, ""A Dream Deferred: Jesse Jackson and the Fight for Black Political Power."" They dive deep into the untold story of Reverend Jackson's groundbreaking 1984 and 1988 presidential campaigns, exploring how his unapologetically progressive platform—championing Palestinian statehood, reparations, and economic justice—radically reshaped the Democratic Party. Phillip reveals how Jackson's strategic genius, from leveraging black voter blocs to changing delegate rules, directly made Barack Obama's presidency possible a generation later. The conversation also tackles Jackson's complex relationship with Dr. Martin Luther King Jr., the media, and his role as a coalition builder. And the two discuss Abby's CNN show and the sometimes wild, sometimes performative, and always provocative conversations she oversees as the host and moderator. This is an essential history lesson on the man who taught Democrats how to fight and the enduring fight for Black political power. Get your copy of A Dream Deferred at the Joy's House Shop: ABOUT JOY REID: Joy-Ann Lomena Reid (AKA Joy Reid) is a best-selling American author, political journalist and TV host. She was a national correspondent for MSNBC and is best known for hosting the Emmy-nominated, NAACP Award-winning political commentary and analysis show, The ReidOut, from 2020 to 2025. Her previous anchoring credits include The Reid Report (2014–2015) and AM Joy (2016–2020). STAY CONNECTED WITH THE SHOW: Website: Substack: Facebook: Instagram: TikTok: Bluesky: bsky.app/profile/joyannreid.bsky.social FOLLOW JOY ON SOCIAL: Facebook: Instagram:",YES,Joy Reid; Abby  Philip,
a590d1efe7a76641,1654162813,The Kyle Seraphin Show,large,WALKING in MEMPHIS: Trump to Send National Guard to TN | Ep 654,"Our Sponsors: (15% off Protecting yourself from scams/Identity theft) (Save 15% off everyday Faraday bags) __________________________________________________ Join the Kyle Seraphin Show LIVE 9:30a ET on YouTube, or on Spotify: Links to all news references:",NO,,
562a8c7e40c09b83,1587936366,The Inside Story Podcast,medium,Will Pakistan's land trade routes with Iran undermine the US?,"Pakistan opens land trade routes to Iran, allowing the transit of goods. It's a much-needed reprieve for both economies. But does it undercut Washington's pressure campaign on Tehran? And how will it impact the Islamabad-mediated talks to end the war? In this episode: Mushahid Hussain Syed, Pakistani defence and foreign policy specialist Setareh Sadeqi, Assistant Professor at the University of Tehran, specialising in U.S.-Iran relations Ross Harrison, Senior Fellow at the Middle East Institute in Washington DC Host: James Bays Connect with us: @AJEPodcasts on X , Instagram , Facebook , and YouTube",YES,Mushahid Hussain Syed; Setareh Sadeqi; Ross Harrison; James Bays,
48a570ee6f34b834,1640311112,The Necessary Conversation,small,Taylor Swift Endorses Kamala Harris,"The Kultgens Discuss: 1. Post debate fact checking 2. Taylor Swift endorses Harris (Favorite pets) 3. Laura Loomer 4. The Pope doesn't like either candidate If you have a question for anyone on the show, record it in a 1 minute or under audio or video clip and send it to: thenecessaryconversationpod@gmail.com",NO,,
c5e40d710417fa75,1510240831,The MeidasTouch Podcast,large,Vexatious Litigant Donald Trump files FRIVOLOUS lawsuit against Pulitzer Prize Board,Donald Trump just filed a frivolous lawsuit against the Pulitzer Prize Board. MeidasTouch host Ben Meiselas reports. Shop Meidas Merch at: Join us on Patreon: Remember to subscribe to ALL the Meidas Media Podcasts: MeidasTouch: Legal AF: The PoliticsGirl Podcast: The Influence Continuum: Kremlin File: Mea Culpa with Michael Cohen: The Weekend Show: The Tony Michaels Podcast: American Psyop: Learn more about your ad choices. Visit megaphone.fm/adchoices,NO,,
6c14dd1d0f194ea0,1730358737,Letters from an American,large,13-Dec-24,Get full access to Letters from an American at heathercoxrichardson.substack.com/subscribe,NO,,
c608c39859c5e69e,1517313007,The Hugh Hewitt Show: Highly Concentrated,small,Will Steve Hilton or Spencer Pratt win in CA?,"Alex Marlow, editor-in-chief of Breitbart, host of ""The Alex Marlow Show"" and author of ""Breaking The Law"" fills in for Hugh. He covers the latest on Graham Platner, the California primary elections, and talks with HUD Secretary Scott Turner, John Ashbrook, James Lileks, David Drucker, Sen. Dan Sullivan, and Matthew Continetti. See omnystudio.com/listener for privacy information.",YES,Alex Marlow; Scott Turner; John Ashbrook; James Lileks; David Drucker; Dan Sullivan; Matthew Continetti,
e7579192791a085e,1822142909,Glenn Diesen - Greater Eurasia Podcast,large,David Gibbs: The “Good War” Illusion - A History of Proxy Warfare,David N. Gibbs is a professor of history at the University of Arizona. Prof. Gibbs outlines how the US fighting the Soviet Union in Afghanistan and then the Yugoslav Wars laid the foundation for the illusion of the good war.US Provoked the 1979 Russian Invasion of Afghanistan: Parallel to the Ukraine War?: Prof. Glenn Diesen:Substack: the channel: PayPal: me a Coffee: buymeacoffee.com/gdiesengGo Fund Me:,YES,David N. Gibbs,
9a94a84fbf910fff,73329719,KQED's Forum,large,"Dating, Love and Sex in a Post-Pandemic World","Now that California is reopening, how will dating change? After a year of social distancing, many of us are longing for emotional and physical intimacy, while others are suffering from FODA: fear of dating again. What are the rules, if any, around post-pandemic dating and intimacy? Are Zoom dates here to stay? And will you require proof of vaccination to swipe right? Well hear your stories and get advice about how to approach dating, love and sex in a post-pandemic world. Learn more about your ad choices. Visit megaphone.fm/adchoices",NO,,
bb2c142dd19afe25,1493858530,Hood Politics with Prop,medium,Tap In: Imma Roast the Hell Out of Lt. Gov. Beckwith,"Last week, lieutenant governor Micah Beckwith of Indiana, in defense of SB 289, attempted to redefine the 3/5th compromise as something that was not about slavery. NOT ON MY WATCH! Follow Hood Politics: Follow Prop: See omnystudio.com/listener for privacy information.",NO,,
0e2d23f30b16faac,124960485,"Best of the Left - Leftist Perspectives on Progressive Politics, News, Culture, Economics and Democracy",medium,#1798 FIFA Sportswashing Fascism: The World Cup from Mussolini to Trump,"Air Date: 6–5-2026 Today we explore sportswashing past and present, from fascist dictators who first weaponized the World Cup to FIFA's modern extractivism model of corrupt capitalism, and why workers, unions, and fans are now organizing to reclaim the game from those profiting off it. Full Show Notes Transcript Be part of the show! Leave a voice message , message us on Signal at the handle bestoftheleft.01, or email Jay@BestOfTheLeft.com BestOfTheLeft.com/Support (Members Get Bonus Shows + No Ads!) Use our links to shop Bookshop.org and Libro.fm for a non-evil book and audiobook purchasing experience! Join our Discord community ! TOP TAKES KP 1: Trump Is a 'master Marketer' Symone Reacts to President Getting FIFA Peace Prize - Chris Jansing Reports - Air Date 12-5-25 KP 2: Jules Boykoff on World Cup and Sportswashing Part 1 - CounterSpin - Air Date 5-15-26 KP 3: The Fascist World Cup Part 1 - Power Plays - Air Date 5-21-26 KP 4:",NO,,
b5be00f5d29f9032,1192761536,Pod Save America,large,"“Mr. President, don’t you mean the opposite?”","Trump gets rave reviews for not being senile in a meeting, Bannon goes down in flames, and Oprah makes everyone lose their minds. Dr. Catherine Thorlieffson joins Jon, Jon, and Tommy on stage in Oslo, Norway to talk about the rise of right-wing extremism, and Jan Stromnes of Halden Prison discusses criminal justice reform.",YES,Catherine Thorlieffson; Jan Stromnes,
6e94fef248cea441,1570432345,Firing Line with Margaret Hoover,small,Autocracy and democracy in the age of Trump with former Amb. Michael McFaul,"Former Ambassador to Russia Michael McFaul joins Margaret Hoover to discuss President Trump’s trip to Asia, the state of the war in Ukraine, and the new era of great power competition with Russia and China. McFaul, author of the new book “Autocrats vs. Democrats,” assesses Trump’s handling of foreign policy so far in his second term, acknowledging the president has not been the isolationist many expected but also criticizing him for abandoning America’s soft power institutions. McFaul, who first met Vladimir Putin in the 1990s, explains how Putin’s worldview differs from Xi Jinping and why he believes that makes Putin a more aggressive threat to democracy. He also lays out what he thinks it will take to bring Putin to the negotiating table to end the war in Ukraine. And McFaul reflects on the 2024 death of his friend, Russian opposition leader Alexei Navalny, and what it means for Russia’s post-Putin future. Support for Firing Line with Margaret Hoover is provided by Robert Granieri, The Tepper Foundation, Vanessa and Henry Cornell, The Fairweather Foundation, and Pritzker Military Foundation.",YES,Michael McFaul,
f1a69a57b3f6c097,474763182,The Globalist,small,Iran’s top diplomat meets Vladimir Putin as US peace talks stall,"Iran’s foreign minister, Abbas Araghchi, is in Moscow on a high-stakes diplomatic tour, following visits to Pakistan and Oman. With fragile progress made in Muscat, what can the Kremlin do for Tehran? Plus: rising violence in Colombia a month before elections, King Charles’s US state visit and technology news. See omnystudio.com/listener for privacy information.",NO,,
d7a53ac90688c60a,702998658,Week In Review,small,"Week in Review: elections, SPD, and the economy","Host Bill Radke discusses the week’s news with Seattle Times City Hall reporter, co-host of the Seattle News, Views, and Brews podcast David Kroman, Co-founder and publisher of PubliCola, co-host of the Seattle Nice podcast Erica Barnett, and founder and President of Gamoran Legal Consulting Saul Gamoran. See omnystudio.com/listener for privacy information.",YES,David Kroman; Erica Barnett; Saul Gamoran,
5bfa26205ae53a2f,1750591415,Candace,medium,Another Explosive Kamala Heritage Lie Exposed | Candace Ep 79,"More explosive revelations about Kamala’s true heritage. Truly unbelievable. GoldCo Get up to 10% instant match in bonus silver at StickerMule Check out my Sticker Mule store at American Financing Act today! Call 800-795-1210 or visit NMLS 182334, nmlsconsumeraccess.org. APR for rates in the 4s start at APR 5.672% for well qualified borrowers. Call 800-795-1210 for details about credit costs and terms Candace on Apple Podcasts: Candace on Spotify: Candace on Rumble: Subscribe to Club Candace: Join The Candace Community on Locals: #CandaceShow #Candace #CandaceOwens #News #Politics #Culture #PopCulture Learn more about your ad choices. Visit megaphone.fm/adchoices",NO,,
fb50c890d4f8ac7c,1788891712,It's A Numbers Game with Ryan Girdusky,small,"It's a Numbers Game: The Numbers Behind Columbine 27 Years Later: Myths, Media Lies & Warning Signs We Missed","On this episode of The Numbers Game, Ryan Girdusky takes a powerful and sobering look at the lasting impact of the Columbine High School massacre—27 years later. What really happened that day—and what did the media get wrong? Ryan breaks down the facts vs. the myths, exposing how early narratives around figures like Marilyn Manson, video games, and school culture shaped public perception—often inaccurately. This episode also dives into the critical warning signs that were overlooked—from behavioral red flags to missed opportunities by parents, schools, and law enforcement. Plus, Ryan reflects on how tragedies like Columbine continue to influence modern society, school safety, and the national conversation around violence. It’s a deeply researched, emotional, and thought-provoking episode that goes beyond headlines to uncover what we still haven’t learned—and what we must. See omnystudio.com/listener for privacy information.",NO,,
feeab0fd3855cc22,1485351658,Bannon`s War Room,large,Episode 3039: NYT Says Matt Gaetz Is Right; Register To Vote For The People's Movement,Episode 3039: NYT Says Matt Gaetz Is Right; Register To Vote For The People's Movement,NO,,
a2454ac3188cd4e8,1570045623,Breaking Points with Krystal and Saagar,large,"12/14/23: 20% Of IDF Deaths Friendly Fire, School Massacre in Gaza?, Hunter In Contempt, Tech Firm Company Towns, Schumer Confirms UFO Coverup, Obama Linked Karen Muslim Harassment, Debunking Ukraine Lies","Krystal and Saagar discuss reports that 20% of IDF deaths are friendly fire as brutal fighting continues, allegations that the IDF committed a massacre of civilians inside a school in Gaza, Hunter gives public testimony while Republicans hold him in contempt, Tech firms break ground on plans for a new era of ""company towns"", Schumer reveals the UFO coverup in Congress, an Obama linked wife to a Harvard professor caught on camera harassing a woman's ""terrorist scarf"", and Saagar debunks the latest lies on the war in Ukraine. To become a Breaking Points Premium Member and watch/listen to the show uncut and 1 hour early visit: Merch Store: See omnystudio.com/listener for privacy information.",NO,,
5251fb89d80aca17,1790957194,The 47 Morning Update with Ben Ferguson,large,Showdown in Texas: Trump vs Kamala!,See omnystudio.com/listener for privacy information.,NO,,
ea74e4fa2ac58eaf,1818658022,"Life, Liberty & Levin Podcast",small,The Authoritarian Democrat Party,"'Life, Liberty & Levin' explores the fundamental values and principles undergirding American society, culture, politics, and current events, and their relevance to the nation’s future and everyday lives of citizens. Learn more about your ad choices. Visit podcastchoices.com/adchoices",NO,,
1ff37e2be0724d73,1785081636,The Mary Trump Podcast,large,"Iran Crisis Explodes: Allies Turn Away, Top Official Quits","A major shakeup hits Donald’s administration as National Counterterrorism Center Director Joe Kent resigns warning there was no imminent threat from Iran. His statement, Donald’s response, and growing internal dissent, along with his Oval Office meeting with Irish Prime Minister Micheál Martin, the GOP’s SAVE America Act push, and the subpoena of Attorney General Pam Bondi over the Epstein files are all examined. Mary Trump Live Tuesday March 17th! Please send comments/questions info@marytrumpmedia.com Consider visiting MaryTrump.org and subscribing to my Substack: The Good in Us Hosted on Acast. See acast.com/privacy for more information.",NO,,
96cbc4416d6247dc,1362265400,Timcast News,large,"S5137 - Trump Launches MAJOR Class Actions Lawsuits Against Big Tech over Censorship, Democrats Mock Attempt","Trump Launches MAJOR Class Actions Lawsuits Against Big Tech over Censorship, Democrats Mock Attempt. Trump is also suing the Ceos Mark Zuckerberg, Jack Dorsey and Sundar pichai Republicans are also launching antitrust legislation to break up big tech and stop censorship. Democrats meanwhile say this is doomed to fail and they may be right but it takes the effort to make the change and eventually the courts may side with those fighting against big tech censorship. #Trump #Democrats #Censorship Learn more about your ad choices. Visit megaphone.fm/adchoices",NO,,
6d6e5d8bd4823806,1636762428,Dad Saves America,small,Today Show’s Craig Melvin Learned Forgiveness By Becoming A Father | The Show,"You probably recognize Craig Melvin as a seasoned journalist and the co-host of The Today Show on NBC, but what you might not know is that he had to navigate addiction and generational fatherlessness in his own family to get there. Craig documents this tumultuous journey in his book Pops , including how he learned to become a better father himself in the process. Now he uses his TV platform to celebrate fatherhood with his Dads Got This! series. As parents we all want to be the best version of ourselves for our kids, regardless of our own family circumstances, and Craig Melvin has accomplished exactly that. _____________________________________ Purchase a copy of Pops : Follow Craig on Instagram: _____________________________________ Outline: [ ] Intro [ ] Your memories of your dad matter [ ] Craig’s foundation in faith [ ] Coming to terms with a parent’s addiction [ ] He was moved to action when his dad hit rock bottom [ ] Interventions can work, even after decades [ ] Becoming a father opened him to forgiveness [ ] He gave his dad the best gift of his life [ ] Give your kids a normal life [ ] How do you manage media for your kids? [ ] Becoming a journalist in high school [ ] Bonding with his son over journalism [ ] Craig Melvin’s role in the American story [ ] Outro _____________________________________ Watch the video version on YouTube: https:/",YES,Craig Melvin,
8415854d4034191e,1536984072,The Dishcast with Andrew Sullivan,medium,"Sam Harris On The Trump Threat, Harris, Wokeness","This is a free preview of a paid episode. To hear more, visit andrewsullivan.substack.com Sam is a neuroscientist, philosopher, bestselling author, host of the Making Sense podcast , and creator of the Waking Up App. He’s also an old friend, jousting partner, meditation role model, and all round wonderful man. His recent work helped me reassess my views on the Gaza war. This week we had our third consecutive talk on the eve of the presidential election — the first on his pod in 2016 , the second on the Dishcast in 2020 . For three clips of our convo — on Trump’s insane deportation plan, the depth of his cult, and what Harris should do in the final stretch — head to our YouTube page . Other topics: what Harris has done well in this campaign; her downplaying of identity politics; her deft debate with Trump and great convention speech; her stylistic — if not substantive — shift toward the center; her lack of Sister Souljah moments; her role as an establishment figure; the lack of a real primary; debating whether she’s a woke Manchurian candidate; the “nepo baby” running her campaign; understanding Trump’s enduring appeal; his zero-sum worldview; calling the neocons’ bluff; the Iraq War; the withdrawal from Afghanistan; Harris campaigning with the Cheneys; Trump’s tariffs; his humor; the lawfare against him; the overblown Russiagate; not seizing dictatorial power during Covid or the 2020 riots; the vast majority of his own Cabinet now opposing him; his denigration of the military; his relationship with Israel; Hamas; Uk",YES,Sam Harris,
a9b4f006a370b881,1367201919,Deadline: White House,medium,“Search and rescue underway in Iran for U.S. Airman”,"Ayman Mohyeldin is in for Nicolle Wallace. Ayman continues to cover the breaking news of the search and rescue operation in southwestern Iran for a missing U.S. fighter jet pilot. This pilot was one of two pilots onboard a U.S. F-15 fighter jet that was shot down by Iran. One pilot has been rescued, but the whereabouts of the second pilot are still unknown. Later, Ayman covers reporting that suggests that Pam Bondi’s firing is far from the last that Trump is considering. According to The Atlantic, there have been discussions in the White House suggesting that FBI director Kash Patel may also be in trouble. For more, follow us on Instagram @deadlinewh To listen to this show and other MS NOW podcasts without ads, sign up for MS NOW Premium on Apple Podcasts. For more from Nicolle, follow and download her podcast, “The Best People with Nicolle Wallace,” wherever you get your podcasts. To listen to this show and other MS podcasts without ads, sign up for MS NOW Premium on Apple Podcasts. Hosted by Simplecast, an AdsWizz company. See pcm.adswizz.com for information about our collection and use of personal data for advertising.",YES,Ayman Mohyeldin,
d34d741ad7d69209,219258773,Brian Kilmeade Show,large,Brian Kilmeade Show - 6-12-2020,Brian Kilmeade Show - 6-12-2020 Learn more about your ad choices. Visit podcastchoices.com/adchoices,NO,,
67b6c0348be33064,702998658,Week In Review,small,"Week in Review: Boeing, housing, and driving laws","Bill Radke discusses the week’s news with Seattle Met’s Allison Williams, Seattle Times Patrick Malone, and Geekwire’s Mike Lewis. See omnystudio.com/listener for privacy information.",YES,Allison Williams; Patrick Malone; Mike Lewis,
a555ad0b3c2296a3,1484862164,Politics War Room with James Carville & Al Hunt,medium,193: The Business End of a Mop,"James and Al sound off on the pathetic leadership of Rep. McCarthy, his failure to put forward a coherent budget, and the danger of the ‘No Labels’ campaign. Then, they discuss the various lawsuits targeting FOX, before welcoming WaPo senior national security writer Shane Harris to explore the recent leaks by Jack Teixeira, how they affect our politics, and the ways leakers have affected policy in the past. Email your questions to James and Al at politicswarroom@gmail.com or tweet them to @politicon . Make sure to include your city, we love to hear where you’re from! Get More From This Week’s Guest: Shane Harris: WaPo | Website | Twitter | Chatter Podcast | Author Please Support This Week’s Sponsors: Express VPN: Protect your cybersecurity with an extra three months free on a one-year package when sign up for Express VPN at expressvpn.com/warroom Magic Spoon: Get $5 off your custom bundle of delicious Magic Spoon cereal when you go to magicspoon.com/warroom and use the promo code: WARROOM",YES,Shane Harris,
3e17c789f3e7477d,1709994511,UNGOVERNED,small,A GREAT NIGHT FOR THE GOOD GUYS! | UNGOVERNED 5.6.26,"Happy Star Wars Day AGAIN: Revenge of the SIXTH! Kenneth Barrett wins the GOP Primary for Sheriff in Rutherford County, TN! Many Indiana Senate RINOS who rejected redistricting efforts lost BIGLY in their primaries. Vivek Ramaswamy easily won the Ohio GOP Gubernatorial Primary. VA Dems are very scared that their new congressional maps will fail in court. A Magistrate Judge apologized to the WHCD attacker over ""treatment"" in jail. Marco Rubio filled in as Press Secretary in the absence of Karoline Leavitt Join UNGOVERNED on LFA TV every MONDAY - FRIDAY from 10am to 11am EASTERN! www.FarashMedia.com www.LFATV.us www.OFPFarms.com www.SLNT.com/SHAWN www.CovePure.com/SHAWN",NO,,
6a94b14815959da9,1679657705,Main Justice,small,Ups and Downs in New York,"Former President Trump was back in a New York courtroom on Monday, as Judge Merchan set a mid-April trial date for the hush money case against him brought by Manhattan District Attorney Alvin Bragg. Veteran prosecutors Andrew Weissmann and Mary McCord set expectations as the countdown to jury selection begins. Then, they turn to the appeals court decision, where Trump’s bond payment was reduced to $175 million in the New York civil fraud case. Lastly, Andrew and Mary survey what to keep an eye on at the Supreme Court when it comes to his appeal on presidential immunity. Sign up for MS NOW Premium on Apple Podcasts to listen to this show and other MS podcasts without ads. You'll also get exclusive bonus content from this and other shows. Hosted by Simplecast, an AdsWizz company. See pcm.adswizz.com for information about our collection and use of personal data for advertising.",YES,Andrew Weissmann; Mary McCord,
164a1f301362ec15,354628391,Renegade Talk Radio,large,The Culture of Motivation,Hello! Welcome to Seeking Culture on Renegade Talk Radio. I'm your host Sabrina. This episode is about the Culture of Motivation and what it takes to shake things up and make things happen in your life.,NO,,
2df961fb24c0c753,1570432345,Firing Line with Margaret Hoover,small,Author Lawrence Perelman looks back on his friendship with William F. Buckley Jr.,"In September 1994, an 18-year-old musician named Lawrence Perelman sent a letter to William F. Buckley Jr., offering to perform a piano recital for him as a thank you for Buckley’s political work. The friendship that ensued lasted until Buckley’s final moments, all of which Perelman recounts in his new book, American Impresario: William F. Buckley Jr. and the Elements of American Character . One hundred years after Buckley’s birth, Perelman joins “Firing Line with Margaret Hoover” to discuss his friendship with the original host of the program, which became the “centerpiece” of his life as he performed regularly at Buckley’s dinner parties. Perelman says Buckley had a “superpower” for friendship, enabling him to develop relationships across the political spectrum and influence the world. ""If not for William F. Buckley Jr., there would be, I believe, no Ronald Reagan,"" says Perelman, whose parents were Soviet immigrants. ""There would have not been an end to the Soviet Union, and we wouldn't have the freedoms that we had."" Perelman also reflects on Buckley's character, the values he represented, and how Buckley might understand what’s become of American conservatism since his death. Support for “Firing Line for Margaret Hoover” is provided by Robert Granieri, Vanessa and Henry Cornell, The Fairweather Foundation, Peter and Mark Kalikow, Cliff and Laurel Asness, The Meadowlark Foundation, Charles R. Schwab, Damon Button, Craig Newmark Philanthropies, The Philip I Kent Foundation, Annie Lamont through The Lamont Family Fund, Cheryl Cohen Effron and Blair Effron, and Al and Kathy Hubbard. Corporate funding is provided by Stephens Inc.",YES,Lawrence Perelman,
78fb6a979ffd705e,1568505052,MOATS with George Galloway,medium,Episode #7 - 4 August 2019 - The MOATS Podcast Archive,"From the archives, Episode #7 of MOATS as broadcast on 4th August 2019. Featuring: Andrew Patrick, Liesl Gernholtz and Adam Garrie Original livestream:",YES,Andrew Patrick; Leisl Gernholtz; Adam Garrie,
04981092469bbf61,1510240831,The MeidasTouch Podcast,large,Defending Democracy with Fred Wellman,"On today’s special Memorial Day podcast edition, the brothers have an incredible interview with Fred Wellman, Executive Director of the Lincoln Project who served in the U.S. Army for 22-years as an aviator and public affairs officer, including four combat tours in Operation Desert Storm and Iraqi Freedom. We discuss what Memorial Day means to Fred, how Dems can use their power to influence real change and WTF is wrong with Sidney Powell and Michael Flynn. The episode also focuses on personal anecdotes of the deep ties to the Armed Forces within the Meidas family. Make sure you tune in every Tuesday and Friday for NEW episodes of The MeidasTouch Podcast! Get your Meidas Merch today at store.meidastouch.com --- Send in a voice message: Support this podcast: Learn more about your ad choices. Visit megaphone.fm/adchoices",YES,Fred Wellman,
9665075859004abe,1467993804,What the Hell Is Going On,small,WTH Is Going on With Trump's China Deal? Scott Lincicome Explains.,"For Donald Trump, China has served as a major justification for economic protectionism, highlighting our dependencies and need to onshore products with national security implications. But that’s the talk. The reality is more dismal: a less-than-hawkish trade deal this month, with tariffs that seem to isolate allies and, inversely, reshore production on China’s mainland. For Team Trump, three camps have merged into one contradictory mess within the administration. Members of these camps look to use tariffs as leverage for trade deals, as a source of revenue, and to protect domestic industry. No single tariff can achieve all three and brief, ambiguous trade deals do little to decouple with China, friend-shore, and rebuild American industry. Where do we go from here? How will these tariff camps shake out? And how can we improve our strategic approach to global trade and protect America from the very real China threat? Scott Lincicome is the Vice President of General Economics the Cato Institute’s Herbert A. Stiefel Center for Trade Policy Studies. He writes on international and domestic economic issues, including international trade; subsidies and industrial policy; manufacturing and global supply chains; and economic dynamism. Lincicome also is a senior visiting lecturer at Duke University Law School, where he has taught a course on international trade law. Prior to joining Cato, Lincicome spent two decades practicing international trade law at White & Case LLP, where he litigated national and multilateral trade disputes. He also authors a column for The Dispatch entitled, Capitolism. Read the transcript here . Subscribe to our Substack here .",YES,Scott Lincicome,
b59c5e6f601f9a6d,219258773,Brian Kilmeade Show,large,New Study: Lockdowns Did Much More Harm Than Good,[ ] Dr. Mehmet Oz [ ] Carley Shimkus [ ] More to Know w/ Carley Shimkus [ ] Jason Chaffetz [ ] Marc Thiessen [ ] Kennedy Learn more about your ad choices. Visit podcastchoices.com/adchoices,NO,,
d6622eed6afb0233,1462195742,The Al Franken Podcast,medium,83: Economist Austan Goolsbee on Build Back Better,Goolsbee breaks down BBB into its incredibly popular provisions.,YES,Austan Goolsbee,
b37925ba8dcab21e,1725387804,The Illegal News with Sarah Longwell,small,S2 Ep147: Trump’s Face on DOJ Is a Big Deal—Here’s Why (w/ Elliot Williams),"Sarah Longwell is joined by CNN legal analyst Elliot Williams to break down Trump’s latest legal battles—from the Supreme Court limiting his tariff plan to a judge holding ICE in contempt for ignoring court orders. They also discuss the FCC targeting late-night shows, questions about DOJ independence after Trump put his face on the building, and new reporting on the Epstein files. Get 15% off OneSkin with the code ILLEGALNEWS at #oneskinpod If you’re tired of being tired, this is your chance to finally get answers and get your energy back. Go to and use code ILLEGALNEWS for $20 off your membership this year. If you’re 21 or older, get 35% OFF your first IndaCloud order with code ILLEGALNEWS at ! #indacloudpod",YES,Elliot Williams,
6b4bd383ef463233,1208232103,The Buck Sexton Show,large,The Tudor Dixon Podcast: Talking New Year's Resolutions with Rocco Castellano,"In Part One of Tudor's discussion with Rocco Castellano...they discuss the importance of being healthy all year round, rather than just making New Year's resolutions. Rocco emphasizes the need for commitment and hard work in changing one's lifestyle. Rocco highlights the increase in sugar consumption and the negative effects of a sedentary lifestyle. He also explores the concept of biohacking and optimizing health through techniques and tools. Rocco shares the benefits of cold plunge and the importance of reducing inflammation through diet. Catch Part Two of the conversation coming up on Wednesday. The Tudor Dixon Podcast is part of the Clay Travis & Buck Sexton Podcast Network - new episodes debut every Monday, Wednesday, & Friday. Visit TudorDixonPodcast.com for more info. See omnystudio.com/listener for privacy information.",YES,Rocco Castellano,
