episode_id,date,show_id
b1f897a12d83f44d,2020-06-25,73329719
ef597bfab470ea31,2020-06-08,73329719
7f803de88cbe0649,2020-06-16,73329719
970d5e68084d4a9c,2020-06-26,73329719
deaec08e79f1ee9b,2020-06-12,73329719
b201a5a2f2828f3a,2020-07-15,73329719
12f73aceb5c71b10,2020-07-22,73329719
8382949c5698f7d2,2020-07-07,73329719
3691a1c3243158c6,2020-09-18,73329719
85f1984ba14016cf,2020-08-10,73329719
7773b40aefac3468,2020-08-25,73329719
b9e4358c4e6f23b2,2020-12-26,73329719
070ab63fccd3eb07,2020-11-25,73329719
c85989c6fcda1063,2020-10-28,73329719
3a0384e1e466768c,2020-11-19,73329719
306fbbbd3d7e019a,2020-11-25,73329719
6a0faf7d76ab663f,2021-03-09,73329719
de635eacc608d286,2021-03-02,73329719
e0e3726e4788092d,2021-03-05,73329719
40fe5eba3e913d2e,2021-01-01,73329719
4b5b4ffce522af17,2021-06-30,73329719
aa74f72916d9c419,2021-05-01,73329719
f1edb8c4687b740d,2021-06-24,73329719
5c4288534565a92b,2021-04-03,73329719
ce9de9ead7efbe42,2021-04-03,73329719
4a490146ec6bdb4e,2021-08-10,73329719
c3fe087afa7faad5,2021-07-17,73329719
809a287cbfd1d27c,2021-09-30,73329719
c8aeda38d4fe8cc5,2021-09-25,73329719
481a8c6feda6e154,2021-09-03,73329719
17013b5e479feb63,2021-11-09,73329719
1c37f5bb0d3f7f55,2021-10-29,73329719
f8c1e82de8146df9,2021-11-02,73329719
0520e7a005126ee7,2021-10-07,73329719
065f21fd5b931408,2021-11-05,73329719
ad0580a6634c48fb,2022-01-26,73329719
b86b0ec3d265e4e5,2022-02-18,73329719
6adc2f9b89aadaaa,2022-02-04,73329719
fd67442f7013297b,2022-03-10,73329719
48b87dfe9f4f8cc3,2022-06-29,73329719
69d7d869c3bd49e1,2022-06-16,73329719
4ae1cd5fa0079e84,2022-04-13,73329719
21dd6e2fe75d547d,2022-06-08,73329719
4de7e78d2beab18d,2022-05-14,73329719
6f27909e67fdd9da,2022-08-02,73329719
261b37bd74ffea7d,2022-08-03,73329719
d8531cbfc3863fd9,2022-08-31,73329719
378a2b50789ac350,2022-08-10,73329719
53f7d7e46901c78a,2022-07-16,73329719
7e1c34e4c7e606a9,2022-11-24,73329719
82cfd81bcd71ff96,2022-10-18,73329719
9494150f668ebb14,2022-12-01,73329719
71d08c81c5041f95,2022-10-20,73329719
52f5586c55fac408,2022-10-08,73329719
14dc609c360e2d3e,2023-03-07,73329719
535486cbfd0616f0,2023-01-05,73329719
b3ea7228da7bef02,2023-01-11,73329719
dc0c1f02e8536d1d,2023-02-16,73329719
56170480e18317aa,2023-06-15,73329719
9e9fc257302d8130,2023-05-31,73329719
b9e2d148a25e8320,2023-06-16,73329719
5c2aef7e9832d2c5,2023-05-16,73329719
d9a184c1a3168d68,2023-05-03,73329719
fc4705889c327124,2023-09-02,73329719
53d3e887f26aff62,2023-08-09,73329719
28313f1e3f95b9ef,2023-09-22,73329719
4904d6cf557d58fe,2023-09-29,73329719
f07421fb8f249b46,2023-08-04,73329719
0e089ac8530ff3ce,2023-12-22,73329719
fe9f8db80d4666ac,2023-10-07,73329719
cdac0591b92a47c1,2023-12-06,73329719
b5df52015a7c104a,2023-10-07,73329719
aca295b4365db50f,2024-01-25,73329719
00aa0d48c95648ad,2024-03-01,73329719
37df0c13e83cd5b9,2024-01-30,73329719
65de2a75c241bc50,2024-03-06,73329719
e410f97dc4eac4e0,2024-03-15,73329719
0ed0a9101ed01c8c,2024-06-07,73329719
d30e48f4faecb9f3,2024-06-26,73329719
07cd735644bec293,2024-04-17,73329719
05e705f7a4411878,2024-05-04,73329719
e5b40492a3bd8239,2024-07-11,73329719
83c8ebfe7a62f1cd,2024-07-17,73329719
e244926b6f7e7ccf,2024-09-17,73329719
c42dd2794c94c1cc,2024-08-10,73329719
4e7e75c84df52d3c,2024-09-24,73329719
dc1a4fef8bd60fd8,2024-09-05,73329719
4dcf89d7ddedc114,2024-12-06,73329719
865a80b0b8372651,2024-10-25,73329719
0b6cb53e1055c346,2024-10-15,73329719
7e482d1e40675d37,2024-10-24,73329719
9daae07cd89a9746,2024-11-15,73329719
52ed5fe63affbcc0,2024-11-13,73329719
89b6cb353da9aa94,2025-01-28,73329719
8bee004231cdf591,2025-02-19,73329719
4532bffabfaac815,2025-03-06,73329719
34e7e2f540f90a7b,2025-01-21,73329719
d5ae3cdbb6acd1df,2025-02-05,73329719
a1ae71a6af8de44e,2025-03-27,73329719
07fac943a6293cd6,2025-05-03,73329719
63f48e1707a1f609,2025-05-24,73329719
8a2380b0d72a0cad,2025-05-06,73329719
fc1262eb8709af94,2025-06-04,73329719
a9cdf5d928f96162,2025-06-21,73329719
be23c24d50b67fe0,2025-04-10,73329719
5ad56e6dcb0bd6b0,2025-08-14,73329719
21144fad4630f95f,2025-07-16,73329719
93691b026ff4a971,2025-08-26,73329719
2807038d1f002d7c,2025-08-15,73329719
642e40260422b0cb,2025-09-24,73329719
753d46f17c1c0ec2,2025-09-09,73329719
2716d9989c4b2398,2025-10-24,73329719
6863999ae6cabcde,2025-10-17,73329719
509a6b506150cce1,2025-12-12,73329719
277155e80f325411,2025-11-21,73329719
45d1be86f4e20618,2025-10-03,73329719
6ec152002f204b98,2025-10-16,73329719
2bfc9f60f5df2dc7,2026-03-20,73329719
990f72a25f1b01d6,2026-02-04,73329719
58b68804b173fc72,2026-02-19,73329719
662a745c098e808e,2026-03-26,73329719
3820c7d0b4dc0056,2026-01-30,73329719
c922367946e7558f,2026-03-19,73329719
1360ec4b280c3778,2026-06-16,73329719
4b0eadc84fbd89ed,2026-04-14,73329719
95e2e33c4b1442d8,2026-04-21,73329719
8dde8af5a1ce3d8d,2026-06-19,73329719
5bbf53d202e15950,2026-05-01,73329719
b66eae843d49b5d4,2026-04-24,73329719
0ad30c4d57478a89,2026-07-08,73329719
430473aa5e2d44ae,2026-07-02,73329719
49a81fa686eae935,2026-07-14,73329719
f1dce1637dc1e74b,2018-02-16,73330715
2785df7df5c5a794,2018-01-19,73330715
b85ac701f5539663,2018-02-02,73330715
b255a9375c4c050b,2018-03-23,73330715
ea1bd3a1e0b73c7f,2018-01-12,73330715
4c43fa2c7ef31a9c,2018-03-13,73330715
ae9ebab877167a48,2018-04-06,73330715
11fb91d503fdf8f8,2018-05-25,73330715
9eb3afefa964bfe8,2018-04-24,73330715
b1cfaf9a708f2bc2,2018-05-04,73330715
f59140a3a78b76cd,2018-05-16,73330715
a77e4e2fe1f687b2,2018-09-21,73330715
cafa448a3460cd0d,2018-08-10,73330715
891e709a15d66c2a,2018-07-13,73330715
2bb8a2ac058113a4,2018-07-17,73330715
21edf764679dc9c7,2018-08-03,73330715
459dccbb56f8fd20,2018-12-14,73330715
fe4991a5adcb2a7b,2018-12-19,73330715
97f18a328e1cf324,2018-10-03,73330715
24eb3bc3b6ca8568,2018-10-25,73330715
7ae8348e8e1c822f,2019-02-26,73330715
6197afda015a5cb1,2019-03-13,73330715
b8f1d9fc86fb75e8,2019-03-28,73330715
62acaca22cffd21c,2019-01-18,73330715
a0825c22812850ea,2019-01-01,73330715
48e4dd28910ad61f,2019-06-05,73330715
976f533e17c59674,2019-05-23,73330715
070a56683b0dc863,2019-04-24,73330715
47cc846df2dce9d7,2019-04-26,73330715
3ca42af9bf9ddc1f,2019-06-28,73330715
620a2d28c71f665f,2019-07-10,73330715
b3b622bf69da5b7e,2019-08-14,73330715
ede95678440a9f26,2019-07-31,73330715
4ff41a8b0bda830e,2019-07-03,73330715
7ddb4eeeae9755a8,2019-10-09,73330715
adf357db7db1e7d0,2019-12-27,73330715
b02457901ef997f8,2019-11-24,73330715
936d5b3924b892d2,2019-11-13,73330715
b40b76212fa29289,2019-12-11,73330715
13621a70a095911d,2020-01-03,73330715
e7db76bda6985a74,2020-02-12,73330715
aff3e20e73ac21d0,2020-03-18,73330715
685055a212e8eea4,2020-01-31,73330715
dee0956d431e3a2f,2020-03-24,73330715
87af5b4777ee2000,2020-06-19,73330715
4a82628b329f1df7,2020-06-10,73330715
012b9c01dd5e299f,2020-05-05,73330715
79533b983e0f8831,2020-04-03,73330715
59656ca60d3090e1,2020-09-18,73330715
807d9cf214c50075,2020-08-07,73330715
6e083b566f88f0de,2020-09-02,73330715
a1b40d49dff3623d,2020-07-15,73330715
917ca96d2ba268df,2020-11-18,73330715
f41e2ad0f183ba02,2020-10-21,73330715
df4f3602287c89ef,2020-11-25,73330715
b0cfcfbff86ed782,2020-11-06,73330715
c0f83649b63044cd,2020-11-20,73330715
1ff0f2b1f1ee9415,2021-01-08,73330715
934240226b3ef5fc,2021-02-24,73330715
0a4195399a856458,2021-03-30,73330715
e576179f7fb8a4cb,2021-03-12,73330715
0afe4c72263a693b,2021-03-19,73330715
7e9566da3f952efb,2021-04-28,73330715
cea42b170aa3f5ad,2021-05-05,73330715
c0d6d7c790be0e07,2021-04-14,73330715
b7660128e1fdd381,2021-06-16,73330715
3a0705f79f782cc2,2021-07-07,73330715
271d890fe61a5776,2021-08-25,73330715
e91c5fc253561516,2021-08-04,73330715
63a60e6165cdac48,2021-07-14,73330715
5030d46c39dd257d,2021-09-03,73330715
256c2bd952c259e3,2021-10-06,73330715
85f6d9fa4a2438b4,2021-10-28,73330715
5a7238ef197c9fdc,2021-12-31,73330715
fbe1f19eecc7b072,2021-11-26,73330715
3323d0846a627e6b,2022-02-09,73330715
cdda4cb42a318f8c,2022-02-04,73330715
fd47a2947409e774,2022-01-26,73330715
8080f400e317736b,2022-02-16,73330715
2cac58c48cbabccc,2022-03-09,73330715
9af8271e07ad294f,2022-04-29,73330715
16b7ce128fc16dca,2022-04-20,73330715
e46168fd1d3adb4e,2022-04-22,73330715
2d3fe16f668f720f,2022-04-27,73330715
4e54d3ca958bc475,2022-05-27,73330715
840baf8040e61ef6,2022-07-08,73330715
861c622d18712da2,2022-07-21,73330715
f6efa749cb9417bd,2022-07-28,73330715
83506e22713f528d,2022-09-23,73330715
732688c71ec2101a,2022-10-19,73330715
f8b8c54f72448976,2022-11-02,73330715
9a449abf9c1fa87e,2022-10-07,73330715
43199aa2b0fe5d41,2022-10-28,73330715
d86e8d390b2d8d78,2023-01-18,73330715
67c8b0b02823bbe3,2023-03-22,73330715
2fad96b3889c6814,2023-03-24,73330715
910511d83253bf69,2023-03-17,73330715
f9deddf1b58b354d,2023-03-31,73330715
6d31f7937bc02a14,2023-05-12,73330715
5be24d06a717210a,2023-06-28,73330715
3475ac648836eedf,2023-05-07,73330715
906c4af523d089df,2023-09-22,73330715
cde1c02e2d76ff3b,2023-09-15,73330715
f0aa59ee28f6c7f3,2023-07-07,73330715
a6e8536bbf298759,2023-09-20,73330715
d35d576cdba1844b,2023-11-17,73330715
0dc9d9d4a265c8a4,2023-12-06,73330715
31112b1d7ab97039,2023-12-01,73330715
ae0ddb2892a3b68f,2023-11-22,73330715
ecd80aa532d0ce05,2024-01-31,73330715
2c72436ef1cfb6cf,2024-03-27,73330715
c0f05784fdbba049,2024-03-20,73330715
54a0080ed20ca366,2024-01-03,73330715
ae09cc836497a8c3,2024-01-12,73330715
f8a3b7bc821b07a1,2024-05-08,73330715
be4dad6311159df4,2024-05-22,73330715
efd7876ff4fd41fa,2024-06-21,73330715
d65e9e748805dbce,2024-06-12,73330715
9ba1e9c8e7cf3612,2024-08-07,73330715
5b508a2fca6da4db,2024-07-17,73330715
4e19e0b9b9dbbbdf,2024-09-06,73330715
63034810ad55c95f,2024-09-13,73330715
9e13429c61f06612,2024-09-11,73330715
7e733ebf2c95993d,2024-09-25,73330715
ffb494440a9ab491,2024-10-09,73330715
725af4d8d67a0ce8,2024-11-14,73330715
012ba07d6d4ec823,2024-12-25,73330715
c770d942ca3d0501,2024-11-06,73330715
165aa4b4c9747fde,2024-10-04,73330715
cac7e58d7c1209ae,2024-10-19,73330715
93d15cee3d38c81c,2025-02-01,73330715
a0ebd9d60b4c6783,2025-01-10,73330715
ddf8081aebfe50e5,2025-01-17,73330715
51658892556ef14b,2025-02-12,73330715
443efa9d92e2d803,2025-03-07,73330715
494d26916127f30e,2025-01-22,73330715
7b7df4f1da78294e,2025-06-13,73330715
2387243ce0f50f8f,2025-05-30,73330715
352aaafd5513aadb,2025-05-21,73330715
00bffb987d4720b1,2025-05-07,73330715
effdef1be4f995c7,2025-06-25,73330715
f364bba6c8d5cab2,2025-04-12,73330715
72728238a0708e36,2025-07-16,73330715
6c5a74097ad207d1,2025-08-27,73330715
847fcd816b082e26,2025-09-03,73330715
9895f32c864a9bed,2025-08-01,73330715
e9f853e6750a82e5,2025-09-24,73330715
48432fa85e31c515,2025-08-06,73330715
144f0dd9fe408ab5,2025-12-10,73330715
3b28867c971ec9e8,2025-10-31,73330715
7f6e13af55970ca7,2025-11-05,73330715
af1ff0d374e23482,2025-12-05,73330715
430873047902ba48,2025-12-03,73330715
e997c567395295b5,2025-10-15,73330715
f5f23b2910e2eb4f,2026-03-27,73330715
2e820eb82cf5b299,2026-01-21,73330715
46e73497de72e391,2026-03-13,73330715
012796bc19f0b02d,2026-02-14,73330715
f22242a2a115b65c,2026-02-21,73330715
64d441f4b11f42bd,2026-02-06,73330715
f439afe14872e4c1,2026-06-24,73330715
971064518de4b75b,2026-05-27,73330715
55469a85d5add62a,2026-05-06,73330715
6d4d1990767b6847,2026-05-22,73330715
7ff89668095e45ef,2026-06-12,73330715
8a28f8b1e9a519c7,2026-05-13,73330715
36307870c15ea972,2026-07-03,73330715
d6f96ccd4a20f693,2026-07-01,73330715
5b66d5a5ff597d62,2026-07-10,73330715
d8a80ed72938ae7d,2026-07-08,73330715
e5d9673e47199974,2024-09-26,73331636
d53086d62387fb32,2024-09-12,73331636
1732f9c934d9ac19,2024-09-11,73331636
3d014302c04dcd31,2024-09-03,73331636
0b6c4af439c87531,2024-08-17,73331636
c8291f46722c6dff,2024-09-13,73331636
e019866a4f6d25fb,2024-11-19,73331636
229e5c18c82e555f,2024-10-04,73331636
88cd1ca1e3b64ec0,2024-10-15,73331636
c116ac8f67d639af,2024-10-29,73331636
4ae27a2237238bbe,2024-12-23,73331636
ef60eaed50d80762,2024-11-25,73331636
f820325371fe142a,2025-03-03,73331636
bf414dd705d6ff04,2025-03-08,73331636
4ca7b4f937f39a42,2025-01-31,73331636
c68d08f6de029cb7,2025-01-16,73331636
5c085148c48b62f4,2025-02-24,73331636
eab0c4d4818721e7,2025-03-06,73331636
81dc45850e44888d,2025-04-29,73331636
b0ef649c13b91a06,2025-04-21,73331636
efaf6d4c2da48221,2025-06-16,73331636
9b73da92d16575e4,2025-04-14,73331636
5d9455e0a8336460,2025-05-19,73331636
d8293eed80dc9e4d,2025-05-06,73331636
4ed2bef75e15fdad,2025-08-14,73331636
795b2a7c02f9e415,2025-07-18,73331636
f89d808cd394be84,2025-08-28,73331636
2933ea78c7f4cff5,2025-08-19,73331636
3098885b026ae17b,2025-09-29,73331636
b257eeb1da61cdde,2025-08-12,73331636
53d70757301d4a07,2025-11-18,73331636
da047d2360fc3558,2025-11-03,73331636
b8777a41f813c1b4,2025-12-10,73331636
4a48211d4c14446a,2025-11-14,73331636
6a30ba9d57a5f3fe,2025-10-14,73331636
5652d1a9d985f686,2025-12-12,73331636
f6361ba6dc08af30,2026-01-05,73331636
13b68b87b04b356b,2026-02-11,73331636
3101cc84001e3193,2026-03-13,73331636
b58e813a082d6ed5,2026-01-30,73331636
3e1c6caaec02c8f2,2026-01-21,73331636
3a0685aa5f577a40,2026-03-12,73331636
a39d92d0d8d611bc,2026-06-01,73331636
406d5e96891744bb,2026-04-30,73331636
ce219b3d9681b53c,2026-05-21,73331636
5db6d1544417c278,2026-04-15,73331636
ec36e8768c886462,2026-05-22,73331636
7716697193aded86,2026-04-27,73331636
7fdf8e279c85f044,2026-07-01,73331636
086424dfd7df5b95,2026-07-11,73331636
c47bf34e085d67b2,2026-07-09,73331636
454961b571dc5065,2026-07-10,73331636
8272656316298d21,2026-07-14,73331636
589d970969c2bbe0,2018-02-04,75462585
94780a2691251b11,2018-05-20,75462585
6fb1be699cb9c79e,2018-04-21,75462585
387c904c3fe7f78a,2018-05-06,75462585
363c67936a45a3a9,2018-04-22,75462585
c0599065e0ea030b,2018-09-30,75462585
5cc9a79abe42c30c,2018-09-22,75462585
8f988777dba8031c,2018-12-11,75462585
f11e265ac667b73b,2018-12-06,75462585
e3f43a1de679fa65,2018-11-26,75462585
fa21626f327ba0e0,2019-02-27,75462585
863a839fb25b9796,2019-02-16,75462585
3976612572e9d2c0,2019-03-17,75462585
32923a4eabcf5049,2019-02-14,75462585
307b4f6c40d12c82,2019-01-24,75462585
e601053584dce31d,2019-05-01,75462585
0dfc95257f9bee11,2019-05-28,75462585
833b4271d0c82026,2019-06-03,75462585
eb0ce1e40f1a9ebf,2019-09-10,75462585
3304eb40cd53db44,2019-07-29,75462585
dc2116f0ea88f7e0,2019-09-10,75462585
b13c75dc54f78b66,2019-11-03,75462585
bc31d29eb1d1cefe,2019-11-24,75462585
e74ba292b4b24739,2019-12-15,75462585
ebff77fa326e3cfd,2019-11-21,75462585
736211d19ec55ec7,2020-02-03,75462585
2069b649f93233be,2020-06-21,75462585
18ce42ee5508c38c,2020-05-08,75462585
6c6c5e764c57d822,2020-08-02,75462585
f33ea15f54e0e508,2020-07-19,75462585
5ebb717f1e504b7c,2020-09-12,75462585
0cfa71791acab650,2020-12-06,75462585
e6d1b5fc87756b15,2020-10-12,75462585
54af5dfdb10cc6d2,2020-12-01,75462585
3ff603aece77fbec,2020-10-27,75462585
e282d21030eff333,2021-02-20,75462585
8a25e33e48219f56,2021-02-15,75462585
3efcd326fb5fa8cf,2021-01-15,75462585
1e0dd425853bab58,2021-04-27,75462585
655ba61d0c8d1004,2021-06-12,75462585
f3fd0864ed6136d1,2021-04-16,75462585
8d8b3c9fe9ccffdb,2021-07-18,75462585
fab3f7ddcf54359f,2021-09-19,75462585
1d6bb2a55e4b6a5a,2021-10-31,75462585
ed353ab0bd2ca1ab,2021-11-21,75462585
39ef4fe95d4d9f4f,2022-01-09,75462585
5bd45b7ef9f85c84,2022-03-07,75462585
320e871794e7b07d,2022-03-13,75462585
7b5b5682f0e4d6ca,2022-04-08,75462585
358b680549285bfd,2022-07-31,75462585
8704fd301835f4a5,2022-09-23,75462585
cc1f67ae9c650cc0,2022-08-29,75462585
f6d9ad4b2cd4d393,2022-09-22,75462585
a18cb46dbb9beb34,2022-10-13,75462585
97f23faac37828e1,2022-12-18,75462585
6a63648d4462cc99,2022-11-18,75462585
452aaa3e79acb589,2022-11-17,75462585
f0f5076af87f5bb9,2023-03-23,75462585
244de547202832f6,2023-02-24,75462585
662a3169777a8c6a,2023-03-05,75462585
4d846c8564e44cc9,2023-06-13,75462585
3e431f372f3106dd,2023-04-30,75462585
ebe11c7681ce830f,2023-04-14,75462585
6e9f18454b37b55f,2023-09-23,75462585
3db171ef94cfcc8a,2023-08-04,75462585
36dbde5068351809,2023-10-29,75462585
5fd9c7675fe754cb,2024-02-14,75462585
7202b8626cd794ef,2024-03-20,75462585
188fb76414f49e44,2024-01-20,75462585
c2fe3c0768fbd6db,2024-05-11,75462585
838d56a9c174ce6f,2024-06-28,75462585
a021a0d786fc96a2,2024-04-13,75462585
18342915c95a5ff0,2024-06-04,75462585
b1166f4e6f69a20c,2024-05-31,75462585
046c708dab0dff8c,2024-08-07,75462585
75a2b98c2bd79a59,2024-07-17,75462585
c4d3965c5f60e913,2024-07-06,75462585
9e941348fbbe7072,2024-08-03,75462585
882ebeb11f7b0f3b,2024-09-24,75462585
ba4637ce9d49846b,2024-08-12,75462585
12084c904200c984,2024-11-25,75462585
b73c8109ebf08f8a,2024-10-14,75462585
7ce79d9f93ae521c,2024-12-26,75462585
28c6151396fc8a19,2024-10-16,75462585
e0a084b721be7aad,2024-11-01,75462585
4892ef171f514a20,2024-10-09,75462585
a483bcbb68f8ce6a,2025-03-28,75462585
cfa414e00cd79245,2025-02-20,75462585
9726ffb43d47957e,2025-02-06,75462585
0bde5719cf06b877,2025-03-27,75462585
85af71dc88954b26,2025-03-20,75462585
1813a6da7c52a6cd,2025-02-07,75462585
9d3e381d87bf94fc,2025-05-16,75462585
6c177e8e251c1c29,2025-06-10,75462585
14d61e85c2c38407,2025-05-13,75462585
a20b57d86b4d7b55,2025-05-25,75462585
6e581bfeb4db9408,2025-05-03,75462585
9e31f0352b0f142b,2025-06-12,75462585
355975d0ec4e88fd,2025-08-20,75462585
5107a0f950f31791,2025-07-23,75462585
a9080bb18df12f9f,2025-07-17,75462585
437ea6104b1e3642,2025-07-25,75462585
af865dbcd232a0e8,2025-07-24,75462585
e115371e09b8fa1a,2025-08-30,75462585
02724ef6b56e75c7,2025-11-19,75462585
0c049223edcbf6ec,2025-10-17,75462585
bad43bd075085bb9,2025-12-06,75462585
48c527a9ea09ec2b,2025-12-16,75462585
eaac438793f8e3e3,2025-10-02,75462585
a906a56704b1f517,2025-12-26,75462585
88bd412f5fc432f4,2026-03-17,75462585
4e553946e52d8042,2026-02-17,75462585
93bb84a14f3b1837,2026-02-21,75462585
b1b6e4937ce0e3a3,2026-02-22,75462585
f247aaab35bb6850,2026-02-08,75462585
4e5b82a13ca157e2,2026-03-25,75462585
69f45b79bcaffd58,2026-04-09,75462585
8f90164bd274f5b0,2026-06-06,75462585
2f5c7d8b6d907a6b,2026-04-14,75462585
d80e53f44e1fb1d6,2026-06-23,75462585
06e6201e22e78835,2026-06-17,75462585
c1b42ccd6799bf3e,2026-05-13,75462585
5edf57862d80c464,2026-07-06,75462585
7310a885c8f534b9,2026-07-10,75462585
5c12fac801835cc6,2026-07-01,75462585
a88c16d61f91922b,2026-07-02,75462585
de9ae857be3860f3,2018-03-25,78911087
de71c69952c587c7,2018-02-25,78911087
532a2ff95abaf010,2018-02-11,78911087
bfff6b2323f9da77,2018-02-18,78911087
507bd5355e5ec092,2018-03-11,78911087
0fd99b0db37407e2,2018-04-08,78911087
c3c3d7c2d73e6a8d,2018-04-29,78911087
b96399561f59141a,2018-06-17,78911087
88a17dabe0669cbb,2018-05-20,78911087
e245b814972d8750,2018-04-22,78911087
c0751670a1cc6c15,2018-05-06,78911087
954945b77a02ba0d,2018-09-16,78911087
d4af76195dd63c3f,2018-07-01,78911087
a13e37356e7dfa14,2018-07-15,78911087
d279620c1dfc5537,2018-09-30,78911087
6c4b3f18120d5947,2018-09-09,78911087
b4eda5c124fc2941,2018-11-25,78911087
c32a609668c2d6a2,2018-11-04,78911087
d14139b12a33d762,2018-12-30,78911087
806672063a2631f3,2018-11-18,78911087
c7d93e52115bbed5,2019-01-06,78911087
04a292fc7110952f,2019-03-03,78911087
008caacf5aae1b03,2019-02-17,78911087
e12c14a95f310af3,2019-01-13,78911087
6afeafddf404b68d,2019-02-24,78911087
2c30aef1fa56dad6,2019-04-21,78911087
a65fad9df61c5b95,2019-06-16,78911087
aa27443ee258e608,2019-04-07,78911087
e14be26fc3738b4d,2019-06-23,78911087
31bc8df1218317ba,2019-05-19,78911087
2c34163775efa0fa,2019-09-22,78911087
aa1c275954e8ec23,2019-07-28,78911087
374da88cd107847e,2019-08-25,78911087
c1a7dda2f3d10465,2019-09-08,78911087
a9571054b2a28c3f,2019-10-20,78911087
4e74d4088da4fce1,2019-11-03,78911087
5422bf0062c6e7f2,2019-10-13,78911087
ae39d2023261dd3a,2019-12-15,78911087
309e2977fddd52c1,2019-12-22,78911087
1d507a9db74f4324,2020-02-09,78911087
7fb0e3221eaab672,2020-03-15,78911087
fc1c49048f63fe61,2020-01-05,78911087
53dc786404573de7,2020-01-26,78911087
fc59de58a4571233,2020-02-02,78911087
1bf22298df54723f,2020-06-21,78911087
aaa4dfa4bf07a597,2020-06-28,78911087
dce1dc19b71b9da9,2020-06-14,78911087
5604c492383516b7,2020-05-10,78911087
78e47c93f1c63ddb,2020-06-07,78911087
f863535491510523,2020-09-20,78911087
797a76768bcae3b6,2020-07-12,78911087
7ee5b04ab09d37f1,2020-09-27,78911087
5778ac7fdfb82a37,2020-08-30,78911087
a5bc2c2b919f3ec6,2020-10-04,78911087
c481df21486f1b4a,2020-12-06,78911087
95956461a293c201,2020-10-11,78911087
b35562fc9021b0bd,2020-12-27,78911087
4ba01af787f7f80b,2020-12-13,78911087
212534bde729ffb9,2021-02-21,78911087
9df5aba6819e7069,2021-01-17,78911087
d5fa6ee7ea5f2b53,2021-01-31,78911087
ee7433191ac09a93,2021-02-07,78911087
d9849c805329503e,2021-03-28,78911087
28da084348216188,2021-05-23,78911087
a6eec78ffd5ffd42,2021-06-20,78911087
91e6602f2e60f8d2,2021-04-11,78911087
0a5b2b1a7a2aa630,2021-06-06,78911087
3e1480f755a26d86,2021-05-09,78911087
e33a319c29f55542,2021-08-01,78911087
a699c96b43614169,2021-09-05,78911087
f5394d1780ab0e0a,2021-08-15,78911087
3a73febe886f3138,2021-07-11,78911087
2c7078c7326b05b8,2021-10-31,78911087
f0e0d25207cc07b2,2021-11-14,78911087
359866645b6e71fb,2021-10-25,78911087
6d9eb5dd188c139d,2021-12-26,78911087
9e3779316abc798c,2022-02-27,78911087
d18274800bf2b516,2022-01-30,78911087
00173182cb6c833e,2022-01-09,78911087
11428f49fd76b8fc,2022-02-13,78911087
21801aa1fc06e686,2022-01-16,78911087
8f0cf4ce1ba98176,2022-05-08,78911087
60432835c19588d2,2022-06-19,78911087
aa69c26a26a834ce,2022-04-10,78911087
977b524d03eb506f,2022-05-22,78911087
bbdf0b03488df67d,2022-06-12,78911087
523b1a560f3c9eb4,2022-08-21,78911087
8d4a094d219170a1,2022-09-25,78911087
ffcc329ffe149707,2022-09-23,78911087
e82881d87938f3f7,2022-09-04,78911087
05dd5d2164f04760,2022-08-07,78911087
9bda4ccb56be9e9d,2022-10-30,78911087
8836a3fd99f12744,2022-12-11,78911087
042f7d4f6e2a8164,2022-10-09,78911087
5e5e937f4584f94f,2022-11-13,78911087
86e42f9b52c9b686,2022-12-25,78911087
06ae030a26eef3ea,2023-02-06,78911087
aff1e701b365cddd,2023-01-22,78911087
a4fb653d8055b86e,2023-03-01,78911087
45853003d50fa2d8,2023-03-05,78911087
d9f021ee01168cad,2023-05-21,78911087
50e0b60a020ded82,2023-05-09,78911087
6879e86447c93cdb,2023-04-16,78911087
44e16eb26663443d,2023-05-31,78911087
d324e07a5324e754,2023-04-26,78911087
070f39686aa914f8,2023-09-10,78911087
734e806773a8a6cd,2023-07-09,78911087
86d5c791cc7110d6,2023-07-23,78911087
7ff610c2d73fd88a,2023-09-03,78911087
e335bcf68fa2d090,2023-08-20,78911087
f29c8c86e7a09ad5,2023-10-01,78911087
92de0cfd5af48325,2023-12-17,78911087
e96f8d333ea76757,2023-11-27,78911087
ad0fef5352d4f41e,2023-11-12,78911087
2d30bce672ba9e5e,2023-10-09,78911087
dfaf4a8b868b9d6c,2024-03-10,78911087
30dbf464824a0abd,2024-01-28,78911087
c35946587c61add1,2024-03-24,78911087
2163308b2d467962,2024-03-03,78911087
2a3f5775a11c278f,2024-05-12,78911087
a34311db162e7768,2024-05-26,78911087
7598c190191b8411,2024-04-28,78911087
3c336b2d319f5cec,2024-04-07,78911087
8f562a2551b13a62,2024-06-23,78911087
fb7f7921b0fb0bdc,2024-07-28,78911087
0fa54a54b288d2a9,2024-07-21,78911087
3a84fbe23b506cda,2024-09-15,78911087
25f4974948e9a785,2024-09-22,78911087
e1f908822105d355,2024-09-29,78911087
4411b04a8f18d673,2024-09-01,78911087
7fe4fdc2c9abfc46,2024-11-03,78911087
1cc3784eea3fe4a9,2024-10-20,78911087
6c63c1af0fb2581f,2024-11-10,78911087
d0ae7d5ff720b66d,2024-12-29,78911087
f12cf212f330dfea,2024-12-15,78911087
0b62d126b11f4aba,2025-01-27,78911087
7bfd471f5161eb7c,2025-03-16,78911087
ffc1fe9f9fe3be8d,2025-02-02,78911087
2d5c989ebf31d23d,2025-01-19,78911087
186064da7553efa2,2025-03-23,78911087
07421bf59098002a,2025-05-19,78911087
559bcb6b198cd1fa,2025-04-27,78911087
c69fc0925f1cd858,2025-04-20,78911087
43afadd98ec1320d,2025-06-01,78911087
82c576c0797de562,2025-05-25,78911087
9315120347e118c0,2025-06-22,78911087
3217b806e2efcea4,2025-07-13,78911087
c2d3973fc7c00b43,2025-08-17,78911087
bc09f1a305f5143c,2025-08-24,78911087
8c4e898a9f5c31d2,2025-07-27,78911087
a41ee654fbb3cc47,2025-07-06,78911087
9c3d87c966362576,2025-09-28,78911087
068771d1b179e922,2025-10-12,78911087
55fc118a8817c243,2025-12-21,78911087
896bf1f12d9693f2,2025-12-28,78911087
be49569f3a4c1812,2025-11-30,78911087
d72b0601170b61b1,2025-12-15,78911087
b7d50464727eefb4,2025-12-29,78911087
530e59df2ce59d4c,2026-02-15,78911087
05ae9e3a5c0a793c,2026-02-03,78911087
3d9cb9cbf4bdb9d9,2026-03-24,78911087
e5717fd6bd58f639,2026-02-23,78911087
30b80ef731b8ec63,2026-02-01,78911087
5a56c7cad6c90dfb,2026-02-22,78911087
18837fe922864783,2026-06-01,78911087
5a4a5c55aa5a7e12,2026-04-27,78911087
4e3590e910a0cc9c,2026-05-18,78911087
ddde3e688f74a2f2,2026-05-31,78911087
264183aefdf4bd3c,2026-06-21,78911087
ff8151783d33632b,2026-05-03,78911087
526084e28dfd5120,2026-07-12,78911087
a71565609b867ad2,2026-07-06,78911087
1e762c39610befde,2026-07-05,78911087
bb6dca0ad06d4d0d,2026-07-06,78911087
f8c8f23b373c03a4,2025-06-22,91959525
5bac80d674daec67,2025-06-29,91959525
b8b608984cd849ae,2025-09-28,91959525
12a6b79a79518443,2025-08-03,91959525
297c98eda9297c88,2025-08-24,91959525
20f091ba4e3b0e73,2025-09-14,91959525
425bc6f366d1342a,2025-07-27,91959525
701c1118e8424268,2025-07-13,91959525
4ec5d608515cffee,2025-10-05,91959525
b85b899d69d3e543,2025-10-12,91959525
2045896d273030e1,2025-10-26,91959525
77a9a8b3daea537d,2025-11-03,91959525
37e5eb0f1575ee58,2025-10-19,91959525
775b809d44baf40f,2025-12-15,91959525
8b77164139c15e28,2026-02-01,91959525
f2f2b3d94d9d1f02,2026-03-01,91959525
a2671fc56c2d745f,2026-01-04,91959525
396a9559414b17ee,2026-03-08,91959525
333d696c6ee462eb,2026-02-15,91959525
48d08c283f658dd6,2026-02-25,91959525
5d6b5db701d1b167,2026-04-26,91959525
5b479d0ed8bf3b14,2026-06-07,91959525
e430c413868bff35,2026-05-24,91959525
e1d808fd5ea1fb4b,2026-06-28,91959525
76b4687331f43324,2026-05-10,91959525
735f626a8d47561a,2026-04-12,91959525
8ee4ad17f02b0a74,2026-07-05,91959525
74c05f8d7a4f02a3,2026-07-13,91959525
c1924c49cecd83ca,2022-05-25,124960485
25b62bb9c881467f,2022-06-08,124960485
fd2ae6dd67c6eff5,2022-06-22,124960485
f434d484a2ce827d,2022-06-04,124960485
be40e7b6bec14817,2022-05-27,124960485
0569f6b2ead63bda,2022-07-13,124960485
3d016db5239b2435,2022-09-17,124960485
9cd65cfc9e354057,2022-07-04,124960485
556140bdf43f28fa,2022-09-21,124960485
2c1846ce4f48e81e,2022-09-14,124960485
d5395d65d285726f,2022-08-27,124960485
8930d3108c775fc9,2022-11-26,124960485
c9e5dd56b1e1215b,2022-10-05,124960485
9773c7a0b52d1c8e,2022-11-09,124960485
e9a78edf2e8a7e8a,2022-12-13,124960485
7d9ecbf8b6f10cb6,2022-10-25,124960485
88ee242019a64498,2023-03-15,124960485
ca814d2c5397162d,2023-01-18,124960485
cecf21dc861861cd,2023-03-27,124960485
2a5717f687fcc598,2023-01-14,124960485
6dad4f8bf41b375d,2023-02-23,124960485
82b027f4aa25fc58,2023-04-27,124960485
93cedd43f5425383,2023-06-23,124960485
add94302c81e0ee4,2023-06-28,124960485
1d9e97d84d0d09eb,2023-05-17,124960485
2e9a6946dafd96c4,2023-06-14,124960485
bd8bf28e8f5c7846,2023-08-18,124960485
c335e2f9c3b8dd65,2023-09-29,124960485
9064f6dc281d79d0,2023-07-19,124960485
5525e38eac9aee5b,2023-07-09,124960485
629b9bdc38406229,2023-12-02,124960485
90d0a2cb9f23c1ee,2023-10-27,124960485
04e1f8723b44c0b7,2023-12-08,124960485
bfec3e8f1a65d19e,2023-10-07,124960485
05ead84a0740f065,2024-03-03,124960485
b80d7d771207c1f8,2024-02-14,124960485
29923b3e438dc19d,2024-02-03,124960485
ffabebbeb6d1c501,2024-03-21,124960485
674c048eba9282f0,2024-01-13,124960485
3bb53fb298cfcd42,2024-05-01,124960485
da97be57cc84282e,2024-04-26,124960485
343eeb4a7f5a2501,2024-05-07,124960485
7672d4dd85341fef,2024-06-18,124960485
1986378ef04de1da,2024-08-21,124960485
c7f1753695a0d094,2024-09-08,124960485
c1345e165f69134c,2024-07-09,124960485
78b8c59a38c4a458,2024-07-17,124960485
4bcdeb5bbe9e0969,2024-08-09,124960485
cb09f400d3a56032,2024-09-29,124960485
c7eca20830bcabf4,2024-10-31,124960485
141a513b02ed7241,2024-12-03,124960485
3a0cb77012266444,2024-10-20,124960485
92f8b3b1b125b248,2024-11-15,124960485
8f30571e922272c3,2024-10-15,124960485
d7203b0804bd9675,2024-10-08,124960485
093b8857cd2116bb,2025-03-26,124960485
b7fc17575ed925cb,2025-02-18,124960485
f7b367ff0b13b02c,2025-02-07,124960485
d68ea3036cf85381,2025-01-20,124960485
0fc0c2ccdeaeabd5,2025-03-25,124960485
8bcc9672cd342cd1,2025-03-02,124960485
91c1697b7649e4e7,2025-05-06,124960485
13a3d5b9bbf62e14,2025-06-02,124960485
80a7f6a1ed80d0cc,2025-05-18,124960485
85024421077dc39e,2025-05-26,124960485
8da7f07af46966ef,2025-04-14,124960485
e68588e17ab8c956,2025-05-27,124960485
7860e67488753c2b,2025-09-23,124960485
a098ddbb38f96f0d,2025-08-19,124960485
6c8fe0e0e481a63e,2025-07-02,124960485
6f5a81899974b095,2025-09-20,124960485
15c6a51328141683,2025-09-30,124960485
4f4ca7c299feb542,2025-12-21,124960485
9fc1eb8bc3e92aed,2025-10-22,124960485
2a7170171417266d,2025-10-20,124960485
7bbb23dfcd43b792,2025-12-10,124960485
c274d18f648dccf1,2025-12-15,124960485
18872cd97e488104,2026-03-31,124960485
a5c80e3af9171f25,2026-02-05,124960485
eb6c2e4fc30842c9,2026-03-03,124960485
b2898cd5c4a7ada5,2026-03-23,124960485
0d304e2d4adcf53e,2026-03-28,124960485
81b73602e6431b48,2026-02-13,124960485
f84de52a8dd62f72,2026-04-18,124960485
ea41dc5a42cc2762,2026-05-10,124960485
562b61a7fbcc209e,2026-06-03,124960485
7cbe7f208eecc9e8,2026-07-04,124960485
da677b85dde17713,2026-07-02,124960485
f36b933bcda94a57,2026-07-11,124960485
3e6b5b08515bcc72,2026-07-07,124960485
5e4aaf9dce78b139,2018-03-01,158004641
6c53152f1334c249,2018-02-01,158004641
a2f0819a86af3df3,2018-01-18,158004641
c54b1649f922db1f,2018-03-15,158004641
ead4656f9cd7384c,2018-01-11,158004641
b964119ec67828f3,2018-05-31,158004641
384659a5edf5d6ab,2018-05-03,158004641
b7886b7f1977a5b7,2018-06-07,158004641
64a741f93c48d774,2018-04-05,158004641
b35b06c5ff94d0ae,2018-04-26,158004641
ebed0b9eadda32bd,2018-09-20,158004641
b9a03c80803ecd78,2018-07-19,158004641
d0187fe50a643e14,2018-08-09,158004641
de22fbb0dc4d66fa,2018-07-05,158004641
55628c4119d9c6e4,2018-08-02,158004641
93ad35f782b8cdb2,2018-10-18,158004641
3941c1e6772677c3,2018-10-01,158004641
78eea1b42fb295d9,2018-12-06,158004641
c2c14517600690ab,2018-11-01,158004641
16aea162456b50b3,2018-12-27,158004641
51f024a08f90c67d,2019-01-10,158004641
46f5c626b3791389,2019-01-25,158004641
337e3e8144e299e1,2019-02-14,158004641
93440e5117314df0,2019-03-07,158004641
13a0cdaa0ac6c500,2019-04-17,158004641
0813a9bd2f79b200,2019-06-27,158004641
d229014d1ee23398,2019-05-02,158004641
f2d90c738755fafe,2019-05-23,158004641
ff84fbc28c8b0e3b,2019-04-13,158004641
7957e547732167d6,2019-07-04,158004641
1aed91128b0bfaec,2019-08-08,158004641
d2642c931b690e0d,2019-09-13,158004641
561b693ec09a0402,2019-08-29,158004641
c4aa58cf9667b130,2019-08-23,158004641
617ef29014abd37e,2019-10-18,158004641
bcea736482f1047a,2019-10-31,158004641
c20f196923823649,2019-11-27,158004641
357966bd175f9bea,2019-11-07,158004641
685126f43c80c477,2019-12-18,158004641
fc7a3ab1047ae96b,2020-01-30,158004641
0539f65c368d355f,2020-03-27,158004641
b91a78c791b36753,2020-01-16,158004641
cb588c48e470d624,2020-02-13,158004641
fad5ce05d6a23a4f,2020-03-01,158004641
36e1d786b290f681,2020-04-02,158004641
fdaa67582cc7d3a5,2020-04-23,158004641
30642ed35d56a767,2020-06-25,158004641
6a368a9ecb73d45b,2020-05-21,158004641
fb4f0e0df98f9c40,2020-09-03,158004641
838e18262f208feb,2020-07-09,158004641
700d59b55afc87ec,2020-07-02,158004641
0776be58c18967df,2020-08-27,158004641
4ae9a02adeea7def,2020-11-26,158004641
d1d0a8989457573b,2020-11-12,158004641
04865f4070c49d78,2020-10-16,158004641
aad49cd674aa67fc,2020-12-24,158004641
5a01ff882c5f9d59,2020-11-04,158004641
b0d437e414286154,2021-03-18,158004641
d79acf896f6cba59,2021-02-25,158004641
fa10312738ba4176,2021-01-21,158004641
f95bc929475e19e2,2021-01-07,158004641
cffc742e7eff66c0,2021-03-04,158004641
4991242c6dca11d6,2021-05-27,158004641
fa6789b4348aebbc,2021-06-24,158004641
f7b1c511d1847230,2021-05-13,158004641
b37837ad3cf98797,2021-05-06,158004641
2add194ba3fae054,2021-09-16,158004641
0fe966d49a900522,2021-07-08,158004641
49b8e32bc6a1477b,2021-08-26,158004641
9846a381a237154b,2021-09-23,158004641
0b7b970302027881,2021-07-15,158004641
a1b2fce1986133ae,2021-11-18,158004641
be7f56ab5e50f1ea,2021-10-14,158004641
6630388d61cbc6d7,2021-11-07,158004641
913f6dbbbf147778,2021-10-28,158004641
c4b03170d0fdd64b,2022-02-24,158004641
c7fc4a7ebf9c3ef5,2022-03-03,158004641
1224cce65133704f,2022-03-31,158004641
e24b7d722e14620c,2022-02-03,158004641
6a822d1cf0646e7d,2022-01-13,158004641
fb79489dd15e0b2b,2022-04-14,158004641
d6685bedc4b34e5e,2022-05-26,158004641
7577210b50dcec95,2022-04-22,158004641
1ed9b82911f730b2,2022-09-15,158004641
d0249a2bdbf833b0,2022-09-08,158004641
4f311590f368c8dc,2022-08-21,158004641
9e7996f313c0b610,2022-07-14,158004641
45b76a38bdd6f8ed,2022-12-15,158004641
c174a70746287dc9,2022-11-03,158004641
84a94a0fca3f4dc8,2022-10-06,158004641
03ec703fd184dbf9,2022-10-30,158004641
fdabf060b5bb7b85,2023-03-18,158004641
3c12bff3fdf7a843,2023-03-31,158004641
d41d24898d79651d,2023-01-19,158004641
243b49d65b3e4b5f,2023-01-21,158004641
d7ddcca90cf03bb1,2023-06-08,158004641
ff95302678a892bc,2023-06-15,158004641
f6bd7422bf233857,2023-04-20,158004641
8c94be4479b5f41d,2023-05-11,158004641
3d90ef6f4986c281,2023-04-06,158004641
108e97b74be8f604,2023-08-24,158004641
8c9b581317f6a60e,2023-07-22,158004641
1b1abcc936742aee,2023-07-06,158004641
99d00fdc1f1276dc,2023-09-07,158004641
b6b2d766c951dd2c,2023-08-10,158004641
7992b0b74163ac37,2023-12-21,158004641
e1c5fcfbf8a14b50,2023-12-28,158004641
0a7c5408c1c38f82,2023-11-02,158004641
9e3f36e0ca8e1afc,2023-10-21,158004641
8c8419be736fff40,2024-03-14,158004641
7212590edb16039f,2024-01-04,158004641
79412df3f0aba827,2024-02-15,158004641
1a45e08d2d8e85c1,2024-02-08,158004641
263cf3573e6fc787,2024-02-01,158004641
1d9cb8a7564129ef,2024-05-11,158004641
0de8b847eec8e366,2024-06-01,158004641
badcd00a07b96b2f,2024-05-16,158004641
f91a7d319dd73fe1,2024-04-21,158004641
d0448ec8cd950981,2024-05-09,158004641
eb2f3fcd8488d097,2024-07-04,158004641
40687bc1037a7a60,2024-07-18,158004641
d7738634251596ae,2024-09-26,158004641
fda37cd958bea18d,2024-07-25,158004641
5eefcc66c7b0b7ea,2024-08-17,158004641
61d2093148d91889,2024-08-15,158004641
8d4156f47881aa6e,2024-10-31,158004641
76c6dbb2b80df2b5,2024-11-28,158004641
635b480ff512d14f,2024-10-10,158004641
b438152456ab34bb,2024-11-16,158004641
a61e6d4c63993258,2024-10-19,158004641
902e6f0093f0941c,2024-10-17,158004641
9fd6bf87c0d7543b,2025-01-02,158004641
c28a0c2594d9327d,2025-01-18,158004641
8bfb9ce6b14ebd57,2025-01-30,158004641
9324c3f328ea48a5,2025-03-06,158004641
73569879c246cf04,2025-02-20,158004641
f963923892877ec3,2025-05-29,158004641
7837aa80ae83a896,2025-04-10,158004641
5973cd7c79527b90,2025-05-22,158004641
ac6d41f89b25cefe,2025-06-19,158004641
02a6c9a8b02319c1,2025-04-03,158004641
17e5370efaeb78f8,2025-07-10,158004641
6704f1cf7c842c11,2025-09-25,158004641
b93921082a317beb,2025-07-19,158004641
f661b57fc39d584d,2025-09-18,158004641
67ce5df502762a3d,2025-08-07,158004641
94ac85ba4f0a128d,2025-09-04,158004641
3021c8dfd8bc9e3f,2025-11-15,158004641
836fa2a2d6947a33,2025-12-11,158004641
a5cad7c0bca7eb9a,2025-12-26,158004641
b2888b69db8b7895,2025-10-23,158004641
a0c310c5e9c2025a,2025-10-30,158004641
87c4afb510eb1095,2025-10-18,158004641
9d09d9f78d77929e,2026-03-19,158004641
b111673086add59a,2026-01-01,158004641
d9eca1d0b1a72dc7,2026-03-12,158004641
ae5c365bed3183cc,2026-02-12,158004641
993ba91f314b95b8,2026-01-15,158004641
fc88434e94d627e0,2026-01-29,158004641
40a19343b7641bb3,2026-04-30,158004641
a6597671581e8e0d,2026-05-14,158004641
9bc2c5c27ac58af7,2026-04-18,158004641
7961e87f4c40c95a,2026-05-16,158004641
e1999e846496bb72,2026-06-11,158004641
9358e8a1bbd6cbf9,2026-05-28,158004641
6950ae1f0c24cb32,2026-07-02,158004641
c1ea89158f2773e1,2026-07-09,158004641
b2d8b313dcc1ab71,2020-06-04,219258773
8be69a46860cb26e,2020-06-30,219258773
406f56e35c50f112,2020-05-14,219258773
cb6315f411166578,2020-05-18,219258773
89e33f41e01139f2,2020-05-26,219258773
f2d6d3239dc44b5d,2020-09-30,219258773
e05517d0e404ce53,2020-07-24,219258773
d9160618b8d9f0df,2020-08-26,219258773
6f93dfea0aff95fc,2020-07-30,219258773
dbda19fbf5f48913,2020-08-04,219258773
57e170f979a3882b,2020-12-05,219258773
2a25efd4e1312f85,2020-12-23,219258773
a160634ead64ba3b,2020-12-24,219258773
97e1d934b17887ef,2020-11-06,219258773
c55d829a4a40f5f9,2021-03-29,219258773
5e112338312e4e7b,2021-03-17,219258773
a2cb49ff51ef4118,2021-02-20,219258773
7078a0dd448fc1e5,2021-03-16,219258773
a4243ab1872348b0,2021-01-19,219258773
e23b4bf8d20afa9c,2021-06-11,219258773
36e2fda07a63b9dd,2021-06-20,219258773
1697ba2d27fe2559,2021-06-26,219258773
df7b8510c7f9fd5a,2021-05-11,219258773
e1548985d7a3aa9b,2021-05-08,219258773
b3641523779280bf,2021-09-09,219258773
00c279715d111d09,2021-07-29,219258773
46e2e9199d1628f9,2021-08-21,219258773
fea0ca2b1f43b598,2021-07-05,219258773
7bfd6d0e836483aa,2021-09-21,219258773
3a4bcd8b4d3fbe62,2021-10-15,219258773
bc7b917a94ac501a,2021-11-05,219258773
eb52cc5e14f904de,2021-12-16,219258773
26e1d971868424de,2021-12-01,219258773
709f82a3c2595a9d,2021-12-30,219258773
ec8cb12858243d34,2022-03-14,219258773
e1293f5f131d13a6,2022-03-10,219258773
fd262275c2c8baca,2022-01-06,219258773
2379325001a701ce,2022-03-22,219258773
f2a6c73a576c78d3,2022-05-17,219258773
bec95e741d9399f4,2022-06-25,219258773
bc451bbfd85e8b27,2022-04-03,219258773
f2581f6c80cc5d4f,2022-05-01,219258773
fa83458f929374ef,2022-08-18,219258773
f8e41a5bf2ece633,2022-08-09,219258773
2e17ca6db553f087,2022-07-19,219258773
4a74930d006e2235,2022-07-12,219258773
12818117f1f2815b,2022-11-25,219258773
ee22e734e690dcdf,2022-10-20,219258773
cfd597304e17256f,2022-11-16,219258773
9cd6681d22e5633c,2022-11-26,219258773
3c8458a73723b143,2023-02-03,219258773
011b620adf7e9001,2023-01-15,219258773
82401a7f427529ad,2023-03-30,219258773
6f61c9a82d1fd7b5,2023-03-22,219258773
f373d00c81282619,2023-06-20,219258773
4e8e76c6332e7ec0,2023-04-14,219258773
a9abab4ac3eeb602,2023-05-10,219258773
79910801667ea22b,2023-06-10,219258773
7c46d39917d952ba,2023-09-25,219258773
7facb1bfb2a6f70f,2023-08-23,219258773
e046517da9887ba6,2023-07-05,219258773
056bae0c00ec5d72,2023-07-08,219258773
7fdcafe3e88e302b,2023-09-23,219258773
6a4060a0afe0ca81,2023-12-30,219258773
7d471774c1a81e55,2023-12-17,219258773
b89860cfd23b2e31,2023-12-31,219258773
a93329c68d276dc3,2023-12-30,219258773
429058fb23d99e19,2023-10-27,219258773
97c814f380205edf,2024-03-20,219258773
b0eca230cfc505f7,2024-02-10,219258773
df7e67190b607f23,2024-03-18,219258773
38a8e0befd7ede8d,2024-03-29,219258773
e130f0496ec04f4a,2024-03-05,219258773
b136252221964635,2024-04-14,219258773
1389617efead8894,2024-05-18,219258773
ff0fbc8b7f3e8492,2024-04-24,219258773
35b52a4540b43cd2,2024-04-11,219258773
c21ac7f646c61377,2024-07-28,219258773
21980f1811aabd57,2024-07-10,219258773
cfb9f172f7f6dffb,2024-08-19,219258773
98cb76a1125c16d9,2024-07-01,219258773
7c5942e0a44ea7a4,2024-08-23,219258773
5588304b8794b504,2024-09-28,219258773
e45a44054a31151a,2024-11-15,219258773
8dc6183fcc398721,2024-12-13,219258773
29c7eb3c58f5043b,2024-11-12,219258773
3e98e189c1c2f08a,2024-11-29,219258773
ee9798c3b9d3f34a,2024-12-07,219258773
43039d6d136d2ca2,2024-12-24,219258773
d0d4c9363de55efb,2025-01-22,219258773
5436e06bfab551b3,2025-03-20,219258773
6a701cd6ca88a8b1,2025-02-21,219258773
c00ace71253e51c0,2025-03-25,219258773
dfadb64bc15e89b8,2025-01-04,219258773
abba775aaf483774,2025-02-23,219258773
cf1d1579f9b91bd8,2025-05-25,219258773
11a25eb9252f87bc,2025-04-22,219258773
68d6a798c4b86b00,2025-04-20,219258773
8282303f76db9aec,2025-06-16,219258773
7ae8b9ea0d2d2613,2025-06-07,219258773
b0faf417dbeae3cb,2025-05-28,219258773
2ab5d55a8917e084,2025-07-06,219258773
678cb8ab22f1e4a2,2025-09-26,219258773
5ff36c6e00be3fc0,2025-07-16,219258773
a6cf77a8fdf65edf,2025-07-08,219258773
d8a1d34928a52f52,2025-08-09,219258773
2e9d13bd1b09739c,2025-08-01,219258773
29b70928a27470a5,2025-12-10,219258773
79f92ab3c457b3aa,2025-10-25,219258773
a2b0dd70069da3cd,2025-11-15,219258773
12e4da8c1b8571a4,2025-12-13,219258773
b0cfd2ed7bb74fcc,2025-11-20,219258773
579b34c2f61b98bd,2025-11-13,219258773
943aa704438d376c,2026-01-24,219258773
8ba5e83bad68a35b,2026-03-20,219258773
3b3ccc7ae6f5d28a,2026-01-18,219258773
e11038497a5737a8,2026-02-20,219258773
6287661c43ca62bd,2026-03-20,219258773
f9f00df2fcfc6c7d,2026-03-05,219258773
ff9bde66fa98dde5,2026-05-18,219258773
cf8aeb12a4f6314b,2026-04-21,219258773
dca5d4fe64b98e80,2026-04-10,219258773
5d61af0d1857d54e,2026-05-21,219258773
f2c4c3de8d92da36,2026-06-12,219258773
bf1153645285b1f9,2026-04-10,219258773
1e69ad9180bb0beb,2026-07-09,219258773
ddf240f2ea784ed9,2026-07-15,219258773
82e2bef7acf8f296,2026-07-12,219258773
db28841d62e52ce7,2026-07-10,219258773
0d0349b9e18094e1,2026-07-01,219258773
819ac169493748de,2025-06-14,268213039
d6e0d82bfd96205f,2025-06-12,268213039
b3c85871abee396f,2025-06-20,268213039
421939f2c51a9e56,2025-06-30,268213039
bb9bed6e442c4af4,2025-06-23,268213039
6b16ca3d359034fd,2025-06-02,268213039
88f79744e2d84f5d,2025-08-14,268213039
3048e7d9a8040e5d,2025-09-04,268213039
0e02f78ac9e82293,2025-08-20,268213039
5535688396fe350f,2025-09-11,268213039
27cac55cc6a712f6,2025-09-18,268213039
d2845337c27f1b90,2025-09-08,268213039
de79ed0d18f6accc,2025-11-08,268213039
2ac512ecca4cefc5,2025-10-09,268213039
26b973bb04abcd0f,2025-11-26,268213039
60cad1cdb4c31b38,2025-10-04,268213039
e71b0f6b22261c04,2025-10-30,268213039
e74fb31e2597516d,2025-12-15,268213039
a7d1388222e74b4c,2026-01-22,268213039
e98c42425ecb3608,2026-03-12,268213039
b112edcecb279428,2026-03-23,268213039
78ce44d1d06dd640,2026-01-15,268213039
4064646f2d5fa262,2026-02-09,268213039
313afd7cf123cc1d,2026-02-16,268213039
238235daafcff0f2,2026-04-01,268213039
07221c9f6359ce17,2026-06-06,268213039
8a1c78e7ea46272d,2026-05-11,268213039
53722742458c018d,2026-04-23,268213039
818b49f63b95bde9,2026-05-07,268213039
2cebad6b13def286,2026-04-04,268213039
de9912953c96854a,2026-07-09,268213039
9f8be4d85af473e8,2026-07-13,268213039
1428477dd6e21410,2026-07-11,268213039
a9e276753d54aa2d,2026-07-03,268213039
dcd431b8404a58ac,2018-01-10,354628391
8019aa6694a27cba,2018-03-09,354628391
1a53c418b390afb0,2018-03-17,354628391
403b4b424143688e,2018-01-04,354628391
59159ee4d2183160,2018-03-08,354628391
f13c423871f8103d,2018-06-05,354628391
d2790317521f328e,2018-05-09,354628391
209dc8eccb54f672,2018-04-09,354628391
04d748ff8275abf4,2018-06-11,354628391
10e3a5c943901683,2018-06-28,354628391
216e325b0cd5b525,2018-05-31,354628391
2b3ee1072b0b24d1,2018-07-15,354628391
f30fe668c57688af,2018-09-10,354628391
a67bcfc13e592fbf,2018-09-23,354628391
49777792ded3a58c,2018-09-10,354628391
0bcc11d952fb92dd,2018-08-31,354628391
1841c16a31bcd628,2018-11-26,354628391
2cf34c92d217f238,2018-11-08,354628391
371f710d411277dc,2018-10-31,354628391
7b69d9bf8f1dc157,2018-10-25,354628391
98badf9675544257,2018-11-27,354628391
82975cca7994f6f5,2019-01-17,354628391
5669f2eaaa524e43,2019-01-22,354628391
c4474e8cdafa1d92,2019-02-13,354628391
2ca60032a06199fc,2019-01-16,354628391
4874d62c99866c93,2019-01-29,354628391
f9259f4a365baf29,2019-04-16,354628391
13be3c145b1264c4,2019-05-28,354628391
b526bac4a50640bd,2019-06-17,354628391
c9acbcd8219a090b,2019-06-27,354628391
71934a89c4b30024,2019-08-20,354628391
0d9a527a76d5f012,2019-09-27,354628391
6cc2febc1ddfdd18,2019-07-26,354628391
9770c9564ffae7ae,2019-07-22,354628391
1e7a6c41ee25b1ea,2019-10-09,354628391
8bbd60503152d3ab,2019-10-31,354628391
56f67f0a6b57098d,2019-11-13,354628391
5f4a4684ef5cd77b,2019-10-10,354628391
da9ba630cfcfc479,2020-03-14,354628391
6a214954c26de2ed,2020-02-20,354628391
acdfef4c6e8ee4bd,2020-02-12,354628391
e8cd4d3323409750,2020-01-24,354628391
534aba6abfcc22c2,2020-03-10,354628391
4d53781048ca1d3c,2020-06-09,354628391
a3b6b25d4ba6de00,2020-04-24,354628391
9e5cf32578897fc0,2020-06-03,354628391
6b0262d920ac3519,2020-05-14,354628391
b0e6c6e251f0e667,2020-04-29,354628391
58ead9eabe4e820b,2020-07-01,354628391
44d84f6741d82f62,2020-09-18,354628391
2dda1379e1384210,2020-09-14,354628391
e3ba59e3ae3e898a,2020-07-27,354628391
e0c9d3da901c2683,2020-10-07,354628391
ce44947da7a04d7f,2020-10-28,354628391
e0c420f69e3412c6,2020-12-08,354628391
7b3efa37a87d0a50,2020-11-03,354628391
109b66e53175f915,2020-12-19,354628391
0cbfe20300a73976,2021-03-15,354628391
83d0d06a141dc38d,2021-03-11,354628391
9edad5a56eb4932d,2021-03-09,354628391
50cf600450267bd1,2021-02-25,354628391
abf8086e587eb7b4,2021-02-16,354628391
2d1ef9fd7823ce3a,2021-04-13,354628391
dcb48490af19b208,2021-05-13,354628391
d0a4b7214ccc10ce,2021-05-11,354628391
7637ef9b60132bb1,2021-06-30,354628391
c25543925992529a,2021-06-25,354628391
dafee9c66dc89a1f,2021-07-05,354628391
a31f33a74608ced4,2021-08-13,354628391
f63f5581b52f97f1,2021-07-06,354628391
e582bf24321126d8,2021-07-13,354628391
3a4474af127b0512,2021-12-10,354628391
6a3d026d7b817e6d,2021-10-28,354628391
3fe8a52205485c57,2021-10-14,354628391
62f6ccbeb0eb3bde,2021-12-20,354628391
973c2c529955c9da,2021-10-27,354628391
662fae8512a056c1,2022-02-21,354628391
5903c3e5816d9a9a,2022-03-04,354628391
c4f58b41b2d36500,2022-02-16,354628391
e73f546b1c4e1874,2022-02-21,354628391
c60fa2b90383ee0a,2022-03-18,354628391
88ff5e71fcfe9c14,2022-04-20,354628391
9a31debb1565eaf9,2022-04-15,354628391
49a503333c78ea68,2022-05-02,354628391
9b1aa4af92277d88,2022-05-17,354628391
58533333efbd20d1,2022-04-18,354628391
549fb719e3351db7,2022-08-19,354628391
fd8f4872edc98d36,2022-08-10,354628391
559f95af005ff854,2022-07-23,354628391
2c21d3599afb989c,2022-12-21,354628391
307d2092ab8e1b57,2022-10-12,354628391
785edd9edb33b15f,2022-11-29,354628391
63fdc151765b259d,2022-11-01,354628391
40cbc1bce02ebae2,2022-12-08,354628391
252fef4ea24e6f14,2023-03-03,354628391
65326469605aad77,2023-02-03,354628391
ffda2d7cd9e0d47a,2023-03-10,354628391
27aa3d6e3a56aea4,2023-02-23,354628391
1415eeccc736d2a6,2023-01-24,354628391
cf874de4a87c1022,2023-04-18,354628391
baf632101ba63803,2023-06-16,354628391
ad0672a648db996a,2023-06-08,354628391
edd519045fd9795a,2023-08-15,354628391
f2082cd80308941f,2023-08-09,354628391
5366cfb7be4f6cbc,2023-09-27,354628391
5dd118bc77e0d1bc,2023-08-18,354628391
92f585938f5b87ef,2023-10-04,354628391
f7af599a1b78293a,2023-12-15,354628391
fba42e4bce22557d,2023-11-29,354628391
9157c62c41c12c2c,2023-11-09,354628391
c374227bdd6707b8,2024-03-15,354628391
481f32792075f11f,2024-02-16,354628391
bddd56c1c7102852,2024-01-14,354628391
e7170c63d9cb635c,2024-01-17,354628391
3d984a8058055bce,2024-01-15,354628391
05311c052070588e,2024-05-01,354628391
b0cce53e9b643cba,2024-05-03,354628391
9281c8d5f598e3f1,2024-06-05,354628391
6ee59ee607ebf010,2024-07-30,354628391
2a19b174029a6820,2024-07-16,354628391
db9790202e84277e,2024-09-02,354628391
d30a3e9ec2ed8c7e,2024-07-15,354628391
fab9db6a74fb3808,2024-07-24,354628391
66a46c98460907cb,2024-08-06,354628391
622a19d8f579241f,2024-11-18,354628391
8355a33721cbdaf6,2024-11-28,354628391
5d29820e2eefd950,2024-12-31,354628391
88e449745656c350,2024-12-02,354628391
c5d05786522b8918,2024-10-14,354628391
3e50f1c4b5d755e8,2024-11-26,354628391
3eb89a5efaff5c6e,2025-03-18,354628391
39695167dd40b9c5,2025-01-24,354628391
c85da6bfbe9a876c,2025-01-28,354628391
d78df0a3bacf6177,2025-01-02,354628391
993820b3f4152c80,2025-01-08,354628391
03aef4c5206ed1e1,2025-05-09,354628391
7de7f04614ea3fec,2025-04-09,354628391
8c88511ddcc40f00,2025-06-05,354628391
841afd2e6cec0ee3,2025-05-12,354628391
443dd6e5ad24c936,2025-05-22,354628391
264ffb2f4272f0f3,2025-05-07,354628391
22da7d6496430201,2025-08-18,354628391
bc98e31422ab014f,2025-07-02,354628391
469a7bb83d3e6988,2025-07-11,354628391
8826529febd53c2a,2025-09-24,354628391
368fa16689901995,2025-07-01,354628391
a5a86b3e140e8706,2025-07-16,354628391
df156fe80fcda960,2025-11-26,354628391
693167ba4a17f816,2025-11-10,354628391
fd24e69a8006bdac,2025-11-07,354628391
578ea6184d54bf05,2026-02-06,354628391
ec61724a010870ce,2026-01-27,354628391
49b40b72503dcf05,2026-01-21,354628391
313e14534f98fc6c,2026-03-25,354628391
6910474c6615f373,2026-03-27,354628391
7fdd9f310ce18fc5,2026-02-12,354628391
ff79d684de1a4852,2026-05-12,354628391
7f640d228121f0ad,2026-04-09,354628391
449944a9374f51aa,2026-05-20,354628391
e03c4ef937021d6a,2026-05-21,354628391
1febcbbdac12d214,2026-06-18,354628391
581290ce71d6bf7b,2026-04-10,354628391
46555e6be7925890,2026-07-06,354628391
4b2f40fedea5c5dd,2026-07-01,354628391
e4d71846d7efcb33,2026-07-02,354628391
3e8391ee1b2b1d58,2026-07-07,354628391
19cb52f750519be2,2019-06-28,380996798
2b83f5a600ba2561,2019-06-03,380996798
464927827047f26e,2019-05-24,380996798
dc9008d54e7d2fdc,2019-05-22,380996798
0f26a3f5fa6b8f6f,2019-06-13,380996798
13e4e262279b8c48,2019-08-01,380996798
ed8235b4f8794683,2019-07-12,380996798
dcacfa7044a42d98,2019-07-31,380996798
e5b15fc4aff12322,2019-08-23,380996798
62b39f7c4bd70a1b,2019-08-15,380996798
82bb7595dab1b47f,2019-10-04,380996798
5f80f95907922782,2019-12-13,380996798
679c2cfebdeafc4f,2019-11-08,380996798
cc4703c9f4d0327c,2019-11-15,380996798
7d5642b9eefa41d3,2019-10-11,380996798
732a49c114f328f7,2020-03-26,380996798
debfe01cb5ae0589,2020-02-06,380996798
1b340bf65a02cf66,2020-03-12,380996798
8200229a4926ec06,2020-02-14,380996798
7a08ed3c7cebe19b,2020-02-13,380996798
6df90f9e27c07443,2020-05-14,380996798
58d0ca77ca91decd,2020-06-10,380996798
5fb524c99b760c4b,2020-06-29,380996798
762ceaa2a3766a30,2020-05-28,380996798
8f443367950afd1f,2020-04-08,380996798
42b6cd78a4daad85,2020-08-31,380996798
8b2b4b74c68a1dfc,2020-08-28,380996798
41420a1e18c109f4,2020-08-21,380996798
c12312f5ea7bcd05,2020-09-24,380996798
040cf09f7f6c6369,2020-12-02,380996798
767a8e2cc02f2d47,2020-11-13,380996798
c3e2df940a4acfb4,2020-10-05,380996798
6816083807ba1225,2020-10-01,380996798
e800ccab2f0686f4,2021-03-10,380996798
37e492800833019a,2021-03-19,380996798
bd99bd3482fa2923,2021-01-20,380996798
c15ff0bd36241829,2021-01-27,380996798
237d306b5f13c784,2021-02-19,380996798
6f2c24ab0ba2123e,2021-04-22,380996798
99a40bc36323bb00,2021-06-01,380996798
a4277316c5581c97,2021-06-09,380996798
64ad9604c2554538,2021-06-25,380996798
4621eec1fd93ae4c,2021-07-23,380996798
b3a88e2cf1ee0e2c,2021-08-05,380996798
0675cc170e4b05ca,2021-07-05,380996798
a4982bf5f6b39bd9,2021-09-16,380996798
d981b5b7771a05d9,2021-09-24,380996798
8651960390fcf132,2021-12-08,380996798
0def171480aa800a,2021-10-29,380996798
008e23fe75d69ef2,2021-10-07,380996798
9078a82cd08695ff,2021-12-09,380996798
678c1c3224499282,2021-10-13,380996798
e269ff5fd7a9ff82,2022-03-18,380996798
316b39d2668b6b52,2022-02-16,380996798
e4542aafc5764c57,2022-03-16,380996798
d2b414bca4f8034e,2022-02-24,380996798
8a3a07a98363d365,2022-04-06,380996798
8b2b5a9ec996d529,2022-05-27,380996798
abaf89d54818b99a,2022-05-04,380996798
174689c42a1bb1e9,2022-04-21,380996798
e9ee23e32a2cee74,2022-08-11,380996798
a2c5a83aac9dbbef,2022-08-17,380996798
d41fa4869259c3c0,2022-09-02,380996798
83452cf602ec6b0a,2022-08-24,380996798
d339f0c3b1a015db,2022-10-21,380996798
1a3ededc16b2bc94,2022-11-23,380996798
d070c0c224c39ae4,2022-10-26,380996798
4eb87384383af764,2022-10-12,380996798
299c1bdf0d1a82a0,2023-01-12,380996798
d8ce348a82a42854,2023-01-19,380996798
07e958a5a87a0d7f,2023-03-17,380996798
a10fde6d854ae1ac,2023-04-05,380996798
484d32d5c630926d,2023-06-07,380996798
4a1536c10a1f33d4,2023-05-26,380996798
e3b8a09ec4a52830,2023-05-25,380996798
815919fb5770f96b,2023-05-18,380996798
6224d36b2da1d7e4,2023-09-27,380996798
76316b90877470a5,2023-08-03,380996798
2aa81af2103447fc,2023-08-02,380996798
1476047c9635375b,2023-09-29,380996798
289f8643d0790e9b,2023-09-01,380996798
03176724d7ec2103,2023-12-28,380996798
f3d31852639f2a6b,2023-10-05,380996798
0ae1271c90491530,2023-12-19,380996798
f666ae0ebb02a1db,2023-11-16,380996798
7ffe5f48248f8088,2023-11-29,380996798
0f9d4daf6d5267f8,2024-01-10,380996798
8e597fa807102e83,2024-01-18,380996798
c52e254205cebdf2,2024-01-31,380996798
03a91d95f0c2aade,2024-03-08,380996798
3a19ce3281536702,2024-01-12,380996798
3bb3a32f5ae407d7,2024-05-22,380996798
aaf0058b9a7956cd,2024-05-09,380996798
5e62667e2318f461,2024-05-03,380996798
9a701dbacd63b77d,2024-06-27,380996798
a75f8a6557a265a2,2024-08-22,380996798
be7eefdf9748a975,2024-07-18,380996798
fe052d433039b2ec,2024-08-23,380996798
ed058e46b0f2edeb,2024-07-17,380996798
abea0361a94ed5c2,2024-08-07,380996798
6f6fad045ec011ed,2024-09-18,380996798
8ad09539a1ce47dd,2024-10-18,380996798
991e80bc7c0447f9,2024-10-11,380996798
b9a4fbb1a4edbd2c,2024-11-22,380996798
d2326ad5bfcc2267,2024-12-20,380996798
0d3b836a63af5ab0,2024-10-04,380996798
51a8e00a4ffb6c92,2025-03-20,380996798
d4406301827748d2,2025-01-23,380996798
a6bccb449cc519c2,2025-03-19,380996798
ef1c7fc2e46c6583,2025-03-07,380996798
fae876e0c250d790,2025-02-14,380996798
aca891f1363ffe94,2025-02-27,380996798
9ca87402ee5d393d,2025-06-12,380996798
73fbec91e46bbc56,2025-04-16,380996798
54d397edb3f6fede,2025-04-02,380996798
f4f1fee539067f32,2025-04-25,380996798
39ba7a7ebaee0ea9,2025-04-23,380996798
230827ae2eff4be2,2025-06-11,380996798
bf5c38bf49385b4b,2025-07-25,380996798
fcef91b378ff9aff,2025-09-11,380996798
372cbf0bc7b2fd2e,2025-09-17,380996798
c43f53f1afde443c,2025-07-17,380996798
a6d96d50373e23e2,2025-08-07,380996798
be8faa994d02b491,2025-08-20,380996798
8e1764dc02b89c82,2025-12-12,380996798
89845151a9afcadd,2025-11-26,380996798
1e4aaeaf91850efc,2025-12-30,380996798
d83840385a9cb7db,2025-10-15,380996798
1c64d5d12d82596f,2025-11-12,380996798
3bc3d9dc00055e67,2025-12-31,380996798
07b5d037beb6fe4e,2026-03-11,380996798
f2bc8b94f7507b7d,2026-03-20,380996798
03c6b4ab5c0994ad,2026-02-11,380996798
2cecaf8131b87805,2026-02-19,380996798
1599e4053c9587bc,2026-02-05,380996798
29bd24c4cdcff112,2026-01-28,380996798
e231da48ef916312,2026-05-28,380996798
39c5642ee6094a03,2026-06-18,380996798
632c35eade2bd417,2026-04-02,380996798
fa1be727f72105bf,2026-04-08,380996798
c1bb8c356982e8a3,2026-06-17,380996798
c7c65f1ef46ea7da,2026-04-01,380996798
83ef75d7fe244176,2026-07-02,380996798
5a456e5dc92bba32,2026-07-09,380996798
eb16db663a25383a,2026-07-10,380996798
719bd1a3ef9cf18c,2026-07-08,380996798
dcbd324ebf9a5817,2026-07-03,380996798
28604094772330dd,2026-06-10,387042247
08dbeb64fbb8a5b2,2026-05-15,387042247
d67a4ebbb929a539,2026-06-09,387042247
20193fef836c824d,2026-05-23,387042247
787ccb77f6394e6c,2026-06-24,387042247
f12f1c7781d13d67,2026-06-20,387042247
35897fc5209b4c67,2026-07-09,387042247
67bb56ceb086c1cc,2026-07-11,387042247
09beea20156fad86,2026-07-07,387042247
ef304ef52d69a9e7,2026-07-04,387042247
afc6c432a1402de2,2026-07-10,387042247
f9d3ac30615b7994,2026-07-08,387042247
60c5edff74e92f2d,2022-09-20,402050558
e95724c68114e426,2022-09-28,402050558
0163b8860c179cf1,2022-09-17,402050558
d59882d7841e957c,2022-09-23,402050558
794dd609d4bafcaa,2022-09-27,402050558
0e9d90ecb26f6c51,2022-11-22,402050558
90310d99ee986a0b,2022-10-27,402050558
3c0a58977d5bc12c,2022-11-02,402050558
1c5f9f2d29135ffb,2022-10-11,402050558
433dfa014db36b9b,2022-10-01,402050558
67674bbebc796d16,2022-11-15,402050558
a28057a376b8db8e,2023-03-08,402050558
e4e3385b4a46e4e2,2023-01-11,402050558
f5796e1a9aa85a3f,2023-02-08,402050558
fffcc043e8592dad,2023-03-29,402050558
4a9f250ec0f6b425,2023-06-15,402050558
0249ee9244ffad53,2023-05-25,402050558
38235b18a515a71a,2023-04-28,402050558
df19e04880444363,2023-04-01,402050558
9871cb23d954a10a,2023-06-14,402050558
8292551169376d27,2023-07-13,402050558
6ef2cbd7001c9373,2023-07-05,402050558
cbf235c77563e353,2023-07-07,402050558
1304c462d06f7954,2023-08-31,402050558
8c4f58982ae3c3d4,2023-12-15,402050558
1e0d5e14d0da4e3d,2023-10-12,402050558
a0d00fef73814e76,2023-12-19,402050558
ec2695f3ddf52448,2023-10-03,402050558
287a7f1b581dab86,2023-12-06,402050558
5960b1fa9066c267,2024-03-15,402050558
a28f3e6db6bba6de,2024-03-08,402050558
44ee735df37a1787,2024-01-12,402050558
ea857b5decdda2c5,2024-02-10,402050558
3a673891024c5a78,2024-03-01,402050558
b8a8ec8c75b7ccf0,2024-06-06,402050558
acda315a70221de7,2024-04-02,402050558
8f99931effcc4cd2,2024-06-07,402050558
f85f0930c3b89e49,2024-04-17,402050558
054ec51a6e9116f3,2024-06-20,402050558
65d2912794a8bcb6,2024-07-31,402050558
cb17907fb5a0e429,2024-09-07,402050558
324390e31d05912d,2024-09-25,402050558
13b785c44cc8a5d0,2024-08-13,402050558
a52aae8d0630cce1,2024-08-03,402050558
c9bc9e0eb1a4f08b,2024-07-26,402050558
e5cb0140f1353180,2024-10-05,402050558
d3f753fe4a58479d,2024-10-16,402050558
8bf7881084b10fe3,2024-11-20,402050558
f17e0ac40df0cdd7,2024-11-05,402050558
528fac4c3e39aa83,2024-10-12,402050558
e94fb4979daf54c3,2024-10-10,402050558
73f12675c07fd788,2025-01-30,402050558
a0f2da29d061d9ab,2025-03-15,402050558
01707f50fc4963d2,2025-02-27,402050558
8e600c66a05d0ce6,2025-02-14,402050558
4ddd2eb84bdbfd95,2025-03-07,402050558
d33b216a9d59d6f4,2025-02-12,402050558
c2021e88fd466293,2025-04-08,402050558
888af0a3b47f865a,2025-05-24,402050558
b84e08ac49b55ebf,2025-05-20,402050558
1188959f06323132,2025-06-06,402050558
c17650455feb2b71,2025-06-15,402050558
cc4599fa5ba50f51,2025-04-17,402050558
1c19747de9a5f0b6,2025-08-23,402050558
b105177de8fcbf0a,2025-08-06,402050558
973c96da2afcebfb,2025-09-28,402050558
03a02bb2e34fe16f,2025-08-04,402050558
7ab0898f379d9963,2025-09-07,402050558
750555941b5bb416,2025-10-15,402050558
9cbec81682cead27,2025-10-21,402050558
74af67fc74f5b1ec,2025-12-10,402050558
7bcac8b10a5b53ce,2025-10-05,402050558
660268a1d1dbe596,2025-10-22,402050558
88d4534982a047cb,2025-11-23,402050558
4fcbe83bd119f517,2026-01-16,402050558
7e1c7b1f60226ac8,2026-03-11,402050558
846779c3d8ebf633,2026-03-12,402050558
7959bb2cf106937d,2026-02-10,402050558
0f8aa61a213d3ce5,2026-01-14,402050558
1bfa2048ff2c396a,2026-02-04,402050558
6921905cb3a87f23,2026-05-23,402050558
63cff44ce0addc75,2026-06-25,402050558
835106cbc56dfaf0,2026-06-05,402050558
ae6de583c4e6c5d0,2026-05-01,402050558
3211268309cbaf38,2026-04-23,402050558
25a5d2d904471ef4,2026-04-29,402050558
9bbc4946bbc989d1,2026-07-07,402050558
7d7c0ac593b68eca,2026-07-11,402050558
b5fbd62b88114974,2026-07-09,402050558
cc158a00a7b2e254,2026-07-01,402050558
b63637b0a63d0c53,2026-06-11,402306412
1a2c0fe3064dd1b0,2026-06-29,402306412
2245b9c9e3920e49,2026-06-16,402306412
af9375f03c3fe711,2026-06-18,402306412
c3cb83e45de90fb1,2026-06-24,402306412
537cbc7512622ecd,2026-06-30,402306412
d1277a96b1c45858,2026-07-13,402306412
4c2afb8e10550502,2026-07-09,402306412
a031518be2daa452,2026-07-01,402306412
e6e88a281d0d7f89,2026-07-03,402306412
2fdc168976ca1742,2026-07-07,402306412
a73f76d5573f4c3c,2026-07-08,402306412
b16637b79f0c32e6,2026-03-23,474763182
1617c8a53210110b,2026-03-11,474763182
3aa2c217b58bb0e5,2026-03-30,474763182
c183b901eddacde4,2026-03-17,474763182
c0f06a0a535215dc,2026-02-26,474763182
737d8e7e2f94e522,2026-03-25,474763182
30a81664ea4fe315,2026-06-16,474763182
0ef92493717c12ec,2026-06-30,474763182
6521d50aaf58a103,2026-04-24,474763182
05643d98b6c75f6d,2026-06-18,474763182
2b51d8dd06fd9101,2026-04-20,474763182
bf63238a11a615e0,2026-06-08,474763182
59ba7db8dc288608,2026-07-06,474763182
ffcec19fb5bfcde0,2026-07-03,474763182
01b5e565f1b7b8b6,2026-07-14,474763182
5ffe0a219d62f997,2026-07-07,474763182
f65bd5f0aa93fe9e,2026-07-02,474763182
d6d35a55fcf8c1ec,2026-07-10,474763182
75792145063180b9,2018-01-13,506779862
59e43466b1de858c,2018-06-16,506779862
ba713cdffcc520b4,2018-04-21,506779862
1b8a90bcaeee854b,2018-08-25,506779862
9b8cf07ae89acc96,2018-08-18,506779862
ec3bf797c0b901af,2018-08-24,506779862
8e9934e16678590b,2018-12-29,506779862
dc70c916a4017803,2018-12-15,506779862
48444d30339b0cd9,2018-12-01,506779862
e4c47b2caf585c30,2019-02-09,506779862
3f6823afc203ec90,2019-03-30,506779862
db4b9c3e96356b74,2019-01-19,506779862
0df60a9cbacb495f,2019-01-05,506779862
4c198457522e2273,2019-03-16,506779862
31425f717e33a6c5,2019-05-25,506779862
8a97693890827435,2019-04-20,506779862
373f21bb6134a9c6,2019-05-04,506779862
9bc601a2f024b0ca,2019-04-27,506779862
0f2d3298129909e5,2019-06-01,506779862
92382b780c278ef5,2019-06-15,506779862
0a517f40e56d095f,2019-09-07,506779862
f1897ff7cea29804,2019-09-28,506779862
643613b22af0a7df,2019-08-30,506779862
058a5509b6e38b75,2019-08-03,506779862
c4afc02675fff84c,2019-08-26,506779862
a4f3867318f9cc1d,2019-11-30,506779862
dfa3d404291239c0,2019-12-14,506779862
c54bb773f49828df,2019-10-05,506779862
9b76886b2480e9e2,2019-12-21,506779862
05e9211dd27bcd30,2020-01-19,506779862
ac3ba5ad9ceb3f34,2020-02-16,506779862
1a3ea83bb56bd078,2020-03-01,506779862
4d67dbed50f75b7a,2020-02-09,506779862
ce4cb193aa0cbd4c,2020-02-02,506779862
23714f6027fb3234,2020-05-17,506779862
51d3f014f14a16eb,2020-05-24,506779862
4178bd9a4bd0b241,2020-05-31,506779862
91fd6fe2fc39cbef,2020-06-28,506779862
417f1741e427c1b6,2020-06-07,506779862
c0426b7ba82279a5,2020-07-19,506779862
ed31d7c00068a295,2020-07-26,506779862
5a876d0d7833f4a8,2020-09-06,506779862
1252717b122261ad,2020-07-05,506779862
32888d35dec4c332,2020-09-27,506779862
7cc77f827bf3c074,2020-10-04,506779862
64dfd95634cdb521,2020-12-06,506779862
a496e90b49a11b61,2020-11-08,506779862
e6c6e3233a17b0f3,2020-10-25,506779862
947dfb7c4de2e763,2021-01-31,506779862
872f2d8639f9efba,2021-01-17,506779862
0f2f30a62c7a377d,2021-03-14,506779862
9835a0e870932122,2021-02-07,506779862
88732b7bcd9d07e4,2021-05-23,506779862
faee25694536dc26,2021-04-18,506779862
4f890949837990db,2021-04-04,506779862
5255a32a9992bea2,2021-05-09,506779862
b714628c5c90ba1a,2021-08-01,506779862
7b08efe7d7feb11d,2021-09-19,506779862
80748c8576e27ab2,2021-09-26,506779862
6e2ea039b49fcd16,2021-09-05,506779862
8da0de758cea729b,2021-11-21,506779862
5658d90afa153f4b,2021-10-31,506779862
0a26f6a776fde1e2,2021-11-28,506779862
eeffcfee313bb9fd,2021-10-03,506779862
4eb985d8d37182a7,2022-03-13,506779862
1a7fc9ea715eaf01,2022-01-16,506779862
98bfe8547fe0ae23,2022-03-27,506779862
58946822ceb71a58,2022-02-27,506779862
5baa6345ae2e5fc5,2022-04-17,506779862
b4f8fc734ea6d14a,2022-06-26,506779862
d918dcbcec5e91aa,2022-06-12,506779862
b26a09ce9798bcee,2022-05-15,506779862
038e18eaab8d3720,2022-04-10,506779862
2bd9263830f6850a,2022-08-14,506779862
442877c386f69b64,2022-07-03,506779862
3aa7534b050b5696,2022-08-07,506779862
14e47786a293a247,2022-08-21,506779862
cadfd6484705b719,2022-08-28,506779862
6f00287fbe19f8ff,2022-10-16,506779862
18455989d821b1e9,2022-10-23,506779862
379d798b247b6243,2022-11-20,506779862
e64dc04ab2bd6a2d,2022-11-13,506779862
b5e2fe876b10e820,2022-10-30,506779862
3769ea7d8555c93a,2023-01-29,506779862
0a6095b21a8f44a2,2023-02-05,506779862
ce75573284481ade,2023-01-01,506779862
ddbbb18bc0ffde0c,2023-01-08,506779862
1c16adbc5c758e97,2023-06-11,506779862
d73aff909106e63d,2023-05-28,506779862
4b14dd92d505021c,2023-05-21,506779862
d3624e78c68ddb45,2023-09-24,506779862
c9e207d9660565c7,2023-07-09,506779862
20d4702e3002e4c0,2023-09-10,506779862
2cc87faca8383adc,2023-07-23,506779862
4a2c020801763560,2023-08-20,506779862
7e1dee7b5eff7302,2023-12-03,506779862
a29cb9c2a6b5d7a2,2023-11-26,506779862
e7215ece0107cd1d,2023-12-24,506779862
f45a0231156bc8d0,2024-01-14,506779862
90f0904a249e5009,2024-01-21,506779862
24253ea92d7d9986,2024-03-31,506779862
91d4c0f410b00207,2024-03-17,506779862
caee836e0077ad08,2024-06-16,506779862
e3674a8fb6ecaecd,2024-04-14,506779862
c27e34467fab4ad8,2024-06-30,506779862
b730a325c00c722b,2024-04-28,506779862
de23fdbf1a2a4dc5,2024-05-12,506779862
5fa248ccb99b8f12,2024-08-25,506779862
28e43e97a93ea489,2024-09-29,506779862
56e360b6e5e903ee,2024-09-15,506779862
01163c306bb6bb8e,2024-09-22,506779862
b74c14b7e64ef612,2024-08-18,506779862
162bb86eb06a4d1a,2024-11-10,506779862
76359177cf9ba2f8,2024-11-17,506779862
ef69024d9e5692f7,2024-10-27,506779862
75ba3668145ce0e7,2024-11-03,506779862
59549d5bbc778b16,2024-12-15,506779862
76f25bba7dafb302,2024-10-20,506779862
3154d132b6d728a7,2025-03-02,506779862
531cdb3ce9c1d4fd,2025-03-09,506779862
dc0b636c96b8be62,2025-03-30,506779862
02f07fe353157969,2025-03-23,506779862
9331f3c778278601,2025-06-08,506779862
5d97ad4e16b52654,2025-04-20,506779862
4e45c45becac7981,2025-06-22,506779862
713a3cf2f488e3bd,2025-04-13,506779862
afdef9aae4e0b160,2025-06-15,506779862
b70185022a573859,2025-06-01,506779862
5210a751f1012ffe,2025-09-07,506779862
8830b69ee9fda5bb,2025-07-06,506779862
92c2c08d9b5f3e64,2025-07-27,506779862
9d0801df5f19fc32,2025-09-21,506779862
929dfcf25215a88f,2025-08-17,506779862
4386d6d7b3bc6e72,2025-12-07,506779862
8ad84917b9b69ae7,2025-10-26,506779862
c4da6a7a3bdd1247,2025-12-14,506779862
4e5659862e33efd7,2025-10-19,506779862
e0688b6e5e0d1abf,2025-11-09,506779862
8c42be1dfd81a2e1,2025-12-21,506779862
ef8ffd549f431c3c,2026-02-08,506779862
7ec0f2fb24bfae72,2026-01-11,506779862
e0eac7e2c6e31790,2026-01-18,506779862
81c0b27e8f1adf35,2026-03-08,506779862
1aa44f0100a7a4ae,2026-05-31,506779862
5633fee47553fe5d,2026-05-03,506779862
5d6a698b324f6285,2026-05-23,506779862
dcf6706a13278e0e,2026-05-24,506779862
4e519f91e760f203,2026-04-06,506779862
1831ee3ea3b803c3,2026-04-26,506779862
df21ccc0133eba62,2026-07-05,506779862
356e7e6c55bc41e0,2026-07-12,506779862
eb2e909d8f0471aa,2021-09-29,545045867
7da8c1de972ef452,2021-09-30,545045867
73135bf89845ae96,2021-09-08,545045867
21ffe7941c8cb014,2021-09-05,545045867
dbd799be9d98fae9,2021-09-01,545045867
1aa8f8e0b2bbcf6f,2021-09-09,545045867
e4ba12afae4489b8,2021-10-07,545045867
ab475f8cf1e0d1d3,2021-10-05,545045867
b04a0eeff17df410,2021-12-13,545045867
42a95c1b174a046a,2021-11-16,545045867
3cfdec2f034f345a,2022-02-08,545045867
9b106041667619e9,2022-03-03,545045867
31796091c0e27085,2022-01-03,545045867
fe5376b194feef8b,2022-02-03,545045867
f0d4567061a81aa7,2022-06-21,545045867
e044dd0bfe76144b,2022-04-16,545045867
9c804846c8cef7b6,2022-05-17,545045867
6839d5be0bfb3010,2022-06-06,545045867
b68dc0ceb9a5b3d9,2022-07-23,545045867
efce6e8177fdc909,2022-08-01,545045867
84f85c07870d0e4b,2022-07-05,545045867
1567e8516d715206,2022-07-06,545045867
f7a714cfce4a720c,2022-12-21,545045867
2d342bfe46b5f210,2022-10-31,545045867
a1089b1b4a08fd0c,2022-11-10,545045867
c86e6b45738cab5f,2022-10-17,545045867
49c819199fc6ce4e,2023-01-16,545045867
614e294537cc931f,2023-03-04,545045867
c5771e113a2de694,2023-03-03,545045867
bfb915fc2ab2be56,2023-03-22,545045867
2d1af33b8ea6deb3,2023-01-07,545045867
5eea25f60b0fc686,2023-04-18,545045867
56a7e512e3012780,2023-04-04,545045867
1b56778221228610,2023-06-18,545045867
c2d5ff190e836fd0,2023-04-01,545045867
3a4ae77f7e08c244,2023-05-29,545045867
f987811d2d459026,2023-08-26,545045867
6c175e5147c128a0,2023-07-16,545045867
9a6582d327cb2899,2023-08-28,545045867
00f59ce30da63235,2023-08-06,545045867
4581645a3deacde3,2023-12-25,545045867
81b9b69b9d4de09c,2023-12-19,545045867
eb3689b40888de49,2023-10-16,545045867
6a2c94ab98725967,2023-11-16,545045867
84f141642a1597a6,2023-10-01,545045867
0bb5916ea2786b33,2024-03-30,545045867
04fabba527474173,2024-03-23,545045867
5e3542e541f911f0,2024-02-25,545045867
7847f0428b8a7ab3,2024-02-05,545045867
911d117bae815b6e,2024-02-10,545045867
5e976de7fcaa94c0,2024-04-29,545045867
375fd5cf8c1b864c,2024-05-14,545045867
0f7216794a66762a,2024-06-23,545045867
2640076e0f54e098,2024-06-02,545045867
a00b691f4d3b6a72,2024-06-22,545045867
c8f42b6836436237,2024-08-09,545045867
e583e7bc0e5a36b7,2024-07-09,545045867
faba3d3a9f992289,2024-07-23,545045867
3a7fd7c969cad7e7,2024-09-21,545045867
b400918136782fdb,2024-09-28,545045867
88080e1deffd2220,2024-07-29,545045867
6f80ed4d30a16534,2024-10-26,545045867
63e6dc56769f8288,2024-10-06,545045867
3a6071770faa408d,2024-11-17,545045867
1da0256e42fdfc91,2024-11-05,545045867
c7abcad848e30f67,2024-10-06,545045867
21b46e8efb5451c1,2024-10-20,545045867
65d5f236097c79e6,2025-03-16,545045867
ee7b7158e26375f0,2025-03-10,545045867
d4aa0d3a5d46e41b,2025-03-24,545045867
d1e7e24ef2a58f36,2025-03-09,545045867
b79fcc7fcd3d4894,2025-01-07,545045867
7691d06b1eb888c6,2025-01-12,545045867
aec8aa7cbf7f6fe2,2025-05-04,545045867
92ce3118e9060f16,2025-05-16,545045867
3cb4bac09e9cef97,2025-04-29,545045867
53278ce939c9be6b,2025-05-16,545045867
c765122f73492b99,2025-04-05,545045867
c6383006617a020d,2025-04-07,545045867
7f978fc0785d2388,2025-09-15,545045867
e7529eff7eea07b2,2025-09-29,545045867
d4fa27768438959a,2025-08-10,545045867
61de8f89220a5340,2025-09-20,545045867
bfce8b4c4262498c,2025-07-21,545045867
24a7050890288b97,2025-08-16,545045867
4ffebd611d7382d5,2025-11-06,545045867
d4773c906eca58f7,2025-12-08,545045867
719728f117915d11,2025-12-11,545045867
8e90b65ac9dc86ca,2025-11-03,545045867
1953f9dd73111f17,2025-10-20,545045867
40c2526d24f5510c,2025-12-12,545045867
95793b75e0ce9319,2026-01-18,545045867
60c1ab901a3a97b7,2026-03-05,545045867
94a9926746d28273,2026-03-20,545045867
2adc0fbefed94589,2026-03-05,545045867
d8398d1fd1185875,2026-01-10,545045867
cb4fc0d5c1741d45,2026-01-15,545045867
2b18509a7473bed5,2026-05-21,545045867
4e32523dcefe0e29,2026-06-15,545045867
bc6449620b6e232b,2026-06-22,545045867
b227b3711766642a,2026-04-21,545045867
999cc4caafbf4071,2026-06-18,545045867
1edf6ef903d5569c,2026-06-22,545045867
9331b4d62c7f30b9,2026-07-01,545045867
309f880379db714c,2026-07-01,545045867
e967d1fed7975256,2026-07-07,545045867
313b9e2240e4248a,2026-07-07,545045867
a5074e1b1aa5e020,2018-03-14,597919007
033f7b8fd7bb1629,2018-01-10,597919007
6983e8dfde140d44,2018-01-25,597919007
d5e7ac124ed0a0d5,2018-03-08,597919007
a6bff9c9ea6f4890,2018-02-23,597919007
1e05b274b205ca24,2018-05-22,597919007
cc0a5339e82e27db,2018-06-13,597919007
51132b36232a94c0,2018-04-05,597919007
102786e08981c063,2018-04-10,597919007
5322a6e7ad4edd71,2018-06-22,597919007
fd39d994e698e103,2018-06-18,597919007
b1a24a7c04d8dac8,2018-08-30,597919007
f4219aea5d4e68c8,2018-08-23,597919007
92344f311f389714,2018-07-30,597919007
6b99c57a6ebdd04d,2018-08-21,597919007
bfd84bc0430a3a5a,2018-08-14,597919007
aae10b9e3b6ffbf6,2018-12-27,597919007
83e69fca0530097e,2018-11-22,597919007
d177d3227ca2e962,2018-12-04,597919007
02ebc8fd0ec65eb4,2018-10-03,597919007
bad6fad4575c21f1,2018-12-18,597919007
98137613b5e70d4d,2019-03-09,597919007
44158b9fef48e3f1,2019-02-02,597919007
7103e11ac523f77d,2019-01-23,597919007
f7b0f6e3f12af5ea,2019-03-29,597919007
bdc4d5b2dce0d8df,2019-01-15,597919007
b6114d337c3ca24c,2019-05-01,597919007
f4ecbc9e3c2ee92b,2019-05-17,597919007
95a86b0a65397502,2019-04-05,597919007
74143ad2aef98ee6,2019-06-06,597919007
30866dd15d1baf79,2019-07-16,597919007
b5adc4a53c0428eb,2019-07-12,597919007
66bfc0752c3e7461,2019-08-29,597919007
b8a6b62bb5a813f6,2019-08-08,597919007
3889b3ca23d952ac,2019-11-17,597919007
0d5e6c68835d0461,2019-11-07,597919007
62b89a513569be69,2019-10-31,597919007
688325a1253051cf,2019-11-21,597919007
45db89a2de005f33,2019-11-06,597919007
8c458bc999bc6a43,2020-02-08,597919007
8c123aa2e8f18b46,2020-01-29,597919007
eb690d2111380140,2020-03-11,597919007
9a10dc1813469892,2020-03-12,597919007
678bebe777b104e5,2020-04-21,597919007
607e7ca8b7ff797c,2020-04-18,597919007
22b536294f37fa6a,2020-04-04,597919007
8bc91dad7d2cbfc9,2020-06-26,597919007
096cfc30fd340549,2020-05-05,597919007
a03d8e07f624bcfa,2020-07-15,597919007
108afeb739db0b80,2020-07-16,597919007
3c38f6eda6afbe40,2020-07-22,597919007
26ec306c5cdabdea,2020-07-07,597919007
d848b3f610c2bf78,2020-07-25,597919007
65d5b025c03b4bad,2020-11-04,597919007
da68a4d22dc96d91,2020-10-16,597919007
774a6e4424824276,2020-10-27,597919007
906631a7f764240c,2020-12-02,597919007
7ddd0b7dd455f970,2021-02-17,597919007
e1cdddf0538676c7,2021-03-17,597919007
3f7b4efc22bac70b,2021-02-18,597919007
b7505240b85188a0,2021-03-19,597919007
8027a6a9a1ce73ba,2021-01-15,597919007
d775f496169bfe1c,2021-05-04,597919007
cf5e041e08547b08,2021-05-27,597919007
ff154d61ae02a9a7,2021-04-09,597919007
1f1e93344bf03ebe,2021-09-09,597919007
57fbab0524bc4e4b,2021-07-29,597919007
fd17c4bb407de628,2021-07-14,597919007
e057d968e0088b33,2021-09-30,597919007
05a9efad4686e725,2021-10-30,597919007
2d081e9b8f04caf2,2021-10-29,597919007
d4d67341722857ed,2021-11-11,597919007
0bb22322cf4cd1cc,2021-12-22,597919007
eafbb6ed0991075d,2022-03-29,597919007
4ba9588c815e5d01,2022-01-20,597919007
fb45f771922fa7a5,2022-03-31,597919007
6f71b1d768f5ffca,2022-03-08,597919007
d76029dd1ffe7496,2022-01-05,597919007
8ebffed317272f89,2022-04-09,597919007
a0ab2a872d52335d,2022-06-11,597919007
cb48efb1e265e627,2022-04-05,597919007
ce4ca54035833e98,2022-04-21,597919007
f18396cf7652603b,2022-04-20,597919007
2981a2c4b9661453,2022-09-24,597919007
1e7b6e9bbd5f3263,2022-07-06,597919007
c5a6ef50c0abca15,2022-09-27,597919007
eb18c0bea49d3383,2022-09-15,597919007
30e8b31a8645f521,2022-11-09,597919007
9dc738558a733823,2022-11-08,597919007
f80f0c9e251aa719,2022-12-29,597919007
ec3a4dbef53476de,2022-10-22,597919007
4719706b3e8124e1,2022-12-08,597919007
d712f2c7041d1a1d,2023-02-23,597919007
65c72cc1df25c0aa,2023-02-24,597919007
bcadaebfd6c6d1a6,2023-02-02,597919007
9c5afdf1d1ff9804,2023-03-10,597919007
4c640b51b4e44d92,2023-01-10,597919007
41c9992e9e544026,2023-04-08,597919007
824c6293f9d20891,2023-05-02,597919007
e2c7eea9567061ea,2023-06-08,597919007
6029ebd7a2b027f1,2023-05-20,597919007
350173ef92c9aeb3,2023-07-04,597919007
512804c975efddd6,2023-08-12,597919007
b18a28d7b9251ad0,2023-07-25,597919007
84ef62e356292c98,2023-09-15,597919007
1fbcc5ef11b3b8b1,2023-09-01,597919007
ccbffbbc9be66ef6,2023-12-14,597919007
df7fa087225c8d09,2023-11-16,597919007
349b407f83b06dc2,2023-11-29,597919007
ae544db331d15687,2023-10-20,597919007
c8822ccde9efcba4,2023-12-08,597919007
5f3829465795233e,2024-03-19,597919007
bd7b66af7064fa13,2024-02-08,597919007
333d860f210f48d5,2024-01-17,597919007
aa15cf5a34a5a52a,2024-01-25,597919007
bee482634be91d45,2024-04-16,597919007
7c072af74d823500,2024-05-24,597919007
54019320822aa98f,2024-06-14,597919007
2fb01ebdbd87a428,2024-05-10,597919007
8503d7f80b1cefcf,2024-09-12,597919007
7caa180ee1b684db,2024-07-19,597919007
b3d376f2d17ededb,2024-09-07,597919007
253656e93ceb616b,2024-08-14,597919007
2c18d62d6fc0366d,2024-07-26,597919007
6eeb764d637ec642,2024-09-04,597919007
ff457890e0e47321,2024-10-23,597919007
d759136babed14fc,2024-10-01,597919007
4107178f26467f3d,2024-10-04,597919007
a8b6cbb4435da650,2024-10-15,597919007
c7303db9c1292371,2024-11-23,597919007
64bef72e726633ed,2024-11-19,597919007
0874a984a1f84f0b,2025-02-05,597919007
5104bb886a1aea9a,2025-03-25,597919007
74e1996019292d1b,2025-03-12,597919007
3bd7bb5afee14328,2025-03-04,597919007
fc65c5525aa38407,2025-03-27,597919007
aa3874cab1d9bfe8,2025-03-13,597919007
0fd83adee001203b,2025-04-17,597919007
d130e493de16c161,2025-04-23,597919007
0a35ce2d37ee4db4,2025-04-30,597919007
9691645a14dc7475,2025-06-14,597919007
94efe3a6e4dd1da3,2025-06-24,597919007
cd4c29115026f2fa,2025-08-07,597919007
533789803d906a26,2025-09-11,597919007
72ad69c331842363,2025-08-12,597919007
9dde24616168d964,2025-09-30,597919007
65de555776129607,2025-09-06,597919007
844e0ea1fa328865,2025-08-06,597919007
a327110324d83702,2025-11-06,597919007
c42f8291c003afc1,2025-10-09,597919007
320bdfaa410ad1bb,2025-10-10,597919007
4fe1c62fce1ee167,2025-12-12,597919007
a1166d1f91256eb0,2025-11-14,597919007
ffc5eb9a063d5369,2025-10-16,597919007
b532ddf1983ed9b5,2026-02-14,597919007
a2f1e2e733e1299f,2026-03-18,597919007
326c8955a3eb3f02,2026-03-25,597919007
a3c404c56149e158,2026-01-16,597919007
b16a521053b6c9f1,2026-04-22,597919007
1c061692b0af0a19,2026-06-25,597919007
7af62f8e8508f77d,2026-05-22,597919007
a4e427aa88c754b6,2026-05-23,597919007
8f21a4e153242edd,2026-04-25,597919007
33fda295a67b8ef7,2026-07-11,597919007
b4849ea4139ca782,2026-07-01,597919007
418d30ffc1a90590,2026-07-03,597919007
d4d471743dcf2eda,2026-07-10,597919007
dc9f6255c9c852ac,2026-07-14,597919007
d0804057dfe68d96,2018-03-02,682478916
46e67402146e9ed7,2018-02-19,682478916
dbd2de3cbc026490,2018-02-14,682478916
7d6b8f84f24bef7b,2018-03-08,682478916
df9d8f4c7bc597d1,2018-02-07,682478916
9d0ee21fd61b89bd,2018-06-19,682478916
66c053455ed8f1e6,2018-05-07,682478916
ac53ac4a18e917b1,2018-06-07,682478916
862e09a061b78534,2018-05-24,682478916
ddb9e6da282cd88f,2018-05-14,682478916
6a0ba807230241df,2018-09-13,682478916
723b3e0b57d171a8,2018-09-21,682478916
d42e4e127ed52efc,2018-07-31,682478916
fea78ed8a1cf954d,2018-08-29,682478916
a68746316f723a95,2018-11-13,682478916
4bde64d785809899,2018-10-04,682478916
f5a25256831d137b,2018-10-18,682478916
253c1323f046ccbe,2018-12-20,682478916
e1ad06a689899ef7,2018-10-16,682478916
3c57a4ba07f5ebcd,2019-02-04,682478916
6aa159861fe8ac60,2019-03-18,682478916
fdcc4e413f62f9e6,2019-02-11,682478916
15ee19e746677dc0,2019-01-17,682478916
4dc3ad07ebe99e0e,2019-04-17,682478916
7513162170fd5dea,2019-06-03,682478916
64125baf0e530dd2,2019-05-13,682478916
d21aaead91e0d77a,2019-08-07,682478916
807d351bd91085ae,2019-07-29,682478916
713c3e911726a87b,2019-12-16,682478916
46c64519fe0b9ff4,2019-12-30,682478916
6a843422c4a952aa,2019-11-18,682478916
b09cc238ca359a11,2019-11-04,682478916
e990878c56c6ec40,2019-12-23,682478916
da312b88727e2df8,2020-03-16,682478916
449d75a4d823f794,2020-02-17,682478916
dfbc159cb2799868,2020-03-09,682478916
cd9f299db03ccad0,2020-02-11,682478916
ee417b5a5ecbd7e0,2020-01-13,682478916
4429529092706b92,2020-06-24,682478916
bac4c0e81f91c7e6,2020-05-14,682478916
f17b2c8eb1b9f781,2020-05-07,682478916
63c9bfca49c3fc5b,2020-04-13,682478916
b01e80de8b4f09fd,2020-04-06,682478916
ebc3d48e858192ff,2020-08-18,682478916
fb3151f05d13a4c0,2020-08-04,682478916
a80532be5ea67461,2020-08-10,682478916
59c080d7a8a221ae,2020-08-24,682478916
f013c49ce1ac91c1,2020-07-13,682478916
a565f2f689f2c3f3,2020-10-30,682478916
75f2caadfb4ad6fc,2020-11-02,682478916
a318ca1f0d4349a9,2020-11-10,682478916
84fb2aa29a3ee66e,2020-11-23,682478916
950c5bfe3499e763,2021-01-20,682478916
bdb84bc620520860,2021-04-19,682478916
393db39103ef79dc,2021-05-12,682478916
d81c86cc933238d3,2022-03-27,682478916
7704da87f398de7a,2022-03-07,682478916
60970bf2b7f2e5fd,2022-03-21,682478916
0764ee477f4e343c,2022-02-01,682478916
37e10a9d8c269356,2022-06-13,682478916
bfdbd486c452e2f0,2022-05-24,682478916
49dc3edef4ebfe89,2022-05-14,682478916
3b6f5e1b3729a970,2022-04-13,682478916
43d2e636462f2732,2022-05-30,682478916
16fc711c1182dc20,2022-09-21,682478916
4e675cf5a4771b5c,2022-09-28,682478916
9fc248600380866b,2022-08-17,682478916
0d09c0c3440ffcc2,2022-07-11,682478916
355688a10f99f2c4,2022-08-20,682478916
3c19ac06f42fca46,2022-12-22,682478916
0bc5fe8f56a82daa,2022-11-17,682478916
95de81824565b19d,2022-10-10,682478916
a6fdb8526c4de1ac,2022-12-08,682478916
c8158000fe7bf356,2023-03-21,682478916
c56e27a44f98a060,2023-01-23,682478916
fc8d0516d8905509,2023-01-31,682478916
bf0d3f7086eb7183,2023-02-07,682478916
0f457b7228fddb72,2023-06-27,682478916
6d06ac43cc6edb7c,2023-05-19,682478916
3bd52acafc9cc2ae,2023-06-29,682478916
4b0ecad0903f9b1d,2023-04-25,682478916
657e4717b18b20f9,2023-04-03,682478916
4c385bc5d0e4f3f3,2023-09-28,682478916
9fdc3c3d7afc71ad,2023-09-27,682478916
ec9d526636b58f43,2023-08-25,682478916
06817039b3551076,2023-08-22,682478916
e95979325bbdbac0,2023-08-31,682478916
34e132998649a05a,2023-10-18,682478916
7b1f975e4bc7371c,2023-10-09,682478916
508b651cdce5e17d,2023-10-13,682478916
51f15715d8a0aea8,2023-10-11,682478916
d5b0ee5986886687,2023-11-06,682478916
ea113c40d8d1b548,2024-03-11,682478916
9f64d024c94285ea,2024-01-04,682478916
810cc306d603150c,2024-01-30,682478916
e1e079eb1fd7f033,2024-01-05,682478916
3ea80cad8034e7f7,2024-04-08,682478916
6c26adcc65adf9b8,2024-05-06,682478916
4756cd4f0a25a0e5,2024-06-25,682478916
fb303dfc53cdab94,2024-05-22,682478916
fdea68602444623b,2024-06-10,682478916
4d90e6a5b11b65cd,2024-07-19,682478916
e8dbc4fc876e274c,2024-08-10,682478916
ab3fbb16c7c39c84,2024-07-13,682478916
b671ca4ad1faf31a,2024-09-29,682478916
623d1e5019c5978d,2024-09-19,682478916
ca676537fa5b952c,2024-08-15,682478916
6ed0ebf82e5083d3,2024-10-29,682478916
4e3eea79369aa33c,2024-12-23,682478916
3ef1dfc27624d2e9,2024-11-12,682478916
f5e16b851a1cbaa1,2024-12-04,682478916
a202b2336e90a6de,2025-02-12,682478916
1ddaa381bb0b413a,2025-01-27,682478916
8d26386018fd840d,2025-02-17,682478916
5b3d51b983bc65c3,2025-03-06,682478916
172e48b45c8cfb2d,2025-03-26,682478916
555abee507e99244,2025-04-11,682478916
f5d78a4665a43026,2025-06-19,682478916
07d2db4f37706615,2025-05-01,682478916
e7af48dd90e7f58e,2025-05-07,682478916
ee6cc624777a1a22,2025-05-06,682478916
def8dc86ce2c82c6,2025-06-03,682478916
8c72ba79ee7117ef,2025-07-09,682478916
134fddbc0b9f5f0e,2025-07-30,682478916
5a69cd390d321cb1,2025-08-14,682478916
172060f251e4efc8,2025-08-22,682478916
4e3605f794a1539d,2025-07-03,682478916
4d648e364ba4ea71,2025-07-23,682478916
e286f395bfa6fbc6,2025-11-14,682478916
755ac47180ac1f47,2025-11-06,682478916
68bff65443f01211,2025-10-15,682478916
6fbebbbae0b3d585,2025-12-23,682478916
4424bc9e41d3b4a2,2025-12-18,682478916
de3e4a22d5a51445,2025-12-11,682478916
6013638f40da874a,2026-02-05,682478916
bb3095eff7d2c9c4,2026-03-20,682478916
4c759f20a5dab66c,2026-02-19,682478916
494d815d530b5339,2026-01-30,682478916
5c2001a29c9372dc,2026-02-06,682478916
b910348973c669a2,2026-02-27,682478916
5d3e6b2935e7d62d,2026-06-04,682478916
3e3c26f07d81d166,2026-05-12,682478916
267341788d579e43,2026-04-06,682478916
73a5553ce1a6acf8,2026-05-28,682478916
9efb0ec95f493346,2026-04-09,682478916
060c4d7c05d653ef,2026-04-23,682478916
11d4c331f707c60f,2026-07-01,682478916
be21ce3553c0ea64,2022-09-23,702998658
045eb6a584c73cf2,2022-09-30,702998658
8fbc6d7c0064d16a,2022-11-04,702998658
6777ef44bb98914d,2022-10-07,702998658
26f56d4b5a7cfadf,2022-11-18,702998658
d82637aa47896baa,2022-10-14,702998658
af0373be45c30d96,2022-10-28,702998658
8ff6e3fd1a254d10,2023-03-20,702998658
85680a992c4831e2,2023-03-24,702998658
ba58083aa9b07fcb,2023-02-17,702998658
d27d51a1ef5ce05e,2023-03-17,702998658
17662c7536a61188,2023-02-24,702998658
50387796bd987884,2023-02-14,702998658
9248620ceac3b23d,2023-04-17,702998658
b4939b0f1306d10d,2023-06-02,702998658
475b817fcd44850b,2023-05-18,702998658
6dff606ca3c5f3a4,2023-05-26,702998658
b552a081ddbbcf32,2023-06-30,702998658
2e5f511c6ac2e37e,2023-09-15,702998658
c4912d6e232e923c,2023-09-25,702998658
2d06cdfa3d8eb40e,2023-07-28,702998658
769fcedcad6a0fca,2023-07-07,702998658
789ce14de82ab3db,2023-12-01,702998658
6f1ae20dfe437651,2023-10-27,702998658
21756659e482f364,2023-11-17,702998658
b98eaabbec867142,2023-11-03,702998658
e0a7e5fce3666c29,2023-10-20,702998658
71fb1666a832f246,2024-01-26,702998658
7a732454508389a3,2024-01-05,702998658
92f5ca68ff7bdddf,2024-03-15,702998658
f2df6854eead4af4,2024-02-23,702998658
b01236ef73873972,2024-03-29,702998658
03299067a68f2874,2024-04-19,702998658
4e8b46321b2d5dc3,2024-04-26,702998658
7d5886cc3fbe92f5,2024-05-03,702998658
a9c4e05d62b7f488,2024-05-31,702998658
65f41ea55ee5bbe1,2024-04-05,702998658
51d8a9781e64b4ae,2024-07-19,702998658
25ffc2fb62a25045,2024-07-12,702998658
e8774100f7568148,2024-09-13,702998658
b3430b24fb7ca150,2024-08-30,702998658
68aa1010dbf5f677,2024-07-26,702998658
8f4f4ba630af8c0c,2024-08-16,702998658
d9c62e5b0689d0f6,2024-11-15,702998658
08186f90ff3fb466,2024-10-25,702998658
6516216246d86574,2024-12-13,702998658
a92396da826769c8,2024-11-01,702998658
591d25697a485dd3,2024-11-08,702998658
bbdee970fd29f93d,2024-10-18,702998658
47fae18cf7b04042,2025-01-31,702998658
95fff5c972f97529,2025-03-21,702998658
434ff7746873bba5,2025-03-28,702998658
cc98a1db4e38d660,2025-03-07,702998658
2adba2383c2bc2e6,2025-01-24,702998658
399f30cdbea21709,2025-01-17,702998658
770003a791319579,2025-06-20,702998658
157cacc7bc9f26b9,2025-04-25,702998658
df216dc780f40b7a,2025-05-23,702998658
cfd551a6848bc58f,2025-05-16,702998658
5f7c7bdc76652670,2025-06-06,702998658
e1f3e99479216c2e,2025-05-30,702998658
32a824e5d7a541cb,2025-08-08,702998658
4bdbc9bce09229b9,2025-08-22,702998658
8093163b2e86d15f,2025-09-12,702998658
679be19ef01b8024,2025-08-15,702998658
c7312d09ac2bc22d,2025-08-01,702998658
df41ab6179535373,2025-10-03,702998658
a4012e95426cb7ce,2025-12-19,702998658
211bc6a37d00a668,2025-10-10,702998658
6ec1012c72fb5072,2025-10-17,702998658
ac2fdb715a71bf59,2025-10-31,702998658
53d59b4af0e958a3,2026-03-06,702998658
70ca4f887c9dcdb7,2026-01-23,702998658
1567a1440a189629,2026-02-13,702998658
e4a4e4c9bfc23de2,2026-01-16,702998658
48efd312dd227fda,2026-02-20,702998658
cb6d005281e1987a,2026-02-06,702998658
5025b700ad5d1fbe,2026-06-19,702998658
273b852794320319,2026-05-15,702998658
3f1dcf210b067151,2026-05-29,702998658
6aaded019948709d,2026-04-03,702998658
3f91735738031018,2026-05-01,702998658
9ebf037ad9bf367f,2026-06-12,702998658
b788493e9e29998c,2026-07-10,702998658
02a9457713f47ccb,2021-12-21,716825890
7e7a74fb17c9c21d,2021-12-30,716825890
32e48c8790d8ed10,2021-12-28,716825890
4ad81f749123bcaf,2021-12-18,716825890
df3b176e8dc3bba5,2021-12-31,716825890
61abc12e7f497762,2021-12-22,716825890
cffeb2f1f9e368ce,2022-01-14,716825890
e9b88cd4555c3844,2022-03-24,716825890
2fd3110df6cf03d9,2022-03-30,716825890
5953264a329fae9c,2022-01-06,716825890
e2e18b414d05019c,2022-06-09,716825890
4cbf776de7a2cf50,2022-04-27,716825890
f28716781481a893,2022-05-05,716825890
92bc65f8588ab60c,2022-06-29,716825890
91e8990bc22f14d2,2022-09-01,716825890
3d45bd7cf3874464,2022-09-30,716825890
e13e4fcf5247e986,2022-07-28,716825890
55c6d5bbd5e45234,2022-08-11,716825890
2c6b09cd3d951ad8,2022-12-08,716825890
35a3961de34f7085,2022-10-04,716825890
f319377e24c63863,2022-12-02,716825890
32487b75155d90a8,2022-10-08,716825890
c83de70d038ad202,2023-01-20,716825890
90a3b2bd90b1fa32,2023-01-05,716825890
5acc02530c2d0f9c,2023-02-10,716825890
6cfea25c12a4f1c9,2023-02-18,716825890
2f58a42a1934a0d5,2023-04-26,716825890
0037fa2da2ea8736,2023-05-24,716825890
ed9a310598c60af5,2023-06-14,716825890
83164eb849d1a98b,2023-05-20,716825890
57967d71e2e4128d,2023-06-28,716825890
681318451f792b3c,2023-07-08,716825890
44c8452722764fdf,2023-07-19,716825890
4312bf9c3995b14e,2023-09-22,716825890
8efddeb3d48b3a75,2023-08-31,716825890
f2c880574bdb53a6,2023-09-07,716825890
2dd136ced2460e0f,2023-10-14,716825890
7e6844096f152099,2023-10-13,716825890
31c5123e55d1d571,2023-11-23,716825890
997fdfabd06e3562,2023-12-09,716825890
480bd28fd91aa911,2024-01-25,716825890
8d01cfaf6cc1c966,2024-01-20,716825890
011c8e767af8dddf,2024-02-16,716825890
5e21ede8b4e58020,2024-02-03,716825890
319202c51bac4521,2024-04-05,716825890
4e7c7e3edcaa36fc,2024-05-30,716825890
274f146eb50c732b,2024-06-15,716825890
ba714fdb17579758,2024-06-22,716825890
a28f6b6a9891bbdc,2024-04-25,716825890
6336aff656a0e725,2024-08-16,716825890
6bf972f279a622aa,2024-09-14,716825890
6b88c7378ebd338e,2024-08-24,716825890
0facde9c5c9763a1,2024-09-26,716825890
9432d72bfb6bead8,2024-09-13,716825890
6e50930dd6905cc7,2024-08-17,716825890
aa732543d73b05b9,2024-11-14,716825890
2f0515a801d788e9,2024-10-18,716825890
c82e16c5bb905d44,2024-10-19,716825890
951d417b3b546267,2024-11-29,716825890
0424020eca534e83,2024-12-21,716825890
f6cef5a65a025a14,2024-11-16,716825890
aaeb2c56cea163ac,2025-03-22,716825890
92b23b1bca63751d,2025-02-20,716825890
14bf4d719931ea3c,2025-03-01,716825890
4135f08090a94268,2025-02-18,716825890
1685f075d61238c2,2025-03-28,716825890
e3c8808b844c66c8,2025-03-14,716825890
ef8501d9bf3c4fd2,2025-05-03,716825890
9aad0ee2bcc072cc,2025-06-26,716825890
07f7c2412f6a95d0,2025-06-18,716825890
a039012565d21f0a,2025-05-22,716825890
7a091b36794bde0d,2025-04-24,716825890
aa3b716cc01fed3d,2025-06-21,716825890
0dc8c598128a5999,2025-07-12,716825890
165c9f2e2d811d47,2025-09-20,716825890
25c3dc9874e485ed,2025-07-18,716825890
18f940260d6a22ac,2025-07-25,716825890
e009aa0d26f99399,2025-07-04,716825890
aab71c3921e282d0,2025-08-07,716825890
8ac58591b77e417d,2025-12-25,716825890
8d1050b67beaf6b5,2025-11-19,716825890
e672a9c4d4d87476,2025-11-15,716825890
c2aec383923d9dda,2025-10-31,716825890
3722ed5b1d0c0f7a,2026-01-17,716825890
d4416c8a45a1a230,2026-02-05,716825890
c370e264eb3e2daa,2026-03-12,716825890
9a5a030cdf33fea7,2026-01-10,716825890
f5c980ba27ee7851,2026-03-27,716825890
aee8be7001d36ea0,2026-02-21,716825890
3d112cf6b55f4bfe,2026-05-28,716825890
d14a55216275186d,2026-05-21,716825890
fc33dd76afd00a63,2026-06-25,716825890
f12413e67b378fc0,2026-04-16,716825890
a320051dec73a436,2026-06-06,716825890
de9c239eed63b427,2026-05-14,716825890
5fa055c7f643603b,2026-07-09,716825890
8ed096b903a188a0,2026-07-04,716825890
7148243d53e9777f,2026-07-02,716825890
6d37e3542003515c,2018-03-20,791564318
e19a7365e957b421,2018-03-25,791564318
d5ff7b4961662dba,2018-03-28,791564318
4ae287b020ef6bae,2018-01-20,791564318
86f5846743b2ee99,2018-02-15,791564318
efb6d529c5e95c82,2018-05-05,791564318
571b9c5f8a53e3f5,2018-05-22,791564318
04fd5a2f5a37b5e8,2018-04-21,791564318
6526cc3bb38f5fd9,2018-06-10,791564318
c159bd20235fdcc2,2018-05-23,791564318
b3d6d6e8df948a7f,2018-05-08,791564318
46c0abd07cae8dac,2018-08-30,791564318
d3a127d320175afa,2018-09-05,791564318
12cb759d4abd77d1,2018-07-08,791564318
8e3cdf2735cca62a,2018-08-25,791564318
3aef46ad321eee37,2018-07-16,791564318
f8075df73215da25,2018-10-04,791564318
e487ce7dde40c016,2018-12-05,791564318
15ff897f53df256c,2018-11-26,791564318
929a587a9aacd58c,2018-10-27,791564318
8a93ceed3930b502,2018-10-29,791564318
d3f0de6c22677cab,2019-03-24,791564318
bb921cabe1056199,2019-01-24,791564318
cf9410bf0e848fcb,2019-01-26,791564318
6e892ca91ac13bf3,2019-03-10,791564318
5eaf9e439079fab9,2019-02-23,791564318
2da2c72069782ff5,2019-04-11,791564318
602ecf5a72457c05,2019-05-02,791564318
ad064465c591c450,2019-05-30,791564318
fd7c0c6ad8e07ee9,2019-06-28,791564318
99c77d2c00efcd0b,2019-07-24,791564318
784910b8e387225a,2019-07-06,791564318
78dcb03d55e51160,2019-08-02,791564318
125223e18b9cb81f,2019-09-27,791564318
8c46386327defd37,2019-11-23,791564318
f299ea5af79623bc,2019-11-12,791564318
ed8ece9e7bb828e1,2019-10-27,791564318
0864dd2cda7ced4a,2019-10-08,791564318
f6f8d0806ad43bdb,2019-11-28,791564318
81c1644ba77a2313,2020-01-24,791564318
d24e21fda25ef31e,2020-02-14,791564318
e542722d36f11eb9,2020-03-21,791564318
8cee1d456c22197e,2020-01-23,791564318
faf039172877e04e,2020-06-23,791564318
64b07832930065ce,2020-06-10,791564318
6ec0dffb22cbe59b,2020-06-30,791564318
b9d3089abf16f116,2020-05-28,791564318
8c798e08670e6f52,2020-05-01,791564318
b2c70a0502cc1ae0,2020-09-29,791564318
b97c0068be7ee62b,2020-08-03,791564318
76d69f7ffc75d6f7,2020-09-15,791564318
6ec38382adf74100,2020-09-12,791564318
bed835fe754ef2e9,2020-08-15,791564318
27b27155c1671f46,2020-10-27,791564318
9aa49be7882a6f64,2020-11-13,791564318
b5bbd8a37bd59a2e,2020-11-12,791564318
347d8513b0d4f016,2020-10-31,791564318
467b7dc121741541,2021-03-02,791564318
2a0de3058593063b,2021-03-20,791564318
4a42eb3d48131e9c,2021-02-27,791564318
0bed6151890a13e8,2021-01-14,791564318
f79aeb6b2e0a4bac,2021-01-09,791564318
aa65f42332040490,2021-04-23,791564318
ca0b5e0493668419,2021-05-27,791564318
7e5b9706867f6160,2021-04-19,791564318
27346c2318a82f3d,2021-06-30,791564318
5fdf4661856bcd3b,2021-07-13,791564318
8e5b614e729bc6fc,2021-08-05,791564318
b716315be64f2c36,2021-09-12,791564318
d622a4a0f8aa5468,2021-12-17,791564318
ac45e5695a1f0ab3,2021-11-25,791564318
1a6cb86dc1a58d3a,2021-10-22,791564318
b1921590ef908a28,2021-11-16,791564318
9a7dae411f48792c,2021-12-17,791564318
55fc4a964b694489,2022-01-18,791564318
e1f30652dc54409a,2022-03-01,791564318
5dc493b43f91c797,2022-02-05,791564318
d4dc9cb947c35d5d,2022-03-08,791564318
2fc9cbad34c493ab,2022-03-14,791564318
73fc8b712faf2adc,2022-06-06,791564318
95b0ec06e69c17f6,2022-04-23,791564318
812b697b862d306f,2022-05-28,791564318
c7ddadc9870d8b38,2022-04-20,791564318
e1a661f9ec57f26e,2022-06-07,791564318
a64988d66256b318,2022-09-18,791564318
005f255ba0bb73ae,2022-09-26,791564318
5a45739763714d55,2022-09-06,791564318
0bf182f03c0a2d15,2022-07-16,791564318
a0e07469df6a721b,2022-08-21,791564318
c41177b1bf1c860e,2022-12-04,791564318
602caaa0b0aff95b,2022-10-10,791564318
459f3d5e902697c0,2022-11-07,791564318
2a6c4cf13a83d52a,2022-12-23,791564318
edda9b87948678e7,2022-10-02,791564318
3c74da480f184b14,2023-03-26,791564318
17296a8bbc90c905,2023-01-15,791564318
1fc3f1973e60596b,2023-02-28,791564318
4b81023373d1d187,2023-05-06,791564318
5af15e9e88f7395d,2023-05-05,791564318
2d1c1d403dc9c38f,2023-05-08,791564318
1d900ea78f10be5d,2023-04-09,791564318
2b6ec005d6e8f455,2023-04-07,791564318
995adbded8d6622c,2023-09-25,791564318
9dfb93ac7b0e7156,2023-08-04,791564318
c992ba7c03f928be,2023-07-20,791564318
2cdfb38fbdc7ac38,2023-08-14,791564318
6c9fb3c1973cf841,2023-11-29,791564318
9cffc187aa5a98df,2023-11-16,791564318
9315453dd9dab608,2023-12-12,791564318
7d713ea8b2ba89a2,2023-12-09,791564318
3502194190fb299b,2024-01-16,791564318
711bf9da802ce103,2024-03-14,791564318
83be2fcde9bab164,2024-02-06,791564318
4ae8a59466d0a036,2024-03-27,791564318
3f9c4b475cb04fbd,2024-01-09,791564318
a01e404cf2a6861f,2024-05-14,791564318
b14407809524854f,2024-06-11,791564318
7208f3b654bdc3ea,2024-05-03,791564318
2e73469946fab9d8,2024-07-20,791564318
12edb82b99164960,2024-09-18,791564318
67a2bc379895584e,2024-09-27,791564318
b892dfecc426bd9f,2024-09-26,791564318
3db3b78f90b8cbb8,2024-10-16,791564318
9d15949b0e9b49c3,2024-11-12,791564318
9b671aedea0304fd,2024-12-09,791564318
c0b18d5ccefd6880,2024-10-22,791564318
65da530718b4940f,2024-11-10,791564318
2693fdbc2030517f,2024-11-02,791564318
ad6ec4c33bd7dd3f,2025-02-07,791564318
cd32e3ce383500bd,2025-03-04,791564318
1b92d9cf809470ca,2025-02-04,791564318
ebf8a9a4b1dddb4e,2025-03-17,791564318
b5ff2b76a8515f27,2025-03-26,791564318
020398d809e8565d,2025-01-29,791564318
228c166f6835324c,2025-05-01,791564318
e90ba3ad1823e4fb,2025-06-21,791564318
7174147e2c6b98db,2025-04-05,791564318
44922e024c36092f,2025-05-21,791564318
d136655676522e8a,2025-04-09,791564318
a65e2df1478bbfd6,2025-04-02,791564318
e27c0d7680a2ad5a,2025-08-16,791564318
4b22721bfd86953c,2025-09-15,791564318
c68ac41c7ed2f325,2025-07-16,791564318
cf7098834fd58f7b,2025-07-02,791564318
dcf4eba369a0cdfc,2025-08-27,791564318
05514e510a53b270,2025-08-11,791564318
9d5c552ffae377a9,2025-10-14,791564318
c3fc10c6ae7b8dfc,2025-12-19,791564318
c4141d8fe8cba3c6,2025-10-06,791564318
643d9cfe6841683a,2025-10-01,791564318
5824415d3d102c7b,2025-11-19,791564318
0d84cbeb8e5dcc4b,2025-10-29,791564318
25e702954ad6f262,2026-03-11,791564318
41772639cc6d03e2,2026-02-18,791564318
350cf66307740197,2026-01-17,791564318
232e524601f2c21c,2026-01-28,791564318
af46b8c0e218aa00,2026-03-09,791564318
782294b65d6f794e,2026-01-17,791564318
e69083581da91164,2026-04-14,791564318
8c16a6b4a8393651,2026-05-21,791564318
98439a8698f40c60,2026-06-16,791564318
3e9232fa128d8794,2026-04-24,791564318
d31a45b0eb222e54,2026-06-25,791564318
cdfede11a1e99fed,2026-05-27,791564318
2f55e7db9e3849ef,2026-07-03,791564318
d7cc2acc89d21de4,2026-07-08,791564318
bc8862c1ff300213,2026-07-01,791564318
1b48944332615a41,2026-07-06,791564318
3e16b040aed46d82,2026-07-08,791564318
dd7b31903e8dafad,2018-03-09,925428680
f33025b61d8d3478,2018-03-26,925428680
4954652ce06a9c6e,2018-01-02,925428680
1ee3ea369a9c9f2e,2018-02-09,925428680
cd3c574757152aec,2018-01-27,925428680
b77002b19c062ce7,2018-05-19,925428680
74c5a8beee87a3e5,2018-04-21,925428680
e1c63dc358f36e9d,2018-06-21,925428680
0133edbd41ae8224,2018-06-02,925428680
0b57b07843271869,2018-06-15,925428680
7ba6571a1f96316f,2018-09-08,925428680
3ad27254aa30485c,2018-08-25,925428680
cde1129df5425926,2018-07-14,925428680
2d3f2dc95097d1af,2018-07-02,925428680
6504dd335c495679,2018-12-29,925428680
474ec8e491637b51,2018-12-15,925428680
105c6216f6320062,2018-10-06,925428680
6bbbfe545c3a2f0a,2018-11-03,925428680
7f6947440c55aa30,2019-01-12,925428680
c577c423666d75fe,2019-02-09,925428680
e6b7d2fdf824916f,2019-01-26,925428680
5dd96312f06f844d,2019-03-21,925428680
a72b210d16984586,2019-05-04,925428680
26d378840a93adf5,2019-05-18,925428680
a25dfa7d694ae328,2019-06-21,925428680
49d1c4f145976b47,2019-04-06,925428680
3737e08f7991df91,2019-04-20,925428680
4096bd836656411e,2019-07-01,925428680
deb50e95b6b28ede,2019-09-06,925428680
665811c80dd24249,2019-07-27,925428680
376510d204f7e1d7,2019-09-10,925428680
9ba64a0fea1dccb5,2019-08-10,925428680
2cd327247cd9c60e,2019-10-19,925428680
0fb11823f2001723,2019-10-05,925428680
e529597449784f00,2019-11-02,925428680
5843e9055ef36892,2019-11-30,925428680
5ec3e554cfbe9429,2019-12-13,925428680
8ac8b465c1588d72,2020-01-01,925428680
0e713b7e27dcd356,2020-02-22,925428680
73dcd8bbb765fccd,2020-02-15,925428680
bdc63a2f07290bb6,2020-01-11,925428680
fc57b0aa5d41b10a,2020-03-21,925428680
9cbe5ec3f81a8658,2020-04-18,925428680
acb233e6af32697e,2020-04-04,925428680
9abf9cb445caa629,2020-05-27,925428680
1462dcd43d4c959c,2020-06-24,925428680
a2ca09886aff60b7,2020-07-09,925428680
2fe9014d6acd2406,2020-07-23,925428680
b8f5b801dfccf507,2020-09-22,925428680
c7d1c4f8e40c20c7,2020-08-20,925428680
1fafd478e85940ca,2020-09-02,925428680
ba0d6d2592b32235,2020-12-23,925428680
59e1139f6cdc6651,2020-10-29,925428680
84c1e64eab00d991,2020-11-10,925428680
a26836aa6715d87d,2020-12-01,925428680
93abb829c83c60bf,2021-02-20,925428680
fa0c03dc4bdc8bae,2021-03-24,925428680
7d99ae345ad5b290,2021-01-28,925428680
67150f552015570d,2021-02-11,925428680
6579bd4fa0854c27,2021-02-25,925428680
3615b44ceddb163a,2021-06-30,925428680
188e9f7193947c36,2021-04-08,925428680
efcb11de8020eb01,2021-04-23,925428680
84df79910cd1d15d,2021-06-02,925428680
1bb5372d58a64ce5,2021-06-18,925428680
bb6809a585400b4b,2021-09-08,925428680
3c41e12f76092983,2021-09-21,925428680
470a112d8a1f18bc,2021-08-12,925428680
a327db47a4cad6e5,2021-07-09,925428680
f622ff951282d4d2,2021-09-03,925428680
1af979448ce9f609,2021-10-21,925428680
579a2802bffb396d,2021-10-08,925428680
78c8b81d253eefcb,2021-11-05,925428680
6b8f30f77c60e20e,2021-12-14,925428680
028da16c7d3f2166,2022-03-31,925428680
d8948ec51ae74c37,2022-03-06,925428680
836d80148afff05a,2022-02-25,925428680
c1096fb26603d6d5,2022-03-23,925428680
36d671d31401c453,2022-04-18,925428680
6918c78965fb58bc,2022-04-28,925428680
9dfb22286238226f,2022-06-08,925428680
33f0071620e6382d,2022-05-12,925428680
1db1ff2f39ab3f65,2022-05-18,925428680
adfe31a8d09c4f58,2022-07-27,925428680
e552f66b3790e0a0,2022-08-05,925428680
bb3ae799aaf8615d,2022-07-13,925428680
e2f5fb4e747fb8a1,2022-08-27,925428680
cc1ea15ff1a42339,2022-09-01,925428680
01d39f8372a9df00,2022-11-29,925428680
0ba03737543e01cc,2022-12-09,925428680
9f11651147d51dad,2022-12-20,925428680
55ab426ad0095334,2022-10-26,925428680
bba38165e9a60547,2023-02-02,925428680
f9bc6caeda958a8d,2023-03-03,925428680
d0c9bfc8dd247e0c,2023-01-24,925428680
1d267b81b33d2fa8,2023-01-10,925428680
b77dda4a99937342,2023-03-22,925428680
d1ba2c5f4aaad78c,2023-05-17,925428680
8e32885d057ee8a0,2023-05-31,925428680
acf4460d27637502,2023-04-04,925428680
aa76783e25c7f97d,2023-06-27,925428680
cd12bd1c7c6ea64b,2023-06-15,925428680
dd41b7f45838fbb3,2023-07-26,925428680
4661dbd4b4e91869,2023-09-29,925428680
238e94bf7881769f,2023-07-13,925428680
b7d44e72c0640ecd,2023-09-14,925428680
fbeb7add5fedc42c,2023-09-07,925428680
f64c96c979ff49ef,2023-11-17,925428680
5dd2f33abb492cd2,2023-10-31,925428680
2f27fda09620eb0d,2023-12-14,925428680
92609b269b94ffeb,2023-11-28,925428680
8e92c7f3931f9211,2024-02-15,925428680
a4dfa5cb7aed4b23,2024-02-02,925428680
c49c336f479d7b76,2024-03-15,925428680
73b1d989bbcd45c8,2024-01-19,925428680
a35ee8cfe16c101f,2024-05-15,925428680
dd30f6b14fa2b8ed,2024-06-25,925428680
026450877cdfb212,2024-05-30,925428680
21445f01e6dde26e,2024-04-03,925428680
9644abdd12994470,2024-08-07,925428680
35ec4b4b29bb2bd0,2024-08-28,925428680
da17f6acb32824e1,2024-07-23,925428680
72e58befd8f17157,2024-09-12,925428680
d99ed5a91ab3807a,2024-07-09,925428680
46edaa2ebc1508c3,2024-11-09,925428680
4cd21132beefd4bf,2024-12-21,925428680
f371dd031597b211,2024-10-09,925428680
786078fdc3acc6d0,2024-12-12,925428680
d527b1517428ed05,2024-11-28,925428680
16db94ab25f9b976,2024-10-23,925428680
35c7dd1fcd4379f0,2025-01-15,925428680
e01c7f55fcbce787,2025-02-25,925428680
64c99719f6af1fbe,2025-02-05,925428680
81ed40dbf2aed39c,2025-02-14,925428680
40b19e22a506758b,2025-05-06,925428680
4165f6d518b8ef9c,2025-06-19,925428680
ebae50bdff974555,2025-05-21,925428680
7001db2092d62840,2025-04-09,925428680
8d9a678ab9eb354f,2025-04-29,925428680
2fd5e7d2b1712c71,2025-04-03,925428680
efd60c6b7a07b241,2025-08-28,925428680
3a97220156a2e41b,2025-09-11,925428680
77f7f895b366239d,2025-07-17,925428680
3d52130457ed72d2,2025-07-03,925428680
1b78f2715d51bcc3,2025-08-08,925428680
95980f41888cf4d8,2025-10-17,925428680
366f29dbd15777e3,2025-11-20,925428680
8410588b7dc901c6,2025-12-30,925428680
43077b5b578c06ea,2025-12-04,925428680
1eedbbb1b6da91c2,2025-10-03,925428680
5b7f27899b2f363b,2026-02-12,925428680
c2c3782be7908120,2026-03-19,925428680
c077d95979bef6ac,2026-02-27,925428680
e05d4ec81c3448ba,2026-01-22,925428680
2b262d8fb300624b,2026-05-08,925428680
ee0e1c7631185371,2026-04-23,925428680
cf482ffe94b20e89,2026-04-09,925428680
c94d2346daf33173,2026-06-26,925428680
9e9cd0205266c8ea,2026-05-20,925428680
74fff15554f90629,2026-07-09,925428680
77f69ffeee02775f,2018-02-16,929121341
dc0f8268eae039a7,2018-03-31,929121341
646ced7f67e8db51,2018-03-23,929121341
cb7dd5ee62604fe3,2018-03-09,929121341
664b9c900226e017,2018-03-16,929121341
49c25c545d3ec092,2018-06-22,929121341
fdd5126e0934c238,2018-06-01,929121341
84add92e6e437f80,2018-04-20,929121341
897d63d77d16ced5,2018-05-18,929121341
6e4dbe2b94a487ab,2018-05-04,929121341
dc3d8c727d442de2,2018-05-11,929121341
26539be68c5f7dc1,2018-08-17,929121341
9194d6c2989cb024,2018-09-07,929121341
48b62460537c4096,2018-09-28,929121341
83d3f352e3310dde,2018-07-20,929121341
b36f60d0282e6a6f,2018-08-03,929121341
ad16ef3b68349a89,2018-10-27,929121341
e5f5b5a6e3dc1485,2018-10-05,929121341
bf275942dcc46c1d,2018-11-02,929121341
a2c27642612fb9ff,2018-11-16,929121341
c801dfb86336fca8,2019-01-18,929121341
5c663d66050b91f8,2019-02-25,929121341
fb2ba9b75e9e44dc,2019-01-25,929121341
cfdd5ee5680c1983,2019-02-15,929121341
365991c03f86cfb7,2019-03-22,929121341
6ff0b921c816be48,2019-04-26,929121341
57273312d753419a,2019-05-17,929121341
e483baef2df5a5fc,2019-04-12,929121341
a44cde012ca54bc1,2019-06-14,929121341
2522902f643c5c29,2019-04-19,929121341
2fa8f5354518ccbb,2019-08-20,929121341
9cd647eafe458f90,2019-09-24,929121341
b0c18ba257f4c1c6,2019-08-23,929121341
563e165cdf4528d0,2019-08-30,929121341
7012aa580053909c,2019-10-18,929121341
22e5457d356ce743,2019-11-08,929121341
c92a1a5fcb281063,2019-10-11,929121341
5dca929513aa9fd1,2019-12-28,929121341
45962ef618485a1f,2020-03-06,929121341
f4785812549b6f2a,2020-03-31,929121341
1a72c0bcd333adc0,2020-02-16,929121341
9bcfb1a5edcd2bbf,2020-03-20,929121341
289921982ea67088,2020-04-27,929121341
087fe23c7b5b943d,2020-04-01,929121341
06317934469c02f0,2020-04-17,929121341
c55114f9714f123c,2020-04-10,929121341
304a45dac7879d1f,2020-08-13,929121341
d99b41bb236d2fc3,2020-09-10,929121341
ed794897b615c9ca,2020-08-28,929121341
4744640be65a4a3e,2020-09-30,929121341
dc49adc4327b0b6b,2020-12-02,929121341
eb580988f6372052,2020-11-17,929121341
ce59d8acd9517467,2020-11-02,929121341
ea053b7302c68e3f,2020-12-08,929121341
26caa1d0878d07be,2020-11-12,929121341
68ec97508e39621a,2021-02-25,929121341
a030a7da60178623,2021-03-01,929121341
010baa34a616c5d1,2021-02-23,929121341
5e07bea08da73806,2021-04-27,929121341
eef1b2115698279d,2021-06-09,929121341
55f29b181e0b8990,2021-06-16,929121341
75aedf6b957de2c2,2021-06-07,929121341
efd0e5b9fb875a64,2021-06-22,929121341
4772e381a6159efd,2021-09-30,929121341
392d3a33eacccb24,2021-09-13,929121341
91946fb6edb7759f,2021-09-01,929121341
d0ef614ebdaffb51,2021-09-16,929121341
63e11bcd94501c50,2021-09-09,929121341
2785e4dab6920968,2021-12-02,929121341
0f5b88a2aacc696a,2021-11-24,929121341
c407b5afdc36b2a2,2021-10-28,929121341
30a21c7830f95a0a,2021-10-12,929121341
8142180c61700ea9,2022-02-23,929121341
8d6636c2cc2ae80d,2022-03-16,929121341
6e77202e3639a5a1,2022-03-23,929121341
78a74f5963aa2d4f,2022-02-28,929121341
668979e58c2e7c1c,2022-04-18,929121341
4a756b009609b933,2022-05-18,929121341
8af3acbc287c523b,2022-04-13,929121341
3c354a2fc0ec3cc5,2022-04-20,929121341
87a282d39ccbcb9c,2022-05-19,929121341
5430e68ebf193659,2022-09-06,929121341
dbaf142e5c62ab18,2022-09-06,929121341
3aad4bad742fecdc,2022-08-15,929121341
326a06f72f998e73,2022-09-28,929121341
8f9f12d09be9976e,2022-09-06,929121341
8ef853aaea42d16c,2022-12-19,929121341
ad7dc8bbb4dd7084,2022-11-22,929121341
c7c22185739c285d,2022-10-20,929121341
abfbe45ff6472cff,2022-10-06,929121341
fb9dea9e07be7411,2022-11-10,929121341
a2885c2422a4d0ab,2023-03-28,929121341
9aa675910e802ae4,2023-01-17,929121341
c8baee6fe930dbfb,2023-03-24,929121341
9fd54ac248c7e558,2023-03-23,929121341
733ffaf78384f015,2023-04-13,929121341
1b5d740c95972654,2023-05-24,929121341
f9acdefca1858c1c,2023-05-17,929121341
905e3112715f0123,2023-05-16,929121341
882972d711a0734e,2023-09-05,929121341
716a2b56974ccde5,2023-09-06,929121341
3100ac78795c8340,2023-09-12,929121341
bcccc985da8d6b17,2023-09-13,929121341
c775cd011f9984cc,2023-08-31,929121341
4fe6cfeb5799f35b,2023-11-14,929121341
a416c1cad813cabf,2023-11-29,929121341
0bc406c085e973b5,2023-10-17,929121341
d8ed1a17cce7fe4a,2023-10-30,929121341
2ce482bae8fd4ccb,2023-12-01,929121341
7ec5f3f74727be3e,2024-03-05,929121341
25c914f5fa99e41a,2024-01-25,929121341
fc98778a441915ca,2024-02-19,929121341
840f92497eb77b9c,2024-02-05,929121341
6dfd710a415d2e25,2024-03-28,929121341
eaeb19687a125ea7,2024-05-16,929121341
84257a32463376fc,2024-06-07,929121341
04229e9b84b5175a,2024-05-29,929121341
7582aba0ad4ea47f,2024-04-16,929121341
886de046777f15eb,2024-05-21,929121341
0536ccd5ffce83be,2024-08-07,929121341
716d3b5a07630299,2024-09-23,929121341
4396323974c844b9,2024-09-17,929121341
eff0c80ceb25e140,2024-09-16,929121341
a5935f4163b7180b,2024-08-30,929121341
5f6eea1872988f09,2024-09-18,929121341
e35fe96d084991a6,2024-11-25,929121341
29507cd337a9ac97,2024-10-23,929121341
1b556699da18bf3a,2024-10-14,929121341
3228d3586088cc7a,2024-11-20,929121341
746306ae03a0529d,2024-10-02,929121341
f89e1694a1009bec,2024-12-02,929121341
8361a5825ef91130,2025-02-04,929121341
feef36dd767077a0,2025-01-16,929121341
544f797eb8738f3e,2025-03-31,929121341
a6640aee5b31e45c,2025-03-04,929121341
4925637d5f56fc16,2025-03-19,929121341
1979fb5c97daa447,2025-04-01,929121341
00201d1661fa24d4,2025-06-19,929121341
174ddc8fa520193f,2025-04-08,929121341
caca134234c1be8d,2025-05-13,929121341
b8c68e5b1750fb7b,2025-04-28,929121341
b2d2a842d8d4692c,2025-04-09,929121341
aa2dc70e7cf5bc5b,2025-09-29,929121341
adbdad977a446cb2,2025-08-27,929121341
7fd004759f463b92,2025-09-11,929121341
20c09be81b89c119,2025-07-23,929121341
aa2eae9bba8499c9,2025-07-21,929121341
88852b86f996759e,2025-10-17,929121341
63f568d40a9fbcf4,2025-12-03,929121341
2f279520b3542208,2025-11-20,929121341
7e72aa9ca9b386fc,2025-12-17,929121341
6ef03971951b18d6,2025-12-15,929121341
f31e4e9a2b2ea223,2025-12-04,929121341
32d104a513030dc8,2026-01-07,929121341
f0f673a3175300e5,2026-01-12,929121341
d34469c8c5b3a1ab,2026-03-10,929121341
ee81ea7db1227dfc,2026-03-11,929121341
712a64c804312b90,2026-02-10,929121341
53a123e3e80ac4f1,2026-03-12,929121341
8361ef2230e3feee,2026-05-27,929121341
1f5dbf0f29c9ca59,2026-06-30,929121341
1fb8cd9664ef2560,2026-06-01,929121341
5bac152ff795c6fb,2026-04-30,929121341
877d61a9b8f60de3,2026-05-19,929121341
b730c251ed98e441,2026-05-06,929121341
098eeeced055b0da,2026-07-03,929121341
85bf75941aa96958,2026-07-04,929121341
2a63b86adabb2887,2026-07-01,929121341
93365716dda618b8,2026-07-02,929121341
682804104d4193b4,2026-07-08,929121341
2a5efc27d67bb61d,2018-03-14,956270301
6885070643d43b29,2018-01-24,956270301
752c2a4d336e9664,2018-02-01,956270301
6d78a3d6fd48f21f,2018-01-03,956270301
5c1b6b38d6ee13b0,2018-02-08,956270301
97e2bd5ba3110140,2018-02-22,956270301
e90848221940ce60,2018-04-04,956270301
43b205fb747c73be,2018-05-09,956270301
1e769b9d6ff32ed9,2018-04-12,956270301
158576b69d5bbf60,2018-05-23,956270301
8e870b0050b9ea5c,2018-08-16,956270301
62edebdb6443e941,2018-08-02,956270301
d4047514a7fc517a,2018-08-30,956270301
103445245a25ce32,2018-07-05,956270301
4c2e542c6d4ee4fb,2018-07-12,956270301
fe6b65b041573364,2018-10-25,956270301
7e3ef3e665179c6d,2018-11-01,956270301
7e6f1488e96eaff8,2018-11-15,956270301
5de224b1a2ca5fa6,2018-10-11,956270301
c4f55d750e5143a1,2018-12-13,956270301
d558334ae4626fc2,2019-02-20,956270301
e46edc3505f1c188,2019-03-07,956270301
874493caa2a777c7,2019-01-17,956270301
d68c2cbf23c6042a,2019-03-20,956270301
34823eb0557218f0,2019-01-24,956270301
af6ce1fb4497ef49,2019-06-13,956270301
b0b179bf4455e9a3,2019-05-02,956270301
391875d3b87f80b6,2019-06-05,956270301
68c676109f1f5671,2019-05-22,956270301
6ce3e2a0c40a2b4a,2019-06-26,956270301
9bc55a5ddf731da2,2019-09-19,956270301
5e265ec99d92b9be,2019-07-23,956270301
202b7364c509b43e,2019-07-31,956270301
bd48adb17f53d056,2019-07-25,956270301
2f1b6bc6204429c2,2019-11-22,956270301
df68952dfc9ac19b,2019-10-09,956270301
b5069de60f8101e7,2019-12-04,956270301
7be05f9fa70fb8fd,2019-12-11,956270301
6a715c2133c6d092,2019-10-30,956270301
e60c11ad4ce70aa5,2020-02-12,956270301
6def7a47b7d32ffc,2020-01-03,956270301
6e943fbe7f97c843,2020-03-11,956270301
235c277f7afb2c8a,2020-03-05,956270301
ffd9441f565a74dc,2020-03-26,956270301
a0ca714252b32318,2020-04-30,956270301
9e5e9164a4866e31,2020-05-07,956270301
ea17ee0ac489de54,2020-06-04,956270301
829b389adf5fe164,2020-06-18,956270301
851ef7f79ec6f4de,2020-09-09,956270301
12f2683a5f46a7ec,2020-07-29,956270301
3d8f7815f6dee121,2020-07-08,956270301
ca20f89349ea46b6,2020-09-17,956270301
97421b6c0d47e2d3,2020-10-07,956270301
264e11f8bf8d9d21,2020-11-25,956270301
badeac8e9a76c47c,2020-12-17,956270301
27767860bacb348d,2020-11-12,956270301
0fa5495a236bd867,2020-12-03,956270301
826a489ace71a192,2021-03-31,956270301
e758d9b9aadbfee4,2021-01-13,956270301
53e55ac8e4ae4393,2021-01-27,956270301
ef41d33ae28cdc9b,2021-02-17,956270301
0b7c27d27aca2a3c,2021-01-06,956270301
1c9d5a079b822f9b,2021-06-02,956270301
2f031184b44d624e,2021-05-06,956270301
8ee2ae54630eb37a,2021-05-12,956270301
ebf513696b523f49,2021-04-28,956270301
48666b0d9895e725,2021-04-21,956270301
84cfee2ac7e5e407,2021-09-08,956270301
bc081dbebfe5aae7,2021-07-21,956270301
48f032c5f9ca3ae7,2021-07-14,956270301
f4e095db13b719ad,2021-07-28,956270301
327aeb20ffd4661f,2021-09-22,956270301
8333bd93afffbd65,2021-12-22,956270301
969a85df6b255f34,2021-10-20,956270301
cd2e925cb4f62a19,2021-12-29,956270301
03d4b0f78bdf5908,2021-11-10,956270301
611ac4546e6c6e03,2021-12-08,956270301
59d0457b5e19a084,2022-02-02,956270301
134306bde5bb0e0d,2022-01-26,956270301
92710d3abcd7f5e7,2022-01-12,956270301
59970c8c0eab7de2,2022-04-13,956270301
17391eb62273c206,2022-04-20,956270301
42c9d50ba2a04166,2022-05-04,956270301
feddc34a7184b95a,2022-06-29,956270301
3617a3f30ba4806a,2022-09-14,956270301
15200d7963d1401c,2022-08-17,956270301
c27861426411f940,2022-09-07,956270301
ff6d6726b96e690a,2022-10-19,956270301
31f00af0a2c14357,2022-12-28,956270301
6cb76a5671dfcd92,2022-11-16,956270301
41fe5f3d3c6ed5e5,2022-10-26,956270301
6734e5b1df900ded,2022-12-07,956270301
ce16f5cebcdc399a,2023-02-09,956270301
4c9e323ea6914122,2023-03-16,956270301
86fa673d9d9d1a69,2023-02-16,956270301
3c57d5b7883765c7,2023-01-26,956270301
2c512d855de5c9d0,2023-03-23,956270301
b4a7b870fcbe8e38,2023-06-22,956270301
d07dbbedcfa5067d,2023-04-06,956270301
42acbb4f90ffc00c,2023-05-11,956270301
993d81b4bd527a65,2023-04-27,956270301
b65b3b929e26d7ed,2023-08-17,956270301
41f64b04838d1132,2023-09-21,956270301
3103c090e86f5322,2023-08-24,956270301
0023a324d9dd7895,2023-08-31,956270301
af13845d0a97f5e1,2023-10-05,956270301
4aa329c07619aa69,2023-11-09,956270301
748ba8606a871c58,2023-10-26,956270301
9e2a611e45cc40fc,2023-10-19,956270301
34179bc79e0adfdd,2024-03-28,956270301
0aefe25b862ecd2e,2024-01-04,956270301
897661ed0f6fc8cf,2024-03-14,956270301
a2714386ee73385d,2024-02-15,956270301
9d2ce879dfd3d8d4,2024-02-22,956270301
60d201e2475f49ae,2024-05-23,956270301
e3093ba29fb7b485,2024-05-16,956270301
0ddd9896c12a992e,2024-04-11,956270301
4a5425909ca30dba,2024-06-27,956270301
2957f2ba99c41323,2024-05-02,956270301
52d51beb20da59e2,2024-08-01,956270301
5c1c3341aebb66a5,2024-08-08,956270301
8934c19612a50f9a,2024-07-25,956270301
f478ac866064a974,2024-07-18,956270301
bde01e8326f19aac,2024-07-11,956270301
18911354bf436123,2024-09-05,956270301
6a3b7c6df5b9244f,2024-12-05,956270301
e71219885df214b1,2024-11-21,956270301
137b2d85bf439822,2024-11-07,956270301
64066f6290b0ab86,2024-10-10,956270301
2c924fe4971b7a29,2024-12-12,956270301
79cfe90b85e8de4b,2024-10-31,956270301
2557eeb99aa11a3c,2025-02-05,956270301
fdf167d5cebfef4f,2025-01-29,956270301
32ddf724459a3e25,2025-03-27,956270301
b24b7f48832f51ba,2025-02-12,956270301
a476017d33e6957f,2025-01-15,956270301
f732e8d0998c2641,2025-01-08,956270301
c0efd3f6435ebade,2025-06-11,956270301
7073f42eb6ffa39c,2025-05-15,956270301
e6b28c15f31bbaf9,2025-06-18,956270301
ab7f0b547122d762,2025-06-26,956270301
a01e45a8db6f1b47,2025-04-30,956270301
9d491d3f4d78e58b,2025-05-28,956270301
68c7d8dc6ca20129,2025-09-17,956270301
6f690a68b5f67f96,2025-07-30,956270301
59f4352be33bcb7b,2025-08-27,956270301
aa3827736e8556a2,2025-07-21,956270301
ae28f4c6c29b1811,2025-07-16,956270301
430cc49f9dadd487,2025-11-19,956270301
38d53e23231ae7e4,2025-12-03,956270301
5b4f9760a6733219,2025-10-08,956270301
0d5cdcd4a0f01901,2025-10-01,956270301
851266fb785f9056,2025-10-15,956270301
ab14d9fe77d177e3,2026-01-15,956270301
18d9537e6127d777,2026-03-12,956270301
d633ed7dbaf60ada,2026-02-19,956270301
a171025ecaebb47b,2026-01-22,956270301
b8cbf5b3f2862a9d,2026-01-29,956270301
76792ca0a1452a37,2026-05-07,956270301
0f61bd0597a64968,2026-05-28,956270301
9bc7fc3ec0505e6b,2026-04-30,956270301
0478a7f0767b5633,2026-06-18,956270301
3b4e6fd82fe24aae,2026-04-02,956270301
c72faa54f2719364,2026-07-09,956270301
08f3726c4c73bd9d,2018-02-19,969924303
d16bef6de3a65074,2018-03-19,969924303
8a17ffb062eeec16,2018-01-22,969924303
bd0abb685fbfe8d3,2018-01-08,969924303
c3bc0e1a9b50f98c,2018-02-05,969924303
01212af85bc6db0d,2018-05-28,969924303
91366d4b82b8d8b6,2018-04-30,969924303
f6dfde0e9ff1e848,2018-04-16,969924303
8978afa16c95daf2,2018-06-25,969924303
f5e793ac21ac6187,2018-05-14,969924303
526463aa5da4bf1b,2018-06-11,969924303
4216c4c838139b75,2018-09-17,969924303
8ecd90b1240318fb,2018-09-03,969924303
c4649698c46264ca,2018-08-06,969924303
0ffa759d141309e6,2018-07-09,969924303
4d7a23eb925d205d,2018-07-23,969924303
86a5eab37b639910,2018-12-24,969924303
5ad64321ac65a9f9,2018-12-10,969924303
99d964d1cdc549a1,2018-11-26,969924303
f7dff91a1c67a308,2018-10-29,969924303
dd63099c21cd9f96,2018-11-12,969924303
3ad304531916e76b,2019-03-18,969924303
b1a1a4a3b137a5aa,2019-03-04,969924303
7f7460b3964a193f,2019-02-18,969924303
5feb57f0d030a6c6,2019-02-04,969924303
555fa4020eaf8da7,2019-01-21,969924303
c0af211774ce6cca,2019-05-27,969924303
3d3d04cbd69ce0c9,2019-04-29,969924303
ac56aaac3912c492,2019-04-15,969924303
5f7d1626a9efe5d6,2019-05-13,969924303
8c7bac3e759c78e4,2019-09-30,969924303
1ae357a19a10a684,2019-09-02,969924303
e49a61ff23c780a9,2019-08-19,969924303
99596b3f8b48b903,2019-08-05,969924303
274526fcc3f59d2f,2019-12-23,969924303
d84431d962d186f7,2019-10-28,969924303
170f11564b2c0af5,2019-11-25,969924303
929f93f28c60e627,2019-12-09,969924303
7d4c5c71e2487542,2019-10-14,969924303
6e752c82b87d0226,2020-03-30,969924303
93e1513400b2866d,2020-02-17,969924303
3efe952969faa6a5,2020-02-03,969924303
5626b70997a65f9a,2020-01-06,969924303
4bf45093c556478f,2020-03-02,969924303
2575a3b3b457d74f,2020-04-13,969924303
384ec986d7e8fed5,2020-05-11,969924303
c9ad0574a2ee5b6c,2020-06-22,969924303
161a94a8a1af8162,2020-06-08,969924303
e088060428045928,2020-05-25,969924303
09f1b7b970a7e4ff,2020-07-06,969924303
9faa387895f89192,2020-09-28,969924303
c2b8df7687dcc175,2020-08-31,969924303
f933cee206cbedc6,2020-08-03,969924303
ac076a15c1fe680f,2020-08-17,969924303
4e9038c449c0747b,2020-10-26,969924303
eae1a23e3509d21f,2020-11-09,969924303
d7538d0dc8ed0b2c,2020-12-21,969924303
64d1338c9a675633,2020-12-07,969924303
8d7dd64634e7965e,2021-03-01,969924303
b174fd4cd8eb9173,2021-03-29,969924303
49b4b834c4b0b45c,2021-02-01,969924303
f0de4d5872d534e9,2021-01-18,969924303
bea455d03d58029c,2021-03-15,969924303
f357a9c7e7ef0769,2021-05-24,969924303
7bbcaaf2ca763858,2021-04-26,969924303
43bb74e90a04e528,2021-04-12,969924303
e7c6e7e131b6a8e8,2021-06-21,969924303
9b9485c9850a8668,2021-07-05,969924303
95fbab4a99cf6fcb,2021-08-30,969924303
8a14a588bd1fe280,2021-07-19,969924303
def818e1c40f7bee,2021-11-22,969924303
ba88bc3cc4f0ac8f,2021-10-11,969924303
4064c7a08b3beedd,2021-12-20,969924303
c4639ea255a6f4e9,2021-12-06,969924303
aed6282e7ac2ebf3,2021-11-08,969924303
8fb543a3e13f0c23,2022-02-14,969924303
456cb66a09e9eef7,2022-02-28,969924303
7a4ea02a59479186,2022-01-17,969924303
f2ac11f7388aaed3,2022-01-03,969924303
cbe20989886a5a95,2022-03-14,969924303
b72cce88d1eb0c12,2022-06-20,969924303
4ff0339fcf10706e,2022-06-06,969924303
2f730040a3771691,2022-04-25,969924303
b77b0c6e5ad19c33,2022-04-11,969924303
71b8bf5380abf9fa,2022-05-09,969924303
0380b86a1fad1171,2022-07-04,969924303
9c651b00af73f14a,2022-09-12,969924303
5df05359f92ef578,2022-08-29,969924303
67896b9efc84022f,2022-09-26,969924303
cb57f4b9e5d06041,2022-08-15,969924303
3ef35a0fb4d3b196,2022-12-19,969924303
59f21d9803a111d4,2022-11-21,969924303
508a53a5628a013c,2022-10-10,969924303
71e09af8174c2185,2022-11-07,969924303
404ec73998431271,2022-10-24,969924303
09f8dea26c6b3b6e,2023-02-13,969924303
c4df74b87788b323,2023-01-30,969924303
0d2937089bf9fe5d,2023-01-02,969924303
30ba71f1e50349c7,2023-05-08,969924303
d78c339481821fcd,2023-06-05,969924303
1b3a52e9d4485d89,2023-04-24,969924303
6660e4643add81a9,2023-04-10,969924303
ade0da961e91bdfc,2023-06-19,969924303
0b36ab159c79775b,2023-09-11,969924303
bcae9d088c11aa7f,2023-08-28,969924303
2652fda003034801,2023-07-03,969924303
47caf6c58c40d34b,2023-07-31,969924303
8756603482b9694b,2023-11-06,969924303
fa3c2d1828f5a959,2023-12-18,969924303
1b4cd7681021e5bb,2023-10-23,969924303
0e523e0d45336f1c,2023-12-04,969924303
0335bac00aed4229,2024-01-29,969924303
ae4e7aa5727aa8eb,2024-03-25,969924303
223098717007eb4f,2024-01-15,969924303
3fa2e88b6a6d5256,2024-02-26,969924303
18515136381bf4d1,2024-03-11,969924303
1c456036cedf7fa9,2024-05-20,969924303
067c1c93f4d2d82e,2024-06-03,969924303
e32e29e26e4022a8,2024-05-06,969924303
f43fb8b7c4b63b63,2024-07-01,969924303
209df6f3bbc70be3,2024-07-29,969924303
0cc024011742a204,2024-09-23,969924303
6155a7eddef808d7,2024-08-12,969924303
bf3080b91bd129b1,2024-07-15,969924303
41aacc7f5ba0bdf5,2024-10-21,969924303
58b197074963f371,2024-12-16,969924303
114ec9f2862d5177,2024-11-04,969924303
d5b629789b2ab506,2024-10-07,969924303
dace700c4fb9cf23,2024-11-18,969924303
30765e8e772e6176,2025-01-13,969924303
9926ad9006c4f28d,2025-01-27,969924303
bd27c75620b4cf16,2025-03-10,969924303
f7a9454fbd30f68b,2025-02-10,969924303
32cb9c74d4cdf65a,2025-05-05,969924303
2f841c923ba5b54a,2025-05-19,969924303
de33b91e145fb64e,2025-06-16,969924303
0c4b75dc2d17b4b9,2025-04-21,969924303
b53878d988df868b,2025-06-02,969924303
36ba660b4636c87d,2025-07-14,969924303
0a18f34ae71ed6ff,2025-08-11,969924303
b2916a8857a23485,2025-08-25,969924303
0bab909c955138f4,2025-07-28,969924303
cb7c8430b500ac93,2025-09-22,969924303
9836946bcf1feb3b,2025-11-03,969924303
38ff011f29dc7cf8,2025-10-20,969924303
1a9d9050f7986909,2025-10-06,969924303
a56397c922de874a,2025-12-15,969924303
954e1894eddbee2d,2025-11-17,969924303
f0ceb804334b0ba9,2026-01-12,969924303
bfb53f285963f7c0,2026-03-23,969924303
7f18cd27be3913a9,2026-02-23,969924303
e236627640990b59,2026-01-26,969924303
f617ae58162a49d2,2026-02-09,969924303
af4c58eef8e5fb3b,2026-05-18,969924303
f0705d733c910eed,2026-06-15,969924303
e62986d4cc470348,2026-06-29,969924303
2fbb0f55246d69bf,2026-05-04,969924303
e761ab27e415f0bf,2026-06-01,969924303
cb74c5ce93469633,2026-07-13,969924303
43f8c44e3707c0df,2022-03-16,983782306
29709b88c78d31ee,2022-03-10,983782306
5526761ee7fcbf2e,2022-03-15,983782306
3473f0529b031480,2022-02-03,983782306
affcd2bda0214012,2022-02-17,983782306
e2c36a60453556b2,2022-04-11,983782306
5955dc09a4be4238,2022-05-11,983782306
6f8c05f4e1ba7dab,2022-04-04,983782306
f2e7de8434e876b1,2022-04-27,983782306
7ae74f1aba4aa498,2022-04-19,983782306
c1caa84e5df52f08,2022-07-19,983782306
8dedf37296349ac1,2022-08-31,983782306
2e3daa9b3535876d,2022-07-08,983782306
801b8691733cff5a,2022-09-07,983782306
216d969c593661b3,2022-11-11,983782306
71e969218019f79c,2022-10-21,983782306
9c9bcbcb327501a0,2022-12-06,983782306
292c60716645bd4a,2022-12-13,983782306
83d842b63f025edb,2023-03-10,983782306
704f6845c9a476f9,2023-02-07,983782306
27e1dfd248cfb472,2023-03-28,983782306
1a1d6a788e4db817,2023-06-15,983782306
d40ec80fff6b8a26,2023-04-19,983782306
f7211435cf0dd17b,2023-05-04,983782306
6abba10fa72d84c3,2023-05-30,983782306
f4fb0ed3823a2847,2023-05-25,983782306
64adef78e7e7c25d,2023-09-11,983782306
c4ba85c6537afd48,2023-09-19,983782306
94798088eb0fc5d2,2023-09-04,983782306
f07e3073158c31dc,2023-07-13,983782306
8caa8d865797d4d5,2023-08-21,983782306
ddb1bb81fdd963cf,2023-10-17,983782306
2e078bef8857c1f5,2023-11-06,983782306
b52c4e18991d0efa,2023-12-06,983782306
5046db89b0fd50e9,2023-10-24,983782306
f72bf4f3240fd758,2023-12-13,983782306
863f76cda5252779,2024-01-03,983782306
4e2bfc9d0062454b,2024-01-17,983782306
78dde773717fefaf,2024-02-28,983782306
667a78994c1ccb52,2024-03-29,983782306
f763fe95db51fa20,2024-02-09,983782306
7db92efa52afa263,2024-06-10,983782306
3a3bd9f0f129471a,2024-04-09,983782306
73681d87ff9a1774,2024-04-30,983782306
30d80fcd3974aac8,2024-05-24,983782306
1744e5df3cdfa2cd,2024-08-29,983782306
ed8829043a8b0d89,2024-07-17,983782306
768fb7f1ac848720,2024-09-17,983782306
e35252497b548717,2024-09-05,983782306
0176e6a87d6a4515,2024-07-04,983782306
3a6624225c49dfd8,2024-09-10,983782306
b51fb1867853dd31,2024-10-22,983782306
0309fb7c778ba0e5,2024-12-12,983782306
7a09a0d68415f043,2024-11-19,983782306
10ba8c0a79f1724f,2024-12-24,983782306
04151114ebd1d34e,2024-12-10,983782306
cac96aef9a57a0d0,2024-12-17,983782306
ace7645f3bb5561e,2025-03-20,983782306
24c3e0e21d174435,2025-03-19,983782306
ecd67af6fd5e02fc,2025-03-12,983782306
cd02edebcee9ebb1,2025-01-23,983782306
780718c166da6812,2025-02-11,983782306
9e4dedc868ad4a93,2025-01-16,983782306
f0b466e74dc7423c,2025-04-22,983782306
a90332c878da011f,2025-05-20,983782306
6486c34d85fff4b3,2025-04-30,983782306
71506395cdd015fa,2025-06-12,983782306
a2c24880fd2bb06c,2025-04-10,983782306
61dcd7aef08f87d1,2025-08-06,983782306
af873a87f5f50e43,2025-09-24,983782306
6b53c5ad072560bd,2025-09-17,983782306
f22968522234e4c3,2025-08-15,983782306
920017a7b57cb77c,2025-08-26,983782306
7072870cd13cf2a2,2025-07-01,983782306
fa6c643aaa3533b0,2025-12-05,983782306
d3787040012ab30a,2025-10-02,983782306
a0302f5c03172426,2025-11-05,983782306
401a8af6470f43d5,2025-12-30,983782306
160e948096084680,2025-12-04,983782306
ae314bf7c9f44334,2025-12-23,983782306
1d9ad7bf58d1f01d,2026-02-27,983782306
4de88982ae0672c3,2026-01-06,983782306
17015b3cb9df3fa1,2026-02-20,983782306
86765f97846673cf,2026-03-24,983782306
633a959e48b4293b,2026-01-02,983782306
6e0e14abb0c60a86,2026-02-17,983782306
55329f9323e7cc1c,2026-05-20,983782306
6dbad3dd92967504,2026-06-25,983782306
95b664a94a426f95,2026-06-09,983782306
0f46939e1993cf01,2026-04-14,983782306
b467ec1b11fb68ed,2026-06-19,983782306
e27dcb62b24879bd,2026-05-13,983782306
5f6fc504224ddeff,2026-07-10,983782306
5998e62d472aa24a,2026-07-07,983782306
26a6f12b80a3adee,2026-07-02,983782306
3f3e3e12f225226b,2026-07-01,983782306
a5a6b961fd2f553f,2026-07-09,983782306
b6fb2930e4b08b1f,2018-02-07,1043245989
9049782bc82a283f,2018-01-24,1043245989
abd4d91578dd0da3,2018-01-17,1043245989
01e627cad745443e,2018-03-28,1043245989
6c5a962cfa9946d8,2018-02-14,1043245989
c5207b6458306c8d,2018-05-16,1043245989
ebc372a4c86dfe74,2018-05-23,1043245989
b77aa3d57ec22870,2018-04-27,1043245989
168f7d631fc836ce,2018-04-04,1043245989
30399d90089fa25b,2018-06-13,1043245989
39ed0bca344b862d,2018-06-22,1043245989
65afbca19fdfd85a,2018-08-29,1043245989
69b6eb7c085d1832,2018-07-09,1043245989
d93077584dca941a,2018-08-11,1043245989
7fbd4303a916c1d9,2018-09-09,1043245989
209d5a1ab3f883e4,2018-07-27,1043245989
66e2c23827cd33fd,2018-10-24,1043245989
4c2c249cc0d029d2,2018-11-25,1043245989
618903f3395bf7f2,2018-12-15,1043245989
ab5b9e425cd2cf97,2018-10-26,1043245989
ca3e29709f757c15,2019-02-02,1043245989
9c044f1f20e96097,2019-03-13,1043245989
3880f80498f5e5b3,2019-01-04,1043245989
bdb545deb0b59beb,2019-01-30,1043245989
7c04aebc2e188988,2019-03-27,1043245989
20d538ecc050c937,2019-04-18,1043245989
9b823ac80b58c8a3,2019-06-20,1043245989
2236f44c1d858011,2019-04-10,1043245989
e93ccc58949e7896,2019-05-02,1043245989
3f3b2c8dd904efe9,2019-06-05,1043245989
5d51bdb533394940,2019-09-14,1043245989
6ddb9c8086a65c33,2019-08-02,1043245989
28be18e487996b5c,2019-08-10,1043245989
f4a4539d36e53679,2019-08-16,1043245989
53cd0af7aa897293,2019-07-27,1043245989
f5c0e1c299aab8e7,2019-11-22,1043245989
7ed1c7605b37bcb2,2019-10-04,1043245989
9a1ab0f0dce81446,2019-12-06,1043245989
7d4ed6c474f9ea33,2019-10-11,1043245989
fecd497dd729f0f8,2020-03-14,1043245989
e0af4575020b9798,2020-03-27,1043245989
ef25b2cdb61c4cb4,2020-02-15,1043245989
2a4b151bc0f9ff36,2020-06-08,1043245989
1406cf4d963a7641,2020-05-29,1043245989
efc7574a72b4508f,2020-05-17,1043245989
c5c5bb9a7927a602,2020-05-09,1043245989
ab9e3d81e2c85408,2020-07-17,1043245989
50e34b350e0a7b4b,2020-07-04,1043245989
c33f80a793de91cd,2020-09-12,1043245989
4acd58f1c9490215,2020-09-25,1043245989
5ff8964d704920d0,2020-10-02,1043245989
0c14bb42d83d8fde,2020-11-07,1043245989
2cc28d301a895118,2020-12-19,1043245989
e17182fa424d4209,2020-11-22,1043245989
2e95c3758153fdd2,2020-10-09,1043245989
da7c70e1c96eaca5,2021-02-11,1043245989
6f33a4978a773440,2021-01-27,1043245989
e0e0d1189b680031,2021-02-25,1043245989
9ae679364ce53162,2021-05-22,1043245989
1a152d60545985f4,2021-05-31,1043245989
239458f0a8315fd6,2021-05-18,1043245989
e60b7de1637a2929,2021-04-16,1043245989
b1e9fa2c0b778742,2021-06-29,1043245989
ba2f7194890846c4,2021-09-10,1043245989
5e137259684b17a7,2021-09-26,1043245989
8ea55cc3c8655d52,2021-08-12,1043245989
584704b4012075c8,2021-09-15,1043245989
860a99f3a9e44f53,2021-07-13,1043245989
a4bbd13bf4f34dd4,2021-10-13,1043245989
8030b66c4c945974,2021-10-18,1043245989
ed3d58780c3aca78,2021-12-03,1043245989
1711ee5db850a0df,2021-11-24,1043245989
271ccd0ebae367c1,2022-03-01,1043245989
f2f0b840b16ae198,2022-03-10,1043245989
5e1b20729f8ada17,2022-01-28,1043245989
444777fe85b839bf,2022-01-06,1043245989
fdcf88af20c537d3,2022-06-18,1043245989
4d9ba23a6d60c538,2022-06-24,1043245989
9d0bb4d845ae9b1f,2022-04-21,1043245989
9544be4d548a68c7,2022-05-21,1043245989
4f00c45a20361ec6,2022-04-28,1043245989
68174b67cbd3312e,2022-07-30,1043245989
409b003abd26bbea,2022-09-02,1043245989
e965b7a360666474,2022-08-27,1043245989
d760cbf705f33d06,2022-09-25,1043245989
dd70925a649939dc,2022-07-01,1043245989
85abadcf45a10550,2022-10-10,1043245989
a00e7a1bcd41c975,2022-10-18,1043245989
ab1759f650ece2b3,2022-11-23,1043245989
691683a68d7f9965,2022-12-31,1043245989
fdad2cf2b568735a,2023-03-21,1043245989
3a380e14340fccca,2023-01-27,1043245989
2f0a9f027ae2d4e5,2023-02-05,1043245989
de68083c18173379,2023-03-25,1043245989
960e021ede2a1d3d,2023-03-13,1043245989
83d283f4764aa234,2023-05-08,1043245989
30b4d021a44ac69c,2023-04-23,1043245989
0d806d1b84e90cfb,2023-06-29,1043245989
59f7b5e6acc40963,2023-06-11,1043245989
2def9d39d2c36411,2023-05-27,1043245989
ce76d2c4733e98c2,2023-08-13,1043245989
7ab6b36c39fdbfb1,2023-07-09,1043245989
b56000d051a2b267,2023-08-01,1043245989
64b25ce7233670e7,2023-08-24,1043245989
fe032378a98a06b6,2023-09-29,1043245989
58d82b95ee732c08,2023-11-21,1043245989
5eda5179118302af,2023-11-15,1043245989
81b7e1f29566539f,2023-10-09,1043245989
ff786121f4973960,2023-11-27,1043245989
2ae638fde6067468,2024-01-13,1043245989
ce42a6fcef05471a,2024-03-04,1043245989
241d55190444650d,2024-02-27,1043245989
6ac3a4fa3ddb3822,2024-01-06,1043245989
756063fc5fe965f9,2024-04-19,1043245989
3fba749180a5eb3f,2024-05-03,1043245989
248386d28552cd4b,2024-04-10,1043245989
40f298fe4668af2c,2024-05-11,1043245989
2d6e848901153803,2024-04-26,1043245989
9e7676af93f50b27,2024-07-17,1043245989
29d356ee85641fa1,2024-07-07,1043245989
1feb50c87c8160f1,2024-08-30,1043245989
4c0d275e87cd28ca,2024-09-09,1043245989
58f0d9e6726ca9eb,2024-09-25,1043245989
819ec57105397f3b,2024-12-18,1043245989
1d78266f1f06e1c5,2024-10-28,1043245989
9b4811f1d3db39c5,2024-10-18,1043245989
fb92b353015ce868,2024-10-11,1043245989
275d4e3b30dd62e3,2024-11-23,1043245989
7704f937acedab83,2025-01-19,1043245989
b69ca36a1e87bbcb,2025-03-19,1043245989
adc43872c6ff47d9,2025-02-01,1043245989
ad13ef0d59c80ddd,2025-02-26,1043245989
3ea754229af01bd1,2025-05-03,1043245989
ba4538aa6c4d906f,2025-05-19,1043245989
4d1bd9a75a17cda1,2025-06-08,1043245989
b887dd287260f1a8,2025-06-17,1043245989
4655f81a88bb1208,2025-04-02,1043245989
f1d227c67499906e,2025-07-22,1043245989
0a84e91a8231d7ee,2025-07-01,1043245989
f0108dd83b934355,2025-09-18,1043245989
293456ad15eecc30,2025-08-16,1043245989
47cc755757a3858d,2025-07-11,1043245989
9c79d73e56c64be6,2025-12-19,1043245989
c9506cad8f6c162a,2025-11-20,1043245989
15d50a07ead44ee2,2025-11-26,1043245989
434118885bfd6454,2025-10-10,1043245989
1285d6333f2a082a,2025-12-12,1043245989
0fef9b0c04fdfb0f,2025-10-28,1043245989
05eed67e881e51cf,2026-01-06,1043245989
baad7cb46f6fb6cb,2026-03-10,1043245989
2d1a44dd05bd03b4,2026-02-10,1043245989
4dfd55d0c79b2855,2026-01-30,1043245989
dc190ba99f3ae2a2,2026-01-26,1043245989
d0f06a2f526b5573,2026-03-27,1043245989
ed232023c8130dda,2026-06-02,1043245989
8b6224b254dceefb,2026-05-20,1043245989
c16ac44705c20206,2026-06-13,1043245989
9c32805e50ddd166,2026-04-19,1043245989
4ed9ac6bdd177e0b,2026-05-14,1043245989
5c9dec86b9233193,2026-04-09,1043245989
67fb5980f78c3181,2026-07-01,1043245989
29278347be1b74bd,2026-07-14,1043245989
e0c09a67b3c5089b,2018-02-16,1050430296
a07c09ca4598976f,2018-02-13,1050430296
ab89958c4bd81826,2018-01-23,1050430296
3082eaec7fe852cd,2018-01-02,1050430296
19f7cc0985796b33,2018-03-20,1050430296
1fc38cbc57c9b138,2018-02-20,1050430296
9ee87582d01bc8b8,2018-04-24,1050430296
41749ff48473fca3,2018-04-06,1050430296
e024d64ce9a8200e,2018-04-17,1050430296
c2ffe24c2f808507,2018-04-27,1050430296
83e283fc9b050215,2018-07-24,1050430296
81cb32ac755d33d6,2018-08-03,1050430296
70b42785cdbaa235,2018-07-31,1050430296
2600efa55b1d5b5a,2018-07-06,1050430296
ca7c2fe98ab325c1,2018-09-25,1050430296
c61755a72164ec7b,2018-11-30,1050430296
4ff1965c8d778a62,2018-10-16,1050430296
ac549dad153ac468,2018-12-14,1050430296
36518b972f77fc5b,2018-10-23,1050430296
2fd90a54aef485fe,2018-11-09,1050430296
bbd221bce7cfcad2,2019-02-01,1050430296
0fbd590e759687ca,2019-03-15,1050430296
c4a7b29de19f82cf,2019-03-05,1050430296
e76ad9c5368d0d88,2019-01-18,1050430296
6b72c3e92f41e8c3,2019-01-08,1050430296
8cb11a62880ecb4c,2019-06-25,1050430296
6ce6a935990006c8,2019-06-21,1050430296
06850a6956b9fec5,2019-04-05,1050430296
60b0aaba4750e502,2019-06-07,1050430296
c74cfaad8fc92888,2019-04-12,1050430296
fc6ccfcf50d3a0d7,2019-08-23,1050430296
71a93eaf958a952f,2019-07-09,1050430296
376a68d6b6c52d6d,2019-08-30,1050430296
ee7f9b9458e4a741,2019-09-27,1050430296
56197075dbc39aea,2019-11-29,1050430296
ea6eccf275439db5,2019-11-05,1050430296
329401904829a315,2019-12-09,1050430296
3c59bb36e6af9970,2019-12-13,1050430296
5480749b01166b34,2019-12-02,1050430296
7035a0182dd11cd2,2020-01-10,1050430296
b0206e2c2cb7f45d,2020-01-24,1050430296
767aa4b2face8961,2020-02-28,1050430296
2a39c53f608dff56,2020-01-24,1050430296
99ee8cb430c09ca7,2020-01-03,1050430296
29e16f49c7dcf4b1,2020-04-03,1050430296
c6dbe643939102da,2020-04-29,1050430296
ed5b6c966f893361,2020-05-01,1050430296
00afb4629f12ce17,2020-05-05,1050430296
0593cfb76cb5ada5,2020-07-17,1050430296
ece4785134803408,2020-09-25,1050430296
75538ba164101f25,2020-08-07,1050430296
2cea7955252f7b21,2020-08-14,1050430296
0556f71fd07b51e1,2020-12-11,1050430296
a4dd8e90ba98278a,2020-11-06,1050430296
a3bcc71750114a1c,2020-10-06,1050430296
512c635674b69168,2020-12-08,1050430296
2b8db997d03ce616,2020-12-29,1050430296
fea57448250b2662,2021-03-19,1050430296
9c85a8ae469c7a7b,2021-02-02,1050430296
74a08f55f7ccd354,2021-03-05,1050430296
0280179e59ca7db0,2021-03-10,1050430296
bbab643dfef1d50e,2021-03-16,1050430296
96f8f613f87d3366,2021-05-04,1050430296
9ae82e489edca354,2021-04-27,1050430296
a56eeaa8694a02de,2021-06-25,1050430296
edbd2ca8c07d2ee2,2021-05-07,1050430296
55d002584b6db78c,2021-04-30,1050430296
d4b08e992d4bab6b,2021-08-24,1050430296
7ae8191feaec208d,2021-07-27,1050430296
9e8d03f089a68172,2021-07-20,1050430296
5e7929e6e8fe6b60,2021-09-03,1050430296
a246163bb8ea23a0,2021-09-17,1050430296
540803cf02d1e548,2021-10-08,1050430296
c498e7b38dace47d,2021-11-16,1050430296
37762c9b2f976094,2021-10-05,1050430296
0a926b8bdd899c73,2021-10-15,1050430296
a84c15f4ea1ca778,2021-12-03,1050430296
60e5c772e1477076,2022-02-18,1050430296
7e40def223e6bed1,2022-01-18,1050430296
f6c05a1519809de4,2022-03-25,1050430296
e66637a45bd8cbf0,2022-04-12,1050430296
f747ed305b6e79cb,2022-05-20,1050430296
c3268ced069d6661,2022-04-01,1050430296
a1bc76b8cbee15ec,2022-04-19,1050430296
5b1a2ef3a43628e9,2022-07-22,1050430296
de6d5f8917198787,2022-08-09,1050430296
b7712f76a720ed57,2022-09-20,1050430296
d56a4ff076c237fb,2022-10-03,1050430296
3efec4dd2ada3084,2022-11-01,1050430296
635de946a085d716,2022-12-30,1050430296
7e9d0a5ad99e1437,2022-10-10,1050430296
12367cc5f3932cd1,2022-10-25,1050430296
70fd7253b5161a6e,2023-02-28,1050430296
570a0127209170b2,2023-03-21,1050430296
955f51c27808c899,2023-02-24,1050430296
26e1f44c7b8ce62d,2023-03-10,1050430296
e5cd352232f69ced,2023-04-14,1050430296
5c63d839f141b4af,2023-05-12,1050430296
0cbcb74cb91e757b,2023-06-20,1050430296
7614018eaea7b2aa,2023-06-16,1050430296
d5a6ecfda4850fbb,2023-05-02,1050430296
0c6a7917cce28d81,2023-07-04,1050430296
637d2ff3f0d2cb3d,2023-07-14,1050430296
e85ec2dfaf241d7d,2023-09-08,1050430296
89f0411cfa5882e5,2023-07-25,1050430296
b3ec7efecf10dc59,2023-10-27,1050430296
92070e98673c3e95,2023-12-29,1050430296
49ea93fabe441f9c,2023-12-08,1050430296
1cbe1f3f95b6560d,2023-10-24,1050430296
ed52f53a58ae43de,2023-11-03,1050430296
69951b3c7274ef87,2024-01-31,1050430296
75759b2f7f8c187e,2024-02-02,1050430296
eb56d51177992df2,2024-02-23,1050430296
d51c2e42515a6576,2024-03-12,1050430296
35e35a0484b2ad85,2024-01-16,1050430296
1ab377bc425304b4,2024-06-18,1050430296
0722f02c6e1e9faa,2024-06-14,1050430296
ee2a160a23011872,2024-05-21,1050430296
a484cc630d279315,2024-06-11,1050430296
b116fe5b76cc2e52,2024-05-07,1050430296
f3ce94587eca9ac4,2024-09-24,1050430296
0d56666014841c16,2024-07-09,1050430296
5bb9a4cc37f14646,2024-08-06,1050430296
9f5eff1c03bad207,2024-09-27,1050430296
b11a94090c738188,2024-09-10,1050430296
6797dfa8051fd814,2024-09-13,1050430296
5c22eb788be88c8f,2024-11-29,1050430296
1935c1a5789d56a2,2024-12-27,1050430296
a6bb08acf304ed30,2024-12-09,1050430296
3d26a6931863482a,2024-11-12,1050430296
5e86fbd33264121b,2024-12-06,1050430296
b47473f7bba43010,2024-12-31,1050430296
92ec8affb0fceb07,2025-01-24,1050430296
145ebd275fa0c5d8,2025-03-04,1050430296
5da6d94efc5fb865,2025-01-07,1050430296
36a2b241d14ab8d1,2025-01-28,1050430296
ed7a5d0adc016392,2025-01-10,1050430296
70f4c93f27d04c48,2025-02-11,1050430296
c09ee4afd2956118,2025-06-17,1050430296
0bae13563b5d6e0a,2025-04-08,1050430296
e914f65e0023013d,2025-04-04,1050430296
540453e32e407d9b,2025-05-13,1050430296
479306319f12f5b8,2025-06-20,1050430296
ceb6cbce4378d4d7,2025-04-25,1050430296
0118af2c8bfb5f61,2025-09-30,1050430296
792e00b64bcd57e0,2025-08-26,1050430296
c4a113d84c8b327e,2025-07-11,1050430296
a762418cf7d8412c,2025-08-29,1050430296
450391d8b000069c,2025-07-22,1050430296
75d0dd5e81308df9,2025-08-05,1050430296
812990371a5e5320,2025-10-10,1050430296
dc1476ab06857e8d,2025-11-11,1050430296
6a74279267f693af,2025-12-09,1050430296
f7341e6c7a69f350,2025-11-07,1050430296
c5d8b4aa17566479,2025-12-12,1050430296
35144bc880139083,2025-11-14,1050430296
f69a1e9df6e88ba1,2026-01-06,1050430296
1fb407e113891db0,2026-03-10,1050430296
e7e44c5a535bfe8e,2026-03-15,1050430296
552ba1d4310d67ff,2026-01-27,1050430296
2db60f42171ca50d,2026-01-20,1050430296
8e1eb8cf7981427c,2026-01-09,1050430296
d85c9360f3588ac7,2026-04-28,1050430296
7b5a595e8ed1f062,2026-04-10,1050430296
2eccf030a738b4a2,2026-05-15,1050430296
68070e8b821ac9fc,2026-05-12,1050430296
f1c8a199e15df295,2026-04-14,1050430296
dce1d4e69e16107f,2026-05-05,1050430296
5a6447c4175f7fc6,2026-07-03,1050430296
429babc3709b1a34,2026-07-12,1050430296
918831c7d050363e,2026-07-07,1050430296
6e7d64bd1e1ca45a,2026-07-10,1050430296
68672020489a94d2,2020-02-12,1057255460
a76251a1369bcc40,2020-02-01,1057255460
b285af7542cac889,2020-03-18,1057255460
52eddcabb0221662,2020-03-04,1057255460
898bc673028d9b9d,2020-03-04,1057255460
b6443a71c2920f8a,2020-04-09,1057255460
f0ec27b337f424c2,2020-04-15,1057255460
5dd12dc7f7030cf0,2020-06-16,1057255460
f9676c4e5e3f310a,2020-05-14,1057255460
2449d1c5b183e009,2020-06-04,1057255460
d0a82e4a9b183a46,2020-05-25,1057255460
13170f0e06640945,2020-08-25,1057255460
112166ed0d69781e,2020-08-19,1057255460
760b347e67bc74fe,2020-09-10,1057255460
ba1939ce0d7be62b,2020-09-28,1057255460
543da9c32b9ddc11,2020-09-02,1057255460
48014a937a3e0c40,2020-10-03,1057255460
c8a374154c4e2bc4,2020-10-29,1057255460
5700b7331078957c,2020-10-01,1057255460
b6ff22e6eede59f9,2020-11-10,1057255460
32959ee3d272f0b6,2020-10-15,1057255460
6e8370d75e906710,2021-01-15,1057255460
b5a51048755746e1,2021-03-30,1057255460
a2c2140788ca63d0,2021-01-07,1057255460
ec980a98085c74aa,2021-02-19,1057255460
02bdde825365f297,2021-02-08,1057255460
23f235c60648b112,2021-06-23,1057255460
a6cecdc55b84bddd,2021-04-01,1057255460
4b4ae98e5d40142a,2021-06-09,1057255460
221f6e3c214042fb,2021-09-14,1057255460
ed4a35abd1337f5a,2021-08-11,1057255460
7b38ec3a56f17e3d,2021-07-16,1057255460
0c29d4e0a3b756b3,2021-09-06,1057255460
48689b286400b269,2021-12-14,1057255460
5a4f224d48fc716c,2021-10-15,1057255460
81f18a3fc531641b,2021-11-11,1057255460
342583f5dfccec2b,2021-12-29,1057255460
bcb76dfaa2f2c4b5,2021-10-19,1057255460
72f8eaf1ae6d72ef,2022-03-08,1057255460
d30f9aaa6cff2f09,2022-03-15,1057255460
e2ccff9de0b1160f,2022-02-09,1057255460
a56d22c7db955b5b,2022-02-28,1057255460
c20c774991ed42d0,2022-02-18,1057255460
b1b5d3b614bee63e,2022-06-03,1057255460
6e5cfde035a89836,2022-04-14,1057255460
4674826cf3a3a65f,2022-05-06,1057255460
fddca39498078670,2022-06-28,1057255460
a36af398b40ed59f,2022-04-15,1057255460
fdea68e1e0d90ff8,2022-09-15,1057255460
9370b2890b25b689,2022-07-20,1057255460
f2c8b5a7a6a4f1d5,2022-08-04,1057255460
b49a687b3c7b6d57,2022-09-26,1057255460
2b02f12aa8a9778e,2022-09-13,1057255460
c0b63566449a7ba3,2022-10-06,1057255460
66cffd88cf465346,2022-11-22,1057255460
ef9540db72b9771c,2022-11-02,1057255460
b5621a96adae21dd,2022-12-07,1057255460
c15512d0260592c5,2023-02-22,1057255460
2c106764d5f4c631,2023-03-20,1057255460
1f2a31cf4c518056,2023-03-10,1057255460
2412f1da799cfb9d,2023-03-15,1057255460
7b8121b0200720a8,2023-03-07,1057255460
22f5823f53de6650,2023-05-09,1057255460
2b7b7be06b5c9efd,2023-04-11,1057255460
b78fc6fc9627cc49,2023-04-17,1057255460
e55563172a80133f,2023-05-18,1057255460
bfd93fa226ead3b5,2023-09-01,1057255460
8f4c9e2dac16a492,2023-08-21,1057255460
4e24c73e2a38861a,2023-09-28,1057255460
561215d12dbbe4b0,2023-10-27,1057255460
686e6a7414ff6fed,2023-10-05,1057255460
01ca98e36e59db5c,2023-11-15,1057255460
99e4f9d5bae09aeb,2023-10-25,1057255460
1b5b17182d67ec1b,2023-11-16,1057255460
51c7a9b80e533b87,2024-01-02,1057255460
111cd2a6901a8d6a,2024-03-14,1057255460
858da0f5668881ed,2024-02-20,1057255460
fa877ff70b14ac94,2024-03-06,1057255460
520894f13e6604f9,2024-01-03,1057255460
569c9a0bc0b71b99,2024-06-11,1057255460
aa7dd20f0a7226bb,2024-06-12,1057255460
27eb9a8aa563f1e7,2024-04-09,1057255460
42f0423002207445,2024-04-12,1057255460
378d64ff01477755,2024-04-22,1057255460
7727c16af943ce14,2024-09-03,1057255460
4989adf746268695,2024-08-14,1057255460
f7bce29f90ae6f01,2024-07-05,1057255460
d386e6d40c89fdb7,2024-08-27,1057255460
de97412b5d3d68af,2024-09-17,1057255460
846fa3ae360a6ed5,2024-09-23,1057255460
f6b113ea9d1fdbb1,2024-10-22,1057255460
7f3b7ecbfa698ca8,2024-12-30,1057255460
1d683135fbd1ce53,2024-11-19,1057255460
64d0847670194331,2024-10-25,1057255460
a8345ca13144524c,2024-11-12,1057255460
c6a0351d2043b436,2024-10-04,1057255460
d471f8d82d642076,2025-03-03,1057255460
591f0bb49356cdf2,2025-02-14,1057255460
7afd04cb48af4734,2025-02-07,1057255460
b7d9772ad9ee75ac,2025-02-04,1057255460
13e58a152cb05e9c,2025-01-14,1057255460
14d2946ff1d7988a,2025-01-31,1057255460
8c0d37aac87c2cbe,2025-04-01,1057255460
f0fea01336a1be05,2025-06-13,1057255460
b36027ce59e8f101,2025-06-26,1057255460
e40511e5dadbad09,2025-04-11,1057255460
798a6d43ffef56a1,2025-06-16,1057255460
568601e692b35076,2025-06-02,1057255460
085137073bd9b182,2025-07-04,1057255460
1cd3254c71ffc5f4,2025-08-22,1057255460
40b40f4c5df2bdbe,2025-07-21,1057255460
12c3e43ab44b522e,2025-07-10,1057255460
83447b0f810ed0b9,2025-09-20,1057255460
c08ead1348ce2f9f,2025-08-12,1057255460
dc7df40814a4cf74,2025-10-09,1057255460
0f329d076636049a,2025-10-10,1057255460
32574258223e77a8,2025-11-28,1057255460
97164e704a7e6c8d,2025-10-24,1057255460
c6e424bf33d3c47e,2025-12-17,1057255460
006b1b8d4daddf05,2025-10-03,1057255460
51585f04303e28fc,2026-01-05,1057255460
1e7694c1f081169e,2026-02-26,1057255460
1b425d66329bfb4f,2026-03-24,1057255460
8a2cbf2e3e772c62,2026-03-16,1057255460
1d7210cb8cde559b,2026-03-26,1057255460
fbea8b4cd1e8d2f7,2026-03-06,1057255460
a1d4fb917823628d,2026-06-05,1057255460
49e99db94ddfeea1,2026-06-30,1057255460
b1b03b161b160289,2026-04-17,1057255460
e759aab2d9ec6317,2026-04-02,1057255460
16211934ee1b58c5,2026-06-26,1057255460
5def5a704c93f9a4,2026-06-16,1057255460
74f08ac6338e30a4,2026-07-02,1057255460
c6a3300f55282891,2026-07-08,1057255460
5afc6e8f106f565d,2026-07-03,1057255460
74431dab5365f2aa,2026-07-01,1057255460
43807bffcaa7a1b4,2026-07-06,1057255460
3831f916ab4a619e,2018-01-03,1060110806
93056f465d24eb0d,2018-03-07,1060110806
e9827f0f0506ac0a,2018-03-29,1060110806
5a5e87817bf7930e,2018-01-17,1060110806
8f50d923d7f59939,2018-01-24,1060110806
2b98c6cf916f060b,2018-06-13,1060110806
975df54c0bf14bef,2018-04-04,1060110806
d3719fb62f87168c,2018-06-06,1060110806
b051e1160341350b,2018-05-02,1060110806
d113508b2fe5422c,2018-06-27,1060110806
60f4152efcf840d6,2018-08-15,1060110806
85f920a874fe84fd,2018-07-11,1060110806
43f663ec31966576,2018-08-22,1060110806
2687d9fb498090d8,2018-08-29,1060110806
c963ccffa5c50511,2018-11-21,1060110806
8acf080ae67df6e2,2018-11-28,1060110806
22672852dac26f70,2018-11-14,1060110806
edbbd0338be225f5,2018-12-26,1060110806
0e8181b34a6c4016,2018-11-07,1060110806
6d794084d523e1bb,2019-01-30,1060110806
94f6d467bba8d160,2019-03-20,1060110806
3b59a89e3418d52c,2019-01-02,1060110806
2b3befb55e8c9791,2019-05-15,1060110806
9165cdadef43f4d8,2019-06-19,1060110806
9f47b25a9752e4fb,2019-04-24,1060110806
44091b5b698d5518,2019-06-26,1060110806
8fb9278557cb0795,2019-09-04,1060110806
b7123ccaa602bfe8,2019-09-11,1060110806
f292799ef4d68df1,2019-07-31,1060110806
f4795eb5d769c093,2019-08-07,1060110806
e222937e28e8d2c3,2019-07-03,1060110806
9e993a989e7a701f,2019-12-04,1060110806
218c64bb20d653d4,2019-10-09,1060110806
df83eb4096063678,2019-11-06,1060110806
5f8fb57b0a3993e8,2019-10-02,1060110806
af2246e39a8d7276,2019-11-13,1060110806
9a8a15dc82360518,2020-01-29,1060110806
bf2e5761cc427862,2020-03-18,1060110806
f57473289c21d35f,2020-01-08,1060110806
bd224a8bda38a716,2020-03-11,1060110806
203f1fd69ebd8fae,2020-02-26,1060110806
0b98400cfb4525d9,2020-04-29,1060110806
934c75362d4369e5,2020-04-01,1060110806
81b8e9dc14ea4ca5,2020-06-17,1060110806
fe6d923b567fa049,2020-05-06,1060110806
3d20228504fa1f83,2020-07-08,1060110806
3be8f7ecb7f1de95,2020-07-29,1060110806
e83c0dd770081b3d,2020-09-02,1060110806
c834048a2a732923,2020-09-30,1060110806
d26ec5d05b182c33,2020-09-09,1060110806
1147b67719a148c1,2020-12-16,1060110806
67410b4024251f6f,2020-12-09,1060110806
66782d44cf1d8eb5,2020-10-14,1060110806
6fa813f9f9a3b0c9,2020-12-30,1060110806
2580cfbaaf733a0a,2020-10-28,1060110806
7255e1c083501874,2021-02-24,1060110806
3ea38c1a9c260e7a,2021-01-27,1060110806
202947ece10b0d1a,2021-01-20,1060110806
3db10167f8859190,2021-01-13,1060110806
d1b2b808b052114d,2021-06-16,1060110806
c9c147967c053bb5,2021-05-19,1060110806
360e7a88943d2f0f,2021-05-12,1060110806
a5f5576f2c2a221e,2021-04-07,1060110806
7e2e5c4837d9f953,2021-06-30,1060110806
c8fa1013450ee39c,2021-07-07,1060110806
3a01bf78286f4fab,2021-08-25,1060110806
82a3e957ad9f77fa,2021-09-22,1060110806
7c6ea13b5d920b00,2021-08-11,1060110806
b46cffc5f6a1ed47,2021-07-28,1060110806
50a21740afc77d97,2021-12-22,1060110806
f19294bdf6d7f133,2021-11-23,1060110806
237b0eeaa3d26b4f,2021-12-29,1060110806
631633274d060468,2021-12-15,1060110806
61083fbd43ec9556,2022-01-19,1060110806
74b85547a1b99202,2022-02-23,1060110806
006575239ec746a9,2022-02-16,1060110806
91a8f8899cb7545d,2022-03-09,1060110806
29c4982abab05861,2022-02-09,1060110806
44f8f5c02d2ef48e,2022-06-02,1060110806
e5dfbe25fcdabdc5,2022-04-06,1060110806
dc85e8fdf86a31f4,2022-06-29,1060110806
397bb8cffa8d03a4,2022-05-11,1060110806
f2f8f30491c69949,2022-08-31,1060110806
e459e18f7120e56c,2022-08-24,1060110806
d9f5921057e41658,2022-09-28,1060110806
90b131931111a48f,2022-07-13,1060110806
2b02a345d66f9712,2022-07-06,1060110806
b03bf0eaa545279b,2022-10-05,1060110806
42ac34b4f0c3071c,2022-11-23,1060110806
3da0efb318f53bec,2022-10-26,1060110806
85082647fec7f150,2022-10-12,1060110806
6ef1baaf229606a6,2022-12-14,1060110806
7d4c9f0bf86b8061,2023-03-22,1060110806
df0eac862449242b,2023-03-28,1060110806
68bc8d3c52abd08d,2023-01-25,1060110806
0daebce5d13af2f8,2023-01-18,1060110806
dd5d2e6a00eb8747,2023-06-21,1060110806
4c1195f5acf7d13a,2023-06-07,1060110806
3b2aa187419cf22a,2023-05-17,1060110806
4268b164e0375904,2023-06-21,1060110806
30039b943eca8f86,2023-09-06,1060110806
54e5eafa12e14dbc,2023-07-22,1060110806
4cbdb06b5412de0c,2023-09-12,1060110806
1954b5d2480e6efa,2023-08-16,1060110806
16b9ebd2e7ff15aa,2023-09-17,1060110806
8e4ef8a8c9a4f2c0,2023-11-12,1060110806
2602113b447944b0,2023-11-05,1060110806
c0dd0a59d8199d62,2023-11-06,1060110806
f31b3a17669a819c,2023-11-01,1060110806
970e085d2ecdb88b,2024-02-01,1060110806
9da22ddc99377852,2024-01-23,1060110806
dbd3bb7de011a894,2024-03-19,1060110806
69db9f31b8dcbd87,2024-02-18,1060110806
5c8c13016672c8c8,2024-02-14,1060110806
bdc814d28790fd66,2024-06-18,1060110806
99e340da7acadf44,2024-05-30,1060110806
27ae4ddd31c730a4,2024-06-01,1060110806
fa45f72277d336a9,2024-04-05,1060110806
2c9b9c9dfe8fa8d5,2024-08-02,1060110806
6fe6ff7ca9930099,2024-07-18,1060110806
d957cd36e5d556a5,2024-07-16,1060110806
f1ab826601875854,2024-09-27,1060110806
69b74a0bae2b9725,2024-09-26,1060110806
7567a5d084524fe1,2024-07-30,1060110806
9d63243ab989bb79,2024-12-05,1060110806
981b66b091143acb,2024-10-22,1060110806
d29cf219626eb7e7,2024-10-29,1060110806
823366a7ee5744a5,2024-12-31,1060110806
1e865e0f50d56ab6,2024-11-08,1060110806
50a2cc359a2ca1e9,2024-10-13,1060110806
fb6aaefbfe540352,2025-02-11,1060110806
256fd9473826ab3b,2025-01-30,1060110806
cb08a801eb9ebfcf,2025-03-30,1060110806
629a72cc3ffb1f0c,2025-01-23,1060110806
513d06610e5474ee,2025-01-09,1060110806
60aa8e105b3d5087,2025-02-06,1060110806
3bbd12f52b0d2d5b,2025-05-26,1060110806
abdb26999bfcc670,2025-05-30,1060110806
23396ba6514ec392,2025-05-04,1060110806
b24f36b15bebe77c,2025-05-11,1060110806
c899109ea2b3802b,2025-05-13,1060110806
3e21eb72bcdfc3aa,2025-05-15,1060110806
1f830b310b1351e3,2025-08-28,1060110806
1c4e93882a8e367d,2025-09-12,1060110806
6afb9c32adcbcfa1,2025-08-29,1060110806
ca2bb6658ec46d3e,2025-09-07,1060110806
38d569d7c1be0512,2025-09-15,1060110806
a3e2b301c46022f1,2025-09-04,1060110806
a2e804ff6ee35517,2025-11-16,1060110806
6b166ac7bce72247,2025-11-05,1060110806
4d2cbe0d0d5c3b2c,2025-12-08,1060110806
4d94851401fb5eea,2025-11-25,1060110806
69d9ed37beccd934,2025-11-03,1060110806
7145dc97743a3a50,2025-12-02,1060110806
854c59ca4e803989,2026-03-06,1060110806
7d46423a7493d938,2026-01-31,1060110806
bd2773c31e1601bf,2026-03-13,1060110806
50c793f49992b8cc,2026-01-28,1060110806
4d876292176351a0,2026-03-28,1060110806
de2a131d15a9a2a8,2026-01-25,1060110806
035fbb13e803e09a,2026-05-21,1060110806
10925af60f1a9cb3,2026-04-24,1060110806
0d75b7d2e6cb7317,2026-06-18,1060110806
70a1bdf0ac50df61,2026-04-14,1060110806
948ccec943504270,2026-06-14,1060110806
cad299cc0d3f567a,2026-07-10,1060110806
0a43ff20b8098019,2026-07-02,1060110806
139e100ec5956576,2026-07-08,1060110806
6c39ad70c1a1d950,2026-07-01,1060110806
825f2de8175d5e0c,2020-05-15,1072469956
252d26cfa7629b93,2020-06-24,1072469956
bf55d3d332bbafe6,2020-06-26,1072469956
7b97c9b100af16b8,2020-06-13,1072469956
8cfb52d3ffc749e4,2020-06-20,1072469956
5aa2882c56e2be6d,2020-09-04,1072469956
a17a38b04e476d7a,2020-08-06,1072469956
05a0012388fc9317,2020-07-29,1072469956
9b5c5f3d2935810d,2020-09-26,1072469956
52c2d3d5bd960baf,2020-09-23,1072469956
011134ae5f87d513,2020-08-13,1072469956
6ed1a3c3d43eb670,2020-12-19,1072469956
911820b2aa0d2498,2020-12-11,1072469956
3d5697589b35bada,2020-11-20,1072469956
91c842d6e3d16730,2020-11-18,1072469956
8b98822e1075cada,2020-11-21,1072469956
028b6501a3c25554,2021-02-24,1072469956
5c7580c0d6b12cd2,2021-03-27,1072469956
d8fea947fd863ff5,2021-01-12,1072469956
7146c4f4d4207860,2021-01-14,1072469956
35d7872be560f23a,2021-04-24,1072469956
72fa43d54c39884d,2021-04-24,1072469956
6beffaeaabd47751,2021-05-14,1072469956
8f9e760f58156d31,2021-06-26,1072469956
59fb47a1dfcda789,2021-05-07,1072469956
70238c67dc959912,2021-09-22,1072469956
87757ed01421fdd2,2021-07-24,1072469956
5b59666b988d6065,2021-08-31,1072469956
f87d5ba3110a8495,2021-09-10,1072469956
0a09863058bc7ba8,2021-07-23,1072469956
f115cd82ef8e31ab,2021-12-22,1072469956
32cd6c9c5b66885c,2021-11-30,1072469956
b1c3173e848ec0bb,2021-12-01,1072469956
c6aea5463252b89c,2021-10-19,1072469956
20d72bee5472a3e0,2021-10-14,1072469956
e8c85060dc08ea47,2022-01-26,1072469956
9daa4396ed8a01e7,2022-03-06,1072469956
3e7241c881669c5e,2022-03-22,1072469956
ac8186fc20b77398,2022-01-30,1072469956
be85a994b2fe4d07,2022-04-16,1072469956
781a10a75ccf71a8,2022-06-07,1072469956
5c01409ed8a6a1de,2022-05-12,1072469956
d530c77bc6d78f25,2022-08-09,1072469956
2eeedebc0986e747,2022-07-13,1072469956
b1cd7da2542d536c,2022-07-16,1072469956
78b31f6e5ab1240c,2022-08-26,1072469956
13227c3a74a85fcf,2022-10-20,1072469956
991bb8a074926a9b,2022-11-16,1072469956
cd5b4d6bd2bc9371,2022-10-13,1072469956
f393bd121c3e0a7e,2022-10-27,1072469956
d4e108c881dd1585,2023-03-25,1072469956
c68adabfd7f3d44c,2023-02-25,1072469956
92ca2da5b565a20f,2023-03-10,1072469956
b69deabf57bca61e,2023-01-21,1072469956
4cf0908e81a1fd45,2023-01-31,1072469956
b97690937c203018,2023-04-11,1072469956
89cf3e11bb048cee,2023-06-09,1072469956
abda31def61f9226,2023-06-17,1072469956
8661a157273d1c1a,2023-07-07,1072469956
5e17fdce231476c6,2023-09-13,1072469956
96efde7de7113ccc,2023-09-22,1072469956
0b9a71beae32928c,2023-07-25,1072469956
ebb1cc12a7db9611,2023-09-16,1072469956
485afad99b007b55,2023-12-06,1072469956
77db7b82985b128a,2023-11-04,1072469956
398a275ab64b04ec,2023-10-03,1072469956
f5230211c83e9d04,2023-10-25,1072469956
ef3b5a37eb8fe017,2023-12-29,1072469956
33cfbafed48de31d,2024-03-22,1072469956
66a7504c827804f0,2024-03-02,1072469956
1b724f7ff9e98b58,2024-02-20,1072469956
7ab6d5039ec14338,2024-03-30,1072469956
1a15d3dcd5a96ab7,2024-05-01,1072469956
7ae5e592ef485fe5,2024-06-06,1072469956
f8dbf5343bfce079,2024-04-18,1072469956
fb6eb646661af0df,2024-04-10,1072469956
c0a3ad56515b7be4,2024-08-27,1072469956
4136dc8597709d05,2024-09-14,1072469956
17315dec2992100e,2024-08-24,1072469956
cd1576ea90af6421,2024-09-29,1072469956
94aed2dee753501c,2024-07-16,1072469956
19105b95f8075a24,2024-08-15,1072469956
1fc92fb50c34043f,2024-12-12,1072469956
55db94f3fc3b46bd,2024-10-03,1072469956
9a8c4c571985675a,2024-12-14,1072469956
7a28e9dfce02672b,2024-12-04,1072469956
d466f5dd92d786e7,2024-12-10,1072469956
c91eba176ed78454,2024-11-17,1072469956
8093595e7e72dd97,2025-01-05,1072469956
0cf17eee1c558f5c,2025-01-17,1072469956
58208136e2002daf,2025-01-24,1072469956
88edb129213a93fc,2025-02-07,1072469956
514aff58fa237d10,2025-04-27,1072469956
70dc3c04ba593c50,2025-06-14,1072469956
192fb2911a27c1b3,2025-04-16,1072469956
3cdf5a67bf0471ce,2025-06-19,1072469956
02117ff0e259da9c,2025-05-29,1072469956
a9f4b1eaf878aba9,2025-06-10,1072469956
f88af3336d7dff52,2025-09-18,1072469956
45c1ff90edf4de3f,2025-07-19,1072469956
870c61b9dafe580a,2025-08-23,1072469956
24d3fc90bf6fe56c,2025-09-07,1072469956
ff6050d5ffd481e9,2025-08-27,1072469956
0b0d61cb08fe8006,2025-08-22,1072469956
a2f7ecdbf21979bb,2025-10-31,1072469956
d6e2204706fdf131,2025-12-19,1072469956
ea5466824f474feb,2025-11-19,1072469956
777c25a8d640ffb0,2025-10-31,1072469956
a267ccc6d5b4a6f6,2025-12-16,1072469956
e7b32bc1f99feced,2025-12-13,1072469956
b1bd29fd89bfd1cf,2026-03-14,1072469956
20ea05ab7214133d,2026-01-24,1072469956
d295e1d6feee161d,2026-01-06,1072469956
f29753e99979fbd1,2026-02-22,1072469956
80e629c16e3e1c32,2026-01-29,1072469956
0ae105af60bc659d,2026-01-16,1072469956
e6859ebdd463b3dc,2026-06-18,1072469956
c6b842609d4e9a89,2026-04-16,1072469956
cd5b092f31adea55,2026-04-17,1072469956
262830eff68af0af,2026-05-20,1072469956
e24d1578d7dc2f05,2026-04-18,1072469956
c0f3380ecddf3ee5,2026-04-29,1072469956
6a13b43d76314732,2026-07-14,1072469956
d2cdaaaabfd4d9ad,2026-07-14,1072469956
9eea08689e9588d9,2026-07-09,1072469956
b4e2c49bd0f535a8,2026-07-03,1072469956
2e5507929dcac390,2018-03-01,1093260018
eff45bbf0cd70add,2018-02-24,1093260018
adfd3592d31c65f8,2018-01-06,1093260018
e34b7f3fea04c714,2018-01-03,1093260018
b9cdd88a74772d3a,2018-01-11,1093260018
f1288cd1b1fa7a47,2018-01-31,1093260018
d9ca07bdf82f909d,2018-05-23,1093260018
05bcec96d7c22449,2018-04-26,1093260018
de00dcb0b6048017,2018-05-09,1093260018
d0255b7418f36be2,2018-05-16,1093260018
0679ac7b9f1ebc37,2018-09-29,1093260018
cbb5b0064fa7e79b,2018-08-18,1093260018
ae0fa7094081bc4d,2018-09-12,1093260018
2aa4bf63044b5676,2018-07-19,1093260018
c217e0e27a6e6742,2018-09-01,1093260018
a6f8aae3782710b8,2018-10-04,1093260018
c5f5ed381bfd905b,2018-10-20,1093260018
f7b12aae20ac9973,2018-11-29,1093260018
4c12ed137bdd33d0,2018-10-28,1093260018
07785e9223900ae2,2018-11-01,1093260018
1552000040485006,2019-03-04,1093260018
ee15ee1ab89d574e,2019-02-08,1093260018
89a7e6b8bbcf9e48,2019-03-28,1093260018
39341d777f0aeddd,2019-03-12,1093260018
7472a7fb2e9fd663,2019-02-06,1093260018
d4bb1493051ee713,2019-04-01,1093260018
347907a6c7bd9e67,2019-04-30,1093260018
9674be1efbc1144a,2019-06-06,1093260018
8b3ce738e8bc654e,2019-04-20,1093260018
03268f96585eebab,2019-08-24,1093260018
684ed35ef4d5896b,2019-09-18,1093260018
46aa418d80fee2e3,2019-08-01,1093260018
1afff7eef243fa93,2019-08-31,1093260018
421caaa3f375b547,2019-09-10,1093260018
c1ce3d1016026fe4,2019-12-06,1093260018
d6da79bb0175ef77,2019-10-22,1093260018
676d94d00ed1bf0b,2019-10-28,1093260018
d5d0e2978b562231,2019-11-01,1093260018
2fdda9d626c6e59e,2019-11-05,1093260018
750a63ca412e4066,2020-02-26,1093260018
f5fcef0aeb49836b,2020-02-22,1093260018
0f3830d4fdb68455,2020-01-13,1093260018
69dd3766c414974c,2020-03-02,1093260018
4f69cf3f5898ac94,2020-05-23,1093260018
eb69736e8bb90bd7,2020-05-08,1093260018
7b5045317034d5a7,2020-06-25,1093260018
b0bfdd9c17d0bf28,2020-05-01,1093260018
6496c924c087fd9a,2020-07-04,1093260018
e59d5fff9ddc38d0,2020-08-07,1093260018
217196027fb05d7b,2020-09-12,1093260018
661b064d409223ff,2020-07-21,1093260018
f15fd48b21ca1fc5,2020-07-18,1093260018
78d7a27bf452d552,2020-12-23,1093260018
669242d12aae1103,2020-11-12,1093260018
eae7428f8e3e90d0,2020-10-27,1093260018
5950d3fcf4122638,2020-12-10,1093260018
6b3ab23474320c54,2020-11-20,1093260018
d3edc976966133e2,2021-02-12,1093260018
ada5c358dfb0ee3c,2021-01-21,1093260018
6845a53407a61728,2021-03-01,1093260018
1167dedfd288a3a6,2021-01-04,1093260018
c705547b8e341e72,2021-01-27,1093260018
20aa9ec07b97aa1b,2021-05-13,1093260018
5e6033b3d28712c1,2021-06-24,1093260018
b62381b499d22dee,2021-05-08,1093260018
5766e1d4a45b8999,2021-05-03,1093260018
a9aa416921bdeec5,2021-05-29,1093260018
08fa4c8d5a225a31,2021-07-30,1093260018
c57e5f917b3c62fc,2021-07-17,1093260018
6e8c81253b793fa3,2021-09-11,1093260018
4b999a39ee3c3b52,2021-08-13,1093260018
4017fa2090f50b03,2021-07-08,1093260018
e92b524cf4ed0752,2021-11-27,1093260018
27ca43e6a358ba4f,2021-10-22,1093260018
363421ac30a63687,2021-12-06,1093260018
68376249d8f11045,2021-12-27,1093260018
3e9198aac8ebcfaf,2022-01-26,1093260018
67860507257bcba0,2022-02-05,1093260018
8c6816bdd4a76395,2022-02-08,1093260018
37f742cda59aab33,2022-02-20,1093260018
95bc2d103e217813,2022-04-18,1093260018
1924d783a8cdf88f,2022-06-04,1093260018
45083e7c1cd857d9,2022-06-02,1093260018
d397259a15c266dc,2022-07-18,1093260018
49a06db146efcf87,2022-08-22,1093260018
8a6bc79aaa29e724,2022-09-15,1093260018
387e1e9cdda10071,2022-07-25,1093260018
f10a39cb2c8ebc93,2022-10-12,1093260018
61518d6da092df02,2022-10-18,1093260018
e90e9b80784415cf,2022-12-29,1093260018
09d95ad663738213,2022-10-06,1093260018
b5098d9027298d99,2023-02-24,1093260018
41f400fc92440994,2023-03-23,1093260018
bfe0a8aadc3fdfe5,2023-02-23,1093260018
faeb39df7bd64223,2023-02-14,1093260018
cacc92c5a04ebb93,2023-01-21,1093260018
809842f2112b276d,2023-06-26,1093260018
5bded12cd3c06349,2023-06-11,1093260018
3d2847b7ef8b3c00,2023-05-21,1093260018
ad7db18cf5ad1c4e,2023-05-30,1093260018
9d9c5afdd274dedd,2023-09-29,1093260018
5ac25f3532aeccde,2023-07-29,1093260018
7abcbcd7b218fd6a,2023-07-21,1093260018
ba7716890fd07bcd,2023-09-14,1093260018
7831271ccf76e3af,2023-09-30,1093260018
4dafb3dd6c363c40,2023-12-23,1093260018
a2a1223ed46b0a8d,2023-11-10,1093260018
ce5790f2e9ac94c3,2023-12-02,1093260018
57f54a601549edfb,2023-11-03,1093260018
fa1102b08ac2852d,2023-12-21,1093260018
4e6cdbf4f1bc8fb8,2024-03-01,1093260018
9a08a743d491d9a9,2024-01-17,1093260018
cc9faca776929be9,2024-02-23,1093260018
76cb4a82b3bb90d9,2024-02-21,1093260018
e0ce6c9cfded1288,2024-05-18,1093260018
5fc2682820dbc863,2024-04-04,1093260018
f1b6e0fb905e8c20,2024-06-01,1093260018
2e8622b838e0a188,2024-05-21,1093260018
a191a32d9fdb9bf9,2024-05-25,1093260018
e7b7708a088f4c39,2024-07-12,1093260018
1586a59e646722db,2024-09-14,1093260018
3819cb0fb0a0e9de,2024-07-03,1093260018
fe2f986df6ae4445,2024-07-05,1093260018
7b63e704937f11cf,2024-08-11,1093260018
737ddffb3e7d698c,2024-07-28,1093260018
2208b7ade851f6c5,2024-10-19,1093260018
fabbab5836053b12,2024-10-02,1093260018
92f8c157e7d6e6dd,2024-10-03,1093260018
120462acdf4397f2,2024-12-14,1093260018
95c8cace52bb1665,2024-11-07,1093260018
df4584530e5f8935,2024-11-26,1093260018
b42b097b7ff47bad,2025-01-07,1093260018
1ab6f42c8339558c,2025-01-23,1093260018
7a76e7eeacdf6b40,2025-03-19,1093260018
7bcf27384e0e9a98,2025-02-26,1093260018
3301c099aadb0f63,2025-03-06,1093260018
069e36f73a9539ca,2025-02-27,1093260018
74914e4f55735946,2025-05-03,1093260018
a417bb3b57c516c0,2025-05-15,1093260018
4ec85210cc45d681,2025-06-16,1093260018
158e44063b6ab310,2025-04-29,1093260018
c13bcba80c3814a9,2025-05-19,1093260018
0fc36ca3e2895c65,2025-06-24,1093260018
5cb1b8c35cb7a0b7,2025-08-11,1093260018
f04da4e8bb6660fd,2025-07-26,1093260018
8d0d7d119bac8c60,2025-08-29,1093260018
566fe24fe4f3aa46,2025-07-13,1093260018
9ecd8cad44580cde,2025-07-22,1093260018
ee5963be2762084a,2025-07-01,1093260018
219c96c6c25ec3fc,2025-11-22,1093260018
16f782d77b9a16b6,2025-11-15,1093260018
d85d16d3d3fbef17,2025-11-03,1093260018
61b6da4cabcded2e,2025-10-02,1093260018
5d0179c6ee39a555,2025-11-08,1093260018
71ae2a75a7c85b97,2025-11-28,1093260018
d2fe5bdca7fb6303,2026-02-10,1093260018
71f7d36888114dca,2026-02-14,1093260018
950b060c055cf91e,2026-01-29,1093260018
b8988f750af8e697,2026-01-13,1093260018
8010070ee5d8a341,2026-03-31,1093260018
b15669b78034e9c3,2026-03-03,1093260018
0dfb95e680a3ad5a,2026-05-29,1093260018
775d345ffc1a31b1,2026-04-18,1093260018
2e2fd2b8e1733e85,2026-05-10,1093260018
962cf1b24b002f84,2026-05-14,1093260018
154586588493f02e,2026-05-04,1093260018
d15aaf4ddfbdf2f6,2026-04-18,1093260018
68d39568633c3847,2026-07-02,1093260018
f4725f27cf995478,2026-07-02,1093260018
adcdb3790923bb9b,2026-07-09,1093260018
20a2c0fb1d8473c6,2026-07-13,1093260018
fd94e20b9e408436,2026-07-07,1093260018
86c101eef56a10fd,2018-02-03,1111319839
412f5e12d4102e55,2018-02-23,1111319839
f83f82d0c5fed108,2018-03-30,1111319839
5e1560a3f376c8b8,2018-01-12,1111319839
46c0395ee74d300b,2018-01-19,1111319839
8043d8aae8befacf,2018-05-11,1111319839
b4f05830f6aadeba,2018-05-25,1111319839
f0ba7676de535040,2018-04-06,1111319839
bd4dab8622a6a426,2018-06-22,1111319839
aa7817fc517af650,2018-06-15,1111319839
f19f03a5e7c00ce7,2018-06-29,1111319839
c813b90ff09a2307,2018-09-14,1111319839
73f0e71d045ff083,2018-08-03,1111319839
3e3e7d93015e68a6,2018-07-06,1111319839
967b34df4306994e,2018-08-24,1111319839
83fa241b37169574,2018-08-10,1111319839
d8d0cf0db29b8f75,2018-10-26,1111319839
ae0d0b30102f48c7,2018-11-09,1111319839
ce527771c6f650a6,2018-11-02,1111319839
52f445f32e79803a,2018-10-05,1111319839
fcdba0552fdfe763,2018-11-21,1111319839
077e2955302dd70d,2019-02-01,1111319839
e1883d20b405fec4,2019-03-15,1111319839
ef9cae63e251f57a,2019-02-15,1111319839
17a29b983cc009ea,2019-01-18,1111319839
2a1a3de100f1b3fb,2019-01-04,1111319839
461680ad61a862cf,2019-06-27,1111319839
0ea3a98a4c3a36e4,2019-05-03,1111319839
7ac8be236b500efa,2019-04-12,1111319839
64983d572bd11d98,2019-04-19,1111319839
e652a7ebac8b6515,2019-07-03,1111319839
496bebab4256292c,2019-07-26,1111319839
d622b5ca1c02df98,2019-08-02,1111319839
b7ad2c61032b8fd9,2019-09-20,1111319839
71595543c10fbe5a,2019-10-18,1111319839
f1cc4b84805e9791,2019-10-16,1111319839
b7723ba6d1fd2c19,2019-10-25,1111319839
7699a7388cf48674,2019-10-04,1111319839
3f490c2e713698f8,2019-12-18,1111319839
edc7f4e8a4f32d5b,2020-03-13,1111319839
c9e2cfbcb623a1a1,2020-02-04,1111319839
e26c11e6f807b881,2020-03-20,1111319839
2b0451cb397b29a2,2020-01-31,1111319839
865e303c9f933624,2020-02-26,1111319839
a27b744f5246f21b,2020-05-08,1111319839
ea278142ff3028f2,2020-05-22,1111319839
1b973539fecfb2c1,2020-06-05,1111319839
91ec59b2c5e88a68,2020-05-15,1111319839
3b0f84e5705ae69d,2020-06-26,1111319839
07907c91bd723e66,2020-08-21,1111319839
f44964b23680654f,2020-07-17,1111319839
b471c9033fd0982d,2020-09-18,1111319839
5d1b2381d1730c96,2020-08-28,1111319839
9dae6236cb2804ce,2020-09-04,1111319839
8df729ceeed8ea98,2020-10-02,1111319839
63152f12ab7fb7d2,2020-11-13,1111319839
4ab655bd9f06ad97,2020-10-30,1111319839
99d157d200b65329,2020-11-25,1111319839
2df26263b5136d31,2021-02-05,1111319839
4170c188b0f416ef,2021-03-26,1111319839
cb61f45f1cc948fc,2021-02-19,1111319839
de2a1e97b827e4ef,2021-01-08,1111319839
90074a8a8fb7f632,2021-03-05,1111319839
afa72bd099645981,2021-06-18,1111319839
a8ef7f04a25fbb79,2021-04-14,1111319839
e08c67d9d97f756d,2021-04-30,1111319839
3b4899f3b1fbc4d0,2021-04-02,1111319839
dfc4ac224dfe5bbd,2021-08-06,1111319839
d283733b6da8db0e,2021-08-27,1111319839
eb6379bec793e00b,2021-08-13,1111319839
403ca7bb2c12593f,2021-10-29,1111319839
4e7ef3208ee1784b,2021-11-05,1111319839
b34e44e82e08714b,2021-12-03,1111319839
f163411e353ac808,2021-11-12,1111319839
63c50dc3cfbb7e31,2021-12-10,1111319839
d1cacdc01b1a5d94,2022-03-18,1111319839
4ed826daa2cfbfd8,2022-02-11,1111319839
55776d352fbaa5b5,2022-01-07,1111319839
9da523e46155e01a,2022-02-18,1111319839
8967c5613292524c,2022-03-04,1111319839
31f479cae88abf9a,2022-04-29,1111319839
db0b9bccbcbf600e,2022-04-22,1111319839
a998045f8830b788,2022-05-13,1111319839
450c10ac7951deae,2022-06-17,1111319839
0c3420bdf106fd8f,2022-05-27,1111319839
b7d1cce443a885f5,2022-08-12,1111319839
0f6deabbe7dbba40,2022-09-30,1111319839
7e0c784c4ca3683a,2022-08-26,1111319839
0db38dd435b161f7,2022-07-01,1111319839
75ebcac84179c805,2022-08-19,1111319839
ae1e60009b353756,2022-12-16,1111319839
00d0d13a1dce0928,2022-10-28,1111319839
b82a6f0157ea9ffd,2022-11-04,1111319839
e33decb1821731d5,2022-10-07,1111319839
cbdc5ba9dfcf0c9c,2022-12-09,1111319839
f1286b4cd1770b03,2023-01-27,1111319839
6530c226b44eb138,2023-03-24,1111319839
ef783ae4d5978bad,2023-01-20,1111319839
4352039a8537a64d,2023-02-24,1111319839
75578e096a274577,2023-06-16,1111319839
f393e77e22dcb58d,2023-04-21,1111319839
48dd68a8c1ed1949,2023-06-01,1111319839
a31bede75143ff08,2023-05-26,1111319839
96c046edb550190d,2023-07-07,1111319839
76c77d186ced5267,2023-07-14,1111319839
923c7d06be41abab,2023-07-21,1111319839
ac12a45d8d6b2361,2023-09-15,1111319839
2deac893f9d777bf,2023-12-21,1111319839
a42d2ba9fea60bac,2023-11-10,1111319839
1168aab5050402c5,2023-12-08,1111319839
5b43fb5d778a30d4,2023-10-06,1111319839
1f7ac2d98c2859c6,2023-12-15,1111319839
a764c89b4f474088,2024-01-05,1111319839
fd57fe4868f70a57,2024-02-16,1111319839
492a099c615c0c4d,2024-02-02,1111319839
54755c29e113b643,2024-01-12,1111319839
87aec6468f217e33,2024-02-23,1111319839
01820ae612d7fa6c,2024-06-21,1111319839
cf2e5d37a4c2279d,2024-06-14,1111319839
9266efe668f61567,2024-04-05,1111319839
75c0ce8456b763cc,2024-05-31,1111319839
9dbef828c1d747ec,2024-06-28,1111319839
a0d33d6d59606bda,2024-07-12,1111319839
d94066e0f66e4fc7,2024-07-26,1111319839
1e2df20a0ca165e8,2024-09-20,1111319839
baad4057a22f9027,2024-09-13,1111319839
9e525be436623640,2024-08-23,1111319839
fe344c402a3e78fe,2024-09-27,1111319839
10f24aa0cc79a6ad,2024-12-13,1111319839
5691f63efebc0e92,2024-11-15,1111319839
9a4564bc4cb6c1aa,2024-12-27,1111319839
0c10bf73a66197a4,2024-10-18,1111319839
14a9c02d6fa29af3,2024-10-25,1111319839
966e5fe4bfd79538,2024-10-04,1111319839
e0a1fdc657804c4a,2025-02-21,1111319839
a1eb49a51a981bb5,2025-03-23,1111319839
155c56a38e92b994,2025-03-07,1111319839
d9a45bf7c6facb47,2025-01-10,1111319839
5d4808b9edba5658,2025-03-23,1111319839
442babbf01b2298a,2025-02-28,1111319839
8d35e1b4978d5af1,2025-06-29,1111319839
b9cc6e9998bc5920,2025-04-18,1111319839
3340c38a93b4c85a,2025-06-15,1111319839
8c67a9cdc8452915,2025-05-28,1111319839
3f2c339957a65e8c,2025-06-22,1111319839
8156c7de1fe1f228,2025-04-11,1111319839
586c61baeea97c2b,2025-09-13,1111319839
6aea257b4942c736,2025-07-20,1111319839
c4f7c89263e78854,2025-09-19,1111319839
4f3db1b6a1239c48,2025-09-26,1111319839
61f70aa052a29f93,2025-07-27,1111319839
26d4972cadbef2b3,2025-07-13,1111319839
d16a9119520bba40,2025-10-03,1111319839
af7f82dac1904e99,2025-12-26,1111319839
252a501c99909a9d,2025-10-10,1111319839
ec4b99bdf7cd62f3,2025-12-12,1111319839
f8666f7611497f66,2025-10-24,1111319839
fb3735de79a4037f,2025-11-15,1111319839
e97de21ceaae4815,2026-02-13,1111319839
9c7855ba2c620125,2026-03-06,1111319839
f8cc6262025eb2f3,2026-03-10,1111319839
ba369986ba97f760,2026-03-20,1111319839
8a25db8ea97acd8c,2026-02-20,1111319839
47fcd35cd7f1d6e4,2026-01-23,1111319839
dd6e4cb9c35694b2,2026-05-05,1111319839
a981a9483fe6bfd9,2026-04-14,1111319839
cb18d28ad77ab239,2026-04-03,1111319839
b4b487086deefb8c,2026-05-01,1111319839
7355665bb0a8e9a5,2026-06-05,1111319839
fed46c90906639d8,2026-04-10,1111319839
33f28892730d7a74,2026-07-10,1111319839
2d7c0fa451dbbd63,2026-07-02,1111319839
08fff82658a36e61,2026-07-08,1111319839
e0494ccf4dcb8cba,2018-03-14,1112258664
559b570b2c92dd18,2018-03-29,1112258664
88d4be6d5b0c5564,2018-02-28,1112258664
e4f627994aff7683,2018-04-25,1112258664
9036bb73b17c24f1,2018-04-10,1112258664
c824a23f41b153f8,2018-05-23,1112258664
78eb73f845db3ef0,2018-05-09,1112258664
c2ca086f851fcafc,2018-06-19,1112258664
94ee788f694d212f,2018-08-01,1112258664
263ca319cb48bb5f,2018-07-18,1112258664
c93a6816c8c6b1df,2018-08-15,1112258664
9816ef5b0d97ba18,2018-09-12,1112258664
45ef12cb436767a5,2018-09-26,1112258664
66f169627073077a,2018-11-07,1112258664
61d2958df3036d67,2018-12-05,1112258664
c3b0ddbe97309946,2018-12-19,1112258664
bd3636055117e538,2019-02-14,1112258664
4c179caa689275c6,2019-01-01,1112258664
29a69a771efab9fc,2019-02-28,1112258664
0a633e018acb1f01,2019-01-16,1112258664
7382e36072616036,2019-06-01,1112258664
c33751dd5d4a1c0c,2019-04-05,1112258664
81dc42b3e4188aca,2019-04-17,1112258664
650cf795548605de,2019-08-22,1112258664
e71224e4a8bb8dc9,2019-09-21,1112258664
aad0a362ac316ae3,2019-07-24,1112258664
93722894812c0f85,2019-08-09,1112258664
df18a78d79442efc,2019-07-13,1112258664
7e066508eaf46804,2019-10-02,1112258664
f067f6fa2a72bada,2019-11-06,1112258664
db77ff5808906c94,2019-11-22,1112258664
9e11d0fc31a81112,2019-12-17,1112258664
5f859c53be9e93ab,2020-01-03,1112258664
949396b73ce9acae,2020-02-27,1112258664
97716c005d8050be,2020-03-19,1112258664
41a1ff0438e55bba,2020-01-25,1112258664
72b97ee8d58b1281,2020-04-01,1112258664
84c0778e0caa5c2d,2020-04-08,1112258664
a50df3457e93cfbc,2020-05-01,1112258664
b5e1b898d5ffbe8b,2020-09-26,1112258664
44527e11c68a4840,2020-08-11,1112258664
f83075d369fb90d5,2020-08-11,1112258664
b949d4b2139ddec7,2020-08-27,1112258664
6e4c1414a30a804e,2020-12-31,1112258664
2e03519e48b49086,2020-10-09,1112258664
9666f6741ba6ce7a,2021-03-27,1112258664
a1a6ee2fa7e6d51e,2021-01-29,1112258664
47e0566d1d8d3e47,2021-04-13,1112258664
760374f981447b37,2021-04-02,1112258664
67cf437156776f57,2021-07-10,1112258664
1a69decbcb41e88c,2021-07-12,1112258664
e80b538256492c3e,2021-09-29,1112258664
073c6133bd42c3e6,2021-12-21,1112258664
379fc2600e3bf15a,2021-10-08,1112258664
d6928e9d4d60660c,2021-12-21,1112258664
55e52a67c348c03e,2023-02-09,1112258664
f2106eb47c4e729f,2023-03-24,1112258664
14b3876247ebc864,2023-01-27,1112258664
8607bc838ff27e90,2023-01-20,1112258664
6676a3aa8146a448,2023-02-21,1112258664
2811a13f2cbef108,2023-05-18,1112258664
d26cd48e259c4759,2023-04-20,1112258664
f8279a9c3ccb7705,2023-06-15,1112258664
8014ee847eb201d5,2023-05-05,1112258664
47236758ff9e9f3f,2023-06-27,1112258664
65f9a78c7009d3b3,2023-09-21,1112258664
1601a8c46b00228f,2023-07-28,1112258664
ef240c7d65c884d4,2023-07-18,1112258664
bf151b2f81ed1d08,2023-09-07,1112258664
c43891f6cb2235ca,2023-12-15,1112258664
6c97e4b3f3973d25,2023-10-19,1112258664
fb1c57b70d11aba5,2023-11-16,1112258664
64e44ee89b8369a8,2023-10-05,1112258664
ffed662306e9a960,2024-03-08,1112258664
6f142fdfdf73f0ce,2024-02-23,1112258664
a2df22010b5bcdef,2024-01-11,1112258664
417735b536167cab,2024-02-08,1112258664
1f36d7f09a51c6ed,2024-01-26,1112258664
9bc8db265a058ec8,2024-05-04,1112258664
d461666bc63e1d21,2024-06-01,1112258664
7a071f99129f5704,2024-05-14,1112258664
bf5a7c5f403df6a5,2024-04-19,1112258664
65b90822043ddb48,2024-06-14,1112258664
3e552fd1b28df30c,2024-09-09,1112258664
556f21018af163a9,2024-08-13,1112258664
4544100973d08426,2024-09-24,1112258664
83625fe26bd536b6,2024-08-24,1112258664
575fff5a31d49bc6,2024-07-30,1112258664
14a23a221649bdf6,2024-10-17,1112258664
7b9fb5a40cf2ab08,2024-12-19,1112258664
1b0fa15320658da6,2024-10-05,1112258664
409a649096f5c90e,2024-11-16,1112258664
6919f054d26cf948,2024-12-07,1112258664
32489edba9d16542,2024-11-02,1112258664
0b9efc6ed1c4efd4,2025-01-24,1112258664
2843f165c939db70,2025-02-22,1112258664
9c3562e633e63fa4,2025-02-21,1112258664
a0ab26d0d8abb917,2025-03-12,1112258664
fdc25016cb473c93,2025-02-27,1112258664
dafb814926ad9af4,2025-02-07,1112258664
fea4d1eca1417cfe,2025-06-04,1112258664
8a62af4f8a4ece21,2025-04-24,1112258664
d2bcb892bc79feab,2025-05-17,1112258664
760eb9e43a1d7f31,2025-04-05,1112258664
d887272b4ddab2c1,2025-06-26,1112258664
20667c720f2507a8,2025-07-16,1112258664
b6bb4e5ba4e9f3c2,2025-08-08,1112258664
db37589456205780,2025-07-28,1112258664
f9fe4a046de823cf,2025-08-22,1112258664
20164bd26a64e652,2025-09-05,1112258664
daaf5b6b652bc914,2025-09-23,1112258664
2012a63724637b99,2025-11-20,1112258664
d2adef3d61761200,2025-10-26,1112258664
51d5954be8085894,2025-12-01,1112258664
c07e47a746f4f88f,2025-11-10,1112258664
bce28e0eb297e102,2025-12-18,1112258664
9a5760f38c3dc319,2025-10-21,1112258664
93aaad8e06819f0f,2026-01-09,1112258664
5977b387d1ec8f50,2026-02-27,1112258664
7c41db8a0aebf6b2,2026-03-20,1112258664
cc74d497866666ed,2026-03-06,1112258664
0bd3b3df6a9186bf,2026-01-22,1112258664
bd806d6ea2bae694,2026-06-12,1112258664
efaa51fb7860ac7a,2026-04-30,1112258664
0edabfb884d1d7c7,2026-05-30,1112258664
84f7872c17ed46f3,2026-05-15,1112258664
978d852d5cc425a3,2026-04-03,1112258664
948684433a608033,2026-07-10,1112258664
ffa26fc830ed923a,2020-05-20,1138657182
2297a44b8c2d2a62,2020-05-08,1138657182
6608611d075f0e3e,2020-05-01,1138657182
6f1fc3675a99c1cb,2020-05-25,1138657182
e437ac8ccd6b39bf,2020-06-16,1138657182
736b99ddc7558b5c,2020-09-04,1138657182
fb4fe9fb8c99aaa4,2020-08-27,1138657182
a3910e3e21ea27bd,2020-08-06,1138657182
fb7f93422cb4dcdb,2020-09-16,1138657182
c0ff78c638bd2ff5,2020-09-14,1138657182
f1c2d9206bf65839,2020-07-12,1138657182
4a45a9d606f1090c,2020-12-30,1138657182
b0938ecfaa847b95,2020-11-10,1138657182
6f18962fc3809207,2020-11-18,1138657182
4deea0d16acc1477,2020-10-06,1138657182
0672870e595f4895,2020-10-29,1138657182
7e20d421cd902030,2021-03-19,1138657182
92a61f76ab2bdaf2,2021-03-02,1138657182
5cf4cc65a5df4b50,2021-02-10,1138657182
a90a3e577b82bb4a,2021-01-06,1138657182
febb291fbda2217d,2021-05-12,1138657182
19a8bdc00e573aae,2021-06-22,1138657182
d6abe2c91a1b87ee,2021-04-14,1138657182
fbdcac09d1d0a5b4,2021-06-18,1138657182
ef8196215feb8e37,2021-04-23,1138657182
46962d1be1c44f32,2021-09-05,1138657182
edd6c071e7c9d3e0,2021-07-03,1138657182
ffcad85b5a0654d8,2021-09-27,1138657182
bb9352bb474ec2d8,2021-09-01,1138657182
1abf7f33985461d7,2021-07-16,1138657182
2d82fb4db262dbcb,2021-10-11,1138657182
d4cabf355ccc7908,2021-10-22,1138657182
3e033855e3b0bb1a,2021-11-19,1138657182
3ced5efd8d1e627d,2021-10-08,1138657182
4bb1d245ce0854c3,2021-11-26,1138657182
6ec53351fbf9d835,2022-03-29,1138657182
7ea1b8b6da773671,2022-02-03,1138657182
21c355757abec9c7,2022-01-10,1138657182
26fb8af6ea98ebc5,2022-05-06,1138657182
77b45461486898a8,2022-05-17,1138657182
f0ceafe20ce0ef0d,2022-04-25,1138657182
61fb4e8e9ecdd794,2022-09-27,1138657182
eddd42286a3abd1c,2022-09-12,1138657182
a737fafd7f395409,2022-08-13,1138657182
6b84294c8d2534f4,2022-07-19,1138657182
3836e56bb2bff184,2022-09-28,1138657182
f4b3970266d7bde5,2022-10-11,1138657182
9d23c2b78badfd88,2022-12-26,1138657182
4dc70d401dd5a147,2022-12-28,1138657182
80eb1d8d5e8fa331,2022-11-27,1138657182
0f79c0f99816b934,2023-03-01,1138657182
7350b7147d97cc34,2023-03-04,1138657182
093e2492bb742455,2023-02-07,1138657182
cc82bd9258c45fb5,2023-03-20,1138657182
ce7d03010257886a,2023-06-01,1138657182
2d1e0a56158ff5a5,2023-05-17,1138657182
980361982600a530,2023-06-19,1138657182
fca7189e9edb500b,2023-06-20,1138657182
d476aecec7df4c2f,2023-05-29,1138657182
29e6c06b551f46dc,2023-08-16,1138657182
f80d07509891d2d5,2023-09-30,1138657182
b258962b53001479,2023-08-22,1138657182
9d4f509dede39436,2023-08-10,1138657182
8c42b70f88c3b257,2023-09-25,1138657182
4b91581493291b29,2023-10-25,1138657182
cf123e31557cf045,2023-11-29,1138657182
ce5f83b5a2e190f5,2023-12-27,1138657182
5351632cc97cd535,2023-10-16,1138657182
2b84c4ca25189b43,2024-03-19,1138657182
a4160b6838b0bd94,2024-02-09,1138657182
ba978b15214fd3e8,2024-02-19,1138657182
c46ba9c67d57f803,2024-04-05,1138657182
d4008ab1b2419040,2024-05-05,1138657182
2da12ae1ab131b07,2024-05-08,1138657182
c3d02b8728e1c4ab,2024-04-17,1138657182
1ef6ede04ac868f9,2024-06-06,1138657182
01e47d9a60d43da5,2024-07-26,1138657182
ca461e15bacc3742,2024-08-13,1138657182
fb6846c4fc267ba9,2024-07-19,1138657182
2b0a30bdfc092fd1,2024-09-06,1138657182
f6ca92ca9c608262,2024-09-05,1138657182
de7498c9a569374a,2024-11-11,1138657182
cb14d7c3d2fc9021,2024-10-11,1138657182
78bd6d2d277bc176,2024-11-01,1138657182
8221bb2e915dbc4d,2024-10-22,1138657182
d0f2a6ce754985ba,2024-11-06,1138657182
48cce7ad6f564dfe,2024-10-07,1138657182
dea62fef54c283d9,2025-01-17,1138657182
e4bc0c7be5829853,2025-03-18,1138657182
2055d96142c55c23,2025-02-23,1138657182
2d3eff45d5bd9762,2025-03-09,1138657182
df5edcd30923cba1,2025-03-07,1138657182
f2420b71b7a6d086,2025-03-04,1138657182
45d12b1cc7030429,2025-04-16,1138657182
fa742ec885745478,2025-05-20,1138657182
76695e500fdb84b3,2025-06-09,1138657182
3214d38aa27dbec4,2025-04-03,1138657182
ee1e8cfa368ea514,2025-04-19,1138657182
fa7bebbc5b09de14,2025-07-08,1138657182
ea25b806ada95379,2025-07-21,1138657182
ca571261e6361f2a,2025-08-24,1138657182
f2050a7b729c67c5,2025-09-12,1138657182
dbd174e37f9c6099,2025-07-08,1138657182
5073bfc5513ce4f6,2025-10-25,1138657182
c8134a9e3a314d01,2025-10-29,1138657182
3bd79d2b2b7ec4d2,2025-10-31,1138657182
f3043e397e97fc59,2025-11-11,1138657182
288b2a4c13c5c0cc,2025-12-18,1138657182
07779dc7bc27f493,2025-12-10,1138657182
b18bb6a2f11df7f8,2026-03-15,1138657182
5fbea239cdcc34d6,2026-02-09,1138657182
2b74aa865b1f9824,2026-03-25,1138657182
4f28582bb32d656f,2026-01-14,1138657182
c69481e6165a142d,2026-02-18,1138657182
279898e3d21282e8,2026-03-10,1138657182
c7556cf4be84ab8a,2026-04-10,1138657182
6bd29d3d2ecdf7ed,2026-04-14,1138657182
00995a93fad856d3,2026-06-10,1138657182
1798f08f0749e101,2026-06-03,1138657182
500d30be7b00d089,2026-06-19,1138657182
02c3a92ef86a4d20,2026-04-08,1138657182
69becda15d29893d,2026-07-08,1138657182
3f19e05c3103a21d,2026-07-02,1138657182
1b8f233023bd6ef6,2026-07-10,1138657182
ed8507493d9138eb,2018-01-12,1147092464
23202db7c83606cc,2018-03-23,1147092464
09875960995cc600,2018-01-23,1147092464
cb5c123ccc1115fc,2018-02-06,1147092464
6667efe4f17db566,2018-02-23,1147092464
8cea778d888a87c4,2018-02-27,1147092464
4f24693899d7ba91,2018-04-24,1147092464
74211b1b27515b16,2018-06-26,1147092464
f4434f3b55692447,2018-04-10,1147092464
dc8861c04483e4a9,2018-05-01,1147092464
03bd60f06d2d1262,2018-09-04,1147092464
8975a3a97645b76c,2018-07-27,1147092464
edb39a17eb3b3b73,2018-08-28,1147092464
4eb0e0f9af83ed7a,2018-07-24,1147092464
6736d6925e1f5e5c,2018-08-21,1147092464
db62ce587975467e,2018-10-30,1147092464
96a09141e439a636,2018-11-22,1147092464
fba27d31888bc73d,2018-10-02,1147092464
0941407b32f99b72,2018-10-12,1147092464
8d65391f8b6440a8,2018-10-23,1147092464
d5a96a7ce04fd3ea,2019-01-18,1147092464
c77d9d1bbc4c4d91,2019-02-22,1147092464
665da713c685f53b,2019-03-03,1147092464
2b323d09f8e2b600,2019-03-29,1147092464
29f6ac052b41bad0,2019-02-12,1147092464
45350bdb5b805ccc,2019-05-03,1147092464
f8eae5e32572c8cd,2019-06-07,1147092464
1db345ef0c318cfd,2019-04-02,1147092464
9af29797b26664d3,2019-06-21,1147092464
b8ba541ca1b9dcdf,2019-08-16,1147092464
39548d49cd3cbe8c,2019-08-05,1147092464
a2a5bcf33b3697ab,2019-09-17,1147092464
cf9028846f1c5d35,2019-08-27,1147092464
f9e3914fd479f517,2019-07-09,1147092464
34c9b21387f4cea3,2019-11-19,1147092464
e1ef484e69ebb445,2019-12-27,1147092464
8ee8ee18053635f5,2019-10-11,1147092464
74e8a84d35282754,2019-11-26,1147092464
2d58f6279734629a,2019-12-17,1147092464
e64779252804a450,2020-02-11,1147092464
5d1d5ab1c3de41b5,2020-01-17,1147092464
917c99f31c186768,2020-01-28,1147092464
f11b10ee681c9d6e,2020-01-03,1147092464
b2981c8a325d89e5,2020-05-31,1147092464
d917f391af733d1b,2020-04-24,1147092464
d059fd03b9bd0021,2020-06-05,1147092464
dcc6f54d9227a19c,2020-09-29,1147092464
92c363a26594936f,2020-09-08,1147092464
388224cb05e29641,2020-07-24,1147092464
faad51ded165f15f,2020-08-18,1147092464
74e5b22a8ec7db7c,2020-08-04,1147092464
02aa8e53090841cd,2020-11-06,1147092464
651ee73fea844c27,2020-11-13,1147092464
6384d6ee8265a03c,2020-10-06,1147092464
4d4d6d8fb0decd72,2020-12-21,1147092464
37f826f70a92bbbc,2021-02-09,1147092464
7870c5bd5e0c8614,2021-03-30,1147092464
129fdc2e881dc2e6,2021-02-26,1147092464
e6ec7a6900188dda,2021-01-12,1147092464
d5789cd4b8bd30e1,2021-02-05,1147092464
52a7831a202a89e1,2021-06-20,1147092464
a9b022b85b4837d0,2021-04-23,1147092464
6d3c4b4d03fd1ca7,2021-05-11,1147092464
d6f0168b71031f60,2021-04-13,1147092464
7e16ce5013ea186c,2021-05-25,1147092464
357362f1d3234ca8,2021-09-24,1147092464
0ae859342a531c0e,2021-09-17,1147092464
4fde90d211b66e9c,2021-07-23,1147092464
01ebb32c81dcafce,2021-08-17,1147092464
85b8063c9e7bbc40,2021-08-31,1147092464
c26e9d7b52456d11,2021-11-16,1147092464
46c6654a876a9c44,2021-11-19,1147092464
96a369fc0afb88fc,2021-10-26,1147092464
3323fa8a18628522,2021-12-14,1147092464
b44fcc28be137163,2022-03-22,1147092464
0f68048136a4efa8,2022-01-18,1147092464
30e9296f1a631bf8,2022-03-04,1147092464
cc5eaa7f734ac484,2022-02-15,1147092464
12ba181fdf3c2ace,2022-03-15,1147092464
1d06954c9f9a5b6c,2022-04-22,1147092464
37ed7461c80ba3be,2022-04-19,1147092464
32132e3a6ba5c908,2022-04-05,1147092464
8112e77c97816a7d,2022-06-17,1147092464
702c5880152410c5,2022-08-02,1147092464
472b3b694f051f57,2022-07-22,1147092464
3d2e519075af9cd6,2022-09-30,1147092464
94297107a278fa05,2022-09-05,1147092464
70fe1b79de1f793b,2022-08-30,1147092464
e2a81d9f5c7eb173,2022-12-19,1147092464
0a0deea68854d02f,2022-12-15,1147092464
e9ade19e84b9b9a6,2022-10-04,1147092464
9316b6c8712c1b64,2022-11-11,1147092464
89409653cff30fb2,2023-01-20,1147092464
d0ea9bb6feb5b2e8,2023-01-23,1147092464
332560f1b516921a,2023-02-23,1147092464
27f9573864dc7f14,2023-03-31,1147092464
d6160a4dcdc6f63e,2023-03-28,1147092464
e968721c8d3bdd42,2023-04-18,1147092464
5c8f761099ab8898,2023-04-14,1147092464
d00dda9985a84a3b,2023-05-22,1147092464
f8597fcd7e72de22,2023-06-30,1147092464
f2263ec235886b4f,2023-04-07,1147092464
794f49a99dc43edc,2023-08-25,1147092464
95bd23600cbc6d8d,2023-09-08,1147092464
fb2e1778f9f538c7,2023-07-17,1147092464
eb7e8c2723e95489,2023-07-28,1147092464
463d81847471f6c2,2023-10-04,1147092464
a20b80a842ca1ace,2023-11-20,1147092464
d741343a3df46fcb,2023-10-16,1147092464
14fafb965911b1cf,2023-12-06,1147092464
b3234776b11b42ce,2023-12-08,1147092464
a707e9a9f0c0d0e6,2024-03-06,1147092464
680e3b635c6bbb40,2024-01-26,1147092464
6c431f805e9fe489,2024-03-01,1147092464
743b53e33a05a778,2024-02-08,1147092464
bfedd67ca61d6673,2024-03-08,1147092464
37225190d770125d,2024-05-17,1147092464
3a09cbaf13913f87,2024-04-29,1147092464
23b698a17958599e,2024-04-26,1147092464
5728b4825f3ca427,2024-05-29,1147092464
9368477c26dbf007,2024-07-31,1147092464
cc31c0127d3ca306,2024-08-12,1147092464
08e4349d7f7e70a8,2024-08-26,1147092464
6d04fc227eecb715,2024-07-26,1147092464
f07968db79a96e69,2024-09-13,1147092464
949834ef6bf72d95,2024-09-11,1147092464
544b9daf7bcf6f40,2024-12-09,1147092464
af7c69cbc8b765e6,2024-11-29,1147092464
1a46f486434dfdb7,2024-10-14,1147092464
1409e20ef3a6e57c,2024-10-21,1147092464
a5a89fda3467d10b,2024-11-27,1147092464
fdee491167e3cda6,2024-10-28,1147092464
7b6d3f2edfd15ee3,2025-02-21,1147092464
73db2a6a9013dc9c,2025-03-21,1147092464
973d9074c67cae6a,2025-01-31,1147092464
efe9351ac26a44ee,2025-02-26,1147092464
106ede6eeb238a6d,2025-02-03,1147092464
cc9a8f581bc3b366,2025-06-17,1147092464
9361f8f1e3bfa7b5,2025-05-27,1147092464
eec13fac7d3e4f85,2025-05-13,1147092464
6b5f93ee869d9ad3,2025-04-22,1147092464
faf8117b17139cc0,2025-04-07,1147092464
06c7b6874a21a5df,2025-06-06,1147092464
f041b16b8566bf74,2025-08-27,1147092464
5b3f78b8bdff45b4,2025-07-01,1147092464
ea407ded031067e9,2025-07-08,1147092464
6b11fad0cbb754cc,2025-08-01,1147092464
eb5ca78f985f5caf,2025-09-08,1147092464
04f454454700538f,2025-08-04,1147092464
99b3bebd72cf5e28,2025-11-21,1147092464
47bff203881bae94,2025-10-22,1147092464
c80ccd1e5190cdac,2025-12-05,1147092464
2b32a78a846af01b,2025-11-19,1147092464
ced9321edaefba01,2025-10-31,1147092464
0f26317871993e08,2025-10-13,1147092464
803a7f609a7bbce6,2026-02-11,1147092464
124841cc8affde4d,2026-02-16,1147092464
a76ed56260f4fa3f,2026-01-05,1147092464
be272a40c70a683a,2026-02-04,1147092464
9423f762735e93c4,2026-02-18,1147092464
8348b7e06671d016,2026-02-20,1147092464
9c314ad2393855c6,2026-06-26,1147092464
af1cf823150da7b6,2026-04-29,1147092464
96c4c90d7647032d,2026-06-19,1147092464
eec534d1e5c58d6e,2026-05-18,1147092464
b3e957fe47ea3725,2026-06-01,1147092464
f40109841661bedb,2026-05-11,1147092464
9e6f289af3dad485,2026-07-10,1147092464
30e6785c33df90e5,2026-07-01,1147092464
ec0d97a649fa33b9,2026-07-06,1147092464
155a89183a4c46c9,2026-07-03,1147092464
2535bfcf78b3fdd3,2026-07-08,1147092464
d609697da42b3887,2024-09-30,1155629323
736499ebf12099e4,2024-12-03,1155629323
738d77f5c07405a3,2024-12-23,1155629323
eeac02a92baca4ad,2024-12-16,1155629323
0087910ed3e0df9c,2024-10-07,1155629323
8c21235df490ca13,2024-10-21,1155629323
47e65b3dc12a6282,2024-11-05,1155629323
d4dc15eea5020521,2025-01-06,1155629323
ddda489e3c811686,2025-03-10,1155629323
f0975c60ced9f41f,2025-02-10,1155629323
b518040285f66560,2025-03-31,1155629323
71ee368a6b38a3cd,2025-02-03,1155629323
e93b5e68c227e48e,2025-02-18,1155629323
985d47f70ca9431f,2025-04-21,1155629323
22f18f7a95dd528f,2025-06-02,1155629323
42fee42c2147ef60,2025-04-14,1155629323
2aa1bc68b3a104f8,2025-05-05,1155629323
80a5cbd0785c3fd3,2025-05-19,1155629323
6cc61264732dbc4b,2025-04-28,1155629323
2d4a7931a7aa8b99,2025-09-22,1155629323
42b543d373d69b69,2025-08-25,1155629323
26208b25b7270cce,2025-07-21,1155629323
96ce79e22caca051,2025-07-07,1155629323
f3806a8a2ae26186,2025-07-28,1155629323
c4a4c90389db2db4,2025-09-15,1155629323
d537145b2833a776,2025-10-27,1155629323
55ded04f1deb9edd,2025-12-05,1155629323
c1c1b258ac3263ce,2025-12-02,1155629323
03d0f455c18b782a,2025-10-08,1155629323
f224630c21ae120a,2025-10-14,1155629323
d542a09fd271f0fd,2025-11-11,1155629323
328d6cbd0d1be443,2026-03-30,1155629323
cf018872917fd4b9,2026-03-16,1155629323
150d9e9d061d3b92,2026-02-10,1155629323
025666f82b2b3121,2026-01-13,1155629323
cd8725bc8a759868,2026-01-21,1155629323
824b34d10ff67456,2026-04-13,1155629323
80e79cf6a340cb89,2026-04-27,1155629323
cd4ea20f5ad59625,2026-05-26,1155629323
2fe3ec0c6b0246a3,2026-06-08,1155629323
c260afb93c8203a7,2026-04-20,1155629323
9cdde5e4b50dab79,2026-07-13,1155629323
307e46e331a15e17,2026-07-06,1155629323
2b14eedc838c034c,2018-01-09,1169056746
51dc80eab9004165,2018-03-30,1169056746
67135423911d4493,2018-01-12,1169056746
4cc26cc9c6f0831c,2018-03-21,1169056746
89ddda1f1c659683,2018-01-03,1169056746
19cc7465ec33e2e2,2018-05-17,1169056746
a355d9ef9b2ae8c5,2018-04-09,1169056746
bee97759af319af3,2018-05-04,1169056746
13b3b8d13bcdf620,2018-06-25,1169056746
61f4f28c431ac60a,2018-05-16,1169056746
e5d046ed8da6668d,2018-07-23,1169056746
29a02df19c443ec5,2018-07-02,1169056746
f91938bd13a58e4f,2018-08-01,1169056746
0a5936b361f5d896,2018-08-28,1169056746
8e2cbbe325d85929,2018-11-12,1169056746
c9534abe105ade61,2018-12-10,1169056746
ba17688e7e7b1dba,2018-12-14,1169056746
9378009ccb7dcf53,2018-12-12,1169056746
5acafb1fdf1711cb,2019-01-08,1169056746
5ab01e748cacd9cb,2019-01-24,1169056746
54dc7246f5c52b8f,2019-03-14,1169056746
b6df1da9bb3066dc,2019-04-11,1169056746
cc0cd8a0caa44d9d,2019-05-31,1169056746
6104d242303edce0,2019-05-14,1169056746
d0db506991cf215b,2019-05-17,1169056746
a764aa1cddb1a566,2019-04-24,1169056746
a4de16f9f2c413bd,2019-07-18,1169056746
3873e8ceb7caf259,2019-09-11,1169056746
d764b5a2adb0b71c,2019-08-12,1169056746
59874e056abb59d3,2019-08-20,1169056746
a33ad61a0a22d6ab,2019-07-02,1169056746
9f5966ca595c25e0,2019-11-13,1169056746
486f8c660aaef0da,2019-10-23,1169056746
8b05cad4f826ed19,2019-10-18,1169056746
282f61feab4540ad,2019-11-19,1169056746
4fc0a3fb1243cde6,2019-11-15,1169056746
a8ee6e4e35f09e08,2020-02-18,1169056746
3d3182f3371f2484,2020-03-23,1169056746
bfd6e71f96fb499a,2020-01-10,1169056746
3b73815f7290d482,2020-02-28,1169056746
1caab8a27535a9c5,2020-03-27,1169056746
83fdf9ecdfec2525,2020-04-06,1169056746
1362c8d819b38d9d,2020-06-05,1169056746
e09e2efd9d6c18f1,2020-06-02,1169056746
fe8cef8e89fd5d6d,2020-05-28,1169056746
6f6909728e7f59d3,2020-05-12,1169056746
afb5cc9ef720a07f,2020-07-15,1169056746
3d704d69180eeb2b,2020-09-17,1169056746
b8962c64edaad063,2020-08-05,1169056746
25f0e5747903feb9,2020-07-31,1169056746
3d0164f10f60a404,2020-08-31,1169056746
791538921c42c0ab,2020-12-01,1169056746
cc5a921d00597ffc,2020-10-19,1169056746
e95677e41ed89610,2020-10-30,1169056746
4420b246f940d0e6,2020-12-15,1169056746
d36fd9313fd7e616,2021-01-15,1169056746
28a6c25b671cb842,2021-02-11,1169056746
3ef592e4a21130b3,2021-02-02,1169056746
74bf828f466bc90c,2021-04-10,1169056746
6746421d409815b0,2021-06-22,1169056746
f0103cf63954a71a,2021-05-06,1169056746
5fbba58983b69164,2021-06-01,1169056746
e223ec271890282a,2021-09-03,1169056746
0715f3230cc495a0,2021-09-23,1169056746
a6408b42b1b202a4,2021-09-24,1169056746
7db7dccee1ff52ff,2021-08-10,1169056746
6ea062fbee95e9ac,2021-07-30,1169056746
3eed93658b9d6c1a,2021-10-08,1169056746
645be7d95dcce83f,2021-12-13,1169056746
8d17f118d41932e4,2021-11-05,1169056746
9d6eb7e22b94bd36,2021-10-26,1169056746
c1701b7145c9c95d,2021-10-07,1169056746
14a5c853e123c989,2022-03-08,1169056746
4713fb7ab2051ddc,2022-02-23,1169056746
3e85c87c34e2328d,2022-01-06,1169056746
6d82e489b94dfb3e,2022-01-12,1169056746
5e8f12473a270a59,2022-05-20,1169056746
40bd8bd3036c9d1f,2022-06-29,1169056746
462058a3da1c5887,2022-04-19,1169056746
eb89176d6b35a915,2022-04-26,1169056746
066ec2d710797263,2022-09-13,1169056746
869dc5d86aa1f8dc,2022-09-15,1169056746
a14f72894e327a57,2022-07-13,1169056746
53fa4038f02ccced,2022-08-03,1169056746
8ef01201e1cf0dc8,2022-10-21,1169056746
7607583a641df5fa,2022-10-05,1169056746
0260ffc211d51b4f,2022-11-17,1169056746
164aeed1ef4e3cb5,2022-10-04,1169056746
4866cdfbb0b5eded,2023-02-02,1169056746
4f4520a134fcedd4,2023-02-07,1169056746
8a61273310fab3a6,2023-01-09,1169056746
24147aa8d8b30e56,2023-01-23,1169056746
0926f9560bb48cf1,2023-03-23,1169056746
442c870b0eba9fdc,2023-05-08,1169056746
affc2ff14e2517c3,2023-06-13,1169056746
61000aef3d4a0f10,2023-05-10,1169056746
123c70966cee5c2c,2023-06-09,1169056746
e6a91c128d731ff3,2023-07-11,1169056746
7a5377c1e7bf0b5e,2023-08-08,1169056746
5228c32724e62ba3,2023-07-06,1169056746
b878dc5696786e6c,2023-07-20,1169056746
b596ed8e87aaf00b,2023-08-15,1169056746
b36cd49dda291bff,2023-12-21,1169056746
1ca31938dac143cb,2023-10-30,1169056746
874bc5f0ec9bf1a8,2023-12-05,1169056746
091ca277b814cd0b,2024-01-02,1169056746
da468fd07b687e67,2024-03-21,1169056746
3b9f27a969303ebf,2024-02-27,1169056746
c33c7d73d7710c39,2024-03-28,1169056746
9432b50064843ff5,2024-05-06,1169056746
bebe820a2213b616,2024-04-29,1169056746
efeb4a9c989e3073,2024-04-04,1169056746
c284af9be8665e0a,2024-04-09,1169056746
b89bf58c7781d133,2024-04-16,1169056746
bb774ec7e9cb5569,2024-08-22,1169056746
fe9265e6130e77ae,2024-09-18,1169056746
9766f4d838fc9068,2024-08-02,1169056746
6abfe27d7429588a,2024-07-16,1169056746
254dbfe8404afb2e,2024-08-05,1169056746
f51bc6a68a6c2947,2024-08-07,1169056746
0f631b3ab9a3495f,2024-10-09,1169056746
9e5c13c4daafcb02,2024-10-21,1169056746
9dfe71168218a4fb,2024-10-28,1169056746
e3978bc8e7726da7,2024-11-11,1169056746
3136361bcd523320,2024-12-09,1169056746
7043dd9a3d44d72c,2024-10-15,1169056746
48d8cbb48c2cf863,2025-01-16,1169056746
58ba9cc9d73df83b,2025-01-07,1169056746
07c19236a76793d2,2025-02-05,1169056746
07da528eb125a220,2025-02-10,1169056746
6755b64c757b2c8f,2025-01-22,1169056746
8105be6d74a575ce,2025-01-21,1169056746
68183d0b6e6765cd,2025-06-02,1169056746
5fc07da8c56a9716,2025-05-12,1169056746
715d0b9d2dcd15d4,2025-04-21,1169056746
57cc0fe62ca59afe,2025-05-13,1169056746
46e33fa685afaf73,2025-05-20,1169056746
53d0fe8bf686b912,2025-06-13,1169056746
592b8d4ed4d735b9,2025-09-09,1169056746
7d8725c020ac8da4,2025-07-31,1169056746
0f87eec63cc7c812,2025-07-16,1169056746
0a4a68d41ed018e5,2025-07-23,1169056746
0cbe015f01ae7524,2025-07-22,1169056746
d2b661751030f79f,2025-09-23,1169056746
4261b63dcaa1c5b3,2025-10-21,1169056746
5aa1212bd60cd847,2025-11-06,1169056746
0bb38f2e35ddb57b,2025-12-15,1169056746
954c9ee7283221fe,2025-12-16,1169056746
1d17f2208c44387e,2025-12-04,1169056746
93804df7c0ea97ef,2025-10-16,1169056746
7918c5804af9b40e,2026-03-05,1169056746
869a9d5e1c438716,2026-03-06,1169056746
1ca6ac0958206665,2026-02-22,1169056746
56fb8c3c518b0932,2026-03-28,1169056746
851662fc9cbb0446,2026-02-24,1169056746
ae477ebc79aa2c23,2026-01-07,1169056746
b0b58eaa024ab5f1,2026-04-01,1169056746
c3c43003859da620,2026-04-17,1169056746
caa126f95c627f1b,2026-06-14,1169056746
a875679300dff80d,2026-06-21,1169056746
141f869d4ef14cda,2026-04-19,1169056746
f95ef73662c2f12e,2026-05-15,1169056746
cbe3b7a7101c6ac4,2026-07-13,1169056746
262724d38c7e9f6e,2026-07-08,1169056746
cd0e8d5549cd4e03,2026-07-09,1169056746
3f62abba5c0f152c,2026-07-06,1169056746
47ea11eadf900701,2026-07-07,1169056746
23b95f0c6e2a4c11,2024-09-24,1172546141
3d7a134d1376c3e3,2024-09-10,1172546141
422edcd390784bcf,2024-08-27,1172546141
b0b7737043cc5375,2024-09-03,1172546141
f6b023f05b283df4,2024-09-17,1172546141
edf37bdddd05a4ca,2024-12-03,1172546141
015e8aded96da8a3,2024-10-15,1172546141
360fe04b271d9b9c,2024-11-19,1172546141
6d99dd3c4534c78a,2024-12-17,1172546141
1b95c187c956d8e6,2024-11-26,1172546141
df9b067cac5c30b9,2024-10-01,1172546141
72bf1f673a02c41f,2025-03-11,1172546141
9da2d651260a6b10,2025-02-25,1172546141
fbff78ad242372b5,2025-02-11,1172546141
abd481023f3f4fa1,2025-03-18,1172546141
8bae487510782fcf,2025-01-14,1172546141
cac966ce8ead4023,2025-01-21,1172546141
3aa40377f8f5cd1f,2025-05-20,1172546141
92ec2d5d266b25e9,2025-04-01,1172546141
bffad21ec6ef1c3c,2025-06-24,1172546141
f744f4f0380e4eb3,2025-04-08,1172546141
dd177b216b558fdc,2025-05-27,1172546141
b2f0885b1041be1e,2025-04-22,1172546141
eee171f09020d23e,2025-09-10,1172546141
2867336ab2d77448,2025-08-26,1172546141
d537f6f997365d25,2025-09-25,1172546141
c39ce24c09d7b45e,2025-08-12,1172546141
6dc29e5c4f24d5f7,2025-07-01,1172546141
ab3b1dd3ea2f7c10,2025-08-05,1172546141
3d96287e9be5b584,2025-12-10,1172546141
fc54350b39c39fd7,2025-10-30,1172546141
2c87b1776bd76c7c,2025-11-26,1172546141
d95d7b582d735185,2025-10-14,1172546141
49b6d113c4c3cb19,2025-11-05,1172546141
8979829731fbc7b0,2025-12-03,1172546141
493028930ae6c50d,2026-01-07,1172546141
e0187a518d740c69,2026-03-25,1172546141
ad73b46200c18e47,2026-03-11,1172546141
9d5d91426b7f637f,2026-01-14,1172546141
a6d457f03c4ba77f,2026-03-02,1172546141
f1047fe8f2262e12,2026-01-21,1172546141
15412c46d1af0e1c,2026-06-17,1172546141
00a843df19cd66ff,2026-06-03,1172546141
b86b5717d62f1c7f,2026-05-27,1172546141
fec11c143924b34a,2026-04-15,1172546141
9590620f9e85f713,2026-05-13,1172546141
db739657eb1f5962,2026-05-06,1172546141
df6c7d3e85c90334,2026-07-08,1172546141
830c1a297dc7bc23,2026-07-01,1172546141
b3435f65d924b776,2018-01-25,1192761536
2af9c37c0a98413b,2018-03-05,1192761536
41fae78d8af25c87,2018-03-09,1192761536
e85057eb654ba011,2018-01-18,1192761536
8b4eedf192fec720,2018-03-26,1192761536
89500e8743e30d0f,2018-01-15,1192761536
8e94dedfb36b08ed,2018-06-28,1192761536
7e403ea0f354a6d4,2018-04-03,1192761536
ab913d35664777dc,2018-06-19,1192761536
7201d20689ce30ef,2018-04-17,1192761536
85e378ebd0bbaacc,2018-07-19,1192761536
fe056ba5c11ccb01,2018-08-21,1192761536
59670e1b154b3fc1,2018-09-04,1192761536
42c7766cfd554c1d,2018-07-10,1192761536
1d7dc527a344fb00,2018-08-02,1192761536
bdafe1c83353bfee,2018-11-08,1192761536
dac54d3a84d5ec8e,2018-10-17,1192761536
2e1f22de368d501e,2018-11-19,1192761536
bb4089bb14712e5a,2018-10-29,1192761536
18579f61c5dc741f,2019-01-17,1192761536
c03a96751d238ca8,2019-03-11,1192761536
a87630a2cf30e895,2019-02-19,1192761536
664d6fbf8c671157,2019-01-07,1192761536
dcbbd22e2f367aa4,2019-01-22,1192761536
16e59aad43f3b00a,2019-04-12,1192761536
27cf9475667b47d4,2019-04-11,1192761536
738428384769e014,2019-06-07,1192761536
6da694bc77ede4e6,2019-06-28,1192761536
e284bdffa5c3b6fd,2019-06-20,1192761536
c6ef0f4037a43c7a,2019-08-01,1192761536
37b5a7854278b69e,2019-08-12,1192761536
292f3fceaef7c1b6,2019-09-16,1192761536
d301756a6e5c9cfe,2019-07-19,1192761536
024650fbc387166c,2019-07-18,1192761536
5d055e240e0d8bcd,2019-12-05,1192761536
9905546e9e62297c,2019-11-18,1192761536
97040b8b6d79e123,2019-12-10,1192761536
8edbe313f5c6dc7a,2019-11-11,1192761536
447f719b81edc8f5,2019-10-28,1192761536
8502bcd1d92b096b,2020-02-26,1192761536
df0cae0091be0011,2020-01-12,1192761536
ac2312cba60d3891,2020-01-28,1192761536
557d2f30b8280c7e,2020-02-05,1192761536
fe7eddcc015a4e53,2020-03-02,1192761536
3632835c02e4e2b0,2020-05-26,1192761536
b05d0617de548ade,2020-04-23,1192761536
c98cdef052dd2631,2020-04-30,1192761536
686546e9cdca602b,2020-07-10,1192761536
0ebf3d8e77ec5c21,2020-08-21,1192761536
65a35bfb947973fb,2020-08-17,1192761536
adb6fe1ca81ee2e6,2020-07-30,1192761536
6479893f14d1b8df,2020-08-20,1192761536
4e163601e5a5abcb,2020-12-28,1192761536
45406b84a61de2d7,2020-10-24,1192761536
216738de2a69d25b,2020-11-23,1192761536
a4f73d0bee823b63,2020-11-09,1192761536
3da4ef2f55760420,2020-12-21,1192761536
0dd557d7f9d36ce4,2021-03-18,1192761536
636562bd0fe5a41e,2021-02-18,1192761536
1684b5fb810e7c74,2021-02-22,1192761536
cff59eae6d10a061,2021-03-22,1192761536
51b4a8dad4625bb7,2021-03-08,1192761536
ae808a42d8c63c5f,2021-04-15,1192761536
225b8034f71bce73,2021-05-17,1192761536
d46e466b7bd6a3d3,2021-06-10,1192761536
568621d51ac42c70,2021-05-13,1192761536
f906dbb5cbc21e1d,2021-06-03,1192761536
963015f3b4cda7a4,2021-08-12,1192761536
9b8fb3917cd3e5a9,2021-09-20,1192761536
5b0863b115365870,2021-08-30,1192761536
cabb3faeaa7ddec5,2021-08-16,1192761536
b8627c70119fd131,2021-11-16,1192761536
6410e65514677136,2021-12-21,1192761536
21fe441bccf03bbc,2021-12-28,1192761536
8d179ad076d96bbe,2021-12-19,1192761536
fa98280fde8d1d66,2021-12-16,1192761536
c8ddf10e7482afc5,2022-02-20,1192761536
59ed2d801f086097,2022-01-30,1192761536
2e82ac87bd94e6ce,2022-02-13,1192761536
490a30daa15018e3,2022-03-22,1192761536
4bf05963f99e80f7,2022-06-10,1192761536
0c6859a3a5ddd875,2022-04-17,1192761536
218fe5130f9f9102,2022-06-14,1192761536
45c2640fac0e5ef5,2022-06-30,1192761536
054b4d7f11a1444d,2022-05-09,1192761536
10010a34611f8f02,2022-07-12,1192761536
e7bac0786a25805a,2022-07-22,1192761536
a7059d879d3787ea,2022-09-15,1192761536
ceb67915fcd06d26,2022-07-28,1192761536
42f9af2a25171e84,2022-12-08,1192761536
f8e66b291459d857,2022-12-01,1192761536
6b59768569b5ed6a,2022-11-09,1192761536
6f3da77eb697c057,2022-10-10,1192761536
fc46bb45780fba7d,2022-12-20,1192761536
dd7eca0f60bbe4c6,2023-03-16,1192761536
4e2352557f982a1f,2023-03-30,1192761536
21a12556e0a5d142,2023-02-02,1192761536
61ae005a407828e0,2023-01-10,1192761536
c2c64616b7a7f17a,2023-02-07,1192761536
0cd286d1f68e9d2c,2023-06-15,1192761536
f0b6186e97c73b9b,2023-06-27,1192761536
99a4e9b3fdaf4c96,2023-04-27,1192761536
485a95ce02e0c277,2023-06-01,1192761536
c9743d1da585baab,2023-08-10,1192761536
3aa35c266f925817,2023-08-22,1192761536
25fce85dd0f47ddf,2023-08-01,1192761536
e646b21292600fe3,2023-09-12,1192761536
644cf443862c4dfd,2023-10-31,1192761536
dfd73a1f8d0befc2,2023-12-12,1192761536
ce60db5a8198c5e1,2023-10-26,1192761536
2c8a306b8dd4e0b2,2023-12-05,1192761536
f7f49959ef95ebc4,2023-10-05,1192761536
06ff5b754e984669,2024-03-19,1192761536
b3e87bdb04c34dfe,2024-02-08,1192761536
c4cb42a73dc76353,2024-02-06,1192761536
a6134ceaea7a860a,2024-02-02,1192761536
fb582ceda6ac8de3,2024-04-19,1192761536
15e33828d27b724d,2024-04-05,1192761536
54a6bfbf88961ea0,2024-05-29,1192761536
a378cf32a01136ba,2024-06-19,1192761536
5bec32348b894c36,2024-05-21,1192761536
3136830a4c38803d,2024-07-25,1192761536
84675e6cd693714e,2024-07-20,1192761536
a704178e5660f137,2024-08-30,1192761536
8e5493cce90cfd5a,2024-09-05,1192761536
8d42de6a366b2545,2024-08-14,1192761536
d0acb54f41bcbd89,2024-09-17,1192761536
2b3e37151064302b,2024-12-11,1192761536
a0843722244b1bb2,2024-11-22,1192761536
35cb68a8ce6dfc53,2024-11-20,1192761536
1a0695bc8cb0592b,2024-11-03,1192761536
45908e1040810e3f,2024-10-16,1192761536
5ebd0489db16c503,2024-11-29,1192761536
9476b3b13ba65786,2025-02-21,1192761536
a72ec5a9d7205bfb,2025-02-11,1192761536
145184e9b66d9215,2025-01-26,1192761536
ac6962115c3a66cc,2025-02-18,1192761536
0212c323b018c04a,2025-01-07,1192761536
9de75056c01bcfcd,2025-02-07,1192761536
cb3041bd2dafb763,2025-06-13,1192761536
e9107efc91997ddd,2025-04-20,1192761536
4924e5dc33110875,2025-04-29,1192761536
6b9b39a3efe39ac3,2025-06-27,1192761536
36e491c8214d2d58,2025-06-01,1192761536
818ce65a1e03f9e7,2025-06-17,1192761536
a63e49e576671312,2025-08-01,1192761536
29ba2fdcbcf8771e,2025-07-22,1192761536
bc9d77f782c0fd59,2025-09-26,1192761536
504871dbd1181388,2025-09-23,1192761536
5a396f4d24d9ccbe,2025-08-15,1192761536
9017d33817c1e5a0,2025-11-18,1192761536
a1e2e2ec4fc5e0bb,2025-11-19,1192761536
b438fd8f33b436a0,2025-11-14,1192761536
65bc68a3ac58dd7b,2025-12-23,1192761536
50b172df0eab8ab9,2025-10-24,1192761536
00fcf3c65a583c9f,2025-10-14,1192761536
485b52c98eaa0a7f,2026-01-06,1192761536
34ce6c42bf9b39e0,2026-02-20,1192761536
f4a22cbc1c93e876,2026-02-06,1192761536
077fe53d93f3f0c1,2026-01-09,1192761536
f7474e3807d5de7e,2026-03-06,1192761536
c8452e20a3a2a7ad,2026-02-24,1192761536
bede83f636b5ad53,2026-04-24,1192761536
3b3ae929b77c51a2,2026-05-01,1192761536
82d7ea640ffe96a2,2026-04-28,1192761536
b88c3f345daf229f,2026-05-17,1192761536
16491f5d4ed671a5,2026-04-05,1192761536
8bcd733207fa3cf3,2026-04-26,1192761536
d2bde05d201216e0,2026-07-02,1192761536
b364f59155947ff0,2026-07-10,1192761536
55e0689407eeec41,2026-07-07,1192761536
197daf10cf8837e8,2026-07-12,1192761536
7cc754dfea8d51ff,2026-07-14,1192761536
a55ef8f41aaea428,2018-02-14,1195206601
87058bbb2dcdb7e8,2018-02-21,1195206601
7788ea1efc557a14,2018-03-04,1195206601
7c3aa7d737e45dc8,2018-02-01,1195206601
d454a774f96d4bb8,2018-03-28,1195206601
5f5231c9a8dc12ae,2018-06-27,1195206601
eed8c45be1f78f37,2018-04-25,1195206601
4e73e9b6b44c2074,2018-04-11,1195206601
4363461606adb39f,2018-05-23,1195206601
ad3cc5497b3dd065,2018-05-30,1195206601
a20ba730735c2434,2018-04-18,1195206601
f6778b27e5c2a02c,2018-09-26,1195206601
3b4a3ff215dfc84e,2018-09-12,1195206601
82371e834d4b55d5,2018-07-25,1195206601
96625cc433aca7fa,2018-07-11,1195206601
a9a6a740ba0cb7b3,2018-09-19,1195206601
370863691c4d1c4d,2018-10-24,1195206601
0e63ce808bf07273,2018-12-13,1195206601
03c8d0ce1144b706,2018-12-12,1195206601
1ca7371065d7d46f,2018-10-03,1195206601
a2b4163b79ea73f5,2018-11-21,1195206601
2d0b8e2965410db0,2019-01-23,1195206601
acebbcc07eb903b9,2019-01-16,1195206601
531e353b2b21bd7d,2019-03-27,1195206601
6003472722f0b3c5,2019-02-20,1195206601
48aa3e4969b6b760,2019-02-06,1195206601
b9449665042e25d8,2019-04-03,1195206601
b8832a8cd508fd57,2019-05-22,1195206601
ee175e2608e853c2,2019-06-12,1195206601
6d37b3d6a359e1a7,2019-06-19,1195206601
b9e422a11f6efa7d,2019-05-15,1195206601
109c43f9dca71120,2019-09-25,1195206601
11eb95d03845e5d8,2019-07-03,1195206601
7eb29b0f62d8872e,2019-11-20,1195206601
2de30f6d146c660d,2019-12-11,1195206601
9448e02d9b829bf4,2019-10-09,1195206601
c6d6814420bc8588,2019-11-27,1195206601
a4c2681384307a6e,2019-10-30,1195206601
62eba5c0c23b899e,2020-02-26,1195206601
fdfd462e623be87e,2020-02-19,1195206601
f6147f34197badc6,2020-03-10,1195206601
d2625d1777f2acb0,2020-02-25,1195206601
627b27e64f0c775e,2020-04-15,1195206601
c5508b6a4c2bce05,2020-04-10,1195206601
b42ca70db32efcbd,2020-04-08,1195206601
8785b0804b236bfc,2020-04-29,1195206601
919d1ac2ed1cc5e9,2020-07-22,1195206601
82a267a9252afed9,2020-08-05,1195206601
51132ae490576697,2020-07-08,1195206601
b5f4c7c77522e0da,2020-07-15,1195206601
2cae3a187ee587d4,2020-12-09,1195206601
7933eb3c235c0e3a,2020-12-16,1195206601
13d26bae8d3c0e51,2020-10-16,1195206601
b7f8d80e85dbd5b1,2020-12-30,1195206601
62ab35476def337b,2021-03-17,1195206601
6651dc00ca198bed,2021-03-31,1195206601
0a9360d37f6bb501,2021-01-20,1195206601
7725837d081aea22,2021-03-03,1195206601
b36afe8a512dc289,2021-02-03,1195206601
78fc5465c881371b,2021-05-12,1195206601
8ae51c1633395a37,2021-06-23,1195206601
62c5a3a89698d6c1,2021-06-16,1195206601
0cd287805c908631,2021-06-09,1195206601
230fe55445001081,2021-09-29,1195206601
92eec42ba011004e,2021-07-07,1195206601
004ba4c088ec4fd1,2021-09-15,1195206601
8fff3df001533c06,2021-08-04,1195206601
7273ebfa15fb15b5,2021-09-01,1195206601
cdd2ee490c6d0519,2021-10-06,1195206601
4fc53ac10eab93c5,2021-11-30,1195206601
d538eb992f9c8e27,2021-10-13,1195206601
c10c57b0ce27c8ae,2021-11-10,1195206601
b7e92076d4927764,2021-12-08,1195206601
3bfcfdee20735fd1,2022-01-26,1195206601
4d51dbd55d38a428,2022-03-23,1195206601
2fee89ae02a5abf9,2022-03-09,1195206601
9009e5fce4f128a1,2022-04-20,1195206601
77e6578df923a49f,2022-04-06,1195206601
784d7467f52df991,2022-06-29,1195206601
48b3cc7a9b85d63e,2022-06-25,1195206601
92cd1a4800c9492b,2022-09-21,1195206601
5d9438ec2afcc593,2022-07-14,1195206601
e5604a03d7fbb45e,2022-08-10,1195206601
e70e8735730581a9,2022-08-24,1195206601
d6e3049a5f5b4f9e,2022-09-14,1195206601
1f2aa6afdc008116,2022-11-30,1195206601
0ef939eea9ce83e9,2022-11-16,1195206601
ceae574b21503425,2022-12-21,1195206601
b054dad24f5f88bf,2022-10-10,1195206601
e2b937a2a15cb8d0,2022-10-05,1195206601
914ae8d858b5e76b,2023-02-01,1195206601
8f8d8ed7cb055ac4,2023-02-22,1195206601
5767ba291168af66,2023-02-08,1195206601
76c8857810788c66,2023-03-22,1195206601
2757fa91ee3fd1e2,2023-03-24,1195206601
7e092462deb830a3,2023-05-10,1195206601
dcbfe79d60578cf0,2023-05-25,1195206601
66403dbbdc987816,2023-04-26,1195206601
54ac246a07956232,2023-06-21,1195206601
bedbddc1dd6b5c62,2023-07-19,1195206601
714f3bf35b12fe49,2023-07-12,1195206601
e1e28b5a634554bc,2023-09-27,1195206601
2cd1624264b066c0,2023-08-18,1195206601
ceeb81dbc4d8f21c,2023-09-22,1195206601
971c6bdf0569c70b,2023-10-04,1195206601
da971a8c86ef989a,2023-10-25,1195206601
d78173e83d6d4bf8,2023-12-13,1195206601
b12b170ca6b3d56f,2023-11-15,1195206601
c456eb16428a3c52,2024-03-13,1195206601
3a38e8a36136f41a,2024-03-23,1195206601
cd49fef4f0cfcd65,2024-02-07,1195206601
7d06144a36d7abd8,2024-03-20,1195206601
3ea472437f2a1e37,2024-02-14,1195206601
aae02846ac745f8f,2024-04-17,1195206601
a9e93e1c552417fd,2024-04-10,1195206601
eaec6d2fac4ce7cb,2024-06-19,1195206601
cdc85e4a3dcf9cba,2024-04-24,1195206601
f6667b1351083797,2024-04-08,1195206601
a6f57d50d9766f79,2024-07-03,1195206601
9f20a432a2b26ade,2024-11-02,1195206601
cd24295c3fe9bfeb,2024-11-15,1195206601
7fa49fa5d778aea0,2024-11-27,1195206601
2dfcde19a107317e,2024-12-27,1195206601
75929b3a95606534,2024-12-20,1195206601
a95f31f79de2d21c,2025-03-24,1195206601
0264582250d7486a,2025-03-07,1195206601
1560fc232188751a,2025-01-24,1195206601
7c8f54ea533d9516,2025-03-13,1195206601
3031552f0c863b22,2025-02-14,1195206601
cec2daa939882466,2025-02-28,1195206601
f1a748b2588cb527,2025-05-05,1195206601
5e399fd59bb17277,2025-04-18,1195206601
fd67c9330945003b,2025-06-13,1195206601
ba93a8ca51d23506,2025-05-02,1195206601
eb290adb61414fe5,2025-05-23,1195206601
54bc08ea9e0627f7,2025-04-04,1195206601
f9d167a56611d8e0,2025-09-12,1195206601
ca326e8f1addef1f,2025-08-08,1195206601
6beff5c5c0fbdee2,2025-08-22,1195206601
e0391a0dd0809312,2025-07-04,1195206601
9bb7fe76e455ea6b,2025-09-26,1195206601
fc76e35d614e15a6,2025-07-25,1195206601
1b36308eb18c1e1b,2025-12-19,1195206601
73d32269461869cb,2025-12-12,1195206601
f3b7f472d45374df,2025-10-02,1195206601
95fa283c823fa4c5,2025-10-31,1195206601
ee2f698c9541f126,2025-10-10,1195206601
1cea06569dc27592,2025-10-17,1195206601
8fd8ff33f4764dd5,2026-01-30,1195206601
6f97ef53166dd4b5,2026-03-27,1195206601
3cf7d5bc6a0141cd,2026-02-25,1195206601
d6827610e989eccd,2026-03-11,1195206601
b4036857525cdbf7,2026-01-09,1195206601
ee0a98fb106e1d93,2026-03-06,1195206601
b08d30421e281f74,2026-05-29,1195206601
491b724cb3629a8a,2026-05-08,1195206601
168bc698b6da171a,2026-04-14,1195206601
8990180dd9d3f62e,2026-04-17,1195206601
95a80805d598713d,2026-06-05,1195206601
d157647c6ba7e1eb,2026-06-25,1195206601
848ce8d58fff39d7,2026-07-03,1195206601
9859e578000b5188,2026-07-11,1195206601
8a3c9d859e9f9e3f,2026-07-11,1195206601
ed5ec4b6e01b75d3,2026-07-07,1195206601
2ebbabe5ec2d988d,2018-01-05,1200016351
c0120fc83fe0bd8b,2018-01-19,1200016351
13ea88e22b575c40,2018-02-23,1200016351
57d15bb5b0402f56,2018-03-02,1200016351
504421d904103d23,2018-02-09,1200016351
06739ec568a3819b,2018-06-13,1200016351
9e3b1d1f6a3b74fc,2018-06-29,1200016351
53031b83d9f44783,2018-05-08,1200016351
55249349c49461f0,2018-06-06,1200016351
4ae6d716d503edad,2018-05-17,1200016351
a7176fbe65cf163d,2018-08-15,1200016351
d293380f773cfd0a,2018-08-01,1200016351
9b6cbe8376c9dc96,2018-08-29,1200016351
67781bdb23ab24bb,2018-11-21,1200016351
527f2a6ae3026d85,2018-12-05,1200016351
b75f2254b01745c1,2018-11-14,1200016351
d1e9304977363cfc,2018-12-12,1200016351
28e4e48285e8c45c,2018-11-28,1200016351
c86aeb58154643ed,2019-03-13,1200016351
4801180baa46d6e9,2019-03-06,1200016351
0a08abf59eb1451e,2019-02-13,1200016351
25e1e65e52dcac68,2019-03-20,1200016351
7cdf6d4cab928ee1,2019-03-01,1200016351
0d8ca1ba01f96c52,2019-06-05,1200016351
3ab9241398fd91bb,2019-04-17,1200016351
a6e4456f455e4b78,2019-06-26,1200016351
8f876b665af24e25,2019-09-25,1200016351
cce76e2390b6c311,2019-09-04,1200016351
09010f8909601315,2019-07-31,1200016351
9abd70cebc1b3f34,2019-08-07,1200016351
ca29efed5ac4c881,2019-10-23,1200016351
d8bde5ac7ce069e2,2019-11-13,1200016351
2d30531988e5818b,2019-10-09,1200016351
7e9ddb7b59404ab3,2019-11-27,1200016351
1ae665cd3e02a16b,2019-10-30,1200016351
9386fc64a72c1efd,2020-01-08,1200016351
d5f286ac8ba45aa7,2020-02-12,1200016351
c80581f72daecf41,2020-03-04,1200016351
851187e076b7e0ef,2020-03-11,1200016351
e8b6508e52e8a113,2020-04-15,1200016351
0a655a296750625c,2020-04-08,1200016351
ed676cb481627f80,2020-06-03,1200016351
66c770c04c0caed4,2020-04-22,1200016351
3625218468d87ae0,2020-04-01,1200016351
292c018b48facb17,2020-08-26,1200016351
7bed4a575944bc70,2020-07-29,1200016351
ddbd85530e58b4f1,2020-07-01,1200016351
1a8f9aede0d64c99,2020-09-30,1200016351
6027ae7c19bf93ec,2020-07-15,1200016351
1a0aceb96aaf84cf,2020-10-14,1200016351
b37dcce7a38393d7,2020-12-02,1200016351
2470c61040844283,2020-12-09,1200016351
d567de36269eb439,2020-11-04,1200016351
39f4167f6cb42814,2021-03-31,1200016351
cbd701e64909b120,2021-02-17,1200016351
88afd3384d83c247,2021-03-03,1200016351
80b720f1faeee1f0,2021-02-24,1200016351
152ebb174ad09490,2021-02-10,1200016351
933a6220177ee701,2021-04-21,1200016351
d09f12e3685d5bd6,2021-05-26,1200016351
77ed7d31f32002f8,2021-04-14,1200016351
dde9400c519b959b,2021-05-05,1200016351
e305642108cfeed0,2021-05-12,1200016351
550e9bc39222103b,2021-08-25,1200016351
3675dddbc7bb2b75,2021-08-04,1200016351
fbf5acce9d0178df,2021-09-29,1200016351
d4afea2edc240106,2021-09-22,1200016351
c4ee1402230510fa,2021-07-28,1200016351
5e69df5748507d91,2021-12-08,1200016351
416d2d7c5403e3bf,2021-10-13,1200016351
abfde1bc49dfa7ed,2021-12-29,1200016351
7c2bae7ad93f37cf,2021-10-20,1200016351
1c35b31a1b630722,2022-03-09,1200016351
de6eb1f1a0bb0a84,2022-02-19,1200016351
65c6e38e5b11b2dc,2022-01-26,1200016351
3cbf04df50ade04b,2022-01-19,1200016351
42ad79c08da890e6,2022-03-23,1200016351
50b9f90f09fc70ed,2022-06-22,1200016351
c53b7118f3a185b6,2022-06-29,1200016351
fdf6aa53cd13601f,2022-06-01,1200016351
f880318be5a0933b,2022-06-08,1200016351
647c7e9f0bb7a278,2022-09-28,1200016351
a5b16d379ea77f13,2022-08-31,1200016351
8904deece1cea9f6,2022-09-07,1200016351
ed81bbb537f1b5aa,2022-07-06,1200016351
b622ca8ce5636e10,2022-07-08,1200016351
9c4a574e2bd91cbc,2022-11-25,1200016351
4e90b39b51c8adde,2022-10-15,1200016351
83c49617002f74b8,2022-10-26,1200016351
a107b0d69051d87e,2022-10-19,1200016351
cf6b4d323a0b7b79,2023-01-11,1200016351
616e5fdef72e98e5,2023-02-01,1200016351
868bfbe0cd5911ae,2023-03-29,1200016351
2c098be0d7f588f6,2023-01-25,1200016351
b14c8c33c69e83f3,2023-02-22,1200016351
8d2dc03751db1f16,2023-06-07,1200016351
9888414b61d6dc0c,2023-04-05,1200016351
98832941d279954c,2023-05-31,1200016351
84ff74313482c98e,2023-05-24,1200016351
62885970eb4df8b0,2023-05-05,1200016351
02ff38b697eabb4e,2023-08-16,1200016351
08b89e39e5c57e92,2023-08-02,1200016351
696b6f70e03c81c2,2023-08-30,1200016351
9ba84c1799010217,2023-07-26,1200016351
4fd3f445a073c5bf,2023-11-01,1200016351
21df54a1fca06550,2023-11-22,1200016351
c2ab259929d360d8,2023-10-14,1200016351
7bcfbba88fa0188f,2023-12-13,1200016351
8e0baa8180cdd680,2023-10-11,1200016351
e696873c7a6f15d6,2024-02-07,1200016351
ddeea937bf13d05b,2024-02-17,1200016351
79cdf125ee69c4be,2024-01-24,1200016351
9c0610a9a9453de4,2024-02-10,1200016351
683aa780ef75e139,2024-01-06,1200016351
aeb5837b1903e49f,2024-04-17,1200016351
6659747de49de06f,2024-04-24,1200016351
cafe33b0382e97ed,2024-05-01,1200016351
0b1e0b0f90cf18d8,2024-04-06,1200016351
e55b2cb926a4fe5a,2024-09-18,1200016351
1a4689d428573b5d,2024-08-14,1200016351
87f9510af12fdc54,2024-07-31,1200016351
17e32c66db86a45d,2024-09-25,1200016351
df15294f613d3cf5,2024-08-07,1200016351
11d0a47b7d9b7ea6,2024-12-18,1200016351
cf4183777fdada4c,2024-10-02,1200016351
1b788fd04c38ea75,2024-11-27,1200016351
6386b9c7457aa5ba,2024-11-06,1200016351
211b51a00641bd79,2024-12-04,1200016351
2fe0beb8ed023ba6,2024-10-16,1200016351
475af6129ae435fe,2025-01-15,1200016351
2aebaa65217e1b38,2025-02-19,1200016351
811c6dc0f4c304f1,2025-03-12,1200016351
d7d9db6fc557e188,2025-01-08,1200016351
853767ae23b34cc3,2025-01-22,1200016351
ed02d475020994a8,2025-05-07,1200016351
e845682e84252de9,2025-06-25,1200016351
299b883a8f66bb81,2025-05-28,1200016351
7b124225b6013f0a,2025-04-16,1200016351
b673b62a6f7b2bcc,2025-06-13,1200016351
c003ae4d03463b68,2025-05-14,1200016351
cbfc91b231503044,2025-09-24,1200016351
7625d5d383dc2108,2025-07-16,1200016351
9cbb4183722cc4fc,2025-09-17,1200016351
118e74ccbf65c703,2025-07-30,1200016351
dc239827c0e2d793,2025-09-09,1200016351
e8bf6198e36b024c,2025-07-09,1200016351
394becdd7bfe69b1,2025-10-23,1200016351
2ae2f1a572740003,2025-10-08,1200016351
442278baec3c666f,2025-10-22,1200016351
373dcd8a85224711,2025-10-01,1200016351
30362dca0b6a8096,2025-10-15,1200016351
774c085f8b0e6c0d,2025-11-12,1200016351
e2c08cf9870fb841,2026-01-07,1200016351
e6a7357feb082609,2026-01-21,1200016351
44268a421b2258e4,2026-01-14,1200016351
470656e84fa4fd5a,2026-02-18,1200016351
f3fa088e964b5304,2026-02-25,1200016351
71db89a438edcd55,2026-02-11,1200016351
bbd08c583897b6b2,2026-04-15,1200016351
b55ec9fba22474b8,2026-04-29,1200016351
ba6d9a1e791f630c,2026-05-20,1200016351
f047fd0924b49a36,2026-06-10,1200016351
d6cf376bcad49443,2026-04-08,1200016351
89568ef2850c2315,2026-07-01,1200016351
600192c40cfd488b,2026-07-08,1200016351
230ec1352aeb38dd,2018-02-13,1208232103
32eaa2b463fac970,2018-02-10,1208232103
8ed6a871239e5243,2018-02-17,1208232103
a59af6cc0c8ff9d1,2018-03-27,1208232103
db7659ee872f4b94,2018-03-22,1208232103
d980884a393a7bb7,2018-04-28,1208232103
2c8a950129b669b2,2018-04-11,1208232103
edd18055c25caf52,2018-04-14,1208232103
f6dce320fa451d99,2018-04-19,1208232103
95ed4134bde7ee0b,2018-06-13,1208232103
db1bedfc2dd1c1cb,2018-04-26,1208232103
d5e605bb1de18e5d,2018-08-02,1208232103
c3f2a2cf1a6aa66f,2018-09-01,1208232103
3ece950ad0d1f3a0,2018-09-19,1208232103
e827d3d1bf393f97,2018-08-03,1208232103
5c938ddb893926db,2018-09-10,1208232103
7f381973e1fd5841,2018-10-17,1208232103
557049ad145cd07d,2018-10-09,1208232103
1b2dee7faa2f147c,2018-11-30,1208232103
e51f7ec97540b3e2,2018-11-14,1208232103
91454d2b17742eed,2019-01-08,1208232103
33ecdca9ef60dbe3,2019-01-17,1208232103
f47c615f00d7263c,2019-01-11,1208232103
f8696a47aa2edb98,2019-01-16,1208232103
d225690fc561a9f3,2019-05-06,1208232103
3e67dc82c72141d4,2019-05-09,1208232103
184d4b7aa8931d71,2019-06-27,1208232103
c5444dd2d0ad1867,2019-05-16,1208232103
86811bc7bd6197eb,2019-04-23,1208232103
196d39a3cd558876,2019-09-05,1208232103
994f3d98ad77e996,2019-09-09,1208232103
618a94ca481cbedd,2019-09-12,1208232103
9bce27e4ec4593a2,2019-09-04,1208232103
55864890b81ac369,2019-12-06,1208232103
6879a622115d1f95,2019-10-24,1208232103
b6d828eea51701f2,2019-11-20,1208232103
7e939f99e06254b7,2019-12-13,1208232103
0fbf96c0eb7e098b,2019-12-18,1208232103
de1dc849bf6afbe8,2020-02-21,1208232103
c775ba2147cef73f,2020-02-27,1208232103
af7b4c2237f8cd86,2020-03-17,1208232103
967c04259271e449,2020-01-03,1208232103
ce10cb98d491ca66,2020-06-08,1208232103
116ce38f1c2ecd09,2020-04-23,1208232103
0679c5c58138145e,2020-05-07,1208232103
b7586cf86d8ecfdc,2020-04-20,1208232103
17e07e9915b485e0,2020-04-24,1208232103
9d45a2b08f8b8f53,2020-09-04,1208232103
a74d4276b045e952,2020-09-16,1208232103
a6d2bb2cb663f542,2020-09-21,1208232103
7cc3aa480e7bf792,2020-08-06,1208232103
53a9945550213891,2020-09-28,1208232103
818f6d8e25ecb6b9,2020-11-13,1208232103
de45aebaff4548c3,2020-11-30,1208232103
9a31b0bcb7045c78,2020-10-30,1208232103
6f5ba08b60c630ea,2020-12-15,1208232103
76e78fce9d045d5c,2021-02-18,1208232103
6736aafa7c4932d8,2021-03-10,1208232103
fe7edbcd2534b86e,2021-01-25,1208232103
24759a7c1e09bf00,2021-01-08,1208232103
264836cd4856072f,2021-06-10,1208232103
1d16046bf86e7644,2021-04-15,1208232103
010a1600f11bbf47,2021-06-25,1208232103
f5204ba86d373349,2021-05-19,1208232103
4d9fd3e2120f7e4e,2021-08-03,1208232103
0ed577cf39196bc6,2021-09-27,1208232103
edaf6b069cb41c46,2021-08-27,1208232103
3d1e230b3d1c89aa,2021-07-16,1208232103
303d44acc2f27176,2021-10-25,1208232103
479b4c2f792a9f8a,2021-11-30,1208232103
7833f44e312e0cc3,2021-12-29,1208232103
e74a47f3a06f5f4d,2021-12-22,1208232103
7689709e247b6f1e,2021-12-15,1208232103
177457edad6bfbd9,2022-02-09,1208232103
50856a2a92737151,2022-02-04,1208232103
c8e9977651313a33,2022-03-02,1208232103
9a930cbac264b6ed,2022-02-08,1208232103
c6a609fb0bec9ffd,2022-05-18,1208232103
219d7fdba6ab902e,2022-06-07,1208232103
7d6c971fff691224,2022-04-19,1208232103
92b1468e1cc05bb0,2022-04-29,1208232103
8fce92f35ce6d134,2022-08-02,1208232103
486395378cb5b46f,2022-09-21,1208232103
ba53d68564c7c9ed,2022-07-14,1208232103
1862298da3abc943,2022-07-12,1208232103
05ba42fa9ecbd712,2022-10-07,1208232103
c8a101f6b34802b9,2022-12-07,1208232103
b4560192f8606d21,2022-10-18,1208232103
5bbee92c6e453abd,2022-10-25,1208232103
12fb2ac96d5477a9,2022-10-21,1208232103
847d019c39320a35,2023-03-15,1208232103
aabda1551e4e102a,2023-02-09,1208232103
79c8d897888fc1d1,2023-01-03,1208232103
77638d47a3a5296d,2023-02-24,1208232103
58c8ec7e6b4e91ab,2023-02-21,1208232103
f686d94a968e80ec,2023-04-12,1208232103
b72ea0d81ee575bd,2023-06-21,1208232103
f93a8eb3705648d1,2023-06-15,1208232103
174f819a0b3af39a,2023-05-24,1208232103
a302493600cee665,2023-09-19,1208232103
55cc87c86172b0ec,2023-08-18,1208232103
42dc27f943b339d0,2023-08-10,1208232103
7c5e8d08a80758c5,2023-07-19,1208232103
45d6d14492a446e9,2023-07-18,1208232103
66b8f5d22e93378b,2023-10-12,1208232103
6336c28de95e369e,2023-10-13,1208232103
7da4e56f986256d9,2023-11-06,1208232103
ca8161fba40816d8,2024-01-12,1208232103
38ef9cf2c5f49971,2024-01-19,1208232103
a645f5df7985dcb0,2024-03-29,1208232103
ff6bf2bb439e3f1f,2024-01-18,1208232103
570d3dcee07ab0fc,2024-04-29,1208232103
5c07ec9400c00f86,2024-06-18,1208232103
3f19592ae272eef6,2024-05-30,1208232103
a1952d3091f2e739,2024-04-15,1208232103
abbd018a70e7bde9,2024-07-12,1208232103
6b9b31b71cb4b3ca,2024-08-21,1208232103
55e034fc71a3e1f7,2024-07-15,1208232103
fcc309c68d9e5bc1,2024-09-19,1208232103
2d5f188bf2f28b90,2024-09-23,1208232103
cd151d02dbe5ecb1,2024-08-15,1208232103
66104f4bdb49fa10,2024-10-31,1208232103
67efdfae96f31d88,2024-11-05,1208232103
95dad3db617383da,2024-10-09,1208232103
c16c3392f07d636e,2024-12-12,1208232103
882fcf3ab22cc5e8,2024-11-07,1208232103
0a442808c4122364,2024-10-15,1208232103
1edfcc3fe34394c6,2025-01-23,1208232103
85a727d1adf9a0ec,2025-02-20,1208232103
349cb18e99a1c10c,2025-02-14,1208232103
ece72ec3d3e97b62,2025-03-11,1208232103
74e5f5f66cbbb875,2025-01-16,1208232103
ed84f83557673d89,2025-03-13,1208232103
449897205f68283c,2025-05-01,1208232103
90beb34c871a1870,2025-06-11,1208232103
d09b9170c5ee665c,2025-04-04,1208232103
2ebf0165ea93a19f,2025-05-20,1208232103
63fe0ae92878d56a,2025-06-04,1208232103
ec20afe42c482e9f,2025-04-24,1208232103
efde92b2273215ab,2025-08-28,1208232103
eba175072c7f205c,2025-09-03,1208232103
a6ddfda7c6e98cdd,2025-07-25,1208232103
4b41e81678c12775,2025-09-05,1208232103
f7265298be5c82f3,2025-08-12,1208232103
dbfe1005bfea380e,2025-07-09,1208232103
2d5950459c9115f4,2025-10-28,1208232103
33c494413bea3b62,2025-12-12,1208232103
ec40def1f1020e9e,2025-11-25,1208232103
d9b69b90384bf369,2025-10-20,1208232103
d3d320aa694a1d44,2025-10-08,1208232103
b7a2b3da5deabd0c,2025-12-16,1208232103
a49350a002bfdf36,2026-03-27,1208232103
5a5de91825b7b265,2026-03-07,1208232103
0276a4c53e4b8940,2026-03-25,1208232103
0aa2e68773f1fe65,2026-01-29,1208232103
502e327be4048a1b,2026-01-13,1208232103
45cafd42fd52d0f1,2026-03-26,1208232103
3037ea0dc5d3b00f,2026-06-23,1208232103
d73371cddb66d5bb,2026-06-22,1208232103
90201a08e3f2761e,2026-05-22,1208232103
02d843d11832d3bb,2026-06-01,1208232103
f6a7ef0fb52c35bb,2026-04-06,1208232103
7331463d52eb437d,2026-05-14,1208232103
3f414ec9c6648252,2026-07-06,1208232103
b81fa9902c8e42d4,2026-07-10,1208232103
5e3d842d4925b1cc,2026-07-08,1208232103
b5cdd36c8eb2ddb9,2026-07-09,1208232103
adea2124ff428dcb,2018-03-05,1218054701
0ddfb32387781818,2018-03-26,1218054701
bc1e9ebd7f8fd370,2018-03-13,1218054701
7c788ce5ed3503eb,2018-02-05,1218054701
50fb74356dc58414,2018-03-29,1218054701
f3c6cf8018c257df,2018-03-05,1218054701
e9777e92a641e013,2018-05-21,1218054701
6ded1175bfaa96ed,2018-06-18,1218054701
fa94932c1093d7a7,2018-06-04,1218054701
ec7d06c3155b931f,2018-04-26,1218054701
0759d3348737a8a1,2018-09-03,1218054701
aa5e646238ce511f,2018-07-15,1218054701
408d56749c7d9cd8,2018-09-09,1218054701
7c7ecbdd4ebc185e,2018-07-08,1218054701
44d6d5372e2f3b29,2018-09-27,1218054701
4af3fc59258f5947,2018-11-22,1218054701
312b3a6c3c972b40,2018-12-06,1218054701
f178b11ec110ca69,2018-12-23,1218054701
10a4b79619ad75d9,2018-11-12,1218054701
2d67f3a838d0f26a,2019-02-10,1218054701
5e7ff738e2830bbf,2019-01-01,1218054701
c68dbdd643477e8f,2019-03-17,1218054701
7ce7c5157b264e88,2019-02-11,1218054701
d48174cc05a1a362,2019-02-24,1218054701
cab3b676f17af263,2019-06-26,1218054701
fd3eb4a250c624b6,2019-05-13,1218054701
b345cb73fced15c1,2019-05-13,1218054701
607d815de83868ff,2019-06-19,1218054701
cbb1bd59eab2dd5c,2019-06-19,1218054701
d22f15a445759e94,2019-08-10,1218054701
334bb361aa907efc,2019-08-20,1218054701
76c93da2e9a56ef7,2019-09-21,1218054701
2d8333a21828b88d,2019-07-02,1218054701
3508e118d8b42766,2019-09-03,1218054701
c254cc8fd1a9d431,2019-11-10,1218054701
377d01054475d9aa,2019-12-22,1218054701
26bebabbb4616daf,2019-10-30,1218054701
adf39210130a543d,2019-10-22,1218054701
969064d4777ec671,2019-12-29,1218054701
91321fbd97f4b0ec,2020-03-09,1218054701
62ab9d68d56574d6,2020-01-26,1218054701
d7f68c43a85348e8,2020-03-20,1218054701
4921672961dbe4ff,2020-02-18,1218054701
98641011d90b8a08,2020-01-07,1218054701
36afa2be17b4d632,2020-04-28,1218054701
15f3a4bb336e290c,2020-04-23,1218054701
af349487ba5059b3,2020-05-24,1218054701
d9bfe7c5df9f1283,2020-09-18,1218054701
16b843103dcff6f8,2020-07-21,1218054701
aae0a6f4871ef51c,2020-07-01,1218054701
817fe467d07ef609,2020-08-23,1218054701
d722edb839910141,2020-08-16,1218054701
2d8fb8d75610ca64,2020-11-13,1218054701
b55eb25a43152d0b,2020-12-07,1218054701
41d23fd0ac468cd6,2020-10-01,1218054701
26b51cb81d4ffd7a,2020-10-28,1218054701
db503d38e0d132d1,2020-12-16,1218054701
8e99670d7aa2c2d2,2021-02-21,1218054701
c200e0b7df90e8f9,2021-01-28,1218054701
997f754ec2de6c27,2021-03-27,1218054701
ce0cab3f70c25d89,2021-03-12,1218054701
06e6476fe36b9942,2021-02-19,1218054701
18ae547d3af70d66,2021-05-12,1218054701
0f149c79ce8a7cbb,2021-05-20,1218054701
45e76015b6e061b8,2021-04-27,1218054701
d8c279f5261f68cc,2021-06-13,1218054701
c34d13a09105031b,2021-05-05,1218054701
d30c4f0e6b33dd4c,2021-09-21,1218054701
d8357b82051ea3c6,2021-07-04,1218054701
8b2bb68b77a1779e,2021-08-26,1218054701
6603276e1f66770e,2021-09-09,1218054701
c2a3cdd0ee960a60,2021-10-21,1218054701
37e8497f90a53eb6,2021-10-17,1218054701
8abf442c355f3aeb,2021-12-31,1218054701
94bc2a4d2d073a08,2021-12-28,1218054701
3951d4fdeed48fe6,2021-10-28,1218054701
ea07c54f7c9c3649,2022-03-02,1218054701
b9ece090accdb4c6,2022-03-24,1218054701
478b256b2594be53,2022-03-25,1218054701
784ca7c4cce3eb8d,2022-03-10,1218054701
22117436c90df875,2022-04-30,1218054701
14ff043428fff7df,2022-04-30,1218054701
0d675115c188df1d,2022-05-14,1218054701
8571ce13c23ac263,2022-04-18,1218054701
3a752d0136ac0183,2022-04-23,1218054701
1581ccc3d79125ba,2022-09-20,1218054701
50bdb39574c8afa8,2022-08-19,1218054701
8058dfeb4587df78,2022-07-31,1218054701
d4cac62429f9708f,2022-08-12,1218054701
d552a38012034037,2022-12-15,1218054701
f29a210f1a9fb8c6,2022-10-10,1218054701
da9ca90b1c668829,2022-11-25,1218054701
a6f5157af1ce139a,2022-12-12,1218054701
f3a2a5b5ea821e2a,2022-10-27,1218054701
9cd90f8517b6ab92,2023-03-23,1218054701
d60aebb18664db05,2023-02-04,1218054701
44508a4d666f4f98,2023-02-01,1218054701
5e5761c220099a4a,2023-01-10,1218054701
eb3fc43829b415ce,2023-03-20,1218054701
88f7644f158363f3,2023-05-08,1218054701
cff8521268d92acf,2023-04-26,1218054701
b6d42538ccd2c26e,2023-06-09,1218054701
b6685016f7178525,2023-06-11,1218054701
f425282e91e49ed1,2023-09-18,1218054701
b1ec19e93f56ad7d,2023-07-18,1218054701
111f18d23e4233c1,2023-07-05,1218054701
115e1e9a0922986a,2023-12-27,1218054701
e532a140208059cb,2023-11-20,1218054701
79ee74fa28bbb4ee,2023-10-09,1218054701
92504f80f5d89bab,2023-12-13,1218054701
22b933524a0955e1,2023-10-08,1218054701
12f4093ef8c17071,2024-02-28,1218054701
a5a0a07dc2235fa4,2024-03-08,1218054701
81fa66f83ac807ba,2024-01-08,1218054701
ea3aca2863ffa3d5,2024-01-31,1218054701
2f0042f180f43e24,2024-05-21,1218054701
48bebbab7072091c,2024-06-13,1218054701
39ff7f7375d498d1,2024-04-16,1218054701
43fb10a107f24985,2024-04-04,1218054701
87dd3d7de29b0fed,2024-04-01,1218054701
eec47ed3f24582a7,2024-07-03,1218054701
c8b7581449a038d0,2024-09-27,1218054701
5cb94cc1c12e3621,2024-08-26,1218054701
ab3c39c11d3083a6,2024-08-21,1218054701
181f2d8e0a24a094,2024-07-26,1218054701
d907e758ddede7d5,2024-07-29,1218054701
290fbf326011107b,2024-11-08,1218054701
264bec2dd753973f,2024-12-10,1218054701
8800a86b80eff12b,2024-10-19,1218054701
325ae1e431f79cd5,2024-10-04,1218054701
1529a8dce8e42037,2024-12-23,1218054701
f5fc1e7802c7c2ee,2025-02-25,1218054701
d15eba74b76127cb,2025-03-24,1218054701
7a305648a7ebfba1,2025-03-19,1218054701
2083da1ccdfbb462,2025-01-14,1218054701
7485307e06f53d43,2025-02-27,1218054701
2abb757a1849b1f9,2025-05-21,1218054701
63ee8cc32b69bfe6,2025-05-16,1218054701
d80426261bbba8f0,2025-05-18,1218054701
f505212c600b62d8,2025-06-25,1218054701
8d2aa545463897b0,2025-04-20,1218054701
acad5ade11f84537,2025-05-09,1218054701
148fcf5ab3009718,2025-09-01,1218054701
51b3c02ae5f66fec,2025-07-21,1218054701
ed62f2a23fd4865c,2025-09-26,1218054701
111ae202560d10e7,2025-09-23,1218054701
3055cf116ff2ebec,2025-09-10,1218054701
5b0fd7e2ca9564d6,2025-12-18,1218054701
6606656a78ccaf11,2025-11-16,1218054701
361bbf8d348e5740,2025-10-21,1218054701
dc2514d2d638121c,2025-11-30,1218054701
b9128ad31b557e2a,2025-11-12,1218054701
16e8a05a2f6a9df9,2025-12-24,1218054701
75c33e3c8a59cd75,2026-01-25,1218054701
6a40bd9992ac33a6,2026-01-03,1218054701
1379104f897758a2,2026-01-04,1218054701
a6e22ffa761b485f,2026-01-06,1218054701
ff6d44bc49c78964,2026-03-17,1218054701
448d1b10ae4a0b6a,2026-01-02,1218054701
cf9353a585ef698d,2026-05-28,1218054701
fe23099d1ce3523f,2026-04-09,1218054701
5e0b6025173e079c,2026-06-10,1218054701
c0035c551dd6ee14,2026-06-29,1218054701
ecd1141c50bcc1a4,2026-07-02,1218054701
090e53f2044f46c3,2026-07-12,1218054701
85d54cdd7a9f01f6,2026-07-01,1218054701
6b01dc40c804b825,2024-09-10,1253076699
9cb312538be92186,2024-08-28,1253076699
3ba3490278ef9ce0,2024-08-16,1253076699
7743cf928abf7623,2024-09-24,1253076699
c2bea822122250e9,2024-09-30,1253076699
1ff05cfe5956022c,2024-09-06,1253076699
0b921326730b7835,2024-12-10,1253076699
655964c4d4e624c1,2024-11-30,1253076699
326feedf57686683,2024-10-23,1253076699
285649a83bacd241,2024-12-10,1253076699
d57324c65176a43f,2024-11-22,1253076699
2a224558d02f0cd0,2024-11-01,1253076699
540bb3a8d8f65971,2025-02-18,1253076699
2b28a0d3e871422e,2025-03-12,1253076699
7b1bde14aa4f8cf8,2025-01-27,1253076699
f14ae372dea4378c,2025-01-07,1253076699
08451835d490921f,2025-03-05,1253076699
777ab48b77df2a40,2025-01-03,1253076699
f520ef74fd81bf89,2025-05-02,1253076699
3ee91454d8307939,2025-04-02,1253076699
11ee6ee120828d2a,2025-05-07,1253076699
f07747301be457ee,2025-05-01,1253076699
5c54c658bf8acf8d,2025-06-26,1253076699
2fce792f82087984,2025-06-18,1253076699
c5fbfc2463b13480,2025-08-27,1253076699
5e6cf3c6947b652f,2025-09-29,1253076699
9e2023fa31094ebd,2025-09-10,1253076699
cce1751af333ebdf,2025-07-02,1253076699
1545977b6e24a656,2025-07-15,1253076699
d424464a526e474a,2025-08-29,1253076699
478d608654f8c2d9,2025-12-06,1253076699
6b8d5128e8997c95,2025-10-21,1253076699
e518b076b9c6e8b6,2025-11-26,1253076699
8ad1a3923cc64d2a,2025-10-02,1253076699
d1402881b64b17d0,2025-11-20,1253076699
cef043414cdac9c4,2025-10-01,1253076699
678c25ea47e597dd,2026-01-03,1253076699
0c848f288447782d,2026-01-31,1253076699
c902529d76c8902b,2026-01-16,1253076699
c7ef132032054b59,2026-01-06,1253076699
6919e7b789e2fe0c,2026-03-19,1253076699
944eea7f42624f7b,2026-01-28,1253076699
b398125f2122bb26,2026-04-03,1253076699
5ac30234b0bec067,2026-05-30,1253076699
03225d5ad12a2563,2026-04-23,1253076699
a884d81bd97bceee,2026-06-03,1253076699
4909bf2dd57a24b0,2026-05-23,1253076699
33ccca70b9370d46,2026-04-21,1253076699
cbba08a343c56a13,2026-07-06,1253076699
c8ef9fd5bd1c64c3,2026-07-14,1253076699
71be21949dd377ff,2026-07-01,1253076699
44f0a3e9c0af2c2e,2026-07-12,1253076699
b77dff0c1d50022f,2026-07-07,1253076699
59c8448e1724a684,2026-07-07,1253076699
68a5c2c6399f8b16,2018-03-09,1258635512
d53fdd29faf5ea7c,2018-01-12,1258635512
56c1d9ceaf72ac0e,2018-02-09,1258635512
67631b72dfa737a8,2018-03-30,1258635512
fad287737a174530,2018-03-16,1258635512
821a396e9b2dceb1,2018-04-06,1258635512
102f6432ff17d3b2,2018-04-20,1258635512
8e3bed5f1e0ece60,2018-05-11,1258635512
9205d7808a4b41bc,2018-05-25,1258635512
d1aee893f517cd4e,2018-04-13,1258635512
6f9f63b18690014b,2018-09-14,1258635512
556a3e9c89fd66e7,2018-08-24,1258635512
883d88385fd926d7,2018-07-13,1258635512
61737b072f6408c7,2018-12-15,1258635512
527c3e8059f7b9d6,2018-11-29,1258635512
fcc93e252dbcbaa3,2018-10-12,1258635512
f3a5f6eab95b99d2,2018-11-02,1258635512
480bbd68590e7466,2018-12-21,1258635512
a3e73086ecd2f22a,2019-03-08,1258635512
2bdc1af2660cd0be,2019-03-15,1258635512
f6da1fbe7c29352d,2019-03-23,1258635512
e43dc0df7d927fd2,2019-01-11,1258635512
03e07e3d0e798644,2019-02-15,1258635512
a85c5bf1b729fb04,2019-05-10,1258635512
4f2071f6059a8e9c,2019-04-04,1258635512
2f2f4376bd726af6,2019-04-26,1258635512
5ebbc8e0866f7324,2019-08-15,1258635512
9b7033c28c68f657,2019-09-06,1258635512
380c4fff9912da3a,2019-07-26,1258635512
a7e142b7211554f7,2019-08-01,1258635512
abecbc663dcfc8a8,2019-11-14,1258635512
b8d370d5bcfc4c92,2019-10-04,1258635512
8464242acfa38b06,2019-10-18,1258635512
f72daf8cc756b433,2019-11-07,1258635512
16874a0062ce5d07,2020-01-17,1258635512
e8e335887b05029a,2020-02-22,1258635512
f6522cd8c620df60,2020-02-29,1258635512
135fd910b1d9eb49,2020-01-25,1258635512
6ea647299df02009,2020-02-15,1258635512
a4df080c450d312c,2020-04-24,1258635512
aac216c82a790518,2020-05-01,1258635512
827394d897311a6c,2020-06-25,1258635512
89c44d426f634a1f,2020-05-15,1258635512
32ab55a97ba335c8,2020-04-12,1258635512
2c60cdd63a7bc705,2020-09-18,1258635512
5b6ade3bf6218175,2020-07-24,1258635512
46aa36008bfe2d90,2020-07-10,1258635512
76170554908bf6fb,2020-11-20,1258635512
5392edb5c37138e7,2020-11-13,1258635512
5f929f9b1d72eb1b,2020-12-18,1258635512
5ab547b332ea0a74,2020-12-05,1258635512
df6ec25c755dda77,2020-10-01,1258635512
3309c12758eb042f,2021-01-08,1258635512
812988a11684db39,2021-01-22,1258635512
214247beefe1272a,2021-02-06,1258635512
953317c6651a45b9,2021-10-14,1258635512
b3e4225f558cf9d5,2021-10-23,1258635512
cf91655171778c0f,2022-03-01,1258635512
2cb72f395a3613f0,2022-04-07,1258635512
2aa1e101cbdb69a0,2022-05-07,1258635512
f5d1e96fae6e4104,2022-09-24,1258635512
6091228f07da37f4,2022-09-08,1258635512
c48440324b957156,2022-08-23,1258635512
ae7363646126e1be,2022-07-01,1258635512
13282064e817d8b4,2022-11-19,1258635512
c4d2e2cb4a88f86a,2022-12-15,1258635512
dc899530677a976d,2022-12-01,1258635512
d92704f014232bf7,2022-11-19,1258635512
12cdfb50f1c0373b,2023-02-25,1258635512
1dc7d8e4934b3029,2023-03-02,1258635512
c19674cb6a1d68ad,2023-03-09,1258635512
41c3f0b5996eb907,2023-02-18,1258635512
69074dec38f54253,2023-05-25,1258635512
22575a70d5978494,2023-05-11,1258635512
6e7ed21ce2dee17d,2023-06-22,1258635512
26474dbe6cee9ada,2023-06-16,1258635512
bc7ce9102d87f697,2023-06-01,1258635512
7143c27dae50f77a,2023-08-31,1258635512
62cf37dcdf66f57f,2023-08-25,1258635512
4b9148a675dcd4e8,2023-07-27,1258635512
2a43de5a4e063ba2,2023-08-23,1258635512
364041c4f1aacc11,2023-11-30,1258635512
3c43ef179ef9c379,2023-10-11,1258635512
f0741682e3e6707f,2023-10-19,1258635512
9b77c5fb8d8c7059,2023-12-14,1258635512
130df6957687d193,2023-11-02,1258635512
50209bc5f133b2a8,2024-02-15,1258635512
73fafa663c34f1c6,2024-01-18,1258635512
ab1346b0778df655,2024-02-22,1258635512
d91e36536cf2d1cc,2024-01-25,1258635512
abeaed97a0e0095e,2024-01-11,1258635512
441d23042157cfdc,2024-05-23,1258635512
2dc3a57a7817a121,2024-06-20,1258635512
a99ebd2e21ebfcec,2024-06-06,1258635512
78c80e9dc892ac58,2024-05-16,1258635512
80235ae987348c0e,2024-04-25,1258635512
ba0ff59c60de8846,2024-09-05,1258635512
c8345a2dcdb66f98,2024-08-29,1258635512
b854ef85d72f0ba3,2024-07-16,1258635512
869e68bd14a37b62,2024-07-04,1258635512
c7ee4691a9173ee2,2024-07-18,1258635512
b4ae49e789e062ab,2024-08-15,1258635512
03e4b01431f625f5,2024-11-07,1258635512
2d2746bef2e42765,2024-12-12,1258635512
22178600776fdaba,2024-12-19,1258635512
a3f1c2839e685ebc,2024-10-24,1258635512
e13f1c48229a7545,2024-11-21,1258635512
178b71dfb878a4e7,2024-10-10,1258635512
1919bd69ecad2f36,2025-03-06,1258635512
3e9c4505ddd3f067,2025-01-23,1258635512
bdd3f3b8ee09bb1e,2025-01-30,1258635512
8e8baaacf628139f,2025-01-02,1258635512
14a19a2a55fab8fe,2025-02-13,1258635512
ae5cb16445d094d1,2025-03-25,1258635512
01408df82ac6da64,2025-05-22,1258635512
d3829583ccce1326,2025-04-03,1258635512
8963804a1681e7cc,2025-04-28,1258635512
7973e140c2f3c9c5,2025-04-24,1258635512
8c55b13a2e2722c1,2025-04-17,1258635512
75d4452e17926130,2025-06-12,1258635512
95cf95763a170b84,2025-08-07,1258635512
ed2ec25821738353,2025-08-21,1258635512
aa95b4309d31de2d,2025-09-04,1258635512
f6a1764d7f5cd5bc,2025-09-21,1258635512
af04aa876901f6ba,2025-08-14,1258635512
60bd2d39bcd50be3,2025-09-18,1258635512
10617d10f2888fca,2025-10-23,1258635512
7c8f242c6719269e,2025-11-20,1258635512
75f5f64b502f37c7,2025-12-11,1258635512
587edad9626ad75c,2025-11-13,1258635512
871bfe648a559b1c,2025-10-16,1258635512
fc6f118c72ffa226,2025-11-06,1258635512
147612ae07db1982,2026-03-19,1258635512
fbb562ebaddead9a,2026-02-05,1258635512
40c7879ebe75e116,2026-03-12,1258635512
c25a2840362edea1,2026-02-12,1258635512
ddfdfcdc828b4f8c,2026-01-05,1258635512
0a3a368fd36e9fb0,2026-01-15,1258635512
1d24bf0fed682d2e,2026-05-14,1258635512
49947558b1360e1f,2026-05-28,1258635512
b8207c3c563ca0ab,2026-04-02,1258635512
818c04920f17630e,2026-06-04,1258635512
a8e18d7351908c76,2026-04-09,1258635512
d4832d000d27b697,2026-05-07,1258635512
a8664ec073ce5c9b,2026-07-02,1258635512
41a86a828352e30f,2026-07-06,1258635512
6bbe4b2ee931b8ef,2026-07-09,1258635512
aed7c9eca3f09d3f,2025-06-12,1263295815
f6608d7956ed7fca,2025-04-15,1263295815
4108b77f49675efe,2025-04-19,1263295815
d098cba4b79fd888,2025-06-14,1263295815
340270e970df65b6,2025-05-09,1263295815
3dc678271be4f063,2025-05-09,1263295815
55d30c04e8d5affe,2025-09-02,1263295815
4d927cf3a03d8f30,2025-09-22,1263295815
cc3418943c927d0c,2025-09-12,1263295815
5bf0cdacd7603df3,2025-08-12,1263295815
ce65cad2170b8ed6,2025-07-21,1263295815
37283322cdad0c4e,2025-09-02,1263295815
81bedaa7b048ba71,2025-12-04,1263295815
170ddeb6c0ccc595,2025-12-22,1263295815
a6dad43072f48a9b,2025-12-21,1263295815
23138ee0662919be,2025-10-18,1263295815
5603249a594f76ee,2025-11-11,1263295815
7c74ec14252b1971,2025-12-04,1263295815
339ee71f752a3d71,2026-01-15,1263295815
47e49a82ae2a05a1,2026-01-01,1263295815
3c5b3df610f4fbed,2026-03-11,1263295815
742f2c225c8c9c43,2026-02-19,1263295815
9ab356b8c3d54154,2026-01-10,1263295815
6e321da894d7ed2c,2026-05-06,1263295815
f1326a52c32d8814,2026-06-09,1263295815
1f7131218a8b3d59,2026-05-27,1263295815
f1d6b8e48eb79ec8,2026-06-16,1263295815
452f2666776182d6,2026-07-03,1263295815
10e990c1c28e8453,2026-07-02,1263295815
c72690934536ecc8,2026-07-12,1263295815
2c0fba118e9abfc8,2026-07-14,1263295815
46ae5b5be64da8b7,2018-02-15,1265845136
dbf73395f8039742,2018-03-29,1265845136
1d91c44479929359,2018-01-18,1265845136
c4db0631676d17cb,2018-02-01,1265845136
718e4c761f328f2b,2018-03-09,1265845136
dba559d11f3ae380,2018-03-15,1265845136
3eed6d74523a09a1,2018-06-26,1265845136
e851451bcead10f7,2018-06-14,1265845136
99fbab040e523de5,2018-05-24,1265845136
15dc7271a6ff4065,2018-04-12,1265845136
ca5ee65e8425ec70,2018-08-16,1265845136
c460a29719a06235,2018-08-06,1265845136
188f2c3c2c765b6d,2018-09-20,1265845136
8ce83a97bf4d22ff,2018-07-26,1265845136
7b085d912ec286d3,2018-11-29,1265845136
86cca35c221eea29,2018-10-18,1265845136
d39196505694a4db,2018-10-25,1265845136
c33c46574eb6b5f9,2018-11-27,1265845136
1d698881e527b1df,2019-02-20,1265845136
23ecbf7f573c629f,2019-03-07,1265845136
20cbadf345fc4b32,2019-01-22,1265845136
6530a4f1683c38ef,2019-03-14,1265845136
b7b99617466fdd62,2019-05-16,1265845136
6bbd078a5b1dd1d3,2019-04-30,1265845136
3615ce4c9a70a04a,2019-06-06,1265845136
2c6d470c4c883c29,2019-04-09,1265845136
4c83760f2de6439c,2019-05-07,1265845136
840df1a63e5a325c,2019-07-09,1265845136
df1e354b5b792f74,2019-09-05,1265845136
8b59e9b16ec3cd26,2019-09-19,1265845136
b9f3c58cdf003f6b,2019-08-26,1265845136
2050e6171684797a,2019-08-22,1265845136
19b89ecbc5cdf2f4,2019-12-26,1265845136
7ddea2970b1aa083,2019-12-18,1265845136
a721652ba206acfe,2019-10-08,1265845136
0a9369c91851ae49,2019-12-03,1265845136
1d41b1bc967c43b3,2019-10-10,1265845136
8c2b540ad7ea5b7a,2020-02-13,1265845136
e39625d0a3c32df7,2020-03-12,1265845136
9cf646ca4e33cbcc,2020-01-15,1265845136
18fe272384e4209c,2020-04-23,1265845136
d336808f967603f3,2020-05-09,1265845136
da21c553efb71e80,2020-04-16,1265845136
6c3d7ad01ffb1f38,2020-06-04,1265845136
18a9e682a4151ae8,2020-05-13,1265845136
202c5ba64a235f17,2020-08-20,1265845136
835db8e3b572ea2a,2020-08-31,1265845136
d51c6f9a4dfd3040,2020-09-02,1265845136
0783c1ff3ffb2d7d,2020-07-30,1265845136
1c71747f6fafd099,2020-09-30,1265845136
946e1eb99b7aef0f,2020-10-22,1265845136
74bb7fad37c8e7ed,2020-12-04,1265845136
5fd4113537533587,2020-12-16,1265845136
d43ec8b1b953cf56,2020-11-25,1265845136
4c909e858bf24929,2021-02-17,1265845136
5c70b2139a79ba82,2021-03-08,1265845136
387efd1ffb7999a9,2021-02-10,1265845136
1d39d44b610bdf45,2021-02-25,1265845136
3754d6aec4083188,2021-01-14,1265845136
a1b5b0b20167f9a4,2021-06-10,1265845136
1c0eb664ea68626c,2021-06-02,1265845136
6865436986567799,2021-04-14,1265845136
723fd0d44b8a7c5b,2021-06-03,1265845136
b2b4b31bc8debc0f,2021-04-15,1265845136
a60cb6c4a2cc9028,2021-09-30,1265845136
e3819b565a1c87e5,2021-08-25,1265845136
e7f5088a0b7d089f,2021-09-09,1265845136
13acf691e98f2d6a,2021-07-29,1265845136
439f6980ab7fbcaf,2021-07-15,1265845136
b70ce320d7374808,2021-12-08,1265845136
e8a9f6adbd7c6930,2021-10-07,1265845136
b6ad711153e22a3b,2021-10-28,1265845136
55934528fa118e8a,2021-10-14,1265845136
2ac821702029ba73,2022-02-24,1265845136
50d05332db85db56,2022-03-23,1265845136
39dacb456204f4ee,2022-03-16,1265845136
13da407291cbc885,2022-01-13,1265845136
9775d482e8d66660,2022-02-02,1265845136
3e3aa64af4fe2279,2022-06-08,1265845136
159aa9d6a4b69ec6,2022-06-30,1265845136
852cced32a360950,2022-05-12,1265845136
4696de92e4232507,2022-05-25,1265845136
0887fcdd1bab63c2,2022-08-18,1265845136
131b8bc590cfd7bb,2022-09-28,1265845136
c2a4baa7731b1efd,2022-08-25,1265845136
005ea72adc793109,2022-07-20,1265845136
31190a3eb8d7af62,2022-09-01,1265845136
0e6c8007fec92f67,2022-12-05,1265845136
20699f32d1a147a4,2022-11-07,1265845136
7ee6f10d471f8526,2022-12-01,1265845136
3dd228b77825a26f,2022-11-10,1265845136
1486cce2c589cbeb,2023-03-23,1265845136
f26fc7604dcd92bc,2023-03-30,1265845136
92ab54f5dd3be5b8,2023-03-14,1265845136
de9470276cc60d99,2023-03-01,1265845136
b61a4e032a206e00,2023-03-09,1265845136
265934b56db4428d,2023-06-14,1265845136
03758e560d616ccc,2023-06-01,1265845136
a87b768b15a6ce4f,2023-05-08,1265845136
d508583bb28eb398,2023-05-22,1265845136
bceefd81a7e59cd7,2023-04-01,1265845136
47ecca6e9783f337,2023-08-17,1265845136
dea1fd4c1c3de0ca,2023-07-12,1265845136
4c08820149aca10a,2023-09-18,1265845136
d3772ef19725f4aa,2023-09-21,1265845136
8f35247948efbe92,2023-08-14,1265845136
daa54b745a2ab019,2023-11-01,1265845136
69c1ba41259e8b74,2023-12-11,1265845136
2ff9a2832a1f4032,2023-11-29,1265845136
4b09bf114ab6720d,2023-11-27,1265845136
7d79c257a86ce369,2023-12-06,1265845136
ff8b3e8da79b6605,2024-02-01,1265845136
75dce56748faa35c,2024-02-22,1265845136
e55e81f90167b28c,2024-02-07,1265845136
717cb29011320b6f,2024-03-28,1265845136
be196d7fe5588b4e,2024-01-22,1265845136
2b576d1f8a3a9479,2024-06-26,1265845136
6f5ef416965ff6fa,2024-06-03,1265845136
33824b28a8ebfd42,2024-04-18,1265845136
4d4c1823453e17f3,2024-05-01,1265845136
23d51d01715c19b5,2024-08-01,1265845136
2cc10eb108e0b80e,2024-09-10,1265845136
399de2a95cf4b0a7,2024-09-30,1265845136
142aefe1433ab0b1,2024-09-25,1265845136
3fe457e9bbadb104,2024-08-29,1265845136
d724c59787b0d9e5,2024-08-12,1265845136
de4f6f7985f67bc9,2024-10-22,1265845136
76abbbe26b93a757,2024-11-25,1265845136
9c366158d7fa3019,2024-11-20,1265845136
aefb32874a344aad,2024-11-27,1265845136
6a482dfe3b9c2e08,2024-12-12,1265845136
698f1caa930bd1b4,2025-02-20,1265845136
bac0053f00a19bae,2025-01-15,1265845136
153f39595f840b3c,2025-01-27,1265845136
5294db32d3e97717,2025-03-12,1265845136
c9bf908942187bde,2025-01-29,1265845136
2c9dfcab59311bcc,2025-02-24,1265845136
cfa9fe19c2454fb5,2025-06-04,1265845136
33e42a3e7abe8dc3,2025-04-12,1265845136
d691a03dd6620c43,2025-06-18,1265845136
ebf3dd9717b8d54d,2025-05-01,1265845136
4bdb877679baae68,2025-06-12,1265845136
a09b85b215bab680,2025-05-22,1265845136
b6fb68a842b51a94,2025-08-14,1265845136
bc49b4452d2f22c5,2025-07-09,1265845136
28f0bba5aee20b57,2025-08-21,1265845136
679e98a15004d813,2025-09-10,1265845136
f26c5e84cef2bc72,2025-09-25,1265845136
fef69e0d33d6b0ce,2025-09-03,1265845136
7950d0a16ef5aca6,2025-10-30,1265845136
e87b2b0cb344d431,2025-11-26,1265845136
ed79164c01f1d3f6,2025-11-12,1265845136
0dcf2fb3a12ce2a2,2025-12-03,1265845136
c1beaf9512291bf8,2025-10-01,1265845136
e6dbf4548a27e317,2025-11-05,1265845136
30cb15f73964eafa,2026-03-04,1265845136
6cb1ba5e173e9294,2026-02-18,1265845136
e055cbd4c2895471,2026-02-04,1265845136
c1f0628e83917c27,2026-01-29,1265845136
9c5eba07d713da9d,2026-03-25,1265845136
27555f008327b9cc,2026-03-11,1265845136
c0d3c0fceb24fd46,2026-05-13,1265845136
31c16854f2a5d50c,2026-04-15,1265845136
71ccd0e122cfb3df,2026-05-28,1265845136
5f7c126cdf42b7bd,2026-04-02,1265845136
7e964a753916909f,2026-04-01,1265845136
3cc2d5933ac4cb40,2026-05-21,1265845136
9f95ee37c3b1d842,2026-07-08,1265845136
0a5f816cf601cd4f,2026-07-02,1265845136
295ba77e6f1a6c56,2026-07-09,1265845136
643d492cf130bdb8,2018-03-06,1289062927
cb1a7d6a23e397b8,2018-01-23,1289062927
5341699379b5499d,2018-03-19,1289062927
375dfd7adc012f5e,2018-01-14,1289062927
753b916226584366,2018-02-25,1289062927
3a65ba74044ed13d,2018-05-13,1289062927
f5364969a6f773e7,2018-05-09,1289062927
ee3029b6ecd4b641,2018-04-23,1289062927
a2dc0c0ab2966ab9,2018-04-12,1289062927
96ab7403310dde64,2018-08-16,1289062927
150d8c7d5d24b8f3,2018-08-27,1289062927
742054365d4e97cc,2018-12-06,1289062927
9526bc212f781c01,2018-11-21,1289062927
a80d8b1c1ada1c93,2018-12-14,1289062927
86e560e8c48c1633,2018-10-25,1289062927
f2aa121a0b3e2fac,2018-10-04,1289062927
ce85e4145a022f6e,2018-10-10,1289062927
5943461de4545d10,2019-03-21,1289062927
751bb0490d806649,2019-03-07,1289062927
3f9da69b7a68c39c,2019-02-21,1289062927
c1ff2196de6a5bdd,2019-02-28,1289062927
f8017cce5cfea6f0,2019-02-16,1289062927
921fc6ddd5fb0837,2019-06-22,1289062927
a37e565f83cb9984,2019-04-25,1289062927
618766e41aebc886,2019-05-09,1289062927
e56e6cd0f01e6961,2019-06-15,1289062927
61c976d8707b921f,2019-05-02,1289062927
81fe3f59a2a907d3,2019-09-05,1289062927
a644bbc8a538d134,2019-09-12,1289062927
a516e5c16974cbff,2019-07-24,1289062927
5a1079cf12a3002c,2019-08-01,1289062927
e14678bf57f1b8c0,2019-08-29,1289062927
eaf50039d3a8aa25,2019-11-28,1289062927
1d508a8592f9c009,2019-10-10,1289062927
66f85f41d2d96d98,2019-11-21,1289062927
7066278671ed6dc8,2019-10-03,1289062927
10a9602541b550c4,2019-10-17,1289062927
70cfa999d208cb12,2020-02-01,1289062927
ec0b418192543e16,2020-01-10,1289062927
0a7fb91df37b4fdb,2020-01-16,1289062927
d554d340352212ae,2020-02-06,1289062927
1a83ed5a17740db8,2020-03-13,1289062927
9159be3a6a48c084,2020-06-25,1289062927
8167f46b3ff4c02c,2020-06-17,1289062927
1416d233fcfa7462,2020-05-22,1289062927
ffbe07cb713ce832,2020-04-17,1289062927
7c8c1ba5f2e6eb61,2020-04-23,1289062927
4eab2025254c3a32,2020-09-11,1289062927
29c3d82982ccba0d,2020-09-02,1289062927
2117c225a3dac3e0,2020-08-26,1289062927
50b5b31596497708,2020-08-10,1289062927
7a751c0ce41b5bbd,2020-09-29,1289062927
18e217c9ae20abec,2020-11-09,1289062927
b901cff1711b040a,2020-12-02,1289062927
7cac1d3c41423538,2020-12-05,1289062927
3e31f5a86329f961,2020-11-28,1289062927
9bfb447c211c6aac,2021-02-17,1289062927
74d6a1f8d5193146,2021-01-30,1289062927
d476ad545a83748b,2021-01-07,1289062927
5bdde04262b06bee,2021-01-22,1289062927
24d492e9f4b809da,2021-01-18,1289062927
788ef71a58f609cc,2021-06-27,1289062927
b8d091da9c476618,2021-04-27,1289062927
6808344e566c3ca5,2021-05-21,1289062927
a924837316470039,2021-05-19,1289062927
124bcda0c4378c51,2021-07-07,1289062927
375e6bc11db6ee3a,2021-09-24,1289062927
a6b65f49907b4fa6,2021-09-14,1289062927
096a4a1a223af95c,2021-09-22,1289062927
45f8262cbdb6fddd,2021-10-03,1289062927
588f1a287857293f,2021-11-07,1289062927
561cf780e25c6584,2021-10-17,1289062927
6ab617035428fe0c,2022-02-22,1289062927
ee7663a14182108c,2022-03-07,1289062927
1dcfe8ca8d981107,2022-02-27,1289062927
82ce5a3ce0946498,2022-02-28,1289062927
eeb9a730337bc7a0,2022-01-10,1289062927
24a49d11bec1788f,2022-05-08,1289062927
cb16990bfc864cf6,2022-06-10,1289062927
aab7db24f88b077b,2022-04-16,1289062927
65c15fc3e5af354d,2022-04-01,1289062927
bc7d580a94b899af,2022-04-26,1289062927
aee3949429c771b8,2022-08-01,1289062927
fa5c38d682519993,2022-07-08,1289062927
31ce2ec8d9a9fab4,2022-09-09,1289062927
3bb0f142703adda5,2022-08-28,1289062927
154e4b660be51b80,2022-10-23,1289062927
24a05f84e91ce546,2022-12-17,1289062927
03e2454cbc37a5b9,2022-10-27,1289062927
49ae87643e4b695c,2022-10-25,1289062927
07a51a84dccbbc1b,2023-01-29,1289062927
a5b7772f4b26ae72,2023-03-02,1289062927
7fc54e16f0c65398,2023-02-04,1289062927
168615723f174dc4,2023-01-23,1289062927
b92167a6aeb7f662,2023-04-02,1289062927
226537446136bdfa,2023-04-14,1289062927
4547baecb5e133cc,2023-06-20,1289062927
7eb1f120b7ae80da,2023-05-31,1289062927
e0f103f4b1912a44,2023-06-28,1289062927
4682755b7cbd8d59,2023-07-25,1289062927
efc4a9940997d6f0,2023-08-16,1289062927
083209334d86c27c,2023-08-29,1289062927
1bed6466e1ba9382,2023-09-06,1289062927
7c987035ace05e14,2023-10-26,1289062927
a26462c5e18c75a5,2023-12-01,1289062927
5d286b6371cc5cb3,2023-11-09,1289062927
f35decb29e05aaa6,2023-12-27,1289062927
a68737e2e3df45b6,2023-11-27,1289062927
f99905a8048ec3dd,2024-02-19,1289062927
2d09db05c8ff29c8,2024-01-06,1289062927
7964a898855396da,2024-03-25,1289062927
c1d8a8a5c3b9d2cc,2024-03-04,1289062927
bf641435272bd5e6,2024-06-03,1289062927
ee101809b582aef1,2024-06-25,1289062927
95291f46fee0fbe6,2024-05-13,1289062927
89386ebee510fba3,2024-04-04,1289062927
eb3ad38df8c8624c,2024-09-04,1289062927
25e4e8e386e72e83,2024-07-17,1289062927
875d61a1d6d7286f,2024-08-06,1289062927
b91cdb4209163bc6,2024-09-09,1289062927
096c28ea871e84e6,2024-07-23,1289062927
c8e14bdf9dfba354,2024-11-12,1289062927
0b38e2f3db5af3bf,2024-10-11,1289062927
88aacd2c3ce5f826,2024-12-29,1289062927
828579955ad687b0,2024-11-26,1289062927
06ae70c4a683c334,2024-11-04,1289062927
7cf307e669687fca,2024-10-21,1289062927
62d752534eac4941,2025-01-22,1289062927
d593036824080955,2025-02-13,1289062927
cb0e3f1bf08bad0b,2025-03-26,1289062927
e7688b022c95349f,2025-02-06,1289062927
a4c8d1bad495e49f,2025-01-21,1289062927
5cfd76c900b736d2,2025-01-24,1289062927
fd7ca9e17cbc7885,2025-04-19,1289062927
d7c10e720921e9e4,2025-06-13,1289062927
3ea3500b84ffe93a,2025-06-04,1289062927
e08f30ac64f92aac,2025-04-15,1289062927
02f4a2c4660dc990,2025-04-05,1289062927
2c32945c4b9a09d1,2025-05-29,1289062927
6d241ca5374267e2,2025-09-08,1289062927
926063e0ad8500c2,2025-09-25,1289062927
18f97adeb53b9336,2025-08-04,1289062927
54735062be332c31,2025-07-09,1289062927
79cc3e363794b763,2025-07-29,1289062927
3e9e2bf871edbfca,2025-09-14,1289062927
78d5508dfff6d01c,2025-10-04,1289062927
ea57e9dde2be8ff8,2025-12-11,1289062927
d36388ba18cdb3ef,2025-10-16,1289062927
82c257aee4fdfe86,2025-11-22,1289062927
98dcb41eeb858d16,2025-11-21,1289062927
4f02e63e9c4fc5a5,2025-10-08,1289062927
934c40defaabfd35,2026-02-14,1289062927
056a23c71900cd42,2026-02-01,1289062927
d8abcbe71d8e1deb,2026-03-21,1289062927
d82192c1afba52ce,2026-03-09,1289062927
f376ed3f4fc14f40,2026-01-24,1289062927
02849fba168f07de,2026-01-31,1289062927
7000dec4df649696,2026-04-24,1289062927
ca6cb90b02cabc3f,2026-04-07,1289062927
a3d7fe0352d78a1c,2026-06-13,1289062927
8b80fdfba91e8ef7,2026-06-08,1289062927
ba4e618d13325227,2026-06-26,1289062927
104c2500862d4c71,2026-05-12,1289062927
3fc48e574108b0e0,2026-07-01,1289062927
77ee3661bb89826d,2026-07-07,1289062927
d52aab6973e969e5,2026-07-04,1289062927
d6d6738b010f8595,2026-07-10,1289062927
c610ca2af6082170,2018-03-30,1291144720
dfa65fd2537a278c,2018-02-09,1291144720
f0c590a49b23612b,2018-01-11,1291144720
b01e4ef2227371c5,2018-02-23,1291144720
c9c017a779c9c844,2018-02-02,1291144720
13d061b08f22c18d,2018-06-15,1291144720
1377a7e66096fde7,2018-04-21,1291144720
c502e1841efe25a4,2018-05-10,1291144720
733f54c83f06dcb9,2018-05-11,1291144720
2da5158a2a8a9a81,2018-04-11,1291144720
9506dc16f9d2eda5,2018-08-20,1291144720
8b71aff60bc2d3ca,2018-08-17,1291144720
52058986c7e687c3,2018-07-06,1291144720
5490083c47dc0ec4,2018-07-21,1291144720
7768211b1188ed3c,2018-11-08,1291144720
e6ab81d6576b57ee,2018-12-07,1291144720
87c2f38238342b9b,2018-10-02,1291144720
a53a00d6b716247b,2018-11-29,1291144720
291b4f278a619df1,2018-12-22,1291144720
8520a94bdd874c42,2019-01-16,1291144720
b27cbfc0632bbf29,2019-01-26,1291144720
407833fcb7eeb1a3,2019-02-22,1291144720
e46071faa1eb4f1d,2019-03-27,1291144720
486d4a5962268632,2019-01-23,1291144720
5fd98d3e2a725b8e,2019-04-25,1291144720
197578db48167b59,2019-04-05,1291144720
e743a083c0dc184a,2019-05-02,1291144720
ba760b5678661950,2019-06-19,1291144720
0fc8fcbeb437244b,2019-04-10,1291144720
652db3b7e948cf54,2019-08-15,1291144720
1481c79c1b622274,2019-07-25,1291144720
c5e75b604711e626,2019-07-06,1291144720
d658bc73e472e17f,2019-08-14,1291144720
594c9c1999b70c6e,2019-07-19,1291144720
2290b4dcc5f4183a,2019-11-20,1291144720
95efc94c2f9b7e35,2019-12-06,1291144720
f6bb013360f62029,2019-10-09,1291144720
c913ccf05e760513,2019-12-11,1291144720
2ab0f22bed8cef3c,2020-01-29,1291144720
6ce68751f124b740,2020-01-24,1291144720
d915f7811987b57e,2020-03-04,1291144720
5c6156102679a7ce,2020-02-27,1291144720
f1575b2fcb1e8dc8,2020-01-22,1291144720
2318f5c072792545,2020-05-29,1291144720
547a4a09f4b5dbce,2020-04-01,1291144720
9727384974fef6a8,2020-04-15,1291144720
402d842b9a383051,2020-08-01,1291144720
00517a5d39d3c6ec,2020-07-03,1291144720
62eddfc699f384c3,2020-07-25,1291144720
82e213f211c5c4a4,2020-07-10,1291144720
fbd79bd85ac62b2e,2020-08-09,1291144720
755cf3acf646b9d0,2020-11-07,1291144720
5cae3bc271e1e91d,2020-10-16,1291144720
a35411de81515183,2020-12-09,1291144720
ba5e48f0619a0f2b,2020-11-13,1291144720
4bd581f704d83db5,2020-12-12,1291144720
6396aa75a05463f9,2021-03-24,1291144720
1a0367f6c05118bc,2021-03-03,1291144720
a868329c3349ecc9,2021-03-12,1291144720
be0e3fa96f97e06b,2021-03-20,1291144720
2d6bdef0fcf8098b,2021-03-06,1291144720
a40c661ab4be4713,2021-04-07,1291144720
c22a78859dc8da01,2021-06-12,1291144720
b6c59eff6aac1366,2021-05-21,1291144720
d9b1cc5212a94e88,2021-06-10,1291144720
0ebd841a9d49e736,2021-04-23,1291144720
4417c71c27f75f4a,2021-07-02,1291144720
1f27f87f5281849d,2021-07-07,1291144720
a2a5a0e5234d9b9c,2021-08-11,1291144720
741a770c41a95713,2021-08-17,1291144720
2ae222ae33ad480c,2021-11-20,1291144720
9a96066c0dfa965d,2021-10-22,1291144720
cc11af879510b0c6,2021-12-11,1291144720
1ece9f48634f4030,2021-10-15,1291144720
1833803e1fa14eda,2021-10-09,1291144720
824c3ee2ba15cbdf,2022-01-12,1291144720
26beb054c0c29062,2022-02-11,1291144720
a0285384a0195811,2022-01-19,1291144720
8a6092b86684c5d3,2022-02-02,1291144720
5742c24458574135,2022-04-02,1291144720
a0ee861b73611644,2022-05-18,1291144720
5bf1e73f2762db80,2022-04-09,1291144720
3835208835475f64,2022-05-14,1291144720
949df682e7919ffc,2022-05-07,1291144720
e13066ed87a49081,2022-08-27,1291144720
02c7628d3da88d57,2022-08-20,1291144720
fef5bb88947ced48,2022-07-20,1291144720
e8691917f0e081ff,2022-07-02,1291144720
601fe18bc3616d3b,2022-10-13,1291144720
4c35441f525f3558,2022-10-05,1291144720
6e63df23b1319752,2022-10-08,1291144720
7f4c170e8532dca3,2022-12-22,1291144720
68dcf0d179949045,2022-11-19,1291144720
ecb54a5c1be862bd,2023-03-30,1291144720
61b15f6b5dddfb77,2023-03-29,1291144720
9c0c0d49647fe63a,2023-03-01,1291144720
c7d782e77913dc39,2023-02-22,1291144720
b639c9da4199041b,2023-02-18,1291144720
2d3bc9e98ef23042,2023-05-31,1291144720
828f68c3a108d54d,2023-05-27,1291144720
8f901bf9797e573e,2023-05-11,1291144720
991c996c6761164f,2023-04-05,1291144720
a0fd738399fde0d6,2023-08-03,1291144720
e6609f2562e994bd,2023-09-23,1291144720
62bedc29a59e9e57,2023-09-09,1291144720
47e0293f717ed196,2023-11-11,1291144720
7c88db8ccd1a5a80,2023-12-28,1291144720
1ab0e621755b2214,2023-10-19,1291144720
945fd95eb38960ea,2023-12-09,1291144720
6caee1a7870b532f,2023-11-16,1291144720
e4a35f89e5265cab,2024-02-21,1291144720
5007ddfe7cc75df1,2024-03-28,1291144720
93a4cb29f725605a,2024-03-21,1291144720
d5281ca87f808a24,2024-03-23,1291144720
1e3c5afd482a501c,2024-05-22,1291144720
f6d26eb4e8aeef9b,2024-05-10,1291144720
03785c128399fbe1,2024-04-25,1291144720
ef79cddccb6ea471,2024-04-13,1291144720
5259d77c1c6b46cb,2024-05-29,1291144720
eea07a2c2ab86029,2024-09-07,1291144720
96937c1afdd1160f,2024-08-17,1291144720
32597b0b53dc321c,2024-07-10,1291144720
b309e198bae1a14b,2024-09-19,1291144720
7f8f22c2bd9e5398,2024-08-22,1291144720
a0abafec7ee2f805,2024-07-17,1291144720
36f0a34b684db768,2024-10-09,1291144720
cd118a1b2d5df306,2024-10-17,1291144720
f7fceb547a9aa9ff,2024-10-10,1291144720
b854a017abfef2a1,2024-12-14,1291144720
50310a074262d1d7,2024-11-14,1291144720
e802f51aec84518c,2025-01-16,1291144720
6b2d4afdecc0b637,2025-01-25,1291144720
e24396db16d440f5,2025-02-26,1291144720
287226d8f35b5f7d,2025-02-13,1291144720
244aecc9edf8ad43,2025-03-19,1291144720
4eafa27001eee138,2025-03-20,1291144720
1c4f230f7ebe715e,2025-05-08,1291144720
7b1142c0248984e4,2025-06-14,1291144720
75b84a78ced4ce35,2025-05-15,1291144720
bde9a606b458f862,2025-05-14,1291144720
bd1133f8eef76734,2025-06-25,1291144720
a2ce47e006bd6512,2025-04-30,1291144720
1f1a7b86018ee40c,2025-07-03,1291144720
143c3a1fdda39094,2025-09-24,1291144720
8d19eb7af089e6bd,2025-07-10,1291144720
d7c652faa8e42f38,2025-07-02,1291144720
cfacefe9ab76c5bc,2025-09-27,1291144720
4d0dad8d90b57f04,2025-08-16,1291144720
f4750659776bd596,2025-12-20,1291144720
63df62ee8d10bc38,2025-12-17,1291144720
e09089ebb4d3ee40,2025-11-15,1291144720
47474f35d45bf6c7,2025-12-15,1291144720
f1224365f0739d17,2026-03-18,1291144720
00304bf76d42fe77,2026-02-21,1291144720
5517cead47f6ec8f,2026-01-07,1291144720
4d09ecf82f80a981,2026-02-25,1291144720
3bc1b9afc0af0102,2026-03-02,1291144720
57ef931756ab1113,2026-01-21,1291144720
17ec33c2b8a25f31,2026-04-01,1291144720
7a440f24bfb6e392,2026-06-20,1291144720
f2514164451855a1,2026-04-27,1291144720
4603a729985b551e,2026-05-30,1291144720
f9a4a54887d2e494,2026-05-25,1291144720
abc06d5241078f4a,2026-04-18,1291144720
3ffbc280e1d54101,2026-07-08,1291144720
66588b33a005775d,2026-07-13,1291144720
6791a9460d264b95,2026-07-01,1291144720
a8451e03d84eaa44,2026-07-04,1291144720
a8496efe5f526e28,2018-01-17,1294461271
a623b24fdfa875d8,2018-01-26,1294461271
f260f0a2867284f7,2018-02-16,1294461271
a6f7167ddf556b26,2018-02-09,1294461271
7d375934e1d7270c,2018-01-19,1294461271
b588a62cf1c2d0ef,2018-06-15,1294461271
f6e934f7ea85c226,2018-06-22,1294461271
6a9ede43142998d9,2018-05-03,1294461271
087d56b5a51ee558,2018-05-11,1294461271
5c740657dbff162c,2018-06-01,1294461271
6e37b169eb74e9f9,2018-05-18,1294461271
6156669ef1373b92,2018-08-07,1294461271
7ccc3ca115f191a8,2018-08-21,1294461271
9b4b547d8e6e2f39,2018-07-30,1294461271
9c991301e0ea92ad,2018-07-25,1294461271
99bde559ab4c164d,2018-07-17,1294461271
3fe407f73a8ccaff,2018-11-12,1294461271
635bd16129fa9737,2018-10-17,1294461271
394aae6b0ec56562,2018-12-12,1294461271
b412d11e36a86c63,2018-10-30,1294461271
6de1a4c75d09ae8a,2019-02-17,1294461271
3cf4dc4a1b3e2661,2019-01-02,1294461271
81a878080e238c98,2019-01-24,1294461271
acb7c993bda583e1,2019-03-19,1294461271
f02f50a55dce1f72,2019-05-09,1294461271
4309ee1b520e78f2,2019-06-26,1294461271
35546ae0178fdd75,2019-04-03,1294461271
58cc49751fd60a87,2019-05-28,1294461271
f5caab44d882a0a7,2019-08-19,1294461271
8fc53b1df2de6cd3,2019-07-22,1294461271
b22d7e6c327c4088,2019-07-04,1294461271
15e0af1088a59fd6,2019-08-05,1294461271
b7ff9761260a1402,2019-11-25,1294461271
3f90f7307d1e73b2,2019-11-07,1294461271
d9fbd0e592fbb81d,2019-10-21,1294461271
2f943791fc07cc1b,2019-12-23,1294461271
a82ef8fe0dbab08d,2020-03-12,1294461271
0668d33438a2cfae,2020-01-31,1294461271
46d8bb71b094a08e,2020-02-17,1294461271
53f0e217b542ab9b,2020-01-13,1294461271
45d777dfe8dd50f2,2020-02-24,1294461271
40b2655297ba915b,2020-05-11,1294461271
2842c2743b80bd75,2020-06-11,1294461271
7e6fbd77364953a9,2020-04-20,1294461271
283591ab3b6658b9,2020-06-22,1294461271
cb3097f862ca7f2b,2020-09-10,1294461271
02e5cc9b660b0e2e,2020-08-03,1294461271
3313e1b671238096,2020-08-17,1294461271
417270ca5c7871f0,2020-09-23,1294461271
a10a010435fdb440,2020-12-12,1294461271
967251e7c2e1e303,2020-12-03,1294461271
74b0a583769540da,2020-10-12,1294461271
4ae67370a52d6355,2020-11-19,1294461271
5be078a875e4460d,2020-10-31,1294461271
df859993847844ad,2021-02-06,1294461271
13e586d8cd2af4e4,2021-01-31,1294461271
6969d7aa00cc4f70,2021-01-09,1294461271
9c8a2321d606cf3b,2021-02-01,1294461271
a2818be86286e8e4,2021-06-27,1294461271
3de01a424f46253f,2021-05-15,1294461271
47b92d698dfab990,2021-04-17,1294461271
1e7fa826ab97add6,2021-05-08,1294461271
33c8db3744776776,2021-06-19,1294461271
52a0a32faa1a8946,2021-07-31,1294461271
f161e33a5d625d73,2021-07-17,1294461271
13306bb8df520557,2021-09-25,1294461271
e9bca3a505bf6a0a,2021-08-21,1294461271
5a67f28366306fc9,2021-08-07,1294461271
345051d3f7f3c6da,2021-10-30,1294461271
53e0af0a1c95e692,2021-11-13,1294461271
d21d38506da59d0c,2021-12-16,1294461271
5b241f62e2adc986,2022-03-26,1294461271
3e2662b7776de0d8,2022-03-16,1294461271
e764fb9a9802c0ee,2022-01-15,1294461271
ca8e764e6dacd284,2022-03-30,1294461271
0a6cc80b77c3c143,2022-05-11,1294461271
d6b2220e94c5a58c,2022-06-04,1294461271
f6b24f083b504fd8,2022-04-09,1294461271
9d8b2025f4334dbc,2022-04-30,1294461271
ccc75407619f5d06,2022-06-30,1294461271
fa9a85a4a53e359e,2022-07-02,1294461271
5b114a9644601537,2022-07-16,1294461271
15205655e519ca92,2022-08-06,1294461271
d1a1301ce512f00b,2022-07-28,1294461271
38154efa1b577231,2022-08-11,1294461271
8c41a66504ebef49,2022-11-05,1294461271
975efec1d5ddaaeb,2022-10-15,1294461271
0974b9aa3c5338ca,2022-10-01,1294461271
7f04106895747d9f,2022-10-29,1294461271
b14b6a20a0e797c4,2022-10-22,1294461271
b2ec3fb44d0429ba,2023-01-21,1294461271
f014b2ca5b567ed4,2023-03-25,1294461271
463672e2da78c27a,2023-01-07,1294461271
0d219920715d09f9,2023-02-04,1294461271
0d4fb30df40093cf,2023-04-01,1294461271
fbb88ffe39686869,2023-05-27,1294461271
a1e544399f3db2ac,2023-05-18,1294461271
b1e055f8c52e754a,2023-06-10,1294461271
7f76b3eaa000c6ff,2023-05-04,1294461271
15c9491207401a74,2023-09-30,1294461271
4f41ffb511a56654,2023-07-06,1294461271
9095abb8e3b9f7e7,2023-09-09,1294461271
873b58c598418eb0,2023-07-01,1294461271
2436869845c4aa21,2023-10-14,1294461271
8566442b84849b20,2023-11-04,1294461271
4e76e29cf0c3e5b9,2023-12-23,1294461271
dcac350f41fd3c0d,2023-12-19,1294461271
6c894335e118adb7,2023-10-07,1294461271
37890850f5935256,2024-03-09,1294461271
1d42e8a9f3df6c9d,2024-02-10,1294461271
db62fcc6ae64c10d,2024-01-11,1294461271
70be6b6f757f088e,2024-03-16,1294461271
628f79babbed9229,2024-01-13,1294461271
c58c955f2587813a,2024-05-04,1294461271
9fbeb48bcdfa05de,2024-04-27,1294461271
8f96463a5ef2896f,2024-04-06,1294461271
c02e39fb231168bc,2024-06-22,1294461271
368060be21ee7f92,2024-05-11,1294461271
1cb63548f1aab0f6,2024-08-24,1294461271
5f183321728aeff2,2024-07-20,1294461271
593e88da37dade4c,2024-09-21,1294461271
f277357e15e53fe1,2024-09-14,1294461271
5fd058555ad5aae8,2024-09-19,1294461271
7c530aaadc717a07,2024-09-28,1294461271
9a47811fc508dda5,2024-12-07,1294461271
2dac69bf14be95bb,2024-12-14,1294461271
94d8758417062b9c,2024-11-09,1294461271
33fc612efc3ee343,2024-10-12,1294461271
453c05e1c9d7c39a,2024-11-01,1294461271
740642d69242f86b,2024-11-02,1294461271
b12d7934f70221ec,2025-03-01,1294461271
8d79ccadd3687859,2025-02-15,1294461271
78d616cf29ea3d8c,2025-03-22,1294461271
6f4fbca500672023,2025-01-09,1294461271
8a07c11947e98641,2025-02-22,1294461271
b5db99af35fafdc7,2025-01-18,1294461271
6924237ab65ae3da,2025-06-07,1294461271
478f1fb7d5d488b9,2025-06-14,1294461271
051c0cd824ba6933,2025-04-09,1294461271
396235b2e0d3339e,2025-06-27,1294461271
59236771fc2bfc0b,2025-05-10,1294461271
b509551aace0e1e6,2025-05-03,1294461271
bafe236e5cca168e,2025-09-13,1294461271
68bfaf38ef9ea253,2025-07-03,1294461271
f7e3d5f23d0fc7df,2025-08-09,1294461271
93db1cb4cff1886d,2025-09-20,1294461271
ff7381a95557df47,2025-08-02,1294461271
3ab58217913088e2,2025-09-27,1294461271
f207fea5f358a536,2025-11-22,1294461271
cd38cf7fc4871e2e,2025-11-02,1294461271
e51b8e8bf1767b63,2025-12-13,1294461271
3f9559106f9daeb7,2025-11-15,1294461271
9bb43d2214e57387,2025-10-31,1294461271
04ec0f2f6b56a4b2,2025-12-06,1294461271
05be1e58173310a4,2026-03-07,1294461271
84260f91d9565605,2026-01-17,1294461271
7008b2e04138cc28,2026-01-10,1294461271
bddbb501faf29dfc,2026-01-08,1294461271
bb764153710f40e6,2026-02-14,1294461271
0a9d96ad60491348,2026-02-28,1294461271
420b359ff9bd5e18,2026-04-25,1294461271
53935bdac351b428,2026-04-11,1294461271
aa762830ac2d42cf,2026-06-06,1294461271
2b0138b74ea939fe,2026-04-04,1294461271
18a28ff1905880cd,2026-06-12,1294461271
e1e110ed861cc5e3,2026-06-20,1294461271
737744d396b33bfc,2026-07-11,1294461271
51bab58f3bc57a38,2026-07-04,1294461271
96b7974ce3b00e0d,2025-03-27,1303660358
a80a05a816b40606,2025-03-25,1303660358
83b26613ca4f72aa,2025-03-31,1303660358
15a009cd477ae9f7,2025-03-02,1303660358
5dec37430301c3d1,2025-02-08,1303660358
6f6197fd4ae11464,2025-03-28,1303660358
3b5e4f1385d5eb17,2025-06-10,1303660358
e7858a06a51be44d,2025-06-22,1303660358
f5253c271ee7d000,2025-04-26,1303660358
d4d029a0fc4cb10c,2025-04-04,1303660358
2ff31c88121b8f3a,2025-05-14,1303660358
9ed0b763571baa8e,2025-05-09,1303660358
6e661040a97d9ab2,2025-08-21,1303660358
51cf55d7d9f7627b,2025-07-18,1303660358
7b56fda07a7e811f,2025-07-07,1303660358
eb3a0ed66fc5e7ca,2025-07-31,1303660358
722591b4a99cf787,2025-08-16,1303660358
70b81cd5bd21d31c,2025-07-18,1303660358
abc7924180f97aac,2025-12-16,1303660358
5626cdd13ea5c983,2025-10-13,1303660358
58aecd5bd1b93625,2025-10-26,1303660358
ce2bf2e55823ad45,2025-11-11,1303660358
1f5b9c34e42633c3,2025-12-13,1303660358
9ab6d46738760adb,2025-10-23,1303660358
7c5dc2dc1e28a827,2026-01-29,1303660358
eb260c12cf764882,2026-03-21,1303660358
50f4975720e27c22,2026-02-25,1303660358
5292ebcfb1dea8d8,2026-03-21,1303660358
05e3efbbe0885fec,2026-02-06,1303660358
b8bfa5109df099b6,2026-03-10,1303660358
6e148f20dc1955ac,2026-06-15,1303660358
79ea1df168d3589c,2026-05-24,1303660358
39b7110806f18cf2,2026-06-03,1303660358
0eeee0e6badb61df,2026-04-23,1303660358
f194b91df54e8c4c,2026-05-22,1303660358
0e08adfb9454e60d,2026-04-15,1303660358
f0301fbae6b1c535,2026-07-14,1303660358
e92691dedf276da9,2026-07-08,1303660358
5ab97eb8a890054a,2026-07-04,1303660358
16c078805846561e,2026-07-02,1303660358
550d5c20e0a31d63,2026-07-04,1303660358
6eb65d732ed14ebb,2026-07-03,1303660358
657a299c4cf0e722,2018-01-12,1309354521
b4bdd6b462cf5ec1,2018-01-05,1309354521
b8c4a0f5b0fd4bd0,2018-01-19,1309354521
8df0a86aa9fdba0d,2018-01-26,1309354521
bdcc86ffb061fd6f,2018-05-25,1309354521
05e6f99926774c77,2018-06-15,1309354521
03abde478ddbfc9f,2018-06-08,1309354521
f7c2471ec03db341,2018-06-22,1309354521
471c1c14c1ceda05,2018-05-23,1309354521
aa59d59f53e61293,2018-08-10,1309354521
f2c318572a6bcb5d,2018-07-20,1309354521
ade717cc43f624b4,2018-08-17,1309354521
ed51726d8d8e37f1,2018-07-27,1309354521
8f9685e286541405,2018-08-03,1309354521
ee9d0d5e793909aa,2018-07-13,1309354521
d0d801cbf7bbc7d6,2019-05-06,1309354521
3867d2458f655ad4,2020-06-25,1309354521
a2c6c8cbb6e769be,2020-06-25,1309354521
3a00bbf8b8595ae9,2020-09-17,1309354521
6a93c15fa7d997c2,2020-08-06,1309354521
5fcd281d14b78040,2020-08-13,1309354521
6562dc2555ff53b6,2020-09-30,1309354521
fba7fda6bc74b9e1,2020-09-10,1309354521
b6d465981b1d2895,2020-10-27,1309354521
fcc381cb607adc6d,2020-10-23,1309354521
7a04a51277cd1715,2020-10-08,1309354521
e754cbeaaec871ce,2020-11-05,1309354521
b43ecc9d1af20592,2020-10-22,1309354521
6dc46415ea037c39,2021-01-14,1309354521
af75136bd22807ab,2021-02-18,1309354521
fc12df95effd8a51,2021-03-18,1309354521
0b59bbf8024b94ad,2021-01-28,1309354521
573cdd978624bf60,2021-03-04,1309354521
a6c8607a60e0ae16,2021-05-27,1309354521
573cb835588225cc,2021-04-29,1309354521
f84bec06bd90172e,2021-06-17,1309354521
6aba04d0774e7b91,2021-05-20,1309354521
e153ab4ee5232512,2021-06-03,1309354521
324ba3e5b6720a1c,2021-08-05,1309354521
90c157c9f42ae799,2021-09-30,1309354521
8bb3eaf53a8c6e97,2021-08-19,1309354521
18fca3fc0db3bdb4,2021-09-09,1309354521
478e28f78f23c480,2021-08-26,1309354521
0c9065aeaa7f938a,2021-12-30,1309354521
e3b7b8d32f630998,2021-10-07,1309354521
4066092d7f386141,2021-10-21,1309354521
f5f77b079229773c,2021-10-28,1309354521
cfca4a3a21958954,2022-02-17,1309354521
96ad0594876f8343,2022-01-06,1309354521
1a4c4b481926263f,2022-02-10,1309354521
30c93fa1d6745b2f,2022-03-17,1309354521
f5a3dc40bc1003d0,2022-06-26,1309354521
4c46004197de6ce8,2022-06-11,1309354521
530ad3257f2afdcd,2022-06-23,1309354521
dc641266ed7f8345,2022-04-28,1309354521
8d53988f22aea1f5,2022-07-07,1309354521
773837eab75f010f,2022-07-28,1309354521
35f5eff253be14ed,2022-08-04,1309354521
077b349500be566f,2022-08-18,1309354521
104b6ab9e31036ea,2022-07-21,1309354521
3cce901ecd2b2a18,2022-11-03,1309354521
5ebf16d3896cf4fd,2022-11-09,1309354521
8915d230c0c25e3e,2022-10-06,1309354521
5e7858a1205c5f3d,2022-10-20,1309354521
9b1cf734f6889ff9,2022-12-29,1309354521
a396fa77ca2f46a8,2023-02-09,1309354521
295f2144f2fcc478,2023-03-08,1309354521
719c9ff5d2111077,2023-03-22,1309354521
e4c50e7dd42dd9dc,2023-03-02,1309354521
a14ef56c8849f392,2023-05-25,1309354521
dd3ed75a01758b4e,2023-04-13,1309354521
5aef18e69826254a,2023-04-06,1309354521
3341593f4a842a8c,2023-05-04,1309354521
4a6dba87577e4c77,2023-06-29,1309354521
bbc91d65d493624b,2023-09-14,1309354521
7441b8ed9b7def55,2023-08-17,1309354521
bb2f67a0a562b744,2023-08-10,1309354521
52026a033f722eb8,2023-08-03,1309354521
32504f47aedd7f51,2023-07-13,1309354521
b165993ae7eb2ba3,2023-12-07,1309354521
89ab4dc3fbb1d518,2023-10-26,1309354521
cbeb560646029ca3,2023-10-04,1309354521
81856c38fa1bfbfd,2023-12-08,1309354521
e623b0e2f63a6c12,2023-12-21,1309354521
179c4af5699ab29d,2024-01-04,1309354521
f6f032ceffb78d53,2024-03-28,1309354521
9ac3ee7200bf368c,2024-03-14,1309354521
a52bdc7afe7d3a74,2024-01-18,1309354521
bd1a5bd56e3387ec,2024-04-11,1309354521
92f2f20131bf3167,2024-06-13,1309354521
83c06c7194a73065,2024-05-30,1309354521
81edb4f699586bd4,2024-05-02,1309354521
19bf38f4a01a900b,2024-04-18,1309354521
5846dfbedc50a452,2024-09-05,1309354521
bcaf0bc72478d0fd,2024-07-25,1309354521
e68f494e33f05a95,2024-08-29,1309354521
15cc0831670defdd,2024-08-22,1309354521
bd7274d0d8a5209f,2024-11-21,1309354521
2097ba24b257094a,2024-11-07,1309354521
7ea3bf57a647cecc,2024-12-12,1309354521
9e3575ce4928db0f,2024-10-03,1309354521
95e5d8ac55af5d4b,2024-12-19,1309354521
ac3887acced7ba05,2024-10-17,1309354521
603f13f095b190aa,2025-03-13,1309354521
66523e041729b687,2025-01-09,1309354521
6ab8a0c06e5ae734,2025-02-06,1309354521
846a7a6f21d57d9e,2025-02-06,1309354521
1791372eba768853,2025-01-02,1309354521
8402be285b9975e4,2025-02-13,1309354521
912cd00dc2df966d,2025-06-10,1309354521
a016eef8fb135c4b,2025-04-30,1309354521
b17451eb971780ec,2025-05-29,1309354521
cd66fe7cc011eeb1,2025-04-17,1309354521
1e8afeb187030f6e,2025-05-06,1309354521
e285f6c4ef4a27f4,2025-05-22,1309354521
701d8b44287a87b3,2025-08-05,1309354521
f362812b6ab44c95,2025-07-17,1309354521
2a7dadb75ce92f80,2025-07-01,1309354521
f162854b4b12b547,2025-07-31,1309354521
bdfa5dbe8f8be22b,2025-07-15,1309354521
23cdc60330821234,2025-07-22,1309354521
68fe09bb0b25a3e1,2025-10-23,1309354521
8ffe505b3d56d1dc,2025-12-18,1309354521
3eba51465b8c9849,2025-11-20,1309354521
38d596bf25aac8dc,2025-12-04,1309354521
f19ea036ed3b993e,2025-10-30,1309354521
5c5c0e5664a066c0,2025-10-09,1309354521
d8c910a46b0f7613,2026-01-01,1309354521
89c190d4a11fccf5,2026-03-05,1309354521
e603165b12494e4a,2026-02-19,1309354521
235aba15c724cad6,2026-02-26,1309354521
4a94453f6da2f6bf,2026-03-19,1309354521
f28362ae6721dd9e,2026-01-08,1309354521
5ef2675e2e59a0ee,2026-04-23,1309354521
263c6400783342cd,2026-06-25,1309354521
9b03b6bdb20c8ff9,2026-04-02,1309354521
889a2c48f852fdf8,2026-05-14,1309354521
fddb8cfd2fea4918,2026-04-16,1309354521
f660c7ea8b8c0cc1,2026-05-28,1309354521
986d882bf5f42559,2026-07-09,1309354521
ecf31f0a598cba99,2026-07-02,1309354521
5b0f591dc7fd6cd4,2025-06-28,1314170606
4245278ce8cb2cdf,2025-06-04,1314170606
40045b9618013bb0,2025-06-27,1314170606
80e9b6b3293e5f5b,2025-05-09,1314170606
0ad643f32bc1bc87,2025-06-11,1314170606
df9d0067d111c16e,2025-06-19,1314170606
c73de8132b48a486,2025-08-06,1314170606
ffc0a9756be9f998,2025-08-28,1314170606
5b41a94af21b8530,2025-07-31,1314170606
9ab158a9df8982cf,2025-09-10,1314170606
361771d2197d3996,2025-08-08,1314170606
bea19cb85c22d57e,2025-07-26,1314170606
3513cea3ccb213de,2025-11-22,1314170606
a1766ddddcb293cc,2025-10-23,1314170606
75db741a27c20d4f,2025-10-08,1314170606
f125ac12014cc0d7,2025-11-26,1314170606
ca74c6e30585e50a,2025-12-12,1314170606
c5b85b74ec565bc1,2025-12-06,1314170606
2786a9984a32ac4a,2026-01-30,1314170606
c9fadce06617f1c4,2026-02-14,1314170606
f70bf3e5900957fb,2026-03-11,1314170606
d164062eec3e0391,2026-01-28,1314170606
5dcfa38c58fd5246,2026-03-21,1314170606
d9a1188026e92fb2,2026-03-19,1314170606
cc029ccae31d9174,2026-04-30,1314170606
6003b8579aee84ce,2026-06-06,1314170606
74c6bcbdafbff8cb,2026-05-13,1314170606
2e4ea889adb771fa,2026-04-25,1314170606
972aa1cf0ec9dd40,2026-06-25,1314170606
52f032622d185a56,2026-05-29,1314170606
f1c17bc43186bd89,2026-07-09,1314170606
f0cd492160e7f0c5,2026-07-02,1314170606
59d07a8774e41aae,2026-07-10,1314170606
4056e049700ed36b,2026-07-11,1314170606
31b8717abfc7c168,2026-07-03,1314170606
2cf2795986fdeec7,2026-07-14,1314170606
97fed60e27bbf05a,2019-09-17,1314368109
8777a81945d3bf1f,2024-10-09,1314368109
57de2e6e02841324,2025-01-07,1314368109
f20ac55f31726e03,2025-12-24,1314368109
5de27b3a18ec48d7,2025-12-03,1314368109
235819e777a4c853,2025-12-05,1314368109
5b7e98cd050104f3,2025-12-04,1314368109
5599aa1472e6bed4,2025-12-09,1314368109
7480610bf8a28728,2025-12-23,1314368109
0d6edaedc47a5974,2026-01-16,1314368109
c0523eb08c69040d,2026-01-09,1314368109
7211295c7d684af5,2026-02-12,1314368109
7b6461b9fc33fa86,2026-03-20,1314368109
335e210a73c00a6e,2026-03-02,1314368109
9a7fbd7d7ba0849e,2026-03-10,1314368109
67d9f9953cdc77d2,2026-06-30,1314368109
ef3b8b21ec1877ff,2026-04-11,1314368109
4c1299d975fc5faf,2026-05-08,1314368109
706871c35b16f21f,2026-05-01,1314368109
6111dd3b08c8874b,2026-06-10,1314368109
d47fdbd87b0ab3c7,2026-06-12,1314368109
a0f394d75fb8ba58,2026-07-03,1314368109
93151e4284c88cff,2026-07-07,1314368109
e9854e81ba41dbfc,2026-07-02,1314368109
a036f067a180f2b2,2026-07-09,1314368109
dad61214e9d95b65,2026-07-08,1314368109
da57d9355578cd50,2018-03-28,1317356120
be14e74ed42236bc,2018-03-08,1317356120
748d3df157f5d49c,2018-01-26,1317356120
ca5db64d48afd2db,2018-02-14,1317356120
1b091c4cfe22bc40,2018-03-23,1317356120
fbc5c5bd3e4ec535,2018-03-16,1317356120
c8fbfbda12b2f4bd,2018-06-29,1317356120
92061959d4c7e497,2018-04-27,1317356120
c5658bfa6347539d,2018-04-06,1317356120
24cfa4e8a452a6bc,2018-05-25,1317356120
29e44c8dc4b07561,2018-09-14,1317356120
bdab277fdbd1a82f,2018-08-17,1317356120
ed9133d9fcd4a059,2018-07-20,1317356120
03e25b1380568a15,2018-08-04,1317356120
b999abe7ca20b5e2,2018-07-06,1317356120
c088a4c4ef12d634,2018-11-16,1317356120
755980355b8bf3e1,2018-11-15,1317356120
c58a399cc610df69,2018-10-31,1317356120
f362d60fe3f681c2,2018-10-05,1317356120
8c25e1a8223a08eb,2019-03-26,1317356120
b57a57a5a390c941,2019-02-21,1317356120
12e249da6fd89f82,2019-02-20,1317356120
2db2f2eb41c9b140,2019-03-08,1317356120
611911e1fd08cd84,2019-03-23,1317356120
ce8988e461f0636e,2019-05-31,1317356120
206bec8510d0c1bf,2019-04-26,1317356120
ca2b926a2cd92c24,2019-06-07,1317356120
578beb033bcaaf5c,2019-04-19,1317356120
d74f2bf8ba75c1ad,2019-06-14,1317356120
b8786c9cd78565ed,2019-08-23,1317356120
e6eb0dcfa8cd8930,2019-08-09,1317356120
1371955ae8b5dc8b,2019-08-16,1317356120
2889e58ae6534d82,2019-09-20,1317356120
610f2dc5db529e09,2019-08-30,1317356120
f96ff8da41c0eee4,2019-11-12,1317356120
4de4b1288d5807f6,2019-11-29,1317356120
a3f199cc6b9a174e,2019-12-10,1317356120
d1ea050dd43ce5c0,2019-11-22,1317356120
1697c7f8902faddf,2019-12-31,1317356120
f4c5f10c4b8953fd,2020-01-07,1317356120
0ed867d7fa7a92c1,2020-01-31,1317356120
532d0f25fa16710e,2020-02-11,1317356120
fce317b59f76d6ba,2020-01-14,1317356120
e9c55b307df263da,2020-01-03,1317356120
5f8903d6a99cf3d3,2020-05-01,1317356120
d108bd07686d9cc6,2020-04-14,1317356120
4bf86be086588001,2020-06-23,1317356120
3e67d113d35b3ebf,2020-06-05,1317356120
f11dffb3f5c2d396,2020-04-28,1317356120
2fc827c2859c4571,2020-07-28,1317356120
9558aa49929a7c1d,2020-07-24,1317356120
0e7878f1d0760d29,2020-09-08,1317356120
95be6e884590f579,2020-07-07,1317356120
0eac1bf09459fdca,2020-09-04,1317356120
769672cd327c88ff,2020-10-16,1317356120
5ec9343bd15ccfeb,2020-11-17,1317356120
1c6face6fde9b9be,2020-12-18,1317356120
c2be72392525ecba,2020-11-03,1317356120
b4c3d8c449a33af1,2021-01-26,1317356120
0de7aa35a80b675c,2021-03-12,1317356120
2fe689e2bf97220e,2021-03-31,1317356120
68babdc4ba9488bd,2021-05-05,1317356120
5c8bf9b4430e21bc,2021-06-23,1317356120
fb1793b6fbbfa2d1,2021-04-21,1317356120
bdab1edf0422d3a4,2021-06-11,1317356120
0c88b161c50909ad,2021-07-05,1317356120
3fa6ad0fb21df7b2,2021-08-30,1317356120
36b3043515c4889a,2021-09-03,1317356120
22ee95a24994382f,2021-07-09,1317356120
54726506ace1f7b3,2021-08-04,1317356120
1cd0ee9795f6f4d1,2021-12-10,1317356120
4acb739e14832ef0,2021-10-18,1317356120
ed5123a77a98d29b,2021-12-13,1317356120
5571786a0b3bc75c,2021-12-22,1317356120
dd188e8d5f3d07b3,2021-11-25,1317356120
b23a8994c75af0ea,2022-03-10,1317356120
378df8e88c2b9250,2022-01-11,1317356120
8da11e3e32bada54,2022-02-03,1317356120
5db887f206b2787e,2022-03-02,1317356120
0daef8c425954f5c,2022-06-17,1317356120
ec3318c6a9aed6f3,2022-05-06,1317356120
8f833976a5db242d,2022-05-09,1317356120
6cb3fd305c514643,2022-06-03,1317356120
479ea5fd4c9e5111,2022-08-22,1317356120
0830647ad39ae3d9,2022-07-08,1317356120
8ff132601cdc84ca,2022-09-23,1317356120
234c1c905672db8d,2022-09-10,1317356120
18ddd4ed56219b05,2022-11-04,1317356120
049b193c0839d4f1,2022-11-25,1317356120
60be2bfc2fe9605b,2022-10-12,1317356120
49c3ddeaa8dca8ed,2022-11-21,1317356120
b9105e92c4e84271,2023-03-22,1317356120
86eda22b07dc206d,2023-01-11,1317356120
e90cc8cc25339d61,2023-03-15,1317356120
ebf703bdd313264f,2023-02-17,1317356120
77ed9de125d221cb,2023-03-06,1317356120
584f9244c3b20a3e,2023-06-02,1317356120
11bbeb6131ec7a3e,2023-06-10,1317356120
e1f843ea42bab10e,2023-06-14,1317356120
4daa77590450e159,2023-05-29,1317356120
8c99df85ad6bbb79,2023-08-19,1317356120
fb0028c70f94ec10,2023-08-30,1317356120
8feda9875bd004dd,2023-09-25,1317356120
b14ae2b409bbc7ac,2023-07-10,1317356120
327884c1ef9644fa,2023-09-14,1317356120
3686e9535f8c7126,2023-11-14,1317356120
d1208796f65d600f,2023-12-20,1317356120
d23ca9a97f4ff62c,2023-11-24,1317356120
6312cf718c8feffd,2023-12-27,1317356120
baae78cf8d9627d9,2024-01-13,1317356120
52db88a50a7ca274,2024-01-11,1317356120
afa3d456d0e83840,2024-02-05,1317356120
c82257b6ee7eccec,2024-02-12,1317356120
7323fb851f7ecd9b,2024-02-14,1317356120
e426abfac1fcb0ce,2024-05-30,1317356120
16a07aa7cfecd07f,2024-04-16,1317356120
ecfa05c5790b57ed,2024-04-20,1317356120
4bd698c59276e186,2024-04-10,1317356120
f21b28edc6369f57,2024-09-20,1317356120
cce404d29d7401e2,2024-07-23,1317356120
1abde6b7c30e2615,2024-07-03,1317356120
41de221661b2a896,2024-08-12,1317356120
0320627fc2524b85,2024-07-15,1317356120
7906b89ccd4bd2e6,2024-07-27,1317356120
305d1f30d96d36eb,2024-10-27,1317356120
e42d36fe87cb794f,2024-12-02,1317356120
01129099a997602f,2024-12-23,1317356120
fe105d0a558707e7,2024-11-20,1317356120
93c62e49856f2408,2024-10-23,1317356120
34e565f6d09cec57,2024-12-18,1317356120
a95ea67c6af733fe,2025-02-17,1317356120
3e602e212e85ab78,2025-01-22,1317356120
4d5684ba8d790eda,2025-01-03,1317356120
905abb17299c98e3,2025-03-13,1317356120
91c9572aa4598596,2025-01-05,1317356120
e595ae67a64a4654,2025-06-23,1317356120
00f177bd5ac1e175,2025-04-10,1317356120
94f59c2b0a048993,2025-06-10,1317356120
40c85fd8390a9eea,2025-05-26,1317356120
07d80f974b29b580,2025-07-04,1317356120
97da1234b94ffdef,2025-08-01,1317356120
6e59a813529279b2,2025-08-01,1317356120
9bcd432ca3f3bac1,2025-08-15,1317356120
9cad0c4f5409f42d,2025-10-07,1317356120
9ef705c3a0bd70c0,2025-12-29,1317356120
95378285a5492001,2025-10-30,1317356120
94f362b385834b75,2025-11-11,1317356120
7281eb32322518dd,2025-12-09,1317356120
ca5b4dc536ad9c6a,2025-12-09,1317356120
89185008922b9110,2026-02-05,1317356120
297aaa31baf66b2d,2026-03-17,1317356120
f9dd3c2965f7f808,2026-02-10,1317356120
ba64eb0ae9640c31,2026-03-12,1317356120
e7eec1dd000b6a1b,2026-02-23,1317356120
8104eda67f0c10c6,2026-04-02,1317356120
2aa86bedcc4b4514,2026-06-09,1317356120
58917a4a851f3453,2026-04-30,1317356120
e9be496447769621,2026-06-19,1317356120
e4850944e7d926a1,2026-06-03,1317356120
ac4182f67aa26d8f,2026-06-26,1317356120
9fdacf053013fb85,2026-07-10,1317356120
1b32ee92583e9b49,2026-07-14,1317356120
a54dd63da70cb472,2026-07-02,1317356120
81d3af9c791048fc,2026-07-07,1317356120
bd011c2aaf4f8a70,2018-02-26,1317481380
775860206c9029c9,2018-03-19,1317481380
d39ecb7fc22b989f,2018-01-29,1317481380
47a377da8e2d25fa,2018-02-26,1317481380
e8a8b054bf882696,2018-03-26,1317481380
75f2ae23500531cd,2018-06-06,1317481380
12e5746027107475,2018-05-21,1317481380
fa4955bcc23bead5,2018-04-02,1317481380
8adef6dd0342776d,2018-04-12,1317481380
8c90fa900402f362,2018-05-21,1317481380
848beefcd22d7c34,2018-04-11,1317481380
8adac38cec58e68c,2018-07-23,1317481380
b0a5ca00719308d6,2018-09-24,1317481380
25dfcea4719cbd09,2018-07-11,1317481380
dbbb02ef8044ea96,2018-07-07,1317481380
e08a3ad622872bdf,2018-10-15,1317481380
f60419587bbd7b69,2018-12-17,1317481380
9b0a712513a48dd6,2018-11-12,1317481380
6963fc0455a54303,2018-12-03,1317481380
4ae3b27bcff71f0f,2018-12-24,1317481380
84a1ab9971b235dd,2019-01-28,1317481380
98b9bb4b905e927d,2019-01-21,1317481380
edaa19c0e577d921,2019-02-25,1317481380
ed3f6211c516e994,2019-03-18,1317481380
035b14aea206a93d,2019-06-07,1317481380
3e27efab5baf52d3,2019-06-02,1317481380
13fb84b61af27083,2019-05-27,1317481380
22f1c87e8cb9a3a7,2019-07-08,1317481380
f97186e6244b7fb1,2019-09-06,1317481380
fe2df322e027aab2,2019-08-25,1317481380
e2a99108fefdba86,2019-09-13,1317481380
261996abb233ee2a,2019-11-18,1317481380
4dd508a1005c27a3,2019-10-28,1317481380
d12c6995528c1d17,2019-10-21,1317481380
ce8cc96a4dbad410,2020-02-17,1317481380
5db0c61327c1245a,2020-03-02,1317481380
9f939f4466c9acf3,2020-02-24,1317481380
b510570bcab60190,2020-01-06,1317481380
06f4592ae98bcb2c,2020-06-01,1317481380
d4b3a92824cc263d,2020-05-04,1317481380
0f33925a74803daf,2020-04-13,1317481380
ddf7cb5b5778a29b,2020-05-25,1317481380
9770beb2b03f240f,2020-09-25,1317481380
300e40997cf698b4,2021-02-04,1317481380
7cdd591a385ccaf9,2021-01-21,1317481380
3e93dcc00debf788,2021-01-27,1317481380
d9687a1ff2513935,2021-05-23,1317481380
257d437ffeb7a832,2021-05-30,1317481380
5554e81d5a8e1901,2021-06-27,1317481380
bb85ff61f2dea09d,2021-06-20,1317481380
d34d04e6cfc15ca0,2021-08-01,1317481380
99d6a641941a34fc,2021-09-26,1317481380
0c7059e572d818c5,2021-08-29,1317481380
013bfae1b64f8a4d,2021-08-15,1317481380
6e11e32e135a61c5,2021-11-07,1317481380
14350aeeb7dd049b,2021-12-26,1317481380
19cf674f3160d14a,2021-10-24,1317481380
ab34df09a94e743c,2021-11-28,1317481380
3c93706c9d8b3bd9,2021-11-14,1317481380
ca66ee3e600aa912,2022-01-30,1317481380
094698b1f2a4334a,2022-03-27,1317481380
2856dcf3027bd094,2022-01-16,1317481380
afde9416161190aa,2022-01-23,1317481380
554b27de6731bd49,2022-02-13,1317481380
6f40cccaa63a8706,2022-05-22,1317481380
968ba839cbaa3298,2022-05-29,1317481380
30d79521e045a298,2022-04-17,1317481380
25e5bedb0e9411dd,2022-04-10,1317481380
c8c595147f99581e,2022-07-03,1317481380
ed45e6783a83fb01,2022-12-25,1317481380
8f4ffbed610779b7,2022-12-04,1317481380
9cfa6755bfd34313,2022-12-19,1317481380
760fd2abf114ea62,2022-12-02,1317481380
e414c06cd6040e2d,2022-12-11,1317481380
4f31f71b2fd74a08,2023-02-12,1317481380
f91bbc61b5bad8a1,2023-01-01,1317481380
d1c4c3e748fd3a6e,2023-02-19,1317481380
a85596e0f5468e5a,2023-03-05,1317481380
72e4f980dd14a17c,2023-03-12,1317481380
7edf71c39a16f2ba,2023-06-11,1317481380
50d9409ced85fc56,2023-05-07,1317481380
ba8c00c5f3552061,2023-04-02,1317481380
c6a2cf52da22e89e,2023-05-28,1317481380
34ffa7f1de652ef2,2023-04-09,1317481380
a85f74f5d4de3b42,2023-07-09,1317481380
ba3fc24a3ee2dc0e,2023-07-30,1317481380
4f5b10ed0be07099,2023-09-30,1317481380
743972ead0372918,2023-07-16,1317481380
6ff60e9653920a1a,2023-12-31,1317481380
3e7523ea41ab6a59,2023-11-26,1317481380
0002506cc48af253,2023-10-29,1317481380
3c11683dbff10aeb,2023-11-19,1317481380
80419b1833d8ba41,2023-12-10,1317481380
b39f5e1994e03127,2024-03-17,1317481380
09833218fc998aff,2024-02-29,1317481380
289d762b8d9c7489,2024-01-07,1317481380
5c50a5d8c05237d8,2024-02-07,1317481380
e6fade8f626bd63f,2024-04-14,1317481380
9134dd704c6d54ff,2024-06-23,1317481380
dcdc5254b26a2b02,2024-05-26,1317481380
12201594865a48d9,2024-05-12,1317481380
204c2179ab2744c3,2024-07-14,1317481380
37c7e02d2a88c30e,2024-07-21,1317481380
e609cc1d39c810a0,2024-08-11,1317481380
f8cb9bca1ab6c861,2024-07-28,1317481380
109aa18462d84ed6,2024-08-25,1317481380
295b537c1a895c07,2024-07-16,1317481380
cf778d7a7a4f98ec,2024-11-10,1317481380
359d2d23bee011e4,2024-11-03,1317481380
c493d4f4f2b60350,2024-10-13,1317481380
03c2978e5648f4f4,2024-12-08,1317481380
ba7ccda675f0a825,2024-10-27,1317481380
93fcad9598ac5084,2025-01-14,1317481380
68cad578bf438da8,2025-03-02,1317481380
92a673209d034447,2025-02-23,1317481380
61e6ea383d02f0de,2025-02-02,1317481380
771775aa1bf83a08,2025-01-12,1317481380
b66411b0c659dbb6,2025-01-22,1317481380
f7cd1e76497d0df4,2025-05-18,1317481380
338c82ffaadbf855,2025-04-06,1317481380
15df843fa3aea00e,2025-05-04,1317481380
dfbdf58e2f787816,2025-04-27,1317481380
7efa363b67301e88,2025-05-19,1317481380
37535519bb67a29f,2025-06-01,1317481380
d8f463ba7d5dfdda,2025-08-17,1317481380
3a228475f81d5215,2025-08-31,1317481380
5e14e3c449231ddd,2025-08-03,1317481380
297ae84b1d1466e9,2025-08-24,1317481380
5e39cacc31a72ae4,2025-09-28,1317481380
f6c214bd76dc7932,2025-07-20,1317481380
55511cd95625c039,2025-11-23,1317481380
a7a9ae218be0b25e,2025-10-05,1317481380
e1ff7f6a155e51be,2025-10-19,1317481380
fe8ac208a0e25756,2025-11-02,1317481380
4ca488a8f77e987d,2025-12-07,1317481380
9828827a5f37f83e,2025-11-09,1317481380
ca03f0572b7244c1,2026-03-01,1317481380
7ca44f0cb19eb98f,2026-01-18,1317481380
38059f14646ad5a2,2026-03-08,1317481380
5638c04ba362c46b,2026-02-15,1317481380
0d54a2c34bb2daf0,2026-01-04,1317481380
92e490ff1355eba6,2026-06-28,1317481380
0cfb0a7dec99d65b,2026-06-14,1317481380
df7f75746883641b,2026-05-24,1317481380
1fc4393f35400850,2026-04-05,1317481380
8cdd74f3c7d5e21e,2026-04-26,1317481380
1b24d1a4e37e9c09,2026-07-12,1317481380
0959276b6a952538,2026-07-05,1317481380
921e6a0a34892ec3,2018-02-28,1351411911
b4d321bbe4ee933a,2018-03-20,1351411911
d1fcf6b3c106a9c8,2018-02-22,1351411911
09c83f745c61e4d1,2018-03-27,1351411911
60976e3b04fe8483,2018-02-24,1351411911
de23df5d51b79854,2018-04-28,1351411911
0323ee76336bd73d,2018-05-23,1351411911
81d3c4dea6ff621d,2018-05-09,1351411911
b33876c19514185c,2018-06-27,1351411911
fed790cbe3dd5770,2018-05-04,1351411911
ce399f446adf101c,2018-09-19,1351411911
8a64dd9485dc8eeb,2018-07-04,1351411911
fc01faefba6f961b,2018-07-14,1351411911
c9f87742bcf6e976,2018-07-18,1351411911
0c2404b9b2294e11,2018-07-25,1351411911
b9f0a2480b30476f,2018-11-03,1351411911
afcdf13d80ba61ae,2018-12-20,1351411911
ae9afe5de444b3f8,2018-11-30,1351411911
8e59bab22c853268,2018-10-24,1351411911
77096714fd4a52a2,2018-11-21,1351411911
44b60ca9eb58d31d,2019-03-13,1351411911
8440e07b37e763df,2019-02-21,1351411911
fc72292117166eba,2019-02-13,1351411911
2500e0eeaefa668d,2019-01-30,1351411911
61894b2392032a68,2019-04-06,1351411911
16c218081c986f60,2019-06-04,1351411911
ce70e80546ab3938,2019-05-04,1351411911
ada93817ea144521,2019-05-08,1351411911
50a7c93f47e2a54c,2019-06-08,1351411911
8ab98fca7163ed5f,2019-08-29,1351411911
c081074d2a6716e0,2019-08-02,1351411911
4de57ffa46ba6ec4,2019-08-08,1351411911
fb8f9763ac7b2486,2019-08-14,1351411911
bf93545e619b19f3,2019-09-27,1351411911
8c04bfc466823f51,2019-11-23,1351411911
fcae3509ac17df2e,2019-10-17,1351411911
3f33bbe8a5337342,2019-12-04,1351411911
d83abaa567f2c1f3,2019-12-18,1351411911
3347badf6b7a7de5,2020-03-12,1351411911
146224f4b8c7429a,2020-01-29,1351411911
670f136a731c44b1,2020-02-13,1351411911
faf150b31e1e407a,2020-02-08,1351411911
ae27c1649c669a11,2020-03-19,1351411911
a6ba935e89c9f7ca,2020-06-03,1351411911
02ba9d5adbd2d760,2020-05-07,1351411911
a7924366dfb533af,2020-04-16,1351411911
aa6c6cdc8ac74474,2020-06-18,1351411911
a53c90af1e546d0d,2020-05-21,1351411911
9cb51a5bf25a81d0,2020-08-21,1351411911
bac87c7d34d0855d,2020-08-25,1351411911
74d9d490dd316606,2020-08-06,1351411911
3cf75cb1d054743e,2020-10-02,1351411911
83cab3f7cd399e19,2020-11-11,1351411911
6c530a6cd1e0c000,2020-12-03,1351411911
fc4ea0a05f4e7868,2020-10-22,1351411911
bc7e3903914e2e40,2020-12-17,1351411911
5f8005ec2e424a67,2021-01-08,1351411911
a7b9a8d54789f8fe,2021-03-25,1351411911
60c3738caaad5f6f,2021-02-25,1351411911
a54d3788e3850e22,2021-03-11,1351411911
8df8c23f0a2a10ea,2021-01-21,1351411911
3b41c8e3760c1956,2021-06-04,1351411911
7f67d566d0cd54a8,2021-04-30,1351411911
5be590e24602556c,2021-05-20,1351411911
05ec56c4e3f8b132,2021-04-22,1351411911
6dbdfc23d9ae7f52,2021-08-05,1351411911
8e667dc9a93d6877,2021-07-16,1351411911
9e71233c60b62525,2021-07-08,1351411911
9bac4e432e04273a,2021-09-30,1351411911
7ed34fa570729b68,2021-10-15,1351411911
17d744644d74e52e,2021-11-25,1351411911
d157b42a29fc6b6e,2021-11-11,1351411911
9fe0fe53309c7944,2021-10-21,1351411911
b7d442a14846a155,2022-02-26,1351411911
b9307d5107a246e7,2022-01-13,1351411911
266be26379b7c97d,2022-01-06,1351411911
f90723bd1abace87,2022-01-28,1351411911
5e820bf6f953de37,2022-02-11,1351411911
048d51f3afe9c98c,2022-06-30,1351411911
119b277886c547d3,2022-04-15,1351411911
234d198d16e9ac66,2022-04-07,1351411911
cf8bf0578a65786c,2022-06-02,1351411911
684a70e708899d08,2022-06-16,1351411911
067acde3d886fe7b,2022-09-29,1351411911
f6920f680b9f769a,2022-08-11,1351411911
a0ed431e426f61d8,2022-09-01,1351411911
c70e529f39f8eaff,2022-09-08,1351411911
5659f0bf9476d741,2022-09-22,1351411911
a355b72d5a76b274,2022-12-28,1351411911
cabd6d16c152a091,2022-11-17,1351411911
eae84f0fca856630,2022-12-15,1351411911
19e41f279249acb5,2022-11-03,1351411911
ab01da38a08a46c0,2022-12-09,1351411911
47555b6ee26cc55a,2023-01-19,1351411911
ea11d010972a51fb,2023-03-23,1351411911
1035d72141d14e7c,2023-01-12,1351411911
74a8ae6e4c94cc93,2023-04-06,1351411911
4f595be2b1b4ea53,2023-04-20,1351411911
15c47ba0d80f6e27,2023-06-22,1351411911
3b4e943b6ef792fe,2023-04-26,1351411911
72231a103105b382,2023-06-29,1351411911
1837aba4b2cc76ac,2023-07-13,1351411911
193c24ee2fe5f22e,2023-08-03,1351411911
94ea5b2db429fb35,2023-08-17,1351411911
2fa7c44298643dcf,2023-09-28,1351411911
a969cf14af8de513,2023-08-10,1351411911
15b626ca1b4cc1cf,2023-10-27,1351411911
68f23f944ae9d83b,2023-12-21,1351411911
4c5b86abaf5575bf,2023-10-20,1351411911
5bee3e80d0f5d889,2024-02-15,1351411911
bc531d01bceea989,2024-03-14,1351411911
cb654d20e256fca4,2024-01-25,1351411911
3584f9a2d8fd24b9,2024-03-28,1351411911
426a00c2c05aae03,2024-06-19,1351411911
210323127fade4c8,2024-05-02,1351411911
ab4b88114f395c99,2024-05-09,1351411911
ca02d3955a4d3cea,2024-06-13,1351411911
920c994cfa6d30d9,2024-06-28,1351411911
f825361002f0c755,2024-09-26,1351411911
68efe85ab0dabadb,2024-08-22,1351411911
4e477d77b1540597,2024-07-04,1351411911
bed5d03a3f0bb43d,2024-08-08,1351411911
7a449798e321d48e,2024-07-11,1351411911
f157c21b513fc1fb,2024-07-25,1351411911
3232743113b2b298,2024-10-31,1351411911
ea1ff95d03d4a989,2024-11-22,1351411911
3d3ea9a1ebb1159f,2024-11-07,1351411911
beac4cb5f3a84ae4,2024-10-03,1351411911
ee4daeb725d827b9,2024-12-31,1351411911
78ed79b6a47f8db4,2024-11-14,1351411911
82a1d0e0fe46b144,2025-03-07,1351411911
433b42e11417e1b9,2025-02-27,1351411911
14de879d3c50aed8,2025-01-23,1351411911
0b9f4098827645c8,2025-03-13,1351411911
9465775553ec06a1,2025-03-28,1351411911
3eb8d8ac3eb71c17,2025-01-09,1351411911
4be48e31fa3f68f9,2025-05-08,1351411911
058b0e26b0dc16b3,2025-05-01,1351411911
2f49e0ee720e17b8,2025-06-19,1351411911
7a4b4575acfdba94,2025-04-24,1351411911
7887644ec9bced76,2025-06-26,1351411911
5c63763c30f1894f,2025-04-10,1351411911
a2f2ad9159bb415b,2025-09-25,1351411911
2f5c6bfc43991503,2025-08-21,1351411911
d9ed6034a77e3bc0,2025-09-04,1351411911
4fcc1499a80aeac1,2025-08-27,1351411911
cae56b00c152a92f,2025-09-11,1351411911
02e076252bcef3c8,2025-11-07,1351411911
5fd5e869c11843cd,2025-10-02,1351411911
ab818cdf21367225,2025-10-11,1351411911
558d68c7359432be,2025-10-28,1351411911
93a779d5810d1139,2025-12-03,1351411911
a8c898d07981d7a4,2025-10-17,1351411911
bd9f020d633236e6,2026-01-07,1351411911
14388a376610e5ec,2026-02-19,1351411911
fb01966eeca543fb,2026-02-04,1351411911
b98a273169d2c750,2026-02-14,1351411911
6ef4f2984f356369,2026-03-19,1351411911
2955a64f771b1477,2026-01-22,1351411911
b58fd682d642f037,2026-04-03,1351411911
f24eae01a1ff92af,2026-04-18,1351411911
f549d70468c08ffe,2026-05-09,1351411911
560eda2f92bce77b,2026-05-07,1351411911
0d0cb23bfbc59ca9,2026-04-29,1351411911
0a4ac9e4d1b890d3,2026-07-02,1351411911
fb80b1a47e0cd345,2026-07-09,1351411911
8668b4265b1fb63a,2026-07-07,1351411911
7628cd0ac7927625,2018-03-12,1356662668
f3741830cab01a4a,2018-03-26,1356662668
f0f5b5b2bc2f0567,2018-03-08,1356662668
140c2a49ee305091,2018-03-19,1356662668
df1182e80a555da0,2018-04-30,1356662668
66d25770f3e42241,2018-06-18,1356662668
7fcd247107f42d21,2018-04-04,1356662668
2f43e1ab7d73a17b,2018-06-25,1356662668
67a64d48e2c01ffa,2018-04-09,1356662668
e5823cb060d02188,2018-09-17,1356662668
02423d7db004bec5,2018-09-10,1356662668
9af594fec2bda7c5,2018-07-09,1356662668
16e5cb9cc60f0b51,2018-07-22,1356662668
cef66878973731eb,2018-08-06,1356662668
f0a1f1b59113dac3,2018-08-27,1356662668
0193821c74e38c14,2018-10-12,1356662668
0700338df55e5622,2018-11-13,1356662668
d21418f641055997,2018-10-12,1356662668
c4cf7327a35d1025,2018-10-29,1356662668
3fcd69da0f24b561,2018-10-08,1356662668
f3171b695865e4d5,2019-01-28,1356662668
976b0892a6e80b70,2019-02-11,1356662668
d609f0ae6afd74cc,2019-03-25,1356662668
2f82905073344136,2019-01-07,1356662668
4a772f1bd589192d,2019-06-29,1356662668
ffd9a3bcd6c7c54a,2019-04-29,1356662668
7e40fbcbed65cc4e,2019-04-08,1356662668
3c3745fda7ce2470,2019-06-10,1356662668
bc4b50b7b276cd6d,2019-05-20,1356662668
a1c5da08cf3f031a,2019-07-22,1356662668
aa84a3b333415cb6,2019-09-30,1356662668
8da23adb84953bbe,2019-08-05,1356662668
364bf82a6ee6fa93,2019-08-30,1356662668
aa78841202d9a3c0,2019-07-29,1356662668
936a49b3a74d89d3,2019-12-13,1356662668
9e7382dbcd01de88,2019-11-21,1356662668
951edfc383f6060e,2019-12-20,1356662668
9238a8903d155ef6,2019-10-14,1356662668
53d08831d451c9be,2019-11-17,1356662668
1e9b5a7bcc679a74,2020-02-18,1356662668
5ba81021984b8836,2020-02-08,1356662668
1ed7d3115caf20ce,2020-03-30,1356662668
e141da5c1a1d4e59,2020-03-13,1356662668
dca0c8a5e6975cd2,2020-04-23,1356662668
fa3370c6a1d0e33e,2020-04-01,1356662668
244aff0b5c826e0c,2020-05-28,1356662668
6247624cd0282e9a,2020-04-09,1356662668
37e065fb87ba1daf,2020-07-23,1356662668
0b14910ce725a801,2020-09-02,1356662668
706629df87f24104,2020-07-21,1356662668
7be45f2adbe875c8,2020-08-18,1356662668
fb4eae8d80d5cf57,2020-07-13,1356662668
4d2f8d420502bd98,2020-10-28,1356662668
bd5ed1c4d81f8d4d,2020-12-14,1356662668
4bfd59ef7f2d2e31,2020-12-09,1356662668
f6604ef2c6d69f9d,2020-10-30,1356662668
31dbb719f2924425,2020-10-17,1356662668
f19e5dfaf2f3a1b1,2021-01-01,1356662668
4534ecbbd43a3d22,2021-03-01,1356662668
6eecd494f4dd24dc,2021-02-22,1356662668
73b664328fe1611c,2021-03-13,1356662668
a2a665cff9e840da,2021-02-04,1356662668
1fcd2504a6bdd9fe,2021-05-13,1356662668
f013241bb384a2c3,2021-09-24,1356662668
6a5476e750d8620c,2021-09-14,1356662668
6804db93040a48ce,2021-09-03,1356662668
a8541626a27261bd,2021-09-10,1356662668
ec9965b5b90c79d7,2021-12-20,1356662668
d89fbe886786a259,2021-12-17,1356662668
546f403e1b31cc17,2021-11-26,1356662668
117a23be849e655a,2021-12-15,1356662668
6bb899f065e810b7,2021-11-02,1356662668
53deb24a2d97918c,2022-02-04,1356662668
dbd80bdff141b4ba,2022-02-09,1356662668
059865f09ae7504f,2022-02-16,1356662668
74391d23b992a5a3,2022-03-04,1356662668
3c10c4fab12ac6d2,2022-02-25,1356662668
0078fdf27e89b8c9,2022-04-08,1356662668
87572a15b26cc325,2022-05-06,1356662668
21a1db8d77000a4e,2022-05-20,1356662668
13b7055cd4ad642f,2022-05-13,1356662668
9089b4812ad66eb1,2022-06-10,1356662668
a06570cfbf6a7897,2022-08-19,1356662668
6a554e6455c02810,2022-09-23,1356662668
54e122ef4c81a981,2022-09-28,1356662668
2771933ebae4a401,2022-09-14,1356662668
c890955bcc05272d,2022-10-15,1356662668
629447df11a5551e,2022-11-18,1356662668
f0026b2c2e329faf,2022-10-28,1356662668
5c75ddd352b47f51,2022-10-26,1356662668
23ccae27b437eec2,2022-10-31,1356662668
50fe309eb0c2d9a2,2023-02-03,1356662668
97d7907d5f10b401,2023-03-10,1356662668
7a231e821abc169e,2023-02-08,1356662668
e27bbefd8a1864f5,2023-02-24,1356662668
a35e661fa19243a0,2023-05-31,1356662668
29a438874f3f4a52,2023-06-23,1356662668
1bba1dfa1716c489,2023-04-19,1356662668
6cbe39744c0d2e6e,2023-06-28,1356662668
03ab874b84e2e7df,2023-09-01,1356662668
3cb1b70faca9e2e0,2023-09-19,1356662668
cda4840ef584298c,2023-08-20,1356662668
662a598734c29f44,2023-09-15,1356662668
1e491d2fcab7ad80,2023-07-05,1356662668
bb9e48b783efd95d,2023-10-12,1356662668
4fc76c181c8e251b,2023-11-16,1356662668
10408e72aeb03496,2023-10-27,1356662668
18182d5c66a45351,2023-10-18,1356662668
95647622880c0bff,2023-10-27,1356662668
ff0a925e74a2e974,2024-03-27,1356662668
a72d03a884330ea2,2024-02-29,1356662668
e7357f84a89bc91b,2024-01-20,1356662668
6b0721fc0b12f443,2024-02-15,1356662668
57345fb527e0c99b,2024-01-12,1356662668
6a05b388eb20afb7,2024-06-28,1356662668
4c46fd6fc49fb7b0,2024-05-06,1356662668
aa16caf64978b4b2,2024-05-28,1356662668
b700884ea5758ced,2024-06-19,1356662668
c9343e349d36a645,2024-06-07,1356662668
e6ba4ada2f6f1554,2024-08-13,1356662668
9a893c959fcfb164,2024-08-28,1356662668
997f0dc3e9770f33,2024-09-04,1356662668
df72ee3d88cb6a33,2024-08-01,1356662668
1816f87c82c78628,2024-08-09,1356662668
ec696f647f05af96,2024-07-19,1356662668
09c67b3c37ed07c1,2024-12-04,1356662668
45a53d67d386dd2f,2024-12-13,1356662668
bd9b87fe96b65ebb,2024-11-12,1356662668
8d007f517773b84d,2024-12-14,1356662668
b41b3e95efa05a19,2024-11-08,1356662668
8cab89003b6a1fc5,2024-10-07,1356662668
6f93ffedff1f2c41,2025-01-18,1356662668
a91807876f3c16d0,2025-01-03,1356662668
89d70980ef85fe78,2025-02-13,1356662668
2e38e68b779cbd2f,2025-02-11,1356662668
1f132124250152cb,2025-02-27,1356662668
4a964959651c7b53,2025-02-18,1356662668
1336547d0a21861b,2025-05-22,1356662668
63cdb81763361c6e,2025-06-05,1356662668
a38fa69bfee3ba8c,2025-04-03,1356662668
7db087dc7a62ad87,2025-05-13,1356662668
51e4eaa5f1e2c5b3,2025-04-22,1356662668
c37e1aeed993d7c7,2025-04-07,1356662668
56426009b813ede9,2025-09-23,1356662668
a46a6f3c11197d2a,2025-09-29,1356662668
59747439e2180b3b,2025-08-14,1356662668
7698a0d0729f40be,2025-08-25,1356662668
9dd36c84675a350c,2025-08-04,1356662668
0edd1721c17a2626,2025-07-30,1356662668
943fb19abe196010,2025-11-04,1356662668
c8cc0581b789d4ab,2025-10-08,1356662668
d212c017dff71b08,2025-11-10,1356662668
8a07e55756066347,2025-11-25,1356662668
95838a91a93ee54b,2025-10-13,1356662668
43d060ef46464547,2025-10-20,1356662668
37ca694edf18206e,2026-03-04,1356662668
a6e71aa4b1b129dd,2026-01-13,1356662668
d53f13aa5ac1af29,2026-03-09,1356662668
dfee0814f76aad01,2026-03-12,1356662668
e393e9f30d984d8a,2026-02-05,1356662668
138ca989afb38079,2026-03-03,1356662668
04a3e8c21a6781ad,2026-04-27,1356662668
5b4b10a780f1ca05,2026-06-18,1356662668
a84802d65d2fbac5,2026-05-13,1356662668
ffc21080fa721e72,2026-04-23,1356662668
7e2a1777e96efcaf,2026-05-07,1356662668
636afdce819dd6cf,2026-07-14,1356662668
b1a14ab99d7c2a98,2026-07-07,1356662668
c90b4bdb51df88a7,2026-07-13,1356662668
07efa55fbd1ae268,2026-07-09,1356662668
7b20f5ea853b07c8,2026-07-06,1356662668
f0313f0d9f7a4822,2018-03-21,1362265400
097e205b480485c4,2018-03-22,1362265400
818c806c362feb88,2018-03-31,1362265400
3305e01bff015ab9,2018-03-29,1362265400
9c3707ad27244016,2018-03-30,1362265400
2fed65931eab0448,2018-03-20,1362265400
a123fd9d939f0660,2018-05-10,1362265400
e06996b4d95059ff,2018-05-15,1362265400
8f818f449200776e,2018-04-05,1362265400
198fb6f54bd080ee,2018-04-16,1362265400
8ba76444180fa0d1,2018-07-04,1362265400
67a090b117118535,2018-07-05,1362265400
8525ee47be0d2e76,2018-09-28,1362265400
8ebded8752d0e64d,2018-07-25,1362265400
7e6e060bfb05f87a,2018-07-24,1362265400
da28809a63c41c2a,2018-10-27,1362265400
b7f8b168ec474bbe,2018-11-16,1362265400
f34fcf8111d472f2,2018-10-07,1362265400
45a8e70d0877d319,2018-11-29,1362265400
4b170f1e26091e9e,2019-02-25,1362265400
41c98ceabcb0446b,2019-02-24,1362265400
626eb5dbe9cb9676,2019-02-03,1362265400
56c62ab21ca17b53,2019-02-16,1362265400
8a145f651db0b0a3,2019-03-20,1362265400
3708161cded2f50c,2019-04-07,1362265400
b7fb22f6d0d00b88,2019-06-10,1362265400
4793233f3377b8aa,2019-05-29,1362265400
5f60a45c8ccdc8a4,2019-04-17,1362265400
0f2c75d945938ea0,2019-05-01,1362265400
f73e9d6138b43814,2019-07-18,1362265400
2609f752f0ada8c5,2019-07-21,1362265400
f09dc1803379185a,2019-08-24,1362265400
37e75a5d9a19738b,2019-07-16,1362265400
ef8f581b6981e622,2019-07-30,1362265400
bb1d631b570cf140,2019-11-19,1362265400
4590f799f59b62ef,2019-10-17,1362265400
b5cc6410770bbed7,2019-12-16,1362265400
eaa73aee069c2926,2019-11-13,1362265400
7ab25ac8a4d7ffce,2019-11-06,1362265400
e6221af6e8529a53,2020-01-30,1362265400
d01b1d2bfe6515ef,2020-02-02,1362265400
a35936eb4f8b37db,2020-03-07,1362265400
8de8cdfa8632b717,2020-02-28,1362265400
1133f28e45a3e6ea,2020-02-19,1362265400
b76d672139a33d8e,2020-05-12,1362265400
286d13b70b0fbb6e,2020-05-05,1362265400
23cbc52661c69533,2020-04-03,1362265400
efc1eb3f4adb880b,2020-06-15,1362265400
5861fff6756a49c6,2020-04-01,1362265400
0b0456d0cd238974,2020-09-18,1362265400
f4ca0c61d480be6c,2020-07-21,1362265400
81dfd5eb73ea5ad3,2020-08-12,1362265400
07d4b6f0db53addd,2020-09-05,1362265400
ec517474e37da684,2020-09-28,1362265400
067826d0b6407ab7,2020-12-20,1362265400
e9500a7bd1234a88,2020-11-27,1362265400
2d5937da6bd03e42,2020-12-27,1362265400
43b98f383d5f16d4,2020-10-13,1362265400
3531dc75152b5d9f,2021-03-12,1362265400
42f890f103c50ae2,2021-03-02,1362265400
68f320ca97c26690,2021-02-10,1362265400
39c909d719895a9b,2021-06-04,1362265400
986bcd9c4331fe1c,2021-04-09,1362265400
6a65a31f1e01de02,2021-06-17,1362265400
b338cf5abea1caeb,2021-06-18,1362265400
fe0b2861f3980dd1,2021-07-05,1362265400
a0f766b6875a9f99,2021-08-06,1362265400
873414434aa512bd,2021-09-22,1362265400
8489e888f1774653,2021-09-28,1362265400
8c7f196e953468be,2021-09-21,1362265400
c9b1ada4dc4f0f7d,2021-11-05,1362265400
2274ed9820ebbefe,2021-11-03,1362265400
5b9c3bb4ae22ff16,2021-10-11,1362265400
b7bd4084fc116dc0,2021-10-20,1362265400
08adba822c27c7b0,2021-12-07,1362265400
ce8a71db94cc8adc,2022-01-28,1362265400
1eb87f3217d227bf,2022-03-14,1362265400
30ade654536b1820,2022-02-25,1362265400
b7db8a672ca5c47f,2022-03-28,1362265400
d65c976027320ef7,2022-04-29,1362265400
f74e657c4d0fdc83,2022-04-15,1362265400
72f134a34983d6a6,2022-04-21,1362265400
72d67171a25c577c,2022-05-03,1362265400
b864fac6b17c546a,2022-09-21,1362265400
3bffbfe8474f6f2c,2022-08-17,1362265400
3c029c435ecf5ad4,2022-07-12,1362265400
c6d0fbfc362d72f1,2022-07-06,1362265400
9771093783878303,2022-10-24,1362265400
50f253f941e23dda,2022-12-07,1362265400
89be55b9b76eeb31,2022-11-08,1362265400
9ad8eecd65a6b57e,2022-11-07,1362265400
0dd26870f939e959,2023-03-22,1362265400
cdba143ceb4d326e,2023-01-24,1362265400
a9611b30a7e8f3ba,2023-03-20,1362265400
a1fbc43f3d3d9974,2023-01-31,1362265400
489dbb065adf007d,2023-03-01,1362265400
505fa9aca1a993f8,2023-04-13,1362265400
54524184d17b2ab8,2023-05-03,1362265400
746693d830e2d640,2023-05-23,1362265400
59a51f4e58608b08,2023-05-02,1362265400
32634274a6e2aef0,2023-08-08,1362265400
ace3550bba448fae,2023-09-25,1362265400
b89ef5bf0d2402de,2023-08-24,1362265400
db8047df4927bc91,2023-07-24,1362265400
6fb34e11b4fb7102,2023-08-31,1362265400
67e113514bc4df10,2023-12-07,1362265400
be11ac9a500bf48b,2023-10-30,1362265400
f9025db831941ef7,2023-10-05,1362265400
0b96d7b84aed0e76,2023-10-25,1362265400
5ecc22012bed7cee,2023-10-18,1362265400
c4628806bcde0eb8,2024-02-26,1362265400
5977736173919068,2024-01-03,1362265400
aa31b5ea10d7d0fa,2024-03-04,1362265400
779e3110416dd95e,2024-03-13,1362265400
e33854824145f54a,2024-03-01,1362265400
5a74fa9f42b328b4,2024-05-28,1362265400
8bc7360b57d9bc35,2024-04-22,1362265400
ae950df151aa52a5,2024-04-11,1362265400
ed51dc343e7f43a0,2024-06-11,1362265400
0ae4d6931fc7e81b,2024-09-22,1362265400
9cdcef67df3c104b,2024-07-31,1362265400
5cbe63c78854e6c0,2024-09-25,1362265400
2b3046c59987e482,2024-07-11,1362265400
fa5529f8c0edcad9,2024-08-21,1362265400
829965906c92c677,2024-09-26,1362265400
a714daeb7b7e742a,2024-10-30,1362265400
e4cb363618b6492b,2024-10-10,1362265400
10f6f10a19f1379a,2024-10-15,1362265400
56d626e556334184,2024-11-25,1362265400
53c2fb383dc33130,2024-10-11,1362265400
19d4853cce0c9096,2024-11-07,1362265400
6d62e1c4099fb716,2025-03-27,1362265400
f184dff813453efe,2025-03-25,1362265400
56626a2ffa4d7bb5,2025-02-25,1362265400
47cae84f1497488f,2025-02-18,1362265400
4c20c7cb84fcf92d,2025-01-09,1362265400
95775de8f7a7ea16,2025-03-06,1362265400
d56f55761e3d8308,2025-06-02,1362265400
b04762ba5783c9f6,2025-04-24,1362265400
da4001d13a3a38e7,2025-06-18,1362265400
6409a3a173d82bc2,2025-04-17,1362265400
133c9f45c662b9a3,2025-04-12,1362265400
6c12dea8c5d1918b,2025-04-02,1362265400
6a7d36c48f64ebd0,2025-07-15,1362265400
b8357a6c842ff9e3,2025-09-30,1362265400
806bba87fc7f0fc4,2025-09-01,1362265400
d56ef812fc89c1da,2025-07-11,1362265400
feba14c15bcc422b,2025-07-14,1362265400
760dde26a5406419,2025-09-19,1362265400
759548abf27fbae2,2025-12-03,1362265400
b62a17211b934bb8,2025-10-13,1362265400
63d6698d4fb56309,2025-12-04,1362265400
59fbd7e459e9b577,2025-10-22,1362265400
2852e90582bf1411,2025-12-01,1362265400
42f7fee7f3f892b9,2025-11-19,1362265400
0f35a3b77a6bc9ff,2026-03-31,1362265400
b69f662968561f5a,2026-03-24,1362265400
fc10dd7c8010c3c9,2026-02-19,1362265400
18d2bcd9af5abe5d,2026-03-03,1362265400
049c597722a01c47,2026-03-10,1362265400
a0f9a35ecdb34ac0,2026-03-09,1362265400
f1aa732e480c73b3,2026-04-30,1362265400
5526e3790c140709,2026-06-04,1362265400
3c4d1febdc450622,2026-04-13,1362265400
98aa5c1d2edf5113,2026-05-13,1362265400
75b3ebbf45b2ee31,2026-04-24,1362265400
cf43c7874e9731de,2026-07-13,1362265400
a60dbcafc98a764b,2026-07-01,1362265400
ed15a35c8f79b52b,2018-06-24,1364113251
7de581c888938ada,2018-06-17,1364113251
42603da68eb3f23f,2018-09-16,1364113251
a2b77c3932413114,2018-07-15,1364113251
7d2aef8a6d2fd66f,2018-08-05,1364113251
f8801042ecf62168,2018-08-12,1364113251
b95cbb2b465b98b9,2018-09-09,1364113251
3638b90294b5fe34,2018-12-09,1364113251
bca1fb6633d79013,2018-10-28,1364113251
2207bbf82906bbef,2018-11-18,1364113251
845bb68099b8e86c,2018-12-02,1364113251
0c576391c689cea3,2018-12-23,1364113251
a9ebd2f5f1cdf470,2018-12-30,1364113251
b8ab84a89b4da26d,2019-02-24,1364113251
ab71db30a6595e92,2019-02-10,1364113251
69794c3e76dcb192,2019-01-27,1364113251
6c9d53f54390187b,2019-03-31,1364113251
52289cd346d1b319,2019-06-23,1364113251
f56f8a400f1b6a97,2019-04-28,1364113251
0a54563ed3ca1a53,2019-06-16,1364113251
fe5c8406dd8bbd72,2019-04-07,1364113251
f9d05f1d9a206324,2019-05-19,1364113251
894fcdec8fc24041,2019-08-11,1364113251
1b0e70894ba90466,2019-08-18,1364113251
ad2880af143a42d8,2019-09-15,1364113251
c80a58cb43cced31,2019-07-28,1364113251
e339d724cfc55549,2019-10-06,1364113251
83422be5fe043647,2019-11-10,1364113251
e1e0a2780c6ebd9b,2019-12-16,1364113251
b71f665b54015b81,2020-02-02,1364113251
6a612876d664ee5c,2020-03-23,1364113251
d6976efa85bc44d9,2020-03-31,1364113251
79bac2c62db8ce25,2020-01-12,1364113251
fbc6fa9f9da1d503,2020-04-06,1364113251
ad7daecc024a57b6,2020-05-10,1364113251
a6fa3ca0e2d8c2dd,2020-05-17,1364113251
5d56e8571026fb7c,2020-07-12,1364113251
9bc76964a6514c48,2021-09-27,1364113251
98d35fb13e79dc20,2021-09-11,1364113251
fdd9dddd5db86109,2021-10-01,1364113251
fa02b15a0b5bdadf,2021-10-20,1364113251
5567c1e19a12b68e,2021-10-22,1364113251
14344e1a57229f1b,2022-03-08,1364113251
a62c019fc55666ea,2022-03-08,1364113251
23726a76102076bf,2022-03-18,1364113251
93dd19ff64fa8d2b,2022-04-12,1364113251
f7c94c0e5194a8d1,2022-06-14,1364113251
541d79d0f6a47f76,2022-05-28,1364113251
05ede735b847a81a,2022-05-23,1364113251
daff25888db3b977,2022-08-19,1364113251
f9bb7fbbf43a67f4,2022-08-30,1364113251
7a0e65147801fa99,2022-08-17,1364113251
9334f97cc82f224f,2022-09-03,1364113251
8df154604003894b,2022-10-17,1364113251
6dd4377cc08d5bbe,2022-11-04,1364113251
04c43ea1f6cc0ef8,2022-10-18,1364113251
866278d380fd51df,2022-12-14,1364113251
e62abfa0bd80f339,2023-02-25,1364113251
64d89693b2470f0a,2023-02-04,1364113251
7b16023a8e8aaae6,2023-01-28,1364113251
78fb6b36a4408a13,2023-05-08,1364113251
e79397e636dac4c5,2023-06-01,1364113251
f64506ac43681cb5,2023-05-23,1364113251
ddaacc2dd5fb7327,2023-04-12,1364113251
67007c6d9d691582,2023-05-13,1364113251
2ee5b8f18bb7c305,2023-09-28,1364113251
08e597e764a41949,2023-08-17,1364113251
6c98d2334c7cde2a,2023-07-19,1364113251
9332b9c47e1f22b3,2023-09-28,1364113251
f1537cc0751e420b,2023-08-03,1364113251
366a40249888042c,2023-10-04,1364113251
9ee7a55f65fbb8df,2023-12-18,1364113251
da45d23b823632c7,2023-11-23,1364113251
c3af3bfd1bfa3a27,2023-10-03,1364113251
e949c7a25be02bea,2023-12-09,1364113251
fce0c9521567423f,2024-03-01,1364113251
e9c0950b0beee07f,2024-02-14,1364113251
90c1ac169f01138c,2024-01-30,1364113251
c0324f71b2cfbd0d,2024-03-21,1364113251
02408a3aa61fd23a,2024-03-12,1364113251
11375608f21f1853,2024-04-16,1364113251
6b5af94d47c5816e,2024-06-05,1364113251
64da6bf2dbb94dc9,2024-04-23,1364113251
ca0ba75a2959bf40,2024-05-31,1364113251
a16bfc98a400a298,2024-07-25,1364113251
2980bb599395b80b,2024-07-02,1364113251
feb38ed002c319e8,2024-07-10,1364113251
828898fedfe50b59,2024-07-13,1364113251
18f41a3261469917,2024-08-29,1364113251
1ce32004cf8c0cee,2024-08-09,1364113251
cbbafc4dec52ac6e,2024-12-05,1364113251
8f7d28e4072c04b9,2024-10-23,1364113251
c400e81793fda7ea,2024-10-15,1364113251
cff1d97203b65041,2024-10-07,1364113251
83a5b5ff8d7107e5,2024-10-08,1364113251
f692a5b3dd355052,2024-11-08,1364113251
d2e860bf5565106e,2025-02-26,1364113251
9fcdc193165eb9d3,2025-02-13,1364113251
5459b5db2bd27d5e,2025-02-08,1364113251
55284b5651a6aa82,2025-02-20,1364113251
9ae9cda4278d2402,2025-03-20,1364113251
013bcec394fc6ea3,2025-03-29,1364113251
872e7f0bca7e2a18,2025-06-17,1364113251
79f01f42ea525cca,2025-06-02,1364113251
5b803917ff71354d,2025-06-03,1364113251
1139ed50136f43d9,2025-05-07,1364113251
f5a769371c7ba4c9,2025-06-04,1364113251
f7feb005ae3c50df,2025-04-04,1364113251
5a24b8abf464e6ae,2025-07-30,1364113251
7f85dfabdf1a7c2e,2025-09-02,1364113251
120381ca15c00df7,2025-08-05,1364113251
fa6f807dd6274195,2025-08-18,1364113251
c6156ead64dbb617,2025-07-07,1364113251
6fac3c60a89addb8,2025-09-22,1364113251
eb97a5d5249a0011,2025-11-25,1364113251
7964839f63c7be69,2025-10-07,1364113251
18b462113003c4e3,2025-12-20,1364113251
1b1d66396c926146,2025-10-06,1364113251
1b7171286e3a020a,2025-11-08,1364113251
f064327989870e03,2025-12-09,1364113251
c51b0cc2c17239f8,2026-03-06,1364113251
330a4bdb341bb19e,2026-02-25,1364113251
1ad4bf399e3941e4,2026-02-18,1364113251
f295d8a9dcc76928,2026-03-06,1364113251
ab564fd49dc94162,2026-02-11,1364113251
6af6d0270db8a0be,2026-02-14,1364113251
fa05aff6ce355b06,2026-06-02,1364113251
05ebcf41d4d718f6,2026-06-09,1364113251
d3f341c41a718241,2026-06-05,1364113251
be712223a0794f8a,2026-05-25,1364113251
c7179244e221182b,2026-04-06,1364113251
0b6c8d575a33f117,2026-04-30,1364113251
9751c8d0dd19c8d5,2026-07-10,1364113251
722faacc1e394ff1,2026-07-14,1364113251
937f17e3aedb9ede,2026-07-02,1364113251
264dd17320e8fcb6,2026-07-14,1364113251
c62cccbce54a5726,2026-07-07,1364113251
270867289c89ca0f,2018-04-03,1367201919
90b183bd6bcba9fa,2021-03-11,1367201919
4fc8190759f6d8c9,2023-03-31,1367201919
a38c5e6c0b6aa5a0,2023-03-27,1367201919
cdcbc306b26af0d7,2023-04-05,1367201919
3669852ab75e0ba0,2023-06-11,1367201919
e6026d7558a99622,2023-09-29,1367201919
7d033b98ad950021,2023-09-15,1367201919
a4cf5038917d1e9c,2023-08-24,1367201919
ce0c757653cded2c,2023-08-02,1367201919
9c7a28b406d0d383,2024-02-15,1367201919
8654f84a78e7196d,2024-04-09,1367201919
4898a858ed007b3e,2024-06-28,1367201919
891121131041f2fb,2024-09-11,1367201919
8fb155f327163834,2024-09-26,1367201919
1777df17785cb4f0,2024-10-09,1367201919
59680e0c19e86e01,2025-09-08,1367201919
9d254950f3e3084d,2025-08-18,1367201919
27fdb313b959d3f9,2025-08-28,1367201919
111034af9786096c,2025-09-29,1367201919
e7fcb8c5da31ca9b,2025-09-02,1367201919
7aabadb697a4ad12,2025-09-05,1367201919
09fddd1cb093aad0,2025-12-02,1367201919
3c9140aa090776bc,2025-12-01,1367201919
b356ff4a7ee3b0f0,2025-12-12,1367201919
1da5b931953f7450,2025-11-13,1367201919
a28ad7165c4cf2db,2025-10-22,1367201919
a4d5d48f24d77f9e,2025-11-07,1367201919
0c8bd4cdb0907e67,2026-01-29,1367201919
5c9d3d94fd4595af,2026-03-04,1367201919
6cd862a4cb400817,2026-02-05,1367201919
fffcbac447b28d1c,2026-03-16,1367201919
7dc3fac69d3616d9,2026-02-02,1367201919
695b947dcc4297dd,2026-01-09,1367201919
2f2fa6e310380b9e,2026-04-20,1367201919
9001b5be05e6bb6d,2026-06-22,1367201919
ec96ae6c34383dfc,2026-06-23,1367201919
003bb7119ccc8a9d,2026-04-02,1367201919
720bc53b1b48c4ac,2026-04-23,1367201919
5ac9ff520e725d94,2026-04-13,1367201919
269806841dccf470,2026-07-10,1367201919
bdd0332f39ec00c2,2026-07-13,1367201919
245d5bd479f25f3b,2026-07-13,1367201919
740cd7f80eb7c286,2026-05-13,1368074498
d106ba28a426cab1,2026-06-01,1368074498
54e95c8f51c95e87,2026-06-25,1368074498
d64d9061ffd845c2,2026-05-29,1368074498
d0e9d9a08bc91840,2026-05-19,1368074498
4a8dec950a21d048,2026-06-09,1368074498
1814f0be6f8f2a99,2026-07-01,1368074498
7bf30045ca873fb7,2026-07-09,1368074498
7df89ce72947ff4d,2026-07-06,1368074498
760bf6f0ec1c5203,2026-07-10,1368074498
1d3f004eb57ba893,2026-07-02,1368074498
c53039a4cb0c933c,2026-07-08,1368074498
82cbfe87d6aa79f0,2022-03-30,1378389941
aeea0637dbd1c061,2022-03-15,1378389941
ab7313088b5da174,2022-01-26,1378389941
25119eb39527690b,2022-03-04,1378389941
07189b5bd518fa75,2022-02-04,1378389941
22dd06571855a68e,2022-01-11,1378389941
25b40a896bc13284,2022-06-08,1378389941
b0706903570bf606,2022-04-29,1378389941
a7bda5d63c085e74,2022-06-23,1378389941
e661cb6ed3563df6,2022-05-24,1378389941
bdee57d5d3f5b46f,2022-08-03,1378389941
044c4f70d20d7002,2022-09-23,1378389941
ae0f27d9c05423a3,2022-09-15,1378389941
4db4c6b7e213b5af,2022-09-01,1378389941
fe32ed9699ae040e,2022-10-11,1378389941
ab26792291908179,2022-12-06,1378389941
fbef4ef72222357f,2022-11-29,1378389941
7b5c560e64065258,2022-11-03,1378389941
f485d931d1fc2459,2023-03-16,1378389941
de1cb4e6e7ba4ca9,2023-03-31,1378389941
938156ff2d307e53,2023-02-28,1378389941
c5fdea15e235be33,2023-01-10,1378389941
4694c11a64eab482,2023-06-12,1378389941
f6964471f5726660,2023-05-01,1378389941
f096b379b1e3f6de,2023-04-13,1378389941
2df1713eb7e24823,2023-05-18,1378389941
f3a4cd4e100bdbd1,2023-06-27,1378389941
dd8316091cb43bb4,2023-08-22,1378389941
f97d910cf4dd0aa9,2023-09-15,1378389941
0215cdf58daae63f,2023-07-31,1378389941
615df778762a7644,2023-09-29,1378389941
4aafabe252d524f9,2023-07-13,1378389941
d7c49daababf8b74,2023-10-23,1378389941
e67a7751b0c167b0,2023-11-17,1378389941
26d0baa724a59da4,2023-12-19,1378389941
67c09494158291fc,2023-12-05,1378389941
861953168a7e886b,2023-11-08,1378389941
13a7ae0d5d4a9f18,2024-02-07,1378389941
328d08f1a34a4e90,2024-03-19,1378389941
af947f4b7f542182,2024-01-17,1378389941
fc559f3344f74b09,2024-02-23,1378389941
a5a58a4f2fa8fb6f,2024-05-15,1378389941
00ce6d0a02417d02,2024-04-02,1378389941
5b47d91667dced69,2024-05-01,1378389941
b91e22ee178a3ab5,2024-06-25,1378389941
9f919559b694d362,2024-04-16,1378389941
32ad778284e182af,2024-08-20,1378389941
2b07b910d6626b46,2024-09-03,1378389941
b04d6f28c136a148,2024-07-16,1378389941
22141c6ff5e3057b,2024-08-05,1378389941
e5806dc8d4bc379d,2024-11-21,1378389941
09d04ccf5164140a,2024-11-18,1378389941
ca7b9e80acd16487,2024-12-06,1378389941
7f5e0343a7a2056e,2024-10-18,1378389941
c0c77a3d6d80ecd9,2024-11-26,1378389941
5409afd4817e8b70,2025-01-07,1378389941
fe7edec0c36cb40e,2025-01-14,1378389941
e550c5ac45c740f5,2025-01-28,1378389941
f88cacbc9ad6ad0c,2025-03-18,1378389941
7d33581acd56fdcd,2025-06-17,1378389941
5f89a524134dc425,2025-05-28,1378389941
9db0e3e530a572b9,2025-04-15,1378389941
ee7d8d3701fd7904,2025-04-30,1378389941
49318ae3dc18e490,2025-09-12,1378389941
c721004d434ccc95,2025-07-08,1378389941
13d8de9f02c45914,2025-08-01,1378389941
190afa457e5389df,2025-08-15,1378389941
222d1265f3c093a0,2025-12-16,1378389941
59f3a7729aaf50f0,2025-10-21,1378389941
59296abbb285d491,2025-12-05,1378389941
10afd8893efde7a8,2025-11-19,1378389941
622923a61519a416,2025-11-05,1378389941
774397b13b517300,2025-10-02,1378389941
9090666c022bb0ce,2026-01-15,1378389941
5e22fe275ad861ce,2026-02-17,1378389941
7c453879b0dea89b,2026-01-27,1378389941
62b80fa22491e483,2026-03-02,1378389941
2fba5248ec372e2b,2026-03-23,1378389941
a059610983dc8a28,2026-04-08,1378389941
2eacf88fd41e34c7,2026-05-20,1378389941
98730e92a5e2fb5e,2026-06-15,1378389941
f0498e5c2be23cc9,2026-04-20,1378389941
1682d92a9c4b91f0,2026-05-29,1378389941
fb99c0efd4f8f8e2,2026-06-29,1378389941
2eb426f4013061f9,2020-01-25,1386375601
88d4936efef290b6,2020-03-20,1386375601
f903fd66204425a6,2020-01-19,1386375601
e48648e84c4ef915,2020-01-30,1386375601
df561cfe35a497ee,2020-02-29,1386375601
d15a930dc7a552e1,2020-04-29,1386375601
f5a71e121e409e1f,2020-04-11,1386375601
6b4d3c36259f1161,2020-04-12,1386375601
81bea8a34e1a84e3,2020-04-17,1386375601
ef7b75c2d8b8e127,2020-05-09,1386375601
d57ef423e3e26228,2020-04-03,1386375601
5ac67a45ef166b74,2020-08-13,1386375601
4285be6a6bfe298d,2020-08-15,1386375601
2cee8852db110bca,2020-09-10,1386375601
dfac1cec7f086132,2020-07-18,1386375601
36cfe74e7ff98bfd,2020-08-18,1386375601
00e41870d3b64595,2020-11-16,1386375601
d3550d6b59348b34,2020-11-03,1386375601
492dc27eda7f5f04,2020-12-07,1386375601
f4458ae2a719cd19,2020-11-24,1386375601
0f5b2fd6c13b22b4,2021-03-13,1386375601
45410f91ef369a82,2021-02-11,1386375601
bba18e8b2a2cf088,2021-02-11,1386375601
3a1b1572900b87e0,2021-03-05,1386375601
a58e091494e0acd4,2021-01-06,1386375601
227e3cabbcddefed,2021-05-10,1386375601
66d92a3e292c32ce,2021-04-23,1386375601
ab42f5b139b52dd7,2021-04-28,1386375601
176c4bc903c2a197,2021-05-11,1386375601
86aaa9b50065fd6f,2021-04-30,1386375601
47bc41d7f83dcc36,2021-07-27,1386375601
a4e4a82251f8ab2a,2021-07-19,1386375601
1ca90b6b1884ddf3,2021-08-17,1386375601
3b92dd7898418dd0,2021-08-20,1386375601
c039edb27bc86608,2021-07-27,1386375601
681546b53a91b7f7,2021-10-02,1386375601
5d344116ecef6c4c,2021-12-10,1386375601
5c5e44ff2ea09305,2021-12-21,1386375601
ebc5044c193698b1,2021-12-28,1386375601
d3bdf095215a551b,2022-02-02,1386375601
9f8611327be1d9b2,2022-03-24,1386375601
337e27dadecaed98,2022-02-09,1386375601
6aa60b8d94661287,2022-03-21,1386375601
257d1b9d48b74350,2022-04-21,1386375601
b14065411306befb,2022-05-28,1386375601
be059f68190e7a25,2022-04-12,1386375601
f0396ee303974e62,2022-06-08,1386375601
4d138e5f984577bc,2022-06-24,1386375601
98e6e8f9d012c3b3,2022-08-09,1386375601
99d611ba05b6a558,2022-09-14,1386375601
651726f3d69bc999,2022-07-08,1386375601
68f35b578e313769,2022-07-16,1386375601
61d2dbf775c974eb,2022-08-03,1386375601
788aab251682f00d,2022-10-13,1386375601
e9f37ab11633a1fb,2022-12-29,1386375601
45a76843b17caa61,2022-11-16,1386375601
76c20fecdd7c4a1b,2022-11-25,1386375601
094576112f7dbfb8,2022-11-17,1386375601
001e666245079ab1,2023-03-07,1386375601
67413e430746791e,2023-01-02,1386375601
0daeb6b94d7be8c6,2023-01-27,1386375601
03d9a895440d7cc0,2023-01-16,1386375601
551cc5e0f899a2d2,2023-06-29,1386375601
2ac5bd17660ecc31,2023-04-28,1386375601
bd003904d1b4fea7,2023-05-30,1386375601
3075fd2b0b3dea68,2023-05-22,1386375601
490fea91b4b17017,2023-05-17,1386375601
d344db4bf6ed49e4,2023-08-15,1386375601
cd79ded7611eb514,2023-09-05,1386375601
7f00f484539fd4a4,2023-08-09,1386375601
e7d5cafb778a325d,2023-07-29,1386375601
6770ce1011829df4,2023-11-28,1386375601
dd67a4ed0624737a,2023-12-02,1386375601
b8c165aa9799a683,2023-10-16,1386375601
774a01816e207502,2024-02-05,1386375601
629222fab42c868d,2024-01-13,1386375601
367e28a917152c97,2024-01-25,1386375601
90f042e66d1f63e8,2024-03-01,1386375601
6902ed320ddc7497,2024-02-02,1386375601
3a78f3a002ecf32d,2024-05-17,1386375601
7265c8fdb4a6287f,2024-04-15,1386375601
6bc401fc5489720f,2024-05-01,1386375601
7d88d40c1d54b7cd,2024-04-05,1386375601
435cd17a3d909a6b,2024-04-30,1386375601
555cc526124fac80,2024-09-06,1386375601
3abd8edf05e41c06,2024-08-13,1386375601
ce3bdd058a9fda3d,2024-08-17,1386375601
f2807dca3a3af8ed,2024-09-23,1386375601
7a7eaafd941bb9df,2024-08-24,1386375601
77c5712c2a1b4775,2024-08-02,1386375601
42a09d3c65b666db,2024-11-18,1386375601
b520dd5539a3ac5d,2024-11-19,1386375601
526ca4f2984242d3,2024-10-17,1386375601
93146e009bee575c,2024-12-18,1386375601
d4f3d6b2fab283c6,2024-11-13,1386375601
9e26531a241bbabb,2024-10-21,1386375601
2d0b135b78e51b92,2025-02-24,1386375601
f64ce36a153a15a7,2025-01-30,1386375601
ce72293fc0ad5dc9,2025-03-07,1386375601
d8124b60f5b6240f,2025-03-13,1386375601
92d0cb28036b1246,2025-03-14,1386375601
9475d947ab0b1119,2025-02-14,1386375601
0f75747b6a6de6bb,2025-04-29,1386375601
f1ebae309e6b2906,2025-06-09,1386375601
dcee18e759d73199,2025-05-08,1386375601
b0a803b06e54fc2a,2025-06-18,1386375601
80544c64243c5373,2025-04-25,1386375601
92f88d1cbf77908f,2025-04-21,1386375601
ed61eb216ba0b321,2025-09-27,1386375601
c05d683c99c4435c,2025-08-03,1386375601
2446393fadbe92b1,2025-07-25,1386375601
af1d755b7eb4c0b1,2025-08-26,1386375601
821983861fb68858,2025-07-29,1386375601
0493ef02184a1959,2025-09-20,1386375601
906dcf837aa6ca9e,2025-12-30,1386375601
240bcf15a6fe633b,2025-10-16,1386375601
8999e018cda5e582,2025-10-18,1386375601
214a791c35942565,2025-10-01,1386375601
811de3eb8938ecf9,2025-10-03,1386375601
616c8bfeecf1ea38,2025-11-12,1386375601
86b0c5ed9bb9db14,2026-03-21,1386375601
61eac5f97a13e2d9,2026-03-21,1386375601
04c2853839e43fa1,2026-03-27,1386375601
354ef89a4eb49f56,2026-01-23,1386375601
61a13266f35eec88,2026-03-26,1386375601
6a19a69df47d400d,2026-01-02,1386375601
ef0ced1c6ab0edc2,2026-05-15,1386375601
eb9f366c3b2e3b77,2026-06-29,1386375601
af7165e20bde6e23,2026-05-18,1386375601
e5800bf2d76211b9,2026-06-01,1386375601
de1a0c27f2eb30e2,2026-04-29,1386375601
cc1ebb14cd58a9cb,2026-05-11,1386375601
772b291ce7165ea0,2026-07-07,1386375601
856f3bb1a06b6030,2026-07-01,1386375601
3952160dbd4d6e39,2026-07-03,1386375601
54d01d8575eabd38,2026-07-10,1386375601
8ea1354c0159ab8e,2026-07-14,1386375601
f6d4e0fe74b494e5,2026-07-08,1386375601
faa57af98c8dad29,2018-07-16,1408796715
55340794102eacca,2018-07-23,1408796715
ced71420e7f8608a,2018-08-06,1408796715
4b8fd8582352d842,2018-07-06,1408796715
00fc770f05fa7c54,2018-08-13,1408796715
f3e483cb2d5f1b8d,2020-01-29,1408796715
66bea442fa64e759,2020-01-06,1408796715
3aa5a15a8bf8a5c1,2020-01-20,1408796715
8610e41f0c339c1f,2020-01-27,1408796715
3a2f53a78aac0081,2020-01-13,1408796715
5d286845d5797ed1,2022-09-19,1408796715
2c7bb9ad6e7ee314,2022-09-26,1408796715
ecdfdec19225af28,2022-09-08,1408796715
16e8c7c313e220c6,2022-09-12,1408796715
1d66aefe1c401d97,2022-10-10,1408796715
071d93e3b05cbc0d,2022-10-03,1408796715
1f01dbaf1ec40e47,2022-10-17,1408796715
83c280c975a62fdf,2024-05-19,1408796715
660a411c96f832d1,2024-06-23,1408796715
ceb4fc3f8e303363,2024-06-09,1408796715
1935beb2b582c080,2024-05-26,1408796715
a4bd7fab061ece87,2024-08-18,1408796715
bb659b6899a8bcc3,2024-07-28,1408796715
888a529215437dcd,2024-08-11,1408796715
7fb21c197aae1120,2024-07-07,1408796715
a112c540a87ac563,2025-10-16,1408796715
d302bf1fa0d360ac,2025-12-18,1408796715
d959859c59487861,2025-10-30,1408796715
dd9a3575f174dd6f,2025-10-15,1408796715
1b0b076cdb5404ac,2025-11-13,1408796715
1ce19c2ef5630b86,2025-11-20,1408796715
f368d4fcb8405ca7,2026-03-12,1408796715
87c211f11a09b4df,2026-03-05,1408796715
74198fc7834968e1,2026-01-22,1408796715
cbcc7ecf81e96f0f,2026-01-15,1408796715
19d69174ff2b2168,2026-03-26,1408796715
c6f49b1956b88533,2026-01-29,1408796715
2dee8d740b841a31,2026-06-11,1408796715
e1736cb45ac33e22,2026-06-25,1408796715
8e64f4da8bf70815,2026-04-30,1408796715
e6f12907a7dd4623,2026-04-09,1408796715
07a026711b074ce3,2026-05-07,1408796715
d28d43884e8b67f1,2026-05-14,1408796715
e028e0c2acc577eb,2026-07-09,1408796715
910de6ee252221b8,2026-07-02,1408796715
5627dc9dfbb37470,2018-09-12,1432118523
3560d4cc4461babd,2018-09-13,1432118523
d3e1fc849e5ce709,2018-09-22,1432118523
204b457fe7f62ab0,2018-09-19,1432118523
7d349ae3b8dfaadf,2018-09-20,1432118523
c4e8c601635ade85,2018-12-28,1432118523
9e1d44f3f1ba70d0,2018-12-15,1432118523
58e7cd6bf6d8e051,2018-10-13,1432118523
ac5b87159a333402,2018-10-23,1432118523
9b33e8c89905bbd6,2018-10-04,1432118523
39ac04fe46b7d5a5,2018-11-01,1432118523
7f1f31e3b5c3cde8,2019-02-19,1432118523
17a5c57daf1cb54d,2019-02-02,1432118523
0a7e26c5845f2b89,2019-03-15,1432118523
cc87ac90d999841e,2019-01-01,1432118523
5efcc5cb3b5b313f,2019-01-09,1432118523
d896bd45eb3b565d,2019-06-14,1432118523
7f36cb803e3ebf29,2019-05-25,1432118523
9b8e93784b92f639,2019-04-03,1432118523
26d7ec79af242c06,2019-04-06,1432118523
2fa0808dbd5726b5,2019-04-18,1432118523
7678051b7ef6242b,2019-07-26,1432118523
9efdbc5ad9df17da,2019-07-17,1432118523
259dd0f9de77466f,2019-09-07,1432118523
e47ee15148d604ee,2019-08-02,1432118523
35d414d0e6a3d94d,2019-12-20,1432118523
73da9ad430cfede2,2019-10-12,1432118523
5675de5bd543bea9,2019-12-13,1432118523
bc8fd24337e8ad19,2019-10-17,1432118523
5342ea1ddf74e4fc,2020-02-25,1432118523
c1e852f06349dd1c,2020-01-07,1432118523
70ce2e30fb0cfc17,2020-03-13,1432118523
de01e7fd9410b0a0,2020-02-14,1432118523
89815a571320690c,2020-06-04,1432118523
38c9945e3868b7e8,2020-05-30,1432118523
7bafea8b7634b0a3,2020-05-06,1432118523
cf707c983016c0c7,2020-05-14,1432118523
f58dd5750282ee09,2020-04-21,1432118523
f7e21246fb9499df,2020-09-17,1432118523
69d0199d16beb1a7,2020-07-17,1432118523
17df279c5048df19,2020-08-06,1432118523
8c352852731e31bf,2020-09-29,1432118523
49b78a4938d6f391,2020-08-08,1432118523
5e3df80bfe9ea231,2020-12-18,1432118523
9e0f032320e11331,2020-11-24,1432118523
d8cd3b248c8c1e51,2020-10-27,1432118523
64272d6d78a47e71,2020-12-24,1432118523
74c60fd6eb21ca6e,2020-10-17,1432118523
b324c412e86d4bfc,2021-02-19,1432118523
a56acb2a735a358b,2021-03-31,1432118523
7aa3a4aad6a50927,2021-02-06,1432118523
2e87b605e05be22c,2021-01-09,1432118523
df67d9d824edc13b,2021-02-27,1432118523
cc31050ad08103c5,2021-04-07,1432118523
667f03791955efc1,2021-04-09,1432118523
aea75acfaa0a63f1,2021-05-08,1432118523
717c39789f95e469,2021-06-02,1432118523
1942d530d917ece3,2021-08-11,1432118523
f2cbc700ce8a259f,2021-07-31,1432118523
93a6f7448227c942,2021-09-16,1432118523
48bf2a6f221ec169,2021-07-10,1432118523
86ad91cd8e73988b,2021-10-06,1432118523
69a3416aca07199a,2021-10-28,1432118523
9ba183366ec1fb82,2021-10-08,1432118523
f3e17d615df9cf85,2021-12-21,1432118523
ceaf83975f3e0379,2022-03-23,1432118523
22acaa5446e9e4fd,2022-02-22,1432118523
67709a867e868047,2022-01-08,1432118523
0c5c1c0dabeb1651,2022-03-10,1432118523
06d437759506adfe,2022-03-17,1432118523
82c8e6823632722d,2022-04-09,1432118523
cafaa31e206e710e,2022-06-15,1432118523
9fdacd8045ba4015,2022-06-23,1432118523
29b4c0804892207c,2022-06-16,1432118523
7a359ccca5f82d37,2022-04-02,1432118523
5269a2d0c71d3269,2022-07-01,1432118523
c1e5f0237d7fe351,2022-09-15,1432118523
b4ed842844ef73ff,2022-07-07,1432118523
38ac9a6cf4250f8c,2022-09-27,1432118523
d3905cf2cb27ca30,2022-10-20,1432118523
5bb62f280869009a,2022-10-01,1432118523
3ec2d056d5cd2f3c,2022-10-11,1432118523
6984702889fa4cc6,2022-12-21,1432118523
a786243e35c5106a,2022-10-15,1432118523
a68eb8eb8a7e6af2,2023-01-26,1432118523
613f8a58cf3536fc,2023-02-09,1432118523
649441d0fd087d7f,2023-03-09,1432118523
70f6677e70cb7481,2023-03-10,1432118523
3f4e4c8f5c47cfad,2023-04-07,1432118523
81aa9b2e5a1c5020,2023-06-24,1432118523
32ce4b8b430c97e6,2023-05-17,1432118523
acc3124a773e8d50,2023-05-12,1432118523
586703cf24f0db88,2023-09-09,1432118523
cd722241f850cdfd,2023-09-12,1432118523
da59efefe16ecfbe,2023-09-01,1432118523
160735a012902a0a,2023-08-05,1432118523
871e43e8c82c090d,2023-09-15,1432118523
ab43d70bad118d18,2023-11-16,1432118523
e29b8982137eee17,2023-10-07,1432118523
8ce271e759eb495f,2023-11-02,1432118523
cafd87b46b97cab5,2023-12-20,1432118523
cbc7b3c0df9062a6,2023-11-14,1432118523
7f3640d199a26f63,2024-03-06,1432118523
22a4c1863483026f,2024-03-05,1432118523
8ec223b6d8862ee9,2024-02-07,1432118523
11fee8b2ba722c23,2024-03-01,1432118523
aaa80b29b162bc33,2024-02-22,1432118523
d02664d266fda727,2024-04-06,1432118523
185f93f8d1f33c96,2024-04-05,1432118523
e16d0221441e602f,2024-04-11,1432118523
5ca83112679b02ec,2024-04-13,1432118523
5d48872e5d6a77d1,2024-08-16,1432118523
221ae677fa8da75e,2024-09-18,1432118523
29752e664fb588a2,2024-07-30,1432118523
3ad214a85415b44d,2024-07-18,1432118523
b8548418d3bd6bb9,2024-08-08,1432118523
ab8cf8fb7f3ce922,2024-08-09,1432118523
46691fe778e96917,2024-10-19,1432118523
051d1a2ab75f1f28,2024-12-03,1432118523
f26b6752e7a9350b,2024-12-13,1432118523
a763419e3f686886,2024-12-07,1432118523
c7e3d7317d1e249b,2024-10-11,1432118523
d0e3b5df69cbf6cf,2024-10-23,1432118523
6dc132e95fdc7fb7,2025-02-07,1432118523
097614fda4044cf6,2025-01-22,1432118523
e7e03178d12868de,2025-03-18,1432118523
5642e42a35f93791,2025-02-19,1432118523
3f7c9aa7c7ffedb2,2025-01-07,1432118523
3cb4a4884529110f,2025-03-04,1432118523
6f3d3feaf02ff952,2025-05-06,1432118523
c8eb3f0c1acacf95,2025-06-10,1432118523
41aa1a643b1db676,2025-06-13,1432118523
0fb1c656ddf7c26e,2025-04-29,1432118523
29bf92d49026b4ca,2025-04-12,1432118523
5df585536e2241f6,2025-05-01,1432118523
f444d6b0e80ee2c3,2025-08-22,1432118523
a091dd788c9a15e3,2025-08-19,1432118523
0cbc282a43fb616b,2025-08-13,1432118523
e9571f747dc38d0e,2025-08-26,1432118523
7fc70227464642d7,2025-08-14,1432118523
2958d3a342e63f63,2025-09-19,1432118523
c4d80f3aa5a51230,2025-12-03,1432118523
60df9a6b37bf7860,2025-12-19,1432118523
4c0f5e612b45bb67,2025-10-15,1432118523
743fa3d7c3b8602d,2025-10-09,1432118523
b77a64c8a57591bc,2025-11-25,1432118523
4d733abfabcee637,2025-10-22,1432118523
37408ebafe5b16c6,2026-03-17,1432118523
6f7f5a5dd4fa776d,2026-01-30,1432118523
b716d45910fbf3c4,2026-01-28,1432118523
0c4aa5d484ee4381,2026-01-08,1432118523
97f979d201c7705f,2026-06-11,1432118523
8536de7d15346d83,2026-05-12,1432118523
e15bce79993563e6,2026-04-16,1432118523
d304829841cfd556,2026-04-07,1432118523
70135e10a5666968,2026-05-08,1432118523
f2e74db0a2d2f8a4,2026-06-27,1432118523
1ec98135d9510da2,2026-07-07,1432118523
3a39f59975484150,2026-07-08,1432118523
8697e2cbfb7afab6,2026-07-10,1432118523
de21f49d5a7224b4,2026-07-02,1432118523
ea7398a682694d1a,2026-07-03,1432118523
e305082fe2cc8e24,2018-12-25,1439837349
2f6851dec1705f8f,2018-11-19,1439837349
d27791c31f263552,2018-11-14,1439837349
62ce72d31bba7d8c,2018-12-04,1439837349
27960d451d8b558e,2018-12-19,1439837349
ddd37874e1819a43,2018-11-21,1439837349
acb6af81a12de5c4,2019-01-25,1439837349
4f3b455bb9c5b8ab,2019-03-27,1439837349
a0fc803e86244cb3,2019-03-07,1439837349
10a8987b9532d67c,2019-03-18,1439837349
00515c7489d65d57,2019-04-10,1439837349
01e31e564e5bdf2c,2019-04-11,1439837349
f8d665bce18379b1,2019-05-08,1439837349
12c20773d169526e,2019-05-28,1439837349
ac298248e02993db,2019-05-30,1439837349
71c0d6b83a207f9f,2019-07-24,1439837349
0cd501f60e442edf,2019-07-31,1439837349
a4277c86bedf54b0,2019-09-18,1439837349
1886179d67164d45,2019-09-26,1439837349
b13b917fc5caece0,2019-10-16,1439837349
56ee144077c010c9,2019-12-23,1439837349
b0d6203ffae7591b,2019-11-19,1439837349
2d5afc1e49c6198e,2019-10-30,1439837349
64c8e44bc9ff3ae2,2020-03-25,1439837349
25c71da1a2e98033,2020-02-26,1439837349
8d9c8cc215da3753,2020-03-28,1439837349
a8b4e4b45123293f,2020-01-02,1439837349
b4edb0600e2426d3,2020-04-29,1439837349
55149ce948c21e16,2020-05-14,1439837349
d7a7769500e4a916,2020-06-11,1439837349
e3d0190e0d4a5a9d,2020-05-08,1439837349
9883a926bbbde73d,2020-07-01,1439837349
a3be95b01b14888b,2020-08-07,1439837349
d46328befb6bc62f,2020-07-16,1439837349
231694d6f5205737,2020-08-12,1439837349
116137e6b6cc8ccd,2020-10-30,1439837349
a22d4bbcdd4c8820,2020-10-07,1439837349
cc5afd01d3a5e682,2020-10-09,1439837349
81b64e45d88c4272,2020-12-11,1439837349
de1c405733be66ed,2020-10-27,1439837349
f4693d91dfd7ee83,2021-02-26,1439837349
d033ad093f61702b,2021-03-31,1439837349
4309178b9761248b,2021-02-17,1439837349
7cd6b227aec33213,2021-06-03,1439837349
c079f9b5793d7b9e,2021-04-09,1439837349
5f080f22ea665508,2021-04-16,1439837349
92b0067fd83d264f,2021-04-08,1439837349
77168e951b36d75e,2021-07-13,1439837349
bd84d65adea2f9e8,2021-08-17,1439837349
5e234f2b0124b3b5,2021-08-19,1439837349
132e6ae1a0ac4290,2021-09-08,1439837349
b8fc618d8270b426,2021-08-25,1439837349
c07fb6f144319822,2021-12-01,1439837349
4209e14af09f2fbc,2021-11-03,1439837349
9b5fadf7b3e7dfdb,2021-12-08,1439837349
d2439440386a9368,2021-11-10,1439837349
444ea94a5743995b,2021-10-06,1439837349
714c85c9548d908a,2022-01-20,1439837349
c0dee7637417da91,2022-02-09,1439837349
58715c07d5bcef75,2022-02-01,1439837349
75960fafe69ea363,2022-01-26,1439837349
5dcbae9e51bea277,2022-04-13,1439837349
146e19e573e6b571,2022-05-27,1439837349
07781cb9ac8c7e7a,2022-05-23,1439837349
3efca3ad02a5a844,2022-05-25,1439837349
86a61ade9bcff208,2022-04-06,1439837349
8823571f3eab5a35,2022-07-20,1439837349
945a224b6601f470,2022-07-01,1439837349
4755efc22a70c4c0,2022-08-03,1439837349
b6926498f49139b3,2022-08-31,1439837349
f1e705f7fef7379d,2022-08-24,1439837349
ecd0dcac6b5e4333,2022-12-01,1439837349
bc99f0f18e169847,2022-10-13,1439837349
33d5b9cbad36ab44,2022-11-23,1439837349
bc2b6df5fe1b8b8f,2022-12-07,1439837349
0f51c646809387a4,2023-03-10,1439837349
e496be4641f69f19,2023-02-28,1439837349
0e094fc99e355930,2023-03-07,1439837349
c3c15216d0f02322,2023-01-25,1439837349
ab1ee10b50eee034,2023-06-07,1439837349
3225f1fbc705b39f,2023-04-06,1439837349
11bd4f4c127293f7,2023-06-29,1439837349
1188a80cefbe59c9,2023-06-21,1439837349
1e28cfd5c66d4233,2023-07-19,1439837349
6b7cb2d532abe537,2023-09-21,1439837349
d49979c67a076779,2023-07-26,1439837349
c8dcd0dffd423113,2023-07-06,1439837349
fc159ddbd22cb99a,2023-08-09,1439837349
244afea3630c9a8e,2023-10-25,1439837349
0e7a00e5e77f7a99,2023-12-28,1439837349
6408796fa86f2e37,2023-11-21,1439837349
9afd2117bc643099,2023-12-06,1439837349
e13eca3a388dfdfa,2024-03-27,1439837349
584d067cf6019618,2024-03-06,1439837349
475872f555f70ae8,2024-02-21,1439837349
901d3c54d71fb390,2024-02-07,1439837349
cfafe9e47db025da,2024-01-03,1439837349
9b825d40bd56bd23,2024-06-03,1439837349
657c56926eff4fbd,2024-06-19,1439837349
2b55469c1d54a241,2024-04-24,1439837349
a35fb4c63de01765,2024-05-16,1439837349
4e9114b4515b74bf,2024-08-21,1439837349
b2002d0eefa61c22,2024-08-28,1439837349
d245a08af7ed65fe,2024-08-14,1439837349
83e2a053ac0127eb,2024-07-10,1439837349
24e4ff0b7701088f,2024-07-03,1439837349
677e54de8f052b73,2024-09-13,1439837349
043d815fa55e91e1,2024-10-03,1439837349
bb5f230fc72b0903,2024-10-10,1439837349
5420d813892b9c36,2024-12-24,1439837349
04cff63a5c0461f2,2024-12-31,1439837349
da61bd88b9d41399,2024-11-14,1439837349
4851ad9025ee5cde,2024-11-27,1439837349
8973b7b3946623b6,2025-01-21,1439837349
6625d676b3f408f4,2025-01-30,1439837349
3f1822ea0d8c6391,2025-01-15,1439837349
32fb06971238eac2,2025-03-26,1439837349
efc0bf59780191f5,2025-01-20,1439837349
d673ee362dfd6d58,2025-03-06,1439837349
5292fe2d9ba14347,2025-05-07,1439837349
1bce93c666dcde90,2025-05-28,1439837349
ef0c177028e62988,2025-05-22,1439837349
b35e545ffd78b45e,2025-06-27,1439837349
b19f22eb5f6c24ab,2025-08-20,1439837349
e8cb357f465e4b73,2025-08-06,1439837349
459d99cb1355807e,2025-07-30,1439837349
ac1997e569377d1d,2025-07-31,1439837349
a2b66bfa34fc9c2b,2025-09-17,1439837349
6fd49fb947eb40db,2025-08-28,1439837349
1d0cc6ac3ec17ef3,2025-12-17,1439837349
5d0eb71932a9e0d3,2025-10-10,1439837349
7c650ac068c3232b,2025-12-03,1439837349
1a22934ca585f6ce,2025-12-11,1439837349
2148ccc373865601,2025-10-01,1439837349
1df7e4a1cd8ecba3,2025-12-31,1439837349
a49a0caf55114c0c,2026-01-14,1439837349
bfd23744ad03f547,2026-03-23,1439837349
5142a02f262d85bf,2026-02-16,1439837349
15679e49e05c3709,2026-02-25,1439837349
6f296797f429e42b,2026-02-17,1439837349
36e4c3b36d7c9f7c,2026-03-26,1439837349
d7adc927ae47da5c,2026-05-06,1439837349
dfa08783f32772a5,2026-06-24,1439837349
602e8d6a77874545,2026-05-13,1439837349
0f82ae1cbd98d9db,2026-04-09,1439837349
0a4fd3fa3d7a07d3,2026-04-29,1439837349
112d42d0a3fe6981,2026-05-14,1439837349
94a4febc19761c63,2026-07-01,1439837349
962c37dd3b1c0734,2026-07-10,1439837349
7398656d81ddb272,2026-07-03,1439837349
076ce1cd741993f0,2018-12-22,1441649707
e9ae60fa39fb2862,2019-01-11,1441649707
3f6eebe008ef33e4,2019-01-30,1441649707
d12ff0a80947ffaf,2019-01-23,1441649707
6de730a1a674de18,2019-08-23,1441649707
a559dc4486b80fa0,2019-09-20,1441649707
443bbe583b61784b,2019-09-13,1441649707
f6ab0700bc6bf6ca,2019-11-23,1441649707
da9a515e332e7244,2019-12-19,1441649707
c97679735e4d213e,2019-10-24,1441649707
462d1fdb8c9512f7,2019-11-15,1441649707
791b1fd7dd4e6ad2,2019-12-24,1441649707
b5f62fb13c6d63cd,2020-03-18,1441649707
4f2510ffd5ebb963,2020-03-18,1441649707
ad73755b0b07fe3c,2020-03-21,1441649707
402a91f19273498f,2020-03-20,1441649707
a3955be35dc23c15,2020-01-23,1441649707
663256b55775a2a1,2020-05-09,1441649707
7500c455ca15b9c2,2020-04-01,1441649707
95bc3135b7df5eae,2020-04-29,1441649707
9aabbfa01edd08fd,2020-04-04,1441649707
bff088b70b7aec13,2020-05-02,1441649707
d0d304f4e2a5d0a3,2020-04-18,1441649707
44541c13f115df45,2020-09-12,1441649707
50e2e672a570e8b3,2020-09-22,1441649707
abb4d415f042402a,2020-08-29,1441649707
387789f2889a51d5,2020-09-30,1441649707
cc8b55b6640670cd,2020-12-01,1441649707
d6a292ae4df16c84,2020-10-27,1441649707
b585f33570bb96b7,2020-10-02,1441649707
15ada5a0cce71689,2020-12-23,1441649707
b968a4bd5ac3f9d4,2020-11-07,1441649707
b4835db57aba2fdb,2021-02-09,1441649707
c88716d4494ea619,2021-03-20,1441649707
c121c00622c04f41,2021-03-10,1441649707
5aba4d9adc4aee15,2021-01-19,1441649707
b7175a6fdda02dc5,2021-03-25,1441649707
1f829f2952902f4b,2021-04-01,1441649707
53aa25e09be59c98,2021-04-26,1441649707
cf07ca90ba7a5d4a,2021-04-03,1441649707
24fdfd2d8377065e,2021-05-01,1441649707
cdaf57695f508f8f,2021-04-10,1441649707
e817a0180bbab042,2021-07-24,1441649707
af2f9f523ad5c58e,2021-08-24,1441649707
9b1aa861b9b97b50,2021-08-30,1441649707
afa59726b0474ae9,2021-09-09,1441649707
8aae49e80811353c,2021-07-13,1441649707
507363ac63c78424,2021-10-11,1441649707
48982caf64d1afc0,2021-10-04,1441649707
3e37bc9c19c9426b,2021-11-01,1441649707
259184dd9e35c657,2021-10-16,1441649707
89e6d245fd8761bd,2022-03-12,1441649707
8dc272d89ef223f7,2022-01-31,1441649707
79119c561c0a1592,2022-01-06,1441649707
9477b6fab4f4b1b1,2022-03-16,1441649707
085275cf62761e32,2022-01-19,1441649707
6adbebcc25d38f18,2022-05-11,1441649707
96f7024a35128911,2022-05-11,1441649707
2a3ddeb2cb0def85,2022-05-25,1441649707
ba448b5a353b65a5,2022-04-13,1441649707
125745807347ed38,2022-08-31,1441649707
23ef0c05301e3e82,2022-07-05,1441649707
7fda312c9771c68f,2022-09-12,1441649707
2aae87dfa76a9694,2022-08-13,1441649707
18aaf4f57575dce3,2022-11-16,1441649707
11dff87263287ad5,2022-12-01,1441649707
2ecc81632f05c937,2022-11-19,1441649707
c9f2ed70de9b1fb5,2022-10-03,1441649707
22e20c21c6d56a3c,2022-12-15,1441649707
68e9a2f9a2ae5ac4,2023-03-24,1441649707
59fd240e7140e12b,2023-03-04,1441649707
7fb0052cec93da3a,2023-03-15,1441649707
acabb940a6be18df,2023-01-07,1441649707
fa223a36b15ffbd0,2023-03-28,1441649707
94f06c725075c9d5,2023-05-13,1441649707
3dbdd179ea404d1a,2023-06-02,1441649707
b2df87c0648b2110,2023-04-11,1441649707
a939df86b7ad8759,2023-06-08,1441649707
f11d9f8f6550740e,2023-09-09,1441649707
a35f25fd29461a6b,2023-07-15,1441649707
fec8bc8bb0bb6cc0,2023-08-19,1441649707
e49790aa584b5d7f,2023-09-16,1441649707
0cf372b47f0abda4,2023-07-27,1441649707
8d9cd396539bfd03,2023-11-21,1441649707
928967f55d4516fa,2023-11-04,1441649707
3b8a6277ef2772cb,2023-11-23,1441649707
19cda73e1ba2884b,2023-12-30,1441649707
bbf0e61538fec72b,2023-11-09,1441649707
b4adde11531d193c,2024-03-22,1441649707
757f82bba97db1c5,2024-03-07,1441649707
60b5bca4e2446922,2024-02-29,1441649707
b524646c5d85c9d7,2024-03-19,1441649707
312d3ced134da695,2024-06-18,1441649707
6aa193c68e25f7ee,2024-04-07,1441649707
5b1561af3ec57255,2024-04-30,1441649707
1c61696b7fb0dc9b,2024-05-25,1441649707
402157d67985ee7f,2024-04-17,1441649707
6ee00d640e365f4e,2024-08-24,1441649707
8d641b7bb25dfaa6,2024-08-05,1441649707
b19654ecfbd20d35,2024-09-10,1441649707
3701fa5b622b6831,2024-09-18,1441649707
7bf60be3ac0cb891,2024-09-20,1441649707
559857f0a8807d04,2024-07-29,1441649707
d12ba3ec1302fa6a,2024-11-19,1441649707
9768b747528dd0fa,2024-10-21,1441649707
4ade7bc5e0e96d45,2024-12-27,1441649707
6a43083e6bce51da,2024-10-19,1441649707
0f5e6330393f4491,2024-10-30,1441649707
689423ee10fabcb5,2024-10-29,1441649707
f3e9817d140022e5,2025-02-03,1441649707
f65b04f87dea13cf,2025-03-06,1441649707
9a679cb910afa653,2025-02-26,1441649707
7f35566fbb62dc9f,2025-02-03,1441649707
29a6109e2ea4b629,2025-01-14,1441649707
f14804a500f88a0d,2025-03-22,1441649707
35712633bc452fc9,2025-05-26,1441649707
8cb1b5021c479643,2025-04-23,1441649707
61252d0f1c25b0b6,2025-06-04,1441649707
fcd763f30c5998d5,2025-06-15,1441649707
97583a49cbb974f0,2025-05-12,1441649707
dd543a7c10baf838,2025-08-28,1441649707
8895739470a5450c,2025-07-23,1441649707
bb2d08e6baeeda0e,2025-07-28,1441649707
2b5ab72dd8fb4c93,2025-07-04,1441649707
c7caa3814595a1c2,2025-09-01,1441649707
b976d63c8886af44,2025-09-17,1441649707
3f1c8ceea3d7c500,2025-12-03,1441649707
2ad600c1770b8ea2,2025-12-16,1441649707
2152eb58ebd4a3a6,2025-11-01,1441649707
993dd2d84eec5dfb,2025-10-22,1441649707
c94c4f31455147a2,2025-12-24,1441649707
849a6fde40996ab3,2025-10-25,1441649707
f12114faba26a6a3,2026-03-04,1441649707
d9051c21cf65e187,2026-03-04,1441649707
9e29771a91bce961,2026-02-25,1441649707
e08cd67921b7913c,2026-01-13,1441649707
1cf355d2b5c6a96c,2026-03-18,1441649707
492490a3a1c46c03,2026-01-27,1441649707
f10a9a9e39f51de0,2026-06-07,1441649707
279e3d87016b4322,2026-05-18,1441649707
28c971c7a921421b,2026-04-22,1441649707
3ca6f41fe6af1d2a,2026-06-17,1441649707
1c24d954fa49426a,2026-05-03,1441649707
f72cb129bf3b3f26,2026-06-25,1441649707
404c947d3f917046,2026-07-07,1441649707
5c8eb75f6d08538e,2026-07-11,1441649707
9dbaa0c266aa9b5c,2026-07-06,1441649707
fd1fb71230aed4fc,2026-07-12,1441649707
c145f220d280c279,2026-07-04,1441649707
8f98cec4119fc1da,2024-09-25,1447684472
d716e2e6b98bbe0a,2024-09-13,1447684472
0b98f710ebbf2a34,2024-08-26,1447684472
a9a572225c506bbc,2024-08-05,1447684472
1aaef1e2ffe0db18,2024-09-06,1447684472
8a288565b044ea07,2024-08-27,1447684472
ceb8d38c83da3b80,2024-11-20,1447684472
14c24c4acc948e4b,2024-10-11,1447684472
eacd72979f9981f5,2024-11-06,1447684472
ea6e60f5940cffba,2024-10-30,1447684472
859b4a4e8075592e,2024-12-11,1447684472
77dd6b1591febdf6,2024-12-12,1447684472
879733429f07793e,2025-01-20,1447684472
e2ca3e44429e6932,2025-03-06,1447684472
2151fcc4a1e0597d,2025-01-23,1447684472
419b2849282995f3,2025-02-03,1447684472
ae0af611ba39f752,2025-02-05,1447684472
d5a21be4bd24657f,2025-06-12,1447684472
e42df31252912078,2025-04-25,1447684472
eb30f77fa3eece64,2025-04-24,1447684472
7b0b08a52df2bd99,2025-04-01,1447684472
222702718e77f972,2025-06-04,1447684472
2e5058b2076356d7,2025-05-13,1447684472
c9f74ab2e72afdf0,2025-09-15,1447684472
85db8fe4da17fc32,2025-09-04,1447684472
315be6630581f654,2025-08-22,1447684472
5897359e7ef79f60,2025-08-18,1447684472
ec7b2a985f6ea1b6,2025-09-29,1447684472
4e9d1e1ed80bfb54,2025-08-21,1447684472
77ae098607e8bcfe,2025-10-03,1447684472
f7d95e6a0dd244d9,2025-12-26,1447684472
e8472b91fd319691,2025-12-05,1447684472
267f1867a98d5894,2025-10-08,1447684472
9601e1edf9381b7c,2025-10-17,1447684472
42d2adda056a6cef,2025-11-20,1447684472
f2d976be79515b75,2026-03-03,1447684472
1cb5cb436204eea4,2026-03-31,1447684472
8e70490c8d400120,2026-03-12,1447684472
cea4265b5fd95aa3,2026-02-26,1447684472
8b0a79cc4777fbf3,2026-02-20,1447684472
b572801e6cda5944,2026-03-20,1447684472
e76be1ba61724d59,2026-04-09,1447684472
a378ac900f572119,2026-04-06,1447684472
a920cc716be4052a,2026-04-16,1447684472
ae4ed0550f98131e,2026-05-14,1447684472
1f373e7dd95e38b3,2026-06-12,1447684472
11b30cca2b8f939b,2026-04-08,1447684472
4cfd1eab334d2e51,2026-07-03,1447684472
bb861c9967a9ac03,2026-07-09,1447684472
e71fc10393fc1cf4,2026-07-07,1447684472
e0eb06eba84d6c60,2026-07-10,1447684472
d1635b262231ca78,2026-07-01,1447684472
e26917d4e3b30dd5,2019-01-30,1449848509
631350336d91cda2,2019-02-26,1449848509
7952dde56fb9c737,2019-02-13,1449848509
cff6da6bd31c2763,2019-03-26,1449848509
7c488ea520f7a388,2019-03-13,1449848509
84125bcdc34811b6,2019-06-05,1449848509
7338de7cad94609d,2019-05-21,1449848509
0eb9f4320a0ef16b,2019-06-13,1449848509
e910ce23d8b4498e,2019-04-03,1449848509
d9cba1086a4eea77,2019-04-23,1449848509
764d659b70365173,2019-06-26,1449848509
f319878c18284a2a,2019-09-11,1449848509
7d2cc44a2aaf102d,2019-08-14,1449848509
4be2ecf4aeaf847a,2019-07-10,1449848509
85e933a337f8e94b,2019-07-31,1449848509
49907bc09372b949,2019-09-04,1449848509
0912b26193d1c268,2019-11-22,1449848509
589ceaf33ef918e7,2019-10-23,1449848509
ee3226540e904a9c,2019-12-25,1449848509
4c4f9cc329189b08,2019-11-12,1449848509
f493a76bd01a5b60,2019-12-11,1449848509
d01d68effca6ad7e,2020-01-21,1449848509
7c1e15afbbf4e4b1,2020-03-03,1449848509
35ad88f72b9ac899,2020-01-07,1449848509
106df4e1a7ef31f9,2020-01-30,1449848509
dcf28da53f27ca17,2020-06-02,1449848509
c6eb428e673ba9cd,2020-04-03,1449848509
958aef00354b931d,2020-04-14,1449848509
99d997ee9609832d,2020-04-30,1449848509
9731b1f64034105d,2020-09-04,1449848509
22bae6fe82edf437,2020-09-18,1449848509
6d29ebe8a1115ae9,2020-09-10,1449848509
7ab968a96cf10217,2020-08-21,1449848509
39404e6c0fa81087,2020-10-23,1449848509
798b6168a7dcfd4f,2020-10-11,1449848509
cb950e2baf83d4b3,2020-11-19,1449848509
cf137b31457a22eb,2020-11-23,1449848509
b1805003c5be8783,2020-10-16,1449848509
f3a87440c9982445,2021-03-31,1449848509
58aafab5ff37af3d,2021-01-29,1449848509
8fa552093c0b94cd,2021-01-23,1449848509
7546924d7a7f8fdf,2021-02-01,1449848509
559cc8ec97f1b53d,2021-04-01,1449848509
567b56de43361a21,2021-06-21,1449848509
8f70a3adfd94f9b1,2021-05-03,1449848509
c989e5e23e3f198d,2021-06-12,1449848509
271aaa26afc161d4,2021-06-03,1449848509
d9649a05dcc49e9f,2021-09-25,1449848509
2758bc14cc3a7936,2021-08-17,1449848509
eb5fc81e87f466d5,2021-09-15,1449848509
a3e871aad749b9c9,2021-07-23,1449848509
01a8425bb15c34f6,2021-07-07,1449848509
2b9a3dbeb9cfa60e,2021-12-25,1449848509
47730777da7a083a,2021-12-06,1449848509
30ffb5dade3d57d9,2021-11-10,1449848509
37c56a3efad14241,2021-12-20,1449848509
f33951bb5fb4cee4,2021-10-07,1449848509
228ae97923e69249,2022-03-24,1449848509
7f0b05acb72adcfa,2022-02-10,1449848509
b1f8113d26817eca,2022-01-11,1449848509
bda6538124eb5bf2,2022-03-01,1449848509
a67a061e15aa386a,2022-06-11,1449848509
510defef0da6c1f0,2022-06-16,1449848509
379b9493632d49fd,2022-04-05,1449848509
3d7cc4a0e4c3ab6b,2022-06-23,1449848509
06491d2fcc6aabc3,2022-04-20,1449848509
2806244b8dbf82a8,2022-07-19,1449848509
7f0a0cbb63d6a6d8,2022-08-21,1449848509
1c2d7734ff9eb244,2022-09-30,1449848509
a03063363c687cc0,2022-09-29,1449848509
90d6e98b857ea71b,2022-12-13,1449848509
7b801a4e5fcd4fd1,2022-11-20,1449848509
f1f7b1d890649541,2022-12-14,1449848509
ad4fad01bd39c175,2023-02-10,1449848509
5afde7e1d41f5c41,2023-01-23,1449848509
3dd9918b2fca14c0,2023-01-13,1449848509
2f7b80b8ca926254,2023-02-27,1449848509
cd5836465946bc4e,2023-01-28,1449848509
d97a5b56f8f9955b,2023-04-28,1449848509
4faf4b7d830eb8b7,2023-06-16,1449848509
465fffbbafd0e1c5,2023-05-08,1449848509
68619f0fdba2de64,2023-05-25,1449848509
d815f071a73a63d1,2023-07-21,1449848509
d1b6b5d7d2933b85,2023-09-21,1449848509
1489938cd7100c5d,2023-07-29,1449848509
0b8b0ecd2652d453,2023-08-29,1449848509
f05d14b381dcb4d1,2023-08-21,1449848509
b95f269511fb0145,2023-10-04,1449848509
c6b774dac1ee2c11,2023-10-29,1449848509
f3ec8a0a986114ac,2024-01-31,1449848509
f71fd823c6c279a5,2024-02-16,1449848509
d64715f23a58c287,2024-03-04,1449848509
9c2d59a3b1384426,2024-02-21,1449848509
1903eed225513b34,2024-02-29,1449848509
d878d70ed961587c,2024-04-29,1449848509
deb66fb66f620266,2024-04-16,1449848509
ab98f3131deb9857,2024-04-24,1449848509
fc891e2f57b6cf60,2024-05-17,1449848509
73d65557d014741d,2024-09-21,1449848509
f432882b5960b90b,2024-07-07,1449848509
c80ceb9cb667a0b4,2024-09-11,1449848509
26363389cf400265,2024-07-17,1449848509
b3bd6e89dbc4511a,2024-11-03,1449848509
d09dde08ef36398f,2024-12-16,1449848509
a99021f21e70dd00,2024-11-21,1449848509
5b51c6b1fc6c0938,2024-11-23,1449848509
4aea51b4b8a41d57,2024-10-25,1449848509
ccdf18edd460f6c2,2024-10-18,1449848509
7c08786f250125b3,2025-01-30,1449848509
277554b1b1111be2,2025-03-12,1449848509
41deede61c892681,2025-03-23,1449848509
cccf220a606a391e,2025-03-22,1449848509
156d2107201f3223,2025-04-11,1449848509
a43a6f1642ed7766,2025-04-14,1449848509
23dc7be41b64d977,2025-05-20,1449848509
afb139e931cf140e,2025-05-28,1449848509
eac47fd2495db4b5,2025-09-13,1449848509
5e93247fc6f2c546,2025-09-15,1449848509
97c79b531fabbf0b,2025-07-26,1449848509
04c7864729e3e2f5,2025-09-29,1449848509
af8f0f5f599fa7c6,2025-07-08,1449848509
660646b2e923bd33,2025-08-13,1449848509
9af169d081b2d57a,2025-11-25,1449848509
48a2d2fcc893793b,2025-12-17,1449848509
d05f1d6ae0dcd642,2025-12-11,1449848509
6814bc6760fb7f33,2025-11-03,1449848509
c5d93518b73739d9,2025-11-23,1449848509
ec1d54fa9078f9c8,2025-10-21,1449848509
b45272741ebaf1ff,2026-03-03,1449848509
4dc303ebbf86b4a5,2026-02-06,1449848509
97b99b2ae287afb3,2026-02-16,1449848509
e3d942c17aeddde7,2026-02-24,1449848509
9529e0834dbe3fbd,2026-05-18,1449848509
afbbe0dc1aef4f04,2026-05-24,1449848509
d5db9abd432c2054,2026-04-27,1449848509
b58e66cb7e0aabc4,2026-07-10,1449848509
f77c7acc3f0d9b0e,2019-03-10,1452065072
67630ca75dd56b3e,2019-03-03,1452065072
933d7632a8636fe8,2019-03-17,1452065072
2390e6e2d69febd7,2019-02-13,1452065072
6994d98673981a65,2019-02-17,1452065072
2e86e05d0160044a,2019-02-24,1452065072
b5e584b65eb64286,2019-05-05,1452065072
f6e73e29b3fed551,2019-04-21,1452065072
cdeb34a7dd5a8a28,2019-04-07,1452065072
94d0fe2dd805464b,2019-04-14,1452065072
2e55092d60a728c8,2019-09-01,1452065072
7f38e2d79fce1944,2019-09-22,1452065072
c6d9ac0cee86ba64,2019-07-21,1452065072
e3e1e2a77bf1e878,2019-09-15,1452065072
353783be0b3e8865,2019-08-04,1452065072
ade5601513c3f6ef,2019-12-29,1452065072
7d7344601f416f85,2019-10-06,1452065072
657117a6c7398cc9,2019-11-24,1452065072
7a06d2cd2005a282,2019-11-03,1452065072
1d6747778631cc0c,2020-02-16,1452065072
7b6f869d5a4a1501,2020-03-01,1452065072
c3656785530b1fcb,2020-03-29,1452065072
0c1712f666541779,2020-01-12,1452065072
31ba6ffe9c55ff62,2020-06-26,1452065072
e99dced7f62a2ace,2020-04-04,1452065072
9ac956a61708e334,2020-06-13,1452065072
912ac36834cd5c6f,2020-04-26,1452065072
65754dc63819e466,2020-07-29,1452065072
405410ecbf42ce5a,2020-08-22,1452065072
47a54352d33eb08e,2020-08-09,1452065072
acc0a350f65d93c8,2020-07-26,1452065072
8cbb26b6b29cef0f,2020-11-19,1452065072
422df08f93344d0d,2020-11-22,1452065072
f1d11c79dc09762d,2020-10-30,1452065072
b1b23843dc466160,2020-10-11,1452065072
3823b3dd996c82de,2021-03-27,1452065072
50b353a0dc93b528,2021-02-28,1452065072
1861e170f0f4e69b,2021-02-14,1452065072
aa58fcc5a24b87ab,2021-03-31,1452065072
35394c7e31d71fd9,2021-03-03,1452065072
2f03d3497480d48d,2021-04-21,1452065072
fc261123b93e3874,2021-04-08,1452065072
9ef771cb75f058e7,2021-06-16,1452065072
bae3cfdd47c74591,2021-04-25,1452065072
88e4c3e6191d7414,2021-04-17,1452065072
b612d43bc869a40d,2021-07-28,1452065072
8436fffb781a7dc4,2021-09-29,1452065072
162f255b610b5d9f,2021-08-27,1452065072
72e4508a224b04f9,2021-08-01,1452065072
4a141fba3d326fc7,2021-09-03,1452065072
1902fe8da7f3d80d,2021-11-04,1452065072
833b7b2dcbf2fa13,2021-11-21,1452065072
b6d4c0a43c89dd1f,2021-10-21,1452065072
814e468b62e7e406,2021-10-23,1452065072
b29638b3a1183294,2022-03-11,1452065072
75e4a6b4d0c60e3c,2022-02-02,1452065072
6c2e8866f545ac13,2022-01-09,1452065072
3d68df86111b649b,2022-03-30,1452065072
e7a201ad773dbf84,2022-05-07,1452065072
bf599cc989b02027,2022-05-18,1452065072
af2e6df579f67dad,2022-05-27,1452065072
0ee4e693dc3c81e0,2022-04-17,1452065072
b4748491095f96f8,2022-09-04,1452065072
579f753862e41822,2022-09-21,1452065072
c6e12f167307102e,2022-08-07,1452065072
17651065ce59bf6c,2022-08-11,1452065072
f87051fbbf7274bc,2022-09-02,1452065072
24dcd280aedc9c0a,2022-10-26,1452065072
c7dbd4e8b860dd6c,2022-12-14,1452065072
cb02bd2d2291e025,2022-11-27,1452065072
dbbf4365712318a3,2022-11-30,1452065072
e08fa397978bc9c1,2022-12-26,1452065072
84e3bbb9f401a291,2023-01-01,1452065072
5479134fce5594b4,2023-01-14,1452065072
6e8670c610f6fbfa,2023-03-11,1452065072
47c8d49685e6b49e,2023-02-18,1452065072
4af4882b1fb26a54,2023-05-07,1452065072
10d85a9bcfba789f,2023-04-08,1452065072
90128acaaa21cc74,2023-04-02,1452065072
aa6bf053ca2f7890,2023-06-23,1452065072
17c53d1ab2a5af9f,2023-05-28,1452065072
67e4002e32d31f17,2023-08-09,1452065072
81dab93b2d636117,2023-09-17,1452065072
38a29ae18e671fae,2023-09-20,1452065072
2a0c96cfbf84cd24,2023-08-13,1452065072
4a0de86f709e86fa,2023-12-20,1452065072
55cb17659ebcee90,2023-12-31,1452065072
cfe61f5fbff0dbe2,2023-10-22,1452065072
ddc8e039e83fd039,2023-11-17,1452065072
c942bab5a3400596,2024-01-28,1452065072
a3657eb57f9cfb32,2024-01-06,1452065072
ec2ec1d4bb16cfee,2024-03-10,1452065072
3d8cf84afd98611c,2024-01-20,1452065072
a60f911899a97e8c,2024-03-17,1452065072
933fa4a4040842ec,2024-05-08,1452065072
0b886a72451ebaf9,2024-05-23,1452065072
3e9c21ca471a4103,2024-05-02,1452065072
c5d98a5293728549,2024-06-16,1452065072
a3972905dc270d1b,2024-06-22,1452065072
834b5fcb35527771,2024-07-25,1452065072
1e5d645345095d40,2024-09-29,1452065072
0085a6d1453212f4,2024-08-14,1452065072
104eca6b273a1e08,2024-09-27,1452065072
458bc23fa7bdc2b8,2024-08-25,1452065072
cda39a1db662a3f1,2024-09-08,1452065072
d94c4402f56ea53d,2024-11-13,1452065072
5802ee6b34b71441,2024-12-15,1452065072
778a2e998ae10120,2024-10-20,1452065072
dd5b098a141c4496,2024-10-12,1452065072
8f5bdb71e74b6a33,2024-11-23,1452065072
ac6d08fbb8d4921c,2024-10-10,1452065072
0f58f60f74a70293,2025-01-26,1452065072
5432d07bc171f876,2025-02-09,1452065072
8c500026dabdcd34,2025-01-05,1452065072
926bbb620addb9af,2025-01-17,1452065072
f0d41c09f16af87b,2025-01-12,1452065072
0b9148abd8ee540c,2025-02-07,1452065072
194504d7d80701fe,2025-06-07,1452065072
d6ecaea51021ab9a,2025-05-29,1452065072
02f85de8c37c2f16,2025-05-25,1452065072
16a1dd689c6a178b,2025-04-27,1452065072
aa61fdaaf21aacdb,2025-06-06,1452065072
cf3fb308e756d3a7,2025-05-24,1452065072
d0426e5e8f9efacf,2025-07-17,1452065072
065f08681ea008f5,2025-08-21,1452065072
459867516e33837d,2025-07-04,1452065072
93b7c483fa46e0b4,2025-09-07,1452065072
cbccb8a0de65a895,2025-07-19,1452065072
1d0b76b6b54503d2,2025-09-11,1452065072
584d449973eae23d,2025-10-29,1452065072
bd66b9a50d54caa4,2025-10-10,1452065072
add0732f4326676d,2025-11-23,1452065072
97ff8b694cb2765f,2025-11-27,1452065072
66eff63190e6a360,2025-11-15,1452065072
ed715e61c669efee,2026-01-02,1452065072
9e1b01793b60c0b0,2026-02-07,1452065072
85abdbe61b0149a5,2026-03-22,1452065072
e5d7b08bc0f3466d,2026-02-20,1452065072
7c4a3559218c6500,2026-03-11,1452065072
97f2a66a1cba4988,2026-01-29,1452065072
7e99f1ea5776aa65,2026-06-07,1452065072
4db7440812c8d63b,2026-06-27,1452065072
fe47fc6826c79360,2026-06-21,1452065072
4f81df9c578ba560,2026-06-23,1452065072
a666c36c0b2f7752,2026-04-25,1452065072
f111da1e36e1542d,2026-04-19,1452065072
0f6263e4254fd68a,2026-07-09,1452065072
cab95cacbb6f0b71,2026-07-01,1452065072
3449624b5d96cc05,2026-07-12,1452065072
07ef8fb21e9bb514,2026-07-02,1452065072
2924631f0609fb9f,2026-07-11,1452065072
5644637b94f5c947,2019-03-14,1456045551
8bcf9e96d5857adb,2019-03-13,1456045551
36eb9eda917023c2,2019-03-28,1456045551
9042dc72db0f4475,2019-03-23,1456045551
52a1a0138d7230e1,2019-03-18,1456045551
10e171663b21c033,2019-04-01,1456045551
1b2e57ab49096c2b,2019-04-25,1456045551
3e0e15b4d8fcf25f,2019-04-26,1456045551
3a30473325121d0f,2019-06-28,1456045551
cf303b5f40e9848f,2019-05-14,1456045551
45e62b4150c11c20,2019-07-19,1456045551
ac411327726bbc97,2019-09-03,1456045551
e2e19ac04fab32d1,2019-09-23,1456045551
5213936104319631,2019-07-26,1456045551
1fc011b774c9938d,2019-08-19,1456045551
b7078d99a048143b,2019-09-14,1456045551
309b9ac7bc81f3d0,2019-11-21,1456045551
07348e51765b157f,2019-11-13,1456045551
2257c23f8b26bdec,2019-11-04,1456045551
f79f2c754294fd8b,2019-10-22,1456045551
9faf6a343e4bfdff,2020-01-27,1456045551
fd800b7b2f9782f4,2020-02-06,1456045551
7d1087bd8ce8ec22,2020-02-17,1456045551
32b12e53f8732277,2020-03-23,1456045551
3c1c49c19304c29c,2020-02-10,1456045551
32fcbbdba367e90e,2020-05-13,1456045551
23cc7b1b97ba65a6,2020-04-16,1456045551
b6939818afa6950c,2020-04-27,1456045551
3689e1c56eacda0e,2020-05-18,1456045551
41e2b508de4e1714,2020-04-13,1456045551
742315735c933763,2020-08-31,1456045551
9a5479c8f5545916,2020-09-20,1456045551
67c61bb19c0ec44b,2020-07-27,1456045551
7988e989b90a6a3a,2020-08-03,1456045551
8f50ab54f79985ef,2020-07-03,1456045551
07f22cb6e3f664af,2020-10-26,1456045551
f091e8e1525b5c13,2020-11-05,1456045551
084dfb162395985d,2020-10-15,1456045551
2b6cc8044b9488d6,2020-11-09,1456045551
f49555f866553730,2020-12-07,1456045551
51de307765add243,2021-02-22,1456045551
866f0114116dcbb5,2021-01-11,1456045551
1d76f6c55a0791ea,2021-01-07,1456045551
eedff7fe243f8cb6,2021-01-06,1456045551
7d35e201b4910f8b,2021-04-19,1456045551
9af4e1bf16404493,2021-06-14,1456045551
00e076232281928e,2021-04-05,1456045551
7ffb174a719fb508,2021-07-05,1456045551
a72df17af7f88f2c,2021-08-23,1456045551
467a88bf749727a0,2021-08-02,1456045551
a282e92638e69795,2021-09-06,1456045551
de0ef6c91d504dfb,2021-11-01,1456045551
66d249f5b6c32a1c,2021-10-11,1456045551
66b5a0173ded0765,2021-11-05,1456045551
406be831ce3ed276,2021-10-25,1456045551
6da661cd21586953,2021-12-20,1456045551
417188b7d938aaa6,2022-01-03,1456045551
550e1ce147d14aeb,2022-03-11,1456045551
5c79e2dd82734191,2022-03-07,1456045551
6fa8c56bdb425617,2022-01-31,1456045551
b1418670cdf71bd8,2022-03-14,1456045551
695b89b5c3779b7e,2022-05-30,1456045551
c4449516f91969f8,2022-04-04,1456045551
50c9ad5c44120e05,2022-04-18,1456045551
e6c8d0cff6bf1900,2022-05-09,1456045551
111b850342f43952,2022-08-08,1456045551
d8f7b0c96543cf5b,2022-07-25,1456045551
056f09bc92e6270a,2022-08-22,1456045551
20b64c69ea1af471,2022-09-19,1456045551
b786ec0569305dfd,2022-08-15,1456045551
f9c95a150c11aae5,2022-11-14,1456045551
752336c3436409ba,2022-12-12,1456045551
6de6b572033834f9,2022-10-17,1456045551
035cc8d2fbe8c599,2022-12-26,1456045551
cdbdb1072609e4a6,2022-11-21,1456045551
9bdca5329c471f18,2023-03-06,1456045551
2fb9cc030a501ac8,2023-02-11,1456045551
841242f6a1bc8c5d,2023-02-20,1456045551
9fdb699851c74180,2023-01-16,1456045551
39bdc95eedb2c846,2023-05-22,1456045551
8af1aaa42ebbc881,2023-05-01,1456045551
86c16f86911033b8,2023-06-26,1456045551
4f91958e39bdd246,2023-04-03,1456045551
57df8cb22adfa4dc,2023-08-03,1456045551
22333efd71bae68c,2023-08-14,1456045551
2b59a2cae14f95a8,2023-08-16,1456045551
f5a009d44c8f415b,2023-09-11,1456045551
0218b54ad42e0917,2023-11-20,1456045551
b374c467fcf0dd40,2023-12-11,1456045551
eeb07ef80ace1c69,2023-12-04,1456045551
5e251992d139634b,2023-10-30,1456045551
21fb353545d7fae1,2023-10-23,1456045551
67e53ba88b748e8a,2024-02-12,1456045551
04b5aacef1988a33,2024-03-11,1456045551
b4bbf091c225e478,2024-03-18,1456045551
83469fd75fc9d1f4,2024-01-08,1456045551
dfc8db27fef7244c,2024-06-10,1456045551
7933030a31403774,2024-06-06,1456045551
e95ce5619f271f26,2024-06-03,1456045551
5b7034e383f62ce3,2024-05-20,1456045551
13888afe21632c03,2024-05-27,1456045551
648ce6323160235d,2024-08-19,1456045551
bf0e2ef842a5057a,2024-09-16,1456045551
1e6f23063d64e392,2024-09-26,1456045551
c495ed6f279baeff,2024-07-01,1456045551
aff4b14756a5acfc,2024-09-02,1456045551
0f210c680381b8e3,2024-09-19,1456045551
1151e414cababe2f,2024-12-23,1456045551
77ca94cd9b2d6e8d,2024-11-26,1456045551
5ede16c5bbbf2d83,2024-10-14,1456045551
dba424ac3794b15c,2024-10-28,1456045551
81b80f208c9b527a,2024-10-31,1456045551
d4e5624303c7d367,2024-12-30,1456045551
639d015649f5efcc,2025-01-06,1456045551
5fcc00bd29f4c51b,2025-02-24,1456045551
3cd75dba3715e19f,2025-03-03,1456045551
8295177734a23aab,2025-01-09,1456045551
d3fe24d274d7a480,2025-03-10,1456045551
5f079bda0cecedeb,2025-06-23,1456045551
935414ed4b307f0c,2025-04-21,1456045551
6e075144d3fae439,2025-06-30,1456045551
51d32e4c23d0f233,2025-04-24,1456045551
0becf8e7ba3d8a61,2025-05-05,1456045551
a1c434357f4b3aaf,2025-06-26,1456045551
5ac616d5e5face81,2025-09-15,1456045551
c16c654074d5b9b3,2025-08-28,1456045551
48199ebd7cc75c3e,2025-08-25,1456045551
7548a4f18c8a7020,2025-09-22,1456045551
3f27179dc1b60fef,2025-09-01,1456045551
4f14d509700fcb77,2025-08-21,1456045551
b6510e3b68eee8eb,2025-11-17,1456045551
7351f778270ef685,2025-11-06,1456045551
6636ee536f537a36,2025-10-27,1456045551
8718f29a5db7b66d,2025-10-09,1456045551
ce01cba52d51269f,2025-12-04,1456045551
330edb8cada3f65f,2025-10-23,1456045551
40835501fc19a1d2,2026-01-06,1456045551
cc0d2e2bdeb795dc,2026-02-12,1456045551
ca6d3cf88c1818a3,2026-03-26,1456045551
0f72f44e43f475c9,2026-02-26,1456045551
37f2e3dcf13e2545,2026-03-12,1456045551
25ee54f02fa2a69b,2026-04-30,1456045551
ddf05de6dc2e1bb5,2026-06-04,1456045551
d8d961bf2f4507aa,2026-04-16,1456045551
8981c8e27033444b,2026-06-11,1456045551
7c11053fd3b476e4,2026-06-18,1456045551
19afb3e7134ba866,2026-06-29,1456045551
26bfc36b9438e673,2026-07-13,1456045551
c42d7356612f0c75,2026-07-09,1456045551
617032890032ad3f,2026-07-06,1456045551
52d6c56d1f32202e,2026-07-02,1456045551
d875e1e8e3ccc6c8,2019-03-19,1456850698
f6d9fa5cdfdb7421,2019-03-25,1456850698
d71cb581cb48793b,2019-04-08,1456850698
c44aff9df32b272b,2019-06-24,1456850698
86e720be1c740f44,2019-06-17,1456850698
efa2da010416cf16,2019-06-03,1456850698
25ac43bc874d7d66,2019-04-29,1456850698
adc9062117389b52,2019-09-04,1456850698
32d6042f078856b4,2019-09-11,1456850698
13efc31f9c020ac2,2019-09-23,1456850698
f43eaf36e04ba40c,2019-08-26,1456850698
1144ad6c0dc5e431,2019-08-12,1456850698
9f50136710dcd129,2019-10-21,1456850698
5849f6cd7762f6e1,2019-12-18,1456850698
bc80195ea4f3ab08,2019-12-04,1456850698
1380d29441a14d6f,2019-12-09,1456850698
bacb608b8adbc67f,2020-02-26,1456850698
037c00b42a4709f3,2020-02-17,1456850698
5f5d8fd9f2e46818,2020-03-04,1456850698
354974b9a16a12e0,2020-02-05,1456850698
c8eaf8a571d8c5c4,2020-02-03,1456850698
3b29446026b4dc86,2020-04-01,1456850698
bf1daca5ae0ca941,2020-06-01,1456850698
c3bcfdc6b73de0e6,2020-04-29,1456850698
9c8b79a7993f3f17,2020-06-10,1456850698
8e1ba704fe4a63b1,2020-04-20,1456850698
dff0616d3c7d941f,2020-08-10,1456850698
66070bf37b0e38a9,2020-09-08,1456850698
d56fb1f710d71667,2020-07-13,1456850698
855bdc10f4965510,2020-09-16,1456850698
c23f099b8ae21029,2020-08-31,1456850698
bdc9784fafa1cdb4,2020-11-30,1456850698
026f34cd795e63da,2020-12-07,1456850698
cbc191c117ffad8f,2020-10-20,1456850698
d62ab9b1e72536f0,2020-12-04,1456850698
8c66016b13b46ac5,2020-12-23,1456850698
1193afb343281ffe,2021-01-18,1456850698
5fdd2c2c9354e36f,2021-03-24,1456850698
9c7935465354435f,2021-02-10,1456850698
c7f6ecc6af5abf69,2021-03-10,1456850698
b03b67b48f3ac41f,2021-06-21,1456850698
e072d1f52834faca,2021-04-29,1456850698
afbc6ad095914ed3,2021-05-10,1456850698
3dbfad78678c0179,2021-04-19,1456850698
2cf80fe1e024f801,2021-04-21,1456850698
c92e2422adbbe58d,2021-09-14,1456850698
ac1708c2083b8f54,2021-08-18,1456850698
61e6ce74eae6ee8a,2021-07-02,1456850698
1d8df4df8f0ec93e,2021-07-14,1456850698
cf53a36bcc8f9ace,2021-09-29,1456850698
07683a6bd72d1c45,2021-11-30,1456850698
42b43cf4ac97e075,2021-11-01,1456850698
df3fdce865ef42ab,2021-11-30,1456850698
853b63d1967fffd9,2021-10-27,1456850698
a9f8f290c8fbd720,2022-01-18,1456850698
46e6e2eaa31a0b56,2022-01-12,1456850698
cfc579cdcb48795f,2022-03-14,1456850698
f011fad0152692b4,2022-02-18,1456850698
3a966c5a9034c035,2022-06-24,1456850698
bed4371101e2d3f5,2022-06-02,1456850698
a3556d517e5cb20a,2022-05-30,1456850698
ee339682e9f12771,2022-05-27,1456850698
3ff07cc8afda9b31,2022-06-14,1456850698
36007c0b27f73e76,2022-09-21,1456850698
f955948ea46271fc,2022-07-05,1456850698
ba5f9ff0cde5699e,2022-07-20,1456850698
8f5feec716e3ef16,2022-09-22,1456850698
fdc2f2ce998fd86c,2022-07-29,1456850698
b4c773bee3eec5a0,2022-10-19,1456850698
c5a95ed54b2145b7,2022-12-07,1456850698
1a0acc6699be0b30,2022-11-07,1456850698
f54a48031098534f,2022-12-30,1456850698
de31c7f4073484a3,2023-02-22,1456850698
3a04fb498c90aeab,2023-01-31,1456850698
d205db5cda4fb734,2023-01-27,1456850698
9d3ffcb23b6e62cb,2023-02-13,1456850698
2c7a94c832f7032b,2023-03-03,1456850698
33f6fa7296784fa3,2023-06-24,1456850698
bf55a939a7ec3442,2023-04-18,1456850698
42911a29036b6433,2023-05-19,1456850698
206fbf13b9aa10bc,2023-04-10,1456850698
35ab3933e58129fa,2023-05-31,1456850698
6f982899cce10ded,2023-09-07,1456850698
dbaf1b75e0c8e5e6,2023-08-24,1456850698
7289895f5356af13,2023-08-30,1456850698
05e7c9e02bd60e3b,2023-08-02,1456850698
00e478e3259d4d37,2023-11-30,1456850698
aae31d5d18f4ba89,2023-12-29,1456850698
417f234cd83db8b1,2023-10-11,1456850698
c1b4826d408db325,2023-12-19,1456850698
969c8b918b08b3b8,2023-10-18,1456850698
a0a4da552f334b60,2024-01-23,1456850698
9816742c3a412d96,2024-01-30,1456850698
e1f560c2367cc626,2024-03-11,1456850698
307f438e610967c7,2024-01-25,1456850698
df33aabc296fd421,2024-04-29,1456850698
c450cd4391bd653f,2024-04-30,1456850698
3acf9c973f637404,2024-05-28,1456850698
2bab9575ac74a521,2024-06-03,1456850698
6adbbb4640ab690c,2024-05-29,1456850698
cac690dc3dce1f43,2024-09-09,1456850698
05b8d7528b3ef945,2024-07-19,1456850698
7962f2cf6fedd9f5,2024-07-29,1456850698
c14614bfeea9dd09,2024-08-13,1456850698
8acb6d9a827363d6,2024-11-15,1456850698
4bf3fa584c877634,2024-11-07,1456850698
cbf2895a2d512287,2024-10-07,1456850698
a77c743e6bb4a3e4,2024-11-19,1456850698
0fa161aebe7aee94,2024-11-18,1456850698
802f02d2ca192fa7,2025-03-10,1456850698
79684547864fa08d,2025-02-24,1456850698
77f5d6317b831dc4,2025-02-17,1456850698
db24464eced7df36,2025-02-07,1456850698
b3152827d3b068de,2025-03-05,1456850698
cdb188a1d99e12de,2025-02-12,1456850698
da21c7567e124015,2025-06-04,1456850698
ea12045a09f994e6,2025-04-07,1456850698
336d953150b7c4a2,2025-06-02,1456850698
9a2097df8a71a7d1,2025-06-03,1456850698
6b3a93ce55e0388b,2025-04-14,1456850698
97062e1c1d310d9b,2025-04-09,1456850698
3714bc8a03944702,2025-07-24,1456850698
df8114c687a9b51d,2025-08-08,1456850698
f832c9499efc4a3c,2025-07-08,1456850698
23ba95e936d27541,2025-09-11,1456850698
e5d37021a2b117fa,2025-07-02,1456850698
2fae1bcd44eef473,2025-08-28,1456850698
2068770a20db310d,2025-11-25,1456850698
b3b255cc57c79b89,2025-10-17,1456850698
082e1c8319f37c1a,2025-10-01,1456850698
0b8fee853e25d4b1,2025-12-05,1456850698
fb446bc2a0d9612d,2025-12-03,1456850698
b851ef3da5404bd6,2025-10-09,1456850698
8a46324a5f74f11d,2026-03-16,1456850698
de91cda41ecf0724,2026-02-09,1456850698
eebf901c6c472624,2026-03-17,1456850698
09b7a690b94fad37,2026-02-17,1456850698
6ed5c2b1e4ea0a1c,2026-02-05,1456850698
ad58dce0981b1713,2026-01-14,1456850698
2f39075fdbb9f71c,2026-06-12,1456850698
94fd9f3580f4f3e3,2026-06-18,1456850698
6fcd0681a5117d2c,2026-06-26,1456850698
59ad77a9de593d53,2026-06-29,1456850698
eef79606d0c63e5d,2026-04-22,1456850698
43c2121e3c8f0d1c,2026-04-16,1456850698
3bf72f98ecddb40d,2026-07-13,1456850698
367d737d07933260,2026-07-06,1456850698
ab195292838d34d4,2026-07-09,1456850698
5a70b186ad33c1ab,2026-07-02,1456850698
4a79eba7b62832c2,2026-07-03,1456850698
00fb1ab59d7adc33,2019-05-01,1462195742
9907dd1b26b42916,2019-06-25,1462195742
4bff142a2db0f41b,2019-05-21,1462195742
f09221c62e8d164c,2019-05-28,1462195742
e966581b9949cc0e,2019-06-04,1462195742
1f17b27267f43333,2019-09-03,1462195742
6ca6afa890399f12,2019-09-10,1462195742
a722de6b6293e329,2019-08-06,1462195742
9fce8b3ebc1836b7,2019-08-13,1462195742
95e8c082cf6e94f0,2019-07-30,1462195742
ab28fe5bc9f4d937,2019-09-24,1462195742
6df9239de3a11fe9,2019-11-10,1462195742
dfcfd11bb5be864a,2019-11-03,1462195742
03a307eb585ab6e8,2019-12-15,1462195742
352d345a030323fd,2019-10-27,1462195742
5a2cf496cd9c6489,2019-12-29,1462195742
439319e0a8b28db7,2020-01-19,1462195742
6b53f87187158bd7,2020-03-29,1462195742
ab4975fed607c8e6,2020-03-22,1462195742
4fc0320143ee8f5a,2020-03-08,1462195742
92be94f6b7c6979c,2020-02-02,1462195742
846b4ba05188aebd,2020-06-28,1462195742
3c19d2742ee5797a,2020-05-27,1462195742
4cf339e2c2c935a0,2020-04-12,1462195742
8ec8800169863469,2020-05-03,1462195742
6bc3a2064bdd3b6f,2020-08-09,1462195742
d8d97268c33bb494,2020-08-02,1462195742
db216a43672cd368,2020-09-20,1462195742
7c29dd0ebfad86c5,2020-07-12,1462195742
dd6af9b09a922f44,2020-11-08,1462195742
ab302dc37534935b,2020-10-04,1462195742
0b5aa0f9db4a847e,2020-11-01,1462195742
b3ec175e66d78205,2020-12-20,1462195742
230740fae2014295,2021-03-14,1462195742
e9d5fdbf475d3228,2021-01-03,1462195742
31f4b6ca206178ab,2021-02-17,1462195742
637464ddfcbfdbdc,2021-01-24,1462195742
59a1922cdca1faf5,2021-02-09,1462195742
cc3a663dc8c4782e,2021-05-23,1462195742
58036909622eb858,2021-06-13,1462195742
4d2b6ea30d73a836,2021-06-20,1462195742
8c212968f4b001d1,2021-04-20,1462195742
4166659546c319bc,2021-08-29,1462195742
2e8d71b4bb42a51b,2021-09-19,1462195742
bca198783529956d,2021-07-25,1462195742
6fa20c326f3edce8,2021-08-22,1462195742
e4e037f0419d5cb2,2021-07-11,1462195742
d6796214f5c32ecc,2021-11-07,1462195742
17b49b4dbf29a0af,2021-10-24,1462195742
097bcef93c17ce1b,2021-10-03,1462195742
57c17822ca66596e,2021-10-31,1462195742
accb74c210092b70,2021-11-28,1462195742
c667c74775bf75c2,2022-02-06,1462195742
5f42845303ca8547,2022-02-13,1462195742
29a801cc428685b6,2022-01-02,1462195742
cb19291aff79039c,2022-02-20,1462195742
a9ba6877f76c9595,2022-03-27,1462195742
50e6ed85d86e9111,2022-05-08,1462195742
9465771d885bf0bf,2022-04-24,1462195742
c4b1703abc87e2d8,2022-05-15,1462195742
f8be976fcdc8924e,2022-04-17,1462195742
a55444c7123ab10d,2022-09-04,1462195742
9a6a051f96e1f7bb,2022-07-10,1462195742
7f6d668fe84fe69b,2022-08-21,1462195742
ebd557ac4019e275,2022-07-24,1462195742
528fef9462359d39,2022-10-09,1462195742
f054c827a3640a65,2022-11-06,1462195742
53e1e38e76bbcbd0,2022-12-25,1462195742
1c157f2f67df97a7,2022-11-27,1462195742
e6057c578add1a7d,2023-02-05,1462195742
4ea9a95de8906c66,2023-02-12,1462195742
69d35cdb9d3215da,2023-01-29,1462195742
21be1062eb3c01a7,2023-04-30,1462195742
a5509ce5490bfca3,2023-05-07,1462195742
86e04377a2478134,2023-04-16,1462195742
b4e167d39ab8c8ee,2023-06-25,1462195742
347f7a2a814bc9a0,2023-04-23,1462195742
383ece5d477db739,2023-08-13,1462195742
b44ade0fccaace6a,2023-09-10,1462195742
a0ec80ded7ddaf41,2023-08-20,1462195742
0a8edae2fda9c710,2023-07-23,1462195742
ed153bab60188372,2023-07-09,1462195742
9c967821019468ed,2023-12-06,1462195742
53413171d68e6cc1,2023-11-05,1462195742
8360e5c79c7ef493,2023-12-17,1462195742
78506c9c19734979,2023-10-29,1462195742
17878e8386c87300,2023-10-01,1462195742
0032ac9e2687a19d,2024-02-25,1462195742
0d8048a64bd54927,2024-03-17,1462195742
2bd9d1e035147ef3,2024-02-04,1462195742
e512f587b0e8f2fc,2024-01-21,1462195742
57b35d309d9da694,2024-01-28,1462195742
df7a375e38c56678,2024-05-26,1462195742
6e49983b37d57049,2024-06-02,1462195742
34546fdaab4fb863,2024-05-05,1462195742
bcd579ec9e6b4408,2024-06-23,1462195742
d94afdabef41de1e,2024-07-21,1462195742
3066ed6bfc97fe59,2024-07-28,1462195742
3d32f053869b0e32,2024-09-15,1462195742
21f62a1fee6d6e1d,2024-08-11,1462195742
d2731f0b704ee797,2024-10-13,1462195742
64833726f5a5024b,2024-11-17,1462195742
633e1351e8853972,2024-12-22,1462195742
1fa72196a7a3b3f0,2024-10-06,1462195742
502e5279c518208f,2024-10-27,1462195742
26ac4121083c6427,2025-02-09,1462195742
c99487bb4c2a6c86,2025-02-16,1462195742
d04a3d64369c5bd3,2025-01-19,1462195742
d9db6a67fd413f4d,2025-03-30,1462195742
d564fa229a94ad8d,2025-02-02,1462195742
652dae3e1370cefd,2025-03-16,1462195742
5faf72cddade1e31,2025-04-13,1462195742
66fe8857fca17fc8,2025-04-06,1462195742
f09d6dad9c50c3dc,2025-06-08,1462195742
4827386cd775f656,2025-05-11,1462195742
ae76d83ee258530c,2025-06-01,1462195742
d05cc65fc3eb998d,2025-04-27,1462195742
f7792bae1a3471f3,2025-09-23,1462195742
ddccb81a3b2813d5,2025-07-06,1462195742
7dc0a5250077fd9c,2025-07-13,1462195742
00bbe879970fd85c,2025-07-27,1462195742
03986589ffa9d9bb,2025-08-17,1462195742
874c77f5a1391ba4,2025-09-21,1462195742
aaa888e2a05cc237,2025-10-05,1462195742
1278536303664312,2025-12-14,1462195742
fc2fd5283b23da1a,2025-10-19,1462195742
17b48ba8fba72f39,2025-10-12,1462195742
a07a35f27bfa16a8,2025-11-02,1462195742
e0d2e66be3539868,2025-11-23,1462195742
3188a307faf6a4c6,2026-01-25,1462195742
60ceeb08f644fbbd,2026-01-11,1462195742
8fbdce4ff3926d89,2026-03-29,1462195742
04d8d8ff9e2e8df6,2026-01-04,1462195742
8efe4bbe9a911159,2026-03-22,1462195742
28836d7e830486e3,2026-02-22,1462195742
960a66813648354f,2026-05-17,1462195742
1054a42d5528f66d,2026-06-28,1462195742
977fbd813f17758e,2026-05-31,1462195742
8f3f888792f024dd,2026-06-14,1462195742
07653ea6a8ddff48,2026-04-26,1462195742
3c5a2fda74ba4556,2026-06-07,1462195742
6635e50309d1c1b7,2019-05-16,1462703434
ad57a74e46a33860,2019-06-26,1462703434
3e5a4005e626322b,2019-06-12,1462703434
3f7f6764abaa9db2,2019-05-07,1462703434
3a9f0b54abee6334,2019-08-15,1462703434
8ec5dfb2c665da94,2019-09-09,1462703434
bedecbcaf0d1551b,2019-07-12,1462703434
2fa7b9bf93083e9a,2019-07-30,1462703434
706f21eb8cc010d9,2019-10-07,1462703434
0032d2f6b2d2cad7,2019-11-11,1462703434
9a16fa1d0ab0a4f2,2019-10-23,1462703434
68da80ea1bffc65c,2019-10-29,1462703434
35f78d9d14845f95,2019-11-28,1462703434
7ff47cb7211ba798,2020-03-15,1462703434
04cfb2b8da825cfb,2020-02-05,1462703434
dfaa1e9bc73d453e,2020-01-15,1462703434
2d69595c70cb1e2d,2020-04-18,1462703434
c0f4e235241df758,2020-05-04,1462703434
15bf22a8b8846532,2020-05-14,1462703434
839f892340c71fea,2020-08-09,1462703434
190ebe4ec73757fb,2020-09-14,1462703434
88e6ffa39b9add38,2020-07-08,1462703434
ee157949f1a06fe6,2020-11-28,1462703434
5a3a842986596c0c,2020-10-12,1462703434
857e7deb7822997c,2020-10-21,1462703434
5479cd991d7f7881,2020-12-26,1462703434
afbebc89d05ccd3c,2020-11-14,1462703434
19b1773a20d87279,2021-03-09,1462703434
66c093fa69439cdb,2021-02-27,1462703434
695ae631be605fa8,2021-03-30,1462703434
18af3079d4737c28,2021-01-07,1462703434
635816007b9d7c6a,2021-03-21,1462703434
c35285a8e4d026d4,2021-06-30,1462703434
b0b202a0affce204,2021-04-30,1462703434
effcdf80467c8e0f,2021-06-14,1462703434
1cc48e1994284374,2021-04-23,1462703434
463213f6482fba14,2021-05-29,1462703434
eaed345a384e064b,2021-09-25,1462703434
4fa48d4516356384,2021-09-30,1462703434
e6b957b0bb45ef4c,2021-07-28,1462703434
359946794ea17b9d,2021-07-31,1462703434
49464c718f84b09f,2021-12-22,1462703434
9f6cd018d8521ece,2021-11-25,1462703434
a8946ae86674a8a2,2021-10-25,1462703434
fc0bb78b1316f98d,2021-10-29,1462703434
5d7666984822f671,2022-01-28,1462703434
e2a02479b749b45d,2022-03-07,1462703434
9125791223f7ef07,2022-01-13,1462703434
4a52701aa73d40e8,2022-01-04,1462703434
386128346e5bed92,2022-04-30,1462703434
30af738ec70e5b61,2022-05-25,1462703434
ba8340f652389650,2022-04-22,1462703434
28323fa39d5a2a66,2022-05-21,1462703434
cd8c3a4d7e413ad4,2022-06-30,1462703434
140980171691b5f3,2022-07-17,1462703434
f4d0be9a53d56f07,2022-07-30,1462703434
2ea128c53f71443a,2022-08-18,1462703434
c093e848d983c0b4,2022-09-12,1462703434
e1fb6018e02acce2,2022-08-31,1462703434
5593c9a9c547faab,2022-11-06,1462703434
f5469d35e245f222,2022-12-26,1462703434
3c52916540e50a97,2022-11-11,1462703434
dabe6542ec43cc10,2022-10-06,1462703434
1549f3ddfe609616,2022-11-10,1462703434
65481b20da0aba38,2023-01-08,1462703434
bfd9f43ab87a90d9,2023-01-31,1462703434
ea432ab9299c461a,2023-01-18,1462703434
f3f5921bbe41de9d,2023-06-17,1462703434
bc21ef068ff44e9a,2023-06-05,1462703434
aec194eb6f905998,2023-04-10,1462703434
945538d3216adf43,2023-05-18,1462703434
0c8e4f84661a6377,2023-07-17,1462703434
846ebbe10799380c,2023-08-21,1462703434
42a1e8c927a6b1ae,2023-07-06,1462703434
d63d0e19fbacc064,2023-09-26,1462703434
d9070b5c2b2b2faa,2023-09-30,1462703434
48aeb4fe27ad3d5f,2023-11-22,1462703434
926997e7092a981e,2023-10-13,1462703434
e52273bc47baf78f,2023-11-17,1462703434
7763e7b47ce470c7,2023-12-19,1462703434
9c8941ec2879397d,2024-02-26,1462703434
0a125272bdaa14bb,2024-01-17,1462703434
3bbfd4bf790a64f4,2024-03-19,1462703434
ab6960a791c2a5eb,2024-03-04,1462703434
61abf076896e8452,2024-01-30,1462703434
17d09a18e2ecd81e,2024-04-09,1462703434
d45a9723c6633033,2024-06-30,1462703434
f129cad0e137d1f5,2024-05-26,1462703434
4db7720e9664dd26,2024-06-24,1462703434
9be0150321a66bc3,2024-07-05,1462703434
be21aece7e5daa51,2024-09-06,1462703434
39dcf79886c62d9e,2024-07-12,1462703434
51a55552579e4652,2024-07-23,1462703434
9c39951ef39569c8,2024-08-10,1462703434
591da3494e3146b8,2024-07-19,1462703434
8502001957bd8f2f,2024-11-01,1462703434
1b71ba9ad8b93493,2024-11-08,1462703434
4e58e0bb32178ad7,2024-10-18,1462703434
ff0ed2b8bc38ebf0,2024-10-29,1462703434
e73b9d7eb1c88a15,2024-11-21,1462703434
dbb63d2dd1ea2021,2024-12-27,1462703434
a04b7513564361bb,2025-03-17,1462703434
7ecfc0d7ecafaee3,2025-02-08,1462703434
c60160b73db3d625,2025-01-10,1462703434
60b921d55fdca77e,2025-02-03,1462703434
fe9aaab0180ff3c7,2025-03-25,1462703434
f99c913933a4e600,2025-02-18,1462703434
1e0b6a90c7d523e3,2025-05-02,1462703434
767de80b855afc37,2025-06-02,1462703434
3c16f6f134ad389b,2025-04-25,1462703434
9c74e75dc529c849,2025-05-22,1462703434
94faec509cf40aa4,2025-05-15,1462703434
861d3d447d2f776f,2025-08-18,1462703434
bd183f485d22680c,2025-07-18,1462703434
5484b3f784ad1e0c,2025-07-11,1462703434
574912ce08a8aa86,2025-08-04,1462703434
3e50a2c74cbc302c,2025-09-29,1462703434
f146982777ea07c0,2025-09-12,1462703434
172c0d5ba0f46bcb,2025-10-06,1462703434
ed3e59d3fa81ff17,2025-10-15,1462703434
8e30e1ec7ba4ed87,2025-11-17,1462703434
d86becc04b630599,2025-12-22,1462703434
ccd1d3b54458db6c,2025-11-24,1462703434
743c126463edd7c9,2025-11-03,1462703434
a76cc71dd1a78012,2026-02-09,1462703434
689ab944da362a9d,2026-01-12,1462703434
808d956c932eee9d,2026-02-27,1462703434
5b7300b5634d3365,2026-01-26,1462703434
25ca1069433d62a0,2026-03-16,1462703434
3fed2b2ba16cfb30,2026-03-23,1462703434
f0180dcd111d3e03,2026-04-10,1462703434
2bdc4b6e0061edc4,2026-05-26,1462703434
03c90bca026c4b6f,2026-06-22,1462703434
5c4573b68cf759bf,2026-05-18,1462703434
8a2bf615810353f0,2026-05-11,1462703434
af8993a67696f16f,2026-07-06,1462703434
8d2fb5f1c7b190b5,2026-07-13,1462703434
4d39a57f09f8d415,2019-06-26,1467297559
9c3861cef0b646af,2019-06-18,1467297559
94812e24f9992209,2019-06-12,1467297559
939966cb8fa6af8b,2019-06-07,1467297559
dcf6388680966db8,2019-06-28,1467297559
132280b2a4245fe2,2019-07-24,1467297559
55d48fb8da8abffe,2019-09-04,1467297559
3e47fecc9aeb68a5,2019-08-01,1467297559
d3635c75c1fc613b,2019-08-21,1467297559
90b254a5b93bed6b,2019-09-25,1467297559
129e1b6261c790fb,2019-12-11,1467297559
817450bdde0708c9,2019-12-20,1467297559
d82c82c327ea5f42,2019-10-17,1467297559
9d05fd87fba05dc5,2019-10-01,1467297559
84571be1344319e3,2019-12-04,1467297559
4041eebf3936ec36,2019-10-23,1467297559
c01740f95631a212,2020-02-27,1467297559
c13ad9cfbaedca61,2020-03-12,1467297559
7148404d753a8ac2,2020-02-25,1467297559
9dbea712efa6fca0,2020-03-25,1467297559
0c358dc16ec45bd3,2020-04-08,1467297559
dd3d38e6804ecd69,2020-04-01,1467297559
b229e3907b910323,2020-04-22,1467297559
643c8f9c8f54002f,2020-06-24,1467297559
8109f8784ad5ec39,2020-06-17,1467297559
6d63e5efd3c6e078,2020-07-22,1467297559
02ce0db41aa22910,2020-08-12,1467297559
e146574a268391f6,2020-08-12,1467297559
be4a1fd5b00faed7,2020-07-01,1467297559
a62184e0ca1a588f,2020-09-18,1467297559
d290123db08c6bee,2020-11-18,1467297559
c5336e6952e3f4ce,2020-12-09,1467297559
eb82cb54bcf82201,2020-11-25,1467297559
ecc8fe210fc1ff3f,2020-10-28,1467297559
aa47fe6688d303ad,2020-10-02,1467297559
d973e18ce75c2248,2021-03-24,1467297559
47df0a860941ffc6,2021-02-03,1467297559
e69f4b0a9127faee,2021-01-27,1467297559
38ecfd52d93630cd,2021-03-17,1467297559
5b80aaa813d72be0,2021-02-12,1467297559
99489dbd6cca9211,2021-06-16,1467297559
61fb17fe98b0e95f,2021-04-21,1467297559
0c48205a28e0f3ed,2021-04-14,1467297559
7cbab8bf4a83b87f,2021-04-29,1467297559
464116a1994dc80c,2021-09-16,1467297559
c1d497bbd2447790,2021-07-07,1467297559
902e1f7bec763486,2021-07-21,1467297559
61626e823e877795,2021-11-17,1467297559
7bb5f7a7167df651,2021-10-06,1467297559
9d51d926edacde52,2021-10-27,1467297559
c321c2d308f4b8ee,2021-12-15,1467297559
3b79ef9106d156e8,2022-02-02,1467297559
b2c15d671da77b16,2022-02-09,1467297559
9383914069ee52dc,2022-02-16,1467297559
78bbe60845c98729,2022-03-09,1467297559
63afd90dc415b001,2022-01-12,1467297559
2e939aa544e75caf,2022-04-27,1467297559
9256bab1af0ddb40,2022-06-08,1467297559
9807435013c75468,2022-06-29,1467297559
165336cd076883fd,2022-04-11,1467297559
8b45fbc6b26638d5,2022-04-13,1467297559
b1a2293b5f11097e,2022-08-24,1467297559
ab28faaa4d850bd1,2022-09-07,1467297559
1797b5e8e2f1fcdb,2022-09-28,1467297559
e44a0f23fa9e0584,2022-08-17,1467297559
1ab409ad7313719e,2022-07-27,1467297559
fde0a3002a75a2f6,2022-12-14,1467297559
0466a79faa075a95,2022-11-30,1467297559
9999f93289165cb6,2022-10-12,1467297559
0b17998089d2828b,2022-10-19,1467297559
e04b1352177a9c63,2022-12-21,1467297559
b211e069a0c43a62,2023-03-01,1467297559
5b4c58cc931306aa,2023-02-15,1467297559
3735f37d7ef4ca56,2023-03-08,1467297559
39d8a03e2c58ad91,2023-01-18,1467297559
395fda3dea244c00,2023-03-30,1467297559
231ce555b9b8d13a,2023-06-21,1467297559
d1df3be36069a205,2023-06-14,1467297559
e6980d9801d7da38,2023-05-24,1467297559
3827d8dbcfadef6d,2023-04-12,1467297559
896e8e5bca85ca74,2023-09-29,1467297559
fb6a5594e56c5912,2023-07-12,1467297559
053a7b282d0be0e2,2023-09-06,1467297559
ab8d35ca6d8d3815,2023-09-21,1467297559
ab2c19d55b4ab167,2023-10-11,1467297559
7aa02e86c2639552,2023-11-22,1467297559
e13306f60fec4511,2023-11-29,1467297559
578b0f3c174d4a1a,2023-11-10,1467297559
6c169a5e6173bd60,2024-02-14,1467297559
5847c6acd78e7eed,2024-03-13,1467297559
c5d65d7e232ea928,2024-01-03,1467297559
d6978758d51094f0,2024-03-07,1467297559
908ff4cc59b85f54,2024-01-12,1467297559
11135c76f83a59b3,2024-06-19,1467297559
d645129e7179cbd7,2024-05-29,1467297559
c33178081007d661,2024-05-08,1467297559
fe811eb6362250f1,2024-06-29,1467297559
0e2d95e0c651f3e7,2024-04-10,1467297559
b5b035b96e569cd3,2024-09-10,1467297559
18922d83810153d0,2024-09-17,1467297559
3acc06416060940d,2024-09-04,1467297559
57a50e256f986dbb,2024-09-12,1467297559
c1862f0324ecbfd4,2024-07-10,1467297559
323a3d7aca079fff,2024-09-25,1467297559
e5102c2e0fcb7c82,2024-12-18,1467297559
e03c1aa6d4dcab04,2024-11-20,1467297559
091a076eb33c9c55,2024-11-05,1467297559
24d6a3481813afbb,2024-11-03,1467297559
33564ca1a3e2aed2,2024-10-09,1467297559
a80f0741aacb94d8,2024-12-04,1467297559
38028c6513bd9166,2025-02-05,1467297559
bdf2e3f5f1f18e0c,2025-01-22,1467297559
d25dcf0ead2e5c10,2025-02-19,1467297559
25ad0c86e0965ef9,2025-02-26,1467297559
a4306076d8bab40a,2025-02-12,1467297559
a98b8399a6533fc3,2025-03-06,1467297559
1a50634bac35d147,2025-04-16,1467297559
8c27ba4c63ca7852,2025-05-21,1467297559
68f26326e5abd4f0,2025-06-04,1467297559
397358d2b6397be8,2025-04-30,1467297559
3216774d975aed60,2025-05-07,1467297559
d76bd3c0bcb6080c,2025-05-28,1467297559
f9211c4fabfd594b,2025-07-09,1467297559
2e7f6e8004ae5834,2025-08-20,1467297559
dcf44d2c84fc30e2,2025-08-13,1467297559
7bb98596d93f74b6,2025-07-23,1467297559
85cbd0ccd9ecc082,2025-09-17,1467297559
5febc5231c3943aa,2025-07-30,1467297559
bab9d81933fd9360,2025-12-10,1467297559
98f7adc19f4e68a7,2025-11-06,1467297559
f731ab6287a28e82,2025-12-17,1467297559
8434a16e7457423e,2025-12-03,1467297559
630742ff2b074b7b,2025-11-19,1467297559
32e76fcab6ca90d8,2026-02-04,1467297559
830d852f8a7b10bb,2026-02-26,1467297559
b9ff4792a7c6e927,2026-01-14,1467297559
8db454575641b3fd,2026-03-04,1467297559
2532b909a1bc6490,2026-03-18,1467297559
b8057995b3168c68,2026-02-18,1467297559
078205a29f7de115,2026-04-01,1467297559
7f91d7330c4de940,2026-05-20,1467297559
f7c5facd81a48281,2026-04-08,1467297559
e1b9f4a8a7571d1d,2026-06-10,1467297559
2b819dd045acfbc2,2026-05-06,1467297559
2f7367c0c2d586c1,2026-04-29,1467297559
c103893156b77061,2026-07-01,1467297559
461a076a1627724e,2026-07-08,1467297559
62e9ece8b1244ae5,2023-01-25,1467993804
8f39ef965af979fc,2023-01-11,1467993804
c084560e8aa96f60,2023-02-15,1467993804
5c9597fa7016ab00,2023-01-18,1467993804
993c134eaec88105,2023-02-06,1467993804
ea4ad0b9999640fa,2023-06-21,1467993804
c44f99f32adcdc75,2023-05-31,1467993804
9989b14dff89fa03,2023-06-14,1467993804
6fa9f0498822e66c,2023-04-05,1467993804
4068a9b1961589fe,2023-05-03,1467993804
2fd10ebbab1cecd6,2023-07-12,1467993804
51d17590083a721b,2023-08-16,1467993804
8f7ac9664581186d,2023-09-20,1467993804
a2945364731641df,2023-07-26,1467993804
012fc4d715e4a2cb,2023-11-30,1467993804
285ceb1cfad134d3,2023-10-25,1467993804
f7995d39abb94a6c,2023-11-09,1467993804
ad640b81f0f59709,2023-10-11,1467993804
6a3789f6efee1743,2023-12-14,1467993804
111e6865899beea0,2024-03-14,1467993804
005450b79032fae5,2024-01-04,1467993804
ece6948694cf83f6,2024-02-01,1467993804
67a04f12e643fae7,2024-01-18,1467993804
18617415b280ad53,2024-02-08,1467993804
da062cc5b480f91d,2024-05-09,1467993804
0b667afb74b29575,2024-06-06,1467993804
83b135e619454428,2024-04-25,1467993804
19cb4ae89816eff8,2024-05-23,1467993804
75a7aaa276e70a65,2024-05-02,1467993804
ec076fec1e9511b5,2024-08-08,1467993804
8f55f35b11c83035,2024-08-22,1467993804
760a85615f9e0aa0,2024-08-20,1467993804
0a07f5557d0cc037,2024-09-05,1467993804
fdc1c5b8795977c4,2024-09-19,1467993804
bec92fd2655672f3,2024-09-30,1467993804
8ce50f562649c40b,2024-12-19,1467993804
72199018bd80c5f3,2024-11-14,1467993804
7fb2e5fe3e8366f7,2024-12-06,1467993804
7bbc4ee96341ca56,2024-10-24,1467993804
efe8c61b644c9f88,2024-12-05,1467993804
cce8a0754d422c49,2024-10-17,1467993804
3c8c4b2388853c04,2025-03-27,1467993804
38a2a2eed55e2db7,2025-03-20,1467993804
6ad0800759bb6524,2025-03-13,1467993804
c773202781c9cb6a,2025-01-30,1467993804
c335d3155c29e87e,2025-03-06,1467993804
8aaab288ef6665ab,2025-02-20,1467993804
670d9afa884f1a13,2025-06-05,1467993804
48714a32de967ff1,2025-05-08,1467993804
2af641c7627368ff,2025-04-17,1467993804
61ec39a273d47aa6,2025-04-24,1467993804
437ec12b2ae91031,2025-05-22,1467993804
f291e3e2eb9ea13d,2025-04-10,1467993804
af862d111f1add7f,2025-07-31,1467993804
ede851232a9ebe3b,2025-07-24,1467993804
f70bf2b2fbbbd95a,2025-09-24,1467993804
af4710491dd248c6,2025-09-18,1467993804
2f71a9130681dd3f,2025-07-03,1467993804
933ddcae03984c1b,2025-08-21,1467993804
9551778879f1d09d,2025-12-04,1467993804
bc3259bb4a1e5438,2025-10-30,1467993804
0800101474fc5ba4,2025-11-07,1467993804
6ab9a30dda71e7bc,2025-10-07,1467993804
9665075859004abe,2025-11-20,1467993804
73b02ac089108f92,2025-12-11,1467993804
e9fe44eb83a25128,2026-03-19,1467993804
d5c3366ad7be15e1,2026-01-13,1467993804
860e002b18c149b2,2026-03-03,1467993804
94a1f92672d96708,2026-01-29,1467993804
8b3ad67b0340320a,2026-01-01,1467993804
7fe508ba1642d955,2026-05-29,1467993804
3ff6594b2d76d4c7,2026-05-21,1467993804
9632025638c8c63d,2026-06-23,1467993804
0b1fc4595ed1e6c1,2026-05-14,1467993804
62d3efd9dc61f7c0,2026-06-04,1467993804
3c08c239abdbb5e7,2026-07-13,1467993804
e517f296d32b2b89,2026-07-09,1467993804
80e50eafc5573ee5,2026-07-02,1467993804
d4a0a7116881a43e,2025-03-12,1471411980
a85eeb32eab2e302,2025-02-28,1471411980
691daf4a208d0174,2025-03-02,1471411980
9a5c5120659db6d2,2025-03-30,1471411980
2bac44b257961946,2025-03-14,1471411980
8d518f05cf18a69f,2025-04-04,1471411980
b223ac3d89a362e1,2025-05-09,1471411980
ed8586507eefe95a,2025-06-18,1471411980
eaef8fc7de51fd46,2025-06-28,1471411980
6b981c250a77ee70,2025-04-02,1471411980
6440b26d55ed0b30,2025-05-11,1471411980
cbe401c996f7a3bc,2025-08-30,1471411980
c540daa8c89f8457,2025-07-25,1471411980
a49abeb69d2a140a,2025-08-23,1471411980
9c192b76e772c3b2,2025-07-13,1471411980
a5234252a8fb270b,2025-08-16,1471411980
aefe8346692ac24f,2025-08-08,1471411980
fc714400eacad679,2025-11-19,1471411980
a25cbd1767c6714f,2025-12-19,1471411980
c2ee2f26ec7f14bc,2025-12-13,1471411980
998a1dd812e919f5,2025-11-21,1471411980
e51809f31150b780,2025-12-20,1471411980
6847d817a1a5335d,2025-12-10,1471411980
6cab925a48b9f759,2026-03-14,1471411980
c071f0b21788bfa8,2026-03-21,1471411980
af84a0d887378c3f,2026-01-28,1471411980
b5810055cf6e3dcb,2026-02-27,1471411980
ec6e82f035998920,2026-02-13,1471411980
8e300803243713c2,2026-02-18,1471411980
3fb1c4f7e1857a92,2026-05-30,1471411980
c2b9744806591471,2026-04-04,1471411980
6ce88708646b3098,2026-04-25,1471411980
610f617a74b19f5a,2026-05-09,1471411980
4e908427afab7586,2026-04-18,1471411980
c35dad2e75521a3e,2026-04-24,1471411980
d42f0c90a18a5f3e,2026-07-03,1471411980
a845347df8b90c4a,2026-07-10,1471411980
8f9f2f35be2de2a2,2026-07-07,1471411980
c5dcd921d5680bcc,2024-08-23,1474001390
73e02a8811f52ce4,2024-08-21,1474001390
0608909a6404b8f9,2024-12-24,1474001390
c1b784cc324346e5,2024-10-04,1474001390
308d810ebed194c4,2025-03-11,1474001390
791da9d5471ca019,2025-05-09,1474001390
70f622af82dd1410,2025-06-23,1474001390
645e1e227ad53d8a,2025-08-21,1474001390
6d7e2aa7e805ad0b,2025-09-11,1474001390
4b20ddbdf457df62,2025-09-04,1474001390
455732d1c141aa16,2025-09-01,1474001390
0f32232063fbd127,2025-09-25,1474001390
933bb617c75c7307,2025-08-11,1474001390
673747bb19871fb7,2025-11-06,1474001390
2d5bfbfd3bd894ed,2025-12-11,1474001390
6a1f718c6b8122cc,2026-02-02,1474001390
1db8fd345df6402a,2026-02-23,1474001390
9bd9856f22ea00f4,2026-03-25,1474001390
ad350e89bdc15327,2026-04-27,1474001390
6e7ef1fe6451a8a8,2026-06-11,1474001390
8351fd903d6a1897,2026-05-18,1474001390
d2400ce4f5fef6fa,2019-09-27,1476110521
af4dd3f012b2f22a,2019-09-13,1476110521
6be8e51bbaaa3d74,2019-09-12,1476110521
2f09f6ab333b5d29,2019-08-09,1476110521
c41787f9766beafd,2019-08-22,1476110521
b580c59d302fd523,2019-10-17,1476110521
e81ed0f3f53bd0cd,2019-12-26,1476110521
383f39df61913b74,2019-11-22,1476110521
9e73f9de437b8f95,2019-10-03,1476110521
dbf33c91de0d167d,2019-11-14,1476110521
60db7a16e466b519,2019-12-19,1476110521
65b1e49d7d0502ab,2020-03-27,1476110521
4b890d1fa95bb30d,2020-01-29,1476110521
e5a9d5f27feb4c05,2020-02-27,1476110521
c209ed23086aa754,2020-03-05,1476110521
cf82ddaeac774444,2020-01-09,1476110521
d8ed5d335bffa47c,2020-04-03,1476110521
238d86029892dc98,2020-06-19,1476110521
3569e50a2e56d170,2020-04-10,1476110521
38d8d6cd27d7d5d4,2020-04-17,1476110521
cf3caed2f13975ac,2020-06-12,1476110521
7e407d650e845a4d,2020-07-03,1476110521
107b071a38b44d22,2020-07-10,1476110521
61a70f9b5e9cc217,2020-07-31,1476110521
404e2019c721b9eb,2020-08-14,1476110521
a5f87f98bd361b79,2020-12-04,1476110521
799b49ac85601e19,2020-12-31,1476110521
f2797ffc70639452,2020-10-09,1476110521
6df4c129d07ac88a,2020-10-30,1476110521
beec6a69c5a990e7,2021-02-26,1476110521
5c69ebc9251ddc7e,2021-01-21,1476110521
a18a7be71f716565,2021-03-23,1476110521
5bd2eed46e5834d3,2021-02-12,1476110521
e66565f841385d07,2021-03-26,1476110521
4e338d92b49d64f4,2021-05-21,1476110521
d3d5fbe5c86002b1,2021-06-04,1476110521
6b898de7b86c1e82,2021-05-08,1476110521
b2e979e017819154,2021-04-17,1476110521
a8f3ce1dff4ed89e,2021-09-17,1476110521
f5f46a4eb996aae4,2021-08-06,1476110521
49b840d83c86efb4,2021-08-13,1476110521
496b4d0d841da6a2,2021-09-03,1476110521
3eb110c95b1bc11c,2021-07-23,1476110521
67ac06c7d9e39981,2021-12-10,1476110521
08662bffe9b9bec8,2021-10-29,1476110521
839aae459b4903e5,2021-12-17,1476110521
cc3f173ca78f870e,2021-12-24,1476110521
90665d9b30571b91,2021-11-19,1476110521
3d1570ff578ef068,2022-02-04,1476110521
7bf0a08013c65323,2022-02-25,1476110521
05d1db66ed5e4479,2022-01-28,1476110521
3738d37b7bacb7b4,2022-03-25,1476110521
f1e1158af1ddefbc,2022-05-20,1476110521
fa541a94385d835e,2022-04-01,1476110521
180f8d8cb1dd4c37,2022-05-27,1476110521
0c0137c770af976b,2022-04-08,1476110521
b4d4bf2955f4e446,2022-07-01,1476110521
713d21f9e8c3ac8b,2022-08-19,1476110521
5c385ffb44011156,2022-08-12,1476110521
023cf578cb6ab4c0,2022-09-23,1476110521
95797fed39f85677,2022-09-09,1476110521
5d190767fce2e241,2022-11-11,1476110521
2fe28ed614807890,2022-10-21,1476110521
b0a4dd17496ece95,2022-10-07,1476110521
fa870b01d647da8c,2022-11-18,1476110521
742635c80ed3a11d,2022-12-09,1476110521
5457ba984f98c017,2023-02-10,1476110521
bfa0bc79714cdbfb,2023-01-06,1476110521
30cb0f4cfe52a36f,2023-01-13,1476110521
a9a8e6cbd77f1815,2023-03-24,1476110521
a864093e52e4e1e0,2023-02-17,1476110521
db61fc6dee37c593,2023-06-16,1476110521
f8cf603a45143d45,2023-04-21,1476110521
e246b15e8928aff6,2023-06-09,1476110521
c22622acf55d81fd,2023-05-12,1476110521
922e849460314f6c,2023-05-05,1476110521
063a734d15fc572f,2023-07-07,1476110521
fdacae89383b0f0a,2023-08-11,1476110521
f57a49ea9eb6c9d0,2023-08-25,1476110521
2bc712e32137eb1c,2023-09-29,1476110521
64c1ce0ea9c2a7db,2023-10-06,1476110521
58608b1edd762813,2023-12-22,1476110521
f9432ce66119ec5e,2023-12-01,1476110521
c1406d590a8d52e1,2023-12-15,1476110521
497cbff5c3a36293,2024-03-08,1476110521
f572d7bfcfab94e3,2024-02-02,1476110521
e6b36db6a6325a30,2024-02-23,1476110521
95a2f6284ab92f46,2024-03-29,1476110521
251d979326a091c3,2024-04-19,1476110521
7d8df0e1eb283cd2,2024-04-12,1476110521
98a652656f7c8bc6,2024-06-07,1476110521
c72c0563bb6672f9,2024-06-28,1476110521
2fa41ae64599dc97,2024-04-05,1476110521
7698d67ef460dfcd,2024-07-26,1476110521
84474b3bbc2f7e81,2024-08-23,1476110521
dfc4b495be3ba6e3,2024-09-06,1476110521
6887d644ab508c79,2024-09-13,1476110521
7803013a116540ac,2024-09-20,1476110521
b0240677b3a4653d,2024-08-09,1476110521
0448dc9c0ed7b9a2,2024-11-15,1476110521
79dc8c51528f6426,2024-12-13,1476110521
ea57f93e014fcab8,2024-11-22,1476110521
53ca30c8285bf7b1,2024-10-25,1476110521
c726ca8a2b1468d3,2024-12-06,1476110521
d3410c3a8b5e8bba,2024-11-08,1476110521
b0c0466f80a70593,2025-03-21,1476110521
2e0a6c082257ced2,2025-01-24,1476110521
36d03f65b60706fe,2025-03-07,1476110521
3bde99cdf72c19b8,2025-01-10,1476110521
7711f6953841470e,2025-01-17,1476110521
740829087c7ea66e,2025-06-20,1476110521
5a4858433fe3e726,2025-05-09,1476110521
4a0dbdce2cf84dd3,2025-05-02,1476110521
769a05fbd7ec0055,2025-05-16,1476110521
5a1f471c96a9768f,2025-06-27,1476110521
abe710c682d4f168,2025-07-18,1476110521
13efde5bd6900e66,2025-07-04,1476110521
cf6d425ffd350ffa,2025-08-22,1476110521
a0540fcc7c1a0010,2025-09-22,1476110521
63670cc08af0aa64,2025-09-15,1476110521
765a36adc315d705,2025-08-18,1476110521
1f30e77860e025e8,2025-12-05,1476110521
7aa1aeeed9896289,2025-10-24,1476110521
f6e246e25dcdd0cf,2025-11-07,1476110521
43743923c432964a,2025-10-17,1476110521
30f2700d8ace2960,2025-12-15,1476110521
46682ee286ccfbb5,2025-10-10,1476110521
3a29c4c2b0060a6d,2026-03-06,1476110521
6f1150ad350c5470,2026-02-09,1476110521
81f2122b97789d34,2026-03-20,1476110521
494f34236f5ea577,2026-03-02,1476110521
b6e707aa1b5ae20e,2026-01-05,1476110521
cf0b62b99b54ae14,2026-02-06,1476110521
bfd0f35eab252e90,2026-05-11,1476110521
e9f5da91b6da76c6,2026-04-27,1476110521
35dd3a60fad530d3,2026-05-22,1476110521
0744b4f277f0fece,2026-06-01,1476110521
cba20a140b4a9745,2026-04-10,1476110521
337c0d9cfcc2a781,2026-05-18,1476110521
66054bf1f73d794b,2026-07-13,1476110521
6c7896e3d91db0ac,2026-07-03,1476110521
9c2c407170434a7c,2026-07-10,1476110521
0dcdaf0a6b9c98ac,2019-10-18,1480605295
3f1f250fb4b24a1c,2019-11-07,1480605295
c844d448537377f6,2019-10-11,1480605295
9cb8bfae1e1dc19b,2019-11-14,1480605295
9047b18522696458,2019-12-13,1480605295
43ae7c1ba690a796,2020-02-19,1480605295
782d48c47c3f22ee,2020-03-19,1480605295
2f3ca546e2406ad9,2020-02-21,1480605295
f38ec885471e2671,2020-01-31,1480605295
848c0e80dd17caf0,2020-03-16,1480605295
9476390214179ecb,2020-05-15,1480605295
66a836c0f822c131,2020-05-22,1480605295
4b0d5d96d53f2a3b,2020-05-01,1480605295
91e78c8a4abd6e24,2020-05-08,1480605295
60b7ad884d214cb1,2020-07-29,1480605295
841822f3f4c352b5,2020-07-20,1480605295
4eb4d09c268d51b3,2020-09-18,1480605295
83b9e1cb3ed34cf2,2020-07-31,1480605295
df4c6aec5661630c,2020-07-22,1480605295
31ff60964f4c98cb,2020-12-19,1480605295
611b05d2f2fb05f9,2020-11-25,1480605295
0eba57db75fcca81,2020-12-15,1480605295
56ee492fc30ddcb8,2020-11-07,1480605295
908b5221a75c9518,2020-11-16,1480605295
c5d6f5b502960f84,2021-01-14,1480605295
f909dcb19a2dc1af,2021-03-01,1480605295
1230e7fef5474084,2021-02-08,1480605295
2ea85bd283792fb9,2021-01-11,1480605295
0ccb1df5edd79229,2021-03-18,1480605295
69049ae9642a52f8,2021-06-22,1480605295
0a674ae79671a198,2021-05-06,1480605295
a432cb0cbc9bba5b,2021-04-26,1480605295
76d0f17bf050362e,2021-06-17,1480605295
a819e2ed1dfe6270,2021-05-12,1480605295
371d59463c775efc,2021-07-09,1480605295
e8275d6cb9bffad5,2021-07-08,1480605295
01d7a839f4c17b9c,2021-08-04,1480605295
9bfef84fd92e0170,2021-09-15,1480605295
71dda0bab02d9521,2021-08-23,1480605295
3728bb308e2c20ac,2021-11-08,1480605295
948dc91c2254bfe2,2021-11-02,1480605295
dca26c5a3498ec7d,2021-12-22,1480605295
ebb655697ef9266f,2021-11-16,1480605295
e83fc3e76015a3e2,2022-02-28,1480605295
9afd78a2d1b9ace4,2022-03-21,1480605295
6205a43cc5a7c24c,2022-01-07,1480605295
33dd6794b40a3e72,2022-04-14,1480605295
ae291866785a45d3,2022-06-27,1480605295
1dfe86ff8fd5f9e7,2022-06-29,1480605295
50dd1f47d16fc97b,2022-05-13,1480605295
51b784b14d3fe0b8,2022-08-12,1480605295
a0cbd787e8a32246,2022-08-11,1480605295
818bb07d7c1e8b0e,2022-07-15,1480605295
bf95ab13c9b03311,2022-08-17,1480605295
0fbdfd0cf8210d8c,2022-10-18,1480605295
fa45ff651c1d04f1,2022-11-01,1480605295
7755f3d2b4a49005,2022-10-20,1480605295
fef170b1e43d09ab,2022-10-31,1480605295
14a3e76776d71232,2023-03-15,1480605295
d835ec9b45ff9de0,2023-02-03,1480605295
22de9f2d023d5197,2023-03-29,1480605295
6e667a36d8fcafe3,2023-01-05,1480605295
1e8ad618f14652a0,2023-05-17,1480605295
61e8107ffa221b5b,2023-05-08,1480605295
2115011bb99d357c,2023-06-12,1480605295
7e3a1de84d14c2ce,2023-05-15,1480605295
6c301bfb0d751866,2023-05-12,1480605295
57eb9d1eb9475dcf,2023-08-07,1480605295
970451bafdefdfef,2023-08-03,1480605295
fe392985cb33873e,2023-07-28,1480605295
e9d0a4ea894f500e,2023-08-15,1480605295
2b1e4ed8677cbe04,2023-07-12,1480605295
c86e1bf5a85b185b,2023-12-11,1480605295
02c175a1a65dbcf3,2023-11-06,1480605295
b633cdea07c2fa36,2023-12-15,1480605295
6312d8cf1f21d623,2023-10-19,1480605295
e955eb1315fe146e,2024-01-09,1480605295
348e29790078374e,2024-02-01,1480605295
dcca78e44cbb185f,2024-02-13,1480605295
71a423725603fffb,2024-01-29,1480605295
e3077f990b73bce9,2024-02-12,1480605295
4fcc51a6d707d30e,2024-06-20,1480605295
1a068e8f8c3b8317,2024-04-26,1480605295
4397d8f45c1cb671,2024-04-15,1480605295
07875773916628aa,2024-05-15,1480605295
ae54e4330c7e8dfe,2024-09-17,1480605295
b2e45611799407a5,2024-07-12,1480605295
6d7dcacb4847c1ed,2024-08-22,1480605295
a48e3034b71d6c9c,2024-08-05,1480605295
3b8c5303f59b5a30,2024-09-10,1480605295
493aa971c4337735,2024-09-26,1480605295
626210669074b864,2024-11-18,1480605295
8092b21e3503b1a2,2024-10-09,1480605295
16c833786c0323f9,2024-11-01,1480605295
ee5a9db94d329a94,2024-10-15,1480605295
60f28cbeeded0b2c,2024-11-15,1480605295
79c3de6908c6422d,2024-10-16,1480605295
a08dbd1494876b23,2025-01-08,1480605295
fca19a4325e75deb,2025-02-06,1480605295
049c7433e9ed69bd,2025-03-11,1480605295
84e165eea6ce202b,2025-02-13,1480605295
4492e6e69a430d43,2025-01-17,1480605295
3295d2a55e5ace48,2025-01-14,1480605295
bada5a092360b138,2025-05-13,1480605295
73bd5a7be65b1ad6,2025-05-16,1480605295
1812ff73cf1827e9,2025-06-03,1480605295
22d7f096b5d1dec4,2025-05-14,1480605295
69ca91f8941bf375,2025-05-20,1480605295
b8179c8483aa3f21,2025-05-07,1480605295
c081da6f9e3fdebb,2025-07-15,1480605295
dc7d3581e5fdbc40,2025-08-19,1480605295
642e5bc9c0656880,2025-07-18,1480605295
26af61f85faba437,2025-08-14,1480605295
21a957c43bc832f8,2025-08-01,1480605295
dbd9a50df921daa4,2025-08-08,1480605295
cbd59bfb7b5a0856,2025-10-01,1480605295
69653736fdab209e,2025-11-17,1480605295
9adb60c2ec2801dd,2025-12-04,1480605295
bbebfc56ede0354b,2025-11-12,1480605295
659e0771d404432a,2025-12-11,1480605295
683023bb9170e2a9,2025-10-16,1480605295
0fdbb8a55df0879f,2026-02-09,1480605295
fa913ad0038ea2c4,2026-03-20,1480605295
71559c93372c1f56,2026-01-31,1480605295
75d2fa5a646f624d,2026-03-13,1480605295
73076ec98eb6e0af,2026-03-18,1480605295
54f809fc9dca1b1c,2026-02-23,1480605295
52aea2cd2d56a11e,2026-06-24,1480605295
dff3058e74ef92b0,2026-06-01,1480605295
e7d9be9e3805dcd2,2026-05-01,1480605295
25460dd812865bf5,2026-04-27,1480605295
235fec5553eb6d00,2026-05-15,1480605295
0b46524b8a0adb0b,2026-05-20,1480605295
c29047980e879ef9,2026-07-13,1480605295
3173a66c2831f590,2026-07-06,1480605295
105dbd962d6bd149,2026-07-10,1480605295
4926f6fbe0770ff3,2026-07-08,1480605295
cd48b1bdb0382777,2019-10-02,1482179882
b5c0df50b5b3f658,2020-12-18,1482179882
2cdbb1f5ad15a558,2020-11-06,1482179882
e1853c31cd6ccd52,2020-12-11,1482179882
f2ec93f6a9ad3355,2020-12-04,1482179882
03dfa2d8da7849b8,2020-12-24,1482179882
3e323e27816c91d3,2021-03-12,1482179882
81bf22ff630b99db,2021-01-08,1482179882
7d092f299757ff8d,2021-02-26,1482179882
43792c17fdbd281f,2021-02-19,1482179882
b9b67bbe36999775,2021-03-05,1482179882
67dcd2af7505ef62,2021-05-07,1482179882
55b9a2afaa73b735,2021-05-28,1482179882
3a94200a9e4003b6,2021-06-11,1482179882
afad54692c4f709e,2021-04-02,1482179882
897429b0dc002b69,2021-04-30,1482179882
898bd320e4d29657,2021-04-16,1482179882
c29d8d7fcc8fc6f1,2021-08-13,1482179882
53498d22122f7a2c,2021-07-23,1482179882
00c7ec3e14504874,2021-07-16,1482179882
d0d2b1e33dd251d1,2021-09-10,1482179882
53f47c60bd0260fd,2021-12-10,1482179882
4300325d57ecb1da,2021-10-15,1482179882
ea73c0b1db598de2,2021-12-03,1482179882
8955cd2618cf9221,2021-12-17,1482179882
3b0b30255b75e43e,2021-10-22,1482179882
091890795bfe3a37,2022-03-18,1482179882
657195d5028a31da,2022-01-07,1482179882
12a2bf834bc1dfd0,2022-01-28,1482179882
1930cca3704718c5,2022-03-25,1482179882
82b180867036f37c,2022-05-06,1482179882
3dd2f205a07148fc,2022-05-13,1482179882
c968e1e71e92b77c,2022-04-22,1482179882
9db8f52bf08cc606,2022-06-03,1482179882
e516b7643d6f92cf,2022-07-01,1482179882
825dbe8c5fac305a,2022-07-15,1482179882
27e32e1095a73d0f,2022-07-08,1482179882
bfab6445d179242a,2022-08-05,1482179882
d549f9b371d4292a,2022-10-21,1482179882
bd2e7de4d5108e7d,2022-10-07,1482179882
dfde08c736d6e161,2022-11-10,1482179882
79ccf99d011dea10,2022-12-16,1482179882
4febc3f57ca5416b,2022-10-28,1482179882
46f2e0333df0caa2,2023-03-03,1482179882
c877af3cc9a5d009,2023-02-03,1482179882
a89f159da0c5a232,2023-03-24,1482179882
d61d706368e7cc71,2023-02-17,1482179882
1b66106a67b64f8d,2023-03-31,1482179882
94d93141ae193002,2023-04-28,1482179882
8fcc9260f3573ead,2023-06-30,1482179882
605219c9382d3836,2023-04-14,1482179882
29a091f24e9b5a02,2023-05-26,1482179882
b1264a678bcf5939,2023-06-23,1482179882
ef7ae6929f6e6fa3,2023-09-22,1482179882
01d9435e11e5764b,2023-08-11,1482179882
c1b20bde616a369a,2023-09-15,1482179882
078e7cef9d1329fa,2023-08-04,1482179882
fcb4456e4a414578,2023-07-21,1482179882
4888907e99969787,2023-11-03,1482179882
781654c3e10b2498,2023-11-10,1482179882
9cfae5db34a561d3,2023-12-08,1482179882
568ded09f2617f24,2023-12-01,1482179882
2bf21cac036d72ae,2023-12-29,1482179882
6642ed1429a4d8ab,2024-01-05,1482179882
d5d668319c87016e,2024-02-02,1482179882
615341844e9b531c,2024-01-12,1482179882
3dda64509dd8b09f,2024-03-01,1482179882
91adc99b7eb79b70,2024-05-17,1482179882
46084973a0f2bc86,2024-06-07,1482179882
a49e694603768f9d,2024-05-24,1482179882
1210c2e3264cc073,2024-05-10,1482179882
8b75005aba70f01b,2024-08-16,1482179882
e3c984c71c1b18f6,2024-09-06,1482179882
bb33ddd2ed9e4ab9,2024-09-27,1482179882
88d5b2e428407d0d,2024-08-23,1482179882
7c6ba6776f423394,2024-07-26,1482179882
c99ccf0aafecaa05,2024-10-11,1482179882
3a6d557505d1fa0a,2024-12-06,1482179882
01ae12dbdbde6fee,2024-11-08,1482179882
1e366f666399ba4b,2024-10-03,1482179882
85be553c64c219e8,2024-11-01,1482179882
8354abb5845b3fd4,2024-12-13,1482179882
de18c0751e4cdbb8,2025-03-10,1482179882
a427bb93bdb96609,2025-03-31,1482179882
9cbc7ca6360fee4e,2025-03-17,1482179882
9eb48da4cfa15cfc,2025-02-17,1482179882
eafc5265e1d17802,2025-03-03,1482179882
b13ce4dc21f7cb3d,2025-01-13,1482179882
6394d8d14520e109,2025-05-12,1482179882
4c56cbf0005104c6,2025-06-09,1482179882
e725fe4be62c733b,2025-05-05,1482179882
4bb4a8773fd1c9cd,2025-06-30,1482179882
b83f2667998e4ed4,2025-04-21,1482179882
837b2a6b4aa2a0d0,2025-04-28,1482179882
cff03ca991a4aa62,2025-08-25,1482179882
34d457f9aab5a88f,2025-07-21,1482179882
23c44d08ca4103ef,2025-09-22,1482179882
81d2012b974ae6bb,2025-09-08,1482179882
76b65ba53c03af12,2025-09-15,1482179882
044989d8ca6d2e20,2025-12-08,1482179882
bb7090f05f9d69a9,2025-11-21,1482179882
f841d9df7ad1a65e,2025-10-20,1482179882
11c1e87479499a6d,2025-12-29,1482179882
7ec1a2343d175248,2025-12-01,1482179882
86e55170da7e8d0f,2025-10-13,1482179882
e686d95d37fad72b,2026-03-23,1482179882
d0b1bd3210e7ab15,2026-01-12,1482179882
ace2e68ee28717c6,2026-02-16,1482179882
5877edc1fa5243d4,2026-03-01,1482179882
3cdb2c3862f5a7ad,2026-01-05,1482179882
43b9aa18b90db2d3,2026-03-09,1482179882
8b8ade1a9e97be68,2026-06-14,1482179882
77489614339534c4,2026-05-09,1482179882
04f748038bcbbc16,2026-05-24,1482179882
e7ad7bf1d5ddbd31,2026-06-28,1482179882
327d68025cf99bde,2026-05-31,1482179882
384bf31a111f9312,2026-04-20,1482179882
93bfb60acb9e5db6,2026-07-09,1482179882
0d287c4dd8b131c0,2026-07-05,1482179882
1381bf70264fb0f8,2019-12-19,1484862164
780f9968e7754184,2019-11-03,1484862164
8cb3d21ef1ec44e9,2019-11-28,1484862164
e8f7c2da6264ceaf,2019-12-24,1484862164
4cfd74b94d605184,2019-11-21,1484862164
e1cd6770291a983d,2019-12-05,1484862164
8151d8293cca04ac,2020-01-16,1484862164
71ce94eb0e935d02,2020-03-05,1484862164
3df806333917ff52,2020-01-23,1484862164
0d8d136efc873a32,2020-01-02,1484862164
64508645d602bc04,2020-06-03,1484862164
6e4a083dfab48ed0,2020-05-28,1484862164
f5a60f6d15c02790,2020-04-02,1484862164
dfc3d365ebf82f58,2020-06-25,1484862164
fa5233fb01fe5b84,2020-05-21,1484862164
6191d28a1a2646b8,2020-09-18,1484862164
4abe01d805588cd5,2020-07-29,1484862164
eb0cd40c777b217d,2020-08-13,1484862164
ae0755120aa82bd9,2020-08-05,1484862164
8598ec2fab76aba5,2020-10-01,1484862164
6a5b8d0a83fe1371,2020-12-09,1484862164
9f3d165599f4f36e,2020-12-16,1484862164
48f13b32357846bb,2020-11-02,1484862164
bf87686c9609310d,2021-01-14,1484862164
4f750028f8b0a3ab,2021-02-18,1484862164
1db5f6070bcd2a02,2021-03-10,1484862164
c0218dd95bf62901,2021-03-03,1484862164
add9d7cb54563817,2021-02-25,1484862164
89d4c0794c131e4b,2021-05-06,1484862164
d8da41d6d68818ea,2021-06-03,1484862164
50bc87f293a73d8e,2021-04-29,1484862164
37936dc10188f1a7,2021-04-15,1484862164
1431126be122155d,2021-07-08,1484862164
3b402b022b3a2f00,2021-08-26,1484862164
718c5bb483aa9059,2021-09-09,1484862164
d32ddb30862374b5,2021-07-01,1484862164
13908c546223a516,2021-09-30,1484862164
071601f5f4431e37,2021-10-28,1484862164
dcb8c4dafcb515c1,2021-11-25,1484862164
3ccd5fadabaa7476,2021-12-30,1484862164
6402413c0dd23112,2021-12-29,1484862164
15e5b177b26d0488,2022-01-13,1484862164
3f5809648f904e6e,2022-02-10,1484862164
2354bd189e66c372,2022-03-31,1484862164
0f3d80d20b3e8363,2022-02-03,1484862164
c3e8e4241fd7a02c,2022-03-03,1484862164
52f6e1236c55f813,2022-05-12,1484862164
2cd46d9d255e5aad,2022-04-05,1484862164
fbaad78d86990775,2022-05-19,1484862164
c3cd9ab7efe96cff,2022-05-05,1484862164
cb10ca09c26e67e7,2022-06-09,1484862164
a8674b8b294166af,2022-09-08,1484862164
08047aa56d8c2da4,2022-07-10,1484862164
8efc5d134ed7a3f1,2022-07-21,1484862164
25e5d8f07c4bece3,2022-08-04,1484862164
829f39e194a61729,2022-10-06,1484862164
f724b1d962a30ec6,2022-12-15,1484862164
57677d072c0784ea,2022-12-08,1484862164
bf267dd79e564121,2022-12-22,1484862164
fcc66afa78faf4d7,2023-03-30,1484862164
7c3dca8bc82731f0,2023-02-02,1484862164
5580ebd2a2bd9d73,2023-03-09,1484862164
caedaac4bdc2197e,2023-01-12,1484862164
55a018f0c70a8dd3,2023-01-19,1484862164
fe90bc43a3586d00,2023-05-25,1484862164
5c346acb3f576358,2023-05-04,1484862164
fee73688f096db6b,2023-05-11,1484862164
fb1afd808b4fcc02,2023-06-15,1484862164
47cbff221942892a,2023-07-13,1484862164
fbc5b7cfcd3e1157,2023-09-14,1484862164
be2af5329d24c162,2023-07-06,1484862164
5d169f45f26c5da2,2023-07-27,1484862164
65c774b183f02730,2023-08-31,1484862164
9545fcc90f4f378b,2023-11-30,1484862164
09f5ba3e982722cc,2023-11-02,1484862164
ecb259723b3ef314,2023-10-26,1484862164
63cb35a651bd8436,2023-11-23,1484862164
01a72a6534d9cac0,2023-11-09,1484862164
e83aa0681b343f6c,2024-01-18,1484862164
ddb6e835ba43a05d,2024-01-11,1484862164
e4c378cbd2184c05,2024-03-14,1484862164
161a2c9de3846f48,2024-03-07,1484862164
dde06ed6fa59e741,2024-06-20,1484862164
46f41881181c7ef0,2024-04-18,1484862164
31e84f95aa7edf2f,2024-04-11,1484862164
a13d69274814ab34,2024-05-09,1484862164
059f40d06d4ef32d,2024-05-16,1484862164
9fcd419f2a73f82f,2024-07-18,1484862164
615620c8aecd6310,2024-07-04,1484862164
b509f7448d6f1025,2024-08-21,1484862164
7eb5649188b4efc8,2024-09-05,1484862164
9bf797be38e9e815,2024-08-20,1484862164
528509979bfea42a,2024-08-08,1484862164
382afc9643979e73,2024-10-24,1484862164
68d5bcd17bc257fb,2024-11-28,1484862164
1e2466e121abb9e7,2024-11-03,1484862164
1e58bc9b23b2ff93,2024-11-21,1484862164
48eab7d2ca8641ff,2024-12-26,1484862164
b30bccf811d2170a,2024-10-03,1484862164
a4dadda990dbdf51,2025-03-13,1484862164
e2de6384d67ab3a6,2025-01-09,1484862164
58bf13aabfd8506b,2025-02-27,1484862164
9d48fb21a64691e0,2025-02-13,1484862164
d9b4710adbae306b,2025-01-16,1484862164
4aea6c74d4a3d96f,2025-05-01,1484862164
521f59b643759c2b,2025-04-03,1484862164
d1c287b5890d29aa,2025-05-15,1484862164
25f6a4a7fd085161,2025-05-29,1484862164
e4563f73fa0309b3,2025-08-14,1484862164
da03aeb46d7cef6a,2025-08-28,1484862164
7250b22fd5a90e85,2025-07-31,1484862164
0d90222f0d31cb30,2025-07-21,1484862164
cbe2b7f3e09fa9b1,2025-09-25,1484862164
6abf088d9ec7a6f8,2025-08-07,1484862164
085a32e1d7bdcfd0,2025-10-16,1484862164
b774a39eb274ee34,2025-10-02,1484862164
6b5a0240db4ecbed,2025-10-30,1484862164
e647695d02542510,2025-11-13,1484862164
10045ebdfc0d9856,2025-12-25,1484862164
fb61d1cb592cdeab,2025-12-18,1484862164
e2bc1506797aab5e,2026-02-12,1484862164
92dd74294d330266,2026-02-05,1484862164
1cf68fb61e99734d,2026-02-02,1484862164
cb2c368710ed8211,2026-03-19,1484862164
09f3c0d49a3d548a,2026-02-26,1484862164
913b687e12c85840,2026-01-08,1484862164
7a7a2cda1fa8d89b,2026-06-04,1484862164
ae661246559f1a95,2026-04-16,1484862164
f3c3cb053f5c4ea7,2026-04-02,1484862164
3be57b8cd67aba4b,2026-06-11,1484862164
9403a95f2698663d,2026-04-09,1484862164
9a6b054a32b5f3b8,2026-04-23,1484862164
25e81a8d72337bf1,2026-07-09,1484862164
65b905e3224bbb61,2026-07-02,1484862164
6e418db6d57586f4,2024-12-25,1485021241
af33a659d5d5653c,2024-12-11,1485021241
157bc4ce5fe2d99a,2025-01-22,1485021241
839e6308bb4f70e2,2025-02-19,1485021241
c3f8c51fcdcb6dd4,2025-01-01,1485021241
2c703ccd876c290d,2025-02-26,1485021241
47b181ccc76a307f,2025-01-29,1485021241
5b62d443133b4c49,2025-03-12,1485021241
b02f7babd88ea28f,2025-06-11,1485021241
7f79959a7d9cfb30,2025-04-30,1485021241
3663b422f5a48cb1,2025-05-14,1485021241
c8f09388cd39c382,2025-04-02,1485021241
473970bca1077ff9,2025-04-16,1485021241
36adb189794b4566,2025-05-16,1485021241
7e562a2c0e55f252,2025-08-27,1485021241
f8ef728b475c9726,2025-09-16,1485021241
ae4e10d73d7a55fa,2025-07-30,1485021241
75fa2bab56594716,2025-09-05,1485021241
b247edfdc916d68b,2025-08-06,1485021241
7a72d0ca2a2f542c,2025-07-23,1485021241
a8478aa905f7624f,2025-11-06,1485021241
11d04ceca452ae96,2025-12-23,1485021241
e611d5ad1eab0af7,2025-10-15,1485021241
e56a59bba28662f1,2025-12-03,1485021241
4c99c3e248bcb036,2025-12-17,1485021241
a949ba6693edb062,2025-10-08,1485021241
4156d87513454da8,2026-02-18,1485021241
cbafc5fc65180e7d,2026-02-11,1485021241
43cd124b7b530fc1,2026-02-04,1485021241
d00b04074717d718,2026-02-25,1485021241
f5e381ba12637243,2026-01-14,1485021241
7ceb746c86c4fc62,2026-01-07,1485021241
a0071a579feb527a,2026-04-20,1485021241
181af94c8ae40004,2026-06-17,1485021241
7ba255dcd4681d49,2026-04-22,1485021241
2ebb55b01bcc966a,2026-05-15,1485021241
96afcfd7e442dddd,2026-05-20,1485021241
3808a82bfe4f12a3,2026-04-15,1485021241
3612447a045e1a96,2026-07-01,1485021241
42a0ab2858029071,2026-07-08,1485021241
9e782dd0c97980cb,2019-12-02,1485186805
527b48c1f0f6b6f6,2019-12-11,1485186805
111bf98d4c1cca12,2019-10-31,1485186805
f6adb8fad9e3e56e,2019-11-11,1485186805
f1745df26dced060,2019-11-25,1485186805
cbcb74a934bcbea5,2020-01-17,1485186805
e88a71aa084c04da,2020-01-16,1485186805
616c43a7c7932b1e,2020-01-06,1485186805
88452ce739f0d364,2020-02-14,1485186805
8ba8eafe41663e5c,2020-03-18,1485186805
790fa09d95712795,2020-04-03,1485186805
33edd75c313ad744,2020-05-16,1485186805
3595833c7f006725,2020-05-06,1485186805
d8a53012cbe4ad91,2020-04-24,1485186805
a3f96784e70a8c35,2020-09-04,1485186805
b0e95af4b53ab45f,2020-08-07,1485186805
1583913ab4251742,2020-08-03,1485186805
5961db68cc85cce3,2020-07-08,1485186805
915dbf5a3222ca1f,2020-07-27,1485186805
a0d837e73c5a16e5,2020-10-15,1485186805
231da8a8c670e748,2020-11-17,1485186805
108dc3e47c2da7fe,2020-10-07,1485186805
c93efb1de8aa73ad,2020-10-03,1485186805
cc14a721c5955635,2021-02-17,1485186805
7dbd07fa7b884816,2021-03-08,1485186805
d3ec7bee3cb330ff,2021-02-16,1485186805
f362b04e9b22fc6c,2021-01-05,1485186805
d9d2fe0f05575c42,2021-05-12,1485186805
3b713475a98aee5d,2021-06-23,1485186805
1d546f80662b0f17,2021-05-27,1485186805
2e910691910ad3cb,2021-05-27,1485186805
851328977574ff56,2021-04-01,1485186805
46171533705ae201,2021-08-06,1485186805
787f28e7a35fb081,2021-08-24,1485186805
7f057dfdbfc16452,2021-07-03,1485186805
c89abfda77cdadd1,2021-07-23,1485186805
cfa2cbee32cd9cf9,2021-11-10,1485186805
196d71f748db158f,2021-10-27,1485186805
08552125598fd55e,2021-12-14,1485186805
d4a9da78f89e73bd,2021-11-22,1485186805
a7d42d7c0d9af95d,2021-12-31,1485186805
74ebd2b24d4cb64c,2022-01-10,1485186805
6e1cc40fe8ae5dac,2022-02-10,1485186805
ae42a9452b2b9923,2022-03-12,1485186805
5326b2dfdfc402da,2022-01-28,1485186805
e5e3257a8ed8609b,2022-01-19,1485186805
de3d3a1abd28f750,2022-04-21,1485186805
c76399e1c40f6f8f,2022-04-18,1485186805
40dd146467956374,2022-05-31,1485186805
c9469b957d28cadc,2022-04-28,1485186805
3731fac1188dbfbf,2022-08-15,1485186805
4a9635dffa7a6e8c,2022-08-05,1485186805
caa75940b7f79b44,2022-08-11,1485186805
e9a03a57daf6977b,2022-08-22,1485186805
871f4d380e77a4a9,2022-10-17,1485186805
c14e5fb05d25029b,2022-10-01,1485186805
c8be6fb5bc12ccd5,2022-12-16,1485186805
96fe85b530385dd8,2022-11-25,1485186805
abfbba995f73a3d0,2022-12-22,1485186805
4dadd5e8e03c44aa,2023-01-06,1485186805
bf053c653178220f,2023-01-01,1485186805
963a39388e47ce71,2023-01-24,1485186805
35e2f79f645e7e4c,2023-02-21,1485186805
1e756ba7710537ba,2023-01-17,1485186805
6b8046aa933cd431,2023-05-25,1485186805
e4cca7eb1da8b940,2023-04-10,1485186805
01b9fd29ae30c1c0,2023-05-15,1485186805
99dc15962392dfc4,2023-06-28,1485186805
5175121149bae7a5,2023-05-31,1485186805
e4f921b5dbd6c65a,2023-07-31,1485186805
834cc6610d6c1e9d,2023-08-05,1485186805
c50b5992712ce0e1,2023-08-21,1485186805
00bc3b09720fe269,2023-08-17,1485186805
e103ac00da4f5ffb,2023-09-04,1485186805
db746a68f943665f,2023-10-02,1485186805
e250f54c27338be2,2023-10-21,1485186805
904fb15309cb4a17,2023-10-04,1485186805
717e60d2c3ff3feb,2023-10-09,1485186805
7be3dff986ca9217,2024-01-16,1485186805
0093973b3bc33874,2024-01-10,1485186805
c414e258ceb6450e,2024-01-08,1485186805
f1c186a6f1f18429,2024-02-01,1485186805
8033e4832cf0a43a,2024-05-28,1485186805
6da39c706f42b587,2024-04-21,1485186805
3d13c4117a04c680,2024-06-21,1485186805
18d2cc049e2f6588,2024-04-24,1485186805
d7887cdc326830c3,2024-08-16,1485186805
266dab882120b542,2024-09-17,1485186805
e9c2772d8dd56265,2024-07-10,1485186805
0cad3b11878c85e5,2024-07-25,1485186805
92c1d8e03bdff9a1,2024-07-11,1485186805
c12d2b013d114318,2024-07-24,1485186805
af33bd3aefeb0aa9,2024-12-13,1485186805
244e396fa5ea3a32,2024-11-18,1485186805
d97cd82a27a24fb6,2024-10-07,1485186805
728d2a125b1c6a72,2024-11-24,1485186805
0a9660a82b952119,2024-10-08,1485186805
3d3d95ccd585d14a,2024-12-05,1485186805
d3031713423a76f8,2025-02-28,1485186805
a40e21c0e7aff679,2025-03-25,1485186805
dc78668cf6c84cf0,2025-03-17,1485186805
5b494a8714bc985e,2025-01-15,1485186805
03c21abcd5950423,2025-02-17,1485186805
fbe4f7450bc0f031,2025-05-07,1485186805
1626b68a061ec044,2025-05-12,1485186805
a84a068a7b9be340,2025-04-06,1485186805
bd2044c5ed0eea23,2025-06-13,1485186805
669da392c2e87af3,2025-05-09,1485186805
71734e66f99e919c,2025-04-21,1485186805
18f3b72d6835722f,2025-07-23,1485186805
485c885b7df72b86,2025-08-13,1485186805
b33b0b6edae2043d,2025-08-30,1485186805
aea9c2385f39c5a8,2025-09-25,1485186805
66e61083a8880eca,2025-08-15,1485186805
c6d790cd7e0ba6a8,2025-07-30,1485186805
17264a800439c7a7,2025-12-03,1485186805
312567a51d034c6b,2025-10-11,1485186805
91a960097edf1813,2025-11-16,1485186805
e298024a9ff9b9d6,2025-11-08,1485186805
0a3792a6a4b87de4,2025-10-08,1485186805
1f90520f798b6194,2025-10-06,1485186805
32f5f4d8e49b7e1c,2026-02-28,1485186805
eb1efe143c85685c,2026-02-14,1485186805
a94cc02253bb7565,2026-03-03,1485186805
0d598abd27cfecac,2026-01-31,1485186805
834767941ea480f0,2026-02-06,1485186805
847175ea25c75863,2026-03-30,1485186805
51c59129314c0173,2026-05-16,1485186805
1d9fb237cfedd766,2026-06-11,1485186805
68e4c11fe5a63c46,2026-05-25,1485186805
eb4914fa36ed1f8e,2026-05-23,1485186805
857f7543a31d126f,2026-04-10,1485186805
5d3278287740adfe,2026-04-13,1485186805
8bf9d630794c47a5,2026-07-03,1485186805
bd1c873b1cbaee6b,2026-07-02,1485186805
330c61b442abfcbf,2026-07-12,1485186805
da30135114622553,2022-08-20,1485351658
8e3c5bbfc66c1d99,2022-09-27,1485351658
4173d54216fa5a8e,2022-07-25,1485351658
bba642ca4ceb066a,2022-09-26,1485351658
80ca355f035b5a9d,2022-09-27,1485351658
e3e14a7b6bfb2331,2022-12-08,1485351658
0b5e549e1b487342,2022-12-07,1485351658
cd5540a12313c2aa,2022-11-18,1485351658
36fd6c08274a8608,2022-11-23,1485351658
0fabbb5969b64817,2022-11-25,1485351658
056239e7f2ecb323,2022-11-09,1485351658
ccba862e7aa37a88,2023-01-14,1485351658
005ff763b31af509,2023-01-05,1485351658
e912b3708f3ae4cb,2023-03-08,1485351658
5daef04d62841549,2023-01-11,1485351658
ae70d57fc5e5542e,2023-03-02,1485351658
845796f2efc7776a,2023-05-15,1485351658
8c6c22bb4ea11ac4,2023-05-10,1485351658
d3512a365bd68b19,2023-06-09,1485351658
16e1fe36d807f394,2023-05-01,1485351658
7d94afe8f7b79890,2023-05-20,1485351658
414fb4a7097402c1,2023-09-08,1485351658
05f76d3ac1402496,2023-08-05,1485351658
eece1c0d1fd20d32,2023-09-19,1485351658
e41acbee4c3e0a0b,2023-09-13,1485351658
1b993b0cf733494f,2023-08-01,1485351658
4449d24047bbf60d,2023-10-17,1485351658
286368298a86df81,2023-12-04,1485351658
3eaccd05863dfd43,2023-10-20,1485351658
d44e957244142762,2023-12-09,1485351658
953dc690156c7f58,2023-11-11,1485351658
533b3c0554b3ece2,2024-03-21,1485351658
43255f53457612fe,2024-01-06,1485351658
eb714bd0a2a049f8,2024-02-02,1485351658
1b27814d045657b2,2024-02-01,1485351658
26910345d9e26101,2024-03-07,1485351658
f881617c0267128b,2024-04-03,1485351658
ddb7d03739185cab,2024-06-01,1485351658
efa95420d95abeac,2024-04-30,1485351658
a71fb0a9b5e05681,2024-05-18,1485351658
558089946b1a7f22,2024-05-07,1485351658
dfd16dab6ba9bb51,2024-09-09,1485351658
12ddfc47e8a0cc69,2024-08-02,1485351658
0e840b6d1e04d5c4,2024-08-03,1485351658
3eb43ef022ead8fe,2024-08-24,1485351658
a6d656b2058c49ed,2024-09-25,1485351658
f4ef567ebe536394,2024-12-19,1485351658
c94d01544880d639,2024-12-21,1485351658
e571ec912124010c,2024-10-10,1485351658
519d8396cf384b77,2024-12-16,1485351658
de4813f23b467a4b,2025-01-21,1485351658
08c4b3686ceb02d2,2025-01-30,1485351658
4942a36c0de9cd28,2025-03-11,1485351658
9ec818ca0736b3ff,2025-03-05,1485351658
e6f14b8baa917910,2025-01-06,1485351658
f6a51834621dc3f9,2025-03-03,1485351658
e3432002f31a9327,2025-06-27,1485351658
5b790e5b86fcf8ef,2025-06-17,1485351658
f65d42e9fc6d7584,2025-05-14,1485351658
dc46410c8ede5480,2025-04-21,1485351658
1fb5dcf02c2d98e8,2025-06-27,1485351658
3f88c097b34ea001,2025-04-11,1485351658
704239077e4dd7f0,2025-07-21,1485351658
f85dacd6736aece5,2025-07-15,1485351658
dc9b4e084b1f2a8b,2025-08-04,1485351658
42bf83159de670f1,2025-09-24,1485351658
fe382b138bc7ce54,2025-08-25,1485351658
6a90d864b98b92bf,2025-08-07,1485351658
cea06da014e0b156,2025-10-21,1485351658
8c986d30437eac9d,2025-10-31,1485351658
bc91dfb9a51bc34f,2025-10-01,1485351658
018ebf2d4d6b7167,2025-10-17,1485351658
edda88c88d1d5ccf,2025-11-20,1485351658
8d037e504bb820ba,2025-12-04,1485351658
52b719e38186a37c,2026-02-11,1485351658
05d7e4ac99a3cc3f,2026-01-29,1485351658
ad859c912366ad37,2026-02-27,1485351658
6bc05cbad4375927,2026-02-13,1485351658
4d644a58e96b8ea5,2026-01-09,1485351658
f536375cd6e6da82,2026-01-16,1485351658
3a1b8c53c03a6cdb,2026-04-15,1485351658
82438c5b3d2bc1ab,2026-05-29,1485351658
aee3fdd624363322,2026-05-14,1485351658
cd3521d4abd7b1d9,2026-06-19,1485351658
455a16f6f928dde8,2026-06-13,1485351658
c558aa1ec8c8da8c,2026-06-15,1485351658
e7af29f7ed9949c0,2026-07-09,1485351658
8d03c6cb9433d70f,2026-07-09,1485351658
1608bf6b03e7e729,2026-07-08,1485351658
514995fe5537c9f5,2026-07-08,1485351658
598da064bb90b479,2019-12-13,1490993194
9268fdc0845b5e94,2019-12-10,1490993194
20b90de49cd21f06,2019-12-24,1490993194
44c4db46bd06a601,2020-01-03,1490993194
7768af84f8ceb589,2020-03-10,1490993194
12f5750904792e96,2020-02-03,1490993194
1af3aff104579744,2020-03-27,1490993194
1801843522a265a9,2020-02-26,1490993194
40e934a37454c318,2020-02-18,1490993194
45c39664bf2b9aa7,2020-04-10,1490993194
19caf423b3ca3b4b,2020-05-01,1490993194
fd8ec8cb892cd49a,2020-06-19,1490993194
10847a8760e50a02,2020-05-29,1490993194
38f7e5891ce2ddc8,2020-07-17,1490993194
fc389eda9249bcbf,2020-07-28,1490993194
9f53f1b25673c540,2020-09-04,1490993194
bb657ab7c5d780f5,2020-08-28,1490993194
4be8f37b5582e671,2020-08-18,1490993194
25b0f4d97f16d778,2020-10-13,1490993194
28007cfbbeef76b1,2020-10-27,1490993194
c247b3f4d8102c7a,2020-10-20,1490993194
98fdf816596b23fc,2021-01-26,1490993194
d4da473da37a6f57,2021-03-30,1490993194
9fb890e9384f234d,2021-03-12,1490993194
ca66e601245aa15c,2021-01-15,1490993194
f281d0cba920ab54,2021-01-08,1490993194
0eadc4d6094d6049,2021-04-23,1490993194
7a3e81a8c5fec064,2021-04-09,1490993194
1f00d9d77dd0a1c6,2021-06-25,1490993194
08b6d922305c953e,2021-05-04,1490993194
6a500dd77d1075db,2021-09-14,1490993194
33e2236ffc003938,2021-08-18,1490993194
1c5022199a2e93eb,2021-07-27,1490993194
deddff6fba9558a5,2021-08-06,1490993194
d76baa2bae62152b,2021-12-10,1490993194
d1cc9d3c1f81fee4,2021-10-06,1490993194
5d2620e1249f82ea,2021-12-14,1490993194
ddf8b162bd753dd2,2021-11-06,1490993194
863446c14f69c889,2022-01-07,1490993194
598cb74ebd27966d,2022-02-08,1490993194
1af53c4150ee919e,2022-02-01,1490993194
0fe92314b086bc0e,2022-01-04,1490993194
be8f5508aecfb2b5,2022-03-15,1490993194
922d14c7bdac257a,2022-06-24,1490993194
6d9b0d4cc5964d67,2022-05-17,1490993194
7a5756f260815b7d,2022-06-16,1490993194
f15fdacddf805dd4,2022-05-20,1490993194
7657d85b49e88ae7,2022-04-01,1490993194
ea81b3241c52c620,2022-07-14,1490993194
f354ed92b15cb6b5,2022-09-02,1490993194
69f5a02c2000f8d4,2022-07-26,1490993194
6bc0aadd382f704e,2022-07-19,1490993194
864f3a1559cf4fe9,2022-09-20,1490993194
03be6ef18ecd4c4f,2022-12-08,1490993194
e7e8a6fe3bd74f75,2022-10-25,1490993194
21a136ed8b2aad8d,2022-12-20,1490993194
4312b422bd23684a,2022-11-29,1490993194
3d4ae71ab0214284,2022-10-06,1490993194
a585e8cd235f7816,2023-02-07,1490993194
8abbafd53fddf266,2023-02-16,1490993194
a87cf194a41e22f6,2023-01-04,1490993194
b0e94fe73f0e9d24,2023-01-10,1490993194
d4bf32c926165d2a,2023-03-02,1490993194
b482babdc92cf5fe,2023-04-02,1490993194
16b5655e3bf2c489,2023-06-24,1490993194
38a759ee45bdddc9,2023-04-04,1490993194
fe00926d2290fcfb,2023-05-11,1490993194
e913c382a12a998e,2023-07-29,1490993194
ac9b5f047d95a775,2023-08-03,1490993194
e67c4b0ebb9b6d57,2023-08-17,1490993194
f11cf65ab2138e46,2023-08-16,1490993194
e179d56e4634344d,2023-11-09,1490993194
406f97461c6aa977,2023-10-24,1490993194
4f876b29bb2b04b0,2023-10-26,1490993194
dd03823315b22b2f,2024-01-09,1490993194
b36eac75181c06ea,2024-03-07,1490993194
566953d9d81489c5,2024-03-19,1490993194
54e0b941c83f2117,2024-01-23,1490993194
9155acf08b62c8ec,2024-03-14,1490993194
528a50d099e5cce3,2024-04-04,1490993194
5d091b2de3286db9,2024-05-09,1490993194
c62c8925df8ebab7,2024-05-31,1490993194
cf5b161dfb9b436c,2024-05-02,1490993194
e570f4a0e3f025ef,2024-06-11,1490993194
551178fb9b9c55b1,2024-07-09,1490993194
4dd8998023dc2414,2024-08-01,1490993194
d46bc9ab582e2b91,2024-08-13,1490993194
770b55bd28456932,2024-07-13,1490993194
d92f5f9c1f86622f,2024-08-08,1490993194
9e86046abb676ce6,2024-12-17,1490993194
d1967ce19152d08e,2024-11-08,1490993194
6d7f12f7c883f30e,2024-10-01,1490993194
7ef8be3f4c73780b,2024-12-19,1490993194
b69e27122e6c6b76,2024-11-19,1490993194
9f647b00e61dfbf5,2024-12-10,1490993194
6d33bddf083c00f6,2025-03-25,1490993194
ee00287010252886,2025-03-27,1490993194
9604e304f54d7a09,2025-01-14,1490993194
7c55edb07c6b82e5,2025-01-16,1490993194
b7580c4d6e8f632a,2025-02-06,1490993194
8ba5055b6d7fec62,2025-01-09,1490993194
d7ec95d797b06572,2025-05-20,1490993194
784bafbbcdeaddd5,2025-05-16,1490993194
b0168507358e109d,2025-05-29,1490993194
6cc3556a1491fac4,2025-04-22,1490993194
52105736f44fa72b,2025-06-24,1490993194
55b09363d53a4c80,2025-04-09,1490993194
44c18c5b8c71ec1b,2025-07-29,1490993194
00d47d8c2f72f752,2025-07-10,1490993194
02e18cff3781df71,2025-08-26,1490993194
ca1784d3b5a144fd,2025-07-22,1490993194
157a4e3baca282aa,2025-07-03,1490993194
9f92fefa060dffd5,2025-07-24,1490993194
2488cf10e5aef46c,2025-12-16,1490993194
a29d27a3896654cf,2025-10-09,1490993194
a65831b59f6da808,2025-10-30,1490993194
c71c24d1f1260e98,2025-10-01,1490993194
9ecbdca64b8755d7,2025-11-13,1490993194
b4d26ea255b65299,2026-01-27,1490993194
71875d221fdca36c,2026-03-10,1490993194
a2f5446afe9bc4b9,2026-03-17,1490993194
e6c81e305e799aef,2026-01-22,1490993194
006a6da61583a5d6,2026-02-05,1490993194
6ae069c4c86daab0,2026-02-19,1490993194
9e62574afd3dfb48,2026-05-19,1490993194
5b8d318d882e065e,2026-04-02,1490993194
7e87c6a43d52a7e6,2026-05-21,1490993194
7ed9f12cce2bc6c8,2026-05-07,1490993194
62bfb4e7c45cac48,2026-04-16,1490993194
71af106121c4d548,2026-05-14,1490993194
08db3341aeafd4e8,2026-07-09,1490993194
abe02353ae9fe070,2026-07-01,1490993194
3171740fc7874ade,2026-07-14,1490993194
df5d10dcd4bf1aeb,2026-07-07,1490993194
d44e5dbf539020f8,2020-02-08,1493858530
6345793963a7e079,2020-01-24,1493858530
5b1fcd47e236e414,2020-01-10,1493858530
45a053f9d2b529b2,2020-01-06,1493858530
ec110550ff99d77d,2020-03-20,1493858530
a2422d9c07f96499,2020-04-17,1493858530
7c002f8cf3733edb,2020-04-03,1493858530
88aa6c3e585580af,2020-11-16,1493858530
84697815c8937253,2020-10-23,1493858530
f8a181bd49746df4,2021-02-19,1493858530
549012095a8c28c2,2021-01-07,1493858530
553f90e51581d2f1,2021-01-07,1493858530
cd1f3480c138f6bb,2021-01-15,1493858530
5e1b42f3979a3879,2021-03-15,1493858530
b88e8bd85599ce83,2021-06-30,1493858530
7a67b565e7204673,2021-05-21,1493858530
7756146b51f95c64,2021-05-21,1493858530
c2b6ec64ec819de8,2021-06-16,1493858530
e7ae426c15ef018a,2021-06-23,1493858530
7163aa8012e7b642,2021-05-05,1493858530
dfd48532fab53156,2021-08-25,1493858530
ab0e1b41540115aa,2021-09-08,1493858530
941b2c23328adcfc,2021-08-11,1493858530
86e9d5e876c012cd,2021-07-07,1493858530
9a622ea4484655fd,2021-09-22,1493858530
6a9c917b26037b54,2021-12-01,1493858530
686d615919a26a37,2021-12-08,1493858530
622b61da7af759fd,2021-10-06,1493858530
2cd829e75956b53d,2021-10-27,1493858530
02fc8c4169620a1e,2022-03-16,1493858530
ff93f43285aab9e1,2022-03-23,1493858530
009cdaf86b9eebdb,2022-02-09,1493858530
d92201b3b0efb23d,2022-03-30,1493858530
ffafa2efa8346eff,2022-03-09,1493858530
2313d995043836bf,2022-05-11,1493858530
9fe4c5f537aaea5f,2022-05-18,1493858530
14e2863d5ab094c0,2022-06-15,1493858530
8cf75319dfc9d060,2022-04-06,1493858530
a91812c955d8bb2e,2022-07-06,1493858530
815ba5f66c8b2234,2022-07-27,1493858530
6e8ab3a39981958f,2022-09-07,1493858530
ac48a4022f52f659,2022-08-17,1493858530
e5f2133f8f4cd4b2,2022-08-24,1493858530
3fae870ba0485c06,2022-11-30,1493858530
f9661b9f9b9d6ff5,2022-11-09,1493858530
68a713767836cd36,2022-10-12,1493858530
8b5c79aafecb6595,2022-10-05,1493858530
d4c0cf3ceeecc21b,2023-02-01,1493858530
03b46fc99ffbf79b,2023-03-01,1493858530
4247797ff392a7bc,2023-03-22,1493858530
4c280c80ddaafb7d,2023-02-08,1493858530
490d3ba373bad38b,2023-03-15,1493858530
ee93674a21d96e08,2023-05-10,1493858530
fd8760e27c455870,2023-04-05,1493858530
551023da11942379,2023-05-17,1493858530
f1bbc5754046b7aa,2023-05-24,1493858530
a132e3c2558f92c3,2023-05-03,1493858530
44eb2f02bd4e35e1,2023-07-26,1493858530
4ac7666d81b7817f,2023-08-30,1493858530
8f1b0ebcd266fc20,2023-09-13,1493858530
851ec375f705b010,2023-08-14,1493858530
85e7623fda7202fa,2023-10-04,1493858530
6e4a0f5830a1084e,2023-10-25,1493858530
e8b77e74d3901b27,2023-10-18,1493858530
d0fd1ace95aebb6e,2023-12-06,1493858530
f9f1781c21a7592b,2024-02-28,1493858530
9ca3db8670930ea4,2024-02-07,1493858530
995f757fc2d5d357,2024-01-31,1493858530
3cee02085d7ac4e8,2024-01-10,1493858530
3fee8edfa6fe0558,2024-04-10,1493858530
f44dbb887d22c1a8,2024-06-19,1493858530
828e9b0098853b24,2024-05-29,1493858530
115ab5a7dea07a42,2024-06-26,1493858530
2094351b1fcb4423,2024-08-21,1493858530
7d2db9c0f11e13bf,2024-07-17,1493858530
20ddaff03fa9f588,2024-09-25,1493858530
857f695afe95ba2a,2024-09-04,1493858530
8ce2f551cbd0fc8e,2024-07-24,1493858530
bbf577d26d03430a,2024-08-14,1493858530
60774e4b5aa0308d,2024-12-18,1493858530
9e4c97a34be1875e,2024-10-16,1493858530
e46711882290a15c,2024-12-25,1493858530
40d06755025ae7b6,2024-10-23,1493858530
6021ce690e7e30c9,2024-10-09,1493858530
963c5a373ca6e1aa,2024-11-20,1493858530
94afcffb2277ff30,2025-01-15,1493858530
1297e4224f7734d1,2025-01-22,1493858530
4fb223dccaca5ab7,2025-03-26,1493858530
157e9808a37b4a5d,2025-02-05,1493858530
23996db3185070c9,2025-02-26,1493858530
f8a521ee6baf0d16,2025-01-08,1493858530
be9d4f6e355c9cb1,2025-06-11,1493858530
26627cbd3cf11025,2025-05-09,1493858530
075e8f9d22a21eaa,2025-06-25,1493858530
62521d41dac50559,2025-04-23,1493858530
425ab8eb518b3861,2025-04-30,1493858530
73744a3bb98b0fb2,2025-06-06,1493858530
306619f836056c99,2025-07-02,1493858530
2e29a4414690ef48,2025-08-22,1493858530
8915fe1154430932,2025-08-29,1493858530
e005e334896123d5,2025-07-09,1493858530
303a55fae59939a1,2025-07-04,1493858530
5088aff9e4589f81,2025-09-10,1493858530
6b1db518e11095fd,2025-11-28,1493858530
0e46f64b56405f61,2025-10-01,1493858530
c2c9a115540961fb,2025-11-19,1493858530
a118a6b3efd84f1d,2025-10-15,1493858530
3040ea09527fa804,2025-10-08,1493858530
4542ea5df028ffdb,2025-10-03,1493858530
35b8fdcfbc14e61c,2026-03-04,1493858530
beccd507f05408da,2026-02-27,1493858530
d86f5d568a9c7bad,2026-02-06,1493858530
76bdae386d6e4efc,2026-01-28,1493858530
4ab7d98193b6884b,2026-01-23,1493858530
e763eac569902a2f,2026-03-27,1493858530
91a22e568bfd2a36,2026-05-29,1493858530
9418b208a68ddb40,2026-05-20,1493858530
f3c8fffe965dacb5,2026-05-27,1493858530
7cfa6c1fb1c0b0b8,2026-05-08,1493858530
cb56ae4e0fd71aec,2026-06-19,1493858530
8083fc2c4d13ed27,2026-04-29,1493858530
ad2c0840af231606,2026-07-10,1493858530
11795bf1a95ddc4b,2026-07-01,1493858530
9b3c0c4906138afe,2026-07-03,1493858530
ba70619afe629e2b,2026-07-08,1493858530
02c1f341ad361dd3,2020-01-17,1494037881
8a69725d631ca873,2023-10-27,1494037881
b742f1a207f1328a,2020-01-29,1495251160
af013ba4c4e51cb0,2020-03-11,1495251160
c3151ac4e67c876a,2020-02-07,1495251160
f64400a4c2dafb8b,2020-03-27,1495251160
dfbc87d1173b53bf,2020-02-14,1495251160
01074a348c24a4fd,2020-05-01,1495251160
38c235317e73d124,2020-06-24,1495251160
dc3ffcedb9c369e8,2020-06-12,1495251160
439f24378a8878a3,2020-05-22,1495251160
0d258921fcb58399,2020-05-13,1495251160
23345df4d4a847ff,2020-08-11,1495251160
d6263d33106df55e,2020-08-19,1495251160
a8d0227b8c7ffc97,2020-09-04,1495251160
b189e7a46106a94a,2020-09-30,1495251160
f13d8aa6adcd7e14,2020-11-26,1495251160
e1537bc721817a03,2020-11-18,1495251160
54b1e9b863ab6e25,2020-11-12,1495251160
fc2b12ec337573cb,2020-11-03,1495251160
3e0351a39a41d2b5,2020-10-14,1495251160
e627cd70500140f2,2021-03-11,1495251160
8ec62586aa82c049,2021-02-16,1495251160
6d6b677ec1f8395f,2021-01-13,1495251160
42a8c7d38a377da9,2021-01-08,1495251160
68dfba971815dd11,2021-05-19,1495251160
ad8bc17bc46cc7cb,2021-04-13,1495251160
a892ffa4f8622791,2021-06-08,1495251160
0a2fcb84866879ed,2021-09-17,1495251160
2f15201d9f7d8275,2021-09-28,1495251160
91e0c996a5b366f3,2021-07-11,1495251160
51010eb03c401f3a,2021-07-28,1495251160
f0fc5251ce53fa73,2021-09-25,1495251160
2b8d48f6bc19f111,2021-10-06,1495251160
bc8ddf4528a080be,2021-12-23,1495251160
6399747bacf25411,2021-11-17,1495251160
f06a1d7597f5b16d,2021-11-30,1495251160
f3ec0cb144ce1c38,2022-01-06,1495251160
c540e3e2a3c1ba91,2022-03-26,1495251160
54f5c3ef443c8144,2022-02-23,1495251160
048336e5503feb94,2022-03-12,1495251160
aefb94f5ed574256,2022-01-20,1495251160
7f83f9c94d588678,2022-05-31,1495251160
ad43f36052c77572,2022-05-03,1495251160
4bf331b709b0ec27,2022-04-12,1495251160
3752915d35693d5f,2022-05-28,1495251160
d4c64d91d2b47408,2022-04-09,1495251160
29fbeace448fe395,2022-07-16,1495251160
2d2e23c66e7f501d,2022-08-12,1495251160
8ff6bda2093421d7,2022-09-17,1495251160
c1aab9762714947d,2022-08-11,1495251160
892a51627011bc6b,2022-12-16,1495251160
cf3309da9fde0271,2022-11-05,1495251160
f4c73ae6a8f72306,2022-10-15,1495251160
73827a0ddd616893,2022-11-18,1495251160
57c7e5483ed14d23,2023-01-21,1495251160
c15e2c9f54bd14e4,2023-02-09,1495251160
166044ca34b20893,2023-01-14,1495251160
eef97b46dfde6c82,2023-02-23,1495251160
a76ec858902788c8,2023-01-24,1495251160
f7b39bb6891acb8c,2023-06-21,1495251160
006393511327506b,2023-06-16,1495251160
3f25de827df65106,2023-06-16,1495251160
60fd76a0c1cb51b6,2023-05-28,1495251160
aecf4f169e1cd45f,2023-04-15,1495251160
52563a1d382c9feb,2023-07-26,1495251160
7ee802fc5d3a0d07,2023-09-16,1495251160
99a6e807477c446d,2023-09-22,1495251160
fbba0ee69ce31a73,2023-08-30,1495251160
75f5ef00846fa2e6,2023-09-03,1495251160
e37971fc2b3751ac,2023-11-26,1495251160
84d8f06d3658e171,2023-12-17,1495251160
f0ea4de076e7732d,2023-10-15,1495251160
2765d93f6a7acfa9,2023-10-14,1495251160
e53d20bf505bddbb,2023-10-21,1495251160
d482a4eee0076964,2024-02-02,1495251160
46cdfbc0cfa62b0a,2024-01-25,1495251160
8c73de66db852e4e,2024-01-19,1495251160
6893371d89a970f7,2024-02-10,1495251160
8d7c11677c377010,2024-06-06,1495251160
c9c9208fab194f40,2024-06-26,1495251160
bd9ed90e14dd44f6,2024-04-13,1495251160
0b2ae44b320d5c69,2024-05-19,1495251160
2d0ddae257a3f752,2024-08-21,1495251160
70163c68ded69947,2024-07-13,1495251160
f259568ed8cbe8fa,2024-07-21,1495251160
b1d2b758bbcacd08,2024-08-30,1495251160
d0b1fc00f3f914e2,2024-07-20,1495251160
ed73118d21047cb9,2024-08-03,1495251160
810dd348d049c3d4,2024-11-23,1495251160
0db89c151b3357de,2024-11-07,1495251160
6a812e551f470eb0,2024-12-14,1495251160
54c68b0a1543746f,2024-12-08,1495251160
2b8336682b9d2740,2024-12-21,1495251160
3160ee152a741f50,2024-11-05,1495251160
0961b39a72b50653,2025-01-08,1495251160
dcfdd69b4658737c,2025-01-04,1495251160
c5e6488c7b114a2c,2025-02-05,1495251160
758f419c193e4ef0,2025-01-01,1495251160
b6df8f477414a496,2025-02-20,1495251160
fdbd7ad21552ed4b,2025-03-28,1495251160
e7c52b9384ce77dc,2025-04-17,1495251160
7cf21a7c9263b7c6,2025-04-06,1495251160
ca68646737a8a678,2025-05-20,1495251160
9e4319a95431e20e,2025-06-15,1495251160
245ac76afa80ed7d,2025-04-19,1495251160
c1d81fa7065d850d,2025-06-08,1495251160
bd0681db50788fed,2025-07-19,1495251160
2aa8cfae3ecd8316,2025-09-06,1495251160
d0db5f565d96e7a1,2025-07-26,1495251160
3d228636f69c92c8,2025-08-14,1495251160
afa23b6c3702a381,2025-08-03,1495251160
5bbecff5a23717ec,2025-08-21,1495251160
a160e4876f2b6c1e,2025-11-26,1495251160
b2b2b39f8d204368,2025-11-01,1495251160
0496e0161e9bd2c9,2025-12-23,1495251160
0c0b607603dbdd68,2025-12-28,1495251160
aff73f30d7dbb32f,2025-11-09,1495251160
2b6a0c027e3fb9bc,2025-10-11,1495251160
d238ae3cb471fe44,2026-01-14,1495251160
b733a678dc2a8873,2026-01-27,1495251160
1cd4b519b7d51f32,2026-02-14,1495251160
0258d36b61534440,2026-03-07,1495251160
b03150ca48d98483,2026-02-26,1495251160
c54fa5882a981a5d,2026-02-03,1495251160
5da334b2a15fdc9e,2026-06-19,1495251160
20603d05ed76bd9e,2026-05-02,1495251160
0e05600bedda7788,2026-06-27,1495251160
f8c7e3d5d4ed75db,2026-04-21,1495251160
4b3df6882414c3aa,2026-04-18,1495251160
86b23b717a627c3c,2026-06-26,1495251160
a33b4df0a62ec4b8,2026-07-14,1495251160
23d3cef614db2b72,2026-07-02,1495251160
2b4871e2abbe77ca,2026-07-10,1495251160
0cd4a678d56d164d,2026-07-07,1495251160
33f76587dff4caa5,2026-07-09,1495251160
f509b94ef2cc0edb,2020-03-11,1495601614
b0e05c671e0b5fe5,2020-02-11,1495601614
72fbdac427db72f4,2020-01-30,1495601614
4dc10511d00c1197,2020-01-25,1495601614
caddcbfe0ff15892,2020-02-27,1495601614
e2e65bc43ef42f5f,2020-06-12,1495601614
f75f91f4c23ea08d,2020-06-25,1495601614
5279ffec123b4bc1,2020-05-16,1495601614
95e5b8591d8203f1,2020-05-29,1495601614
2a25dca26dc84a17,2020-04-12,1495601614
72a9ee2d51954440,2020-04-29,1495601614
ab205355645f7329,2020-07-02,1495601614
7f3ca255fa2c274d,2020-08-29,1495601614
93ab51b0325b7223,2020-08-13,1495601614
65ff3f9b4a585f56,2020-07-23,1495601614
72c5968c13073e39,2020-09-22,1495601614
f9c3fe40f3ecf599,2020-10-15,1495601614
d04df385e38bf169,2020-11-12,1495601614
21bbb17955a63a25,2020-10-28,1495601614
3d845961aff1eb65,2020-10-14,1495601614
579962da5c200762,2020-12-04,1495601614
8c6f66f9d5a81487,2021-02-12,1495601614
ee770259a1616330,2021-03-04,1495601614
3db266617f952d8a,2021-02-11,1495601614
2a562adb85bba02b,2021-01-23,1495601614
52a9aeeaaf96db34,2021-02-01,1495601614
e3bafc7217e4895d,2021-04-30,1495601614
a08b1d16449adb59,2021-06-09,1495601614
8000af8d15ae730d,2021-05-17,1495601614
cb2f584c145500ca,2021-05-20,1495601614
bc50ed6222d4a64e,2021-06-17,1495601614
914156b3aa30db30,2021-08-30,1495601614
f04a575fdd4c8de3,2021-08-05,1495601614
814b2c693cf3d350,2021-07-27,1495601614
837dd10ec78e263c,2021-07-06,1495601614
67ec3ebaeeac489a,2021-08-26,1495601614
e149a6297ac52046,2021-11-06,1495601614
0d083b594bf8f9e2,2021-10-08,1495601614
7818686553ee6390,2021-11-11,1495601614
28acaae058d7d3e3,2021-11-25,1495601614
e53a80c56bf93237,2021-12-09,1495601614
1728b3d0863a524a,2022-02-05,1495601614
ed62066d5be47f76,2022-02-15,1495601614
7cd8978241d2fd5b,2022-02-16,1495601614
a24be6ddb8a94fc1,2022-02-23,1495601614
cba87ba353c9b172,2022-04-07,1495601614
cb7ebfc7e8c32a26,2022-04-22,1495601614
84f4a600227c5521,2022-06-26,1495601614
84b69ac024874dfe,2022-08-17,1495601614
13ab700ea8515ff5,2022-08-04,1495601614
55603bcb6eeb86bb,2022-09-17,1495601614
7c056d371cb3166f,2022-08-12,1495601614
f455b4b186d594fb,2022-11-23,1495601614
427e3022c8486f4e,2022-11-02,1495601614
1abbf8fce9c0933d,2022-11-19,1495601614
5c26e5c6829dd390,2022-10-17,1495601614
4a34e987b59eec8a,2022-11-30,1495601614
09d7cb73b1ef85ab,2023-03-10,1495601614
4020797c526f2ba4,2023-03-31,1495601614
5e5d262bf3e23fc7,2023-03-20,1495601614
eb4423965f807779,2023-01-07,1495601614
149f3fe1076ab600,2023-05-26,1495601614
5e8d7a2efbc7b36e,2023-05-01,1495601614
2e81da38f880441c,2023-05-05,1495601614
409692df8d7f8463,2023-06-02,1495601614
5c02cdec940b0acd,2023-05-17,1495601614
66abfd3abf6822ca,2023-09-04,1495601614
6d6c77018f97e43a,2023-08-21,1495601614
cb92cd37e77abe0c,2023-09-28,1495601614
c624a5c644c5c6cd,2023-08-30,1495601614
d6ea7a84646a037e,2023-07-26,1495601614
73daa30329238976,2023-10-16,1495601614
d9f34647e97149cb,2023-11-08,1495601614
8c619e8b8154bc67,2023-11-06,1495601614
accffe39b4c76bff,2023-10-28,1495601614
8c736e412a4f8022,2023-11-17,1495601614
4506f83e0d4ce075,2024-02-17,1495601614
0501c7130c0a6bbe,2024-01-17,1495601614
901e38521a17ec4e,2024-02-09,1495601614
ecd0cdab12d71b18,2024-02-07,1495601614
4383ac004f2781d8,2024-04-27,1495601614
7ac9671bb3f6e021,2024-04-19,1495601614
99cfe41d4d8b2601,2024-04-13,1495601614
d7aee4a1f2736bff,2024-06-08,1495601614
47fee5558cce522b,2024-08-16,1495601614
18b66f1dc1a2c051,2024-09-14,1495601614
2f1e3fc5b6ebb561,2024-09-27,1495601614
b4ceeeb3034ac10a,2024-09-16,1495601614
e200483621664acc,2024-10-18,1495601614
83cb1cfae59dc5d0,2024-12-07,1495601614
3592fa7beab86b38,2024-10-16,1495601614
59121eb9286c860f,2024-11-04,1495601614
4439007d3c42dd9b,2024-12-23,1495601614
9702a5745668b66b,2024-11-09,1495601614
afdd7a06f3616ac7,2025-01-06,1495601614
8a386408da45a0e4,2025-01-11,1495601614
f385263a9f13044e,2025-03-27,1495601614
6a3487e5fa44bb2b,2025-02-07,1495601614
3baa394318dfe336,2025-03-01,1495601614
206596ecd5624d27,2025-03-19,1495601614
682da2e0bc8cad65,2025-04-23,1495601614
1cd81c83b5504ab2,2025-05-15,1495601614
06c9240af2393318,2025-04-02,1495601614
049718dfae9100d1,2025-04-28,1495601614
f7d6411ecde0292d,2025-06-20,1495601614
c2d921ecd1995f16,2025-06-19,1495601614
60f743dfb16e2a06,2025-07-23,1495601614
3c71730e97225a50,2025-09-26,1495601614
c40d41c1f6f46731,2025-07-09,1495601614
7eb1cedaeed845fc,2025-09-19,1495601614
dc4bc45bebfd00b8,2025-07-10,1495601614
7cb55700075c40bf,2025-09-29,1495601614
e019014e465f6f85,2025-12-16,1495601614
a382fbb7c8767eef,2025-12-04,1495601614
fc93866ef7accd3d,2025-10-10,1495601614
30c68f3a120bcb82,2025-11-05,1495601614
82bfff5e39da47e8,2025-11-06,1495601614
ecd7e4c46e64d5ff,2025-12-31,1495601614
2e5208452731af71,2026-02-04,1495601614
1db9c74c0590e159,2026-01-29,1495601614
9c237968aeed4032,2026-02-23,1495601614
d761c7daf56f55e2,2026-02-26,1495601614
897f5082ebf8f836,2026-01-28,1495601614
a3cdf971d98441db,2026-01-22,1495601614
aa4cd650e30697df,2026-06-25,1495601614
240f0919cb25f3c3,2026-04-21,1495601614
74d613447877cb1d,2026-04-13,1495601614
08608c2da82f28b9,2026-04-09,1495601614
29d6b7b62fafc510,2026-06-09,1495601614
ed91f3c6ad8abf5f,2026-04-03,1495601614
72f7cdd3e7c15adc,2026-07-09,1495601614
935319438cc9bea4,2026-07-06,1495601614
9aeecc51f5581e72,2026-07-03,1495601614
605174247e8caf05,2026-07-10,1495601614
75daae59f9315f11,2026-02-13,1502568407
3e4d193940f16ec0,2026-03-01,1502568407
08a3a08b4c3092b1,2026-01-18,1502568407
d038eee20675fb82,2026-03-28,1502568407
7f6124b1b6d74b56,2026-01-24,1502568407
84cd089fbe1b1bac,2026-02-13,1502568407
c6eadf6a6c878969,2026-06-04,1502568407
36e747539705abdd,2026-06-17,1502568407
71eb11ca13a6b770,2026-04-07,1502568407
73d9fb0fa4978522,2026-06-15,1502568407
866ef3e232b33851,2026-04-15,1502568407
d128b653c4c17f9e,2026-06-08,1502568407
184e301727694bb8,2026-07-06,1502568407
9930038b9d01cf1a,2026-07-13,1502568407
0eac6dbb8e63d1ab,2026-07-10,1502568407
e984f361380de27a,2026-07-05,1502568407
ca7dac2e2d0ca745,2026-07-03,1502568407
eb07c4263f834b2e,2026-07-07,1502568407
432906f82ccfab53,2024-06-27,1506127536
21b926d985211284,2024-06-20,1506127536
981b00a722610db4,2024-06-25,1506127536
3d285acf1f72c79d,2024-06-13,1506127536
5a07051c65cf98cb,2024-06-11,1506127536
7bf4d0cb89271869,2024-08-20,1506127536
13af5bc4f2256bf8,2024-09-13,1506127536
a3e71b882c4b30d9,2024-09-05,1506127536
08cbe52be02d003a,2024-07-11,1506127536
39cc945a5a1dc7bb,2024-09-17,1506127536
1bcb341fa381884c,2024-09-03,1506127536
de7f13d98d09298f,2024-11-21,1506127536
a1902226a7acc6e5,2024-10-22,1506127536
b14a264970611571,2024-10-29,1506127536
37e6ed6ac58c7a39,2024-11-28,1506127536
343ae10c8e79fe4f,2024-10-08,1506127536
48f7a78ee4a3dece,2024-10-01,1506127536
ceab11938ad31619,2025-03-13,1506127536
971ba81ee70cc4ef,2025-03-25,1506127536
01c833777ee1e073,2025-02-06,1506127536
40be39e31ea32c6d,2025-03-27,1506127536
3cc9b5df19e7ba23,2025-06-10,1506127536
6f88f8541d6c574f,2025-04-29,1506127536
0464f18b6f268b7f,2025-05-06,1506127536
b62f639d06951ae7,2025-06-03,1506127536
b0e0320d148195ff,2025-04-22,1506127536
a3dd39ee4365794e,2025-04-10,1506127536
14df027dc4ea36ac,2025-07-10,1506127536
257db1ff6cc78327,2025-07-15,1506127536
457f8115c263168a,2025-09-11,1506127536
f9442bbda4a14e05,2025-08-21,1506127536
fdad5689f444ddf9,2025-09-23,1506127536
0952652e0d3232de,2025-08-26,1506127536
aeb75e9eaa5889c2,2025-11-27,1506127536
a7b12a82a63e126d,2025-12-02,1506127536
796092e973adfc99,2025-12-04,1506127536
94aa8d577204d9de,2025-10-04,1506127536
2942ad3ba0bb1ba7,2025-11-08,1506127536
ea8fad2135aaa500,2025-12-30,1506127536
c61730e16367baa0,2026-03-10,1506127536
f9c5c5ca80aac090,2026-03-31,1506127536
55d98532549c5508,2026-01-30,1506127536
7043584c3971f5a4,2026-01-28,1506127536
f43da9eeb661a9cd,2026-02-11,1506127536
ad5aa83fa23079f0,2026-02-24,1506127536
f2bbf2b940a9155a,2026-06-10,1506127536
2ba6e5b37209a58a,2026-04-22,1506127536
90fd0802a7810ae6,2026-06-25,1506127536
2e0b1c9e45b7df8f,2026-06-11,1506127536
e6f687bb2b270bb3,2026-06-16,1506127536
4cde40552edc7ae3,2026-06-17,1506127536
ab4d50768468b7cb,2026-07-01,1506127536
b65d50181bf505bf,2026-07-03,1506127536
58a7b1ed1e1915e3,2026-07-02,1506127536
37f7e2d45031216c,2026-07-11,1506127536
17f06e374ab98a34,2026-07-09,1506127536
4f3ea3ae1c784ee4,2026-07-07,1506127536
d6a9b4d496c70271,2025-05-30,1507444393
a9a28389dcca51af,2025-06-08,1507444393
e048f3732b6b7695,2025-06-09,1507444393
3e4b874631fc6be8,2025-06-05,1507444393
d6c68242b939393f,2025-06-04,1507444393
0eaa6ab567dd63e8,2025-06-26,1507444393
9df3e2c375e5b28b,2025-08-22,1507444393
7dc612a6b4741349,2025-09-14,1507444393
f088168e405bb0f1,2025-09-01,1507444393
032095ad8b784cd6,2025-08-04,1507444393
f6d4e9afeaebd88f,2025-09-07,1507444393
893155495b89a310,2025-08-27,1507444393
41210a47a95cc129,2025-12-29,1507444393
1be74df3c6a86f76,2025-12-19,1507444393
aad772cb01fb53ae,2025-11-10,1507444393
6a2afd7a85de1690,2025-11-05,1507444393
0e0097fc0150dee5,2025-11-11,1507444393
8e6b47ba702ee3c6,2025-11-01,1507444393
b694c786d21e6edc,2026-02-07,1507444393
ecefaba5ae770929,2026-02-11,1507444393
280cc975c1ea079e,2026-03-18,1507444393
247909e59c1cea2f,2026-02-09,1507444393
c3dc91acbfd4b736,2026-03-31,1507444393
61d52db105b7cbd3,2026-01-07,1507444393
c83e287f876ffe29,2026-04-15,1507444393
88aba16e5b62172a,2026-06-07,1507444393
d6b8c7bf6326ce00,2026-05-11,1507444393
be15c486e14291f8,2026-06-17,1507444393
678d4bd9c87ede4b,2026-05-22,1507444393
0a0b75b66b08f5b8,2026-05-05,1507444393
410a860f15f29e3e,2026-07-13,1507444393
6cdb21a3b43c529a,2026-07-06,1507444393
7e6f4c5cf9f92048,2026-07-05,1507444393
50794ab6a4519a8b,2026-07-09,1507444393
447e478865d18c6c,2026-07-01,1507444393
4eba15c5ae467d62,2024-03-19,1509826894
88adf847cfa27640,2024-03-20,1509826894
bc2226b43fd68f8a,2024-03-05,1509826894
7def5e4faf413452,2024-03-25,1509826894
024c3cedc55e1995,2024-03-07,1509826894
d3a4c6f5202fee08,2024-04-12,1509826894
84da3b977bc60b81,2024-04-22,1509826894
1d593fe7326a940e,2024-05-20,1509826894
cbe74d940fd30e78,2024-05-16,1509826894
174d58e82b728dbb,2024-06-28,1509826894
d95173ee5eec1bc7,2024-06-21,1509826894
446ec0ea00178ebf,2024-08-20,1509826894
e5eef1db55161201,2024-09-03,1509826894
2ce63e8ecab96a93,2024-09-26,1509826894
3b769973ff6917b2,2024-08-15,1509826894
b1e2d67b93eff7e1,2024-08-02,1509826894
bcb973c638241cfe,2024-09-04,1509826894
5931356da4ada0d5,2024-12-06,1509826894
a1426a6e36cf1b63,2024-10-10,1509826894
8a233a83fed24e01,2024-12-13,1509826894
247847782ca0eead,2024-10-25,1509826894
3406039917baace2,2024-11-26,1509826894
98612857fdd5c82b,2024-10-14,1509826894
426c71bfd3e1b489,2025-03-27,1509826894
fb5866115edf81ba,2025-02-07,1509826894
096379e689ea847b,2025-02-27,1509826894
8aed614163e53f72,2025-03-10,1509826894
106debb9ed2ff78d,2025-01-24,1509826894
894a8e3242140a8e,2025-01-14,1509826894
603b13744cec7a0d,2025-04-16,1509826894
33ad2059036b5159,2025-04-04,1509826894
bb594c77e77babc3,2025-05-22,1509826894
3bcf3b4c4c53e0f0,2025-06-24,1509826894
e046d0c866e84f3f,2025-04-22,1509826894
7d3ae5566b2ec6b5,2025-04-23,1509826894
7c831f397c991550,2025-08-13,1509826894
7468a58c65c12c4f,2025-09-26,1509826894
17f389a61e42ceb7,2025-07-15,1509826894
b29759f5601ea9b5,2025-08-07,1509826894
edde4b5b0acb31a6,2025-08-05,1509826894
7ca1e3de4266e70d,2025-09-12,1509826894
f3e7b75f4ed6eb34,2025-12-16,1509826894
47292cf4d84a9b03,2025-12-23,1509826894
4e612d1e7e84d528,2025-10-13,1509826894
7bacce855285d3ad,2025-10-21,1509826894
2bf51772615ec171,2025-12-24,1509826894
dac7e93bc94943a4,2025-12-30,1509826894
d870dfaff9a42a53,2026-03-31,1509826894
52ec5aeea050bc27,2026-02-26,1509826894
0e2acfee03dde155,2026-03-27,1509826894
1cb26e928ea2397d,2026-03-24,1509826894
ccd983d7f5ead907,2026-03-03,1509826894
cfd28a6aee41dd79,2026-02-04,1509826894
358d49856b424c9a,2026-05-08,1509826894
d5ad73133a2e8638,2026-06-22,1509826894
c417f86242389872,2026-06-01,1509826894
673934b2b4b55998,2026-06-10,1509826894
697945df066a0788,2026-06-15,1509826894
2093bc917b2e8d25,2026-04-09,1509826894
c7a55bf3d477d209,2026-07-08,1509826894
b7e0ef939cf7b1e4,2026-07-06,1509826894
964e8210eb977607,2026-07-02,1509826894
0dae15c6a1cf85f8,2026-07-13,1509826894
d29f35b93850785c,2026-07-10,1509826894
0d448e1a7e42103f,2020-10-24,1510240831
828b2ae91a952d5c,2021-01-08,1510240831
fab90503b4c26ec0,2021-03-16,1510240831
48769fb06e273c87,2021-02-26,1510240831
93a4eb70ed79af0e,2021-03-23,1510240831
524acf55198de988,2021-02-09,1510240831
917fa9cb7d6ebf25,2021-03-19,1510240831
991e387b237f8f74,2021-04-27,1510240831
d24b12715264b5dd,2021-06-22,1510240831
a240d977c40583fe,2021-06-27,1510240831
5f0a1457afc6a408,2021-06-20,1510240831
1fbcdc348418669c,2021-08-22,1510240831
d7d96854e758a520,2021-08-05,1510240831
ab6e8e1e7db1d154,2021-07-23,1510240831
2b211375b51209f0,2021-08-24,1510240831
146d216518fbc693,2021-09-24,1510240831
f7bca1ad425dcdcb,2021-10-19,1510240831
8cb1bce6e14612e4,2021-12-31,1510240831
af1f55e7ce7a4efd,2021-10-26,1510240831
255748ae278a37bb,2021-12-07,1510240831
ad80aacbaf7ea2d4,2021-12-21,1510240831
810d70f558ddd161,2022-02-01,1510240831
2244c78875726a77,2022-03-01,1510240831
5735ca0e7a018af7,2022-01-04,1510240831
dd743e64a7de52c6,2022-01-07,1510240831
07cee561d2f22f1a,2022-02-08,1510240831
0f72b49f7da75b60,2022-05-10,1510240831
facd5927789e47b4,2022-05-27,1510240831
81f04879fa088a8b,2022-05-13,1510240831
a83c1989a6c593f8,2022-04-19,1510240831
5a6b13611f852593,2022-07-03,1510240831
b54f4885cab17a9d,2022-07-26,1510240831
a1582a3a344d0d86,2022-08-02,1510240831
702f5785714bab4d,2022-09-06,1510240831
d35594d7278c2807,2022-09-30,1510240831
d02552b8f7937476,2022-11-29,1510240831
f502c01f59333823,2022-11-16,1510240831
af2929adb625b2c5,2022-11-03,1510240831
8dcd94db8c720def,2022-12-29,1510240831
81e089a21342b7d7,2023-01-16,1510240831
1bef9118772197ca,2023-03-31,1510240831
a1c267ab8282102f,2023-03-03,1510240831
5d76ca9c615d7897,2023-01-10,1510240831
1fc4a0c2a6311d7d,2023-01-03,1510240831
0df128ca6e39f026,2023-05-18,1510240831
5195074d3cbf9637,2023-04-25,1510240831
d2eb3cb310182579,2023-06-30,1510240831
2af4f137d7ecdd5e,2023-05-17,1510240831
2c47e92a80a2f550,2023-05-25,1510240831
629b848560fcb58b,2023-09-28,1510240831
09db6f449d0e1cb4,2023-09-24,1510240831
d476afc325eb34a2,2023-08-25,1510240831
7ee9760fecf5c559,2023-09-06,1510240831
5055ee0e60a2ce12,2023-09-19,1510240831
7e41e9ad29250268,2023-12-01,1510240831
00a602b296dadf59,2023-11-28,1510240831
e97e205404b04bc3,2023-10-25,1510240831
7dbbb053167d6a10,2023-11-09,1510240831
1cb443b4011504fa,2023-10-11,1510240831
c39a12ceed0f3bf0,2024-01-18,1510240831
c4e283482ae874b6,2024-01-16,1510240831
fe0587d1c283baa3,2024-02-17,1510240831
85a56c500a441181,2024-01-31,1510240831
f90c5af25cd2faee,2024-02-10,1510240831
5519b423daaa65c6,2024-06-23,1510240831
95ac71abdb9449b7,2024-05-20,1510240831
601bb811fcb74763,2024-05-21,1510240831
e6c8262e07c3b73e,2024-06-19,1510240831
13616859b2287555,2024-07-16,1510240831
1219c81773d18ea9,2024-09-27,1510240831
1b09e848670e583d,2024-08-03,1510240831
b3a195bedfdd0188,2024-08-30,1510240831
10785e7111116187,2024-09-05,1510240831
81cd29338d4a578b,2024-07-25,1510240831
9d289022babef312,2024-11-04,1510240831
e8d8149b40ee312e,2024-10-13,1510240831
f7f73f3c04574b56,2024-11-14,1510240831
cdeb6c08b05d6bea,2024-11-29,1510240831
c9b9078c0bfc7710,2024-12-06,1510240831
687b87c4d4e0a105,2024-11-15,1510240831
bc781c853916fa58,2025-03-24,1510240831
00bfc08c5dfb448c,2025-02-09,1510240831
488c939965e5d981,2025-03-07,1510240831
54b8634cfbb1e3b2,2025-02-21,1510240831
c244d665c89d21f3,2025-03-29,1510240831
c0933bb77c0820b9,2025-03-06,1510240831
565852940b475945,2025-05-19,1510240831
50a29f09b8310682,2025-06-10,1510240831
89cce34012745d14,2025-04-03,1510240831
b2efb32fa4bb1092,2025-04-05,1510240831
2b92eb6278e996c8,2025-04-13,1510240831
04d9364c02f5c814,2025-04-30,1510240831
19d05cb8b349cd64,2025-08-03,1510240831
4f6afd188aa1427b,2025-07-26,1510240831
3aea53134ba9fa3d,2025-08-24,1510240831
e106e36ce252dd63,2025-07-11,1510240831
c9b475ad49e6b4b6,2025-09-20,1510240831
c8089f4b4b88d273,2025-08-29,1510240831
9b2c4a8f244eb2bd,2025-12-11,1510240831
3e09e12b39eefece,2025-11-30,1510240831
ca549a88c0e23bdf,2025-10-19,1510240831
bfa720ef81a02c45,2025-12-28,1510240831
34a00325d5fec39d,2025-12-16,1510240831
7a73e37186d9be59,2025-12-12,1510240831
9a82c184851c2507,2026-03-21,1510240831
f1923d3902a4bd10,2026-01-06,1510240831
337c463957ec292e,2026-03-18,1510240831
b50d1c7bc6e20d75,2026-01-10,1510240831
ef57a134643a6b2d,2026-03-11,1510240831
324ef0e01b83bdfb,2026-03-05,1510240831
f08b75bbcd0d54b2,2026-06-25,1510240831
6dc59ce118add8cf,2026-05-27,1510240831
00a935fc0f16cc85,2026-04-09,1510240831
980ae54f27308c81,2026-05-24,1510240831
7fde60b86114323d,2026-05-13,1510240831
1a965e47757a8e7d,2026-05-31,1510240831
708cc2d5df7a15c0,2026-07-13,1510240831
173902d45af8e498,2026-07-10,1510240831
1512c131c182a803,2026-07-11,1510240831
bf3d937a28a847df,2026-07-12,1510240831
e83365ed4e59ce76,2026-07-03,1510240831
950802907d6cb66e,2026-07-08,1510240831
7b7eff1554b29109,2020-06-08,1515399733
54b575d52a42e857,2020-06-02,1515399733
f7367e68032f77b6,2020-06-29,1515399733
12266944d5bf5c62,2020-06-15,1515399733
37b2f2a7b7b09fca,2020-06-22,1515399733
8be5328b378ef280,2020-07-20,1515399733
26f3d5f2cf4a5321,2020-09-27,1515399733
5b4762f1bfde3ac8,2020-08-10,1515399733
8fedce0da0181509,2020-07-13,1515399733
945cd5ca1daf7364,2020-08-17,1515399733
7ae43154e3844bd8,2020-10-11,1515399733
d7b0c08fba63efc2,2020-11-22,1515399733
280fed25076dd667,2020-11-15,1515399733
7034f44961ec31f3,2020-10-25,1515399733
0dd3ecfda691bccc,2020-10-01,1515399733
d79454516ca2f7c3,2020-12-06,1515399733
11355be3cb895cee,2021-01-24,1515399733
7f686bcb793eccf6,2021-02-14,1515399733
ab1ef623691614a4,2021-01-31,1515399733
7e3436cd2c1abc3d,2021-05-30,1515399733
c9be5a9d702f8429,2021-05-02,1515399733
0e65a233e0524972,2021-06-20,1515399733
d995d808db15ce89,2021-06-06,1515399733
956f06b95423a453,2021-04-25,1515399733
a0f3d48900168e57,2021-09-05,1515399733
be2034bd8db650c9,2021-09-12,1515399733
1e8cac31e47f138f,2021-07-18,1515399733
47db1369f0dee821,2021-07-25,1515399733
0b1364561c681582,2021-08-22,1515399733
caab3a260c7e48ed,2021-11-07,1515399733
802ed006365a409c,2021-11-14,1515399733
6877cf7d27b694dd,2021-12-12,1515399733
7f8ab280807d9483,2021-10-17,1515399733
cf581c3af65b9bb1,2021-12-26,1515399733
be2da3a5f7948172,2022-01-09,1515399733
54c03eacf9995915,2022-02-27,1515399733
08e0f5cca2d0ab98,2022-03-06,1515399733
608271e7370d97f8,2022-03-20,1515399733
6797d1d71def473d,2022-01-16,1515399733
8b69816c31d8c18d,2022-04-24,1515399733
f88b65a150c39a68,2022-05-01,1515399733
119728d33de40b22,2022-06-19,1515399733
f290140ee2c75f43,2022-05-08,1515399733
01a8eec633f5d3b4,2022-08-21,1515399733
74c650d9d73ac879,2022-09-04,1515399733
7ab7557da8cb69a2,2022-08-28,1515399733
59e73a539034189c,2022-10-23,1515399733
5f83031249f1b9f4,2022-10-02,1515399733
6e3b23bf5e082554,2022-11-27,1515399733
cf787549fa35bb08,2022-10-30,1515399733
2a81da5a8b676561,2023-02-05,1515399733
7b5591801757391b,2023-01-08,1515399733
364d3b819608a73a,2023-02-26,1515399733
7c9ffdc89db17d63,2023-03-05,1515399733
489bc4c99221685b,2023-04-23,1515399733
2d8c70bb7177c519,2023-06-11,1515399733
415212fdd24f8299,2023-05-07,1515399733
c2d614bc6e57dadc,2023-04-09,1515399733
4fdacac747ca33d3,2023-08-27,1515399733
4286c22ad7096c01,2023-07-16,1515399733
757c58ed868f355c,2023-08-13,1515399733
62e83d9ce46149c3,2023-09-24,1515399733
a10106545829fb24,2023-10-08,1515399733
68e16b202181f4ff,2023-12-17,1515399733
4026d847eb5c3ea7,2023-10-01,1515399733
064d7ea19348edac,2023-12-10,1515399733
3bdfdb4a75d37146,2024-03-24,1515399733
3796ccafacf25bc1,2024-02-11,1515399733
caff648f1e9f1bdd,2024-03-10,1515399733
a87504068952a7b8,2024-01-14,1515399733
1cb42edc231c4cd2,2024-03-31,1515399733
63ad2034408ec0a5,2024-06-30,1515399733
dd48ec3b99f492dd,2024-06-09,1515399733
7c6c7e914e81c360,2024-04-14,1515399733
df5ab0d64edda2c8,2024-06-16,1515399733
9194929d5d9b115b,2024-04-28,1515399733
9c81febc4b64d54e,2024-08-18,1515399733
dbf92ddade2ef1b1,2024-07-14,1515399733
2cefc9f1ad967af1,2024-07-15,1515399733
ca1268d0d49022fe,2024-07-07,1515399733
2de8f4df9d0444ed,2024-09-01,1515399733
13460ebc87d1b7d6,2024-08-11,1515399733
0b62d1cdd1665dab,2024-11-17,1515399733
69f6fdcd8243a46f,2024-12-22,1515399733
39af15c48b15cd86,2024-12-29,1515399733
e696beee6c9f2d74,2024-10-20,1515399733
e8813e9e05901b2e,2024-12-15,1515399733
aae247267eaf8aec,2024-11-03,1515399733
989a58d7b187cfb8,2025-02-09,1515399733
31f9bd8fb8ae973d,2025-03-23,1515399733
47076b68ca806577,2025-02-16,1515399733
d4a4a1ad30c85b5d,2025-01-26,1515399733
b30aa61b58848448,2025-03-30,1515399733
29ab7178c6267346,2025-01-12,1515399733
f70f97cfc77de0f8,2025-05-11,1515399733
b2212e973d970096,2025-06-12,1515399733
1c275bf1ef6b965e,2025-06-01,1515399733
67764a4abc4f0071,2025-04-06,1515399733
2adf4a6d1f431ba3,2025-05-18,1515399733
b484b4eacaf955a1,2025-04-20,1515399733
2dcdd103ac5de0a6,2025-08-10,1515399733
54f71b7260efe5c4,2025-09-07,1515399733
dd981392b1c349f7,2025-08-03,1515399733
8e535963439e1dfc,2025-11-09,1515399733
65ea8a851afbfb6e,2025-11-16,1515399733
f175c1c90eddd898,2025-11-02,1515399733
a29558ac44cf26f4,2025-10-19,1515399733
7fca1b87a6d0c963,2025-11-30,1515399733
de4bb3d3ccf92139,2025-10-05,1515399733
a824c5fe096d7172,2026-03-04,1515399733
1bd4e747c425064f,2026-01-14,1515399733
007301fa1715b124,2026-01-28,1515399733
1641cf945ccf8709,2026-03-08,1515399733
3b7993d4bd788ff9,2026-03-15,1515399733
82400ef2f67a9bc6,2026-02-19,1515399733
05566016bfcfdfdb,2026-05-14,1515399733
0420d425ca0ac6e1,2026-06-14,1515399733
328a5370cd257198,2026-04-08,1515399733
5786672660aef347,2026-05-10,1515399733
274caf75b62231aa,2026-06-04,1515399733
ed21f79d9fe58438,2026-05-06,1515399733
040f5fdda1daecb7,2026-07-05,1515399733
202578d01961bbf2,2026-07-08,1515399733
587435052f9a2cbf,2026-07-01,1515399733
7c05042cbc87ed17,2026-03-31,1517313007
c487b2272e375ef8,2026-03-17,1517313007
7fad5f12a08445a0,2026-03-06,1517313007
b729ab51763971b3,2026-02-27,1517313007
e5ca87ec38d12ec2,2026-03-14,1517313007
3cdfd566c0260411,2026-03-10,1517313007
ecb66b26e57a1d22,2026-04-17,1517313007
afc71e2d1568a471,2026-05-27,1517313007
54ff06e249e1a71b,2026-06-11,1517313007
3549d48c6e21ca45,2026-05-22,1517313007
42d05001c1bbac99,2026-06-12,1517313007
afa6e62bbb4984ed,2026-05-08,1517313007
772271fa15dba489,2026-07-10,1517313007
2f0215473f93a836,2026-07-14,1517313007
e0359a20d05bce90,2026-07-06,1517313007
83997d4d2394cb2f,2026-07-11,1517313007
8048fba860541be6,2020-09-01,1529346075
4382d72ef02dcf4e,2020-09-29,1529346075
c8ca2947b437117f,2020-09-22,1529346075
0e36003861e48bed,2020-09-08,1529346075
9605266cc1461cca,2020-09-16,1529346075
f1902ccfacae2e71,2020-12-08,1529346075
b98ad2a88c6d8e92,2020-11-17,1529346075
eaa2a0dc115e9241,2020-12-15,1529346075
f3d2a455b2db6fa9,2020-12-01,1529346075
82d6271918e55911,2020-12-29,1529346075
77a8286c3e8b62f7,2021-02-23,1529346075
3db5305b323b420c,2021-01-05,1529346075
13079e8ff757e494,2021-01-19,1529346075
ea80b5709f11b574,2021-02-09,1529346075
42ec74a78ac8ae01,2021-03-16,1529346075
146a59a1f2f2867a,2021-03-30,1529346075
e15262eb10573a1e,2021-06-08,1529346075
0c576064cb273a7d,2021-05-11,1529346075
881da2583c125f04,2021-04-20,1529346075
2ea3106e5309157c,2021-05-18,1529346075
bc9eb340bc7bfa92,2021-04-13,1529346075
f1d76f644fa55e3d,2021-09-28,1529346075
a21d29c92ca3d95d,2021-09-21,1529346075
6092dd6b97e62516,2021-07-06,1529346075
45e2d8ce657ee986,2021-08-17,1529346075
d914aaaca548ea89,2021-10-19,1529346075
b8806fb46d65215d,2021-11-03,1529346075
d59c23bfd8f80cd5,2021-12-14,1529346075
39d58881314c51d6,2021-10-06,1529346075
94679e38444d1522,2021-11-16,1529346075
904ca8d33140a5e2,2022-03-01,1529346075
56d3120e22905387,2022-03-08,1529346075
d3512313bdfca0c9,2022-02-22,1529346075
faecd9cf20769828,2022-02-01,1529346075
efe1358912e542e8,2022-04-19,1529346075
19606efe873b93a5,2022-05-10,1529346075
ae74621128aa8607,2022-05-17,1529346075
82e28bd1d9c2a184,2022-04-26,1529346075
4de4afd24a2de33c,2022-09-27,1529346075
39e3fd6a5f539ebf,2022-09-20,1529346075
27adfd0802a6a021,2022-08-31,1529346075
d1866492619b0fe7,2022-08-16,1529346075
0fbb0e7f516ba822,2022-07-19,1529346075
bd74d649ee95a1dc,2022-10-11,1529346075
1d30ef87c7c37311,2022-12-13,1529346075
c38ef95a1328f9ee,2022-10-25,1529346075
c421a3ff98deb53a,2022-11-08,1529346075
2f0e29a309c6da0b,2022-11-15,1529346075
460e99530083f597,2023-01-31,1529346075
ca475ddd21753062,2023-01-17,1529346075
687df8ad444d3459,2023-01-11,1529346075
f90d09c8bbee87d0,2023-02-21,1529346075
540835ed5900f8e6,2024-06-11,1529346075
1ab52436362161f1,2024-06-21,1529346075
e1f6da2cb25fa942,2024-06-28,1529346075
144feed73af4ae73,2024-06-04,1529346075
074c5a8d3d229fd1,2024-07-26,1529346075
72f3a76b4ff5eb5c,2024-09-20,1529346075
66eb192d821b9f26,2024-07-09,1529346075
4d2bd61bf65df80e,2024-09-25,1529346075
3cf0383695e6d94f,2024-09-04,1529346075
8ba1da191b4e41b4,2024-09-11,1529346075
5547c2dcd23e552b,2024-11-01,1529346075
e24d5782c57ba21c,2024-12-09,1529346075
2eea30ef4eddfccf,2024-10-09,1529346075
a8c7217edfcf334b,2024-10-24,1529346075
60ce62b4f956a831,2024-11-27,1529346075
4a9ce6392e43298e,2024-11-18,1529346075
5fd07301508b4edf,2025-02-21,1529346075
755480b4d66795d8,2025-01-13,1529346075
71417b63b54fe0db,2025-01-21,1529346075
01a5190ff70fca0b,2025-03-10,1529346075
9cdec9052cd5751c,2025-02-14,1529346075
158fa34a6265869d,2025-02-07,1529346075
56f292dbe4e3032d,2025-04-21,1529346075
054b5d66d6d36c42,2025-06-20,1529346075
3ad257e073b4d42a,2025-05-13,1529346075
88fe7e59eaa9e539,2025-05-26,1529346075
77429c4ef889285c,2025-05-30,1529346075
27f24a0a4961837c,2025-04-28,1529346075
22a46ea658ab8d1b,2025-09-26,1529346075
33bd8d228a43cd04,2025-07-28,1529346075
e23ca44fdb38d0d8,2025-09-05,1529346075
c22b3a06ffc5736b,2025-07-11,1529346075
88fe22b70918e1d0,2025-09-22,1529346075
8a1989e0b85fcb96,2025-12-26,1529346075
60925276e04c7703,2025-10-13,1529346075
fad3d4b00008a492,2025-10-10,1529346075
ba0c85629ef20071,2025-10-24,1529346075
be32963840168c0f,2025-11-14,1529346075
1efd31da800b6ede,2025-12-15,1529346075
de84883d6788bfd2,2026-03-13,1529346075
72bea758f88e449a,2026-03-27,1529346075
c768659c8a14b650,2026-02-02,1529346075
f759a7ed19f9bb64,2026-03-23,1529346075
7ffd24835eba72e6,2026-02-23,1529346075
4dd71522f8b9c266,2026-01-30,1529346075
e6ae53601ecd7f95,2026-05-22,1529346075
379c7ab55642d005,2026-06-15,1529346075
e5e0a06b2eca4dfb,2026-05-08,1529346075
2914e6a709078518,2026-06-19,1529346075
ed7f0d2db9e77759,2026-04-20,1529346075
4dce90ace9b41314,2026-06-29,1529346075
d4b0d9fe2d1307ac,2026-07-03,1529346075
8fbf0999c6a0c250,2026-07-10,1529346075
bcce335fadabd12a,2026-07-06,1529346075
f7e12fcc5e6d3f0f,2025-09-29,1531192509
387ca2b68e49d25e,2025-08-07,1531192509
bddb7bfbc37cef03,2025-07-28,1531192509
270434f834d1f7c1,2025-08-21,1531192509
c06cfb185b1d3536,2025-09-17,1531192509
99d953d016af0ed2,2025-08-25,1531192509
bff5ba5f2521a212,2025-11-20,1531192509
a387069b87cfc54c,2025-10-16,1531192509
96e86ca68fa0fd78,2025-12-11,1531192509
7e9f3b234f4a7a45,2025-12-18,1531192509
4ea3f9821bd8665e,2025-10-09,1531192509
f6309bb510468431,2025-12-22,1531192509
b79c78ba3b2dd156,2026-03-12,1531192509
58948ec975ae4955,2026-03-30,1531192509
22335a14dc20f67d,2026-01-01,1531192509
3718352bcd69f333,2026-03-02,1531192509
eb920082a80b298f,2026-01-15,1531192509
8c16548bcaf7bfa6,2026-02-19,1531192509
26b33799a09f3e53,2026-06-08,1531192509
ba9cd72b05845690,2026-04-16,1531192509
41098243d92577be,2026-04-30,1531192509
7a1659ce429da3df,2026-04-09,1531192509
b6d70c759d1ae96e,2026-06-15,1531192509
b95e871b9c73cc7c,2026-06-18,1531192509
81733a4c6b2ea1a9,2026-07-06,1531192509
04ecf6b0382ceaa2,2026-07-09,1531192509
0405d0d20ec7e870,2026-07-02,1531192509
28d6ee1cb88e9dd2,2026-07-13,1531192509
294dc31e448183d8,2020-10-28,1535255041
37c4995ad08db264,2020-10-09,1535255041
048636751e03ff0b,2020-10-13,1535255041
17e7dca6d4b4389a,2020-10-20,1535255041
21da1dd242812efa,2020-11-07,1535255041
44ed3f10aba3df05,2021-03-19,1535255041
820ee8bb1819a753,2021-03-05,1535255041
5083efcc14b53ec7,2021-01-25,1535255041
8844ea45f53ac20c,2021-02-10,1535255041
ae1b0b9b99ae82a4,2021-01-15,1535255041
6a57fb3c0264a249,2021-02-22,1535255041
071ccd9bd4162a01,2021-05-29,1535255041
5d82d5cb0889aefe,2021-04-30,1535255041
87a81beae381b087,2021-06-10,1535255041
7f83308a8c016f80,2021-06-26,1535255041
d36b3845e2f309d0,2021-05-15,1535255041
7732b695b648243f,2021-08-07,1535255041
87236532467aefa2,2021-08-28,1535255041
9e64dcc14f2c3cef,2021-09-11,1535255041
3d2ffd70e2ba1dc5,2021-07-31,1535255041
f841d5005fe141eb,2021-07-10,1535255041
e7822a3c996c6632,2021-12-11,1535255041
9da89747ddc837b3,2021-10-23,1535255041
f0c623e2cdb549db,2021-10-30,1535255041
a3f360e61252d22e,2021-11-13,1535255041
cd5a94b6c04ab82d,2022-03-19,1535255041
f9a623865420cb2a,2022-03-12,1535255041
cc1fda8ae22c0caa,2022-01-22,1535255041
17d652a8ed6e931a,2022-03-05,1535255041
94c8ebd817e11dee,2022-04-23,1535255041
c69520e75379b5e1,2022-06-15,1535255041
8b0adb301bf0dc79,2022-05-14,1535255041
a95438a3dc934a72,2022-06-04,1535255041
d07f2e8e2e722ec3,2022-09-01,1535255041
1eafef88a523df96,2022-09-17,1535255041
f321aa19bd77c30e,2022-07-09,1535255041
0c93a80c25a17ee4,2022-07-08,1535255041
b3a64ecb172d8719,2022-08-04,1535255041
aeab32e9855d2931,2022-10-22,1535255041
f05337a322f941f3,2022-12-07,1535255041
dae74bda417fb2c7,2022-12-10,1535255041
286ea6237bb1fe41,2022-12-18,1535255041
8ec6c18da6bc9834,2023-03-30,1535255041
ebb6e0ac53e596a3,2023-02-11,1535255041
6f3f24b565a4c9fc,2023-02-27,1535255041
212a8ed253ebfde3,2023-02-18,1535255041
31793d1a98097dc9,2023-03-03,1535255041
53d2be239359b26a,2023-06-15,1535255041
79bb223b46f4d1f9,2023-06-07,1535255041
db5c9108a6c4b1b6,2023-06-23,1535255041
d0da009b736f5dd1,2023-05-18,1535255041
e082a72036a0f178,2023-04-07,1535255041
edc9897ce4663e93,2023-08-13,1535255041
b4957ba21094e950,2023-09-01,1535255041
191345307fa6b289,2023-09-21,1535255041
04c1ccf0bbb3447c,2023-07-14,1535255041
5ad3488482d2d814,2023-07-28,1535255041
3529d61b084e2e65,2023-12-16,1535255041
c5198ce334d22f68,2023-10-06,1535255041
a15afd1ef8338ced,2023-11-11,1535255041
ed9513dd514a8b8c,2024-03-15,1535255041
964c99af75da5bb0,2024-03-09,1535255041
eacb5ffd0bf75957,2024-01-30,1535255041
9087a0969d43b489,2024-02-24,1535255041
5ce72f03a1b07e02,2024-01-19,1535255041
28896a950afa2b94,2024-06-01,1535255041
bd9e00e45fa881bc,2024-05-04,1535255041
6bc0c97f8bdd55ef,2024-05-18,1535255041
0fb984767f99a892,2024-04-22,1535255041
9ce4a356c5f5a557,2024-06-29,1535255041
775caf258606822b,2024-09-30,1535255041
2424995ae599af1c,2024-09-25,1535255041
57550df1941130f2,2024-08-30,1535255041
c3bebcf0e31959dc,2024-09-14,1535255041
7e6fd0d947c83a6c,2024-09-07,1535255041
b1808b3f75f3073d,2024-08-24,1535255041
3fb892702bfed3c3,2024-12-05,1535255041
4e06209b3f43f6f0,2024-10-05,1535255041
2da7945e5768d9c4,2024-12-28,1535255041
c7b46efd0b017283,2024-11-23,1535255041
88746d76fcc78b25,2024-11-02,1535255041
89a6623d468420a0,2024-10-19,1535255041
63c6d243e7347696,2025-02-15,1535255041
fc01287977f1fe01,2025-02-16,1535255041
0d69e88797c4ee3e,2025-02-08,1535255041
93d0ca2e486915ad,2025-03-08,1535255041
2505de60fdb37c31,2025-03-22,1535255041
adfd89bb59643044,2025-02-22,1535255041
46577db35622a7cd,2025-06-14,1535255041
ffdfa17a230e3124,2025-04-11,1535255041
65f243e0c89d4438,2025-06-23,1535255041
bda6461b9539af55,2025-06-26,1535255041
9fa86db891627969,2025-05-24,1535255041
2d0b6bc55a8406a8,2025-05-10,1535255041
553abfe23a7d2b9a,2025-08-25,1535255041
8e654473cd3700e0,2025-09-01,1535255041
b7eabb1433281ea4,2025-09-15,1535255041
8a2f42110caa2c01,2025-08-04,1535255041
3198a6b61e3f0a0e,2025-08-11,1535255041
46cb9af2c680a6fe,2025-11-24,1535255041
f3a053a1e9851fd7,2025-12-09,1535255041
ecefc1a120d30c67,2025-10-13,1535255041
abeab1b7286c45c8,2025-10-06,1535255041
b840e454606461fb,2025-10-24,1535255041
199fd42c77c6927d,2025-12-24,1535255041
1adb3f7a4fd26acd,2026-03-03,1535255041
42e053372688dacb,2026-03-07,1535255041
480d1c0db3f33a33,2026-03-21,1535255041
5aba68db0f3701fc,2026-02-28,1535255041
72c7520dce236578,2026-02-09,1535255041
26a183d7d003fb53,2026-03-12,1535255041
0fc5210e759da81f,2026-06-28,1535255041
13f943355f06c948,2026-06-20,1535255041
1564ba78d103ffef,2026-05-05,1535255041
ffbd6b0beef97644,2026-06-08,1535255041
df292af86f2a7db4,2026-06-23,1535255041
b95da854e35ca588,2026-04-25,1535255041
3e74723cd2cb45bb,2026-07-11,1535255041
1cfe670b50799f0b,2026-07-07,1535255041
a6a3d4dc1599d30b,2026-07-06,1535255041
af62a40be21dddfd,2026-07-10,1535255041
63508cd27109d80e,2020-11-26,1535384390
bb4ff5215be8c3d1,2020-10-10,1535384390
3d309fb65908f10f,2020-12-24,1535384390
966d137b7a800124,2020-10-27,1535384390
0edf332fe4af53e3,2020-12-02,1535384390
54ac32f240d26cbd,2021-01-15,1535384390
f57313056870089b,2021-03-23,1535384390
59b088ac42683df6,2021-01-27,1535384390
e0100cfca7d8f6fb,2021-01-05,1535384390
8a5802c1928d310c,2021-03-02,1535384390
89574ee849a7cec0,2021-06-08,1535384390
5757a6cb5cce30c7,2021-05-04,1535384390
4710325bf594c9cd,2021-05-18,1535384390
75f42a8131a3ffcc,2021-06-29,1535384390
beb6d08ea37293d9,2021-09-23,1535384390
a6fbd404d1a64aed,2021-08-03,1535384390
3c24587dc456cf17,2021-09-07,1535384390
b1567294f68d1f0a,2021-08-24,1535384390
1ad930464e12e582,2021-09-30,1535384390
6723953686a0d654,2021-11-30,1535384390
2094d0fa36c132a6,2021-10-19,1535384390
db5e4c00c661359a,2021-11-11,1535384390
82f5975dae6ee456,2021-12-14,1535384390
a410060656102bcd,2021-10-12,1535384390
16a0d6735866095c,2022-03-10,1535384390
6bfd661af97ffb0a,2022-01-20,1535384390
185d06794a2b667f,2022-01-22,1535384390
df2a71825fa0fd5a,2022-01-28,1535384390
9cc027503bc41d99,2022-04-28,1535384390
460d877dba15543c,2022-04-21,1535384390
f4f9ff9b56082939,2022-06-16,1535384390
47eb28cd02307d50,2022-06-23,1535384390
82c065983813525a,2022-06-30,1535384390
7800d46ceb7d4031,2022-08-16,1535384390
2e5669092440c62d,2022-09-29,1535384390
5fa62593813499ba,2022-09-01,1535384390
86c5af9e4f480ee9,2022-09-22,1535384390
c038d916d4cffbd9,2022-12-20,1535384390
d1cb995713437583,2022-11-08,1535384390
c3de3f66a16a4dd4,2022-11-15,1535384390
994853875d0fe81d,2022-12-29,1535384390
2f890ca7626971a0,2022-11-01,1535384390
66b2c51ed508d166,2023-03-21,1535384390
f5ec4cadf9380915,2023-03-24,1535384390
eb0c635eaa908584,2023-03-07,1535384390
c2e18575772615e5,2023-03-16,1535384390
72a60ee85721258f,2023-01-10,1535384390
a2d3eb5ca2cad046,2023-04-06,1535384390
71e9fc1adf60bee8,2023-05-11,1535384390
f601a6d0036c045a,2023-04-18,1535384390
4781ea371bc2e8a4,2023-05-16,1535384390
a07c871783ede46e,2023-04-25,1535384390
db1125d7f17692b5,2023-08-31,1535384390
93e1f1f36209f905,2023-07-11,1535384390
494e151e4b13e165,2023-08-08,1535384390
9e9fbd70c351dde4,2023-08-15,1535384390
2d8bbb395e48a9d5,2023-07-20,1535384390
400ae77dba0198b0,2023-10-17,1535384390
3eae3d0cc1dea802,2023-12-08,1535384390
673d2185f9f31036,2023-10-24,1535384390
3c53b31b7d623942,2023-11-30,1535384390
ab146635f9bc1e71,2023-12-07,1535384390
0cb5cdf6bde100d6,2024-02-01,1535384390
574246ded5e76b29,2024-02-27,1535384390
06e0d81bc7e54ecc,2024-02-15,1535384390
c4a5372566a73945,2024-01-30,1535384390
c24b5c1baa8dcf93,2024-04-11,1535384390
807d76ee5f503b47,2024-05-09,1535384390
4e5192dc3b3adad5,2024-04-23,1535384390
911c4de3197dfb44,2024-06-20,1535384390
d868b44f87ab1b1e,2024-07-11,1535384390
43da4538bc5e0399,2024-09-19,1535384390
b1ed35d073b98749,2024-09-03,1535384390
d099e3bf1991e278,2024-08-27,1535384390
ce1f188de539273e,2024-10-31,1535384390
2bd1cda7cfd40086,2024-10-10,1535384390
298db561b84f585f,2024-10-26,1535384390
6ff41a8112812ea0,2024-11-14,1535384390
a65f2b513eedeab0,2024-10-04,1535384390
e4098d652e801cfb,2024-12-03,1535384390
a84430299aa0ff3c,2025-02-25,1535384390
08f206e4431a6f64,2025-01-21,1535384390
b371fdb589ec6d8b,2025-01-30,1535384390
b55bbaa8160861cf,2025-03-22,1535384390
7b92593db3995199,2025-03-04,1535384390
7fa1265f15d31b40,2025-02-18,1535384390
34a79c4b6c7b8e3a,2025-04-01,1535384390
3576a437c10657bb,2025-04-10,1535384390
82a15fa688a52f41,2025-04-17,1535384390
15abf3f7626618f5,2025-04-08,1535384390
02192676fc8209f8,2025-05-29,1535384390
fc68ad5d194625a4,2025-05-13,1535384390
6280480b1a3b3fd0,2025-09-30,1535384390
b33276666744946c,2025-07-16,1535384390
736d9bcde7aa8456,2025-09-26,1535384390
71d50a9c90c81053,2025-09-18,1535384390
fe7725f5fada1221,2025-08-26,1535384390
6b10d15653b38c7f,2025-08-01,1535384390
ca409c72aa37afc9,2025-11-18,1535384390
46acb3750dd402e8,2025-10-10,1535384390
f258f3f4d0e56d1b,2025-12-30,1535384390
bba30f7da0a9eef7,2025-10-30,1535384390
ef948af432d9e89d,2025-10-14,1535384390
e29c8828a09b68b5,2025-11-20,1535384390
e5064470f498b8fb,2026-01-02,1535384390
dabf77e4c84e2be0,2026-02-24,1535384390
0c2a5d5bc97e7c22,2026-03-31,1535384390
5a8e0406cb70bd50,2026-03-13,1535384390
c710207c917b0ad2,2026-02-17,1535384390
2ddb2471165a7516,2026-03-05,1535384390
684803fcd9d7407c,2026-06-02,1535384390
b902c98d65e8ece7,2026-04-16,1535384390
306477356cdf2495,2026-05-01,1535384390
b67f2e8126168d9b,2026-06-26,1535384390
ff485843d74f22e4,2026-06-05,1535384390
4243724a6de0ae55,2026-06-23,1535384390
895b4c217bd86d98,2026-07-10,1535384390
607fb88aa7a8dba7,2026-07-02,1535384390
85d116ef80031160,2026-07-03,1535384390
e02e16d02c7ba87c,2026-07-14,1535384390
723bf9948ac57b6d,2026-07-07,1535384390
f4bb78c143350294,2020-11-02,1536169792
474589c3639027f2,2020-11-16,1536169792
6f1d62ac5085479b,2020-12-17,1536169792
bb8bb9dcc3f9db14,2020-12-07,1536169792
8ac21bac441be3d1,2020-11-30,1536169792
4c0f29d5ecac4b44,2021-02-11,1536169792
f434cdd0f0eee068,2021-03-08,1536169792
3e4b7b691bf6b8b7,2021-02-08,1536169792
944ba5e52f89c07e,2021-03-15,1536169792
0a0c1036d00072e9,2021-03-04,1536169792
d22433cbaa88eed1,2021-03-01,1536169792
a4e291687bc8481b,2021-04-12,1536169792
8d00222fcdcea818,2021-05-31,1536169792
7f50a6761c99ac6f,2021-04-27,1536169792
926d7176845d32ee,2021-05-13,1536169792
19aad4ea5c28362e,2021-05-24,1536169792
9fae229cf2dd5076,2021-07-26,1536169792
b6558eb5462a89b3,2021-07-05,1536169792
904bf00846b44a45,2021-09-20,1536169792
12f4e188be292e28,2021-11-22,1536169792
04ae5b6df8a52aea,2021-11-15,1536169792
da65928149e80526,2021-12-06,1536169792
1de3476ec95bd22a,2021-11-29,1536169792
ccd991a2bd339a52,2021-12-29,1536169792
c6464349a3e01ee1,2022-03-22,1536169792
585c6faeb647e446,2022-01-24,1536169792
4e49617e0d80e5cc,2022-01-03,1536169792
d288fc5954626822,2022-03-14,1536169792
165e36e48add0961,2022-02-21,1536169792
67e45418539ba8bc,2022-05-09,1536169792
6ecf1f918fb9a88a,2022-05-23,1536169792
d453c5ca281de06c,2022-06-20,1536169792
b8d10698c79b176b,2022-04-11,1536169792
dfa5f006192d9d73,2022-04-14,1536169792
8e99a37fef111df6,2022-07-19,1536169792
c1f74e257ffba9be,2022-08-29,1536169792
b906617155159833,2022-09-26,1536169792
7bb6b61740e9e14e,2022-08-02,1536169792
303ac9034d0ae043,2022-07-04,1536169792
fa29e7a5bbf9e854,2022-11-21,1536169792
68a94b2ec9b9fb9d,2022-11-28,1536169792
272855f8aede0269,2022-10-24,1536169792
6f2ccfaf3b96a2c1,2022-10-10,1536169792
6120aed7930dea2a,2023-01-24,1536169792
4e2abaa6d677a9a7,2023-02-28,1536169792
57716f05c8436e1a,2023-02-07,1536169792
5b95e63dee93bd77,2023-05-03,1536169792
8628aa941dccca73,2023-06-14,1536169792
349c58a60f8740a7,2023-05-27,1536169792
05f99167a839fc55,2023-06-01,1536169792
0c693a83d6a1d34a,2023-07-18,1536169792
8409479dea2db99b,2023-08-08,1536169792
7432bf53e2e08fa5,2023-09-26,1536169792
4960fb892d48c54c,2023-08-30,1536169792
4dd2c713118929fb,2023-10-17,1536169792
b007297b273d5228,2023-12-13,1536169792
5cfdd78664bd84bc,2023-12-05,1536169792
3eea4fe868aae134,2023-11-01,1536169792
fdb744098628607f,2024-03-25,1536169792
dc82ad2518b115e0,2024-03-18,1536169792
6f07ec6f99682925,2024-01-17,1536169792
5126eceaf3f530a5,2024-02-12,1536169792
cb82d607d307c4b4,2024-06-16,1536169792
d28b75d7fc66bd1b,2024-06-06,1536169792
e5f1bf7fc89a39ac,2024-05-06,1536169792
b600c93825b5f8db,2024-06-20,1536169792
f7fa98cb0292205f,2024-09-19,1536169792
f66f28c745a42fa2,2024-09-05,1536169792
386817d89bad0314,2024-08-13,1536169792
ccbc7b0c0a9e03cd,2024-07-08,1536169792
3b3b6fb30b948eef,2024-08-27,1536169792
61497ac17abcf649,2024-09-26,1536169792
b01d64a56d8a48d3,2024-11-26,1536169792
fbd27d44f70abc99,2024-12-27,1536169792
aa5c25836e3a3ccd,2024-10-30,1536169792
455858e3364deb13,2024-10-10,1536169792
5ca809678f97ef45,2024-12-17,1536169792
8bed23cc8eb5b6ff,2024-11-15,1536169792
59015f94e1e1bb21,2025-03-08,1536169792
0efa98c4090982d2,2025-01-31,1536169792
151b413d1f96cf43,2025-02-07,1536169792
36492569d07f53b9,2025-03-21,1536169792
ed712281b87afa07,2025-03-09,1536169792
a3287d8820004807,2025-03-28,1536169792
074dbcba0ae67a7d,2025-05-16,1536169792
7b67f7df7f7d9557,2025-04-25,1536169792
ef4ca10261692eb9,2025-05-02,1536169792
a78c912ead46372d,2025-05-09,1536169792
19e39147c3591509,2025-06-24,1536169792
353635384480c2e8,2025-05-19,1536169792
77074fe34105bc89,2025-08-28,1536169792
cf587899b9571ba7,2025-08-08,1536169792
b174b8a7b0ebccec,2025-07-03,1536169792
904cbce31222616c,2025-07-15,1536169792
194e485e9bf4b2dd,2025-08-11,1536169792
c24433d428f4de96,2025-09-05,1536169792
fd0bf42a64eee0e4,2025-11-21,1536169792
c0502c68d5c7b0c4,2025-10-31,1536169792
6fb6d964d65c99a8,2025-12-05,1536169792
43cb373cb52c1c85,2025-12-23,1536169792
f40bea0a508e7dc4,2025-11-11,1536169792
f412c76498e78698,2025-12-01,1536169792
cbc792c5c4963f54,2026-02-06,1536169792
7430ad3cd511b0ce,2026-01-27,1536169792
62a079ab66ac4fb8,2026-03-20,1536169792
24569bd21c8a174c,2026-03-30,1536169792
080b41abf57690aa,2026-02-24,1536169792
457634d032e6ec45,2026-01-02,1536169792
1a9c7bdadbf2d4e4,2026-04-26,1536169792
7401749155b0cbeb,2026-05-07,1536169792
8d659998824459d5,2026-05-28,1536169792
32542e77c820a18c,2026-05-04,1536169792
320aa2aea3cd06fc,2026-05-19,1536169792
3e8227d0ab7c9e71,2026-04-03,1536169792
3e9c4f1403c4999d,2026-07-10,1536169792
d2bcb0c57a431b3a,2026-07-03,1536169792
2f3b0a8ab2f0dbc2,2026-07-14,1536169792
ab83ff5431d4e9fb,2026-07-07,1536169792
1200f1a89543e38e,2020-11-13,1536984072
fff27b1df8db1d14,2020-11-27,1536984072
e4b6363c90be8f81,2020-12-18,1536984072
64abeaa817a35bc5,2020-12-25,1536984072
78f18d3c89736ab9,2020-12-04,1536984072
65649ffae6ffaa9d,2020-11-20,1536984072
915f00b411f9c691,2021-02-19,1536984072
ae91e70ceb7cb7f0,2021-03-05,1536984072
edc0cb34af41e25e,2021-01-15,1536984072
9cfe6e4c7334d915,2021-01-22,1536984072
20b76409f8588027,2021-06-04,1536984072
91e83c54dc67ce34,2021-04-09,1536984072
2861c98d6a3b6836,2021-05-21,1536984072
69db8ddd10a4ae70,2021-04-23,1536984072
3972ae41eb3ca5d6,2021-04-30,1536984072
e725dff9ae00e9b7,2021-08-20,1536984072
1a15021d692d03fc,2021-09-24,1536984072
80000443b82be027,2021-09-03,1536984072
05c700aea40591c5,2021-07-16,1536984072
d1d883826d359180,2021-07-23,1536984072
69bb186f555f4ff0,2021-10-29,1536984072
7524429ddcdf0797,2021-11-12,1536984072
76e2c7452c1d8bbe,2021-12-03,1536984072
abb51afce5005b0d,2021-10-22,1536984072
5276107ecea65d94,2022-01-07,1536984072
21f48a1b304e0494,2022-02-17,1536984072
f4de6e8aa89e7157,2022-02-04,1536984072
836968273eed1f05,2022-02-25,1536984072
c2b9e5a370c117c3,2022-03-25,1536984072
039d2354fc5dbed4,2022-06-24,1536984072
f6273426fb266eca,2022-05-28,1536984072
7c15847ad0f28115,2022-06-17,1536984072
ff102dda0d2ee6fa,2022-06-10,1536984072
d43ff75c598ac6c2,2022-09-30,1536984072
01cd2dabe2274acb,2022-07-08,1536984072
38f5395e4d810552,2022-07-15,1536984072
803f1c4c8854d8e0,2022-07-22,1536984072
3212cc3065edbf64,2022-10-21,1536984072
e1113a8faab1b05a,2022-12-16,1536984072
b435a8428537bdf8,2022-10-28,1536984072
ce6306fc6b84d1a7,2022-12-09,1536984072
8084d6dc5461b610,2022-10-07,1536984072
b8a0ad6919745a13,2023-01-06,1536984072
6e5dc38f2553db15,2023-03-24,1536984072
b3ab840f24eb5269,2023-03-10,1536984072
5a320e71be521bd2,2023-03-31,1536984072
b9ef0ca3e9cee199,2023-02-10,1536984072
ec193f89d9a5618e,2023-06-30,1536984072
be238e1a2b54a1f0,2023-04-28,1536984072
81bef8ad9cc56cf5,2023-06-09,1536984072
5d0c12501d1af0bc,2023-06-02,1536984072
67702a60793db694,2023-09-08,1536984072
7db8c4f2434b749a,2023-07-14,1536984072
786651bc9360e9b6,2023-07-28,1536984072
13de128629f5135d,2023-09-29,1536984072
70c565dffb348459,2023-12-22,1536984072
4a7c9f9911772d18,2023-12-01,1536984072
a6c95cd785d9911c,2023-12-08,1536984072
3ac6d9c49a1b3fd2,2023-11-03,1536984072
4a6a052b92709e0f,2023-10-13,1536984072
9cd68671d6d790cf,2024-02-23,1536984072
57b4d62f1187c14a,2024-01-26,1536984072
9fc1c4dd36c1c6ea,2024-01-05,1536984072
a39045a872df467b,2024-02-16,1536984072
648c8679e6133f95,2024-01-19,1536984072
538e9f78185c58c6,2024-04-12,1536984072
4869972689ffd230,2024-06-14,1536984072
c5b39741b8da6ffe,2024-05-03,1536984072
ab37879f597f249e,2024-05-17,1536984072
15dc3fed2aff6905,2024-05-10,1536984072
95dccf026334a91c,2024-07-12,1536984072
f1821ed7d95924d1,2024-07-05,1536984072
a5b3ca7316be9a50,2024-08-02,1536984072
a50d4644caa919c5,2024-09-06,1536984072
c0d82b99a92c5605,2024-09-20,1536984072
049b8f748e55704a,2024-08-30,1536984072
65f27c4112d7e995,2024-12-13,1536984072
c6483d881d6ddfe5,2024-10-18,1536984072
1656b68fdf2281fb,2024-11-01,1536984072
1132034f5fbb8304,2024-12-20,1536984072
8415854d4034191e,2024-10-25,1536984072
f9c2f487a6f69db3,2025-01-24,1536984072
928094de8dbef3c0,2025-03-28,1536984072
8e8bcb23eb9c502e,2025-02-07,1536984072
3ff3a96c4aabe0d1,2025-02-28,1536984072
03cb9f40d0c26264,2025-02-14,1536984072
73903202e6504986,2025-05-30,1536984072
4c53d783b79f9e08,2025-04-25,1536984072
044b58c3aa411b71,2025-04-11,1536984072
24899be6b4ea439b,2025-06-06,1536984072
0ef78af5433e9429,2025-05-02,1536984072
66bd3e96c8abc7bb,2025-05-23,1536984072
c5c9bbd914bae90d,2025-08-01,1536984072
d727c5d0cff57b54,2025-09-12,1536984072
8cb3befd6153c0b0,2025-09-19,1536984072
a5a1652ecf7b4568,2025-07-18,1536984072
30dfd124002c1f72,2025-08-15,1536984072
48f7d562aa5e7480,2025-08-08,1536984072
18860728bac341d7,2025-12-05,1536984072
9119e64cae22d914,2025-10-24,1536984072
3c5172798da4283f,2025-10-17,1536984072
33e56bd8800ff827,2025-11-21,1536984072
c4c4666962b0cd5f,2025-10-03,1536984072
3d9ace5520e80eba,2025-12-19,1536984072
11044f8c990ca7ab,2026-03-27,1536984072
2cfa65d2cbee5809,2026-01-30,1536984072
91cc9b5cca953131,2026-01-02,1536984072
5858fd56fa49d3e1,2026-03-13,1536984072
69a6dd482bc6464f,2026-03-20,1536984072
4904ed5d02a74429,2026-02-27,1536984072
a3b693361eb99777,2026-06-12,1536984072
3c459660b4fb4d96,2026-06-26,1536984072
fc8640ee4e66952b,2026-05-08,1536984072
05deec76538a582d,2026-06-05,1536984072
e713c86b103702aa,2026-05-01,1536984072
5eee239d665876ad,2026-05-29,1536984072
62ea5b71eeb95c32,2026-07-10,1536984072
de1be76b762ad721,2026-07-03,1536984072
72e98eaf9372cfdf,2020-11-03,1538788132
51bf3d7ce75b8650,2021-02-12,1538788132
d5cfbee02d9a65f3,2021-03-07,1538788132
3a846f0765f276cf,2021-03-22,1538788132
09fef4f0d5f01cb6,2021-01-29,1538788132
7969e98e8a9760d2,2021-02-26,1538788132
679f0666fd693277,2021-05-30,1538788132
581d9b4bf67780d4,2021-04-25,1538788132
f3bdd68b47abce1f,2021-05-11,1538788132
d07f95cf41b8b2ad,2021-05-03,1538788132
2d75b1c3e296a9c8,2021-04-11,1538788132
722c638363575dd5,2021-06-28,1538788132
186f0b18003f41bc,2021-09-30,1538788132
55973ce9bf3e5fe4,2021-09-24,1538788132
37312709888e3dbb,2021-09-23,1538788132
f478326625db80f4,2021-09-20,1538788132
ea309c6c5758a847,2021-08-01,1538788132
4354ca1c24bbe28e,2021-11-11,1538788132
5e3775cf4f883cee,2021-10-18,1538788132
529e1954d2978df4,2021-12-08,1538788132
b8a3696a864b518a,2021-11-01,1538788132
8e957fd0ac038bdb,2021-11-10,1538788132
333d66bb73bd8b40,2022-02-28,1538788132
a7f07fefa91cf62b,2022-03-09,1538788132
529217fbdae1fa6a,2022-02-06,1538788132
2509e42c59520b1a,2022-02-17,1538788132
d4adc6c3f7513ecf,2022-06-20,1538788132
21a570057c3725f8,2022-05-24,1538788132
e6a55d61bdf3d789,2022-06-27,1538788132
de820bbf6e850e9f,2022-04-10,1538788132
7ee1035e7421d8bf,2022-07-20,1538788132
c177e88bcbd4120f,2022-08-01,1538788132
ff9a315416ed93be,2022-09-26,1538788132
d6c4564975828f02,2022-09-14,1538788132
0e2ef9afc998d9b6,2022-07-07,1538788132
f511cf74275af55d,2022-10-17,1538788132
c4e6941ddb7330c5,2022-10-03,1538788132
7e1137f0b3e753d8,2022-12-23,1538788132
9bef090fc5de40e2,2022-11-29,1538788132
e96944803c173aff,2022-10-25,1538788132
eddf4f4d8259421f,2023-03-30,1538788132
3a1cfef021ca1654,2023-03-28,1538788132
7bad35a6d173e41a,2023-01-02,1538788132
8db0781784281ad9,2023-03-24,1538788132
a13385f08d4a7049,2023-05-09,1538788132
f8a3c01adde4686e,2023-04-04,1538788132
f2caa911a71203f5,2023-05-02,1538788132
5e3cbb603a98f818,2023-04-27,1538788132
bbc5af1ca45fbebf,2023-05-10,1538788132
6a2eab1ff46196a5,2023-08-08,1538788132
3dddfe8e1a89c9f5,2023-09-26,1538788132
9afc4c0d5818d54e,2023-09-20,1538788132
d968ccc2693a86a5,2023-07-12,1538788132
ad967f94402ae0f8,2023-08-14,1538788132
506f19210e84d148,2023-12-22,1538788132
78fd842f66ec58d2,2023-11-22,1538788132
baaa46ca0d2fb897,2023-10-05,1538788132
4cd91897367039b5,2023-11-15,1538788132
64acfcdca5c4c69d,2023-11-06,1538788132
cdb88dc882aa3672,2024-02-22,1538788132
56b35324b241349b,2024-02-05,1538788132
210cd10796eee3d9,2024-03-13,1538788132
f74694d53693524f,2024-03-03,1538788132
a880a28f50b242f2,2024-06-28,1538788132
22ad604781bed126,2024-05-13,1538788132
c59140e2f7d017bf,2024-04-19,1538788132
f4843ce60a2b6247,2024-04-26,1538788132
601121b6f25b5427,2024-06-13,1538788132
52400044826273ef,2024-09-05,1538788132
c89da7802ec75c28,2024-09-29,1538788132
b1e2d2859cf39371,2024-09-30,1538788132
7dff9684b0bc5070,2024-09-22,1538788132
c4575bef1620a73c,2024-09-19,1538788132
306d95602bddbb82,2024-07-29,1538788132
ab20427546f7b755,2024-10-07,1538788132
5a6be45633024f55,2024-11-15,1538788132
6cc4316e8b1944b4,2024-10-30,1538788132
ae4ffe07c4af62c8,2024-12-12,1538788132
79e49b94e2e94655,2024-10-10,1538788132
a347290d5e6d6cb0,2024-10-17,1538788132
27c397c09beca4ba,2025-02-06,1538788132
c071d52f6be42329,2025-01-21,1538788132
ef58f78502600e89,2025-01-23,1538788132
8e204cb220fbc2f6,2025-03-24,1538788132
8031e3319448668d,2025-03-06,1538788132
a506e3df8e4666d7,2025-03-31,1538788132
d727e3f1e2ff7d0a,2025-06-13,1538788132
dccedaa2c6985d53,2025-04-17,1538788132
87b71d0a08539fbf,2025-05-20,1538788132
8c2ecfce6c694222,2025-04-30,1538788132
69bebc2a1d0ad53c,2025-06-12,1538788132
1f0578a0b09b42a5,2025-06-17,1538788132
f90f5575b0df263e,2025-08-29,1538788132
d40f75a39eb579c2,2025-07-21,1538788132
15448a737200d41a,2025-09-05,1538788132
e5ec9ed7ff3bfe56,2025-09-29,1538788132
117d8c4baa117f73,2025-09-04,1538788132
d9fdca486849377b,2025-07-27,1538788132
85b23b198f161fcc,2025-11-21,1538788132
7d868c161312f7b7,2025-12-11,1538788132
6fa698d484eefd2b,2025-11-26,1538788132
fca166e51e02e73d,2025-12-05,1538788132
288c8ac898d3cdfd,2025-10-17,1538788132
af4b49fb15c8d865,2025-10-23,1538788132
16525d98951c6d1f,2026-01-23,1538788132
0b1e3bfcbc1bcf55,2026-03-23,1538788132
c9628a9f6ae2f0bf,2026-01-22,1538788132
5059d128ae654c49,2026-03-13,1538788132
85459764225a4b2a,2026-02-20,1538788132
e3179b8e319dadc7,2026-02-26,1538788132
5ae9799d669e58a3,2026-06-26,1538788132
21eaae825514022b,2026-04-29,1538788132
18f0998e4daeaa7e,2026-04-28,1538788132
18367fd19631ab13,2026-04-23,1538788132
c548723cab6796c8,2026-04-15,1538788132
3b2cfce747599899,2026-06-11,1538788132
1900ff988275fd95,2026-07-07,1538788132
1e8c01d5801abe14,2026-07-03,1538788132
f0e880d401073dde,2026-07-03,1538788132
3a0526cfddb077d2,2026-07-09,1538788132
577dc5009b7c8a79,2026-07-01,1538788132
b36fa723674ea129,2018-03-22,1548086514
5c900115439821ca,2018-01-08,1548086514
35f3214151e8450b,2018-02-09,1548086514
7898795da7e88164,2018-01-11,1548086514
31a8ce4dd480bbbe,2018-03-16,1548086514
886c8bdcfdb21073,2018-04-19,1548086514
156cf5fa6a9233fc,2018-06-07,1548086514
7c4a2e4a05ab603c,2018-06-01,1548086514
7bed34da9b55925c,2018-04-05,1548086514
af07c7e8299b4c44,2018-05-10,1548086514
3a3d68e3b1028a35,2018-08-10,1548086514
750db4a65e7be67a,2018-09-01,1548086514
be7d0244c73c966d,2018-07-19,1548086514
28ff87d290badba8,2018-08-08,1548086514
d1257412f6410981,2018-11-14,1548086514
6c0c7f284a9ce520,2018-12-14,1548086514
3aa371e5e3480359,2018-10-25,1548086514
06a101b14c481748,2018-10-19,1548086514
b813e8d463f73fb1,2018-12-07,1548086514
2b35dfcf90e80d30,2019-01-24,1548086514
2431e0dfbb44fef4,2019-02-14,1548086514
d41a812b47a66984,2019-03-30,1548086514
030bec06f819b922,2019-03-12,1548086514
54912d0bda35a9d7,2019-02-28,1548086514
b333248e68e816bd,2019-04-20,1548086514
fa004a2c390a2a00,2019-04-03,1548086514
772f4fcd6e57fc96,2019-04-19,1548086514
12c2a6957dd62045,2019-06-07,1548086514
affe76b593f71d81,2019-09-15,1548086514
ef7c9e5bf032a7ce,2019-08-08,1548086514
8391c486ff454022,2019-08-29,1548086514
97dd7720e8461e30,2019-07-18,1548086514
2a939ec93018e588,2019-09-09,1548086514
58c93a0ded4ae913,2019-10-10,1548086514
674fca7fe07e492d,2019-12-01,1548086514
69cf984066c77dff,2019-12-05,1548086514
5b81efd24e5f29cc,2019-12-31,1548086514
c04e7ae84e1c83a8,2020-02-27,1548086514
8802e84e48bdae09,2020-02-07,1548086514
de7ccdbdb936e356,2020-01-30,1548086514
04135267ad52271d,2020-02-18,1548086514
12572066d0727796,2020-03-31,1548086514
e4a3839275850153,2020-04-25,1548086514
e52415750cf4706b,2020-06-06,1548086514
e4700ffaf7f85530,2020-05-10,1548086514
17792cac405d2736,2020-06-11,1548086514
fb573f1bbe25e043,2020-05-22,1548086514
cffb7bafaee4d4a0,2020-08-28,1548086514
12b6dd848094e30c,2020-07-17,1548086514
e41decea60568233,2020-07-31,1548086514
bac59fa7fa8c4dc7,2020-08-11,1548086514
c491c8cc51f5e330,2020-09-02,1548086514
fa0fc03d16ad3823,2020-12-26,1548086514
7d9c85a2f5542ab8,2020-11-16,1548086514
08f80ea9f9114cde,2020-10-02,1548086514
9adf64055ae3caad,2020-12-28,1548086514
c75547f83db6e46e,2020-12-01,1548086514
5af8b96031d176a4,2021-02-07,1548086514
5b5a7a2525a261a2,2021-01-24,1548086514
314c82258a97ccd7,2021-02-14,1548086514
1ef514693f168fe9,2021-03-08,1548086514
150363532151d573,2021-03-30,1548086514
bbb05e93d37ef0da,2021-05-17,1548086514
b2370582af9109e8,2021-05-30,1548086514
1a4a1625dbe39177,2021-05-23,1548086514
b447d1f91b51f904,2021-04-24,1548086514
9d0effdab5d377f6,2021-09-05,1548086514
54bc824ff8eec8a8,2021-09-27,1548086514
ea5d18fdac384748,2021-08-22,1548086514
67fadf055d49fa77,2021-09-12,1548086514
fc146c153c78a574,2021-11-08,1548086514
e6cac1565026b493,2021-12-06,1548086514
b08582cec2c92dea,2021-10-04,1548086514
b76044a31c54d297,2022-02-21,1548086514
feca427fb2bc0476,2022-03-15,1548086514
738f89240d74c853,2022-01-02,1548086514
9678b06032219382,2022-02-15,1548086514
dc8ef5bd8af19c26,2022-03-07,1548086514
3c9ad6aaafbd1b9f,2022-05-10,1548086514
afe79bced49d9717,2022-05-31,1548086514
0df810bfaf272a61,2022-05-23,1548086514
a6cfb933032fe63b,2022-06-28,1548086514
95212e193f9891fc,2022-04-18,1548086514
7c2c97d0c63d78ef,2022-08-01,1548086514
4c04ea6adaa91703,2022-08-17,1548086514
f31c143a2b7e21ce,2022-08-06,1548086514
4bb621b3ec38c313,2022-07-18,1548086514
323be9d7c604c6cf,2022-07-26,1548086514
7a2b8c346da0e604,2022-11-14,1548086514
2aa9f782b5573e0c,2022-12-05,1548086514
d708c88155e8bf75,2022-10-25,1548086514
033f64f96036a30b,2022-12-22,1548086514
ff650dd73c715f2f,2022-11-28,1548086514
eb9a9034c4b60114,2023-01-09,1548086514
a0796ec4bf6550cf,2023-02-05,1548086514
70818f74aabe7730,2023-03-25,1548086514
93ea3483156bc638,2023-03-23,1548086514
180a9ec3275ada2a,2023-03-25,1548086514
17f6157e80bf7f05,2023-05-23,1548086514
f3fe35d4a16cfc91,2023-06-19,1548086514
381ad6096ef02a0e,2023-05-02,1548086514
49db095796435280,2023-05-15,1548086514
fe209e65df0df489,2023-04-11,1548086514
4339252886b112f9,2023-08-15,1548086514
8d3a4e7b96089057,2023-09-05,1548086514
80aba2b3890818dc,2023-09-19,1548086514
77d9533321d94960,2023-07-02,1548086514
4eef9a6d1b693a1e,2023-10-04,1548086514
93f995438aa146ae,2023-12-04,1548086514
b39cf99795b771d4,2023-11-23,1548086514
13987623f62cc277,2023-10-17,1548086514
91b0b0f5f304f1c1,2024-03-28,1548086514
e1178a9e20cf59e8,2024-01-28,1548086514
1bdcc14cee8d7e51,2024-02-01,1548086514
1d1e51ca2434293c,2024-03-11,1548086514
a1b9f7e163bc8393,2024-01-09,1548086514
39344a0ac0181de6,2024-06-28,1548086514
afac1a98c49837d3,2024-05-28,1548086514
2c6766f245695d01,2024-06-25,1548086514
01310b3d8b001353,2024-06-18,1548086514
668eb424a694defd,2024-04-23,1548086514
619b5a743291218e,2024-08-20,1548086514
903a8b46d44632e9,2024-09-30,1548086514
b9220b8f9c248318,2024-09-03,1548086514
2144df302f062c6c,2024-09-16,1548086514
e881be1c375f3c6b,2024-07-08,1548086514
c4c195be453d589b,2024-08-22,1548086514
84a318f8d59622b7,2024-12-19,1548086514
d014be8492fab105,2024-11-11,1548086514
c706253ee0e8f455,2024-12-24,1548086514
6c871f357735c7bf,2024-10-15,1548086514
3456437dfd87788a,2024-12-04,1548086514
60ee08402298fc2e,2024-11-27,1548086514
0941bb210acf713c,2025-01-23,1548086514
260c5141722341f5,2025-02-19,1548086514
409493d0ad0c089e,2025-01-16,1548086514
1fbd1260eafd495a,2025-02-26,1548086514
7e1bd43eae5f70fc,2025-03-12,1548086514
9c19b68808a1a309,2025-03-11,1548086514
680b1b26bd9644cb,2025-06-27,1548086514
eb629529a2b1d773,2025-06-09,1548086514
506e3af67a37e782,2025-05-14,1548086514
9d5f2d1832b4fb99,2025-04-14,1548086514
78dbc699ef69a99d,2025-06-26,1548086514
1f87d627d505a1cd,2025-05-23,1548086514
3e0c32df936ef330,2025-09-26,1548086514
5e652025d59a2929,2025-09-15,1548086514
ddee1346b2908e6a,2025-09-11,1548086514
520679d61d1115b6,2025-07-30,1548086514
514bd5d93def69c8,2025-09-09,1548086514
42505cf322e3c4e6,2025-09-30,1548086514
a668a0745a7fe2a7,2025-10-16,1548086514
e302eab9c223f425,2025-10-21,1548086514
64376c592a62e5c2,2025-10-17,1548086514
a3514be220ebe641,2025-10-28,1548086514
649d5b918c4394bf,2025-10-16,1548086514
f321acc23c275958,2025-12-10,1548086514
881d713d8d133971,2026-02-24,1548086514
6d7df047faf9e0d2,2026-03-27,1548086514
fa1dc16cd30c14cd,2026-01-16,1548086514
88cbff457af305f7,2026-02-09,1548086514
3e430bb82f83a468,2026-01-07,1548086514
02d4d6063be92e6b,2026-03-03,1548086514
fd44e0f5352dc39d,2026-05-26,1548086514
42e4efa571248ee8,2026-04-21,1548086514
fe7717387628a426,2026-06-16,1548086514
063d193ea66b247a,2026-05-22,1548086514
877fe974be2c09a4,2026-04-10,1548086514
b1010e68d230427d,2026-06-09,1548086514
ecd38ea96cd81644,2026-07-07,1548086514
c5dcdce2d5c6ab62,2026-07-10,1548086514
f5a0e86e2af3274f,2026-07-01,1548086514
e7cba35beeea6c32,2020-12-30,1548554104
bcae001d65d78a57,2020-12-24,1548554104
914a5400e2fd2356,2021-02-01,1548554104
8dc0b21b840d9266,2021-01-13,1548554104
cba63783292500e0,2021-03-05,1548554104
f91779ed58b44534,2021-02-17,1548554104
37f48e081c80e07d,2021-02-24,1548554104
713350689db0f273,2021-05-28,1548554104
0a71fb1c2f1bd1fc,2021-06-30,1548554104
feddadfbaa63f069,2021-05-26,1548554104
ac6e5d88bc1bd71f,2021-04-09,1548554104
e9702bea63fb05f1,2021-06-28,1548554104
a62e0ff8d47f44b7,2021-05-19,1548554104
01504ba94c222e3d,2021-07-14,1548554104
fb4830dc703b94f9,2021-09-27,1548554104
40e9e6f7d49ee450,2021-09-15,1548554104
1c1c51f122c7efe2,2021-07-30,1548554104
c145a71a284a2d80,2021-08-25,1548554104
8d7939d854f07ec3,2021-11-29,1548554104
1080678205210abd,2021-10-11,1548554104
ffb4057dfdf653a6,2021-12-17,1548554104
a51893a8558f1313,2022-01-24,1548554104
aad7347dd749b21e,2022-02-11,1548554104
e3fb15a8cd7d51b9,2022-02-07,1548554104
9153168d5078742d,2022-03-14,1548554104
044f24356c2a7471,2022-01-07,1548554104
81d604af821c8d81,2022-05-25,1548554104
ab43d516d06133db,2022-04-18,1548554104
8a86ef8849288077,2022-06-22,1548554104
11352e1eecbd99bc,2022-04-15,1548554104
51821b4b3bb95a0c,2022-04-11,1548554104
81aefcdef910b44f,2022-09-13,1548554104
4b123580ef49a220,2022-07-18,1548554104
817dc3c8967bf85b,2022-08-25,1548554104
1f340eac71dd63da,2022-08-10,1548554104
b6d2fbd9d8bbb269,2022-12-14,1548554104
52fc9c50cf168ace,2022-10-24,1548554104
289f176600619a24,2022-12-28,1548554104
7376c7d1fd518ce9,2022-12-09,1548554104
1fcb677d0b9852f2,2022-10-10,1548554104
f29aa4a02458af93,2023-03-01,1548554104
bbba11e1d617808a,2023-02-15,1548554104
64fa624e2c66c227,2023-01-23,1548554104
5228d9bdda862557,2023-01-25,1548554104
fa7fb44cc1ccf722,2023-06-16,1548554104
2314930b48c6c8c8,2023-06-09,1548554104
0962954be60e2a70,2023-04-28,1548554104
49e674e3cfabfdd2,2023-08-21,1548554104
8fdd802c9baf563f,2023-08-04,1548554104
c4b1dec56e8fca76,2023-09-06,1548554104
af125d83a7f3cd3b,2023-08-10,1548554104
7c54af062ee9fb33,2023-11-10,1548554104
96eadc74119567e8,2023-11-15,1548554104
a9c21b9e8b774408,2023-10-25,1548554104
ffd4b5467a244a54,2023-12-08,1548554104
1cfc29a90be222cc,2024-03-08,1548554104
1f14ace19ad608bd,2024-02-14,1548554104
6d51bfce40ce1894,2024-01-01,1548554104
c7b453780e5676d8,2024-01-03,1548554104
202a80ff8019d567,2024-04-17,1548554104
62b07cb348b4418f,2024-06-07,1548554104
90bfd973f0dde7c3,2024-06-28,1548554104
34341c1eb004032c,2024-06-12,1548554104
e2efcd2766c04671,2024-08-07,1548554104
d11277138c087519,2024-07-19,1548554104
6fc0a1cf1b7f24df,2024-07-12,1548554104
72d1ca08224ac73f,2024-08-21,1548554104
793c50699b6c5c19,2024-08-14,1548554104
6522ecf956ee585a,2024-09-06,1548554104
8434de2cb1d2e62b,2024-12-20,1548554104
224242a047a3f14f,2024-10-16,1548554104
39411abf35c0938c,2024-12-13,1548554104
5e2ab2f2f3e4bfc8,2024-11-27,1548554104
be5ef1ab2621b158,2024-11-13,1548554104
403639b52ca59839,2025-02-07,1548554104
3eb4706e05b9ab38,2025-03-12,1548554104
26579cba0ea9e502,2025-03-28,1548554104
2ecf1c4c07b9582e,2025-02-14,1548554104
5dc2146427cecfd6,2025-03-05,1548554104
0f789f36168b6fc9,2025-01-08,1548554104
08a3394a4a1c872b,2025-06-18,1548554104
9f37d9ed47693653,2025-04-02,1548554104
4597e8b4fe3cc63b,2025-04-23,1548554104
f4c165638cec37b1,2025-04-18,1548554104
bb374df59419d805,2025-06-20,1548554104
5237fcf26e3cb126,2025-05-14,1548554104
78c494c86eb8b3a4,2025-09-24,1548554104
efe21d3b08b3c7dc,2025-07-09,1548554104
0822ede89d805c32,2025-09-10,1548554104
b65e9f631430cffa,2025-08-20,1548554104
cd12d4c6167b94e9,2025-08-06,1548554104
18aa298754b37964,2025-09-19,1548554104
edff6d6c97e12703,2025-10-01,1548554104
d055689bd876e7b9,2025-12-03,1548554104
17ce71979029d5c5,2025-12-12,1548554104
456049280921a011,2025-10-15,1548554104
31608161dc708c0b,2025-11-07,1548554104
8d6f7cfba9d92ece,2025-10-10,1548554104
2f1ea95fc7e6293a,2026-01-28,1548554104
c5027c4322bd9b6f,2026-03-20,1548554104
6b88d43f8642a1c9,2026-03-11,1548554104
850fdab8a0da70e6,2026-02-11,1548554104
63f468d2efa92b0e,2026-02-18,1548554104
5107eef771481059,2026-01-30,1548554104
4cf44b20eb7ed478,2026-04-01,1548554104
66936c62065bcdec,2026-05-20,1548554104
c1023c94991becbb,2026-06-17,1548554104
46ccb4a0c8b62929,2026-06-03,1548554104
347a246e7cf91116,2026-04-29,1548554104
769bc321b91034ea,2026-04-22,1548554104
363214db1c6a33c2,2026-07-10,1548554104
b3566855272725f9,2026-07-08,1548554104
a9c9235def0487fe,2026-07-01,1548554104
2de4ed11528c32bc,2021-02-22,1549272440
35672d39ec2710e1,2021-03-25,1549272440
c2341661b2f161ea,2021-03-11,1549272440
0929ced0b4164bcd,2021-03-24,1549272440
30bf5dbffec59d4c,2021-03-12,1549272440
895a8b6190651968,2021-03-30,1549272440
ef372c703a5812fd,2021-06-29,1549272440
07090037f629fa0c,2021-06-21,1549272440
a7aa5a9202da8e41,2021-06-03,1549272440
143e77c0dc5b1aa7,2021-06-10,1549272440
edc011be17777cea,2021-07-23,1549272440
206be6963b2aad49,2021-07-09,1549272440
57fbb25845edf84c,2021-07-20,1549272440
c95c33c8940ef8dd,2021-07-07,1549272440
abda8315a96750d3,2021-08-03,1549272440
bf3bcd12c4df99d5,2021-10-28,1549272440
a767616191098079,2021-12-10,1549272440
1d43ff6e752ac585,2021-10-27,1549272440
cb28eaeaae01cca3,2021-11-10,1549272440
4ca36e09a67e1708,2021-10-05,1549272440
af52cd0617cbb4f5,2022-02-07,1549272440
c7ca6bc3dec743f3,2022-03-28,1549272440
f3c1d5995908174c,2022-03-22,1549272440
8dcce21dabad9df1,2022-03-03,1549272440
d473b13ded5788ba,2022-05-13,1549272440
2da795e8b11246cd,2022-04-25,1549272440
81e0b0fad2a5cf88,2022-06-01,1549272440
d5ab8798ce5cccbf,2022-04-12,1549272440
65c8e1e56569aaa3,2022-04-11,1549272440
b4292b925f98e3d7,2022-07-27,1549272440
d35efcd65227a04e,2022-08-08,1549272440
cc612d3335966d3d,2022-09-08,1549272440
6547af6a2ee0f569,2022-08-18,1549272440
91d4189002fdf4f1,2022-11-18,1549272440
96948701b7393632,2022-11-01,1549272440
b85166eaff9f0ba5,2022-11-17,1549272440
fc2c29534028674d,2022-10-27,1549272440
1ab9a5c605f8df8d,2023-03-14,1549272440
bcfe20a7eb3df1ad,2023-01-17,1549272440
08be787f18ff793e,2023-03-17,1549272440
add051458ba04076,2023-02-17,1549272440
bfb5e4320e602425,2023-01-12,1549272440
f433e69e13133cfd,2023-04-10,1549272440
58df3a3c12801749,2023-04-21,1549272440
4be8d33b9810ee92,2023-05-02,1549272440
a751c798e7016c6b,2023-04-17,1549272440
0ad521009f317a1e,2023-04-07,1549272440
2c5463bb772a96c9,2023-09-14,1549272440
1ed66aeb3e1772c6,2023-08-16,1549272440
db8f5ca662dc0065,2023-09-19,1549272440
cfe6ed6ece659701,2023-07-17,1549272440
0d283990f715e91a,2023-10-23,1549272440
74812baacde77d2c,2023-12-08,1549272440
6fa82081e176166f,2023-12-21,1549272440
d8f5990f40551a55,2023-10-19,1549272440
ae11efbc15e6c824,2023-10-09,1549272440
529f21d610264d40,2024-03-07,1549272440
f22b25f4f88d22a0,2024-01-24,1549272440
41970585b4e351cc,2024-01-19,1549272440
e99b714fe34a1769,2024-03-25,1549272440
2da3e45b19d50c96,2024-01-02,1549272440
9b99ea3f19aaee12,2024-06-11,1549272440
b6458cfe24525070,2024-05-21,1549272440
7041b4ae850a4f63,2024-06-17,1549272440
ed2d2edb682651aa,2024-04-29,1549272440
f5705b7b6d3572f0,2024-05-09,1549272440
3e3f735bb3f50e2a,2024-09-27,1549272440
11cfd17140e7b8ab,2024-08-07,1549272440
5769797f246ac279,2024-09-13,1549272440
98f99872251c35ce,2024-07-02,1549272440
2748dd79dabbf1af,2024-09-19,1549272440
108ee2e665bf11c1,2024-08-06,1549272440
8dda68bcb9f0c5b4,2024-11-23,1549272440
0db45f0c3c660dab,2024-11-19,1549272440
37e8b783fdb05c9d,2024-11-25,1549272440
b89f757acc2b5f04,2024-12-17,1549272440
3b93f8c4b635ef1f,2024-10-29,1549272440
6dd9b0efac8caf8a,2024-11-20,1549272440
4edb628ee70309a0,2025-02-11,1549272440
9e65328972a5c60b,2025-01-24,1549272440
924f4231c74b5321,2025-02-22,1549272440
fdea4716ad9cabca,2025-02-19,1549272440
f04cd50535c388aa,2025-01-22,1549272440
284459af812aa4db,2025-02-13,1549272440
a6383db45ce90452,2025-06-09,1549272440
c94839aee6b7978f,2025-06-13,1549272440
e1af74f00b6cd275,2025-05-23,1549272440
fe6c959ac9fc1e84,2025-06-05,1549272440
de64fe0930112829,2025-05-03,1549272440
e0765fda93a8c854,2025-04-05,1549272440
7a1c0b578c42fec2,2025-09-23,1549272440
5b546efb86dc220c,2025-08-23,1549272440
e2b41a5b4fc391d2,2025-09-01,1549272440
1f788ce18cec348a,2025-09-27,1549272440
21c69be9ed64dc0a,2025-08-22,1549272440
38be1af9e7d4d7ee,2025-07-21,1549272440
6efb87bb6e4a432e,2025-10-06,1549272440
6eab4123f80cffb0,2025-11-07,1549272440
0571d9a3bd5d1922,2025-10-12,1549272440
e06aa7969b879815,2025-10-24,1549272440
f10962e36223f840,2025-11-01,1549272440
f515b2e58b708de4,2025-10-10,1549272440
a792caad06f7b5a7,2026-01-16,1549272440
e4b93297bfae3de9,2026-01-31,1549272440
8b2974638a777680,2026-03-04,1549272440
605a79a9bcd8ca9b,2026-01-14,1549272440
aac3e7bacb611dbe,2026-03-03,1549272440
734f053458e2f218,2026-03-31,1549272440
2906e605b8030cf5,2026-05-13,1549272440
6e0c2acaba2a3fc0,2026-04-06,1549272440
39b1a5d95f743326,2026-06-03,1549272440
2bf8e0904358b52d,2026-06-06,1549272440
68e396735077b3a1,2026-06-30,1549272440
04d8a05102b40c71,2026-04-22,1549272440
1f82dbbaef9c5daa,2026-07-11,1549272440
19ce34cd633fd70f,2026-07-10,1549272440
e0d3e0df99d11f28,2026-07-06,1549272440
8c8ffdc69ce2a2e7,2026-07-01,1549272440
68c15aa3c4644824,2026-07-04,1549272440
d59ff0bcff8c68d0,2021-03-10,1549502623
14c7dbf8ad096446,2021-02-03,1549502623
f73b9cdcb16e87b3,2021-01-27,1549502623
104334738b68f7e4,2021-03-03,1549502623
6e38fb5bcfcf4c78,2021-02-24,1549502623
17b8543dee61a279,2021-06-09,1549502623
a5fd340e86866122,2021-05-26,1549502623
434af78251c401ae,2021-04-21,1549502623
ed72bfe3575c5b5c,2021-04-07,1549502623
daa9858e03972f20,2021-06-02,1549502623
23c205c8c7478a88,2021-05-20,1549502623
1ab06e457599aafa,2021-09-08,1549502623
836eefcbc0bdb96e,2021-09-15,1549502623
c45dc3e604690fac,2021-09-22,1549502623
766a2d9e879d9648,2021-09-29,1549502623
7c4316f892d3ba65,2021-08-04,1549502623
0ab30ee00cec4877,2021-12-22,1549502623
a5117ee310d6913a,2021-10-13,1549502623
8242c6cff1c0c2d8,2021-11-24,1549502623
172a787592dc0311,2021-11-10,1549502623
424489aa9a4e28fd,2021-11-03,1549502623
9ff62ded7ee7b409,2022-03-09,1549502623
0680ec4a35106192,2022-02-16,1549502623
a9ab95461d64b5a2,2022-03-30,1549502623
e848c9922412ba8b,2022-02-02,1549502623
71d79e53a66e8306,2022-04-27,1549502623
4ea4d9e4dd542d24,2022-06-22,1549502623
f545a25f3582d8b4,2022-06-08,1549502623
3a145c1bfb00f556,2022-05-25,1549502623
018d286396b33627,2022-08-24,1549502623
0dd5b2f8fbabdb2b,2022-07-06,1549502623
ac48d9c7f6002f67,2022-08-17,1549502623
91511d4e5a93ce2b,2022-08-03,1549502623
4de1920134581e5e,2022-08-10,1549502623
a9042f4164b97ef9,2022-11-23,1549502623
21f58644fa0a2482,2022-12-07,1549502623
83912ec834066933,2022-12-14,1549502623
d4f65bc9583a71df,2022-12-21,1549502623
ec24c7090cc0a7a5,2022-11-16,1549502623
f3bd0e7b6583f936,2023-02-15,1549502623
6fac46dab839ab7f,2023-02-01,1549502623
3f05313f597151f2,2023-01-18,1549502623
16295ed900de9103,2023-03-22,1549502623
0026c4a180d6c1ca,2023-04-05,1549502623
4812ee8def8da79c,2023-05-31,1549502623
125cd20c741a6eee,2023-05-24,1549502623
bc75143987666f50,2023-05-17,1549502623
ec0562e39a7458df,2023-06-28,1549502623
47f0d3e8f7e0ab6b,2023-07-19,1549502623
dc4841f87288d896,2023-08-09,1549502623
72c9b8d7869b0f7b,2023-09-13,1549502623
09cd3f327435777d,2023-08-02,1549502623
6ee70a976fa05d76,2023-09-06,1549502623
1062a2af0f11d88b,2023-12-06,1549502623
8324e4d4e345ab59,2023-11-15,1549502623
9faee8a8cc71da8e,2023-11-01,1549502623
3ecdca15597bd3a7,2023-11-08,1549502623
06cb4f79aca37834,2023-11-22,1549502623
b1c0984d15bb69bf,2024-03-27,1549502623
335e24ab89573a60,2024-01-17,1549502623
f1f99ac726e64006,2024-02-14,1549502623
7fdd261b9f452e19,2024-02-21,1549502623
0fcd962df773f022,2024-05-15,1549502623
a232530b20de7a9a,2024-05-29,1549502623
251aa1b16e09b70a,2024-06-26,1549502623
3242f022e6903a27,2024-04-24,1549502623
ea0d39a5085b7dd0,2024-05-22,1549502623
36c51615e3522283,2024-07-10,1549502623
0c57d93ed8e942c9,2024-08-28,1549502623
38ed20bd347a9d3b,2024-08-07,1549502623
3863988fc00d7d89,2024-09-11,1549502623
d8ec64d2d7650957,2024-08-14,1549502623
fd11cdbabc2e8ae0,2024-09-28,1549502623
6ed99c72a70be27f,2024-10-02,1549502623
70e14e7742a4a79c,2024-10-23,1549502623
00ad1101c0293e3a,2024-12-25,1549502623
53cbf6e08f7f4434,2024-10-16,1549502623
3a5d591e8255f9c2,2024-11-13,1549502623
7b0d5a06ff086db2,2024-12-21,1549502623
aa70d93faf0d64a7,2025-03-12,1549502623
76b05af1919b6942,2025-02-12,1549502623
8dcd53515903317f,2025-03-05,1549502623
a803d91cfafbeb53,2025-01-08,1549502623
e813f3b2b4e7166c,2025-02-05,1549502623
782c0be9a8900d7e,2025-01-29,1549502623
d0cc72878eac8cf9,2025-04-16,1549502623
9242b32f50fd1d8e,2025-04-23,1549502623
60bb4d4596fb93ce,2025-05-21,1549502623
47db52a6a430caed,2025-05-14,1549502623
e0d8e853de6416b3,2025-06-25,1549502623
4fdbeccdf04a9635,2025-04-09,1549502623
6e8f07caf996d325,2025-08-20,1549502623
53a912917c9e2f63,2025-08-13,1549502623
c21e2947db5a8f48,2025-07-30,1549502623
0e9a8055985f1081,2025-07-09,1549502623
744592706134e9e9,2025-08-27,1549502623
b08a9034e97b2499,2025-07-16,1549502623
f120cec9865410d9,2025-10-08,1549502623
2b9e7c2bc2c60a69,2025-12-10,1549502623
f98f7bddffc7eb25,2025-10-01,1549502623
c84d73f2e83193b8,2025-11-05,1549502623
e856bd3f98b0fbd7,2025-10-15,1549502623
edbf52fbbb53ddde,2025-12-24,1549502623
35df079cc6218c85,2026-02-11,1549502623
978e75ead47bc7d8,2026-02-18,1549502623
9bc39b776e307575,2026-03-11,1549502623
f6729fad7ba148b2,2026-01-21,1549502623
f23926138ff28192,2026-03-25,1549502623
d8850e8d813f91f0,2026-02-04,1549502623
ceec236532ddef98,2026-05-27,1549502623
70a8286223400e37,2026-04-15,1549502623
6858931f8203bb9e,2026-06-24,1549502623
659043f7cc34073a,2026-06-17,1549502623
1445a1739366f880,2026-05-06,1549502623
ef92660d0d11de7f,2026-04-01,1549502623
b5429a2df99a6dc1,2026-07-01,1549502623
d0e8d4dc7c8cf53b,2026-07-08,1549502623
705b9888ca15682f,2021-01-17,1549624070
3d48fd0ecf3900b7,2021-03-24,1549624070
8b4ab4e7f744994a,2021-02-12,1549624070
37cf3b2b0309e098,2021-01-27,1549624070
5952a0860cafcf32,2021-03-03,1549624070
0685f898ba065306,2021-06-09,1549624070
3b9b7b3bdc5310fb,2021-06-16,1549624070
80df21c9bf6104d4,2021-05-19,1549624070
cf11e78c85e87176,2021-04-07,1549624070
568f9cf7afa11f1b,2021-04-14,1549624070
c8126dd781f2ddca,2021-08-03,1549624070
d1a18101f7bfe45c,2021-08-13,1549624070
e3ccc0aed36c4f72,2021-09-29,1549624070
da012d46debe3ccb,2021-07-07,1549624070
a629bd7cdfcbca01,2021-10-20,1549624070
14e9d64d4706c0b4,2021-12-01,1549624070
95708aef72353d05,2021-12-22,1549624070
fe1886104d72ba04,2021-11-03,1549624070
a54562ba74ec2cc0,2021-10-12,1549624070
baf6c8a52589b0eb,2022-03-23,1549624070
6aad5f26ea01e242,2022-03-16,1549624070
146aa7bc7674aec0,2022-03-02,1549624070
d8d9ccd5c39f18f1,2022-02-02,1549624070
8e350a79a0d867a7,2022-02-16,1549624070
6328226367372fcc,2022-05-25,1549624070
6bd7164320bbadaf,2022-05-18,1549624070
65775a5f31d82bd4,2022-04-27,1549624070
c64ffd534a5ea67f,2022-06-15,1549624070
f9447c3a83ec0f72,2022-08-24,1549624070
8947796a0f8738fd,2022-09-07,1549624070
f093672e21c52f83,2022-08-03,1549624070
7cb01988b6b11c92,2022-09-28,1549624070
7a79cd8017fa6448,2022-08-10,1549624070
f410be6d5909d55d,2022-11-02,1549624070
19478836d534dfff,2022-11-30,1549624070
4d485d791423eb1b,2022-10-05,1549624070
eeabed421607e881,2022-12-28,1549624070
59237695c4a9eb6c,2023-03-08,1549624070
78cd33bd54559852,2023-03-15,1549624070
98a0fc4206feba41,2023-03-29,1549624070
dc629d6c3da011ee,2023-02-01,1549624070
4041d94e7b6aec60,2023-01-04,1549624070
b22d66d1a7a3edf1,2023-04-19,1549624070
40438e7996ad786a,2023-06-28,1549624070
27ea81c74bf765ba,2023-05-24,1549624070
6b74881430e8d6dc,2023-06-14,1549624070
b9d72611479002b8,2023-05-10,1549624070
b481c44f2f6f2bd6,2023-08-02,1549624070
af7af8dc03fc3802,2023-09-13,1549624070
9ea2bf7d957ae039,2023-08-09,1549624070
9e708a7c5178b50d,2023-07-20,1549624070
1f2da21428335cad,2023-10-11,1549624070
06553b52ed7bc372,2023-10-04,1549624070
c8550412ca01e018,2023-10-18,1549624070
5f24c45b52a3184a,2023-12-12,1549624070
c6dc586963c66d81,2024-01-20,1549624070
0aab7ecfdbd51590,2024-03-27,1549624070
7521ed7b5fdd301f,2024-03-20,1549624070
21dcdeb71a4cddd6,2024-01-24,1549624070
dd91067fdc3d62b6,2024-01-03,1549624070
08591375a1833b5a,2024-06-12,1549624070
5139d50c015fee64,2024-05-08,1549624070
09211108152fe5c7,2024-04-24,1549624070
3886892674507445,2024-05-15,1549624070
b93e624e249646d0,2024-07-30,1549624070
223eed0e32cab6f0,2024-08-07,1549624070
508922d5f6c7f4f9,2024-08-28,1549624070
faab4945249c9f8a,2024-08-14,1549624070
f459a32bb57bf10d,2024-12-25,1549624070
78f7cb9797e20e00,2024-12-11,1549624070
281fa3477642bcbf,2024-11-13,1549624070
ee60bca83943d0f2,2024-12-18,1549624070
81190b305cf8544e,2024-12-04,1549624070
a4e9310a3d2cfc22,2025-01-08,1549624070
baae187ccc6fc6c5,2025-02-26,1549624070
356d689fde93670e,2025-02-19,1549624070
0cb98c6db5ea4865,2025-01-29,1549624070
cf1026390e11b3e4,2025-02-05,1549624070
9ae89b41031a7863,2025-03-05,1549624070
21ce769b1d4ecad1,2025-06-26,1549624070
abd59d2d1680f9ef,2025-04-02,1549624070
f5d4407a7606bda3,2025-04-23,1549624070
21dbf69686df6a2d,2025-04-09,1549624070
7e9817674cb83743,2025-05-21,1549624070
698df2bd8b6a15d7,2025-06-19,1549624070
cd03375b5a790a1e,2025-07-09,1549624070
0877b3e345687b5d,2025-08-06,1549624070
625d05351a6386e0,2025-09-24,1549624070
ebf51bcae62c9d48,2025-09-03,1549624070
fb06155fc55650b7,2025-08-21,1549624070
e05b9e5d1bec5f80,2025-12-10,1549624070
ec2c73009455a9f9,2025-12-03,1549624070
f40707ecbc1f45bb,2025-10-22,1549624070
b7a51d3d005d7f70,2025-10-08,1549624070
561bdb707bb465db,2025-12-31,1549624070
103dea91ceedfff4,2025-10-02,1549624070
374eb1d54b49aeac,2026-01-28,1549624070
f77255f9a8a73f41,2026-02-27,1549624070
7db92b458539ebe7,2026-02-12,1549624070
d419b2816cfe2875,2026-02-04,1549624070
8de0e593b96b8dde,2026-02-18,1549624070
7dc2e7c5db1138bf,2026-01-14,1549624070
18cd7ddc6cf06bb8,2026-06-10,1549624070
65e85a3f26f67a71,2026-04-15,1549624070
056feede19b9a6f6,2026-04-23,1549624070
54d67d86dcd106e5,2026-07-02,1549624070
cccd8248e4a13366,2026-07-08,1549624070
b866e2f469eb7d34,2021-03-20,1551206847
7aedbcba386e5861,2021-02-20,1551206847
dad375e15b3070b5,2021-02-13,1551206847
e995241a82ee6a7d,2021-02-06,1551206847
9b7a3322107576ee,2021-01-30,1551206847
4a0c552f39c7aca6,2021-06-19,1551206847
a2feae76dcea8878,2021-06-12,1551206847
90ef129ed48b2cb4,2021-05-22,1551206847
85e6be1ae16607f8,2021-05-15,1551206847
93d8df26a4fbf6f3,2021-04-10,1551206847
772514e9ba435465,2021-06-05,1551206847
0b4c197a79d7b87a,2021-07-31,1551206847
ac147612240389d5,2021-07-17,1551206847
a6a6bb347b612366,2021-07-10,1551206847
1c61ee586611d11a,2021-07-03,1551206847
ca65ebdc5bf777b0,2021-08-07,1551206847
38031ff71f3b7e4b,2021-12-18,1551206847
2fd514442d9010d3,2021-10-16,1551206847
95d78e39118de00f,2021-12-04,1551206847
872d18f196be4b9e,2021-11-20,1551206847
5296c0380c799a96,2022-01-15,1551206847
0ccf3d5e6c40d9f5,2022-02-19,1551206847
1434fba3fb513c60,2022-03-12,1551206847
13fcbb5c1b42c6a3,2022-01-22,1551206847
16253e78ebaf2b25,2022-01-29,1551206847
a3d130344bc01a44,2022-05-28,1551206847
10d05ff9b927796a,2022-04-30,1551206847
0702526a5eb10ef6,2022-06-11,1551206847
63543cef66ae6544,2022-05-07,1551206847
e015031bc2a2012a,2022-06-25,1551206847
2f157b2d6de50bd0,2022-09-17,1551206847
e6805a643db90f0b,2022-09-27,1551206847
a64cd987d0165dfc,2022-08-20,1551206847
83ba0e3afb49054f,2022-10-22,1551206847
a04061e8d746e184,2022-12-24,1551206847
b9234fe8cf2045d3,2022-11-12,1551206847
0fbcd439e2824476,2022-12-31,1551206847
9bcb54566e2cf6b9,2022-10-29,1551206847
aa697e1b3c1f64e6,2023-02-04,1551206847
4ab42e41e3ad8653,2023-01-28,1551206847
89890537341fcb43,2023-01-14,1551206847
b76dce7f942c82e1,2023-02-18,1551206847
3d4b0a70c6ac8973,2023-04-08,1551206847
527b951e0864e470,2023-05-20,1551206847
488eb2a8dbc2bdce,2023-05-24,1551206847
361f7115d785298e,2023-07-08,1551206847
65a9370479fb09f9,2023-07-22,1551206847
d24b99d691e0fd3c,2023-07-29,1551206847
ea68a6c4b94d4c21,2023-07-15,1551206847
e2c7a7db25986a8d,2023-12-16,1551206847
946956b9826686a8,2023-10-28,1551206847
c784e3f777ae0019,2023-12-02,1551206847
74af2ad8c807c2fb,2023-10-21,1551206847
95e41eadc2fc63d2,2024-02-03,1551206847
96edc528c4d4bfef,2024-02-17,1551206847
9d8ec6921344e7b4,2024-02-10,1551206847
d840fa44f339b352,2024-02-24,1551206847
15b05dc44414a481,2024-04-13,1551206847
de79113665757348,2024-05-11,1551206847
74ce9ab62200ac07,2024-04-06,1551206847
1e079487be938e53,2024-06-29,1551206847
072fb6ff26b7589c,2024-09-07,1551206847
e72f6f87b6d59f7a,2024-08-03,1551206847
b3aa27cc0b8f2d78,2024-09-14,1551206847
909babca8c8234e1,2024-08-10,1551206847
52740349693e73f5,2024-08-07,1551206847
b40952f6529bb74c,2024-10-26,1551206847
502a75c11a085456,2024-11-30,1551206847
3c5b95ad67785fef,2024-12-07,1551206847
e18ddd72a5bf6278,2024-11-23,1551206847
0a677b5f034ffe40,2024-11-09,1551206847
bc59089e7dcc1e2b,2024-10-05,1551206847
3bedb8a66cd6671d,2025-03-22,1551206847
a8266c637a98e440,2025-02-22,1551206847
0f5b2c0220017f87,2025-03-08,1551206847
558243b1f940519a,2025-03-29,1551206847
8bff4a05140d6bda,2025-02-01,1551206847
bcb49c233d7995c9,2025-03-01,1551206847
41a6cf9c6d97130a,2025-05-31,1551206847
6d0c2ba5f4f76835,2025-04-26,1551206847
d405e3e8a4aca5b8,2025-04-05,1551206847
1829b5671e773b7c,2025-04-19,1551206847
b02aa900ef43aa64,2025-06-14,1551206847
b35ab5d564f92beb,2025-05-10,1551206847
1cc8e672e9942b4a,2025-08-16,1551206847
ae22501c0cf796ff,2025-08-09,1551206847
ac5f95251661f5cd,2025-07-19,1551206847
3caf649081dd83b7,2025-09-06,1551206847
e655e1a4257e81fa,2025-08-02,1551206847
236eeda159e6dabd,2025-08-23,1551206847
bc7cca2edd27d0b9,2025-11-29,1551206847
b15a367a40c3e378,2025-12-13,1551206847
70b1fc54bf802b58,2025-11-08,1551206847
82ed7482d58dde5f,2025-11-22,1551206847
be7d1cd1af8f8cb7,2025-10-18,1551206847
8272d04476362147,2025-12-27,1551206847
b61fedda76068e24,2026-01-10,1551206847
c4bf9e8b873e1362,2026-03-25,1551206847
489ea775d3396175,2026-01-03,1551206847
8c4428b434b20e3d,2026-02-28,1551206847
cf9118e4dc76cef1,2026-02-21,1551206847
38fa399aa48cd4bc,2026-02-25,1551206847
7403cce76559a0cb,2026-04-08,1551206847
3056388d377d35fc,2026-05-13,1551206847
acadfc929a561b92,2026-05-30,1551206847
a8ebb450f173c60a,2026-06-03,1551206847
00a2b096c1b2a5b2,2026-04-29,1551206847
d3978cde6f0346d0,2026-04-04,1551206847
6f572f23eebf445b,2026-07-08,1551206847
a692a37798481e5b,2026-07-11,1551206847
da64a462bfb43d6d,2026-07-04,1551206847
b349fb72695e0313,2026-07-01,1551206847
4680509a49487e1f,2021-03-30,1551582052
7eb06c6c3aadc6b4,2021-03-20,1551582052
13696fc199b124b2,2021-03-23,1551582052
65186bd1ac39d1b9,2021-03-25,1551582052
bda7b56e814c357e,2021-04-16,1551582052
c4aa20e1f491bb11,2021-06-01,1551582052
b0c4d7fbefce90f9,2021-06-30,1551582052
3cc0c47136ec6c1b,2021-04-26,1551582052
bf838b0b49a2d24d,2021-04-08,1551582052
86f919fdff138ada,2021-06-23,1551582052
b3d2df01b572946d,2021-07-09,1551582052
36c4bcf3a63b6dda,2021-09-22,1551582052
e67d9ec8816df97b,2021-08-03,1551582052
0338baee3b148aef,2021-09-09,1551582052
a7da254835789491,2021-12-28,1551582052
482c365b81d98c32,2021-11-24,1551582052
22f471bfa7121ece,2021-11-01,1551582052
484052ed32424403,2021-12-14,1551582052
bd0e4dbf8ef740c7,2021-10-06,1551582052
918aa82c15e871ab,2022-02-25,1551582052
3afed97b6ade4dc1,2022-01-21,1551582052
72e31d3de35c5549,2022-03-11,1551582052
8c2368efb2679320,2022-01-28,1551582052
67db2c39317443c1,2022-06-25,1551582052
401a519acc68e623,2022-06-08,1551582052
7207ea9065149b43,2022-06-28,1551582052
7a0586d31e525041,2022-06-30,1551582052
45aa227a0571111e,2022-06-25,1551582052
db2198c1dfb66d84,2022-08-04,1551582052
bed79226cd4a5b77,2022-09-14,1551582052
0e76e50146569362,2022-07-26,1551582052
845965269eb66587,2022-07-19,1551582052
21645e6e5ca18787,2022-09-07,1551582052
90368e38db51fc13,2022-10-15,1551582052
7e1f7335fd9e6338,2022-12-09,1551582052
efc9dcc70088ed82,2022-10-06,1551582052
fddca1313d60d9a3,2022-11-01,1551582052
a9c05a52eb79e746,2023-02-25,1551582052
1b0feda94a0308f8,2023-03-01,1551582052
2b9dbaee5d5835aa,2023-01-13,1551582052
7ae33ddc71817f20,2023-02-10,1551582052
0d657bfdfa30214e,2023-04-07,1551582052
01a60302ae60c949,2023-05-25,1551582052
33ee5faffc449cf8,2023-06-02,1551582052
943aae0368a307c8,2023-04-05,1551582052
3592a814bc127f4e,2023-05-12,1551582052
c12d6424f71e978d,2023-09-06,1551582052
8c68da13d7960061,2023-09-26,1551582052
7465ac79984aa1e0,2023-09-08,1551582052
120124f956f000e5,2023-09-14,1551582052
728235b21e45a500,2023-10-24,1551582052
2cb4a3637dc95f0e,2023-10-05,1551582052
b71d3a82a902c002,2023-11-16,1551582052
8d6641383762a982,2023-11-28,1551582052
bd53f3bf562e9e8f,2023-10-03,1551582052
7ea2a99f612df030,2024-02-19,1551582052
355cf8891bbb130e,2024-01-19,1551582052
a336e01f8a76487a,2024-02-21,1551582052
583217bf286bd616,2024-01-02,1551582052
662d489aa0127bf5,2024-03-25,1551582052
805f40c68d9d75c6,2024-04-18,1551582052
506d214908127dfd,2024-06-25,1551582052
49823ed265f32d85,2024-06-28,1551582052
ee74df4c2751ee18,2024-04-22,1551582052
83b3af7f888339da,2024-05-02,1551582052
e3fb75a1f8638fa2,2024-09-13,1551582052
77dfac44199792cd,2024-08-02,1551582052
66ba4ab5b51f689c,2024-09-27,1551582052
547c421359c874af,2024-09-03,1551582052
3cdda03fd11b19b9,2024-09-20,1551582052
57bb29ffc856c98f,2024-08-21,1551582052
0cc8295fe13a2616,2024-12-23,1551582052
51544bf17b64de6d,2024-10-11,1551582052
a5023c768488dd62,2024-10-17,1551582052
6935b885ca5af952,2024-10-03,1551582052
91387d98e2a291ab,2024-10-04,1551582052
c927c6c07b68e88e,2024-10-30,1551582052
16a72d23151dd614,2025-03-28,1551582052
8e2d9faabdc73cee,2025-02-27,1551582052
b9a42f0b31bc47fa,2025-02-11,1551582052
5ba0c10d7eece967,2025-01-07,1551582052
d8e45143c4b9df49,2025-01-09,1551582052
1179c5ed46241161,2025-03-18,1551582052
9286144adbe6ad62,2025-05-02,1551582052
870ea410ee2cb8ae,2025-04-29,1551582052
18dc32c8e1473ce3,2025-06-03,1551582052
8c51bfc2a3010a77,2025-05-13,1551582052
163c95bb04456a1f,2025-05-16,1551582052
1e22267dcf735074,2025-05-27,1551582052
878043aa6b088f9c,2025-09-26,1551582052
4505675790de4fed,2025-08-22,1551582052
d58cdd0da9404074,2025-09-23,1551582052
ecb8283ccd3f0252,2025-09-05,1551582052
787ef75c5bf70733,2025-08-22,1551582052
c8d4d152dcc233f6,2025-07-04,1551582052
8817b5c283fd6886,2025-11-07,1551582052
eb94bcd9735786de,2025-10-17,1551582052
3cb6d51c165fbe0f,2025-12-19,1551582052
fd6aef4d87ff384a,2025-10-28,1551582052
871ddd2decde4130,2025-12-16,1551582052
94b448ae53dadd33,2025-11-14,1551582052
10322cb6f5fcc818,2026-01-06,1551582052
c08e8c0d345d43f6,2026-01-27,1551582052
d079a238ce266f70,2026-02-06,1551582052
8abf8136595708e6,2026-02-24,1551582052
9dff191d551ecb83,2026-03-17,1551582052
1b6819e2a5ce6c65,2026-02-27,1551582052
5bf5499e29ac017a,2026-04-17,1551582052
f46fe46d2123f4da,2026-05-15,1551582052
163941e95c9b1f03,2026-04-14,1551582052
5c1b7c75f9d47652,2026-05-22,1551582052
b5d5343550e26ef0,2026-06-16,1551582052
f2ded784d964cabf,2026-04-10,1551582052
f035aacf1f529fc9,2026-07-03,1551582052
868fb412ff4fa66c,2026-07-10,1551582052
70a8136e42e77aba,2026-07-04,1551582052
02ea64d8d3517a92,2026-07-04,1551582052
b627a0a5d6ed9783,2026-07-02,1551582052
2add3ab76cbf8966,2021-03-20,1556687660
2539c3f81bbb1b6f,2024-09-24,1567204040
a2990338daf306e8,2024-07-16,1567204040
2b38f3b427758eb7,2024-07-23,1567204040
87d10ac489c4eff2,2024-07-31,1567204040
336853deb340e546,2024-08-22,1567204040
32b8e5dd6c6c6b2f,2024-09-04,1567204040
c0c3918d9eebe6b3,2024-10-31,1567204040
0e873c1bb89c33ee,2024-11-13,1567204040
e4d67d78b8d27b62,2024-12-05,1567204040
6a8cd4ab64cb7488,2024-12-13,1567204040
2927d7b29a3e5b03,2024-10-08,1567204040
685ef7de6671836c,2024-12-20,1567204040
6b25aa96c8eb7b42,2025-02-26,1567204040
d0f39f6ac84a9bc0,2025-01-17,1567204040
addacfcae797624d,2025-02-06,1567204040
8cb6bcb262221d4b,2025-03-27,1567204040
e09b4518f66a247b,2025-01-29,1567204040
08af60e08bf9d348,2025-02-19,1567204040
c25baf59b27507a1,2025-04-23,1567204040
4be8f03d265267ff,2025-04-30,1567204040
2db20255c9eb5d2d,2025-06-25,1567204040
dff8f7b16df198bb,2025-06-05,1567204040
7b35f4a26ceb1719,2025-06-11,1567204040
ac976abe2961c595,2025-05-14,1567204040
f8436474642bf25b,2025-07-30,1567204040
02bf7b89be3eb580,2025-08-27,1567204040
f4634003af0435a3,2025-09-16,1567204040
e8e9244f9d82c478,2025-09-03,1567204040
bf77cd4bab36c82b,2025-07-01,1567204040
28155e8dbcddbf88,2025-07-25,1567204040
9fb356e5c9e2a4ea,2025-11-06,1567204040
16eadda70c488c33,2025-11-26,1567204040
54b0fac2f5b65901,2025-12-03,1567204040
ecb78a3ae693d4e5,2025-12-10,1567204040
a1b7524e2ab50607,2026-02-25,1567204040
83d83acc614f472d,2026-03-12,1567204040
74c05c6cc2812fa6,2026-03-25,1567204040
c2ad8ecc5a41570a,2026-01-15,1567204040
81b8165b8304b7e1,2026-05-30,1567204040
b48521e592c47981,2026-05-12,1567204040
0f650b35d7bc4964,2026-06-24,1567204040
cbc2e68e1953f1a1,2026-04-30,1567204040
937e1d9b2364808f,2026-04-01,1567204040
b5a6b21296e4a32f,2026-06-10,1567204040
fbfddfb9b9e07579,2021-06-21,1568505052
7ea38cd6ff332063,2021-06-07,1568505052
98647df47f2dfe6d,2021-05-20,1568505052
29e576ae6752b67e,2021-06-14,1568505052
562b3efca5c16b30,2021-05-31,1568505052
b144b3c003c8e35d,2021-06-28,1568505052
f761931d535a344c,2021-07-05,1568505052
faecade7f0f05037,2021-08-31,1568505052
6ac3b7f537b31d79,2021-08-02,1568505052
7fd3587b5e22a14b,2021-09-20,1568505052
889a350ee99ee0be,2021-10-18,1568505052
1c06d8aa9415fd54,2021-11-01,1568505052
41a6ab873b58d870,2021-11-08,1568505052
1cea69d5beba5408,2021-10-11,1568505052
104b9f0368c045a3,2021-11-16,1568505052
1ae8b4baa0503c47,2022-03-25,1568505052
1c8f78cd5a4f9ae1,2022-01-17,1568505052
2aaa4b489307fcd0,2022-03-13,1568505052
c1e58cc242b6c4e5,2022-03-04,1568505052
00b18d369f1e1338,2022-02-07,1568505052
23a38f96d405cfa9,2022-04-04,1568505052
26cfcb181277a611,2022-04-11,1568505052
b0b6e83afc07c462,2022-09-19,1568505052
526e852997917c94,2022-07-25,1568505052
0ff68b7ab82e0093,2022-08-22,1568505052
196d06cbfe390a4d,2022-08-15,1568505052
30b4990b2c01a783,2022-11-15,1568505052
d330faf946ecc292,2022-12-01,1568505052
8332b346b27750a7,2022-11-18,1568505052
10e8f0358ef51292,2022-11-28,1568505052
a58d47462bf0d208,2022-12-27,1568505052
ff2cd578e8d0a09d,2023-01-30,1568505052
7859178ed96f0dc3,2023-01-01,1568505052
918a2ef9e9301f0d,2023-03-16,1568505052
310089f1b9e09b6a,2023-03-27,1568505052
e39c4111e6dab13b,2023-04-24,1568505052
605b0a15c3d4db1b,2023-04-29,1568505052
0c45b22262b872f4,2023-06-05,1568505052
b30e6f73f0f302d6,2023-04-09,1568505052
ccc382f92487a683,2023-09-02,1568505052
8091b5c148fb58db,2023-08-05,1568505052
07425de1244db0b0,2023-07-30,1568505052
02c12777e0c7c412,2023-09-14,1568505052
688a54071bfbc86e,2023-08-12,1568505052
8bef64c1ffc7fcd1,2023-12-04,1568505052
5da1959bf897a560,2023-11-12,1568505052
9851431181fa0213,2023-11-26,1568505052
019050f8a7cf2f9a,2023-10-30,1568505052
75a67df964b0d9cc,2023-11-20,1568505052
667550dda73c3cba,2024-01-11,1568505052
9fe7f3a9cd1082e1,2024-03-24,1568505052
f87910e660a3ed5a,2024-02-25,1568505052
0f20a4b2e1348fcb,2024-01-21,1568505052
4b3fdd8bcb2eb6a2,2024-06-29,1568505052
f11a68c40db239da,2024-04-06,1568505052
6387add3f5a5d762,2024-05-08,1568505052
def8aa33c93c1d47,2024-06-23,1568505052
adf4355190f32007,2024-05-19,1568505052
22c709372ea7cee0,2024-08-22,1568505052
9eb160f559d43943,2024-08-08,1568505052
40f0b324c292ead4,2024-07-03,1568505052
1b71972401d93fbb,2024-07-21,1568505052
a52a0b029ffffbcc,2024-09-01,1568505052
a6d3a2eac209f889,2024-10-23,1568505052
d60320a4a368a217,2024-11-14,1568505052
01bfd2be0800eb96,2024-12-01,1568505052
3a3438ef2a6c5f70,2024-11-10,1568505052
b5f27098eccb3fb7,2024-11-27,1568505052
50d980c55aafcb25,2024-10-06,1568505052
90f6bbcede85bf56,2025-02-20,1568505052
ac89199dca21ca3d,2025-03-19,1568505052
e20785693e680f66,2025-03-06,1568505052
add9e07d6e6885e3,2025-03-10,1568505052
e42818ac1946b8b4,2025-02-03,1568505052
9f3832b3236e5d17,2025-01-30,1568505052
190117d7bcd04721,2025-05-21,1568505052
74a132dfa7afa2fb,2025-04-16,1568505052
fe7eff4afbc7b9e2,2025-04-13,1568505052
2787960865be1841,2025-05-07,1568505052
96c3f5c7ee111e4f,2025-04-07,1568505052
d01d9b0a0abf0a0b,2025-06-18,1568505052
e446da104b801a8c,2025-07-30,1568505052
bd2f9e7d71a8e8ca,2025-08-20,1568505052
7f7e5aa8bb5193ee,2025-09-10,1568505052
b81c37069e15c9eb,2025-07-23,1568505052
aed791a7c725f6c0,2025-07-13,1568505052
57ef1bb0be2c39bd,2025-10-30,1568505052
08a7b844ee7337bc,2025-10-12,1568505052
3600c18ec0fe99f2,2025-12-11,1568505052
88fa4cbad621f2a5,2025-10-27,1568505052
84e29bed4801dfe6,2025-11-19,1568505052
58d5691cab217f0f,2025-11-13,1568505052
7c3a63cdf59f9002,2026-01-07,1568505052
18a00e69a30edc26,2026-03-16,1568505052
9de452b3f9e9282c,2026-01-05,1568505052
aacd2c6eb66f918a,2026-03-29,1568505052
c1a5b6855a069bec,2026-03-09,1568505052
9fb68a001d3a844d,2026-02-08,1568505052
ab488147bb95df6e,2026-06-07,1568505052
ad6d8f8078816ebe,2026-06-03,1568505052
1df172a2f24d8a91,2026-04-22,1568505052
c9b25fa093b4bf31,2026-05-13,1568505052
09497eabd34944e5,2026-04-19,1568505052
1618313904c58159,2026-05-20,1568505052
5cdeaeca5c718b59,2026-07-01,1568505052
3854dbabc3eec2b2,2026-07-05,1568505052
44582487f905056f,2026-07-08,1568505052
f6019a483df3c6c8,2026-07-12,1568505052
4c682c354ba1fbaf,2021-06-17,1570045623
5be31fed27d047d8,2021-06-29,1570045623
84eb69e80d55f17d,2021-06-14,1570045623
79748d5c9c107193,2021-06-22,1570045623
ab200ccf45b1b355,2021-06-07,1570045623
84874d49d39609c8,2021-09-29,1570045623
aca122c93d2ef2f8,2021-07-08,1570045623
d5ce0730f1827df7,2021-09-02,1570045623
aa9add2718d14acf,2021-08-31,1570045623
d93998cafdbcd5e8,2021-07-27,1570045623
f559b13c59e8f02d,2021-09-27,1570045623
39ffcfc0810277c0,2021-11-01,1570045623
af5bac07239b62e9,2021-10-04,1570045623
e6d668dd2661aa3e,2021-11-22,1570045623
4dcd24adf0f2ef01,2021-11-13,1570045623
bfb2a4e3648cf130,2021-11-16,1570045623
09abd095307e2ca8,2022-02-21,1570045623
f8a6e70d41123bf8,2022-02-10,1570045623
a0a6142bc18319a4,2022-01-06,1570045623
97157df96ccd1111,2022-01-11,1570045623
fa6b049901dbaa30,2022-05-13,1570045623
39509125e8d29c8a,2022-06-03,1570045623
ceb9dede7d5e2483,2022-04-16,1570045623
75b2a41a5d061c57,2022-06-28,1570045623
81239e3e95fbf817,2022-06-24,1570045623
d11137f1889b30c4,2022-09-06,1570045623
c869e03c0cb32ce9,2022-08-13,1570045623
35df011fb96c1d96,2022-08-26,1570045623
f0bdff1a03f705e4,2022-09-13,1570045623
26a3778ba38c095a,2022-08-09,1570045623
09006ae3f108b25f,2022-12-28,1570045623
87fbd57787ddac3e,2022-10-05,1570045623
94a8a9ceaf7819d2,2022-12-22,1570045623
e3b8a3dd241b8e4d,2022-11-28,1570045623
8e480ba53df0a89c,2023-01-05,1570045623
c0ba5c39ec91044c,2023-03-29,1570045623
681fa0ed5ae0b578,2023-01-16,1570045623
08eddffee4ab9737,2023-03-17,1570045623
a92ba988cfc06047,2023-01-20,1570045623
5524fedd7ea2fa06,2023-05-01,1570045623
06c15be56aa6889c,2023-06-22,1570045623
1de88a8e634cbdec,2023-06-24,1570045623
9abf0e60cba1ca7f,2023-04-25,1570045623
07186e847a05a6c8,2023-09-06,1570045623
d3e1b2263a7d7e7a,2023-07-19,1570045623
5de0ae1643bd95af,2023-09-27,1570045623
ccadd4f0dca96cde,2023-12-15,1570045623
69a7eef0d59f17b0,2023-12-18,1570045623
5f31a201a9ec6285,2023-10-27,1570045623
1066813e91e8f4c7,2023-11-22,1570045623
af94600aa7eebe65,2024-01-11,1570045623
b8eb6262e85bed67,2024-02-15,1570045623
32212a8e4bd5b560,2024-02-05,1570045623
aaf3db21e6691b3c,2024-01-06,1570045623
7f7bf5cf41fd4eae,2024-06-13,1570045623
1dec75d4aece78c3,2024-06-06,1570045623
e1eec24794afeee1,2024-05-10,1570045623
513fab12bb281e36,2024-04-19,1570045623
7c5d7414f1a961ec,2024-08-26,1570045623
d993fa710af641bf,2024-08-06,1570045623
0b2c6252315ba993,2024-08-28,1570045623
94524be91652d022,2024-07-31,1570045623
a03891f1057c0836,2024-07-30,1570045623
ffb3a62d0f20bd85,2024-11-04,1570045623
b8e57bee30d86aa8,2024-11-15,1570045623
b5a22285cced6005,2024-12-17,1570045623
5b353bbdd43e47f5,2024-10-02,1570045623
f8e3b957bc4e62e2,2024-10-08,1570045623
fa02249510460123,2024-10-07,1570045623
4dfe22e0c923eab2,2025-03-11,1570045623
ebf24bf406f9c7a7,2025-02-25,1570045623
f27fcb903d56b548,2025-03-10,1570045623
8bca0daed2882fe0,2025-03-27,1570045623
1d097286168563ff,2025-03-14,1570045623
0f3cc7cd12d959c7,2025-03-15,1570045623
5c128c136ccd96a0,2025-06-26,1570045623
5752ab4aece7a142,2025-05-05,1570045623
3411116b45df27d0,2025-05-08,1570045623
80dfee4a17da9f5a,2025-04-09,1570045623
5f15d3b7e3c229d6,2025-04-15,1570045623
6da9c8a657238352,2025-06-30,1570045623
2206c19ad82157c9,2025-08-05,1570045623
91717219cca44d83,2025-09-16,1570045623
73090734f1d8cc3b,2025-07-22,1570045623
7832f32cf9e11ef3,2025-09-24,1570045623
8f0c94f5b4ac58d0,2025-09-23,1570045623
43c1d4bd52f23313,2025-07-28,1570045623
7f5fc173b1ceb676,2025-11-25,1570045623
fa04bf3a559289b6,2025-11-20,1570045623
37bacc592c9530a8,2025-12-17,1570045623
33e9d72ac5ff57fd,2025-11-03,1570045623
bc13e8acc5a14352,2025-12-10,1570045623
6f4d4e230f948e04,2025-10-06,1570045623
8f5cb4e25b438a62,2026-03-18,1570045623
f7ea07869e123e5f,2026-03-25,1570045623
857ca1861ce5fe9c,2026-03-09,1570045623
68c9261bfd647991,2026-01-22,1570045623
c2a4b29ec2b959ae,2026-01-19,1570045623
b1849ce921180825,2026-03-24,1570045623
721e96fe2518d6a7,2026-04-22,1570045623
eaac1551c2424f90,2026-06-01,1570045623
f00aa0ce1fa9424c,2026-04-13,1570045623
77a76efae72a4b06,2026-05-21,1570045623
68b5f365a14a46bc,2026-05-04,1570045623
ba96e5ffb946b700,2026-05-29,1570045623
4d7c09dbf0ec375e,2026-07-01,1570045623
a49b0f6138a82cc3,2026-07-03,1570045623
7ffb820078629754,2026-07-13,1570045623
bffd7b635a7ad79d,2026-07-08,1570045623
34ca00a358771743,2026-07-09,1570045623
42e4a8339002710b,2021-06-03,1570380458
c995903807bfb66f,2021-06-30,1570380458
3c88e2ac24d702bf,2021-06-02,1570380458
d849972b9338a2c2,2021-06-04,1570380458
c57dff4b9e715d09,2021-06-23,1570380458
681f11bc9c2873ea,2021-09-16,1570380458
d575568e2aceb961,2021-08-31,1570380458
67a096f7cecd4b46,2021-09-23,1570380458
89d35c8a68e0d24a,2021-08-19,1570380458
7c968f01cf691058,2021-08-28,1570380458
b79e9312cc8d9b9b,2021-10-12,1570380458
686808a52100a4c6,2021-10-30,1570380458
2cf9e186b1179e97,2021-10-18,1570380458
db9e3e234b070620,2021-11-19,1570380458
05554668c9920041,2022-01-22,1570380458
c37f26e4167893f5,2022-01-22,1570380458
a38783957d181511,2022-03-08,1570380458
d8820289a52ab82c,2022-02-09,1570380458
00e8bd2fc5955d4c,2022-01-21,1570380458
1f45c3dfbcab1fdf,2022-05-07,1570380458
d59469d786d59766,2022-06-14,1570380458
11a322009ad987f5,2022-05-19,1570380458
97fd5f34395a75f4,2022-05-24,1570380458
01b0fc68c692d9ec,2022-06-30,1570380458
a22434a400180d0e,2022-08-20,1570380458
f7dd0be4823940c1,2022-09-02,1570380458
fa07ceacb2c051dd,2022-07-23,1570380458
d6a2dd5c9b6f5e4a,2022-08-02,1570380458
7b40e7a55594420f,2022-11-12,1570380458
02191a8e73f999c9,2022-11-05,1570380458
d6cb8b5f968a2db0,2022-12-29,1570380458
f6557b0310e673fb,2022-11-28,1570380458
cff32b432f8afe12,2022-12-30,1570380458
701df2d02db41d06,2023-01-27,1570380458
8652d6da29bd03c5,2023-02-10,1570380458
3337ab3283199412,2023-02-17,1570380458
1f021249ee5a455e,2023-02-25,1570380458
5d0378929c6d5e78,2023-06-24,1570380458
aa7e0013ab489d99,2023-06-17,1570380458
efedf43ea180533e,2023-05-06,1570380458
c1f4072299c0c299,2023-06-23,1570380458
a2cd65d5e1fbb3a9,2023-04-14,1570380458
d259f48425d4f46f,2023-08-05,1570380458
e98053a815f480d1,2023-07-29,1570380458
748bbc48e7719775,2023-09-21,1570380458
fcab366a383636d3,2023-08-15,1570380458
a879c5b88d4b6cf5,2023-07-18,1570380458
3ffa4e56da7d333a,2023-10-19,1570380458
d088644e09b91efd,2023-12-15,1570380458
5da64467d847858b,2023-11-16,1570380458
a3c0f02a64f3dc58,2023-12-29,1570380458
9e551be1ee4b51c0,2024-03-19,1570380458
ffe5484edb5adc9b,2024-02-06,1570380458
896c410b889c9846,2024-02-29,1570380458
fd027714dd94ec38,2024-03-14,1570380458
0c13e93b2025b28a,2024-05-01,1570380458
bfc881cb3aa35d5a,2024-05-04,1570380458
c33027ae3467dc8b,2024-06-06,1570380458
bef6f8b248c4ebc9,2024-06-07,1570380458
eb2eefa2a7f2ef5e,2024-06-20,1570380458
5bad58a4db0e4c58,2024-07-25,1570380458
88ea304de48702c5,2024-08-16,1570380458
c64e278e0027bc5f,2024-09-07,1570380458
b517d05b88923b71,2024-07-11,1570380458
adef5d89546701ad,2024-08-30,1570380458
fdb7f279f405457f,2024-08-23,1570380458
df192fc6def6086e,2024-11-23,1570380458
ba7544424b8f5ee9,2024-11-09,1570380458
7b75f0b2a8ff5616,2024-10-01,1570380458
eacd2bb67c9be584,2024-11-05,1570380458
4a778123038fb0c4,2024-11-02,1570380458
ae9221023b49f025,2024-12-13,1570380458
6930aae4b8d7238c,2025-01-21,1570380458
95833b65faffc623,2025-01-11,1570380458
243fa5707066690a,2025-01-30,1570380458
51be5fc00acdbd38,2025-02-20,1570380458
98221bd598e23ca1,2025-02-28,1570380458
f4c5b55931435c09,2025-01-28,1570380458
14c9217d91a28bdd,2025-05-01,1570380458
1e42d6af4ed86d3e,2025-05-02,1570380458
22a3bc1b3f6ceed8,2025-04-03,1570380458
daead2cb80aa7b22,2025-06-26,1570380458
19e3406cfbf3786b,2025-05-31,1570380458
43fa6b0f8698dc0c,2025-04-04,1570380458
fa3cb6f6469e8d8e,2025-08-20,1570380458
62b57e4137dfe9d4,2025-09-30,1570380458
9d3b3ed091ecd2ef,2025-07-24,1570380458
a7f28b647f99784e,2025-07-01,1570380458
1d9d8e891a1cfc1d,2025-09-09,1570380458
f172bcb859af8bf5,2025-09-12,1570380458
79a750731549eefa,2025-10-02,1570380458
bcaabb6cb6b29b26,2021-06-19,1570432345
acf1a514542a4e90,2021-06-26,1570432345
b3c404919cdc65ea,2021-06-01,1570432345
2595af360274fd22,2021-06-12,1570432345
15be4ade7846b2ff,2021-07-03,1570432345
e6b4bb50167262b5,2021-08-14,1570432345
c3ef1f1241d2b811,2021-09-25,1570432345
c6af4cf6e97ae566,2021-09-11,1570432345
2f78a5214b726ac7,2021-07-31,1570432345
8731c41923a94dd9,2021-10-23,1570432345
40e94c61ab6d9eec,2021-10-02,1570432345
2813520c35b1d9b2,2021-11-20,1570432345
489bd1daa2d2d2e4,2021-12-18,1570432345
078d5844e97b2c1f,2021-10-16,1570432345
d2f957965566da82,2021-10-30,1570432345
46792c80c20af6b4,2022-02-12,1570432345
92916bd90a863ad4,2022-03-12,1570432345
c08d264d8a68a9cd,2022-01-22,1570432345
d01079ae05797218,2022-01-15,1570432345
19e5baf5bfc2d0fd,2022-04-30,1570432345
a5715a6f88feea15,2022-06-18,1570432345
5d77649aaa094d18,2022-06-25,1570432345
e71dd3d69000ca8b,2022-05-28,1570432345
3dd2e5345ca0cd0f,2022-05-14,1570432345
31ebcc0e5776a2a0,2022-09-24,1570432345
13dc608a1b74b254,2022-07-02,1570432345
5bb10e7b93079e30,2022-07-23,1570432345
fc7516a8a081c8ba,2022-10-15,1570432345
0743ba99a100863d,2022-11-05,1570432345
e5f036881637f9f4,2022-11-12,1570432345
f5c9e7bc9f71797e,2022-12-10,1570432345
8d04314b9bdcba3d,2022-12-17,1570432345
9627e8ea9a70f598,2023-02-04,1570432345
35295287819b67c2,2023-01-21,1570432345
05be7c65c1ddae28,2023-01-14,1570432345
db1390d3a2c6ab7c,2023-02-11,1570432345
eb8b5cb2187234dc,2023-03-11,1570432345
0ea775bfc8568d21,2023-04-29,1570432345
eb8d2c764e64915c,2023-04-08,1570432345
50739b456b0b234b,2023-06-24,1570432345
d08c6eb5356bac76,2023-04-01,1570432345
f886d161f7d7b470,2023-05-13,1570432345
f12d1b61357a3684,2023-09-23,1570432345
98f4a3ffab3105c2,2023-09-16,1570432345
d883b351870cc0e3,2023-09-30,1570432345
b2422ed114532263,2023-10-14,1570432345
ae01a9e4e95cc36f,2023-12-09,1570432345
c49e60ce688054e1,2023-11-04,1570432345
265ce085bcbe6810,2023-10-21,1570432345
c99da1f6b67b5fdb,2023-10-28,1570432345
e97ee90cf240393a,2024-02-10,1570432345
23c04e3df5cf0063,2024-02-03,1570432345
a954cc2282f08080,2024-01-06,1570432345
ed21c805d6294814,2024-03-16,1570432345
62eda42a299c6e15,2024-03-23,1570432345
1e1ed86e43fb6dcd,2024-05-25,1570432345
d978993d77e0aebf,2024-05-18,1570432345
fdd329198e17c00d,2024-04-20,1570432345
7fc17d3d46002633,2024-06-15,1570432345
7906151f7168cf89,2024-08-10,1570432345
0e552281e4097dae,2024-08-17,1570432345
431e2e47bbab45d2,2024-09-28,1570432345
57fbcbeffc584871,2024-08-03,1570432345
f4a4ddae0216e245,2024-09-14,1570432345
8f9e55506c1350fe,2024-09-21,1570432345
0f913290d16dee4d,2024-11-16,1570432345
882284697eaed953,2024-11-23,1570432345
201bcb0403554ab7,2024-11-09,1570432345
c8c576fa4403dd3a,2024-10-26,1570432345
9169d88fd700b6c2,2024-12-21,1570432345
b0d6e8c6439dfcbc,2024-10-12,1570432345
e724e45dee560435,2025-02-08,1570432345
e98ce29367cbd442,2025-03-08,1570432345
1463f32a30622bc4,2025-01-25,1570432345
2df961fb24c0c753,2025-03-15,1570432345
cc621e19ef225f2c,2025-02-15,1570432345
31038d6ab32f7808,2025-03-01,1570432345
a9a749f7b24afc6b,2025-05-24,1570432345
163bbd52a6d5bf90,2025-05-03,1570432345
6b158c1d2b2b31ed,2025-04-19,1570432345
61a6ccd58c92b199,2025-06-14,1570432345
6fddce6c12d8b6a8,2025-06-21,1570432345
2d696de24d83ed47,2025-09-27,1570432345
d904bf20747ba2df,2025-09-06,1570432345
289886d35546c184,2025-07-12,1570432345
bf30035178b368ec,2025-07-19,1570432345
c0da8e08d512f180,2025-08-23,1570432345
6e94fef248cea441,2025-11-01,1570432345
a42c3e7dd2f904f5,2025-12-13,1570432345
63bc5f75ca7990cc,2025-11-29,1570432345
609a379bb7d01657,2025-12-20,1570432345
d5dc4bf6d028a2a2,2025-10-18,1570432345
3b1bc27b4ad45318,2025-11-08,1570432345
a3794c3b6a117d52,2026-01-24,1570432345
bcbd2c714b6fdd65,2026-03-21,1570432345
8f89898c5064c275,2026-03-14,1570432345
06bc577be217b58d,2026-01-10,1570432345
08b714028cb45f5e,2026-02-14,1570432345
fb04c0b6ecb5a385,2026-01-03,1570432345
3965ba66aced86d2,2026-05-16,1570432345
b9bbed3f0e7fcf2b,2026-04-25,1570432345
e6e9e051858f2d73,2026-05-02,1570432345
c930c8bd59fa5d71,2026-05-30,1570432345
63329016eea808a3,2026-05-09,1570432345
d651dc439b8c8f4f,2026-06-27,1570432345
0ff54adecebd7c45,2026-07-11,1570432345
543dd09b681d2ae1,2021-06-24,1573813504
f20adae162136405,2021-09-07,1573813504
04203eef67b4f8ab,2021-08-27,1573813504
315af756db404740,2021-09-23,1573813504
59ebdc9f5d7cb7cb,2021-07-12,1573813504
4892489c6bb379e4,2021-08-10,1573813504
bb1e294571d40fd1,2021-09-08,1573813504
be3b294d6715ddc1,2021-11-09,1573813504
f50193c510f85e1a,2021-12-16,1573813504
8efc22f16f4f1977,2021-10-14,1573813504
9967fd859d267a4d,2021-10-25,1573813504
8a855f86f9485738,2022-02-09,1573813504
105d0f8cdffd2d18,2022-03-14,1573813504
2656258b39f79bb8,2022-03-15,1573813504
66b71b0189331479,2022-01-20,1573813504
a3d78ccc746c345c,2022-03-21,1573813504
3be777469e03de5f,2022-05-10,1573813504
19a8c26c87c074d3,2022-06-13,1573813504
7250be515f509c1e,2022-05-16,1573813504
af0de2fe24ad4caa,2022-05-24,1573813504
9301c0f0b3f30c2c,2022-05-12,1573813504
832608b14a62406b,2022-07-11,1573813504
8777dedb88d77f68,2022-09-14,1573813504
69ced0fa3eec6aec,2022-08-30,1573813504
7b0005600a9271ce,2022-07-14,1573813504
d83f5ee98bb13f11,2022-11-11,1573813504
ec1b54537af45abe,2022-10-25,1573813504
12002d2d93be2a58,2022-11-28,1573813504
dd3a607c00410448,2022-11-08,1573813504
075fef94099ef883,2022-11-09,1573813504
302d4fe1eb09c668,2023-01-30,1573813504
3b9ebad7274fc858,2023-02-08,1573813504
11d18124d1577b05,2023-02-10,1573813504
beb4b02d8e494965,2023-02-14,1573813504
92f29319bbef6e81,2023-04-03,1573813504
3f73d866c7f3a67b,2023-06-22,1573813504
4366ab2c19bae089,2023-06-23,1573813504
d8316f72e23f3c67,2023-06-06,1573813504
e6590215d84aeff1,2023-07-18,1573813504
684108febfaed4ae,2023-08-24,1573813504
93613ec12fadc3e3,2023-07-11,1573813504
4853b7eba0e08e87,2023-07-12,1573813504
d916dd81d103b25b,2023-09-20,1573813504
7d7291a8cafe76b5,2023-12-28,1573813504
ccdb3f72f46efd73,2023-12-05,1573813504
27f587df6f56db23,2023-10-17,1573813504
cc1e9925770423cf,2023-12-01,1573813504
31c2e2f56c524cf9,2023-10-09,1573813504
b44f46b72986f88d,2024-03-08,1573813504
fd5253e00b21947a,2024-02-14,1573813504
372760876c0f1f78,2024-02-22,1573813504
b4ea19e57c21ccab,2024-02-21,1573813504
e784630a3c33a399,2024-04-05,1573813504
df5414506eb9a749,2024-04-11,1573813504
3cc73314f25e687a,2024-04-10,1573813504
ce5b20a20624ce65,2024-04-12,1573813504
50f623c114bab2e3,2024-05-23,1573813504
229881aab8caf454,2024-09-30,1573813504
65284a29b4c8a23f,2024-08-15,1573813504
6ef01920579eb77b,2024-08-19,1573813504
19b8325239f347c3,2024-07-02,1573813504
900c3826f9358c9b,2024-08-05,1573813504
a2a8f3b15b0e96f6,2024-08-16,1573813504
ed5445e6e04701f2,2024-12-18,1573813504
41dfe65cab203da4,2024-10-16,1573813504
751b42db4c41a28a,2024-11-07,1573813504
990642287ee61ad4,2024-10-17,1573813504
cb77f97c52baa403,2024-10-28,1573813504
f4b2088f83bcea41,2024-12-09,1573813504
a554980b9e2bc7fe,2025-03-31,1573813504
65573878d3f78f24,2025-03-19,1573813504
5e21f648fe2debb5,2025-03-04,1573813504
7f5474bed640a781,2025-01-28,1573813504
06de1db2dff4b590,2025-01-31,1573813504
7dd8b87622fb7d5a,2025-03-04,1573813504
12bc5518dd6123bd,2025-05-14,1573813504
52127b722a2ea0a9,2025-06-18,1573813504
7ada74e1872679a6,2025-04-08,1573813504
66bf1ca8a5e49da7,2025-04-21,1573813504
332aa5ed92befa1d,2025-06-13,1573813504
6e66f307f9434e0a,2025-05-28,1573813504
5ca31d8ad840e4c6,2025-08-11,1573813504
3819bdb902828daf,2025-09-18,1573813504
3223c2b4dc71ab03,2025-07-24,1573813504
66e1260ede71b7ee,2025-09-22,1573813504
79ff16b4cf9d1c53,2025-08-20,1573813504
ed5322c4d7da4401,2025-07-09,1573813504
d758a12caa8154bc,2025-11-10,1573813504
fe551bab0268be8f,2025-10-08,1573813504
31a52b0545e9fa2a,2025-12-12,1573813504
d0e7067e24dfc02c,2025-10-13,1573813504
56627c0f659c6340,2025-10-07,1573813504
33713f16829d3436,2025-12-29,1573813504
532f1b1ee0db6ff0,2026-01-20,1573813504
7699687fa744666f,2026-03-19,1573813504
351dd370eee9d3da,2026-03-09,1573813504
fcedba6293b3fcfc,2026-02-17,1573813504
b6c782f8180b2d5f,2026-03-16,1573813504
69a3021d627a0b5f,2026-01-27,1573813504
3962e0fb3ef151d5,2026-06-19,1573813504
a7d2271abbf227c7,2026-05-29,1573813504
2847271c779f8c88,2026-06-30,1573813504
ef860057cc5fecfe,2026-06-17,1573813504
ef601a6e3bf7f8f2,2026-04-16,1573813504
fb8856ba7134c792,2026-06-02,1573813504
383bcace9ac77c43,2026-07-08,1573813504
3892750f604fb521,2026-07-07,1573813504
695496bbb0d76886,2026-07-10,1573813504
f3d025af84d9cf65,2026-07-01,1573813504
2615280fc40047f1,2026-07-06,1573813504
6cf046cb4e046f2e,2026-07-02,1573813504
8d58380697739779,2026-03-12,1574741668
7919ffcc6d0c7f73,2026-03-20,1574741668
b5983444a4b82490,2026-03-02,1574741668
69c8236647a80565,2026-03-29,1574741668
2b93a8c568b87551,2026-03-03,1574741668
8259c271caa889bc,2026-03-20,1574741668
48de7b2ccd4e57a1,2026-04-07,1574741668
2e2854cf8ffc5b70,2026-05-31,1574741668
a68e43b17c71c220,2026-05-26,1574741668
330c6df1c9e373c2,2026-05-29,1574741668
36211640c4cd6111,2026-06-02,1574741668
ac1bd979572320cc,2026-06-29,1574741668
8ba3e33ee104700d,2026-07-08,1574741668
08d81a9f19005e74,2026-07-06,1574741668
1215a0347580ec17,2026-07-10,1574741668
df6b6dda94e19235,2026-07-10,1574741668
1aad26397e4929e4,2026-07-13,1574741668
c44e60e5bb8cab50,2024-07-25,1576614213
4aeba3eb64f9c350,2024-08-06,1576614213
f5019306246ad1ba,2024-09-21,1576614213
4407815f1a6b16d8,2024-09-14,1576614213
37f9e660c537bfc1,2024-08-26,1576614213
8b993b0785253570,2024-09-26,1576614213
3cc6c74e453d0bbb,2024-12-11,1576614213
b812c6b495d63944,2024-11-09,1576614213
9ed5e5d84bed08a2,2024-10-18,1576614213
1838dbdf12c49c14,2024-11-11,1576614213
1a8b3958ff93dfe0,2024-11-02,1576614213
4383a93136153dfe,2024-11-20,1576614213
917adeae97aa0778,2025-01-28,1576614213
7ba02f730f842d53,2025-02-14,1576614213
c83216e1d369ae03,2025-01-16,1576614213
e4adf8135c4042ca,2025-02-22,1576614213
f0910756a2b3e644,2025-03-19,1576614213
ca0151a1ee13e267,2025-03-13,1576614213
fcd1517e64b9d7c9,2025-06-06,1576614213
d2944eb604b1f066,2025-04-05,1576614213
dc0a4026c368da2a,2025-05-30,1576614213
43eeedb2c861ab63,2025-05-01,1576614213
f5b0d8e0d081ab57,2025-05-28,1576614213
24199f35f8c57de5,2025-06-17,1576614213
eb9ca0969f73378a,2025-07-25,1576614213
22bbab54dd9737e5,2025-09-12,1576614213
4f95bc8856ba09ac,2025-07-19,1576614213
a619e8709d6e354a,2025-09-22,1576614213
6b3904f49a94ebb4,2025-07-22,1576614213
4b25f26a7342a9af,2025-09-10,1576614213
ab01865dd7400ad6,2025-11-25,1576614213
5806791ec760d977,2025-11-26,1576614213
a54eed93fab4c952,2025-12-29,1576614213
f316d0ff41935ace,2025-10-10,1576614213
6d1db2b4fb53c753,2025-11-16,1576614213
ad358616edee5c53,2025-11-22,1576614213
e817bee76fbd18e7,2026-03-09,1576614213
ee1ec6a50d2666c0,2026-01-31,1576614213
8fd3855e865b541d,2026-02-01,1576614213
3f1b10d235d1b4f4,2026-03-22,1576614213
a61562980b7d6a81,2026-01-27,1576614213
fb0f3c85dabfce33,2026-06-13,1576614213
4eab3119417f70b3,2026-04-24,1576614213
034c4a6f0a43e587,2026-04-19,1576614213
f16465a9724b02cf,2026-05-17,1576614213
7985502bdc37cd03,2026-04-16,1576614213
03156590d2956981,2026-04-18,1576614213
9f5304758e54eaaf,2026-07-08,1576614213
9c5b7583e4c4199a,2026-07-02,1576614213
26831c9f6defb8aa,2026-07-06,1576614213
b0735f84798d16bc,2026-07-03,1576614213
fbfef28bbc4c343e,2021-09-22,1579061364
82e9879c0f4fa0e8,2021-07-28,1579061364
7c70d1d10790aaad,2021-08-18,1579061364
6c8f6f3b9ad48b45,2021-09-08,1579061364
e76ff756a78fce9d,2021-08-04,1579061364
e5e1e66b68f1d5ff,2021-12-15,1579061364
bca5dcf093ebe54a,2021-12-22,1579061364
e69549b0c4ef1272,2021-11-17,1579061364
a40ef9b2a9bc476f,2021-11-24,1579061364
15c229a5d0f79fde,2021-11-10,1579061364
c4e4865a19dd5792,2021-12-01,1579061364
53bddf98aa2a7f78,2022-03-02,1579061364
2176b98d95f30fea,2022-01-13,1579061364
4749b6faebde67d0,2022-03-23,1579061364
f7bf19725d43aa4d,2022-01-05,1579061364
229e9e69817b1a54,2022-06-01,1579061364
7cf65289a64fa76c,2022-06-15,1579061364
76fe206ed74637c8,2022-04-13,1579061364
3cb5f5d2e8564ffa,2022-06-08,1579061364
7c61197688182d8f,2022-05-25,1579061364
5242bc65f7a4fe46,2022-07-06,1579061364
b1a8a4aba9f36ff8,2022-07-13,1579061364
ca9a648b01d1fdc3,2022-07-20,1579061364
c7fa6ffeacd03b58,2022-09-14,1579061364
beeb19f0dae1f10a,2022-09-28,1579061364
42c6b0c4f4c96b8d,2022-11-16,1579061364
dd3313e5dc6b16ff,2022-12-14,1579061364
a76808aebbe944a4,2022-11-23,1579061364
34ead00e8273a7d5,2022-11-02,1579061364
ec7a4247bf088b5a,2023-01-27,1579061364
1aa29b769cb2c8bf,2023-03-01,1579061364
dc7e27f5eb23f382,2023-01-25,1579061364
5d7a9c09c4898914,2023-02-22,1579061364
c7c86e9872b6d3d1,2023-02-15,1579061364
23ae31ae8750e2d7,2023-05-24,1579061364
d132187eddf097fe,2023-05-03,1579061364
564fb8519359c800,2023-04-26,1579061364
d717d365c6985131,2023-05-17,1579061364
5bfb2a68ce137d06,2023-08-16,1579061364
333e68a00ca8ad2d,2023-07-05,1579061364
fe595651e54c1611,2023-09-20,1579061364
324948f09e0007ce,2023-07-19,1579061364
04a2e1d70799eeb1,2023-07-12,1579061364
3f6b21bb72c0bfc4,2023-11-13,1579061364
c0a839f59c67757a,2023-11-13,1579061364
330cd88f539d0702,2023-12-29,1579061364
c3e3563c03a9fcf5,2023-12-06,1579061364
8308773b4f324d44,2024-01-18,1579061364
6cb86ae2541ca47c,2024-02-14,1579061364
2db0aeec7ccfe3fa,2024-01-10,1579061364
bfd2b85bfb8c3978,2024-01-31,1579061364
9f63c18c7016bb28,2024-04-10,1579061364
84842b78c0a4ce5a,2024-05-29,1579061364
b63a4cc8cfbc30c4,2024-06-19,1579061364
fba6cd2e4e81b1bb,2024-05-15,1579061364
fe9b827eca736427,2024-05-24,1579061364
6e84850e3bd37b09,2024-08-07,1579061364
d5c3ec30d392ade4,2024-09-11,1579061364
714027c8fa2e49e1,2024-08-21,1579061364
81c8b135bb0c6a83,2024-08-28,1579061364
64dc555b10e591ab,2024-12-18,1579061364
4ec1739a4e6552bc,2024-10-09,1579061364
736a641c306bfb55,2024-10-02,1579061364
662150d4959a116f,2024-11-13,1579061364
17e1f06bd3ce574b,2024-10-23,1579061364
772f3d44a047dafd,2025-01-22,1579061364
25234869b2e26852,2025-03-05,1579061364
280932451eee8611,2025-03-26,1579061364
d457fab55c531eb1,2025-01-29,1579061364
6cb85c80ce8dc81f,2025-02-19,1579061364
e4e6ef4637997a8a,2025-06-18,1579061364
741ccdb345bd4c68,2025-04-23,1579061364
7cffa768eca881dc,2025-06-20,1579061364
d2d2370b3483d328,2025-06-11,1579061364
e2f18e4a36ddfca1,2025-04-09,1579061364
180442434aa87f7e,2025-06-04,1579061364
63363cb8483e3b02,2025-07-25,1579061364
813767e1d3fe26d3,2025-07-11,1579061364
3507dfa4dec5b004,2025-08-08,1579061364
1f657c8d2eb00117,2025-09-12,1579061364
c62526699d0c7638,2025-09-24,1579061364
0352457ac82f7269,2025-07-09,1579061364
846cbc14d6f4128f,2025-12-05,1579061364
4921e95094778719,2025-10-17,1579061364
29ebc2fa4df7dfbe,2025-12-17,1579061364
71605f4b31420c58,2025-11-05,1579061364
afbca5b3049b72aa,2025-11-14,1579061364
5dc4edfef72f7092,2026-03-18,1579061364
03a73f58e82b5cdd,2026-01-16,1579061364
405370b72746e352,2026-01-14,1579061364
2338b18060895a01,2026-01-02,1579061364
6b4337530c6484bb,2026-02-18,1579061364
432cd21bd1e82a30,2026-03-11,1579061364
35dcd0248eb44b15,2026-04-10,1579061364
249e3d4d9d069421,2026-06-10,1579061364
06079ee9de8b1f20,2026-04-17,1579061364
fab4e519550bb066,2026-04-29,1579061364
17b5dccbc6a6438a,2026-05-22,1579061364
ffee469ddcc427d2,2026-04-15,1579061364
d61ebb33ee2e796d,2026-07-01,1579061364
d527167aa2f54f6d,2026-07-03,1579061364
fb47e28bc3c68b04,2026-07-10,1579061364
9b9706edc8453b1e,2026-07-08,1579061364
77c2809146c6c045,2021-09-29,1584730781
545f9c2f35cd6b5f,2021-09-30,1584730781
6777a06b2a177433,2021-09-10,1584730781
aa6bfcab603b71ed,2021-09-24,1584730781
c1f2ed6b80c23b75,2021-09-11,1584730781
d30a347ad8662a64,2021-09-15,1584730781
343f81cba54ce1ee,2021-11-10,1584730781
1c8c6d61bde7fe86,2021-11-02,1584730781
9fb7c0cc08a7d342,2021-11-06,1584730781
6aabb1cfc031ad01,2021-10-05,1584730781
dc5bcb61ba5097b2,2021-11-25,1584730781
e100aac4a434f9cb,2022-02-08,1584730781
f3f6ed44229dc650,2022-02-01,1584730781
9c457c29e72c0e22,2022-03-14,1584730781
c455704faea35bf2,2022-02-16,1584730781
c0b873f75ceaefd5,2022-02-19,1584730781
a3b370c49158da58,2022-04-26,1584730781
f1fbe02d80e489d9,2022-05-18,1584730781
337044c6d1f93c52,2022-04-22,1584730781
d843410b82c9c68b,2022-06-29,1584730781
b50851fefae42368,2022-08-11,1584730781
d2c6a8d6acc90f8a,2022-07-01,1584730781
3e0c4e2d3327429c,2022-07-06,1584730781
2fb51983c8332ff7,2022-07-18,1584730781
0c7e537b6e7410d7,2022-11-12,1584730781
f196b7ca54f04abd,2022-11-23,1584730781
6c27cd1a7f95ada6,2022-11-29,1584730781
2fe23929fbf8f667,2022-11-19,1584730781
be732d3f81c44b57,2023-01-19,1584730781
5019c5cc5c22b579,2023-02-16,1584730781
3be2cdf3a2f70b93,2023-02-22,1584730781
656425207531237d,2023-03-09,1584730781
cbe8acff37985b53,2023-01-31,1584730781
09555a13340a92b9,2023-05-03,1584730781
bb3fdfd87bb75d7b,2023-05-25,1584730781
5985d6da6f6781d5,2023-06-28,1584730781
e9537ce597b5e2bc,2023-06-24,1584730781
93f5ce3dcc44c60a,2023-04-12,1584730781
5b99396a392a864b,2023-08-05,1584730781
8a1143ecff56a8c1,2023-08-23,1584730781
c67e125d7ae40ab8,2023-07-11,1584730781
3f834d92870512a9,2023-07-13,1584730781
273839482bf6b26a,2023-10-25,1584730781
43d8ddb228a5aa07,2023-10-14,1584730781
71813df6bc15fd5f,2023-11-03,1584730781
6d71e8c023733804,2023-10-19,1584730781
4800dce5d32d6136,2023-11-10,1584730781
da19587e5c7d32e7,2024-03-15,1584730781
bc94faca7a4a0c7c,2024-02-15,1584730781
cc5b1926f7429544,2024-03-06,1584730781
92e4bb938f589325,2024-03-20,1584730781
ae035fd2996deebf,2024-01-24,1584730781
f3c310a0cdf40b7f,2024-04-02,1584730781
f70331b56b494bbc,2024-06-13,1584730781
ff7a7b1a06229899,2024-05-03,1584730781
6f03369320b82693,2024-05-11,1584730781
e11fb3b061f392be,2024-09-12,1584730781
84e64fb84bb871c0,2024-07-11,1584730781
99f9aa263fe9f94a,2024-09-03,1584730781
f0656ea630539971,2024-08-16,1584730781
8d3883572d3c048c,2024-09-20,1584730781
ae4d4aa449a6499c,2024-09-14,1584730781
dac663881ab65f25,2024-11-06,1584730781
0be8b7fcd79569d6,2024-11-01,1584730781
a50f16133b210bbb,2024-12-07,1584730781
6786de9620a99110,2024-10-05,1584730781
8b1594a32693c290,2024-11-19,1584730781
67765962f13ad7c7,2024-10-30,1584730781
5347d84e8a3c89ba,2025-03-11,1584730781
33b011210105e8f6,2025-03-19,1584730781
d1948e45af747c4a,2025-02-08,1584730781
4356cd2202b9b7d5,2025-05-09,1584730781
1bd7740c40f3b327,2025-05-22,1584730781
b58c997d5799f121,2025-05-30,1584730781
23a1f95789c2d5aa,2025-05-01,1584730781
305d5def24de8961,2025-05-07,1584730781
3e6205f9b630731a,2025-06-02,1584730781
21594313fe528684,2025-09-10,1584730781
cedd908601dfddb5,2025-08-05,1584730781
fad2e5d80d4cab72,2025-09-05,1584730781
22830236fccf3397,2025-07-31,1584730781
895d29dad8d921cb,2025-08-14,1584730781
c78f622d6ac61464,2025-09-27,1584730781
8da4e29bd44755b6,2025-12-18,1584730781
47799e81b33bd816,2025-11-11,1584730781
ef5ca1b9ce59acd4,2025-11-15,1584730781
e97c83d5bb8cac89,2025-10-17,1584730781
0c67c3d56b14f4f3,2025-11-27,1584730781
b6cd323a7830e0a0,2025-10-01,1584730781
80775bfd16dcf9c9,2026-02-17,1584730781
12ed33ec6b3fdba8,2026-03-13,1584730781
9f25245f9c799c89,2026-01-22,1584730781
95875ecd9cf41c0b,2026-01-08,1584730781
a8dd378d88f2f39f,2026-06-12,1584730781
422c3a23eaacae6a,2026-06-04,1584730781
161a1e5edcf1fb5a,2026-05-13,1584730781
0e11492d8cf7bf4b,2026-06-10,1584730781
83ca2433088c5d14,2026-06-03,1584730781
06d546726d74fa06,2026-07-14,1584730781
dcee26c85c2733f1,2026-07-10,1584730781
3c93456ae8e27684,2026-07-06,1584730781
feee15352bbd0c74,2026-07-15,1584730781
1fa3c72adeb0c5ed,2021-09-24,1585243541
45d0b14d8c11be65,2021-09-21,1585243541
98fafe71886d1c0a,2021-09-29,1585243541
d8bf2a0abaa1ec17,2021-09-16,1585243541
1fbadd33cddb72a2,2021-09-27,1585243541
028325f777fa4e3d,2021-12-29,1585243541
3607b18dc7fcb3c3,2021-12-02,1585243541
70298ed83a27a0b0,2021-10-29,1585243541
628743425d03b5b6,2021-12-09,1585243541
718dca1d178b6e19,2021-12-31,1585243541
68f12fe20d2c9a67,2022-03-10,1585243541
b26ae5aedf62f011,2022-01-27,1585243541
318bbd7cd9e3630d,2022-03-17,1585243541
f30363cc905f1bec,2022-01-18,1585243541
b566bc58f472440d,2022-02-04,1585243541
a5271d66e332bff6,2022-05-25,1585243541
a3e3d373dd0ad4cb,2022-05-12,1585243541
87f1dbf14b6d3862,2022-04-12,1585243541
58f1deafc53b311b,2022-04-05,1585243541
8636e5a68c8420d5,2022-05-18,1585243541
7824997724de0de1,2022-08-04,1585243541
b56a07a27e1b349d,2022-07-31,1585243541
01b5c3bb82b9bcfe,2022-07-27,1585243541
9b4308467f5ffcf4,2022-08-01,1585243541
2e7bf764baa45923,2022-10-13,1585243541
096a84da400cd3a7,2022-11-27,1585243541
99d8dbbccf550f4f,2022-10-04,1585243541
205d0fa93dc56766,2022-10-16,1585243541
b3995432b9b9631a,2022-11-08,1585243541
6a4c52b587cffe5d,2023-03-01,1585243541
a592f8c838af089a,2023-03-14,1585243541
6f89195bf1055479,2023-01-12,1585243541
7ac33e02d45c8e52,2023-03-13,1585243541
fb4e5197a82834ed,2023-06-05,1585243541
49fb722a6df8f4c0,2023-04-16,1585243541
1fc7dfd21435d0c7,2023-05-15,1585243541
7f13ebc89adcbffd,2023-04-02,1585243541
d989f6b4f50d7b19,2023-09-11,1585243541
5469c709c33d6515,2023-07-27,1585243541
adceb17c7ebcece9,2023-07-28,1585243541
0dd0a582862f774d,2023-08-10,1585243541
b3da301b9dd89b03,2023-08-16,1585243541
d3d56380b6326ff6,2023-12-13,1585243541
5440a7e89c813c8f,2023-11-03,1585243541
a081e0b6bbfbf4dd,2023-11-17,1585243541
21e132f3806a653d,2023-12-09,1585243541
1d6c37f1286be21e,2024-03-29,1585243541
8b397f64fbdf80d8,2024-02-24,1585243541
8067a09e63dcdd5e,2024-03-19,1585243541
1a875e66cb6d8dda,2024-03-13,1585243541
eda23d1a307d71ec,2024-03-26,1585243541
a5ed11ae29ab0536,2024-06-25,1585243541
0d51e2af80a5e617,2024-06-03,1585243541
f498e60977462f5e,2024-05-06,1585243541
b89f905a1cacf6f3,2024-05-01,1585243541
189cbf19552d1a69,2024-09-17,1585243541
29ad05c8c088781e,2024-08-23,1585243541
8412593bdf25fae1,2024-07-09,1585243541
98de0c8d28efa299,2024-08-13,1585243541
104062cd517a0f95,2024-07-24,1585243541
c6f39bdf3e46c26c,2024-09-04,1585243541
f34e738b7c2745c3,2024-11-23,1585243541
918df2fd282821a1,2024-11-08,1585243541
cc2320a2aed8f31a,2024-12-30,1585243541
a76375ab4e8a6d9b,2024-10-16,1585243541
4d680053cbc3c1f1,2024-11-11,1585243541
feeafcf26299de24,2024-12-24,1585243541
1db1253328ff39f6,2025-03-13,1585243541
c5b4f247e5ffa87c,2025-01-24,1585243541
bf6e7123cec04b5e,2025-03-18,1585243541
f584fca4426d547f,2025-02-20,1585243541
f4df3f1f5562961a,2025-02-19,1585243541
b032acec37f28a0c,2025-02-15,1585243541
2b7a697a448a38c2,2025-04-01,1585243541
9fdd028f15dff749,2025-06-16,1585243541
276b51ab2d97cb48,2025-05-13,1585243541
8c718fc1bef8cf41,2025-04-17,1585243541
b438c28720fcd55d,2025-06-13,1585243541
5e8a34d5b416463d,2025-09-12,1585243541
dafb7d93ae5c95f3,2025-09-02,1585243541
dac6a1c731e0971e,2025-09-19,1585243541
ada00832d8da6880,2025-07-26,1585243541
4fe9b8ea82d5cea7,2025-08-22,1585243541
01bcc2f9ba8fcd97,2025-07-17,1585243541
480e9f2a2e2f5ae1,2025-12-24,1585243541
ecba1e967fa1df50,2025-10-09,1585243541
1e8be7dbf0697b8b,2025-10-28,1585243541
f31765d88a43d04c,2025-10-18,1585243541
87393cf857c2e8f1,2025-12-17,1585243541
56f6e0dd14eb7fd9,2025-10-16,1585243541
71d2042a7ea75adf,2026-01-26,1585243541
f68173e16a058bf4,2026-02-07,1585243541
213a077be5109399,2026-01-28,1585243541
ebd8cb3ebec60185,2026-02-27,1585243541
af154f30bd26c166,2026-01-31,1585243541
66e622450a07c57a,2026-01-07,1585243541
c912a9634ae80cf1,2026-06-29,1585243541
cdf7ff81e6b6f15a,2026-04-08,1585243541
658395f6e10cc294,2026-05-08,1585243541
df5040c9b81cab83,2026-04-20,1585243541
ab164a23657d03e3,2026-04-29,1585243541
79b411003c45931a,2026-05-04,1585243541
d5279e6c8c882133,2026-07-08,1585243541
e6269abc8ed76d94,2026-07-08,1585243541
a5d5acf128f8b4ef,2026-07-13,1585243541
6d2ba512a994a0bc,2026-07-08,1585243541
ef2d3374dc44f066,2022-08-27,1586423406
fa62dff5d051f1af,2022-09-24,1586423406
4594fe903e8f2d9a,2022-09-17,1586423406
d03deb71cec3d0eb,2022-09-03,1586423406
b965a9d0ec40812e,2022-08-20,1586423406
5ef8619a47152911,2022-11-19,1586423406
1ba1ba51cff5fd97,2022-10-29,1586423406
1918b1bffb8f0cce,2022-11-05,1586423406
2fa8a31c9edf1481,2022-10-22,1586423406
4811034ab6600d94,2022-10-01,1586423406
e5cb5762de43ed9a,2023-02-25,1586423406
524d36728966e029,2023-02-18,1586423406
3cdd5b13c3b45f35,2023-03-25,1586423406
1a6f2d9a7861cd7b,2023-03-11,1586423406
bb891ae208a97d1e,2023-03-04,1586423406
4a3772cac7b75015,2023-09-23,1586423406
d7d41b63c983dedf,2023-09-30,1586423406
fbcd3db684e5fedf,2023-07-29,1586423406
8a9c79cff4f86ffa,2023-12-16,1586423406
b84a170dfef5d0dc,2023-11-11,1586423406
a42ea08e2f16f810,2023-10-14,1586423406
a0c89c34e2f1b361,2023-10-28,1586423406
c7abf3943097b635,2024-02-10,1586423406
adc93cfbbb3085c6,2024-02-17,1586423406
ec601a0f82b03ae3,2024-03-30,1586423406
e3bbc55d515bcb8b,2024-01-27,1586423406
08a36019de6966be,2024-03-16,1586423406
ce5764553599dfa9,2024-05-04,1586423406
d5698094b74b2600,2024-06-15,1586423406
f81c615f38acbe84,2024-06-29,1586423406
dfe8815954e1cc80,2024-05-11,1586423406
53ebf9b515b82b7a,2024-06-01,1586423406
d60bfb1865014bbe,2024-08-31,1586423406
55188083bf86dc8d,2024-07-20,1586423406
337b80730960f06e,2024-07-27,1586423406
d754c566fe31da15,2024-09-07,1586423406
18efbce9999ad9cb,2024-09-14,1586423406
7e70ec42eb325274,2024-09-21,1586423406
d20ef064570bdcff,2024-12-07,1586423406
3dae802633cef5a6,2024-11-30,1586423406
82e75d29ede52358,2024-12-14,1586423406
575fc79a72be99c1,2024-10-12,1586423406
d1e23f4f11ab8142,2024-10-19,1586423406
71916db2cc38ba62,2025-02-22,1586423406
b1bec0a3d29ffa36,2025-02-15,1586423406
c96b8a38adb3988d,2025-03-15,1586423406
c53472e69c8cd779,2025-02-08,1586423406
b7e213a90ca9bc3d,2025-03-08,1586423406
e2aa6086e00cac42,2025-03-29,1586423406
4d4b9f4f910832e7,2025-04-19,1586423406
8d03231512501f0c,2025-06-21,1586423406
92e541ebe218f0a0,2025-05-10,1586423406
19fd70c3029bd07c,2025-06-28,1586423406
3a89bf37bdcb51b2,2025-04-05,1586423406
d2eb57303da9ca32,2025-09-20,1586423406
a9c031db2fbdd316,2025-09-13,1586423406
35de13fd31db5050,2025-09-06,1586423406
03c60383d259e1fa,2025-09-27,1586423406
243df4464c7cf970,2025-07-12,1586423406
a5ae64aa0dafd58b,2025-10-25,1586423406
09fca5ae321e16fc,2025-10-11,1586423406
f1f1eb12fc2b7524,2025-11-22,1586423406
b271905a97bd21b0,2025-12-06,1586423406
b0f748fca803064b,2025-10-04,1586423406
71788bd6481f6a3a,2026-02-21,1586423406
c073d9baa41b7136,2026-03-12,1586423406
bfbe681d89fa0fd1,2026-03-07,1586423406
fa1208525cb57eda,2026-01-24,1586423406
1e62d2d0f8cf617f,2026-02-14,1586423406
2f0402d5517d433e,2026-01-10,1586423406
5dc8462f39b7ae32,2026-05-16,1586423406
ea9b393a466247bb,2026-05-06,1586423406
f37078af31e5f4ac,2026-04-30,1586423406
5006b74b630a0e42,2026-06-27,1586423406
f21a02d3228817b5,2026-04-17,1586423406
0699876a5ec35069,2026-06-20,1586423406
c0e0a742828c2c6d,2026-07-11,1586423406
bd03c55420c223a9,2026-07-04,1586423406
df13947526d1a7d8,2026-03-30,1587492577
5a15dae2e29e89fa,2026-03-31,1587492577
1526f494082fabdb,2026-03-27,1587492577
ed9be8063f7a7c4c,2026-03-28,1587492577
6712efb63b1f6084,2026-03-29,1587492577
55c6b4447fb7e499,2026-03-25,1587492577
ecfff3c1ee46864e,2026-04-28,1587492577
f8f6d9cec7b53c52,2026-05-31,1587492577
77f6120c6c6f5c37,2026-06-10,1587492577
859d507021f1ee12,2026-05-27,1587492577
5fe8650f6cda16f2,2026-06-21,1587492577
cb8af563b0628d38,2026-06-13,1587492577
fd11251a10ff50fc,2026-07-01,1587492577
c990b4fb57896033,2026-07-11,1587492577
30922cca004c364e,2026-07-04,1587492577
31f82f93f37416b7,2026-07-10,1587492577
61bbd00e2b619928,2026-07-03,1587492577
f5ac7e72520eab68,2026-07-05,1587492577
477e113926905aab,2025-03-21,1587936366
94d55cdd71a6501a,2025-03-02,1587936366
cadc6ae4e5384c75,2025-03-31,1587936366
89d53028e8076f45,2025-03-14,1587936366
b937c87531884d9c,2025-02-22,1587936366
b26afbb7469659bd,2025-02-26,1587936366
70523f197b7d416a,2025-04-24,1587936366
082f47ab987cfb59,2025-05-29,1587936366
14c99c7af42f63d5,2025-06-04,1587936366
21b66bc6bfdbfde3,2025-04-09,1587936366
8e54637af09c4909,2025-04-02,1587936366
982b24289a99b46d,2025-05-18,1587936366
6d6cfdd4b8d57df8,2025-07-26,1587936366
af6ad082e34a02ca,2025-08-20,1587936366
395c06d485b284c4,2025-09-16,1587936366
af29ec73c94a0106,2025-09-03,1587936366
c28934f475739a5e,2025-07-29,1587936366
8977e832bfd3dade,2025-08-07,1587936366
b453df809c17abfa,2025-12-25,1587936366
1f6e062f06f2a42d,2025-11-21,1587936366
13c301211cb81507,2025-11-16,1587936366
7b22d0235ff16eb8,2025-10-14,1587936366
3855a4432f6627ca,2025-10-17,1587936366
485e5c8fffcc1e1b,2025-12-28,1587936366
c78d935579d620b6,2026-01-06,1587936366
3de66c89e9174bf2,2026-03-22,1587936366
2c073c3531152de8,2026-01-24,1587936366
80bb39f74cdf5c0d,2026-01-26,1587936366
117d4c1c477dbc91,2026-03-25,1587936366
fe3741f34dde3133,2026-03-06,1587936366
f8d7f15c260cd017,2026-04-25,1587936366
a078183a292f49c5,2026-06-26,1587936366
937d4c86be4ab2e4,2026-06-10,1587936366
57ca5e3160355928,2026-06-04,1587936366
250367829dd84566,2026-06-28,1587936366
ea9b151ae7a12632,2026-04-21,1587936366
5f73079a77e8556e,2026-07-04,1587936366
2ebe2008dcc8bb87,2026-07-02,1587936366
480e738168eb1737,2026-07-05,1587936366
aa07d9ae061057f1,2026-07-02,1587936366
d190cba6436ccc72,2026-07-07,1587936366
ea57aea6c421531c,2026-07-06,1587936366
b4ed568bb297ba24,2021-11-19,1592116227
4e4b70ad8a662466,2021-11-16,1592116227
48cba3ec34397fd7,2021-11-23,1592116227
67c755555b369fb3,2021-11-15,1592116227
52bd2d545dd20755,2021-11-18,1592116227
e85626e798e0307d,2022-01-05,1592116227
c5158fec432d7b5d,2022-01-13,1592116227
5884654c254eec7b,2022-03-09,1592116227
9dfe5c7ea347752a,2022-03-07,1592116227
e74874deedc1176d,2022-03-02,1592116227
761dcf845848847e,2022-01-11,1592116227
643edfd9e4e88b55,2022-06-21,1592116227
26294a51ff3b910d,2022-06-07,1592116227
9a66e4587cd08f0a,2022-05-09,1592116227
cb7346dd67357d8b,2022-04-25,1592116227
e031090f6d04f048,2022-07-28,1592116227
c978bacea7e9587e,2022-09-08,1592116227
dedde62d01945431,2022-09-26,1592116227
2bce09fb970ac212,2022-08-23,1592116227
6da4048b3b00234b,2022-08-22,1592116227
87576dcbb1e01ba6,2022-12-21,1592116227
13189a45749a3320,2022-10-19,1592116227
499e05c63e8d4912,2022-10-06,1592116227
4a2da068db1d833b,2022-11-16,1592116227
972732931e22399e,2023-01-04,1592116227
835be90ccef230ef,2023-03-20,1592116227
a74a5388450e2a34,2023-01-10,1592116227
6374f9c966891085,2023-01-30,1592116227
0d578f1ea0892fac,2023-04-10,1592116227
810dc57c38fca469,2023-06-29,1592116227
f274d6987523143f,2023-06-23,1592116227
b972a1f240b54cd5,2023-05-09,1592116227
c456431440406e98,2023-08-21,1592116227
43a71de0f876d24d,2023-08-22,1592116227
26be758664a43c4b,2023-09-05,1592116227
dc435eb4d288b8fe,2023-08-17,1592116227
51d39c31d644853f,2023-09-21,1592116227
eb0b2921e55c2024,2023-11-07,1592116227
21052b42e6326056,2023-12-15,1592116227
ea13407160a6b7a1,2023-12-22,1592116227
24906cf756fe4db9,2023-12-20,1592116227
3e241fa2e14ad6bb,2023-12-01,1592116227
bedb56e3a38b38fb,2024-01-31,1592116227
cce4d6c3de11a021,2024-03-22,1592116227
d0088334177c505d,2024-03-26,1592116227
6f4c3d2905c52620,2024-01-10,1592116227
b0c823c6e2a8d032,2024-05-21,1592116227
3c319948ef8bc57a,2024-04-30,1592116227
ac1bb6292b1c7a32,2024-06-10,1592116227
0d57f7fd47b13bf5,2024-06-05,1592116227
257044e580ffc4ba,2024-04-22,1592116227
746feb1809afa018,2024-07-03,1592116227
cf0419839bd5250d,2024-09-16,1592116227
e828ae8e75eacbf1,2024-07-12,1592116227
3861043b453fdc9f,2024-08-01,1592116227
ccbb67fee94b4cbf,2024-08-12,1592116227
98d459254ca3448d,2024-09-26,1592116227
df00f3ef79ebd4ee,2024-10-14,1592116227
8a790bd872ecf928,2024-12-09,1592116227
8a8563d0989b18e5,2024-10-14,1592116227
44203cac4f03bafd,2024-10-02,1592116227
a47e3157af323ff3,2024-10-10,1592116227
c740ffb5d4aef7c2,2024-10-31,1592116227
7960b77c936e5edf,2025-03-27,1592116227
b8fe29eb126864c3,2025-01-21,1592116227
2f19bf4b5332b5a5,2025-01-02,1592116227
f8cbeed6258cadbf,2025-02-14,1592116227
a9584f724aff77cd,2025-03-07,1592116227
5453e95044714cf8,2025-03-26,1592116227
10ce776f7440a1eb,2025-06-27,1592116227
f5a4783881a65581,2025-06-06,1592116227
1cb42a018046480e,2025-05-09,1592116227
068779f5cabb25fc,2025-04-10,1592116227
0837ef3d4230d72c,2025-04-24,1592116227
4ed1eb68c994a1e9,2025-05-07,1592116227
e53efe1a7db8d12c,2025-07-09,1592116227
3644861f04bc2cef,2025-09-25,1592116227
c2dc45eda5abe26c,2025-08-22,1592116227
3e1536771aa71197,2025-08-29,1592116227
b6021f89235d3677,2025-07-18,1592116227
c4ac8846a6b040e7,2025-08-21,1592116227
6e3f84cfc19f7907,2025-10-13,1592116227
5d432bf4815e55b0,2025-12-02,1592116227
c5e5b48695f86d64,2025-11-21,1592116227
afc1dc2d494b3391,2025-10-22,1592116227
3d18afa1d914ae21,2025-10-24,1592116227
3adc82594e250310,2025-10-30,1592116227
09e61639df39fa6a,2026-02-05,1592116227
fe5606c667482848,2026-01-02,1592116227
e4ea5be4ce3a2154,2026-02-27,1592116227
ebcf8fef0481e40a,2026-03-16,1592116227
333ab73bfb560c9c,2026-01-15,1592116227
1d67a78a81f5495f,2026-03-27,1592116227
be08efdc1e2bd6b9,2026-05-05,1592116227
ff27410f5c0010fc,2026-05-14,1592116227
12b42aa1c07facba,2026-04-02,1592116227
938bb491a1000cb3,2026-04-03,1592116227
7d092d084cf6a5aa,2026-04-08,1592116227
36033066d5628dee,2026-05-01,1592116227
403082ceebcfee37,2026-07-13,1592116227
aa17d659e7937511,2026-07-09,1592116227
a613ac2bff4ea66c,2026-07-10,1592116227
c6c690f4eb4b7352,2026-07-14,1592116227
0bd01ddd17675bd1,2026-07-03,1592116227
da257c219da95911,2021-11-20,1594728054
b6fdf4a9a9d78ab0,2021-11-30,1594728054
da516041bf3fdc0a,2021-12-07,1594728054
bd9578888c0dbbbc,2021-12-01,1594728054
93034b00a9cdcb70,2021-12-22,1594728054
fa0a0165fe2f6788,2022-02-18,1594728054
61198a5e532f9056,2022-03-21,1594728054
847b7c657f08776b,2022-02-10,1594728054
f70fe5ec6b196bf2,2022-03-09,1594728054
ba91ea08381774a3,2022-04-14,1594728054
790e335aec1b1e9c,2022-04-20,1594728054
eb97e00c34890ae7,2022-04-25,1594728054
ecd2490682aec603,2022-04-09,1594728054
2f512dad0e3717ee,2022-05-15,1594728054
1eea4848eaee55f3,2022-08-29,1594728054
06b9bf7f6e540b8e,2022-09-27,1594728054
7000880d90bd0a36,2022-08-18,1594728054
91f08a2fbabedfe9,2022-09-19,1594728054
bef1b4187fc0873d,2022-08-08,1594728054
7584aaff71b27b47,2022-10-18,1594728054
92ddf862234d2f2e,2022-11-28,1594728054
b33ee5f5aa0d5381,2022-10-15,1594728054
f89f9a84b118387d,2022-10-19,1594728054
61382d5b22adc134,2022-10-17,1594728054
2fe22f6ae428293e,2023-03-06,1594728054
3ff58523caf2703a,2023-03-28,1594728054
3d1654562528831d,2023-01-04,1594728054
7b74e2fece71297b,2023-03-01,1594728054
0d9dc69945a87347,2023-02-09,1594728054
e9d35aeb6d4cb75c,2023-06-11,1594728054
f7a64ad20afc7876,2023-06-05,1594728054
c4ca2091507b3b2f,2023-05-20,1594728054
f1ccbe62067ffd9b,2023-05-09,1594728054
6842bc9acb689ba1,2023-08-22,1594728054
6be7e751612d279f,2023-07-14,1594728054
d44967b2c2b352d9,2023-09-25,1594728054
d9f50c2b7dfd7435,2023-07-31,1594728054
97bcb39248a96922,2023-07-10,1594728054
d72a3b325c91e9bc,2023-12-14,1594728054
b3cab17a845f6899,2023-11-22,1594728054
5917bee95523b856,2023-10-13,1594728054
f5957829403f4ef1,2023-12-11,1594728054
9e244d54d529850e,2024-02-29,1594728054
26cb96d7fe797a1c,2024-01-10,1594728054
221af3d58f73aeac,2024-03-15,1594728054
bcdf57cf4e58b11c,2024-03-18,1594728054
54fd7e0a0c3369a9,2024-01-13,1594728054
51bd3a3546e59ffa,2024-04-25,1594728054
0afa7d0ebbadb638,2024-04-12,1594728054
23e577d6455a671a,2024-06-06,1594728054
63a66fd1021dd710,2024-06-23,1594728054
2f9b04fd3edc244f,2024-08-26,1594728054
023ebd607e1c6412,2024-07-03,1594728054
c728d09d4036e25b,2024-09-20,1594728054
f24b870966488078,2024-09-13,1594728054
280490c65e12c562,2024-09-26,1594728054
90ce4d0fde82be17,2024-09-29,1594728054
b59fbade7845618d,2024-10-24,1594728054
cad44a3254e4032e,2024-12-13,1594728054
ec2edd1d80f5aec0,2024-11-27,1594728054
40167c314894b66e,2024-11-19,1594728054
2a93d136d145e466,2024-11-09,1594728054
0123fd4ed08c3295,2024-11-23,1594728054
ff1a41fd00a35281,2025-03-10,1594728054
e52cf6b8146ae98b,2025-03-28,1594728054
8cc7d554e7c459b7,2025-02-16,1594728054
96bf7d0a1f194588,2025-03-06,1594728054
ec57e5573f97bb6a,2025-03-08,1594728054
aaa271ede08259af,2025-02-08,1594728054
52571a664a1922d7,2025-05-22,1594728054
1cfc77d42d79cefd,2025-06-13,1594728054
edcaf2fed1b7bb90,2025-05-03,1594728054
c2b2be8edcb9cddb,2025-06-07,1594728054
435393bfe32caf24,2025-05-02,1594728054
bdc771b5654d3ec5,2025-04-15,1594728054
87740390a724e187,2025-07-10,1594728054
65c0692698140fcf,2025-09-30,1594728054
717ab3888a802dea,2025-09-12,1594728054
e318e46b85673abe,2025-09-26,1594728054
505a876c5888f5f5,2025-07-20,1594728054
ec0d81ebd3eea6ba,2025-09-05,1594728054
63a0079b1024b697,2025-10-14,1594728054
ed5760fae198a37c,2025-12-10,1594728054
23c4092a71a8d32f,2025-12-24,1594728054
c7ceb1052074e7e1,2025-10-07,1594728054
24e181385cfcb40d,2025-11-27,1594728054
7b8bbdeaa685fd89,2025-10-08,1594728054
06dc1535a3fde3e6,2026-03-13,1594728054
9d1801e17e9b6116,2026-01-17,1594728054
3f39c58289ba003c,2026-03-29,1594728054
3dcbf95724c2000e,2026-02-04,1594728054
a61d99abbf8cfa97,2026-02-22,1594728054
db2a5cd9374ac2f9,2026-03-13,1594728054
57efab66c9ab2c0b,2026-04-08,1594728054
db6ffd950f8cf666,2026-06-20,1594728054
bdd8f8337a90a529,2026-06-11,1594728054
a3a5b39ec9de0d96,2026-06-13,1594728054
87ccff9338db6a75,2026-04-29,1594728054
e980f2eb58d30aa3,2026-04-23,1594728054
472c1027e2fc36f8,2026-07-11,1594728054
6d5609a20c6daa14,2026-07-09,1594728054
f00feb6ced1875c0,2026-07-12,1594728054
403102fd1e087081,2026-07-03,1594728054
62a28d633a7369df,2026-07-11,1594728054
772a57233ecdb677,2026-07-08,1594728054
6d9b95655e3552c8,2021-12-14,1595408601
fee117ef0b5e945e,2021-12-07,1595408601
da94ea1a410d2a22,2021-11-16,1595408601
278679ab37a09e10,2021-11-14,1595408601
bf29e8aec6904fc4,2021-11-30,1595408601
2b61e2fb1e9d59c8,2022-02-08,1595408601
ee061da51e73aa6c,2022-02-22,1595408601
c5e75d1ad9c806db,2022-03-01,1595408601
b4fd3b29201fe8e8,2022-01-04,1595408601
211d2a0df80b1687,2022-01-18,1595408601
909e104ede829ad9,2022-02-15,1595408601
93c353e088e185f3,2022-04-25,1595408601
5d2a5b6461fe7c7e,2022-05-31,1595408601
f1c6bc82b0a1e5cf,2022-06-14,1595408601
ac022ee4cd3c7071,2022-04-05,1595408601
412bf958fc86c42c,2022-05-24,1595408601
4004040551ddb9d3,2022-07-12,1595408601
ca351d274a725d69,2022-07-19,1595408601
62fdc9508f1b2804,2022-08-23,1595408601
d2095371238fe4a0,2022-11-01,1595408601
98f8c3c9cc90da01,2022-10-25,1595408601
fa3dc67d627632d6,2022-10-14,1595408601
3458f8e210e0151c,2022-12-20,1595408601
8f6a509487bdd9bb,2022-12-13,1595408601
438146eb9195244e,2023-02-21,1595408601
2f0cb7c88cec7bdb,2023-02-07,1595408601
7e7eaa50c30e4f97,2023-01-24,1595408601
ab87299dc40ca208,2023-03-14,1595408601
0bca3a7e947749b3,2023-01-31,1595408601
bb552dfc194e31bc,2023-06-13,1595408601
0dfdd11f75742a4f,2023-05-23,1595408601
2fc07b307c6f7d29,2023-06-27,1595408601
e1068e73eceb3cb4,2023-05-09,1595408601
f5cd6d104f8e8d2d,2023-08-22,1595408601
1953728e7305fdbb,2023-08-15,1595408601
4b57361e4b4380ce,2023-09-12,1595408601
2f97e05ecd2e93e7,2023-09-19,1595408601
d11fd30ff0286004,2023-10-03,1595408601
fa586f5a050c7809,2023-11-07,1595408601
9c51bf58b7e720df,2023-12-19,1595408601
5cab5fba01238cdc,2023-11-21,1595408601
95ad843979a0d3f3,2024-03-26,1595408601
a412cc76287d9a56,2024-01-23,1595408601
70b8f84ebddfded6,2024-01-02,1595408601
2a7378786c49537b,2024-02-20,1595408601
8ad03ed0d1030839,2024-03-05,1595408601
9465e856a40a0d88,2024-04-30,1595408601
9cf9b372dd86de41,2024-05-28,1595408601
74760de27e78d0b4,2024-05-21,1595408601
bd39374686dea9ab,2024-06-25,1595408601
d8e871d9a141925d,2024-05-07,1595408601
9938403531001e70,2024-09-03,1595408601
9c41638862ee532b,2024-08-27,1595408601
c38e7660e7d18d4b,2024-07-16,1595408601
58ef34623c3cbbc4,2024-09-17,1595408601
9e83dc5fba912709,2024-09-24,1595408601
65eea684635c9dee,2024-08-06,1595408601
ab975d2a179528c2,2024-10-22,1595408601
de62e069a87b7c95,2024-12-17,1595408601
a52583349703768d,2024-12-03,1595408601
63c8e6e6984f7870,2024-10-08,1595408601
6a757bc556d20609,2024-11-12,1595408601
2e8fc76642665f5e,2024-12-24,1595408601
371594dc7ac2c24e,2025-02-11,1595408601
1c8a1424dc231bc3,2025-01-14,1595408601
870890ba2f0f2d60,2025-01-07,1595408601
6f1648f66f83f9ed,2025-03-25,1595408601
bc3427ae78ad3bd2,2025-02-18,1595408601
64bcc1dc94032a0f,2025-02-25,1595408601
47212baee4f5e37a,2025-06-05,1595408601
49f9788f651b9790,2025-06-03,1595408601
f77006dd278ec193,2025-06-24,1595408601
90d67ef9377e1824,2025-05-13,1595408601
12fd6667a3c36052,2025-04-22,1595408601
d2c84f0def806922,2025-09-23,1595408601
86f865b4fc7e2eb6,2025-08-05,1595408601
cb077ac85a415617,2025-09-30,1595408601
190c43fcf88560f7,2025-07-15,1595408601
8fd604a1a8dee655,2025-08-12,1595408601
927cb8ec31da848e,2025-09-02,1595408601
45c318ea6025e178,2025-12-23,1595408601
a2cee62af3daf04c,2025-10-21,1595408601
46b8ab50861783b6,2025-11-25,1595408601
831b042b0cf88094,2025-10-14,1595408601
bded4158473150cd,2025-10-07,1595408601
c6baa18d30bb6a40,2025-12-16,1595408601
60b9c7dfe72a2c2f,2026-01-20,1595408601
c3da256797bc05f2,2026-01-13,1595408601
6c258c2ba9422bfe,2026-03-17,1595408601
736be548e4e4bedf,2026-01-06,1595408601
99313561d4c368af,2026-03-31,1595408601
ee9fe29f69a2c60a,2026-02-24,1595408601
9ecaf8c89a3407b0,2026-04-21,1595408601
b8ee4d45e8fea02c,2026-05-19,1595408601
64277dc232e0aa1e,2026-05-12,1595408601
913bc3bf80b6bd15,2026-06-23,1595408601
60c9581fbaf5260f,2026-04-20,1595408601
85db8c4a13c241f1,2026-06-02,1595408601
51c972ec750f46ad,2026-07-07,1595408601
9a39506f17f6c40f,2026-07-14,1595408601
8a2b1a1ad9f56699,2021-12-15,1599294971
d540c7434167069e,2021-12-11,1599891719
65114def03994200,2021-12-18,1599891719
5156c9e29ee7c67f,2021-12-31,1599891719
e36b24233fd01335,2022-03-19,1599891719
94719bd53df43633,2022-01-22,1599891719
c3b1925a84996687,2022-03-25,1599891719
945aba24b0323ffa,2022-02-05,1599891719
d018f6a20461a4c9,2022-03-05,1599891719
1e44a45588293c8e,2022-01-30,1599891719
4a98145eafd36ec6,2022-04-23,1599891719
246e2c9788d6617d,2022-04-08,1599891719
75d591f87dff0212,2022-04-04,1599891719
3b60c02915761302,2022-04-30,1599891719
9db1a6b6cd96bb02,2022-06-11,1599891719
65ad2919670db5ec,2022-09-17,1599891719
f2c06635d18b7537,2022-09-02,1599891719
710a3cc5a128d5ab,2022-07-23,1599891719
9f2a800490ba015b,2022-07-02,1599891719
76b6ff5c8d39a2a2,2022-10-22,1599891719
9f83eb7f04ac7615,2022-10-16,1599891719
d500822205f3487f,2022-12-03,1599891719
55af17c787f3a331,2022-10-02,1599891719
6cea3d370be1d257,2022-12-17,1599891719
1188c49bcd033197,2023-03-25,1599891719
fffd8eb2405595b7,2023-02-26,1599891719
bed6029bb9a492a8,2023-01-14,1599891719
53eef5525816a6d0,2023-01-02,1599891719
c56d1adc392240a0,2023-01-20,1599891719
be7757c5e9a0075e,2023-04-20,1599891719
952aa965cbdc53f9,2023-04-16,1599891719
8369d0619d1af7cf,2023-04-07,1599891719
573d0d4f58815d9f,2023-04-29,1599891719
cff341070290e69d,2023-06-16,1599891719
f66476a06ed59fa0,2023-09-30,1599891719
03fc76a40cee1db2,2023-09-09,1599891719
51bf98050d4252ce,2023-07-11,1599891719
fac0c56b1e9e345b,2023-09-19,1599891719
9099e3167f415692,2023-08-01,1599891719
830a8e38f969bd18,2023-10-10,1599891719
e1213de3131476b1,2023-11-13,1599891719
629e0c0ece1d5d7c,2023-11-01,1599891719
74615639bcc8227e,2023-12-11,1599891719
8a9bbb50cf379492,2024-01-09,1599891719
c40e2ab1c97ca08c,2024-01-17,1599891719
9c13e4775269fa03,2024-01-01,1599891719
3f52b2095d23f555,2024-02-28,1599891719
5cc6fe54060d6423,2024-03-30,1599891719
acbe9de421a51260,2024-06-24,1599891719
f524e54926629604,2024-05-17,1599891719
86d64ffb2f74748c,2024-04-12,1599891719
a6199cc3d6f19c70,2024-04-30,1599891719
a84caca0d8e1f941,2024-09-21,1599891719
8a0de1f1f453edcb,2024-07-20,1599891719
b270bec0acc881b5,2024-07-03,1599891719
d5ab528185b546b2,2024-09-14,1599891719
b137db404a7731b7,2024-08-17,1599891719
ed2919729294c1ba,2024-07-30,1599891719
559fc0a9844db972,2024-11-08,1599891719
fe043656f45922d2,2024-11-16,1599891719
a692107a46aae9eb,2024-12-20,1599891719
62b607814d68bfbb,2024-12-13,1599891719
acd34464fa3ea460,2024-10-25,1599891719
7541f729356aa45f,2024-11-21,1599891719
25243cf802a0ced8,2025-02-20,1599891719
6ee207a5b989e4e5,2025-02-03,1599891719
3d3e4cd165336534,2025-02-13,1599891719
7454b98a6e98249c,2025-03-14,1599891719
7be01ff44039b8ac,2025-02-07,1599891719
018156da8dda8d92,2025-01-05,1599891719
4855b4f11b9ea25a,2025-06-23,1599891719
c85e40cf2f6bfb0a,2025-04-05,1599891719
fe9e879c2c0620a1,2025-04-01,1599891719
78c71a9dec9c34a8,2025-04-22,1599891719
857b9274c4404430,2025-06-30,1599891719
08a6655c3a76089d,2025-05-05,1599891719
2025125cc38345b5,2025-07-07,1599891719
b2f936293584880f,2025-08-07,1599891719
94f1247470736a3a,2025-08-03,1599891719
e145a54830b904e9,2025-09-15,1599891719
927f067b28b0c1ba,2025-09-27,1599891719
dce4c8a539505d39,2025-09-22,1599891719
cd872d0d3f1aa592,2025-11-20,1599891719
c0a2c8b1b07c64a6,2025-12-12,1599891719
ba0463dcc9397528,2025-12-20,1599891719
4640b396cc031a65,2025-10-31,1599891719
bca6c662223363ec,2025-11-14,1599891719
128126786cd22e4d,2025-11-05,1599891719
bd4c34fe1967b270,2026-01-26,1599891719
6fbeeddc0a8a1d3a,2026-01-16,1599891719
ea655a8681777391,2026-03-21,1599891719
080c80a9190349bf,2026-02-18,1599891719
36bcdfbfaf50b3e9,2026-03-27,1599891719
a8f19bdc2fd7e2e1,2026-02-12,1599891719
eab2486b6cc2f727,2026-04-10,1599891719
67f313a8915121e1,2026-05-30,1599891719
6472bdc8a76cff73,2026-04-04,1599891719
f6dfe611521b38bf,2026-06-16,1599891719
a28fde49c1ae23c5,2026-04-20,1599891719
729587008acf4066,2026-05-12,1599891719
222a118cd84191bc,2026-07-12,1599891719
9493baf2a16479a7,2026-07-04,1599891719
f197856ba1e00efa,2026-03-18,1606834013
4a8d966027982442,2026-03-26,1606834013
684f4b67c9bea098,2026-03-11,1606834013
1fb2899d5b5c7e22,2026-03-13,1606834013
5f2af97fe0454dce,2026-03-03,1606834013
edd74aad48f44e59,2026-03-10,1606834013
34cba8b87e470610,2026-06-24,1606834013
d12dcf18dc100cb0,2026-06-04,1606834013
277fca12dfda8cd6,2026-04-10,1606834013
ffb44078c21bd0af,2026-04-21,1606834013
d59215832ed86662,2026-04-08,1606834013
eb48568985a0e6bd,2026-04-06,1606834013
48bdd4d75c970014,2026-07-08,1606834013
06d1aa93757885e3,2026-07-06,1606834013
e10df543045bb8ac,2026-07-03,1606834013
2eba2502a01a35a2,2026-07-10,1606834013
ec56964c7ce418a2,2026-07-13,1606834013
98f40c90756a84ad,2026-07-07,1606834013
b91945e5d8540219,2024-06-19,1607829807
222e1471729ae2dd,2024-09-18,1607829807
ab804bed70ddfbaa,2024-07-27,1607829807
510f6dc2625e5ead,2024-08-22,1607829807
0679725ebc0178fb,2024-08-08,1607829807
84326f81a81e17c1,2024-09-12,1607829807
49c67aa430ddbdfc,2024-09-24,1607829807
14d4857da0b0273c,2024-11-04,1607829807
98e6352292023bda,2024-10-22,1607829807
a69ff1f6d60b803d,2024-12-18,1607829807
f0256c23ae83bf7a,2024-11-13,1607829807
052b72182a036b82,2024-11-03,1607829807
1c7857b9d4ecbe3c,2024-11-14,1607829807
63c14f4cbe8173d1,2025-01-10,1607829807
23d5070d7ef1abd0,2025-03-29,1607829807
5e000ff663488b28,2025-01-11,1607829807
1317e03a6e68e86d,2025-01-16,1607829807
53ea04223259eb6b,2025-02-14,1607829807
0a83a67b9df9a200,2025-01-15,1607829807
51739a79bc68e259,2025-05-08,1607829807
ab075707809b68dd,2025-04-18,1607829807
52fe20eec7364360,2025-05-28,1607829807
9e751b3e5f0daf79,2025-04-03,1607829807
09a6ab2804b4efd3,2025-05-09,1607829807
f097c66b53621127,2025-05-22,1607829807
525c807f223cfd8d,2025-08-14,1607829807
c20fb810a62a1872,2025-08-02,1607829807
a851ce2ed0c431bd,2025-09-30,1607829807
6d2ac06ab80f3870,2025-11-07,1607829807
25ce18513536522b,2025-10-08,1607829807
08205d29d001539e,2025-10-10,1607829807
d70a73f3ff874b64,2025-10-21,1607829807
1f23e0a5e2da62d4,2025-10-31,1607829807
efbc6b6d498c3da6,2025-11-13,1607829807
06b474366e2c2417,2026-01-21,1607829807
09924d19bccdef90,2026-02-05,1607829807
5ebad2f663281e45,2026-01-14,1607829807
2c451811c4558b7f,2026-01-06,1607829807
4f01a69918767835,2026-01-20,1607829807
becafb8da3371c01,2026-03-17,1607829807
e200ef548ddeb170,2026-05-19,1607829807
09610f2c63c6a004,2026-06-29,1607829807
4f1bd711edd3ebb7,2026-04-16,1607829807
2f5111b7e2f02012,2026-05-26,1607829807
a652cd5076c805cb,2026-06-13,1607829807
090c1c6ad0ced45e,2026-06-28,1607829807
bf54bc3c8ba59529,2026-07-14,1607829807
525d621e0ec08e58,2026-07-10,1607829807
e37d20e332366604,2026-07-01,1607829807
c99442843a2c86b4,2026-07-14,1607829807
02fb90da09aed23c,2022-03-27,1612691018
47754f77080ce827,2022-03-14,1612691018
457cd467a7138050,2022-03-07,1612691018
e0bc7d6074b239b8,2022-02-27,1612691018
373087fbc47d8391,2022-03-21,1612691018
e452571fdd19838b,2022-06-27,1612691018
38907e93bf2d29bd,2022-05-02,1612691018
c3855da0243b7274,2022-06-06,1612691018
b2fc75688744577b,2022-05-29,1612691018
8be02cb4e12f6a06,2022-05-23,1612691018
e0e83c1e4bad8650,2022-09-12,1612691018
908b346cff4eef74,2022-08-08,1612691018
5e91d0e972c8fbb3,2022-07-18,1612691018
71e6ae78422936e5,2022-09-26,1612691018
69c576fa57f2ee0c,2022-09-19,1612691018
02635ddabbf5b419,2022-12-05,1612691018
24aff9c91f0e6fec,2022-12-12,1612691018
24a2c8d817c1ce6f,2022-11-07,1612691018
7775f4634e347a20,2022-10-10,1612691018
46ca313bd09f55d4,2022-10-03,1612691018
0a26440e6d0c55e3,2023-03-20,1612691018
42198bfe88620ce5,2023-02-27,1612691018
258ec68952b3700e,2023-01-23,1612691018
07dbedb15f5df16d,2023-01-30,1612691018
c1ff368e9d9a92fb,2023-06-19,1612691018
a763be2e6d23f603,2023-04-17,1612691018
1bebaa6b524beaf6,2023-05-01,1612691018
44f694d2d92a5ae7,2023-06-05,1612691018
71146c5a5e42ab6f,2023-05-08,1612691018
b6ffcd51cdccaf66,2023-08-07,1612691018
dd57244625872ecd,2023-07-03,1612691018
69f05ba64a264021,2023-08-21,1612691018
5d338590091107fc,2023-09-04,1612691018
c2605f16c8934d79,2023-07-07,1612691018
6154875d2bebcd74,2023-10-09,1612691018
256a4695616a0a71,2023-10-02,1612691018
0cf4231b33d33771,2023-11-20,1612691018
45de18cf0fd89b9c,2023-10-30,1612691018
5b64c4e081be8041,2023-11-27,1612691018
7f866506e6f60fed,2024-03-11,1612691018
4b0be1ab435f21c6,2024-01-22,1612691018
4278e42fb302e1d5,2024-02-05,1612691018
d54aaf1f069ef50c,2024-02-12,1612691018
0401093f9dad7227,2024-04-01,1612691018
b595097c4b5a46e5,2024-04-22,1612691018
5c0d28751e5cb7ed,2024-04-29,1612691018
296997445c3ba4e6,2024-06-10,1612691018
bd5c19888834473c,2024-08-12,1612691018
644b1ca95fbe85bd,2024-09-09,1612691018
06e842f1f40aa820,2024-07-15,1612691018
3021da70e5256f15,2024-07-22,1612691018
29f57ad5dccf2dc9,2024-08-05,1612691018
25f3419a732cf964,2024-12-02,1612691018
be32a405f8fcc997,2024-12-09,1612691018
7fb51090ebeed469,2024-10-21,1612691018
db8b581ae8057c77,2024-10-14,1612691018
cbb7eb5a1e525098,2024-10-07,1612691018
1d9dfee4cddcc5c2,2024-11-04,1612691018
bf7fed112ec60aca,2025-01-27,1612691018
6426681cb40acd01,2025-02-24,1612691018
ad8252b87283f517,2025-02-03,1612691018
3887db04a0179825,2025-03-03,1612691018
b0f39b5ddb1fbad1,2025-03-24,1612691018
1f54c4962eeaa78b,2025-01-20,1612691018
c56358d89ea3017d,2025-06-23,1612691018
962b184e428afd3a,2025-06-30,1612691018
33f353c62609324c,2025-04-14,1612691018
997ba9570339a302,2025-06-16,1612691018
d24670cad337eb8b,2025-05-19,1612691018
efc148f73e355741,2025-05-26,1612691018
c06e98a3378730d4,2025-09-22,1612691018
119beb8e14371d2c,2025-09-08,1612691018
58e98bfebae09d63,2025-09-01,1612691018
295355755bed96b7,2025-09-29,1612691018
bc0a23bcfb1a8083,2025-08-18,1612691018
37df068511fa03f2,2025-12-22,1612691018
92fd4ab9e0851e16,2025-11-24,1612691018
1711e70ed8fe2926,2025-10-27,1612691018
6cf79d3f228acbe1,2025-11-03,1612691018
f1905c5830f1d5d1,2025-10-06,1612691018
d256e22c0b3988f0,2026-01-18,1612691018
e576114662d19f93,2026-02-09,1612691018
1bbd1f8b8ccb2c2e,2026-01-12,1612691018
edc2a7cec1cb2373,2026-03-16,1612691018
1111a197f853a0fd,2026-01-26,1612691018
1c6ab4259a16ae22,2026-03-09,1612691018
0a3d5913122e3bf7,2026-05-04,1612691018
c2fbc3443f3ceabe,2026-05-18,1612691018
8a2cc8ee8fec78e3,2026-04-27,1612691018
45d03bb492cb4d5c,2026-06-22,1612691018
7f432844b4673ef4,2026-06-15,1612691018
207570991a2e3286,2026-06-29,1612691018
86a1a0c27d5a9362,2026-07-06,1612691018
67a9d731a8c38cff,2026-07-13,1612691018
16fc0ad80e1fbe85,2022-03-07,1614844654
3952f54ab278cbd9,2022-03-19,1614844654
80851f47f2c20584,2022-02-21,1614844654
7faa82be9d38e606,2022-03-26,1614844654
979bfa230aa9817a,2022-03-12,1614844654
d466b7e0e0fc429a,2022-02-14,1614844654
1da4171598af800e,2022-06-18,1614844654
12c9a648b72b37a2,2022-06-06,1614844654
5651d764491706d5,2022-05-14,1614844654
656ee82b29913841,2022-06-11,1614844654
3bb059a8f56fb92b,2022-06-05,1614844654
9b5cd87e018cc481,2022-05-07,1614844654
3f59e7efce7725f5,2022-08-13,1614844654
f2b08e4580b95848,2022-09-17,1614844654
1656d3562ecb6f29,2022-08-27,1614844654
95c055688c16abeb,2022-08-06,1614844654
e488dbe56866451d,2022-07-23,1614844654
533b660983083267,2022-12-10,1614844654
646fa6b63c872f7e,2022-12-03,1614844654
554a3af2d89ac6d3,2022-11-05,1614844654
1034a073aa61c6d1,2023-03-25,1614844654
e78ab564446432c2,2023-01-21,1614844654
e0eaf7a716a95725,2023-02-04,1614844654
fcbc49ec9791fc23,2023-01-14,1614844654
7930dd542675ae94,2023-02-18,1614844654
970104ee0a0f61af,2023-06-10,1614844654
4c5cbef41099a9c3,2023-05-27,1614844654
bde362d76a820525,2023-06-17,1614844654
a0c839f1f3824c45,2023-06-03,1614844654
c3b03de3fd324566,2023-07-22,1614844654
b032a508fbd7b9c6,2023-09-09,1614844654
90fc1561e8b9613c,2023-09-02,1614844654
aa2e11b6a455d061,2023-08-12,1614844654
3926a99de690a08e,2023-11-25,1614844654
23e5431f78563659,2023-12-16,1614844654
8da777c0c06ca306,2023-12-30,1614844654
f14eb743c700b0e2,2023-10-21,1614844654
09617bc2cb33cc00,2024-03-23,1614844654
49c64035618fdab4,2024-02-24,1614844654
ca102841de34e6af,2024-03-16,1614844654
77360908ac814f51,2024-01-27,1614844654
aaa71518783a4429,2024-03-02,1614844654
17fce05a92da7505,2024-04-13,1614844654
16ef5ed0f1645e93,2024-04-27,1614844654
4d0deb05bd67f621,2024-06-21,1614844654
84aaa199913042b6,2024-05-11,1614844654
6ef0cfd48bc7a484,2024-04-20,1614844654
4b72881a001f07e3,2024-09-21,1614844654
346a4722b2bf4932,2024-08-24,1614844654
6087eb1f53e5f77f,2024-08-31,1614844654
d77acba2b5a91ee4,2024-08-10,1614844654
73120f0d4751bede,2024-08-02,1614844654
6ff3ae2d5db8aca7,2024-09-07,1614844654
ad07c7f5ca258c72,2024-10-04,1614844654
86d93b6ec91010e7,2024-11-16,1614844654
7ac7262619e7c908,2024-12-07,1614844654
720233726a6639c1,2024-10-12,1614844654
d7315a4e3be3f603,2024-11-02,1614844654
fc95c6d3dd76d775,2024-11-09,1614844654
77aea83892170aa0,2025-03-08,1614844654
70bb050434ac455d,2025-02-28,1614844654
f2e1f6ed372a676c,2025-02-15,1614844654
78af8c3a40130d08,2025-03-22,1614844654
f54d94b3c29b6883,2025-01-31,1614844654
1580605d3685c237,2025-02-22,1614844654
5ac6c0adb3f768f4,2025-06-22,1614844654
5b65dffd14d75061,2025-04-05,1614844654
0fb9a3241db50a69,2025-04-26,1614844654
7b3d17ad03fb29b7,2025-06-15,1614844654
901edd73f112e364,2025-05-10,1614844654
50895fd04388f76a,2025-06-27,1614844654
441d72d9c5be2aed,2025-09-29,1614844654
de8e8322b8653109,2025-07-12,1614844654
0440f9d3f2bc5809,2025-07-26,1614844654
3032d89d656accef,2025-07-19,1614844654
332334422262b1fa,2025-08-16,1614844654
d9690ecc6598725e,2025-08-09,1614844654
a7874fbb3602873b,2025-11-22,1614844654
54bca31c730216d3,2025-10-18,1614844654
4ff216becf24ec33,2025-10-09,1614844654
06dec2c15fe3262e,2025-12-12,1614844654
8d7ce550555260ae,2025-11-15,1614844654
0729e096cadb9f97,2025-12-06,1614844654
9498fd6c5f68b072,2026-02-19,1614844654
4b2caf71286c89e8,2026-03-14,1614844654
4be9f9c153f1dc23,2026-01-24,1614844654
5c71bf215dc433a2,2026-03-07,1614844654
ecab240d05aaab38,2026-01-17,1614844654
b10cfe9c7f3d8607,2026-03-05,1614844654
e811ce21daf7a304,2026-05-09,1614844654
f73dd31045931f22,2026-06-06,1614844654
83ecdc2bce6e2a08,2026-05-23,1614844654
9f2bbc83f532efed,2026-06-27,1614844654
d71d6647e93794b1,2026-05-14,1614844654
65f067c1933dc47a,2026-05-16,1614844654
f8a23a6975717868,2026-07-11,1614844654
d3753bc2e1a81345,2026-07-04,1614844654
10159f0e240f72b4,2022-05-09,1617887885
56fa7dacb2d17bc5,2022-04-29,1617887885
519cd887fb2df6c1,2022-04-06,1617887885
e1584aef5f594c68,2022-06-09,1617887885
c63293acda06c0ec,2022-05-04,1617887885
2b57e9b1cc7736ea,2022-08-03,1617887885
1c62c13cecd88bdc,2022-09-19,1617887885
1fac1fc35354a662,2022-09-12,1617887885
8fd967e981bff104,2022-09-13,1617887885
74785411b16a4205,2022-07-27,1617887885
ed2821a3751f5b81,2022-11-30,1617887885
4c3bf159f3b77eb4,2022-10-18,1617887885
c00c10196dbb0ce8,2022-12-15,1617887885
5a6eb163d9a8e42e,2022-12-02,1617887885
9be0872ac97b6217,2023-02-02,1617887885
e1b1dc85f26c1087,2023-02-17,1617887885
3c24fe2d026a79f1,2023-01-09,1617887885
b738d1c4a777150a,2023-01-13,1617887885
d70755464c8270d7,2023-01-04,1617887885
1816f7b9e2cd9335,2023-09-26,1617887885
e7e994d909e7e0f2,2023-09-20,1617887885
4fdeee9b554f1569,2023-09-21,1617887885
320bfb73a1fa3927,2023-09-28,1617887885
980cdaa3b6f28fd7,2023-09-14,1617887885
c99b024c5a89a88d,2023-11-09,1617887885
c9329ed2b94e81a3,2023-12-23,1617887885
464e343dd66215e4,2023-12-22,1617887885
edcc5f830f7d4eb4,2023-11-01,1617887885
d1644c7884b0f167,2024-02-06,1617887885
f55748073862bb3e,2024-03-12,1617887885
b00d96a39f542a88,2024-02-26,1617887885
f854585a307c0aad,2024-03-06,1617887885
2f101ae9e57dd078,2024-01-19,1617887885
aed2554bf7489e89,2024-04-26,1617887885
f9f9116c248a3750,2024-04-30,1617887885
63aa74781cd092ae,2024-04-04,1617887885
b38b6939b334e48d,2024-05-15,1617887885
94c17b1f41ad6530,2024-04-08,1617887885
2678922296525ea0,2024-07-02,1617887885
fe6d0c835a35d5ef,2024-08-13,1617887885
cbc6699de813fac1,2024-07-02,1617887885
aef237d03eb234ee,2024-08-01,1617887885
67d0de7181ecf71d,2024-08-22,1617887885
bc9b36c87cad7c8b,2024-07-22,1617887885
5ff309bf07f39d75,2024-11-15,1617887885
f86f7b3f703e84e5,2024-11-29,1617887885
014e90d5c68000a0,2024-12-19,1617887885
1f496ce8a3acbed1,2024-10-25,1617887885
ed5be10c17d3b70e,2024-10-02,1617887885
a39a9fdce4367338,2024-11-27,1617887885
843ec1c619e67e89,2025-01-04,1617887885
b3cb746fabac2c26,2025-02-26,1617887885
180b1b7c49aedcc6,2025-03-21,1617887885
0032acbb870c75d1,2025-03-12,1617887885
23cc9996d42fa3d9,2025-02-21,1617887885
84580859fc104206,2025-01-11,1617887885
69ca9c348bb5c47a,2025-06-11,1617887885
a1e96ce69b73ddec,2025-06-14,1617887885
b2dca655ace69369,2025-06-13,1617887885
8cdc16e4e5fb7b12,2025-06-20,1617887885
4655569af42af895,2025-04-26,1617887885
3d888391141bb61a,2025-05-05,1617887885
2b4d8e7912633a41,2025-09-09,1617887885
d98a30e4ec170a34,2025-08-22,1617887885
a228085f29f99f57,2025-08-18,1617887885
f832fe710e89994b,2025-09-24,1617887885
a1e93c8df0f2da7e,2025-09-06,1617887885
3db340b1d2c6f42f,2025-08-02,1617887885
06de3cb91cb01263,2025-10-06,1617887885
6e86c6b4e5809b33,2025-12-03,1617887885
d09c97a903eb143f,2025-11-27,1617887885
3936b0fc20ff4ed1,2025-12-02,1617887885
ba35e92e1567c3bb,2025-10-17,1617887885
c50431495468566a,2025-11-04,1617887885
3de4a6e7e60e9451,2026-01-29,1617887885
e2ed0df046f1950a,2026-03-09,1617887885
6e7fe9cc7427f311,2026-02-10,1617887885
1bdce9ef9f1fd6a7,2026-02-28,1617887885
e5277a12afc1e42d,2026-03-04,1617887885
2efc16db0fd9e60c,2026-03-31,1617887885
b24e63cb5de6a3a3,2026-04-21,1617887885
08137919eb7c93ac,2026-06-12,1617887885
eb704f03f40aa04c,2026-05-08,1617887885
a2ace471d3110b01,2026-04-16,1617887885
8f111532285865e9,2026-04-14,1617887885
05a9ae93466d12bf,2026-06-13,1617887885
dc0e5dd25662c0a9,2026-07-15,1617887885
0fd2f40ac1b525f5,2026-07-11,1617887885
3d1e92ccc73ab410,2026-07-14,1617887885
1f88c290c45a6c42,2026-07-01,1617887885
cda599fc4d950412,2024-02-29,1623855270
ba4e6d8bd6dfd603,2024-03-21,1623855270
2f0c29ec49d2734e,2024-03-20,1623855270
8cee9becc775ff37,2024-04-18,1623855270
6af723268ec53ed1,2024-06-27,1623855270
bda8f9c469466753,2024-05-02,1623855270
fead830a803eb0fd,2024-05-16,1623855270
0fb43f60d0153931,2024-06-13,1623855270
925d77687bd99880,2024-08-15,1623855270
924fb57a2a6434cb,2024-09-27,1623855270
1121cfc7cf6150a4,2024-07-26,1623855270
9aab18668023a784,2024-09-19,1623855270
f8d3978428c1eb13,2024-09-06,1623855270
eb72ece7c7eb7707,2024-11-07,1623855270
52daa6ca3a6c08e5,2024-10-24,1623855270
2ada4f5aebd7b300,2024-10-10,1623855270
cb0f8dca114d7758,2024-12-18,1623855270
b5d6ddaf470232a4,2024-11-08,1623855270
24d3aaf1d07cddcb,2024-12-05,1623855270
315032b205f56261,2025-01-16,1623855270
c48713e332a048b6,2025-02-13,1623855270
573df59e6c5c00e3,2025-02-21,1623855270
610112cbe09d02f5,2025-01-09,1623855270
735bf66c6a2b13d5,2025-03-27,1623855270
36c5785def1dfcc2,2025-02-27,1623855270
c6fd1d720d5d0f84,2025-06-12,1623855270
73dafe3636228683,2025-05-22,1623855270
db5d2271de945fd5,2025-06-05,1623855270
2ebc9798325207bd,2025-06-26,1623855270
1d659437f5dce2b4,2025-05-08,1623855270
f59c45e37efaf242,2025-05-01,1623855270
e0af9c65577bef14,2025-07-03,1623855270
943b1d4bf3b28946,2025-08-28,1623855270
c3470dd8d29e50a4,2025-08-21,1623855270
7c4cee7f650f2299,2025-08-07,1623855270
8a90474f1d54adba,2025-09-11,1623855270
595c5893979d6019,2025-07-31,1623855270
44c810ffbfa40ce9,2025-11-27,1623855270
fc1000214a930ebe,2025-11-20,1623855270
1ce6424f3ef4e6ab,2025-10-15,1623855270
5e449b2b0fbf2e94,2025-10-09,1623855270
49fa778a1b42c2a4,2025-10-23,1623855270
24e799a1bf109208,2025-12-11,1623855270
618c6e8bef7025c2,2026-02-05,1623855270
1cf59f3ba7d66056,2026-02-12,1623855270
b74a186cfe1888ca,2026-02-21,1623855270
68976ff3c3086f18,2026-03-26,1623855270
aa1968b53553ba40,2026-02-26,1623855270
2e15198e5bf29720,2026-02-19,1623855270
a1a99dbd2412c3d9,2026-05-07,1623855270
0ca43cd0cecd7cf1,2026-05-28,1623855270
2bc61fe43d74168c,2026-05-11,1623855270
3adf92e28cd40858,2026-05-16,1623855270
913d74efb999d858,2026-06-11,1623855270
30ba415da412ca8f,2026-04-23,1623855270
a50653ca3a28485a,2026-07-02,1623855270
faa0ef6fec8b0a11,2026-07-09,1623855270
26c6531411339c54,2022-09-19,1633301179
c85d2896e13578bd,2022-08-19,1633301179
6c1a89afa29ab2c7,2022-09-07,1633301179
bf4b881fb5b55611,2022-09-20,1633301179
829c3f354b3c5d9a,2022-08-26,1633301179
e683666cbbab9e9a,2022-12-14,1633301179
79dcf46e4679fa4c,2022-10-06,1633301179
4277b9d7d25931fc,2022-10-29,1633301179
fd91bd11afaf7d62,2022-11-22,1633301179
2f16cf079e541392,2022-12-13,1633301179
8858bbf7042aebfb,2023-02-20,1633301179
1aee29507e551824,2023-01-12,1633301179
f770455d520e3dcf,2023-03-15,1633301179
f42659a636d124bd,2023-03-22,1633301179
66eaa834a1679afe,2023-01-20,1633301179
ca8b949f86d23c42,2023-04-19,1633301179
6fd1541284576bc7,2023-04-12,1633301179
e8985f96972da758,2023-06-05,1633301179
ab5357d250a685f3,2023-04-25,1633301179
3f55bb3888676d2f,2023-06-23,1633301179
50602f5698f87ef5,2023-07-28,1633301179
f093fb0a8a0abc9b,2023-08-22,1633301179
968e176c61338681,2023-07-19,1633301179
7d713bc5249f517f,2023-09-29,1633301179
729e3c2fcc6aa8a9,2023-10-24,1633301179
3e700923775a0dda,2023-11-29,1633301179
c345ae6d4171a529,2023-12-07,1633301179
617aabd140ba3a38,2023-12-14,1633301179
e9a6c2e1acbfbe52,2023-10-06,1633301179
2ff43afa0cf658f4,2024-02-16,1633301179
e48868668e2248d3,2024-03-26,1633301179
13b5b658d0eb1707,2024-03-07,1633301179
b3d03d2a192cdb73,2024-03-14,1633301179
edacdfddef1922a4,2024-05-21,1633301179
d8df77f49dff43e9,2024-05-01,1633301179
7e729c94c7678f4c,2024-06-14,1633301179
0a839ff2575810e2,2024-06-30,1633301179
1f5082d2d5d6f61a,2024-09-30,1633301179
8a28b2d1e2f479a2,2024-09-24,1633301179
79aadb42dc893b9b,2024-07-02,1633301179
932b7754316dd0b3,2024-08-21,1633301179
328b1798c1566fd0,2024-07-12,1633301179
de9e8bc345a94633,2024-07-31,1633301179
8ed4944d24fe8531,2024-12-05,1633301179
62cbd225462465fe,2024-11-04,1633301179
da2a860fd6c67954,2024-10-07,1633301179
54dff0925259dea4,2024-10-31,1633301179
5b3eebb70378addf,2024-11-06,1633301179
2c84b7ef5f09a11e,2024-12-09,1633301179
51b22a1a24b5b4f7,2025-01-06,1633301179
fc368e0da564a361,2025-02-20,1633301179
9cb1ad0c23904c10,2025-02-24,1633301179
25929dc4ff930bc4,2025-02-09,1633301179
69763b3067d209af,2025-02-03,1633301179
1536730ee13fda5e,2025-01-27,1633301179
72e6e89810e9de18,2025-06-23,1633301179
9aa4cc72e1fb28bc,2025-06-03,1633301179
a76d98043c65bf77,2025-04-28,1633301179
7a8d983ff6321770,2025-06-05,1633301179
b592348b8d310197,2025-05-22,1633301179
653be7d6dd553992,2025-06-02,1633301179
8681d627ffaef4c6,2025-07-31,1633301179
bee33d14cc056c94,2025-09-29,1633301179
8b6f62ba4297c5cb,2025-07-24,1633301179
7f6f68373358fe47,2025-07-17,1633301179
6ecee6bf31883392,2025-07-21,1633301179
9d41ac64cf1847fe,2025-08-14,1633301179
172f05f131637cb9,2025-12-15,1633301179
dda936c668d7dc49,2025-12-22,1633301179
05766a695209a194,2025-12-11,1633301179
f4ac64d521563640,2025-10-03,1633301179
97cb88f48eadcf4a,2025-10-30,1633301179
c35fdcce68955de3,2025-11-20,1633301179
f673243f797d844c,2026-02-12,1633301179
84cc954ab407f2d2,2026-03-16,1633301179
7ee44f2e5c6b85d5,2026-02-09,1633301179
8c0e0d097df7ac28,2026-02-19,1633301179
667389d5fe3c6d8c,2026-01-12,1633301179
f7798d47c2824e1c,2026-03-23,1633301179
b7d46ca3907fff4b,2026-04-23,1633301179
622af345084e6cbb,2026-04-02,1633301179
739d310158ddf615,2026-04-09,1633301179
f8d1013b07301222,2026-04-13,1633301179
e6f926149a01ed1e,2022-07-29,1634341981
8079f4883251b9fa,2022-08-25,1634341981
4906c87e7b937219,2022-08-15,1634341981
42fc0cec34a12542,2022-09-27,1634341981
46617d922cbf6b74,2022-09-02,1634341981
5ad9a95fce5358a6,2022-08-02,1634341981
4cca6512b6d2fe66,2022-11-29,1634341981
1bd528b93365995c,2022-10-27,1634341981
9ad3c197ebef460b,2022-10-21,1634341981
baa4e02e3eaab315,2022-12-28,1634341981
2b22a00cff83a7cc,2022-11-14,1634341981
8e3a6f7fe420254e,2022-10-26,1634341981
714492c2c826fc5b,2023-02-14,1634341981
c203a02b3395d1e4,2023-01-24,1634341981
7407af5009ede914,2023-02-13,1634341981
f81faf5c2b6ad58b,2023-03-27,1634341981
da5146be49470518,2023-01-10,1634341981
c982210c50b8d9d1,2023-05-30,1634341981
5e1071da916df69d,2023-04-20,1634341981
0e41b92edb834abd,2023-04-04,1634341981
0ec34f8962aae754,2023-06-19,1634341981
a2a37836a0b736f3,2023-07-10,1634341981
a59932f95fabb0aa,2023-08-01,1634341981
ca3dc85e679500fa,2023-08-11,1634341981
0bbd7a1a0f040ec7,2023-09-27,1634341981
d825ddb749366516,2023-07-26,1634341981
dfd1735251a47ac4,2023-12-05,1634341981
b74735929719c755,2023-10-12,1634341981
740fbab557f41dac,2023-12-07,1634341981
d22696aa8e372393,2023-12-08,1634341981
47b929330ae9a747,2024-01-23,1634341981
89a7cea7a973ab7f,2024-02-15,1634341981
2791dcbb10eacbb5,2024-02-20,1634341981
ec8b869653c0f17a,2024-03-07,1634341981
49b2488145bcca26,2024-01-17,1634341981
9910a13bf5e12cc6,2024-05-16,1634341981
d3b990abb1b88ea9,2024-04-02,1634341981
3dfce4f80d943f47,2024-05-15,1634341981
31d287be8437d0ed,2024-04-22,1634341981
a5d7224bb75ddfdd,2024-04-03,1634341981
1a3235a1944e81c6,2024-07-09,1634341981
b8725e8b26f62909,2024-07-31,1634341981
78c2387707dd558e,2024-08-06,1634341981
36ef7b03c5e4468c,2024-07-25,1634341981
19bc8b8e56dbcd95,2024-07-16,1634341981
512cc46fc62c9e57,2024-07-18,1634341981
2ac4db57cf4dc22f,2024-11-05,1634341981
46ee266e8907cd34,2024-12-09,1634341981
f06c1aeaa92f641d,2024-12-11,1634341981
e2e964f97c175503,2024-10-09,1634341981
15784efbab3dce23,2024-10-18,1634341981
20036d5d3404b42d,2024-12-04,1634341981
4d06f9b1dcff4f31,2025-01-07,1634341981
134b2ca50bf4999c,2025-02-27,1634341981
b123e123d3c5d8f7,2025-03-14,1634341981
4f4c925a228a734b,2025-03-12,1634341981
c4a00bc97b892940,2025-01-30,1634341981
0c598485a231a505,2025-01-03,1634341981
9d5a5dbf51982fb6,2025-04-04,1634341981
5fc079ca53e387d9,2025-05-29,1634341981
97cc99ea70293b95,2025-06-24,1634341981
1afbd782185f45ac,2025-04-16,1634341981
87d4dd81ea1a74de,2025-06-11,1634341981
6af36f6073e0783f,2025-05-22,1634341981
8fef50156440a609,2025-09-08,1634341981
19bc110831196299,2025-07-30,1634341981
d52b593406650fa1,2025-08-05,1634341981
b1fe1258ec8e19a8,2025-07-11,1634341981
7171fdec28e7e519,2025-08-07,1634341981
17daf574b7370440,2025-09-02,1634341981
14fae4b14eb209b5,2025-12-03,1634341981
2060a65e469a94cc,2025-11-06,1634341981
498a26b12ce3a963,2025-12-31,1634341981
c965ff99c41d7639,2025-12-08,1634341981
3f0a2df9cff99059,2025-11-21,1634341981
faee660736c85761,2025-10-17,1634341981
56c63846a958f099,2026-01-07,1634341981
363a2226ef126a7c,2026-03-04,1634341981
b73d0f6ce3eb339d,2026-03-09,1634341981
4711b03246d5a4b1,2026-01-02,1634341981
9bd57f6090f5fabe,2026-03-02,1634341981
9122dbb707e56877,2026-03-13,1634341981
202db3c4e25ad464,2026-06-26,1634341981
79762359912883eb,2026-06-15,1634341981
01f7efac93a11b96,2026-06-30,1634341981
9804ac9870a42a77,2026-06-10,1634341981
46753d0e69313546,2026-05-27,1634341981
7dc749229228114a,2026-04-06,1634341981
1b1b75f88d7604a6,2026-07-14,1634341981
549a85c58e456073,2026-07-13,1634341981
204c0a91cf5b3640,2026-07-06,1634341981
edcb8dc9deaf1f68,2026-07-10,1634341981
e2d1342adedd9906,2022-09-13,1635418897
0c38164e5cd55ab7,2022-09-29,1635418897
0045caef9dc49fe4,2022-09-08,1635418897
591d3e078f7fd9c7,2022-09-01,1635418897
4bf026ad753f068a,2022-09-06,1635418897
2ed2b472a87e4517,2022-11-05,1635418897
a96b5c9b16f8cdf8,2022-12-13,1635418897
08e804e047b886f1,2022-11-17,1635418897
17929c48414e4840,2022-12-01,1635418897
2ed392781dc406c2,2022-12-06,1635418897
8afdc1857a1bd6cb,2023-01-26,1635418897
1c57f4529d989c85,2023-01-31,1635418897
d2b577f096c2888d,2023-01-22,1635418897
e82c8fac5fabaa1f,2023-02-23,1635418897
56969bc3f5161c7a,2023-06-15,1635418897
eacc2a7558e90a69,2023-06-13,1635418897
0c6971f08d2a8e75,2023-04-27,1635418897
4e92712e30f468e5,2023-05-18,1635418897
e84a8e6106075821,2023-06-06,1635418897
974578c3fc9d8124,2023-08-17,1635418897
907bfcd56089828f,2023-07-20,1635418897
55e9ffc261f1eaa2,2023-09-14,1635418897
16bbefe2604ab78d,2023-07-25,1635418897
ec3de325259c0287,2023-08-22,1635418897
cd4bb56cf6c9ca22,2023-12-26,1635418897
b55160ded58d47cd,2023-11-02,1635418897
a3377427f73b289c,2023-11-09,1635418897
ddf84ca7dfb12ab7,2023-11-21,1635418897
0574e086c48279f7,2024-03-28,1635418897
17ba018c86002907,2024-03-26,1635418897
733387a3729090af,2024-02-20,1635418897
5abb820026146997,2024-02-22,1635418897
7485a5f21000ce32,2024-04-16,1635418897
e10f97e88b4b5880,2024-06-13,1635418897
fd32e6aec89122cb,2024-05-31,1635418897
54e75b0f6507a2c2,2024-04-18,1635418897
1ca566b032581823,2024-09-10,1635418897
4be010d4e3f3c638,2024-09-03,1635418897
9e464c7ee8d24dd2,2024-08-01,1635418897
13cb98c31abf5ff1,2024-07-22,1635418897
d1b6d4e146800dca,2024-08-27,1635418897
e7b5915be9956f7d,2024-09-05,1635418897
000868c56e810d5e,2024-10-01,1635418897
7bcbb4af39f0b954,2024-11-12,1635418897
08318388806a5b18,2024-11-28,1635418897
be9409245a6065bc,2024-10-10,1635418897
f9491db5a0ac043e,2024-12-26,1635418897
7eda206844000581,2024-12-17,1635418897
5decbbdaa2b292bf,2025-03-11,1635418897
93ab37ab02904d17,2025-01-16,1635418897
73e4502331f8aab7,2025-01-28,1635418897
321f924d6148eab8,2025-03-18,1635418897
68843e3223038535,2025-02-13,1635418897
8cbcc59edfb12105,2025-02-20,1635418897
5a9538695515ebbe,2025-04-17,1635418897
cd2e1749bca319f4,2025-04-10,1635418897
069aefc0289feb24,2025-06-14,1635418897
b1aa3eac383aa669,2025-06-10,1635418897
203ff9e220f9c758,2025-06-05,1635418897
a2a4b299f02ba1d6,2025-05-27,1635418897
fc5190c3ce64c4f1,2025-09-04,1635418897
e4c83451e1832115,2025-07-29,1635418897
4db35cefd7ec8a75,2025-07-10,1635418897
6e10f748727aee98,2025-08-05,1635418897
402ba6d3ed3aa664,2025-07-15,1635418897
6fe7b9fe0efa2a59,2025-07-22,1635418897
4bb844b6d3918942,2025-11-13,1635418897
beefc26126bada7a,2025-12-09,1635418897
32331640757482b2,2025-10-23,1635418897
591a587cf77e5044,2025-10-20,1635418897
4e4695e05c6c040a,2025-11-25,1635418897
f51a3c2b6f73c704,2025-10-21,1635418897
fb63e417aefc4b06,2026-03-01,1635418897
05c959caf7d87317,2026-02-17,1635418897
fa5d253665c2a7fe,2026-03-05,1635418897
cfb1f134de746ba7,2026-03-08,1635418897
fad973b3b1417514,2026-01-06,1635418897
9ce43a47fd1485bb,2026-02-10,1635418897
e8dd6ed78308118d,2026-06-23,1635418897
e944a7b9ac84c18d,2026-04-09,1635418897
b9d476ae5e781070,2026-04-21,1635418897
d8e3c4bca2a032b8,2026-06-25,1635418897
5ee8c48c4d046dfd,2026-06-02,1635418897
ed81f96872acda4e,2026-07-14,1635418897
6d67e27f5d623aa0,2026-07-07,1635418897
66a5fb00bc6b9e96,2026-07-02,1635418897
6f8b42663312ba49,2026-07-09,1635418897
3885ca917795c300,2021-09-27,1635446643
50576394803540ad,2021-09-26,1635446643
b62e52b67ad1c13e,2021-12-02,1635446643
25981f82e8db3b67,2021-10-26,1635446643
2d41ee77a948ae8d,2021-12-14,1635446643
e4a0cce692e4462c,2021-12-21,1635446643
8f00e4bab4e364f0,2021-12-24,1635446643
69ae9bf7a92eaa27,2022-01-31,1635446643
67db20c29cfe5b31,2022-02-21,1635446643
c3fe1fa60563ba3f,2022-03-30,1635446643
7b11f9c41bc70aaf,2022-01-11,1635446643
5873833023822e18,2022-01-10,1635446643
2ca6ae1f59b4ed35,2022-06-25,1635446643
d920956d32ebad17,2022-04-28,1635446643
ec955f611571c802,2022-06-20,1635446643
5b96b81f2e8f386b,2022-06-14,1635446643
326eb0b46d797681,2022-04-05,1635446643
d8d27239e16e19bd,2022-07-15,1635446643
055029735309f693,2022-09-09,1635446643
a465f73c8184e27c,2022-07-21,1635446643
b3b10dc9a69b649a,2022-07-01,1635446643
c8dffcec318e772b,2022-07-12,1635446643
cdfaaa274130fdc3,2022-11-24,1635446643
30677779c03fb648,2022-10-08,1635446643
14496f9f0e3e19de,2023-01-28,1635446643
9291a4310c0a85a8,2023-02-14,1635446643
68d06936ca6a6765,2023-01-16,1635446643
cc5c889b9b84d923,2023-01-02,1635446643
0102af5d815f2df3,2023-06-10,1635446643
ce5ad8200196a7a7,2023-06-04,1635446643
dcac251b41e3c272,2023-05-02,1635446643
94f4f58943da7412,2023-04-29,1635446643
ada380ee8bfc5ece,2023-06-25,1635446643
6bd8e87840f58ba5,2023-09-23,1635446643
b0db63e34f28a887,2023-07-23,1635446643
7cf0bee2d7730010,2023-07-30,1635446643
cf15d189f27e28f7,2023-08-13,1635446643
b97386807bb9c8f8,2023-08-20,1635446643
b063e017476d2d14,2023-10-14,1635446643
0dda7e7677777f90,2023-10-21,1635446643
3bdbd151df2642a5,2023-12-17,1635446643
a7ad9d602d7e3e66,2023-10-28,1635446643
6d7454b66524f709,2023-12-23,1635446643
e143b3f6c6f9b3db,2024-01-06,1635446643
f12c06a362415682,2024-02-17,1635446643
aa10a41eb1b2a008,2024-01-27,1635446643
756efabfddbc1fe7,2024-03-23,1635446643
c3660c207dd3266d,2024-02-04,1635446643
aabacf4352d0e7ef,2024-05-04,1635446643
76a38f66efffdeb5,2024-04-13,1635446643
9ba04357060f3e5d,2024-06-28,1635446643
c09bcaa0ad5a9267,2024-05-25,1635446643
bc7d237d073ffec4,2024-09-21,1635446643
5f309b2071f23a76,2024-09-20,1635446643
f0f59cbcbb7bfdc0,2024-07-27,1635446643
5295f6f72349826a,2024-08-02,1635446643
11811b59dd893109,2024-08-31,1635446643
07fccc2d2e181dd9,2024-08-24,1635446643
eb13708650727c3d,2024-11-23,1635446643
7fccdafce08669b3,2024-10-26,1635446643
8bf5c262ba1b39cc,2024-10-19,1635446643
9ab26a7526976608,2024-11-02,1635446643
df551ff6df1619fd,2024-12-21,1635446643
2e8e82aad95b2fd9,2024-10-12,1635446643
d7dab97142bc2fab,2025-03-08,1635446643
efc8e1c42589aaf8,2025-03-01,1635446643
a5995fae396eae7a,2025-01-25,1635446643
b67f3276205cbcab,2025-01-11,1635446643
3c0c85b112e35eff,2025-01-12,1635446643
855d60cec2249dd2,2025-01-05,1635446643
cb83dcd8c506f809,2025-05-03,1635446643
56c4f7ebdf258896,2025-05-10,1635446643
a4ba03febc589be7,2025-05-24,1635446643
048729153a1bd782,2025-05-31,1635446643
f01c17aae7f918ca,2025-06-28,1635446643
0b41da82d2402251,2025-06-14,1635446643
838107d96a7a7f10,2025-08-16,1635446643
f1c2332f685bde9d,2025-08-30,1635446643
bddb6d613f74f39f,2025-08-09,1635446643
b4c6b7315b58e29c,2025-08-23,1635446643
0b8def95acd7117a,2025-07-19,1635446643
038020d8ee61a142,2025-07-26,1635446643
6f62cc149a8a0db8,2025-10-29,1635446643
af2c94519078ee48,2025-12-27,1635446643
ccf431dca5bcd263,2025-11-08,1635446643
8a92430a9556c163,2025-12-26,1635446643
3c53d24de14295b9,2025-11-29,1635446643
ae7aba7c14eb5aa8,2025-10-18,1635446643
40438bad27e8b9a3,2026-01-10,1635446643
2fe66aca84ff7ff4,2026-03-14,1635446643
3b2e383ecd54db3e,2026-01-17,1635446643
923ed22280292896,2026-02-07,1635446643
ecf71af7eb8a5ff8,2026-01-03,1635446643
8994a878053e16b2,2026-03-28,1635446643
33278fad66f2cd5d,2026-05-02,1635446643
4f22c6cf0e1b7872,2026-04-29,1635446643
10f5a7476d909947,2026-06-13,1635446643
a27e6f5bbf6a2f56,2026-05-16,1635446643
49c3ef74288a0a55,2026-04-11,1635446643
d0332aa2de7ef08d,2026-04-25,1635446643
1ef867dcdecb4c3d,2026-07-11,1635446643
e69b1ff4e9aef477,2026-07-06,1635446643
c8854d7e7af3e8e5,2026-07-04,1635446643
f8b497ac7bfd8f5f,2022-07-28,1636762428
5a3a69e2625406c9,2022-07-28,1636762428
1b7c92eccb0347f0,2022-07-28,1636762428
43285ec9c267bf8f,2022-09-08,1636762428
395a5ff2b8231526,2022-07-28,1636762428
b8a6f45733409d30,2022-12-29,1636762428
700b70697dd4bf5f,2022-10-06,1636762428
62da69d2ad064053,2022-12-08,1636762428
5a87fd258a6e1a06,2022-10-13,1636762428
8d08885d58732885,2022-11-17,1636762428
26d7eae5857215a5,2023-03-23,1636762428
873c40defbdf1c84,2023-03-09,1636762428
c5fe41a9563f5e1b,2023-03-16,1636762428
7331dc1f38ac1b76,2023-02-23,1636762428
d38da9ea9f0c31ee,2023-02-02,1636762428
c4bf67619cc948fd,2023-06-08,1636762428
cdb781bd35a6b791,2023-05-18,1636762428
c743439dc123ab0c,2023-04-20,1636762428
2d7ce7b2e6de2acb,2023-04-13,1636762428
c4dd5684128909c7,2023-06-15,1636762428
0bb0000cd4114e84,2023-07-13,1636762428
7dd5bb416115bff4,2023-07-27,1636762428
f97dde0383282cef,2023-09-07,1636762428
6d6e5d8bd4823806,2023-08-10,1636762428
489fa6972f1389df,2023-11-02,1636762428
1ff696830a3d8589,2023-10-19,1636762428
f93c41e1e97ce4a6,2023-12-29,1636762428
3df3c4ec9d5c75e3,2023-12-01,1636762428
62e019b2eb9b216d,2023-11-17,1636762428
a660f25ef2462811,2024-03-14,1636762428
bff8d83f3f18b5ff,2024-02-29,1636762428
021af6ce12293116,2024-02-08,1636762428
6cf68c9be82cd2c7,2024-01-05,1636762428
c55bef4516edbae8,2024-06-06,1636762428
b296496e3fb7c7d9,2024-05-16,1636762428
4ae091d4bea02434,2024-06-21,1636762428
2a50892e2cda39e1,2024-06-14,1636762428
b3c88a8f41cd44ea,2024-08-15,1636762428
ff263f033ec157cd,2024-07-25,1636762428
81ec2f1a4e3c9d72,2024-09-19,1636762428
c4fb4de660a99478,2024-09-26,1636762428
ff0fb92627463eea,2024-07-18,1636762428
56ff65acabeba7d1,2024-10-10,1636762428
c4ef05173ef67101,2024-10-25,1636762428
b9090fc64b19dd00,2024-10-18,1636762428
d50dae93dc0e4567,2024-12-05,1636762428
1ed9591776c17a6f,2024-10-03,1636762428
7ec5c98de8bc9e82,2025-02-28,1636762428
8cfe532ff991a60d,2025-02-06,1636762428
f3e3014ef906d128,2025-02-13,1636762428
bad5887b5b58763b,2025-01-24,1636762428
7d9aa4f3c5bf0cd7,2025-01-17,1636762428
5e8f9299d2182a8c,2025-06-19,1636762428
8f07d3956d4da93e,2025-06-05,1636762428
75fef2eb2a91a0c1,2025-04-16,1636762428
88409765f4df0e7f,2025-04-17,1636762428
59bddc9a0525eaf5,2025-05-15,1636762428
78f8e47917d962f8,2025-06-26,1636762428
1affd5bdac3b5514,2025-07-10,1636762428
e684b892ff19526b,2025-09-25,1636762428
f41bfd1869126ed1,2025-07-31,1636762428
7b51f10af26bddaf,2025-07-24,1636762428
e395ecf37fa879a7,2025-11-27,1636762428
d63ec66f610e541f,2025-12-11,1636762428
698665c6fd1e954d,2025-10-02,1636762428
a8c8c56a03a6b880,2025-10-23,1636762428
dace1922db219530,2025-12-25,1636762428
4ba3a1709dfe4281,2026-02-20,1636762428
1d171badb1f03b57,2026-02-12,1636762428
fcc92cc7bd22635e,2026-03-26,1636762428
b2f423b6322bd177,2026-05-28,1636762428
7b6a00a5f534d78f,2026-06-11,1636762428
3762a4ca681ae27e,2026-04-17,1636762428
b9a50ff7b7e70bf1,2026-05-14,1636762428
8e1ab58e5bffb64e,2026-04-30,1636762428
874077d2c1a20a73,2026-06-25,1636762428
08c93e5f9998740c,2026-07-03,1636762428
838f2b33c39bdd55,2026-07-02,1636762428
0490ac9bc3a2c376,2026-07-11,1636762428
0f3a75930e4c0e8b,2026-07-09,1636762428
deb4ea0bbcafa13b,2022-09-05,1640311112
16087889efa9666b,2022-08-29,1640311112
d0de2a659c54ba90,2022-09-27,1640311112
6aef3ee9cb3ac72e,2022-09-13,1640311112
4e1f75bb697091be,2022-08-17,1640311112
f0c99676b51ffea0,2022-08-22,1640311112
0d343724891bcd10,2022-12-05,1640311112
83c1fcfd025ccad6,2022-10-24,1640311112
eea063344cd57411,2022-10-17,1640311112
d612b1f6a04fcf82,2022-11-21,1640311112
60137808d19a9c68,2022-11-07,1640311112
ee9d1bde30636f87,2022-11-14,1640311112
4d93007c93e70d68,2023-02-20,1640311112
a85c65367fb6cb8b,2023-03-13,1640311112
99ea203b2662911b,2023-02-27,1640311112
06f16b657b3429e9,2023-01-09,1640311112
29a851adaa83a7fa,2023-03-27,1640311112
950520711208a1e0,2023-06-19,1640311112
0ad126012294980d,2023-04-10,1640311112
0467a29fdbaee14a,2023-04-24,1640311112
6193df1ba3556df7,2023-05-01,1640311112
f9e1c943a258ed84,2023-09-11,1640311112
9ec74abcda77c320,2023-07-24,1640311112
543ebaef0044b074,2023-08-14,1640311112
7c1492033eb263ea,2023-07-03,1640311112
06a89a41331f2d8c,2023-07-17,1640311112
3d414d0fc2ac83dd,2023-11-06,1640311112
4b1545f40b1a693a,2023-12-04,1640311112
00f8dec20cd8d546,2023-10-09,1640311112
a3b0a643f03b64ca,2023-10-30,1640311112
905750657fbf7aa3,2024-03-25,1640311112
40115610cdfcef4e,2024-03-04,1640311112
912f7af6ecca2b89,2024-02-12,1640311112
8ce824e1f125098e,2024-01-22,1640311112
78b2b678b800f8b8,2024-01-01,1640311112
ec1cf75f330134ea,2024-04-01,1640311112
c49eb3857640390f,2024-04-08,1640311112
d0b232f86d8c458c,2024-05-06,1640311112
19a9145d6bc251ae,2024-04-22,1640311112
d98ae2203b411772,2024-05-20,1640311112
f71b85065e7339d7,2024-09-11,1640311112
48a570ee6f34b834,2024-09-15,1640311112
943b388168ea20e1,2024-08-18,1640311112
b4db5fcd66f44a73,2024-07-22,1640311112
ce782b0db6b4811a,2024-09-29,1640311112
508edfcb7a00cf8b,2024-08-26,1640311112
21fc7897e3d09d04,2024-10-13,1640311112
1015fb38468fdbae,2024-12-30,1640311112
2ec063ca92eecbd9,2024-10-20,1640311112
b31e42ecdf4df490,2024-11-03,1640311112
5db6b4811db1edac,2024-11-06,1640311112
29aae96e39684ddf,2024-12-08,1640311112
c5d27b2f74693ba2,2025-02-16,1640311112
a0823c4b4b12f9f3,2025-03-17,1640311112
49ce7bf2ec651c5a,2025-03-30,1640311112
1c5b51e02f8377db,2025-01-19,1640311112
280c5f2c3f03a211,2025-01-12,1640311112
865ce8cd532de8d7,2025-01-26,1640311112
3787cc54b1a58edd,2025-06-01,1640311112
14f07664f27adfab,2025-06-29,1640311112
a1a29eee07c946c5,2025-05-05,1640311112
61856a54e0cc4c4f,2025-06-08,1640311112
c66d35af60aa37f7,2025-04-20,1640311112
f5db969fd87444c6,2025-05-25,1640311112
fe30c9d303e24cdc,2025-09-07,1640311112
0e8311659f8419dc,2025-07-13,1640311112
8ee120c6910cb2e6,2025-09-21,1640311112
31d64c6a59bfd6ab,2025-07-20,1640311112
4889c414826285d4,2025-07-06,1640311112
5b89324df44f5117,2025-08-31,1640311112
7fbcb2e3765df33e,2025-12-17,1640311112
2c2231ce0c065985,2025-10-12,1640311112
4a51fa256b8310f1,2025-12-11,1640311112
1829c851499b4ff8,2025-12-04,1640311112
dcdb6851a857ddd0,2025-12-24,1640311112
4fd45860b67be292,2025-11-16,1640311112
35649c9053fce06c,2026-02-05,1640311112
43a485cbea9d012c,2026-01-25,1640311112
6b7f0617a06b113e,2026-02-01,1640311112
ef19488d3b781a70,2026-02-19,1640311112
bde04e23bcae2da9,2026-04-15,1640311112
2186ba7c71ad5efe,2026-05-17,1640311112
b6068411d10fb79f,2026-06-24,1640311112
b4d8d644dbb8629e,2026-06-10,1640311112
8401fbd7573ba3fb,2026-06-14,1640311112
7d4fdb196b2ab714,2026-04-12,1640311112
b118b269978b28d0,2026-07-12,1640311112
0f095e83bc731c71,2026-07-01,1640311112
5dbc5bdcde7c694c,2026-07-08,1640311112
67fbf5038343e37e,2026-07-05,1640311112
8157cca9215dfe19,2022-09-26,1645614328
d304f0103677dd6c,2022-09-28,1645614328
c105f212d8a96400,2022-09-30,1645614328
370ee108b4d85748,2022-09-16,1645614328
31d1689992fd15ed,2022-11-09,1645614328
80e1797a85ae24f0,2022-12-09,1645614328
bce31ac2caf7cb23,2022-11-11,1645614328
3dc042fa0754c02d,2022-12-26,1645614328
68224a2fc0722cac,2022-10-10,1645614328
b3d5c82b3c4b19a2,2023-03-31,1645614328
33ae312f3a6b7699,2023-03-08,1645614328
7ca85ee9b1cf3ceb,2023-01-06,1645614328
f24e46baadfb0155,2023-01-18,1645614328
b13910f4762dbc0e,2023-02-28,1645614328
beb9d571408a2762,2023-04-17,1645614328
c8fcce029a88f782,2023-04-26,1645614328
a31b73b3d2192f39,2023-05-17,1645614328
cbca7c9f2faf7079,2023-05-01,1645614328
555a147692778de9,2023-07-10,1645614328
e32e77cc38e34842,2023-08-25,1645614328
d2ae14d260bd8a14,2023-09-26,1645614328
07ece3d05808b7ba,2023-08-28,1645614328
82df5889e187299d,2023-07-05,1645614328
154e41b02b8ff88f,2023-12-20,1645614328
a3781e4e272e7201,2023-10-02,1645614328
8214ab518f8f6c21,2023-10-16,1645614328
8c87d005c5db1f15,2023-12-25,1645614328
65ae9fd3333d3177,2024-01-31,1645614328
76dd127f5341b218,2024-03-11,1645614328
2f7b8c6cd3c903e7,2024-03-25,1645614328
2182a43f9cba1dc1,2024-03-22,1645614328
1c49ba795cd26a8e,2024-02-19,1645614328
97f4b8d73cf2241b,2024-05-29,1645614328
6d675a37fa482b78,2024-04-01,1645614328
1d4c8b8663ee7038,2024-04-10,1645614328
cf718c14d6a78dbf,2024-06-12,1645614328
a1686707f8fd4f51,2024-09-28,1645614328
4ac0ad4895cd8974,2024-07-29,1645614328
dfd482ad98bcec6e,2024-07-21,1645614328
4bf52a3f764e40e9,2024-09-26,1645614328
408949a96b481a81,2024-07-26,1645614328
74230af7c7ec3e51,2024-09-16,1645614328
1bc733c8619506ad,2024-11-09,1645614328
cdabdf77dc63cee2,2024-12-02,1645614328
1202c21acaa6bf4a,2024-12-19,1645614328
47aa3da7d7a8d2aa,2024-12-12,1645614328
9c76f25c94148dd1,2024-12-23,1645614328
0f6e5731b8d400bf,2024-10-05,1645614328
1da6a0a19e1adf90,2025-01-11,1645614328
13ba020df2d52072,2025-01-25,1645614328
22e4b961e9f2bb48,2025-02-20,1645614328
04e9752ec7d85c85,2025-03-17,1645614328
9e06d0cdbfcb6c7b,2025-02-12,1645614328
5c7de25a8b8df3aa,2025-02-13,1645614328
29a221cbcd2d7b58,2025-06-14,1645614328
3ee1f04a028e6be4,2025-06-09,1645614328
a85b6f72e93039ed,2025-06-16,1645614328
901a91f2823c4495,2025-06-04,1645614328
c0d2cae59f27e462,2025-06-30,1645614328
0b99eea6a4d603f5,2025-05-12,1645614328
cf69b14a172d7bad,2025-07-24,1645614328
9ba70b1ae6fa16cc,2025-08-20,1645614328
56955cce522bc4dc,2025-09-29,1645614328
cb7f8b3d82df9d52,2025-09-15,1645614328
57bcfe759911987e,2025-09-04,1645614328
fe6acc313931d4a6,2025-08-27,1645614328
8a46d76d4ae74801,2025-11-29,1645614328
69f87d6e001231cc,2025-10-23,1645614328
e55fdf6623b0cc57,2025-12-06,1645614328
adcc076977c39528,2025-12-03,1645614328
250a66467311646d,2025-12-04,1645614328
26933a86a51dd4d8,2025-10-04,1645614328
b9dedecfd6ca2b69,2026-01-07,1645614328
c60468047d11db46,2026-03-02,1645614328
d604483d5ba63544,2026-03-16,1645614328
b1ac3ff41092e1d3,2026-02-25,1645614328
5335eebfc60fbb50,2026-01-29,1645614328
f61557840d30db8f,2026-03-25,1645614328
f29b06ee5c3c755d,2026-06-15,1645614328
623e5bc497a0967c,2026-06-11,1645614328
f6d428558764f641,2026-06-18,1645614328
4de5d3b04ac5506a,2026-04-13,1645614328
7c9c4838e7cc3309,2026-06-08,1645614328
7d85b5ace03803c2,2026-05-02,1645614328
8c01e8935b530857,2026-07-02,1645614328
3e69c993b1e2b5d3,2026-07-01,1645614328
7725c791b68d420e,2026-07-08,1645614328
2a4167820a2fa737,2026-07-09,1645614328
cf5f5d28469e47db,2026-07-04,1645614328
0bb96de7498656e4,2026-01-12,1647025876
4787eecf3fe2efed,2026-02-05,1647025876
92a48dc03c960a5d,2026-02-24,1647025876
bec11928c6a2d122,2026-02-17,1647025876
de82b943c6dec225,2026-02-25,1647025876
296cc40e3ee9c883,2026-01-30,1647025876
ad9455eb24f3e175,2026-05-07,1647025876
da8e4b8d31bc57c5,2026-04-07,1647025876
e0f160cd6e4ff92f,2026-04-15,1647025876
ac2024126be03404,2026-05-07,1647025876
b6320ab744e0f91f,2026-05-19,1647025876
b8039760bae6001f,2026-04-13,1647025876
2d8204ca839953fd,2026-07-07,1647025876
fa4961f01e2cfbc5,2026-07-10,1647025876
fed03b12f8882628,2026-07-01,1647025876
790a3246c0e5863b,2026-07-10,1647025876
790fae3945a9a46d,2026-07-06,1647025876
62d2ddace77f93dd,2026-07-09,1647025876
4ca40a0fe251c305,2022-09-28,1647085571
242da469ccc486ec,2022-09-26,1647085571
8fdefa27e228c874,2022-12-22,1647085571
520df47fdc88c025,2022-11-16,1647085571
6ceba4604fcb4494,2022-12-07,1647085571
b68f1191c00f7bd7,2022-10-26,1647085571
63ddce3bf8fc1811,2022-11-30,1647085571
4f69c6b16a3942bf,2023-02-15,1647085571
04e48a5ccfb674ac,2023-02-03,1647085571
38d5f0c817f81b14,2023-03-26,1647085571
51008c7bc9952e67,2023-03-24,1647085571
f90e60fdadfa7d7a,2023-03-10,1647085571
4569d2ef33c18512,2023-05-18,1647085571
30ae57a48bf2d25f,2023-06-23,1647085571
b59b0fcf23c1c163,2023-04-13,1647085571
b188f6e62d1f97d3,2023-05-24,1647085571
38e6c17ab1f8fb69,2023-07-19,1647085571
50070629d040d19b,2023-07-09,1647085571
5476cd88baa36c3a,2023-07-12,1647085571
48efb709001b3673,2023-08-02,1647085571
8d150ead7979a743,2023-07-07,1647085571
6a861d35af080301,2023-10-25,1647085571
d01acb20272181fa,2023-11-10,1647085571
7bb255add50da0f1,2023-12-14,1647085571
35b6bc3db6243492,2023-10-22,1647085571
0d61511873ca15b9,2024-02-01,1647085571
a377904be2131e3d,2024-01-10,1647085571
595772edce67e25f,2024-02-23,1647085571
ace600776b3577fc,2024-02-09,1647085571
ff4ec9e0cde421c0,2024-04-19,1647085571
b8c9ed78bfc66d0c,2024-04-10,1647085571
feb5d090fdc7d00a,2024-05-18,1647085571
e32e7c5ae1c7858f,2024-04-05,1647085571
3345ba1c2c68c5ad,2024-05-22,1647085571
1d1b0f8e19ab2bae,2024-08-16,1647085571
bcb494f9896b4f7a,2024-09-11,1647085571
8668e1ab759b378e,2024-07-10,1647085571
b6ffc52a1363e6de,2024-09-13,1647085571
5784fce2c80e33e3,2024-09-20,1647085571
ab45f6104b60bd56,2024-07-31,1647085571
294b973f7a764050,2024-10-11,1647085571
2dfb1ae46f758854,2024-10-25,1647085571
4dc1d38fa8b347a7,2024-11-20,1647085571
42dc5c3835c0a21a,2024-12-18,1647085571
30842028c6049072,2024-11-08,1647085571
fffdaed9892aae73,2025-01-30,1647085571
54e6cbceaaf775b9,2025-02-19,1647085571
c391d0c8ce357892,2025-01-08,1647085571
ad6e513026ca28b1,2025-03-06,1647085571
7c71890bf475df39,2025-01-22,1647085571
55994657f087c83d,2025-02-26,1647085571
8be18fab1934e1f5,2025-04-30,1647085571
f416773befd2ad4b,2025-04-16,1647085571
3cbe3cf29f0bcb96,2025-05-22,1647085571
8daa08115d63ff37,2025-04-09,1647085571
3cc5b997c61efdec,2025-04-23,1647085571
e220f7e9e31620c7,2025-07-09,1647085571
124e1817e85baca9,2025-09-26,1647085571
a5dd2fd42ec2a7fa,2025-09-24,1647085571
50b388ef6e282262,2025-09-18,1647085571
99189ebb849afbb2,2025-09-05,1647085571
57859e07941cdf02,2025-08-08,1647085571
ab8a69156c5dfd05,2025-10-15,1647085571
0b71b00e1050a174,2025-11-15,1647085571
c99ba1cde926253d,2025-12-12,1647085571
bdd96c2b86749568,2025-10-31,1647085571
b56a30f834301f7c,2025-10-18,1647085571
6c37230ae9eba657,2025-11-26,1647085571
8799e9d3b6bb96fc,2026-02-14,1647085571
b0d4b04c0586dd54,2026-03-10,1647085571
c24c2a77930bbbdd,2026-02-21,1647085571
df39e916b2ca0b51,2026-01-10,1647085571
807d5afaa6134d39,2026-03-27,1647085571
5734ded2374c66b3,2026-03-13,1647085571
74c33c8931a0203f,2026-05-23,1647085571
429a4ae2cbe5ddc5,2026-05-27,1647085571
d91117ed361c064b,2026-06-24,1647085571
3886442f7bb318d3,2026-04-29,1647085571
b672c5eb40ac337f,2026-05-22,1647085571
5d28e57751a8a4d8,2026-05-05,1647085571
b39b62424a22d897,2026-07-08,1647085571
2fe58fa832d5cfb3,2026-07-03,1647085571
fe9b65ce90fcb6b9,2026-07-11,1647085571
95cf11069f042bb2,2022-11-23,1648125917
e24b2831cf216c37,2022-11-01,1648125917
459c086a2ad6baf3,2022-12-09,1648125917
f5fa4def578b9cc6,2022-12-22,1648125917
2019e8447779f7dc,2022-10-25,1648125917
f5c650cb8bb76140,2022-10-03,1648125917
dd5c33dd099ca4e8,2023-02-07,1648125917
c89e997eed6a0ec3,2023-02-24,1648125917
62c228699180f1e0,2023-03-24,1648125917
31bdaf215953be30,2023-02-21,1648125917
97d7244407ed6514,2023-03-23,1648125917
5b0612df8d03cddd,2023-02-08,1648125917
a1d4588e0d233a53,2023-04-19,1648125917
203ef0b07afa80cc,2023-04-20,1648125917
4577264770cc7ae4,2023-05-01,1648125917
53526391c188bb3a,2023-05-23,1648125917
ba3372de9fd60c98,2023-06-20,1648125917
ca1ab10c686ed128,2023-09-27,1648125917
4e886c60a68e2113,2023-08-14,1648125917
d92ab451f9c98c1c,2023-07-13,1648125917
1a38882c7480cb4e,2023-09-28,1648125917
4f0fbbb3215b318a,2023-07-19,1648125917
31d3bfdf067c42f1,2023-12-19,1648125917
af8bc2fb729a5923,2023-10-04,1648125917
118a21f51a8bb0c5,2023-11-02,1648125917
9009011e95ea7217,2023-12-06,1648125917
f7899bb12edc28bf,2023-12-05,1648125917
abae5abd49f46963,2024-03-22,1648125917
efa7267dc8a3d3c2,2024-03-13,1648125917
8dbe12fbe4ae956b,2024-01-28,1648125917
d827d8b2610cda80,2024-01-22,1648125917
f7b3631a9e0cebc1,2024-02-28,1648125917
3abbc27dd7aa7616,2024-04-24,1648125917
2381f9640f2c0350,2024-04-29,1648125917
428ee0e3a3751b51,2024-04-23,1648125917
9b96d9e205a39de8,2024-04-02,1648125917
13bcd4184faca456,2024-09-12,1648125917
345304f1cf1be1c6,2024-07-02,1648125917
5c1f72e032122d88,2024-07-15,1648125917
b52c75af3f72f7b4,2024-07-16,1648125917
981727ca6a22a006,2024-07-11,1648125917
f51b29fcc2548070,2024-08-14,1648125917
1ce5283e691f8081,2024-11-06,1648125917
f174597bffd03976,2024-10-03,1648125917
9e6ffeb388b55ca0,2024-12-10,1648125917
efa1f643d1d7d06c,2024-11-13,1648125917
79f6474e22ee68a7,2024-11-29,1648125917
a545af6407788746,2025-02-27,1648125917
492fed183fac3ac5,2025-02-11,1648125917
5ff0323897c6cef2,2025-03-26,1648125917
5920df6f56a3ec6a,2025-02-04,1648125917
406dadab172bd4ad,2025-03-27,1648125917
5605eb5259e7c182,2025-03-12,1648125917
42435a93280a0c3e,2025-04-04,1648125917
c35be7858fb33e23,2025-05-14,1648125917
b4eec9cec06ca187,2025-05-19,1648125917
27370edb4ab68b19,2025-06-09,1648125917
a6e190388c26456b,2025-04-21,1648125917
259dd161efea4764,2025-07-21,1648125917
5deb72eab7c10a25,2025-07-22,1648125917
8e0f3778a7e92346,2025-09-03,1648125917
ef3b877feaa164f6,2025-07-07,1648125917
b43ece4d2be7f7f2,2025-07-17,1648125917
e68928932ce82c7f,2025-07-10,1648125917
60adaebe8d2ee1ab,2025-12-17,1648125917
cb64f4d17089cee8,2025-10-01,1648125917
6037ba9b9dd7f6dc,2025-12-19,1648125917
9ab4dcece82d0317,2025-11-12,1648125917
0496ebd76e329717,2025-11-21,1648125917
da5f4017c860267e,2025-11-24,1648125917
97c2aa38bf4f2382,2026-03-05,1648125917
c67cb9265827ce43,2026-03-18,1648125917
775134c825e06198,2026-02-20,1648125917
88b8172990d446ee,2026-03-11,1648125917
d34bfc5758aa0330,2026-02-06,1648125917
3308fcc12e7209a8,2026-03-02,1648125917
85ed59e35bc1be31,2026-06-24,1648125917
db16c726f62855e0,2026-05-06,1648125917
1238c7fa440524a7,2026-06-29,1648125917
f8962bbf2a55fa51,2026-05-14,1648125917
4f459f687eeb4f3e,2026-06-14,1648125917
4e53da8488c5e957,2026-04-15,1648125917
1b7e58a630be5f47,2026-07-12,1648125917
3e2057f1732273ac,2026-07-06,1648125917
69b9324ab5c53838,2026-07-10,1648125917
07243c8c387319d8,2026-07-05,1648125917
b97fa897d1dafba3,2022-12-09,1654162813
5e316cf46ffb4714,2022-12-31,1654162813
1820bd39bcffdb3e,2022-12-17,1654162813
5a0ba09dde997b41,2022-12-24,1654162813
55193e7e0b6bbd92,2022-12-22,1654162813
7dfdd2ca2fedfbe1,2023-02-11,1654162813
cf25c3c4d4b1212a,2023-03-20,1654162813
b36e4b4d32e2c290,2023-03-22,1654162813
adcdb6c466fb7f01,2023-03-06,1654162813
7ac3513399bf1ddc,2023-03-27,1654162813
3f1fe52113cdb77c,2023-04-05,1654162813
31924fd5b77dda08,2023-05-24,1654162813
232c1c5f977700e7,2023-06-30,1654162813
297ee4ffd8d22c83,2023-04-17,1654162813
4b6592abeb41dd61,2023-08-03,1654162813
6cbc81db20c6a65b,2023-09-29,1654162813
65ebf8b2f32ebddc,2023-08-01,1654162813
86d6177c03f5d074,2023-11-28,1654162813
ed1a03ce5f13f8ab,2023-10-03,1654162813
8114e50d3021f5c3,2023-11-17,1654162813
4c8eecd2c67bf8bb,2023-10-09,1654162813
9f12212501c84bb3,2023-10-05,1654162813
9d072f3b93580e31,2024-01-19,1654162813
f38c3e7228b937b0,2024-03-26,1654162813
f8d0e3a4e3d40b17,2024-03-18,1654162813
14a75666c4220e38,2024-02-08,1654162813
9b16674d47847f44,2024-02-13,1654162813
bf1e8f3b96364afb,2024-05-20,1654162813
b73cec3e93d3b0b8,2024-05-29,1654162813
b949a64d3cf8db1c,2024-04-05,1654162813
072612949c493ee6,2024-06-27,1654162813
675bf9c7d78834d3,2024-05-23,1654162813
f1fcb81a6c7fb3e9,2024-07-17,1654162813
f18337865dcd7ecd,2024-07-16,1654162813
530476bc30bbebc2,2024-09-13,1654162813
01789075afcfdd1a,2024-07-12,1654162813
537b2be5761719ac,2024-09-19,1654162813
3cd31da03cf0cb5c,2024-08-16,1654162813
a4ac0bee761cffbd,2024-11-26,1654162813
160140f947fe0c36,2024-10-15,1654162813
ed6a3f645c1d2209,2024-10-29,1654162813
aa0f7e2f37180512,2024-11-08,1654162813
adc70a429ce657dd,2024-12-23,1654162813
6a34f8adb31880cc,2024-11-19,1654162813
895a22de7db13235,2025-03-25,1654162813
791d01d9e2ef3fa1,2025-02-03,1654162813
77b13fc4e2631840,2025-03-31,1654162813
66b1c4a9254b17c7,2025-01-26,1654162813
6e95d10af7bc7cfd,2025-02-24,1654162813
f32eeb2a7dce8fd2,2025-03-16,1654162813
c592c5f0bdceefa8,2025-04-10,1654162813
82095c6decc6fd18,2025-04-24,1654162813
ae64f207c3fc1828,2025-04-17,1654162813
65af19348eb565e5,2025-06-30,1654162813
21e3013590109f63,2025-06-09,1654162813
384ef06f1b63b494,2025-06-19,1654162813
a2b0c5bbd8499cd3,2025-08-27,1654162813
6e608f40f90d7222,2025-08-15,1654162813
0d393760cea09d61,2025-07-08,1654162813
a558113223531fef,2025-08-06,1654162813
44bda4b0056cffe9,2025-07-25,1654162813
3984973b8d81145f,2025-08-04,1654162813
c6313861f4cd4473,2025-11-13,1654162813
473e84980300e9c2,2025-12-23,1654162813
ca83893c508ba854,2025-12-11,1654162813
e183421f8c45bd1b,2025-11-07,1654162813
4f45a30d421fd1e6,2025-12-18,1654162813
7bb54ed21de4a73b,2026-03-19,1654162813
c08c8748ea5245e3,2026-03-04,1654162813
3f7ae8039d19bb8f,2026-01-28,1654162813
c2cb811b8e9efa35,2026-01-01,1654162813
4f76bde29fdbb188,2026-01-13,1654162813
512ef641e7cfe6d6,2026-03-30,1654162813
1bafbad873de45af,2026-04-09,1654162813
dbe68c8f416e6957,2026-05-12,1654162813
e35efd986cbbc29e,2026-05-06,1654162813
6b2c9c1301d26c4f,2026-06-15,1654162813
d1969996eb21c994,2026-05-05,1654162813
b758ef0d284587db,2026-04-28,1654162813
43c71f5123e4ce8a,2026-07-01,1654162813
a31f8532d2ceb37b,2026-07-06,1654162813
f30a5ac416176311,2026-07-07,1654162813
2c5cea8d9fe7b9a3,2026-07-14,1654162813
002fa01390dc47df,2018-02-19,1659250199
c3533d596a7bce05,2022-12-23,1660317917
e3761482c6d0dfc8,2022-12-16,1660317917
f39ae2ac06a68fe7,2023-01-06,1660317917
9ccc04f4ae26f864,2023-01-14,1660317917
4ecb372438e8da39,2023-03-24,1660317917
d3e55a58b3d69a9c,2023-02-24,1660317917
c7e9b016c237b25c,2023-02-03,1660317917
cde24d54b81af668,2023-04-28,1660317917
02d3c0edbd26ca5c,2023-04-21,1660317917
a01f746fcb3ac441,2023-06-09,1660317917
5890f9c136d08e9b,2023-05-19,1660317917
5ca4e81cb92c025c,2023-05-12,1660317917
563e8e1b957c5bd9,2023-07-21,1660317917
9ed8b37c041cf5c3,2023-09-29,1660317917
d27ed94f32f015e8,2023-09-22,1660317917
d5f4fe3abdad3de7,2023-09-15,1660317917
fb00101898659f26,2023-11-03,1660317917
11590bc122ad23b5,2023-10-06,1660317917
d15bd78d29edcdcb,2023-12-01,1660317917
14b4f61372a9a39a,2023-10-13,1660317917
6acb8f03f76402fb,2023-10-20,1660317917
47e44e2f2656e0cc,2024-03-15,1660317917
c0b4708e05b97e27,2024-03-01,1660317917
95c0b7d4ab77f419,2024-03-29,1660317917
f560bfa8b7f46b74,2024-01-05,1660317917
b18a417d12ea455a,2024-03-22,1660317917
3da64f530ea0be1c,2024-05-10,1660317917
277e37fea45564fd,2024-05-17,1660317917
b2adb9a494608e69,2024-06-21,1660317917
7b55ddb83748ae72,2024-04-22,1660317917
ab72d666314c7093,2024-06-14,1660317917
dfb868903a65b3d6,2024-07-26,1660317917
c9c3fcdf6f4a9a79,2024-09-20,1660317917
040dfeaaa5405254,2024-09-06,1660317917
a869f93c5d94e711,2024-08-16,1660317917
ae7500ced291c5ea,2024-09-13,1660317917
38b49b94f85cfb9c,2024-09-27,1660317917
da1400d6a627778a,2024-10-18,1660317917
c343a572fe3f1aa8,2024-12-27,1660317917
1954f346e6dc3c8a,2024-12-06,1660317917
1c616aeaa4ee8a50,2025-03-26,1660317917
39659cc30536c1b2,2025-03-20,1660317917
d760cc9589ffe0e6,2025-01-17,1660317917
7029eed6c383ad9a,2025-01-11,1660317917
9b1ebb8984a0a077,2025-01-17,1660317917
506e877386b95375,2025-05-20,1660317917
720188d73c1fb646,2025-04-11,1660317917
4d59fcc175dbd248,2025-05-16,1660317917
718ac8dfa3eebe53,2025-06-06,1660317917
34699d5cd65f5d59,2025-04-30,1660317917
d8cb6dbb445c514e,2025-06-24,1660317917
c574b40bd79f9b98,2025-09-03,1660317917
9df575757f5c0b7a,2025-08-12,1660317917
23e65bfe85331cfa,2025-09-26,1660317917
85490ceb3fa4f30a,2025-08-19,1660317917
ce7e248290b9981f,2025-09-08,1660317917
8bc076fec37a173c,2025-09-12,1660317917
4d504fb2c2f228a4,2025-10-13,1660317917
95c7c68fa9b7594b,2025-12-17,1660317917
886ac174e6bd3d3f,2025-11-14,1660317917
6530aeb475b218b7,2025-11-21,1660317917
6c389b5accc885fb,2025-11-17,1660317917
dec7f08eddf1a229,2025-10-24,1660317917
00fa838d090f6f0c,2026-02-27,1660317917
1f88a5934ced7b94,2026-02-12,1660317917
4d6e9ea907c286ee,2026-01-22,1660317917
2bbae94b029f39c8,2026-03-04,1660317917
77249c29cf4fc3fa,2026-02-26,1660317917
d7d684ad496449eb,2026-03-31,1660317917
8be38c655b20a300,2026-04-23,1660317917
55232bb21abe0ff6,2026-06-03,1660317917
0eb0287dcd16a020,2026-04-21,1660317917
6cd1ca26974051fe,2026-05-11,1660317917
3ea05c30fdf4001d,2026-05-01,1660317917
5cd1c76bc5c81897,2026-06-02,1660317917
e7f9768cc273842e,2026-07-06,1660317917
7b1c020dbd15d3e3,2026-07-09,1660317917
eefe8a76b67a1fd2,2026-07-13,1660317917
30bdb1f7b504e96f,2026-07-01,1660317917
f79b653ae6147dc1,2023-03-21,1669610956
0480dc9a8af119e7,2023-02-24,1669610956
08feea43f5ec41c1,2023-03-09,1669610956
6374dc86ad129b59,2023-02-06,1669610956
e2af04d2ac1f9941,2023-03-10,1669610956
8f1d07044c47ef2f,2023-04-21,1669610956
69ed8275213454c8,2023-04-20,1669610956
4afff1c366475297,2023-06-13,1669610956
dda12a548cf73eac,2023-04-14,1669610956
23bc9d732d930d9d,2023-05-22,1669610956
a6a5a333a3dbddd3,2023-07-01,1669610956
327480f2035cf7a2,2023-08-31,1669610956
d49ce9bfebadd9a9,2023-08-03,1669610956
8bf6071b28a2be5d,2023-09-09,1669610956
dcf55bef2b0d6637,2023-12-06,1669610956
448bb32526784c2a,2023-11-30,1669610956
985b5bc57d35c73e,2023-12-02,1669610956
076e06f0d8f4c797,2023-10-12,1669610956
94ed8e28a19c6df9,2023-12-05,1669610956
f82eb6678f058b22,2024-03-06,1669610956
defa1a5fcf3ecd3e,2024-01-31,1669610956
c273f557fbfd6f25,2024-02-24,1669610956
89d29231cb9cd4d1,2024-03-01,1669610956
e38afcb3f026bd53,2024-05-04,1669610956
a44d0d8782dd8b19,2024-05-16,1669610956
4721b454291bfc93,2024-04-12,1669610956
bc4e4a64799fd1a0,2024-06-26,1669610956
df82769da85f21e4,2024-09-12,1669610956
c593e254222ea7d9,2024-09-18,1669610956
e5f3c5112b174beb,2024-08-21,1669610956
ecce8ef3f8bca089,2024-09-27,1669610956
1dc0371e860fcb0e,2024-07-11,1669610956
93e82fd422f11f00,2024-09-24,1669610956
07a63e0b7838d0f7,2024-10-25,1669610956
1d6847460980352b,2024-10-04,1669610956
828482602c80f254,2024-11-02,1669610956
1cf17637c7d2f92b,2024-11-23,1669610956
5caeffe5779b135e,2024-12-06,1669610956
72e30b9e761ec00e,2024-12-11,1669610956
335384ea6159cc92,2025-01-07,1669610956
7c4210f4010fd8e4,2025-03-19,1669610956
40d25623063fbd3b,2025-01-18,1669610956
0eac76ed3f988ff2,2025-02-11,1669610956
2ac7e5d12b9e575a,2025-03-21,1669610956
d515acda24d14256,2025-01-22,1669610956
d04f5fb81278df74,2025-06-21,1669610956
709017a8056711f3,2025-04-24,1669610956
38206cb62db0c5e5,2025-06-11,1669610956
56c32a410b73970a,2025-05-20,1669610956
f391784496c76473,2025-06-03,1669610956
1d815afad4e8bc13,2025-05-09,1669610956
e041dd533a14f19b,2025-08-06,1669610956
eb05dc7775ee24a1,2025-07-01,1669610956
41480a6d5446222d,2025-09-11,1669610956
44c0dd0d85c487d8,2025-09-18,1669610956
48254f3e77a31f01,2025-08-05,1669610956
43ae47746c4ed962,2025-09-27,1669610956
fdfc86dfed8839a4,2025-11-01,1669610956
b367b7fef786f9ef,2025-10-14,1669610956
51d6da3d21ad1b22,2025-10-03,1669610956
1490fc0467ea8e9b,2025-10-16,1669610956
9ba3239f90f9b3cb,2025-11-13,1669610956
029ebde2358aadba,2026-03-22,1669610956
77ce93aa3e644ef2,2026-01-26,1669610956
3133c41e723237bb,2026-02-07,1669610956
31c561268f0e63c4,2026-01-03,1669610956
3c42965b674a8861,2026-02-17,1669610956
5220af93bb7edcaf,2026-04-18,1669610956
c7d5dbd91df26be3,2026-05-15,1669610956
66509b582bcd2fb5,2026-06-19,1669610956
8dfd99fd2c91e4bb,2026-04-22,1669610956
cdf03c8c0afbf2ea,2026-06-06,1669610956
0466ed97417460e0,2026-07-10,1669610956
981fe8eeb245d3b5,2026-07-01,1669610956
a4e9d23014473a2a,2026-07-03,1669610956
4fb8d115c76efa83,2023-03-26,1671451793
585477ef886c9eba,2023-02-26,1671451793
4d6aab9b258081cf,2023-02-19,1671451793
b8d88ef000f5b0b8,2023-02-12,1671451793
2a6f65496795599d,2023-03-05,1671451793
83287ec9eabcd351,2023-03-12,1671451793
c2880598d5bed589,2023-06-30,1671451793
ca8e8de6d92c85e6,2023-06-25,1671451793
522e9d03c214f35b,2023-04-14,1671451793
585929da78e0f8ea,2023-04-19,1671451793
d5ebeff402ab23ac,2023-05-07,1671451793
e4a4ab5523f5935e,2023-04-02,1671451793
bc65fa8e466ff0a8,2023-08-20,1671451793
1d5197df2a165b55,2023-07-30,1671451793
591fafb8c047ebb5,2023-08-18,1671451793
611cf60a18597581,2023-07-16,1671451793
e8e5368098f23a25,2023-08-06,1671451793
d29fd23dc9cbbce6,2023-12-03,1671451793
3907b80fdcd4a3af,2023-11-12,1671451793
b02dc45910e40419,2023-10-01,1671451793
7b046eddfab67749,2023-10-08,1671451793
3c45e51b42eb344f,2023-11-19,1671451793
ab9473f68f58614a,2024-03-06,1671451793
3be674135263c860,2024-03-10,1671451793
1876e6a68964ad33,2024-02-21,1671451793
30e5468a0cfab468,2024-03-27,1671451793
26f5a6582ef01379,2024-01-07,1671451793
08b004c1c276f93d,2024-06-12,1671451793
a6e1d19afa44bad8,2024-06-02,1671451793
60b6a107815c7358,2024-04-24,1671451793
a29454bb6c108fde,2024-04-07,1671451793
c376e7d0ae28aa41,2024-05-01,1671451793
1cfbcb6375a92dd9,2024-08-04,1671451793
d275ad26a6896d1e,2024-07-14,1671451793
d411019544c6c881,2024-07-03,1671451793
8501264a32e4b07c,2024-07-28,1671451793
b0e448585a36005a,2024-09-18,1671451793
5d3166400e2b64d8,2024-08-07,1671451793
aefef08da4f77aff,2024-11-20,1671451793
50b45e87b76bca30,2024-12-04,1671451793
8e469b6760723dad,2024-11-13,1671451793
0ace5910111ba79d,2024-10-23,1671451793
00c850a39e6f2927,2024-12-18,1671451793
7da819c2311a871f,2024-10-16,1671451793
0aed41fb5593c48d,2025-03-05,1671451793
092b6ffc73d24e0f,2025-02-05,1671451793
c0d330a9d9fcb14c,2025-01-22,1671451793
b966359a118081f2,2025-03-26,1671451793
958a8857a427502b,2025-02-19,1671451793
cca552cbf95d602d,2025-03-12,1671451793
bb29eb816db3d11e,2025-06-28,1671451793
21e2fa2f9a80ecd3,2025-05-07,1671451793
5430b471d48062c5,2025-05-11,1671451793
2d7b7348cb1e6473,2025-06-08,1671451793
5c1996dcc3437398,2025-04-23,1671451793
3ae49f262d6fb2b5,2025-06-22,1671451793
c55e879b67c44b89,2025-08-06,1671451793
f85bf17ff59ec166,2025-07-09,1671451793
4e882f211d89cad4,2025-08-27,1671451793
22f6f4a4c4e46746,2025-09-24,1671451793
1deacc8852688875,2025-09-29,1671451793
d58fdef9aad985e2,2025-08-03,1671451793
dc07cb9ad3b1da6f,2025-11-16,1671451793
9e83f66a2134f739,2025-12-10,1671451793
71559cae5c4372e6,2025-11-30,1671451793
8860ff1c42b87d80,2025-12-24,1671451793
5210cb2a1c8ae3d6,2025-12-03,1671451793
bbffb27be60fcac0,2025-11-09,1671451793
250b12e17deec48c,2026-03-18,1671451793
3429dd8942dabd4c,2026-03-01,1671451793
c204b08e2a65c470,2026-03-25,1671451793
1d582bfd56bd4091,2026-03-08,1671451793
8af8bd0956839422,2026-01-18,1671451793
29805d44b01bd20c,2026-03-29,1671451793
b87ebbe8a22a1b5b,2026-06-21,1671451793
907bfce9a8d13a66,2026-06-10,1671451793
472d9ccedef55c96,2026-04-12,1671451793
febd7a7040e813e4,2026-04-18,1671451793
5a16a27aa54d8eab,2026-05-13,1671451793
3b0fc2be915e5103,2026-04-15,1671451793
455ff38ab0f4fba1,2026-07-05,1671451793
2a39e4513a74329c,2026-07-12,1671451793
fceb8098c0ba6430,2023-02-24,1674095262
d5b080ea20283d30,2023-06-20,1674095262
c7f283c71851d8b6,2023-05-11,1674095262
32b8e031569da4a3,2023-05-29,1674095262
1aba26d14c768bf1,2023-05-17,1674095262
5a9375319031e0ca,2023-05-15,1674095262
38886cfeef9aceb7,2023-08-17,1674095262
b5a1d2ae91abe137,2023-07-27,1674095262
8516eef73275d7bc,2023-07-11,1674095262
4040eeafd64eac4d,2023-08-24,1674095262
c7d2194ad64b55e3,2023-09-20,1674095262
974640e17814806d,2023-10-20,1674095262
b13fe28bc3cddff0,2023-11-01,1674095262
c87fbc2cd287d117,2023-11-14,1674095262
454bb0b61e1202f7,2023-12-05,1674095262
a4240d2ed8567307,2024-02-08,1674095262
0c8bdec5f3831059,2024-01-05,1674095262
e24010ca69fea6ad,2024-02-05,1674095262
e631def184b107ed,2024-05-22,1674095262
ed7a844bec1989ba,2024-06-24,1674095262
65c3d995e4000963,2024-05-06,1674095262
e5795cf15adb4d38,2024-04-01,1674095262
4a66540905460b33,2024-05-14,1674095262
f2f78038a2ffe196,2024-07-19,1674095262
fbecdde0566abd09,2024-07-29,1674095262
116b94a32c7ed76a,2024-07-08,1674095262
7265afc4fe061cd2,2024-08-23,1674095262
a1104d74fc164b6a,2024-09-12,1674095262
a89b4d2f36e718a4,2024-09-03,1674095262
566a9729630741a4,2024-12-12,1674095262
47baf3b02518c03d,2024-12-24,1674095262
f95ac76b80cb82ed,2024-10-10,1674095262
15e3f0712246ba12,2024-11-28,1674095262
199d9afce8e1cfc0,2024-10-30,1674095262
e4747788fc2d722e,2024-12-09,1674095262
5f57a24d43f72861,2025-01-03,1674095262
3e314309f20c67d0,2025-02-05,1674095262
9fc4d14a8046eb37,2025-03-26,1674095262
cae18ea5bfb16afe,2025-03-14,1674095262
5f5cd417cfcab170,2025-01-16,1674095262
83f6faf846e55ebe,2025-01-30,1674095262
d2e405723e3ede2f,2025-06-12,1674095262
6d2fd0c2061f8065,2025-04-21,1674095262
bb5a0c0d02291bed,2025-04-07,1674095262
8f08229574065bad,2025-04-17,1674095262
b8324c1f7c775bcd,2025-04-09,1674095262
74bdd0198f6aca8c,2025-04-16,1674095262
175e24ad29fefa72,2025-08-26,1674095262
2f45216b76464d3c,2025-07-18,1674095262
9d827ede05d8881f,2025-07-01,1674095262
9198617e26b67ad1,2025-07-03,1674095262
3f93f7e5d6f5d34a,2025-08-01,1674095262
81943993d47153e7,2025-07-17,1674095262
465d334a825d798a,2025-12-02,1674095262
773ca62248546ca4,2025-11-26,1674095262
25be83c991a78d1e,2025-12-22,1674095262
e96e4ddb8dfc33ae,2025-12-15,1674095262
d33076a5a31d8e41,2025-11-11,1674095262
8c9d804a8842861c,2025-11-27,1674095262
446abeffe968745a,2026-01-13,1674095262
b9155001470abae5,2026-03-17,1674095262
96958c43bd72e2c5,2026-03-26,1674095262
59957586b047ee0b,2026-03-31,1674095262
7710684a5b1daefa,2026-01-22,1674095262
56952a1ad5c19541,2026-02-12,1674095262
f85a315a919d5731,2026-04-17,1674095262
8f444f0546b6cf91,2026-04-24,1674095262
2088607a1adb68e2,2026-06-09,1674095262
9df170f04ed4aa38,2026-06-04,1674095262
bd5db4d87037d990,2026-04-16,1674095262
810da0a2174f006c,2026-04-14,1674095262
8c43ec901c00b086,2026-07-06,1674095262
c54b0e5c28e70c3a,2026-07-07,1674095262
ce5ddb5608fafe47,2026-07-10,1674095262
6851a8b5d067e847,2026-07-01,1674095262
78f7c1caec42df7c,2026-07-09,1674095262
5392ebc9a9ba9968,2023-03-28,1679657705
beef44a953425534,2023-03-31,1679657705
afb83805c4c00d35,2023-05-30,1679657705
df48df195bd03f99,2023-06-27,1679657705
8702de383f03ad9c,2023-05-23,1679657705
fcc2ba4dba4818c3,2023-06-05,1679657705
cbf5bb844fa9fcaf,2023-04-05,1679657705
a8d334c67a041b60,2023-09-07,1679657705
18b2836f4c611690,2023-07-31,1679657705
167e107b672815f9,2023-08-02,1679657705
d4f83e42d2c62a3d,2023-09-12,1679657705
fd79d0934839325c,2023-07-28,1679657705
77c0715799274d17,2023-11-03,1679657705
3b09342f09c15f28,2023-12-19,1679657705
36ba0c542d713167,2023-11-28,1679657705
bb580174075e3ece,2023-11-20,1679657705
fb41a6c08ed59855,2023-11-21,1679657705
a4508474714064cc,2024-03-22,1679657705
a1d51699824db4ef,2024-01-17,1679657705
cf43d9c81e6dbc87,2024-03-12,1679657705
ca94dab78f9ae01b,2024-02-07,1679657705
b7f385318666aab6,2024-01-30,1679657705
e61eb781fe0108fb,2024-05-29,1679657705
52002cb3458ef91f,2024-05-15,1679657705
ee293cf70bc6d8cf,2024-04-25,1679657705
8d91d59f2ccdb37a,2024-06-03,1679657705
b6c8fbd68a4ca71c,2024-06-11,1679657705
5653e19345d928da,2024-07-30,1679657705
5b70a1d4b28e14d0,2024-09-25,1679657705
398aaa8a356a6c8b,2024-09-18,1679657705
624ad848abe450fb,2024-08-20,1679657705
7d31b02950484405,2024-09-10,1679657705
21e13fc425b38ed3,2024-11-04,1679657705
de6af61d5cf69dac,2024-12-18,1679657705
73592eb6979c1f22,2024-10-09,1679657705
8261157af598b160,2024-10-08,1679657705
d0aed2f23668bd32,2024-12-11,1679657705
6e86ad5aada9e09f,2024-12-24,1679657705
f1c9e5ce5adb69a3,2025-03-31,1679657705
68162eaf5a3edc23,2025-02-12,1679657705
926b022f1bf1ebc2,2025-01-13,1679657705
caf4a4cb56d63589,2025-01-28,1679657705
4e16856ddd8cc8ab,2025-02-05,1679657705
8ed301fc3c5dada0,2025-01-21,1679657705
67e02b8ffa053c9f,2025-05-06,1679657705
324fc2090cbff61a,2025-06-24,1679657705
2c59d37eddcd92f7,2025-04-22,1679657705
a6356a47b8af01a4,2025-04-15,1679657705
a55e171b60af345c,2025-06-04,1679657705
5b9804010eef6a14,2025-06-11,1679657705
36c88044fb04930f,2025-09-23,1679657705
1eab965e99adf290,2025-08-19,1679657705
9e6e1ef97ebe0874,2025-08-27,1679657705
d9bd9d6e75199472,2025-09-30,1679657705
f6f6bc82a5ab7af2,2025-07-29,1679657705
33817b69f48aaa6d,2025-12-03,1679657705
5f1314e3ebf75592,2025-10-21,1679657705
fc02f0fcee828332,2025-10-08,1679657705
8b17a12bba95481d,2025-11-24,1679657705
1ed32cd1d61ba881,2025-11-05,1679657705
975d8fe701948726,2025-10-20,1679657705
3a4b7e704648d435,2026-01-06,1679657705
cdb6af1ffd241838,2026-03-10,1679657705
0dcd6633774241af,2026-03-24,1679657705
92df96de91c5a44e,2026-03-17,1679657705
7b5a0dd4399a999d,2026-02-05,1679657705
b7c0ee55deb5130d,2026-03-04,1679657705
ae8fb02bba3a0f93,2026-05-26,1679657705
28c5252ce7ce5514,2026-04-20,1679657705
7e1324944c24b109,2026-05-05,1679657705
cabb1719f4a92481,2026-04-07,1679657705
e05d94f1aee9cef0,2026-06-08,1679657705
e545743c63528403,2026-06-16,1679657705
9e70c754074d6bd6,2026-07-06,1679657705
5146f85c6b5fe7e1,2023-06-04,1681586867
dccc759f03c42a96,2023-06-28,1681586867
c3767ce1a23a7a67,2023-05-26,1681586867
49b480202802b9ab,2023-06-08,1681586867
9cc5f7a36b4d74d6,2023-06-21,1681586867
4cb8d1b8e5836ef7,2023-07-03,1681586867
24cb026eebfdf6e5,2023-08-22,1681586867
a6a048c897571123,2023-07-11,1681586867
581def93bf70448d,2023-08-23,1681586867
19eb017611439554,2023-08-02,1681586867
d3783f9fd5992c0c,2023-12-12,1681586867
a4685fe293f5a56a,2023-12-26,1681586867
99e4d1ecee2dc659,2023-10-19,1681586867
183e0089f80b95af,2023-12-30,1681586867
596557beed364997,2024-02-01,1681586867
d575fa3500ae5592,2024-01-05,1681586867
f29d59be7850d095,2024-02-08,1681586867
6ccf2bae66c74b33,2024-02-16,1681586867
3098f29b08cc9720,2024-01-06,1681586867
f816a110df248209,2024-04-25,1681586867
0e5d1432f4583ac1,2024-06-25,1681586867
b72cf47fc82d890a,2024-06-11,1681586867
a02b755c62710e30,2024-04-10,1681586867
6eec2caf84ae5c10,2024-08-26,1681586867
54a0f836b09384bc,2024-08-13,1681586867
755c242a8c0bf1f4,2024-08-17,1681586867
c2582660978506eb,2024-08-10,1681586867
0f67cb6d9672f05a,2024-09-07,1681586867
1f6ae3433fc17e16,2024-08-14,1681586867
eb4fe36dc6804f38,2024-11-09,1681586867
3552ebfd26457b57,2024-10-04,1681586867
59f0fd8416205e7f,2024-11-19,1681586867
de835ee065b0e6da,2024-10-09,1681586867
41a643977249576f,2024-12-21,1681586867
d3660ce7dc2071f2,2024-10-03,1681586867
1875543cb101a392,2025-03-29,1681586867
1365378d2853f667,2025-01-30,1681586867
9cdcf06b97c9cf3d,2025-03-21,1681586867
c63362e601720de8,2025-03-26,1681586867
d61df857d76405af,2025-02-17,1681586867
46fe481f4e9da9da,2025-01-31,1681586867
14d083017647735c,2025-05-23,1681586867
650c0619cf8e786e,2025-06-23,1681586867
108c37279a840942,2025-06-19,1681586867
bf2fd339e0d18bb5,2025-06-03,1681586867
256b90228dff4997,2025-06-25,1681586867
83707cea26ec59f7,2025-04-07,1681586867
671430ec160a7832,2025-08-04,1681586867
8b9333ae9b413e1e,2025-09-18,1681586867
5aecdfdcb641d519,2025-07-25,1681586867
10287826b038930e,2025-08-06,1681586867
037680a9bd67053c,2025-09-07,1681586867
6c820efb981f146b,2025-09-15,1681586867
3235d7a1317cebc1,2025-10-16,1681586867
778104e9da5cd692,2025-12-24,1681586867
f3423d4d73556635,2025-12-08,1681586867
2554e1aa899d29ee,2025-12-15,1681586867
20a16d3a7780dc0e,2025-11-01,1681586867
1c17e19c70c0651e,2025-12-23,1681586867
8cbbf633cb94f75e,2026-03-28,1681586867
ed0cd370db257591,2026-03-21,1681586867
24a752de24b793fe,2026-01-05,1681586867
e435d3705d0a52b7,2026-02-25,1681586867
a346fc4b1779fe4f,2026-03-04,1681586867
8158206020fc5b17,2026-03-05,1681586867
b4837ce336f61651,2026-04-13,1681586867
e066df13f45dcf4e,2026-06-24,1681586867
1c30fd72d2641d24,2026-06-18,1681586867
6bcd8fa7896f7451,2026-04-22,1681586867
5d40f52e9a704f2a,2026-05-06,1681586867
fdcb7c4318e23ead,2026-06-22,1681586867
74585a2f938864bc,2026-07-10,1681586867
2f060849908c5d7d,2026-07-07,1681586867
f4de0b5ea9274591,2026-07-09,1681586867
b3fe21b41a63b65e,2026-07-03,1681586867
a57bb1b9027993d2,2026-07-11,1681586867
84ffddd36d9f8211,2023-06-25,1692806415
331f60a636baa0fc,2023-06-15,1692806415
47541c4cffd85b84,2023-09-29,1692806415
91b08e586d879ed8,2023-07-16,1692806415
aec52d89011734ac,2023-07-09,1692806415
0a60a75a3382396a,2023-09-24,1692806415
901667c7086e857d,2023-09-17,1692806415
c07f0dd8a61af754,2023-09-26,1692806415
81aa9a4ccc7328e6,2023-11-05,1692806415
1d084068c400092c,2023-10-03,1692806415
db33b5f6278203e3,2023-12-10,1692806415
b11e0cdea0419f5a,2023-11-16,1692806415
671640f59a67bee9,2023-10-20,1692806415
22fb5790f0391c7d,2023-12-12,1692806415
6e6b549950fb614c,2024-03-13,1692806415
59c9785fac11bae3,2024-02-19,1692806415
45d9dbefa04383b9,2024-03-06,1692806415
a9a654ffa124c096,2024-01-07,1692806415
de9e3cb0fa9f6e56,2024-03-19,1692806415
440201c4b4516451,2024-06-18,1692806415
0d86a7f6a8d07d0d,2024-06-03,1692806415
824ffd8ab69083e1,2024-06-30,1692806415
f507f1b1490521c8,2024-06-16,1692806415
2ac9c363fef0bde6,2024-06-11,1692806415
bed20f14967de23c,2024-08-27,1692806415
1089b43ff834fe8b,2024-09-10,1692806415
ac6c4e4179e37b1d,2024-07-30,1692806415
c56d6e16ca654faa,2024-07-09,1692806415
e35a0e316d35288d,2024-08-06,1692806415
3aa70db7eb917a81,2024-07-28,1692806415
c48168029f5e3530,2024-10-27,1692806415
92c1c8f2897f6b72,2024-10-20,1692806415
ed559ba669351335,2024-11-12,1692806415
d9b6597b05d7b372,2024-12-01,1692806415
6ea376e313111c7c,2024-10-08,1692806415
894f09236d63631d,2024-11-19,1692806415
d80e3e9c63d62a2d,2025-03-09,1692806415
80e0ae6d791b1a4e,2025-01-28,1692806415
9a645aeeeab3f8de,2025-01-14,1692806415
5f961900a84b67ca,2025-03-25,1692806415
a836569f2c15a7b4,2025-01-12,1692806415
5ed25fd95ee9ca64,2025-02-25,1692806415
177e4538d4fdad71,2025-06-04,1692806415
cf4af501c014141f,2025-05-17,1692806415
d3429a5e08dfcf8f,2025-05-16,1692806415
7fcc772892874375,2025-04-01,1692806415
1f3319c9ec192bae,2025-06-27,1692806415
f16c2c7d3adfb292,2025-06-06,1692806415
42c7ed4768fdad66,2025-09-05,1692806415
84d14ce832afeb79,2025-09-17,1692806415
85b4c95826d5bb45,2025-07-01,1692806415
b76dc94410f0eca3,2025-08-08,1692806415
a4bbba099874686e,2025-07-02,1692806415
8650b36182eff7eb,2025-09-20,1692806415
28d2d984fa236575,2025-10-04,1692806415
29b3ffb31f91ce49,2025-10-25,1692806415
6e88dc853f76c30f,2025-11-19,1692806415
e997e0c02e1ccbaa,2025-12-25,1692806415
16bec61d2dcf0a43,2025-12-11,1692806415
27f44f8dc46f8aa2,2025-11-20,1692806415
91277fe080623acf,2026-01-28,1692806415
f456fdf8f3e0d101,2026-03-11,1692806415
327a79668653eb8a,2026-01-31,1692806415
d9f19fc36bc8f108,2026-01-29,1692806415
9a9c204daa5ddfb3,2026-03-28,1692806415
d016e250fe053feb,2026-01-08,1692806415
633892b36b7d4759,2026-05-02,1692806415
a5a55eab69a5b5d8,2026-06-20,1692806415
c6f9385c50247c6f,2026-06-20,1692806415
d062f1d233d26956,2026-04-24,1692806415
c9484f854bd0efe8,2026-04-08,1692806415
4dc1da25b21b201b,2026-04-17,1692806415
fb5b75181eeeb9c6,2026-07-01,1692806415
8e7cc07e636368d5,2026-07-04,1692806415
4ac16b58eee9d86d,2026-07-10,1692806415
c92679ff42231dcc,2026-07-04,1692806415
ef64ab001f644d38,2026-07-04,1692806415
c76b09da7f788f1b,2023-09-22,1695205478
1d9811047aaf743c,2023-07-14,1695205478
2152e6a09ff2b8d5,2023-09-01,1695205478
ce2b041ef7768e82,2023-08-04,1695205478
4491fcfd8a358801,2023-09-29,1695205478
ea84858f424593fd,2023-10-27,1695205478
9c816354966272b1,2023-10-21,1695205478
8359d7295d255721,2023-11-17,1695205478
dba09bb1cbb7017d,2023-11-03,1695205478
babeaabb84baedaf,2023-10-06,1695205478
3912e28a071a921c,2024-03-08,1695205478
9b4cc2db36af2b4d,2024-02-09,1695205478
d55c2004adde2db6,2024-03-14,1695205478
baebb18637202357,2024-01-26,1695205478
14a00be01babab72,2024-06-01,1695205478
e71477e076fafe4b,2024-06-29,1695205478
6597371be017c386,2024-04-05,1695205478
3d2a529e685d9731,2024-07-26,1695205478
67516700e66555aa,2024-08-30,1695205478
f3d40882719890e1,2024-09-13,1695205478
24b8dffc6e283bb7,2024-09-07,1695205478
bbb0fb5855d13416,2024-09-27,1695205478
ee0384a1a909c234,2024-08-23,1695205478
b4a3afc16e747798,2024-10-19,1695205478
5ffd44a75ba34e16,2024-10-25,1695205478
832da52dbc7fa138,2024-11-01,1695205478
c4eb8bdb45017d0b,2024-11-27,1695205478
6d4c71b68efe178f,2024-11-09,1695205478
369d5d693d827d39,2024-12-13,1695205478
4349f21bcb155582,2025-02-07,1695205478
ecea4a719c03df80,2025-03-15,1695205478
aa9808f6c4c3589d,2025-03-29,1695205478
f0670bcf9cbff583,2025-03-08,1695205478
a5c1b9d96e6defd3,2025-02-28,1695205478
a77ce91597713be7,2025-02-13,1695205478
9e79c5dd8cbb706e,2025-04-10,1695205478
7468200f2e123706,2025-05-16,1695205478
8b5f94c0b6d75edc,2025-05-03,1695205478
bd5b2ea555741ee8,2025-04-07,1695205478
11b096832b78b015,2025-04-25,1695205478
382ee467fcbec1c6,2025-05-31,1695205478
7bff1bb963a47eb7,2025-07-25,1695205478
96061d860bf90de6,2025-08-12,1695205478
3a3a2e7e1ce68029,2025-08-01,1695205478
8c6b0a141c446bfe,2025-09-20,1695205478
190f3a0a9ba437e0,2025-09-12,1695205478
15d62b44712bc524,2025-10-25,1695205478
a5463cdf7c40bd56,2025-12-20,1695205478
1c4e8731334494bb,2025-12-05,1695205478
ed4e8b08fa435ef9,2025-12-13,1695205478
e8ad4c90fe4ac6be,2025-12-24,1695205478
b02211d7594f94af,2026-03-14,1695205478
66d81007f0160014,2026-03-28,1695205478
3b6ba33277ca28d5,2026-01-15,1695205478
8b7471124cb792a1,2026-03-21,1695205478
e41d4094f3afa4a8,2026-01-10,1695205478
b682aa496bf5b257,2026-01-27,1695205478
1355af3eb5d5971c,2026-04-11,1695205478
286e77deba57baf5,2026-04-18,1695205478
93307f25771abf06,2026-04-01,1695205478
ce08b34c32922444,2026-05-02,1695205478
cb634bd00fa745f3,2026-05-06,1695205478
c8d357cb6d07dcb4,2026-04-23,1695205478
2a3471aa8c1e7c7f,2026-07-11,1695205478
a961cbfcec130d61,2026-07-03,1695205478
f23f15de175bbc37,2026-06-30,1696250206
38b56cff7c973c31,2023-09-22,1696974077
d4ba78f2861846b8,2023-07-18,1696974077
0b69884991d536f5,2023-09-15,1696974077
14e7707388ddce5c,2023-08-29,1696974077
272d6e415b9b3521,2023-08-16,1696974077
edc0d5cab0a66925,2023-12-16,1696974077
c21473ec6faf2448,2023-10-17,1696974077
4d7c8a6bd711b3f7,2023-11-15,1696974077
6982aa70dc222ba6,2023-11-03,1696974077
04cc7a7ab6a0e95c,2023-10-20,1696974077
f20262200657dda5,2024-02-15,1696974077
c5913a43ef94f368,2024-02-10,1696974077
4fa2351337a7e35c,2024-03-20,1696974077
f9cf122821d22a7c,2024-01-16,1696974077
58442480124305a2,2024-01-05,1696974077
ae259ba966aa9ecf,2024-06-20,1696974077
3104be14fb3120e2,2024-06-29,1696974077
a68aefbbde4b946a,2024-04-09,1696974077
5738a7d721194070,2024-06-21,1696974077
9da84ba988f6ffca,2024-04-11,1696974077
b15abf7a4c1464cd,2024-07-23,1696974077
dd7de3eb6e6c6068,2024-09-27,1696974077
ff8c03f5a3b90ee2,2024-09-17,1696974077
734c9cae82259234,2024-08-27,1696974077
069cfb56d3da4e1a,2024-08-15,1696974077
79481d495a848973,2024-07-19,1696974077
a66b227ac422fab3,2024-12-18,1696974077
3e4579ee174337e7,2024-11-16,1696974077
6238538d02896cae,2024-10-16,1696974077
614dc618bd82b78c,2024-10-01,1696974077
09b450518d35687c,2024-11-14,1696974077
65e9119b503dfaa1,2024-12-13,1696974077
bcea6cb85f7909af,2025-03-22,1696974077
c4aec640a6c70fa5,2025-02-01,1696974077
9fa0ee7ffed13b72,2025-02-04,1696974077
92c839383d7ada61,2025-03-06,1696974077
9671d6567273bb03,2025-02-08,1696974077
b06e6d41c289e570,2025-01-07,1696974077
128b0971f6237522,2025-06-05,1696974077
07746c774e1d921a,2025-04-01,1696974077
b3565dc0a5773150,2025-05-28,1696974077
a9e53ac6b7406d6f,2025-05-20,1696974077
e97edaba4042bd2d,2025-05-02,1696974077
9c2b868103214020,2025-04-09,1696974077
d145858b0a2c13bb,2025-09-09,1696974077
bce9f1f59cfe479f,2025-07-12,1696974077
b07b84e7aff05413,2025-09-06,1696974077
05f8f98a0f584b13,2025-07-15,1696974077
9d37acba53f1d6d3,2025-07-11,1696974077
205a06272b52f589,2025-09-05,1696974077
973096061c59b9fa,2025-10-25,1696974077
aa8f73195b0db4b4,2025-10-28,1696974077
d34496f742ea8df7,2025-11-07,1696974077
f7bd8c007082f5d8,2025-12-16,1696974077
bbd9e84b1231e0bc,2025-10-09,1696974077
62a7059236336365,2025-10-14,1696974077
1c8877c9841a7883,2026-01-06,1696974077
95ef8f5def3f6be9,2026-01-13,1696974077
6022d6db6501dc3d,2026-01-20,1696974077
c28f71d2e19e1d18,2026-02-25,1696974077
eaf526855bd97f60,2026-01-08,1696974077
5dd4d992c52c49b4,2026-02-14,1696974077
c657b151212c2604,2026-05-07,1696974077
e44ab1fc45d20bb1,2026-04-30,1696974077
4fe136ac0ca52de5,2026-05-12,1696974077
7ca2e0ab9b97b42b,2026-06-17,1696974077
dc5bd704a9b94014,2026-06-12,1696974077
2d3480c8ae115f86,2026-05-16,1696974077
f0f9267f223d700d,2026-07-14,1696974077
4c82684a7a8c9033,2026-07-11,1696974077
532ae6b2c533b548,2026-07-01,1696974077
f565f9803886e19e,2026-07-07,1696974077
ce8ff1d3994771af,2026-07-10,1696974077
08ae9f7196dd1616,2023-09-26,1702202187
ed7988b5d4ea5061,2023-09-29,1702202187
833254852bbdce2e,2023-08-11,1702202187
a905aa13e465ce94,2023-09-06,1702202187
be75897e1f22a30c,2023-08-22,1702202187
deb9271d595da22a,2023-11-28,1702202187
372331bfde4c2785,2023-12-05,1702202187
55c729134f06900c,2023-10-17,1702202187
1ec4aa01230d9aae,2023-11-14,1702202187
58e127f41a6e2a5d,2023-10-31,1702202187
255ab73ef60c2555,2024-03-26,1702202187
0bc3f0e84a041615,2024-02-27,1702202187
e6a058b7d3d9c321,2024-03-05,1702202187
b0876a1c78329fcf,2024-01-16,1702202187
84795c4a8aa3ab58,2024-04-02,1702202187
69b91d3769d42f95,2024-04-16,1702202187
6f8375fdc9bf9b90,2024-05-21,1702202187
2b68cc40bc06d994,2024-06-29,1702202187
34738ff72c3f1a27,2024-06-04,1702202187
7547739682dc0fcd,2024-09-24,1702202187
eabec46ee35b5005,2024-08-06,1702202187
0c8187fab040a97c,2024-08-20,1702202187
7a0a0184bf9c86c3,2024-09-10,1702202187
5154f90ff0899423,2024-08-27,1702202187
8ca672fd3164224e,2024-07-16,1702202187
c19b51db2517b23c,2024-12-31,1702202187
3e2bc74e3c76d999,2024-10-03,1702202187
5997f395f3a924d5,2024-10-29,1702202187
e8c20a12d3d91992,2024-10-08,1702202187
c9d1d19738e79584,2024-11-26,1702202187
fd60852daf3884ba,2024-10-15,1702202187
67ad43130b81b9b4,2025-01-22,1702202187
9d352fe0dfbb158a,2025-02-25,1702202187
27ae1be1e0506381,2025-03-18,1702202187
d31bf3d30040fb0f,2025-02-11,1702202187
de7aca27dd97ebd5,2025-01-07,1702202187
37204b03c0361f2d,2025-01-28,1702202187
4fea6e4ac21ba22a,2025-05-13,1702202187
c75726d560179b34,2025-05-06,1702202187
7f2a1790afa48452,2025-06-10,1702202187
c3c0a11fc69d42a0,2025-06-24,1702202187
ee0ae83460c34e28,2025-05-28,1702202187
b5857c1e5500b707,2025-06-17,1702202187
57b1322fd3213bfd,2025-07-15,1702202187
51d0a3a1bee97c76,2025-09-30,1702202187
cd3e5202062a6321,2025-08-26,1702202187
02ad1cf166ec829f,2025-09-23,1702202187
f506cd5b90040bb1,2025-08-19,1702202187
7042b653dc30de9c,2025-07-01,1702202187
e7a8d153776f7b2e,2025-12-23,1702202187
6ac139041ff13bab,2025-10-07,1702202187
4c685e4915bba9ce,2025-10-21,1702202187
06b7cde58fede143,2025-11-04,1702202187
7ff7dffeacf662ee,2025-10-28,1702202187
da268980568f75e6,2025-12-30,1702202187
c3ab7f19f55ba00d,2026-02-03,1702202187
a4c814ec07f3f73e,2026-03-17,1702202187
9423c54627c049d9,2026-03-24,1702202187
232abf7706a6de01,2026-02-24,1702202187
e279e45db296c1d6,2026-02-10,1702202187
85198dce72060945,2026-01-06,1702202187
a0574e639e0b0673,2026-04-14,1702202187
1313ae55a09256a1,2026-05-19,1702202187
b9120670fa2057c4,2026-06-09,1702202187
c99ecb9c9157e990,2026-06-02,1702202187
7208f5c7d8dbd201,2026-05-05,1702202187
b01c3317d91ad31c,2026-04-06,1702202187
6e21ce1532d6e9c3,2026-07-14,1702202187
20ef0cfe558176a5,2026-07-07,1702202187
61b8d114c37f4c3a,2026-03-26,1709994511
1a56b7309ac9d06a,2026-03-19,1709994511
04557f118254aa11,2026-03-31,1709994511
01237090e8bdc41c,2026-03-23,1709994511
1fc9e825657b8092,2026-03-16,1709994511
4bc2b47faa83fbee,2026-02-23,1709994511
19eea73c85017b79,2026-06-04,1709994511
cc183ccde2162c62,2026-06-02,1709994511
e1ab146457128c32,2026-05-13,1709994511
3704a3555450f497,2026-06-10,1709994511
7f7f43eccbfd3dd2,2026-05-26,1709994511
1661260c25d81f85,2026-06-26,1709994511
2f1cc27a1217cdcd,2026-07-13,1709994511
962a927b855d30e7,2026-07-10,1709994511
3d1348fe1d14849d,2026-07-14,1709994511
42ca99800bf31e8f,2026-07-08,1709994511
3ac27027ae57a2ee,2026-07-06,1709994511
1b1a655726097cf2,2026-07-02,1709994511
32e3a0ef43941321,2020-09-14,1714009198
a6f2e65283d2427b,2020-09-21,1714009198
4b248f87474a8931,2020-09-25,1714009198
87e3b6062e5213eb,2020-09-28,1714009198
cf3c092035d8e38c,2020-10-22,1714009198
5d38bd1719b1accc,2023-12-29,1714009198
04410a7bfe317cd2,2023-11-24,1714009198
d1a052bb099ed132,2023-11-13,1714009198
c9492b0f6ba680d2,2023-12-15,1714009198
56944eb9142b9c1a,2023-12-08,1714009198
1b975ded9d5aac7d,2024-03-11,1714009198
9a15a3a35e97696b,2024-03-04,1714009198
3dd775ec07a1c7e5,2024-01-05,1714009198
5251c5ce4af03b80,2024-02-12,1714009198
7f410179683e52d7,2024-01-12,1714009198
ec345a2dd92f0c8f,2024-05-13,1714009198
7960acd00e59be0b,2024-06-05,1714009198
f598d83d0da5fefa,2024-05-10,1714009198
afec7887b4d202dc,2024-05-06,1714009198
4f20bce373520bfa,2024-05-24,1714009198
19f52f9126312e6a,2024-07-01,1714009198
44c8fbaadf2e3e62,2024-08-09,1714009198
acceb7f20c82b032,2024-09-06,1714009198
9ce56ec1be94ab36,2024-08-12,1714009198
d6a898e68d6f9c71,2024-07-19,1714009198
fae9da313aa84e67,2024-09-02,1714009198
78f9c35d037e7dbf,2024-12-30,1714009198
e04decca89036ec7,2024-11-22,1714009198
35bdb5b888d73b9b,2024-12-13,1714009198
58857504db42315b,2024-11-18,1714009198
ab7745188bb69e94,2024-11-25,1714009198
683bd9ce1dc22961,2024-11-01,1714009198
a9e9c5839ebd342c,2025-03-10,1714009198
332c625b0405c6ed,2025-02-10,1714009198
b34a07b7084d95a6,2025-01-06,1714009198
80e507c728545abf,2025-02-07,1714009198
7131dbf493e453b1,2025-01-13,1714009198
0961dc0f244ef742,2025-02-14,1714009198
110472d13b92a3d3,2025-06-06,1714009198
76b5d093191800ae,2025-05-02,1714009198
d9e7e6d2f21d8992,2025-04-28,1714009198
022fd53a392a9ea4,2025-04-04,1714009198
3305d215e576c3c1,2025-06-23,1714009198
0a1c7f2b05d5d1e9,2025-06-13,1714009198
c9d59321cd413378,2025-09-19,1714009198
103be0fe257f3e3c,2025-08-11,1714009198
e634225f6414d3e4,2025-08-18,1714009198
029597acc42d4835,2025-07-14,1714009198
dcda718bd77efec3,2025-07-07,1714009198
69a49b6b903f0a1e,2025-09-05,1714009198
0b8d260a43506f1b,2025-11-24,1714009198
40909cf183095d25,2025-12-22,1714009198
3179580e417a8a58,2025-11-21,1714009198
3500c00418dd463c,2025-12-26,1714009198
bad74d61372b512c,2025-11-28,1714009198
9f0007d0a42cfef7,2025-12-19,1714009198
1d0ee385728aef53,2026-03-27,1714009198
c6e5ab46f4901ed5,2026-02-13,1714009198
5caa6a395e720d25,2026-02-27,1714009198
f4bcf62dcfd71780,2026-03-13,1714009198
ca803a2815ad1d50,2026-01-05,1714009198
1c19247400d18367,2026-01-19,1714009198
8c81f0e155611c52,2026-05-01,1714009198
58856b63248fcce0,2026-06-05,1714009198
c87fba0d3d5aaf00,2026-06-29,1714009198
39e941b66ee2928e,2026-05-29,1714009198
837b317a133a26cc,2026-04-24,1714009198
6683165479cd186f,2026-07-06,1714009198
ea91c378fbabc2ed,2023-11-22,1714879044
e5795e8e2c918698,2023-11-08,1714879044
fca2dc5a0b9a0421,2023-12-27,1714879044
913a221642d211e0,2023-12-08,1714879044
ac62cab54d9a84cc,2023-12-02,1714879044
19cadb412dac5b1f,2024-02-28,1714879044
94d7f8babf1d1fb0,2024-02-03,1714879044
9e8667db1e1de01e,2024-02-09,1714879044
e6dae081aec9a814,2024-02-08,1714879044
f9141a45b17c97e7,2024-03-21,1714879044
2b61ffb9c3ba5279,2024-03-12,1714879044
0fb468ad75b739a6,2024-06-07,1714879044
9ca38c3c2c3a2aee,2024-04-05,1714879044
575d3c95a6013260,2024-04-12,1714879044
8fa11ed8ec8f41b7,2024-06-01,1714879044
c0b85b8e92d669b2,2024-09-14,1714879044
562a4d489c8c349c,2024-09-06,1714879044
baa2b0fa95544dd2,2024-08-17,1714879044
dd3e95e75f4f7e2d,2024-09-27,1714879044
28ee39bf9c66d128,2024-12-13,1714879044
9dd5e011dff78700,2024-12-28,1714879044
f47c2e9f8d86cd4e,2024-12-05,1714879044
1d0dd0662a5c20b4,2024-10-01,1714879044
feb3a54eddccf2f4,2024-12-10,1714879044
0ef57b00bc13d8ec,2024-10-05,1714879044
044ca8587abae8ce,2025-03-15,1714879044
c212f118e6532ea5,2025-02-22,1714879044
4c8a65d2b1e7e4e6,2025-01-16,1714879044
f0ea52f5c43048c7,2025-01-22,1714879044
763aa79b127dd3fb,2025-03-26,1714879044
e0e6556b3b9af75d,2025-03-01,1714879044
69ffef513dacf131,2025-04-16,1714879044
800be878b66ef8e9,2025-05-04,1714879044
b2b77de7487d29a3,2025-06-27,1714879044
d9b381f8687c676f,2025-04-23,1714879044
f2dbb4c54ed86de6,2025-06-26,1714879044
164f1a7b96c85a96,2025-06-12,1714879044
dcead279fe164831,2025-08-21,1714879044
44326d143315ceaa,2025-07-09,1714879044
44a8964cfa589edc,2025-08-13,1714879044
e2b98079791a0409,2025-07-22,1714879044
d8b8cf974ad4c1d7,2025-08-09,1714879044
893955c6ed339dc4,2025-09-19,1714879044
cd416037f16ee3e5,2025-10-18,1714879044
4e23b45d55505003,2025-11-12,1714879044
9030069281ac46f9,2025-10-02,1714879044
272f51c3aec80153,2025-12-31,1714879044
7b864cb1bfec1172,2025-12-19,1714879044
adcbd3e65d422ce9,2025-10-23,1714879044
d7cd889b22926dc3,2026-02-25,1714879044
f80d08e6365adf5a,2026-01-29,1714879044
a07c3bf25fede94d,2026-01-21,1714879044
a81bf5d0e751ce9c,2026-01-03,1714879044
b1e2989e1c5cf38b,2026-03-10,1714879044
9bfbb0c39747dff4,2026-03-07,1714879044
a86f4033d4b488d1,2026-04-22,1714879044
a662ac908d831f45,2026-04-23,1714879044
1f60e6997f7bac9a,2026-06-17,1714879044
fcfc988c3bc2495d,2026-06-23,1714879044
3be8bea651c9148a,2026-04-24,1714879044
2313b9f3d52b15db,2026-07-14,1714879044
6f6262de083efda2,2026-07-07,1714879044
a987d50851176342,2026-07-08,1714879044
a0920bfb75b30bd3,2026-07-10,1714879044
a3015eb3e978ac5d,2026-07-09,1714879044
7dc920cd942936ab,2026-07-02,1714879044
1d9623babeeef69f,2023-12-16,1715894000
70172d3f4580319a,2023-12-09,1715894000
419e41d72c5c791e,2023-11-11,1715894000
11f7a79114cbe2df,2023-12-02,1715894000
acacdcfa43f0ad33,2023-11-18,1715894000
27b7d80d67d4ad30,2024-01-20,1715894000
084d11dc43c560dd,2024-03-25,1715894000
06d6895d427d02ca,2024-02-06,1715894000
4661b73d60429774,2024-03-27,1715894000
4969cf4dfca580ad,2024-04-27,1715894000
785ec3ea0470f061,2024-05-25,1715894000
656b7b4d32d97a14,2024-04-06,1715894000
bdf1b13da7e28c74,2024-06-15,1715894000
b9d3b44995ed6f67,2024-04-13,1715894000
e7889e0972aefc2f,2024-07-02,1715894000
72e74a4e97bfa411,2024-07-01,1715894000
d3a7536ba4801d78,2024-08-31,1715894000
f52b3e2e2f308122,2024-07-20,1715894000
f625c99075d27a06,2024-07-06,1715894000
db761aa02f3fa65e,2024-09-17,1715894000
3bcb6e92272e0907,2024-12-10,1715894000
fef6d04c05121eff,2024-12-17,1715894000
f688acb450c12e3c,2024-11-20,1715894000
1e0b3be30ed27a46,2024-11-07,1715894000
b3a7f27ee8bb09ed,2024-11-20,1715894000
903021a26f9bebac,2024-11-02,1715894000
cfbc55131a48145b,2025-01-14,1715894000
11ee627564e5107b,2025-02-05,1715894000
e5dce1cc5978e12a,2025-01-23,1715894000
d82756f222454a5e,2025-02-12,1715894000
6cc20d3ca382327a,2025-02-06,1715894000
d253755ef82e376a,2025-02-26,1715894000
afe8af0690ce957f,2025-05-29,1715894000
adc5cff67dc07739,2025-05-01,1715894000
013d464b7f9502c6,2025-04-02,1715894000
0f39938b95f608c0,2025-05-14,1715894000
bf9c667c2c9bc100,2025-05-30,1715894000
f0c86dc829c53eb2,2025-05-05,1715894000
d4471cb21229e45b,2025-08-18,1715894000
726c1db40ec1abcf,2025-09-19,1715894000
d32e2bb1400208a9,2025-07-11,1715894000
4072aff065998285,2025-08-01,1715894000
1b9e93a2828234a6,2025-08-28,1715894000
c1a99eb83071d12e,2025-08-12,1715894000
79275b5552eb9430,2025-12-02,1715894000
843022f564f6f9df,2025-10-29,1715894000
9196d4c941c8a1d2,2025-10-14,1715894000
8f8f5ede34c0c3ec,2025-11-04,1715894000
400bc9cf6eae475a,2025-11-11,1715894000
123fb399fa614e0a,2025-10-08,1715894000
66c1bd28807cde65,2026-01-29,1715894000
ff0fcbec45946b71,2026-02-05,1715894000
205bcce0910fa7b5,2026-02-09,1715894000
c4d535b4433aef5a,2026-03-19,1715894000
a65d71cb999e2f1a,2026-03-13,1715894000
04cae58100332169,2026-02-03,1715894000
6f67008b6eedbb6b,2026-04-14,1715894000
04b69fc69f7f82a0,2026-06-22,1715894000
b9e90a4e22f7976f,2026-05-29,1715894000
8ac91d559007fae2,2026-04-16,1715894000
06ea99f5744f6283,2026-05-12,1715894000
9643f8cf4d254a21,2026-06-08,1715894000
975c58d4b139ea39,2026-07-09,1715894000
6f5c6ead9ac8488e,2026-07-13,1715894000
6066afa23b3102e6,2026-07-02,1715894000
82796ee4af847748,2026-07-14,1715894000
1ff8f0a7d4f758af,2023-12-24,1721813926
503def6fc8ad4841,2023-12-17,1721813926
b31859a0d1741004,2023-12-20,1721813926
8010ba2b449b74de,2024-01-10,1721813926
28626b6dd3268d60,2024-03-09,1721813926
f0e383db82d37b12,2024-03-21,1721813926
f28b36ff0e482517,2024-03-02,1721813926
f779c0fb4abbdc4d,2024-01-01,1721813926
d8bf1138f3cc0fef,2024-02-28,1721813926
311d70b338b01575,2024-06-20,1721813926
5fab8e85f0830cf3,2024-05-23,1721813926
9e56a094999092cb,2024-06-03,1721813926
6963555538e5016e,2024-04-04,1721813926
4d166a230b05ca68,2024-04-09,1721813926
2a20fd96f20075d3,2024-04-22,1721813926
eade45c1a7a9f82e,2024-09-26,1721813926
1442731e35324e3c,2024-09-05,1721813926
cfd38068854313bb,2024-09-12,1721813926
c2d0cd0f0a19ce83,2024-07-04,1721813926
e7725b1ff420790c,2024-08-16,1721813926
92703e896090e281,2024-11-09,1721813926
5b7ad8aaddd6ffad,2024-10-31,1721813926
ea2f50de7e205200,2024-12-30,1721813926
a72416aafbc3d281,2024-11-14,1721813926
0ba1220879bfaa7d,2024-11-21,1721813926
c07a80cb61367c03,2024-12-26,1721813926
ba04b6e88293a97c,2025-01-23,1721813926
d4aac06f120f560a,2025-02-06,1721813926
f1ecce06b48d8186,2025-02-28,1721813926
4e0ccea2e91351c6,2025-02-20,1721813926
3538d682ac98139c,2025-03-13,1721813926
55e9daef600107c5,2025-06-02,1721813926
45ef9c18a1411a4e,2025-06-19,1721813926
edfc57fbb31e9717,2025-04-30,1721813926
f99faea3e6f33e0b,2025-04-10,1721813926
0364ddc0ea1d182c,2025-06-26,1721813926
e89d69da1c5510cd,2025-04-17,1721813926
cce6f4450666533e,2025-09-11,1721813926
dd34222819b7442d,2025-07-30,1721813926
49e0cebb470b8a40,2025-07-10,1721813926
3f99846a94a150fc,2025-09-24,1721813926
341a5b637e243064,2025-12-09,1721813926
6cf423fefce1622e,2025-12-02,1721813926
dbdf2fa38167c3b3,2025-10-14,1721813926
9f124047a57db1d5,2025-11-11,1721813926
797445311ee001fc,2025-11-04,1721813926
e1c271fa52f241f1,2026-02-09,1721813926
151f8cd22ac9c732,2026-02-04,1721813926
0b307bf5058cc49c,2026-03-31,1721813926
62e593e42190893e,2026-03-17,1721813926
da2fc0ff9d62e70d,2026-01-20,1721813926
1e8ab3dc9545999d,2026-01-13,1721813926
fc0dd6791b22d5b7,2026-04-21,1721813926
16179e0a2a9a5ae1,2026-05-26,1721813926
2a970d7e554e4fd3,2026-04-08,1721813926
c3a3b89d02a5b41a,2026-06-02,1721813926
46f1d9b2b150734b,2026-05-19,1721813926
e7334fdf572d5264,2026-06-30,1721813926
548f8f34ff775d36,2026-07-14,1721813926
cf89d1f23111eb9d,2026-07-07,1721813926
cab5635ea4d50b20,2023-12-18,1721969693
2ed1589222f02209,2023-12-20,1721969693
34bba9a28fa3ab9a,2024-01-31,1721969693
caec8f8e63493f2d,2024-02-21,1721969693
d78951e65bcb8246,2024-01-17,1721969693
845b6a5c64f99684,2024-03-13,1721969693
fa62db3fa6e1e614,2024-03-06,1721969693
63f087667e34801f,2024-04-24,1721969693
193461a3ca775cbf,2024-04-10,1721969693
63ec0fba5a039d94,2024-06-28,1721969693
821e4a24c3433dbe,2024-06-19,1721969693
6b35a88883dd8242,2024-05-22,1721969693
6a5abf4a471967a8,2024-07-31,1721969693
c800e1a10ea6aa12,2024-07-24,1721969693
8be20b5b3cd8ea71,2024-08-28,1721969693
146ac52a1e95fa8f,2024-09-11,1721969693
bcfb73d30d6fc366,2024-08-07,1721969693
72d432a1561033a3,2024-07-21,1721969693
5d612088b348a5d4,2024-11-27,1721969693
bab957d906c7f36f,2024-12-11,1721969693
d0eeb83d878479d0,2024-12-18,1721969693
4ed31befcd740c52,2024-10-02,1721969693
114e98e9b5f7c096,2024-12-04,1721969693
7b12f02846c5061a,2024-10-16,1721969693
e87de977180d7d9e,2025-02-19,1721969693
aba04b3531da1584,2025-01-29,1721969693
d9602c355d6a0c35,2025-02-12,1721969693
20b736c503491025,2025-01-08,1721969693
82af2d9c896c8e5b,2025-03-26,1721969693
e5e5bb45ad0c662e,2025-02-26,1721969693
36037f057cb42b85,2025-04-09,1721969693
59fa4ed2f63eeff8,2025-05-21,1721969693
791db7fceaf16516,2025-05-07,1721969693
546edc5f252ad363,2025-04-16,1721969693
e935d66bae220446,2025-04-23,1721969693
7802f811ec0fa6ea,2025-04-02,1721969693
8870a293636c7574,2025-08-13,1721969693
3bd55240babfd5f7,2025-07-02,1721969693
8ac7ac55f3816ac3,2025-09-03,1721969693
1783ff9ea9cab135,2025-08-20,1721969693
5398589ab22c24b3,2025-07-30,1721969693
b80774f18728dfde,2025-07-23,1721969693
01f6b3694d2774e1,2025-12-17,1721969693
b3a33e0a95599349,2025-10-01,1721969693
62f1af66f2756b8e,2025-12-10,1721969693
cf3885cc0a0d3bdc,2025-11-26,1721969693
7c1ca9d3bd29f6e1,2025-12-24,1721969693
24cb57d5de2b8941,2025-11-19,1721969693
a04c66b2a13955cf,2026-02-04,1721969693
9eeb2884625a490b,2026-02-11,1721969693
25e929247a3f389f,2026-01-14,1721969693
bcb94711ec6be94f,2026-03-11,1721969693
ab50d39cc8383c31,2026-01-28,1721969693
48f5b9ddf1d5f13a,2026-01-21,1721969693
068ea6406b31d9e8,2026-06-24,1721969693
f14cbc6206167a9d,2026-06-10,1721969693
e7f54c7c14360b26,2026-04-01,1721969693
976b75d181cbd3fb,2026-05-13,1721969693
946350f3322aa75a,2026-06-03,1721969693
823d5bdf3858630a,2026-05-27,1721969693
255ea23be2043cec,2026-07-01,1721969693
2778f693aaabfeed,2026-07-08,1721969693
1bec9361215523bb,2024-03-22,1722246285
9792fd3ac6cb7b66,2024-03-19,1722246285
15005271f790a7be,2024-03-20,1722246285
a9a9bd4309aaa83c,2024-03-21,1722246285
cfdb0cab6b9fe44c,2024-03-20,1722246285
c754dd957ab56fbe,2024-04-11,1722246285
a1effd59b01cd1fd,2024-05-31,1722246285
fc451f34ee4baaae,2024-05-03,1722246285
581ae60c2249e805,2024-05-17,1722246285
695beff96df0d360,2024-05-31,1722246285
c245c6f54d227ab7,2024-05-24,1722246285
3b1640a33c057d67,2024-08-09,1722246285
972d434157b2fa16,2024-08-20,1722246285
25e67a6b27e9d0cc,2024-08-19,1722246285
9149b31a3d18aefa,2024-09-27,1722246285
e9b2d6b193d55ce6,2024-08-09,1722246285
c09503626386cf91,2024-10-25,1722246285
53f419c15659f29c,2024-10-19,1722246285
3b5013245f0e7aab,2024-10-06,1722246285
ebc7840a9f488144,2024-12-24,1722246285
f65b70e878f744c6,2024-10-28,1722246285
99caf170e5c5f54a,2025-02-12,1722246285
35ce2d4521ad420e,2025-02-21,1722246285
57cbf0972bd0f81f,2025-01-20,1722246285
b67d330ee2e230b5,2025-03-20,1722246285
8b18264eff1be725,2025-04-11,1722246285
bb57ab221ebbdea6,2025-06-09,1722246285
4bd98e7d3cfefb7f,2025-05-24,1722246285
f1734d74cd8443de,2025-05-02,1722246285
4469b566d3605840,2025-06-10,1722246285
c67cf377b1b8f73b,2025-06-08,1722246285
cf7a2e13ffbe4a44,2025-07-07,1722246285
47b25ef088fcae2e,2025-07-27,1722246285
c3052060819ddec2,2025-08-15,1722246285
02f9a559e0278b4c,2025-08-14,1722246285
b532976cf163b44d,2025-08-01,1722246285
01d9c5a26d75351d,2025-08-29,1722246285
e3690923155f3e0f,2025-12-15,1722246285
0d538a7992054af5,2025-10-11,1722246285
33bc3c5ed82c5169,2025-11-22,1722246285
fbb07fe30401324d,2025-12-29,1722246285
654013b53ee6b8f7,2025-11-14,1722246285
41f9eaee6ea1c7a5,2025-11-01,1722246285
d02adf7df784e7d5,2026-02-02,1722246285
feeb6abb3aff566d,2026-03-19,1722246285
e4b4db41a10e86f8,2026-01-29,1722246285
7feb472004eab682,2026-02-11,1722246285
a638dd9dd0da5cb9,2026-02-03,1722246285
e3f27df2734ecb51,2026-03-06,1722246285
a8bd02992c39088a,2026-06-14,1722246285
1274fe48d951885c,2026-05-25,1722246285
3d23a4db054a9978,2026-04-10,1722246285
aae5ba4402d36955,2026-05-20,1722246285
5dd94957a93c9c76,2026-05-19,1722246285
ee1e5da31e36b0cd,2026-04-02,1722246285
6077ebc8604a5974,2026-07-14,1722246285
45d2de0e6d0e61d7,2026-07-07,1722246285
1c75cc92b0cbd383,2026-07-03,1722246285
cbd27bcd3aacd893,2026-07-14,1722246285
67856a2ba65fa13b,2026-07-08,1722246285
3020d7d7d830c704,2024-01-25,1725387804
340cf62e5c56c055,2024-01-18,1725387804
9c955dbf3c131707,2024-02-02,1725387804
47e5edc0c85cc710,2024-03-26,1725387804
f5402ae7aeec81b4,2024-03-08,1725387804
070149a39ce02e14,2024-05-30,1725387804
11368a3341cafddb,2024-05-04,1725387804
817fb49f9b321ca2,2024-06-07,1725387804
f20341c5d181ef7a,2024-04-12,1725387804
6c5edd20f827243e,2024-08-29,1725387804
f9c10ab2059bc10a,2024-09-12,1725387804
12dec1d8c866b6f7,2024-08-15,1725387804
427ea30b41c23e3b,2024-09-22,1725387804
9cc001f9af6a5da5,2024-07-25,1725387804
d74d800f38193f2e,2024-09-10,1725387804
fdf445c91bfcbf4f,2024-12-20,1725387804
0d42b6429219efb8,2024-10-31,1725387804
a17251fd8ecfd27f,2024-11-08,1725387804
b66116fa83500866,2024-12-07,1725387804
dea995ca9e436504,2024-12-13,1725387804
22767e3c7bfd173f,2024-11-23,1725387804
69ded4eab72bff38,2025-02-06,1725387804
f071ec47fd64afc1,2025-02-27,1725387804
d3a0c1fa066cce70,2025-03-07,1725387804
cda91b46dcc6451e,2025-03-29,1725387804
d7f6f87550e37f7a,2025-03-21,1725387804
d7080a9b2c77b506,2025-01-11,1725387804
01672d2cb33d9ec0,2025-05-03,1725387804
904103b7241f4545,2025-04-24,1725387804
899e0f09cbf47513,2025-06-21,1725387804
55aca5737108f4dd,2025-05-17,1725387804
7f03e10334d7cd49,2025-06-14,1725387804
c50dbf58a308e1aa,2025-08-28,1725387804
d1bc3834fb164bed,2025-08-01,1725387804
67ac402382540c3e,2025-09-05,1725387804
54dde538cda0cd14,2025-09-28,1725387804
7fb375703d8c8ded,2025-07-25,1725387804
9f2cb34de216f463,2025-08-21,1725387804
e0737d722fb06952,2025-10-27,1725387804
eb1d728867bb6a51,2025-11-17,1725387804
c43216147798c7bd,2025-12-10,1725387804
da97d889173ae2eb,2025-10-18,1725387804
e300b5a552ab9af6,2025-11-10,1725387804
a3c825b9b76a3183,2025-12-01,1725387804
80ccd267c26d028d,2026-01-14,1725387804
584444be6e9e0ae9,2026-03-14,1725387804
3952297451772eb3,2026-01-28,1725387804
7e42f229a6cd786e,2026-03-17,1725387804
0607abbacba114f2,2026-03-11,1725387804
531afd372302b129,2026-01-21,1725387804
8e28374ffdc0cb61,2026-05-07,1725387804
5377869395da9825,2026-06-10,1725387804
d56b9339f6897f17,2026-04-01,1725387804
7005cfcca054b660,2026-04-23,1725387804
18e01db5cdffd88d,2026-05-20,1725387804
b5dec9a9c476ae5d,2026-04-08,1725387804
13715c909417a4b3,2026-07-01,1725387804
a00339be6ab5fbdb,2026-07-09,1725387804
72fd675e7f2e67cf,2024-03-17,1725442221
07350b3376df7a35,2024-01-31,1725442221
2bd960c19cba6f99,2024-01-12,1725442221
17bafdb8974a66d8,2024-03-05,1725442221
439b2977df76cd35,2024-02-05,1725442221
47fff7972b00592c,2024-02-19,1725442221
b2d9902b1c8ccfc3,2024-04-23,1725442221
4fd4fc5ec3a21655,2024-05-22,1725442221
c3b22eea321d2597,2024-05-16,1725442221
5f3bbe1f40c19039,2024-06-15,1725442221
e40d2c27b1635c57,2024-06-04,1725442221
25048b5720e05272,2024-08-12,1725442221
1baad8d81b36f597,2024-09-10,1725442221
0c9b21bc56e3c0c2,2024-09-16,1725442221
508f6a446c8454c6,2024-09-09,1725442221
61ffb2867b7c0de4,2024-07-22,1725442221
73d0c1c2d2de1726,2024-08-29,1725442221
3c3648a884e0fa8d,2024-12-10,1725442221
3e3a5e2f264bbf00,2024-10-17,1725442221
f07232a5042de171,2024-10-29,1725442221
13a61fff63a40fbc,2024-11-13,1725442221
4c0c354489d6112f,2024-10-08,1725442221
2df55fcc143b3d9e,2024-10-01,1725442221
4fd1c795157649d4,2025-01-11,1725442221
540dfa7563fb2c5a,2025-02-23,1725442221
446d2150085621ac,2025-01-06,1725442221
c7038c13f5267f8f,2025-03-29,1725442221
67f90a41cb62beb7,2025-06-16,1725442221
87e16f9e5181ea35,2025-04-28,1725442221
1f516048e7165964,2025-06-05,1725442221
22c266a0bd4ce7f1,2025-05-27,1725442221
0b8c6a7543d7e5bc,2025-09-18,1725442221
1625a20f238a4d45,2025-08-11,1725442221
05976a125ca8084a,2025-09-19,1725442221
f0a91aa356ec1b0f,2025-09-17,1725442221
ada4a9ba397ff46b,2025-07-20,1725442221
ec5356087000520b,2025-11-28,1725442221
ff7e1512a8dc87d0,2025-12-02,1725442221
a61eb98f5d3fec64,2025-12-07,1725442221
e45024d3cef4354f,2026-02-07,1725442221
f2cda0a56b799559,2026-03-03,1725442221
4d464e3273bc13e8,2026-02-17,1725442221
8782a5a81ff8e964,2026-03-07,1725442221
72c395fa1157f04d,2026-02-17,1725442221
d986a6103fb961b5,2026-02-12,1725442221
ab83fa47d9a067b0,2026-04-10,1725442221
9847a34fe9e426fe,2026-04-08,1725442221
b552f36fb7efefe7,2026-04-06,1725442221
de1effab24b9ce56,2026-06-23,1725442221
af9ee9d7df6a32ce,2026-04-27,1725442221
7e6632e4c3138c75,2026-04-15,1725442221
ded094973cf9a178,2026-07-12,1725442221
aa58117fa0ec799e,2026-07-01,1725442221
694aaabbdc4ceaae,2026-07-07,1725442221
ddb5aa1aa202d013,2026-07-08,1725442221
73d7cf8e52dd2647,2026-07-03,1725442221
771655ea1fbd9ba6,2026-07-09,1725442221
26baef954bcee23a,2024-02-01,1728152109
925fee0b358cfdcb,2024-02-02,1728152109
a8eee06d4e670fec,2024-02-09,1728152109
83ee068252456c9b,2024-03-01,1728152109
9c869aea13e58c4b,2024-02-20,1728152109
b1cef278834199df,2024-05-29,1728152109
7252e4f2eea602bc,2024-04-08,1728152109
885c69412b584a09,2024-04-11,1728152109
f673f8b0bc49721f,2024-05-14,1728152109
7c68bcbdc88bc83b,2024-06-05,1728152109
d46ce7aaca70d094,2024-08-15,1728152109
42a8eaa3863eef81,2024-09-19,1728152109
3bfdefc5b2364e31,2024-09-16,1728152109
a33623073a13549d,2024-07-24,1728152109
02a74e5966aede2b,2024-09-27,1728152109
b421bde83e65f895,2024-07-15,1728152109
7ab1ffea2b2cbf38,2024-12-09,1728152109
2482b6b3cfffc548,2024-12-18,1728152109
ddc1a82e4446c80c,2024-10-10,1728152109
bb92cac0b9097765,2024-10-31,1728152109
510bff1ff5d5bd55,2024-10-30,1728152109
723dc21cad493faa,2024-10-28,1728152109
b1b83bba7cb58e0b,2025-03-07,1728152109
3f75a4286e82bfba,2025-02-12,1728152109
3f481c493bb53fd7,2025-03-26,1728152109
8412ed63992e3b9f,2025-01-29,1728152109
42a8f10bc4baee1f,2025-01-15,1728152109
e117721cb6278a6f,2025-01-24,1728152109
401b03d720f20169,2025-04-02,1728152109
c3639bccfdb1569e,2025-06-19,1728152109
4ac462db1f74c6aa,2025-04-18,1728152109
c5aee4c10e1b96b5,2025-04-22,1728152109
4d4d0513bdbbc42c,2025-05-27,1728152109
cd97e34ded6f5955,2025-04-29,1728152109
1d50720ce2e3f7a5,2025-08-18,1728152109
ebcf03d1bbdb1b91,2025-07-22,1728152109
ab909cda626c2b0d,2025-07-02,1728152109
1c92ff5162fe9c1e,2025-08-29,1728152109
d638f24b403adcf5,2025-07-11,1728152109
07d8faaf5e0b4698,2025-09-23,1728152109
076029c6221d8968,2025-12-03,1728152109
18c4a0f3d1e43749,2025-11-11,1728152109
769db692d14f5d19,2025-12-19,1728152109
5c9df179b432af4f,2025-11-21,1728152109
c9c8c2866a1ab97a,2025-12-18,1728152109
6eaa7ff1983ce740,2025-10-09,1728152109
61b030f377dcc6dd,2026-03-06,1728152109
846f37c2982a04ba,2026-02-20,1728152109
a7f1f35076e9c50d,2026-03-16,1728152109
60362312883a8dcb,2026-03-12,1728152109
cb18b2427073925c,2026-03-04,1728152109
33921930683d7ca4,2026-02-17,1728152109
5ed1c58befc7fceb,2026-04-15,1728152109
d5af5a254d70b00b,2026-05-22,1728152109
9ecdac9b7fb6c655,2026-06-18,1728152109
6e53bcf2e0500c98,2026-05-29,1728152109
037aebecb367273a,2026-05-04,1728152109
8bb6e425ecd23e99,2026-05-06,1728152109
492af9a78c885377,2026-07-08,1728152109
92dd2ade96f1d8ee,2026-07-02,1728152109
4c810cf51509f0eb,2026-07-01,1728152109
6d2cb15a44402e44,2026-07-09,1728152109
5d66dd3a2a73dfed,2026-07-10,1728152109
6250cfa43638114c,2026-07-14,1728152109
d28a2baa2e7c7817,2024-03-27,1728340033
bfee793eda6e4273,2024-02-28,1728340033
9f0ea799f0e80e57,2024-02-07,1728340033
6d4ca7a1d33aa59b,2024-02-14,1728340033
bc1ad7d853a0dcbe,2024-03-20,1728340033
c37ecb9b780ab369,2024-04-15,1728340033
2026105b356f5194,2024-06-12,1728340033
b7f226cfa74ac787,2024-04-24,1728340033
4cc029a6b7f6aa32,2024-04-10,1728340033
6f81122181d38345,2024-06-19,1728340033
ea1dbdfc6e13bfe2,2024-09-11,1728340033
5800b64a52993915,2024-07-24,1728340033
070623dbb965e031,2024-09-04,1728340033
2b3d7683a9028d31,2024-08-07,1728340033
184ff3797ff8a662,2024-09-18,1728340033
3c51fa57437c18e5,2024-11-27,1728340033
9206aa991f125f57,2024-11-13,1728340033
b6d02248fd212e52,2024-11-20,1728340033
753624b3415f12e2,2024-10-23,1728340033
731ba5e138ce81ba,2024-12-29,1728340033
38e6325ef8e8ca2b,2024-10-16,1728340033
c61a31413ad57d42,2025-02-16,1728340033
ad64da18068dfe89,2025-01-19,1728340033
24f2b59404f0e10c,2025-01-12,1728340033
1ae468846772ab8f,2025-03-02,1728340033
172461d0ae21e028,2025-05-11,1728340033
28da5e0bb138badb,2025-04-20,1728340033
4c7f573919cd8751,2025-06-15,1728340033
8442839b86b6ed4a,2025-04-27,1728340033
7a9208fc2dbc29c5,2025-06-22,1728340033
5ede8b5a16f74a09,2025-06-29,1728340033
201fe6a8b8f9ce42,2025-08-10,1728340033
f4fa57548f17fb05,2025-09-07,1728340033
fc4f2a9b8993ef73,2025-07-20,1728340033
f1a14a1f121e3e93,2025-09-14,1728340033
217999034b7e868a,2025-07-13,1728340033
0ebafb25eec96cbb,2025-07-06,1728340033
14e5db75b6dedb81,2025-10-19,1728340033
7306e2f2b3e189b2,2025-12-28,1728340033
72f4b86d5c093e70,2025-12-14,1728340033
f95efd64f58638b6,2025-12-21,1728340033
b4105d0a3ea0bb75,2025-10-12,1728340033
21e53671769e37b1,2025-11-23,1728340033
50edd95c346e7793,2026-01-25,1728340033
3cf2a8482de34d91,2026-03-29,1728340033
0caf8d7b1ab523fd,2026-01-11,1728340033
697036f10055518d,2026-03-22,1728340033
148432f628878788,2026-02-01,1728340033
76ad613b0c7485c1,2026-02-15,1728340033
1113f65485f560bf,2026-05-24,1728340033
bc4ef7ea56c7d6dd,2026-06-07,1728340033
7f327695462cf562,2026-06-28,1728340033
7cd2f84f6c87ed4d,2026-04-19,1728340033
08e2bcf08bda632a,2026-05-10,1728340033
74a06ac40f5b29c8,2026-04-12,1728340033
1d3f54cf2c222ac1,2026-07-12,1728340033
00cc0cac6d4d7508,2026-07-05,1728340033
cc47c2cda16518dc,2022-03-05,1730358737
57f25601571dd1c0,2024-03-20,1730358737
66bf0b465d49b9b4,2024-03-12,1730358737
d1690db596af738a,2024-02-15,1730358737
c4d041e4842e9359,2024-02-29,1730358737
5d76a41b8ad53663,2024-02-21,1730358737
f1b0ab86f010a2a8,2024-05-24,1730358737
3b2ed13257156d56,2024-05-27,1730358737
eb7ba2dc7e7dab99,2024-06-25,1730358737
ab25c664c4cc8fab,2024-05-06,1730358737
66f3e74697749615,2024-09-23,1730358737
b5224a344d4da455,2024-08-31,1730358737
51b99c34cf939883,2024-08-30,1730358737
3bdd9cd1ee79bea5,2024-07-29,1730358737
30a6780bd7941e2c,2024-07-30,1730358737
9ef6a334172a5776,2024-09-20,1730358737
65a5754cfb50af6e,2024-10-14,1730358737
b81e9d00b747a963,2024-12-01,1730358737
46fc2615cabf9844,2024-10-18,1730358737
54aed8039fd56453,2024-10-03,1730358737
1ef9584c47d9e564,2024-11-15,1730358737
c963a28ffff58aed,2024-12-12,1730358737
11aad1ee6d48c269,2025-01-26,1730358737
136b4b9d4d7abd72,2025-03-03,1730358737
a0bec62df17e527d,2025-01-22,1730358737
2f1d047ca777fb6d,2025-02-27,1730358737
9a4bb1a52d979f85,2025-01-27,1730358737
9d9037f55c61bda1,2025-03-02,1730358737
5507a5695c4774ac,2025-06-20,1730358737
07b88daff73f7d93,2025-05-21,1730358737
2c8f04f2d61203c4,2025-04-27,1730358737
2aa0e522508cf33c,2025-05-27,1730358737
8a440ffc0dad58f9,2025-04-28,1730358737
5477fdaa3a878d13,2025-05-01,1730358737
57c4efac8065d9f7,2025-08-06,1730358737
f7273034943dc37f,2025-08-20,1730358737
fd0f83ca8e01c816,2025-08-24,1730358737
5cf856e46d2a3519,2025-09-28,1730358737
0e7edd0891475e38,2025-08-31,1730358737
b28314bf9ab8ea8a,2025-09-29,1730358737
ff9dc88d33828e10,2025-11-27,1730358737
7c25cb02437713fa,2025-12-12,1730358737
a01db8508fe1b6a2,2025-11-11,1730358737
8f89d8e1f928f181,2025-10-04,1730358737
779bcec871d933ad,2025-10-09,1730358737
bbe900ee84a02064,2025-10-16,1730358737
83bf3053e0eb2202,2026-01-24,1730358737
9f274cb53c783876,2026-01-13,1730358737
2f760e3eeaa5811e,2026-01-04,1730358737
c4de3cc880b45222,2026-02-27,1730358737
d30a7796f1ca0b43,2026-02-13,1730358737
44b1332e90a018a0,2026-01-26,1730358737
8e74cb2bf4a11ff7,2026-05-24,1730358737
f27603a1de81d39b,2026-06-09,1730358737
23e6e5ce158ae42b,2026-04-13,1730358737
f8269a4bb4176a6a,2026-06-22,1730358737
3a9181723b233b42,2026-04-14,1730358737
def720a16a75c432,2026-05-26,1730358737
b5b6428d8c559d1e,2026-07-04,1730358737
e565de17f5465df5,2026-07-10,1730358737
f061c9efd385966e,2026-07-11,1730358737
2afab877e864727a,2026-07-06,1730358737
3f256a95a01d5139,2026-07-09,1730358737
3b14039f355f5c19,2026-07-03,1730358737
aee56f1cc4bbef2e,2024-05-24,1743030473
4b98225338be31e7,2024-05-03,1743030473
733ec499f4069d8e,2024-04-24,1743030473
983ed3470ef81c9a,2024-06-28,1743030473
e58a747f9872115a,2024-06-21,1743030473
99a0ae2542a25d64,2024-06-14,1743030473
f62cfe5ff98b923d,2024-09-30,1743030473
2ee0353a60c7bf02,2024-07-24,1743030473
03acd030e4fdf4a9,2024-09-27,1743030473
6a120c3f8bc60dab,2024-09-20,1743030473
d28ed066dcc29937,2024-07-26,1743030473
82fc437c47503818,2024-08-23,1743030473
0125278119892223,2024-10-18,1743030473
41969dce7e3a73b9,2024-11-03,1743030473
60a602e10ceca88c,2024-10-29,1743030473
98627de69d8cec83,2024-10-31,1743030473
3543353593232bb8,2024-11-15,1743030473
6d0657d10f388cea,2024-11-06,1743030473
cf2501162d1c831b,2025-03-28,1743030473
606af9b60aa915e0,2025-03-11,1743030473
188aac9806adb70f,2025-02-28,1743030473
de172385f1fbcd19,2025-03-21,1743030473
1f940555b9ec7198,2025-01-21,1743030473
1965d07c67a5e380,2025-02-14,1743030473
68755ea3fcaf48a9,2025-04-08,1743030473
8373a19ff0e6e107,2025-05-16,1743030473
8b6fd09cce81c485,2025-06-06,1743030473
60ab62984d86250a,2025-04-17,1743030473
7298e13ff5e34737,2025-04-10,1743030473
84bc76016cfd6e55,2025-04-02,1743030473
cfdbb210f5435d17,2025-09-10,1743030473
f23b400532ce1059,2025-09-16,1743030473
d23dfc47c27fdc70,2025-07-10,1743030473
4f8420acdecc0e72,2025-07-25,1743030473
6eb7dbab1528bba5,2025-09-26,1743030473
255d49a03d2ed1b5,2025-09-26,1743030473
09bd0bbe76215dbe,2025-10-21,1743030473
c2b4a5a900c172c8,2025-12-05,1743030473
26131bce38536f62,2025-10-03,1743030473
43cec595716b4990,2025-11-05,1743030473
22e2afaaad9e78fa,2025-12-09,1743030473
83ddddd364ff70a7,2025-11-05,1743030473
a3805667463c8781,2026-03-24,1743030473
4858b2052863c26f,2026-03-20,1743030473
b9c2766284ef9283,2026-03-10,1743030473
b0d77ed9eac939f6,2026-03-17,1743030473
3cf563ea9b3398de,2026-02-27,1743030473
241f9ce1fa3dd6e0,2026-01-02,1743030473
b86c59d30c49c47e,2026-06-09,1743030473
c37d331c8549f928,2026-05-15,1743030473
97b16ef20bde4ea9,2026-05-14,1743030473
5b27ba20e5715481,2026-04-14,1743030473
db102656f4ed813c,2026-06-16,1743030473
0e43ab93eb475250,2026-05-12,1743030473
c587feed32804a1d,2026-07-03,1743030473
017a3a6b13690c2d,2026-07-10,1743030473
0cd88af28b1b43c9,2026-07-10,1743030473
8458de3fc391e201,2026-07-14,1743030473
80a293cfc0495c9c,2026-07-07,1743030473
d1291aaf53c1487b,2024-06-08,1750591415
277913b13b473f86,2024-06-15,1750591415
4bc3e45486d9fefa,2024-06-14,1750591415
9a2c135cd44e2c33,2024-06-21,1750591415
bf3fb32f107c0d35,2024-06-12,1750591415
24d70506246b2e14,2024-07-17,1750591415
961b135fa761bb2c,2024-08-07,1750591415
0298df0741ecda0a,2024-07-15,1750591415
da196cb2bdc30a89,2024-09-21,1750591415
316eabe7930d94bb,2024-07-24,1750591415
14c0a3c4e74dc848,2024-09-25,1750591415
2209aa07dc7ae9bc,2024-11-02,1750591415
e56b78aaeba0ca4a,2024-10-23,1750591415
f76ff602cdeb8c73,2024-11-27,1750591415
2dd2e76d8fb8fce4,2024-12-14,1750591415
e83a4bcc2927c0c4,2024-12-27,1750591415
cdc98f2e801b02bb,2024-10-03,1750591415
d32a0c2f17fef290,2025-02-06,1750591415
afeecdd3910d2072,2025-02-11,1750591415
84fb737b3b5aaff6,2025-02-28,1750591415
c970b9d153f3d5ec,2025-01-22,1750591415
49a503e06566c150,2025-03-29,1750591415
a72b0dd9156cd0ca,2025-01-29,1750591415
93c5b9f3c6aebaf2,2025-04-04,1750591415
106260d4bab741f9,2025-06-18,1750591415
26f69726635d8cff,2025-05-16,1750591415
e53b3cbed44f5392,2025-06-05,1750591415
bc9c4108c4b16890,2025-04-18,1750591415
a53497bbd840e027,2025-05-29,1750591415
4255c5a0c8b69635,2025-09-17,1750591415
8111216fc20a1613,2025-07-01,1750591415
896eaad9d69be9ea,2025-07-25,1750591415
3cd0a8bdf8da805b,2025-09-10,1750591415
c7ddd9553b26a82a,2025-07-29,1750591415
2f046b236a893027,2025-07-22,1750591415
264d4d26144266bd,2025-12-03,1750591415
c5b42a9f43df4db2,2025-12-05,1750591415
907c97b1d85de8c1,2025-11-19,1750591415
86d1ff7642521363,2025-11-21,1750591415
c538693144af9ea1,2025-12-20,1750591415
0e431c07a63d2ecf,2025-10-02,1750591415
e34c847461a5c03b,2026-02-13,1750591415
2c60c672e06a956e,2026-01-06,1750591415
c69a6ffe1bb2a8ca,2026-03-25,1750591415
88014c2b36bae48b,2026-02-12,1750591415
f03c749e084e063c,2026-02-05,1750591415
86261bb92813c5d8,2026-01-23,1750591415
c28fe9cef0309a1a,2026-05-20,1750591415
eda0a601fe98e75e,2026-04-23,1750591415
1f30f64ccf1041ff,2026-06-26,1750591415
d14676a206820535,2026-04-02,1750591415
d0f4df62b0c1a578,2026-04-14,1750591415
bc857ef471c849e9,2026-05-13,1750591415
597846f84ebc3c6c,2026-07-14,1750591415
fd8d758c5e40f211,2024-06-28,1751785203
3a699ce0917cfc6e,2024-06-06,1751785203
ee77c3a55fd9d620,2024-06-05,1751785203
05595ae8e4700ce7,2024-06-19,1751785203
59915831511f5aed,2024-06-18,1751785203
75c4855f662fa974,2024-07-18,1751785203
6d751fbb74c42f26,2024-07-22,1751785203
1ba4dfb1edb2183c,2024-07-03,1751785203
1ad4a330937cceae,2024-07-31,1751785203
7b53bff74b1fba79,2024-09-03,1751785203
f1989d154732f3f2,2024-07-26,1751785203
759ea88d5b310e7a,2024-10-23,1751785203
c539160c52196b2a,2024-11-21,1751785203
932c161d182b9591,2024-10-09,1751785203
b9cfc62729beaf45,2024-11-05,1751785203
129b9ef3590553df,2024-12-25,1751785203
5b0a21822320a00b,2024-11-12,1751785203
751fb63aa4b10c2b,2025-02-06,1751785203
c93db392f932275f,2025-02-02,1751785203
911064a21d4ae515,2025-01-13,1751785203
badf8643b9cd4798,2025-02-10,1751785203
a4b7be4c534fcffa,2025-02-22,1751785203
c9e09c4dea6f8ea3,2025-01-21,1751785203
f3762b04b8792641,2025-05-14,1751785203
c5587247340391d0,2025-04-18,1751785203
a05d3f628a6f77a7,2025-05-30,1751785203
df7cf9b6e986288d,2025-05-12,1751785203
3dff47e045c7f360,2025-04-10,1751785203
d46bebc92e191930,2025-04-17,1751785203
f9211c6b95fb6107,2025-07-14,1751785203
272277254a741e4f,2025-08-12,1751785203
1765ce53930a863c,2025-09-25,1751785203
c8fd84a7e500c147,2025-08-18,1751785203
a424fc77e5c93fd2,2025-07-30,1751785203
2be4e21963266bbb,2025-09-10,1751785203
764ccdede0a802ea,2025-10-07,1751785203
ca8c5b5ae67bc648,2025-12-02,1751785203
3f7093bfc709dc69,2025-11-07,1751785203
e3c080bb03634ad5,2025-10-13,1751785203
8bbf407cea98c110,2025-10-08,1751785203
0cc8572a40b703de,2025-10-24,1751785203
e674d0461a71a826,2026-02-05,1751785203
e9151fdb59b48657,2026-01-09,1751785203
0b2a057bdc1d7722,2026-02-26,1751785203
b4d365b6515a8f85,2026-02-24,1751785203
5e6137eede2bfbae,2026-03-31,1751785203
24792f819ea3ab8f,2026-01-08,1751785203
f970ccfd93939f5f,2026-04-20,1751785203
2d8e4d297dd77c0a,2026-06-23,1751785203
f3d4495b92e9a8b9,2026-05-29,1751785203
e60658ad17044800,2026-04-06,1751785203
2242a52bcdb9362d,2026-05-11,1751785203
44ba07ad7af7b941,2026-04-30,1751785203
2e611e9b07fad61a,2026-07-08,1751785203
4baf775d204d7d30,2026-07-04,1751785203
8ed702580fe9cdae,2026-07-10,1751785203
f1d6406678c5044a,2026-07-12,1751785203
57b707c8b1f7cb90,2024-09-27,1763234285
f9dac5f821a08968,2024-09-26,1767877239
00d066fd06873335,2024-09-11,1767877239
d61e23ee8e9f65f6,2024-09-19,1767877239
950b6de111e80135,2024-09-11,1767877239
b9b060b4672672fd,2024-10-31,1767877239
631491dab87366b2,2024-10-17,1767877239
7f6c41c88fab27be,2024-10-24,1767877239
fb8a22d00edc2ce3,2024-12-19,1767877239
9bd7ca65e8e5796a,2024-12-12,1767877239
5e86f5af4a720e79,2025-02-27,1767877239
5460c3370b365076,2025-01-16,1767877239
ec8edfd3dbaa682f,2025-03-20,1767877239
a80243bb10b28254,2025-03-13,1767877239
795358288fcdccc9,2025-01-30,1767877239
f682e1c327e82a1a,2025-03-27,1767877239
6062300dfd43ee57,2025-04-10,1767877239
d6e5a2ea709959e7,2025-05-29,1767877239
85b38bc877acce6a,2025-06-05,1767877239
964ba2928bdf40e3,2025-05-22,1767877239
13c62ee43c81ec3a,2025-05-01,1767877239
31e953d903942f3c,2025-04-03,1767877239
f96610efd6ecbd94,2025-09-18,1767877239
a9b55e7746df022e,2025-07-31,1767877239
18c0802b8109e37c,2025-07-03,1767877239
4d8d7a47e8de6cd3,2025-07-17,1767877239
f0bb057eddb154ff,2025-09-04,1767877239
080fd9309358ceea,2025-09-11,1767877239
6fbceca4f9d3d02a,2025-10-09,1767877239
8033caac7b5966fe,2025-11-20,1767877239
fd744a8574d66649,2025-12-04,1767877239
ddf0416fc306454a,2025-10-02,1767877239
1a33797bd724cb05,2025-12-25,1767877239
aaa5725f5c309269,2025-12-11,1767877239
959ae49c2365595f,2026-02-12,1767877239
642ecc4b690e6b38,2026-01-22,1767877239
4ced7fa86f029c7c,2026-01-01,1767877239
b96f3b046d7b0e0f,2026-01-29,1767877239
5e7a85c5fab1a3f6,2026-03-26,1767877239
559cd767dfa34be1,2026-03-05,1767877239
e1718dff2d2fded7,2026-05-21,1767877239
30f11e3ea69e7aef,2026-04-30,1767877239
b1bc3c511470797f,2026-06-11,1767877239
09effba732a9ec79,2026-04-09,1767877239
f3b873f2d2392309,2026-06-04,1767877239
353a0069d82aadad,2026-05-28,1767877239
f564dcb890e5c2ae,2026-07-09,1767877239
ebb19fc3325b4427,2026-07-02,1767877239
62c2b52cc70a490e,2024-09-10,1774505095
7c57c9b4b9eca0f6,2024-09-17,1774505095
d534f57cfae7555b,2024-09-24,1774505095
fac816ce05431aab,2024-10-01,1774505095
8d7f46f534f3e8b2,2024-10-29,1774505095
f91fc779e0003fa6,2024-10-23,1774505095
6963e0b2f2c16688,2024-10-08,1774505095
9692b266781644a2,2024-12-03,1774505095
6ca527d5bd0bbb35,2024-11-12,1774505095
332aaa09340a4463,2025-01-14,1774505095
fd6d733525aee299,2025-02-11,1774505095
e3f649025dfe26b2,2025-01-31,1774505095
05fe1a7977912c21,2025-01-22,1774505095
8bc5e2484f168985,2025-02-14,1774505095
7ca444711929cbcb,2025-01-28,1774505095
9c8c03be4381725f,2025-06-18,1774505095
37444da0dd869a2c,2025-04-22,1774505095
7fec169cbcccf369,2025-05-02,1774505095
f0717e6edda83122,2025-04-04,1774505095
841d803e6b00e215,2025-05-16,1774505095
1e3cba2c8019acea,2025-04-11,1774505095
e003d8c3f0a131fd,2025-07-18,1774505095
252ae9217cbf7c4e,2025-07-09,1774505095
8446453ddd655567,2025-08-23,1774505095
f89cc6e41fe4eb44,2025-09-17,1774505095
c2671e1d9d1c6411,2025-07-16,1774505095
ebae620a4f863477,2025-07-04,1774505095
887fb133e25ee517,2025-10-24,1774505095
b8893524356b65a9,2025-12-19,1774505095
2207d2c0011e9fbd,2025-10-08,1774505095
efe20a2d89bece55,2025-12-12,1774505095
e6cc5ee9e4f7f6b8,2025-10-31,1774505095
fd5177e4f04c6955,2025-12-17,1774505095
329f15f3aaed1d08,2026-03-07,1774505095
afeab58ccdc33190,2026-03-18,1774505095
d150e9bf4fdbb98c,2026-02-27,1774505095
87a270ab2b1110b0,2026-03-04,1774505095
9d0e9b368c1b9d35,2026-02-13,1774505095
861d1cc2e299ba1c,2026-01-30,1774505095
c3851496a8ddfe1b,2026-04-04,1774505095
3b5bed13510efd0f,2026-04-18,1774505095
af012f4c6f9b6f57,2026-04-08,1774505095
00c0560fcc9a5804,2026-04-03,1774505095
527c639b43a94982,2026-04-09,1774505095
f23e59befa190c39,2026-04-28,1774505095
dffb95ba906dffa2,2026-07-10,1774505095
13de1e9301590d59,2026-07-03,1774505095
0d574847bc5f0083,2026-07-01,1774505095
4c5cb8fa02565b9d,2026-07-08,1774505095
dc27fb9a51b94ae4,2026-07-07,1774505095
d88aab2f0daf49dc,2024-12-16,1785081636
b92127388dddb090,2024-12-27,1785081636
82b9878abee90e31,2024-12-23,1785081636
fbe7a00e4dd812d4,2024-12-13,1785081636
9318f41c7851465b,2025-02-22,1785081636
f0ebc341b0b3c5e4,2025-03-19,1785081636
0f0ee0de316cc3da,2025-01-03,1785081636
04647c5be2472788,2025-02-17,1785081636
40f9ad598d26c7fc,2025-02-15,1785081636
2013438a15191501,2025-03-22,1785081636
dd4beb1865839675,2025-06-27,1785081636
853f9c3acad64fa8,2025-06-06,1785081636
9babf6a50e1a5161,2025-04-11,1785081636
ef62309f5d007207,2025-06-21,1785081636
b58da452eeae670e,2025-05-12,1785081636
1334e9f5793766f7,2025-05-22,1785081636
b6aae7d3cc0cd0ee,2025-07-25,1785081636
73a343033ca43744,2025-07-30,1785081636
b94fa2a9d5104f82,2025-08-04,1785081636
9d60772a92b00fcb,2025-07-09,1785081636
8b4cf98916de2c05,2025-09-26,1785081636
1586d7feaa275cd0,2025-08-13,1785081636
37a1c463284ba215,2025-11-25,1785081636
8b48d7f79d149f2e,2025-10-31,1785081636
3bdf6fd50a159e6c,2025-12-18,1785081636
9533dd275951fc58,2025-11-02,1785081636
e4a95e8f5eefa5dd,2025-10-23,1785081636
4f4a6e0de5fb1c36,2025-12-24,1785081636
79e3f39cb01783e2,2026-02-21,1785081636
1fc61823426f4442,2026-01-24,1785081636
8e3903e3966d797e,2026-01-30,1785081636
8cbea5d469b92431,2026-03-19,1785081636
dd97122ab38100ce,2026-03-17,1785081636
e2868d82c72fb77d,2026-03-11,1785081636
52d4dd49d1713ac9,2026-06-05,1785081636
600c801935ed4f30,2026-05-07,1785081636
35bec640bbab3a09,2026-06-20,1785081636
7e94c516b7ba8aec,2026-05-04,1785081636
489f4b42c81c3708,2026-04-13,1785081636
24189997e8dfb0dd,2026-06-22,1785081636
ef42b5eb0bcc3000,2026-07-13,1785081636
0f807dfed39c0da5,2026-07-03,1785081636
935b7012074f585f,2026-07-02,1785081636
4f360b1cb6deeb61,2025-02-22,1788738240
65ebd889873425a8,2025-03-03,1788891712
c1c8e0b10f2a4e68,2025-02-03,1788891712
e072c952c5d31e16,2025-03-10,1788891712
236ef00c40931795,2025-02-10,1788891712
24c2f65f4ef49348,2025-01-06,1788891712
6fe45d8f520f3529,2025-03-31,1788891712
88f85e8f09e2e773,2025-05-15,1788891712
a3ba99c276f574e7,2025-04-14,1788891712
f9a407c06dfef146,2025-05-19,1788891712
25f99f7d10a928be,2025-04-28,1788891712
3c9447172ae6b7ce,2025-06-16,1788891712
54edc56f169726b1,2025-05-29,1788891712
a01f822b07b2706d,2025-08-28,1788891712
39a20121a161c51e,2025-07-31,1788891712
53faf99760055423,2025-08-04,1788891712
49a2a981c364b8f3,2025-09-18,1788891712
d65869ef72fced95,2025-09-25,1788891712
db7ce8a8166f3321,2025-07-14,1788891712
5659d83f7f500b2e,2025-12-04,1788891712
df8b433d57006c3b,2025-10-13,1788891712
47ac3da80690e978,2025-11-03,1788891712
5e28e10ff261112d,2025-10-20,1788891712
804d088e7b6f0d73,2025-10-02,1788891712
4b98babde44a5a27,2025-12-22,1788891712
46ca0f8b0e625a51,2026-02-06,1788891712
b9a84953d8a511d8,2026-02-02,1788891712
a022399fe2ff0e34,2026-01-26,1788891712
7b7fdc8c862bb759,2026-02-13,1788891712
636b43106fcfa3a0,2026-03-23,1788891712
c982bfa80af18ebf,2026-03-18,1788891712
d047e8f7ff5c369b,2026-06-15,1788891712
f765626eac0378c8,2026-05-29,1788891712
cda7e538f3ed2cf5,2026-05-22,1788891712
95dba391822defbd,2026-06-01,1788891712
3e32c52718b189d1,2026-04-01,1788891712
9de89fea62eeddd6,2026-06-22,1788891712
c6017c07c5ace094,2026-07-10,1788891712
25bebc7862430f54,2026-07-13,1788891712
d7669749015054c5,2026-07-08,1788891712
63a48d551e0e273f,2026-07-03,1788891712
137fb2d66bd5a2d9,2026-07-04,1788891712
f0151fc41887bb7f,2026-07-01,1788891712
89af1d4d2186abb4,2020-01-29,1790957194
b7ea929836cf9cb4,2020-01-25,1790957194
7fcea4f7427b6835,2020-01-30,1790957194
a3d5217a3fb68ba9,2020-03-22,1790957194
287dd00f46f19432,2020-01-22,1790957194
b1f3080e4597c396,2020-04-29,1790957194
f477a130358cf17d,2020-05-16,1790957194
d88491a47e4b9db4,2020-05-29,1790957194
b8aa7aae034412c3,2020-06-16,1790957194
f4d23d7c4885f572,2020-08-11,1790957194
72b91c81ee9b9cdf,2020-08-13,1790957194
5fc2c1a540e3ec6a,2020-08-15,1790957194
e72b9f80d333f97f,2020-08-29,1790957194
5c84e27f9d8e19ce,2020-09-19,1790957194
750685e70aa8d7ea,2020-12-11,1790957194
d048c4a9fa8870f8,2020-11-12,1790957194
f94779091db6b940,2020-12-08,1790957194
0be9e3efab6c96ea,2020-10-21,1790957194
1a3050530841b1b2,2020-10-28,1790957194
1cdc7829e85cf750,2021-02-12,1790957194
1234b041bfcddb2c,2021-03-24,1790957194
0f54a78247f86c70,2021-02-11,1790957194
d9ac4c0321bf10d9,2021-01-23,1790957194
ec58d56207d1497a,2021-02-12,1790957194
60387f3c76ef29f3,2021-05-12,1790957194
9fcd356eb6591e22,2021-05-17,1790957194
8166718abe535f98,2021-05-20,1790957194
48c0bac0f7b52b97,2021-05-03,1790957194
3d1dc0244bc98449,2021-05-27,1790957194
2c47a29107895827,2021-08-26,1790957194
8826a9279678e5b3,2021-07-06,1790957194
0e825826cf7ba77a,2021-08-30,1790957194
023e034f13281a3a,2021-07-27,1790957194
c3edaa6370a7289b,2021-09-17,1790957194
67f2ac281754cac4,2021-12-23,1790957194
a90a9e10ca7cdd66,2021-10-18,1790957194
289d4e9cc5171e08,2021-11-11,1790957194
be4cc53fb28dd074,2021-12-18,1790957194
bba4c7344d6f8cad,2021-10-15,1790957194
9a3d6a53df03acb5,2022-03-24,1790957194
4af84ff44a9cfc68,2022-01-18,1790957194
3b4956cc24a4916a,2022-02-15,1790957194
3b4f5eb1dc47777e,2022-03-01,1790957194
8534b2f2df59b941,2022-03-10,1790957194
32fd5c26c891d823,2022-05-19,1790957194
071aab5f6ff67406,2022-05-13,1790957194
0d328c25915f84fc,2022-05-05,1790957194
097bd7f6b525258a,2022-08-04,1790957194
bf120f977987ff60,2022-08-12,1790957194
8357a75c1330fc16,2022-07-10,1790957194
ca106b1b56d08c8e,2022-09-11,1790957194
49f0957cf98e22aa,2022-08-26,1790957194
551ecf199a641ad4,2022-12-27,1790957194
5699fdd7e65f24a7,2022-10-08,1790957194
733fd05a086c835e,2022-10-28,1790957194
b9f5198a19eadf91,2022-10-14,1790957194
05bd5cc256316a05,2023-01-11,1790957194
8f4e24a4cff33d4d,2023-02-06,1790957194
a04b7ea8597ef6a2,2023-02-01,1790957194
f2fe85a51950e3a0,2023-01-20,1790957194
6e41ed9ead6f5fae,2023-01-27,1790957194
a470298fca4cfcb6,2023-04-03,1790957194
6027f3e2ebe25347,2023-04-21,1790957194
8cd31e3486e5ab31,2023-05-24,1790957194
8bfd31170eec1bd7,2023-05-22,1790957194
59a6412f511c01cb,2023-05-15,1790957194
8c0b4b2163d70cd7,2023-08-21,1790957194
5d88460d48a68bca,2023-07-17,1790957194
448460488e23d0e7,2023-09-08,1790957194
913c3775323e31f2,2023-08-16,1790957194
323908d90b224e61,2023-10-27,1790957194
76578b9835ce9400,2023-12-08,1790957194
53a12a87aae8ec11,2023-11-04,1790957194
04c38389ada5fab0,2023-11-11,1790957194
9d005ffd3b025532,2023-12-01,1790957194
65c8bbe1d27a8cec,2024-01-13,1790957194
f39a86524c498e65,2024-01-31,1790957194
d0f43b880dd2e10e,2024-03-23,1790957194
57b569f258235f3f,2024-02-26,1790957194
69c68968f51b205d,2024-01-20,1790957194
2e896a2076ce9d05,2024-04-27,1790957194
0db48a9b1af9a743,2024-06-07,1790957194
502394974b4ef0c8,2024-05-13,1790957194
64d09388e86ee70e,2024-05-27,1790957194
c1a9b171e82cd36a,2024-07-20,1790957194
3e97b99465898aec,2024-07-01,1790957194
db712ac7bc51c05a,2024-07-18,1790957194
5f42d2d21b23c8de,2024-08-17,1790957194
db2dee1d5f846e3f,2024-07-15,1790957194
37547eabb4cf10e3,2024-11-23,1790957194
844d36313b4d1b9f,2024-12-27,1790957194
5a155bf6f765b41d,2024-12-11,1790957194
b32176e8e4ea31aa,2024-11-27,1790957194
d13cfb7824782f87,2024-10-11,1790957194
ef3bd40399b1e16a,2024-12-18,1790957194
3f7e2028f4e4e215,2025-01-22,1790957194
1e7aff74a5ba94fa,2025-01-31,1790957194
234dfcc46abb3ade,2025-02-17,1790957194
43ddd81e61ffef3e,2025-03-01,1790957194
64dc14e5e8f680b4,2025-03-18,1790957194
d0c25600fa1ea2c4,2025-03-04,1790957194
5afdf39feda27855,2025-06-28,1790957194
e38088dbd5835068,2025-04-21,1790957194
e1fd0a21723c7668,2025-05-12,1790957194
35ad061f4f0618bb,2025-06-27,1790957194
29567e09971939c1,2025-04-30,1790957194
eeacb8092aae0584,2025-04-05,1790957194
83f1a9a02e484831,2025-07-05,1790957194
8c5d0cb04e553668,2025-09-08,1790957194
bf0e7a3ea84e9719,2025-07-22,1790957194
fee553cd7b976e87,2025-08-13,1790957194
5d8302278966e61a,2025-07-26,1790957194
eaf1dfcb8c1b3ea0,2025-08-22,1790957194
1da1340cd0c9466f,2025-11-17,1790957194
210469bf21ea201a,2025-11-14,1790957194
496209fd46e2b3a9,2025-11-13,1790957194
e823dc6d7628b3b3,2025-10-31,1790957194
f9859ca31ec6130e,2025-12-15,1790957194
ab6a6bbf55bb13a4,2025-11-05,1790957194
a523c8f5d79064d2,2026-03-12,1790957194
7cb382ae77dbf712,2026-01-30,1790957194
075c4577d27678ef,2026-03-18,1790957194
39a7411522bdf1e5,2026-02-07,1790957194
e02298145a00be91,2026-03-02,1790957194
84c12801fffccc83,2026-01-19,1790957194
1b3911dfe8abe2ad,2026-05-07,1790957194
1b580afa9d4b1c73,2026-04-03,1790957194
640ed79af0f0bae0,2026-06-10,1790957194
1156aa31a9514762,2026-06-26,1790957194
6ad2f95d49cec4c2,2026-05-23,1790957194
69f5fc028b902662,2026-05-20,1790957194
b0602f527156d9f3,2026-07-10,1790957194
a7604eb742911db5,2026-07-11,1790957194
acf516ed02d710cd,2026-07-11,1790957194
3a91795edac444dc,2026-07-06,1790957194
5fce789af4b7b0fb,2026-07-06,1790957194
8964785d68b8e571,2026-07-02,1790957194
99adb1b4b64f4590,2026-01-24,1794450472
d669974074f99dde,2026-02-20,1794450472
6bca374bed646a36,2026-03-04,1794450472
834924376898c3a3,2026-01-22,1794450472
d89e602241c9566a,2026-01-20,1794450472
3cc785f24433c015,2026-03-16,1794450472
473434a4cf1c2dff,2026-05-11,1794450472
acdf41b3b3b81c59,2026-05-19,1794450472
dd550c379d0fa4a1,2026-04-11,1794450472
7e0a9c4dc45d787e,2026-05-06,1794450472
440c0ad79beaec4a,2026-06-05,1794450472
028ec79a75a3ada6,2026-06-14,1794450472
42b90bab96a52ffb,2026-07-04,1794450472
36c9ee0dd8194563,2026-07-13,1794450472
5cbcbaf3faa76d7e,2026-07-01,1794450472
0f4433313c214738,2026-07-02,1794450472
a567657b2dd06066,2026-07-06,1794450472
3e80489753835f6b,2025-02-25,1795032531
a893b83357d0425d,2025-02-10,1795032531
cd7f1606d124b193,2025-03-05,1795032531
3eb5a9a97e554090,2025-03-10,1795032531
2445d164285e0ff3,2025-02-18,1795032531
0c6731e74e334927,2025-02-03,1795032531
d0c3ed3f945e0aaf,2025-06-17,1795032531
383ac1a5571b06ee,2025-06-23,1795032531
9a922777503ed4e3,2025-05-22,1795032531
9085b51e255aecec,2025-04-25,1795032531
1e7a4a2ce6f5531e,2025-06-14,1795032531
c41da22fff68cea5,2025-05-16,1795032531
4f2bba0b258ebbcc,2025-07-09,1795032531
21c34fe23faa8b4b,2025-07-30,1795032531
630d46bfc32e9787,2025-09-24,1795032531
29e24680b3ebfebf,2025-09-03,1795032531
3e89000a05a1018c,2025-08-23,1795032531
e212b54566f298a9,2025-08-01,1795032531
c893077d2996d598,2025-10-02,1795032531
2001f9ec5a8a44a8,2025-11-11,1795032531
32087e4647c2f7cf,2025-12-04,1795032531
d1275641826cf852,2025-11-03,1795032531
b905d2b72d3f915d,2025-10-21,1795032531
7eb0de20e07189b4,2025-11-19,1795032531
49ab1cfad0c71a13,2026-01-12,1795032531
17158eb3076af6ee,2026-01-08,1795032531
811884aea7b57133,2026-06-01,1795032531
7c4dd636d58fd89a,2026-06-03,1795032531
b0371dfdc481775c,2026-05-28,1795032531
9ea610bf65aba853,2026-06-09,1795032531
dc1818b624daa48c,2026-06-02,1795032531
310331247b1fb130,2026-07-09,1795032531
96e19a85ecc201f4,2026-07-10,1795032531
7c272ca26ead2ce9,2026-07-13,1795032531
f4457610384d0243,2025-03-13,1798460240
8e7d8421633baea4,2025-03-25,1798460240
4e68b7e6ac6677e8,2025-03-18,1798460240
c3ab60e0422a53eb,2025-03-06,1798460240
1a534a834608770b,2025-03-11,1798460240
b0a3fbdc6d50cbff,2025-03-27,1798460240
11077b407880283a,2025-06-10,1798460240
cf62694daf902d36,2025-04-10,1798460240
ee844daa777ef3f3,2025-06-03,1798460240
e4220de0b6f4d090,2025-05-08,1798460240
2032282252302c57,2025-04-01,1798460240
644edcfc3ad43fba,2025-04-08,1798460240
eacf0d3527f6d524,2025-08-21,1798460240
97eb92df31ab6bac,2025-08-06,1798460240
480bb97d029d7b6a,2025-09-03,1798460240
f0fddb0b7070986b,2025-09-23,1798460240
7ad1925d379dd766,2025-09-02,1798460240
1b0295f82f84b181,2025-07-03,1798460240
d390c01bdb0aa4c4,2025-10-30,1798460240
796b30b22939cecd,2025-11-11,1798460240
183bc8f5b7becae2,2025-11-18,1798460240
559901c0edf2de26,2025-11-27,1798460240
65a2c335b7259185,2025-10-09,1798460240
a8feaec0d613730d,2025-12-04,1798460240
ff8d8d2ea2146d39,2026-01-21,1798460240
66fd183b4262b9d6,2026-03-19,1798460240
1cb1e971ac9f1824,2026-03-10,1798460240
03ac96ebe30fce70,2026-03-05,1798460240
b4d247c57011663f,2026-02-24,1798460240
5c098601d3f1e6e3,2026-02-03,1798460240
d234a9a6bc2013d6,2026-05-20,1798460240
4d466a6c91870c0a,2026-04-06,1798460240
7a760674c3c051bd,2026-05-12,1798460240
39b20f5007fcfef0,2026-04-22,1798460240
97632c51c961d83c,2026-05-27,1798460240
fe145665c2b3a4bc,2026-04-07,1798460240
f1b8fec70d2fca24,2026-07-06,1798460240
3e08033f783d2957,2026-07-07,1798460240
849b68b471bc4755,2026-07-09,1798460240
2580d1c3d0bb3d25,2026-07-03,1798460240
cd41e99c1827c012,2026-07-01,1798460240
95e6b9b7ec8a68c3,2026-07-10,1798460240
e250e6edddc60d3b,2025-03-17,1800671132
2b6bbd2e7aa4fe8f,2025-03-23,1800671132
899ef7cdb890a3f8,2025-03-11,1800671132
b7dcf0952fe58990,2025-03-26,1800671132
c9d6757fdc16fa78,2025-03-09,1800671132
c4d9ff91caafa0cd,2025-05-29,1800671132
ee318b80c0659d1b,2025-05-11,1800671132
765a282e6aafa5cf,2025-05-05,1800671132
c040165b0fd7d194,2025-06-12,1800671132
73a7897878d324b1,2025-06-03,1800671132
c28594049521a2cf,2025-05-16,1800671132
1087fb11f33021f5,2025-09-12,1800671132
6ace747cbd1e25d6,2025-07-04,1800671132
dca93c6296568a3d,2025-07-18,1800671132
2cc7a13c435fa714,2025-09-04,1800671132
d562f0b4f714a350,2025-08-04,1800671132
70d0edaa06777577,2025-09-14,1800671132
6878cbd1e95e87cc,2025-12-29,1800671132
eddbc3bbce273233,2025-11-05,1800671132
b38958040ce4ed3a,2025-11-30,1800671132
009ddef0f16cea44,2025-12-18,1800671132
d443a789c08c2d4f,2025-11-26,1800671132
3bd23d68225ab823,2025-10-07,1800671132
f03e14a8b59713bf,2026-03-08,1800671132
2211b39e3fe7bdf5,2026-01-29,1800671132
281848a5bac5f501,2026-02-07,1800671132
962d544c3edd5368,2026-01-06,1800671132
c2cb56f36f29cfef,2026-03-12,1800671132
fda109e8abe3bd32,2026-01-13,1800671132
0629217634196043,2026-04-05,1800671132
6ae1065c19030a9f,2026-06-02,1800671132
8cb920f170bef767,2026-06-19,1800671132
b8cc7940a7a396d3,2026-04-22,1800671132
7e33e7acdd14fad4,2026-04-02,1800671132
a87b2556788b13f9,2026-06-28,1800671132
bc590f757d58fc66,2026-07-09,1800671132
04dcb2696f802f58,2026-07-04,1800671132
3210b1b4721515fe,2026-07-07,1800671132
c09a5aa6dadb16ed,2026-07-12,1800671132
53abc6cce5bf89a4,2025-03-12,1801103648
0ca1c36d9c1b8cee,2025-03-07,1805186512
06178f4005f8bc89,2025-03-05,1805186512
b6707b5be905c265,2025-03-20,1805186512
98914283d1377a2b,2025-02-20,1805186512
660ac9cf9599e7df,2025-03-18,1805186512
b87248bea4d7d1f2,2025-04-18,1805186512
44f16c3f9bc91230,2025-04-11,1805186512
282e1059cb5cc0bd,2025-05-09,1805186512
23458a315ad6f42d,2025-04-08,1805186512
b2d846b7522feec7,2025-05-27,1805186512
6a3c867c7895ca04,2025-04-04,1805186512
e7ef3c593b773cda,2025-08-08,1805186512
50c60121c96f4a6a,2025-07-25,1805186512
3b9719d21865a868,2025-08-08,1805186512
0a645daeb349e812,2025-08-15,1805186512
0de9885fbae0ec20,2025-09-06,1805186512
1427d34070b009a0,2025-08-22,1805186512
4d322db375a924c9,2025-12-17,1805186512
fb392dcafac95d7c,2025-10-24,1805186512
89a1c1c80836505e,2025-11-28,1805186512
844e9ffec83e4ef8,2025-12-03,1805186512
b95c220d5f16811c,2025-12-12,1805186512
1138e49b623a831f,2025-10-10,1805186512
95facc43e33ced04,2026-01-23,1805186512
f14d45239a04c026,2026-02-25,1805186512
86a72cb541f71514,2026-01-16,1805186512
2d3e5e48fa108a83,2026-01-13,1805186512
d1ba5e925419996f,2026-02-12,1805186512
009477c4d5f3f72c,2026-02-04,1805186512
b32b3fbfbdf9e50d,2026-05-22,1805186512
91472e4997fa22d8,2026-04-17,1805186512
afc6f5b021e39158,2026-05-08,1805186512
61c7d5bf7133993c,2026-05-15,1805186512
7e3f2485648b9272,2026-04-03,1805186512
6538a3f040bac930,2026-06-26,1805186512
99b48ad94a7aa107,2026-07-10,1805186512
dd8658c2c11c9bf2,2026-07-03,1805186512
b25f6abfc67e63a9,2025-03-17,1809246826
d3ffb39f6d7d7481,2025-03-29,1809246826
c272f99d4490e65d,2025-03-31,1809246826
e14c565af8d84ae5,2025-03-30,1809246826
a96c07b82c91262b,2025-04-22,1809246826
49d5bd8e79ab253b,2025-04-25,1809246826
a8c3ba85e2efe2e1,2025-04-12,1809246826
b3e1f5132502f7a8,2025-04-11,1809246826
aa840a5c0173d0c0,2025-04-08,1809246826
523caf8ae25fdc32,2025-04-07,1809246826
9a28e44d277d1fbb,2025-08-20,1809246826
8ad1ad0da8ea5328,2025-09-04,1809246826
4bf26673e1abbbbc,2025-08-30,1809246826
855db84c90d5f76d,2025-09-16,1809246826
a0f5c97d750cb3c1,2025-09-26,1809246826
363bbcd2634fef0b,2025-08-27,1809246826
e3ecb60b16c4a96d,2025-10-16,1809246826
b3be34e64945d47d,2025-12-02,1809246826
332f56f1a48c8fcd,2025-11-26,1809246826
abb0eeba8e05ffa2,2025-10-06,1809246826
12df84201450b3da,2025-10-13,1809246826
d34cabb71f5257f2,2025-12-04,1809246826
7b86e9bd8b0cdde0,2026-01-15,1809246826
0e807fd836045096,2026-02-09,1809246826
1a42f12f13f5b8a0,2026-03-31,1809246826
f8a65e6eacd352ee,2026-01-29,1809246826
48f63a1c6ebac72d,2026-01-31,1809246826
b938f61884805918,2026-02-26,1809246826
7f39cc49465d6840,2026-06-01,1809246826
c5647b83646e4c90,2026-05-05,1809246826
7dd3fb93265fafbd,2026-05-06,1809246826
8321074d762b296e,2026-06-23,1809246826
53cdab7f299540ea,2026-06-24,1809246826
37de3b6a11568966,2026-05-26,1809246826
cbe7b9117e15d290,2026-07-11,1809246826
14441d480bea0df2,2026-07-10,1809246826
d6e57557f21b19dd,2026-07-06,1809246826
8cc9e35cf12840ec,2026-07-03,1809246826
455ac5ceee4b27a8,2026-07-05,1809246826
95b8609a34b95db9,2026-07-13,1809246826
f4ecbc2473b777ee,2025-05-22,1810218232
53966aefebfafcd2,2025-05-06,1810218232
cde605ca6c9bb374,2025-05-20,1810218232
2b3984b4e1c7c4bd,2025-06-26,1810218232
4cac728df9ecbd08,2025-05-29,1810218232
54c1de3fb5e41749,2025-05-27,1810218232
46bd775c9aa83bf4,2025-07-24,1810218232
4bea6c5adc30e899,2025-08-19,1810218232
c079e3abdcdadab6,2025-08-12,1810218232
7e826fb6ec11dd4f,2025-08-21,1810218232
2c2052bb89775424,2025-08-07,1810218232
be5936091c891cbb,2025-09-11,1810218232
3160a93bbdafd3be,2025-10-23,1810218232
5bb9c64f6364d64d,2025-10-09,1810218232
27b84257b1b25dff,2025-12-23,1810218232
a349f7e1ec47a956,2025-11-04,1810218232
ec5f76c4784c7fef,2025-10-02,1810218232
193475798bdfb83d,2025-10-21,1810218232
6244f396a1ed81d3,2026-02-24,1810218232
dc8dc7fd2fb7e512,2026-01-06,1810218232
0a042e91298be8f1,2026-02-17,1810218232
28ee0d67cf5d5814,2026-02-03,1810218232
4f4788a681ac31a7,2026-02-10,1810218232
c55f0961bcc75efc,2026-03-12,1810218232
4e3db9b179bb8efb,2026-05-07,1810218232
07d3e2cd279a9d42,2026-05-19,1810218232
82c52172b1bb5c2c,2026-05-14,1810218232
5bc1ba6f6ba6fd46,2026-05-12,1810218232
9a74bee091cb5824,2026-06-18,1810218232
6a0803d933a459d6,2026-06-02,1810218232
fc2572a3a7942334,2026-07-07,1810218232
668d5a29b39dcdca,2026-07-09,1810218232
06074a827b78c606,2026-07-14,1810218232
de2e5d22860ea99f,2026-07-02,1810218232
cf5ca2fe48ad8aa1,2025-06-18,1818418128
b34a152e76ae529f,2025-06-25,1818418128
946f397aebc41a74,2025-05-28,1818418128
76a0f49970bd7df3,2025-06-11,1818418128
eec75dcf79bf8036,2025-06-17,1818418128
9caca516fef2314d,2025-08-06,1818418128
59364bc7a67affd7,2025-07-23,1818418128
797f595d3dfac9f7,2025-09-25,1818418128
97b31dd3f3969785,2025-07-02,1818418128
dd3b1c2a1b58f64e,2025-08-11,1818418128
9e7e20c9ba407d42,2025-07-09,1818418128
374688ad2b950317,2025-11-22,1818418128
33291b2dc3e0c020,2025-11-17,1818418128
3d0ae4ff37fc4680,2025-12-15,1818418128
f9faa984274187b7,2025-10-22,1818418128
c279108563521957,2025-12-10,1818418128
785d102799a7a9bf,2025-11-05,1818418128
2fb9b9c6e1e0f6e1,2026-03-11,1818418128
f1da92b033c04b03,2026-03-20,1818418128
070569fb66ca33d5,2026-02-25,1818418128
eb0c8fa48bfbbd42,2026-02-10,1818418128
6a9e98db69de7db5,2026-02-27,1818418128
13a470939a78a88d,2026-03-13,1818418128
b0e68bfa3fbe98a3,2026-06-08,1818418128
d5bdc31e011a4829,2026-06-12,1818418128
fa9b15fd0dbb1fc2,2026-04-15,1818418128
3e2820bd23b523ab,2026-05-01,1818418128
1927bf6550f451e8,2026-04-29,1818418128
ec103f84ee1e9526,2026-05-27,1818418128
1a7384c5684f7b75,2026-07-13,1818418128
91024e0f7e211e4c,2026-07-10,1818418128
21a4d5a400754bf9,2026-07-08,1818418128
1a4a6fcd87ea20e9,2026-07-01,1818418128
8482c0f69b5b7643,2025-06-15,1818658022
6cb1d09ce958fa0a,2025-06-09,1818658022
2ff38eafe20eccfd,2025-06-29,1818658022
6dded9e2a06428ae,2025-06-16,1818658022
a36823ffa7e8b10c,2025-06-30,1818658022
d6b0a446d93d8e43,2025-06-23,1818658022
5716c91224808bdb,2025-08-24,1818658022
7aaca511475c847a,2025-08-11,1818658022
bf595b7fc0a36bd7,2025-08-10,1818658022
b9f632726f96c499,2025-07-20,1818658022
514e6c852695e34d,2025-09-28,1818658022
10c35f6bf27411c9,2025-08-25,1818658022
2a2eb2d7237b41e3,2025-10-27,1818658022
f56ae9bc4ceae825,2025-11-09,1818658022
2cc6a54576ec5a1b,2025-10-26,1818658022
3bb6c55f6195ecb1,2025-12-28,1818658022
ead7951513d5a47d,2025-10-12,1818658022
2f6dbf38d65fcccc,2025-12-14,1818658022
9fc9eb6ca64e4027,2026-01-04,1818658022
8e9a16dfdffd390c,2026-02-02,1818658022
b4cafe3d72c7f65d,2026-01-19,1818658022
2607f967d265c02c,2026-03-30,1818658022
720f5ecc065197c9,2026-01-05,1818658022
95a4205862dfba10,2026-02-16,1818658022
6dea1d6bde4e92ca,2026-06-14,1818658022
fb5882f6a1a718c6,2026-05-18,1818658022
b56ebdead4590276,2026-04-20,1818658022
ab20c0a713929204,2026-06-08,1818658022
0279c63149fafbce,2026-04-27,1818658022
3a1d898751def7f5,2026-04-13,1818658022
c61450503d34c4e6,2026-07-12,1818658022
4431eddf8fd62c79,2026-07-06,1818658022
62fda7b3ab93c3e5,2026-07-05,1818658022
1fbc153c146994da,2026-07-13,1818658022
a257e8d7b562a83d,2025-06-16,1820648828
5fd1ebaa552f8697,2025-06-09,1820648828
59efb67760fc7bb8,2025-06-18,1820648828
902cbde8b8d1e58f,2025-06-28,1820648828
2f7f461a8b7347b2,2025-06-18,1820648828
5afaa4b95bc21c74,2025-09-21,1820648828
0b189a3b98be5af7,2025-07-20,1820648828
236a2f5f541f1ada,2025-09-24,1820648828
858d398ddb2e82da,2025-08-22,1820648828
9a58d9a4120fd417,2025-07-23,1820648828
f1a6c1e4c592330a,2025-08-30,1820648828
bf5dd78d18fe72eb,2025-12-13,1820648828
03d22d7c07d84688,2025-11-04,1820648828
5760dd78b9b79432,2025-12-16,1820648828
2e24b724ae7b04b1,2025-11-22,1820648828
9c6158629d001a97,2025-11-15,1820648828
a6fd7ceb9e4879ed,2025-11-21,1820648828
11ab5433329301f5,2026-01-17,1820648828
f2ab47e4c14a1bb4,2026-02-07,1820648828
21a2672168b4bf4b,2026-01-13,1820648828
09c63c51d87159b2,2026-01-22,1820648828
82ba76ce206d49f5,2026-04-23,1820648828
c0a55abdc3564061,2026-04-30,1820648828
17c9681b8583c29f,2026-05-09,1820648828
c8c28856f65fb484,2026-06-13,1820648828
c1012b6215aea992,2026-06-18,1820648828
94c252b6ff6b97aa,2026-04-16,1820648828
61e88897feede2a3,2026-07-14,1820648828
56cfd966d70bb245,2026-07-07,1820648828
c12962e5db862572,2026-07-09,1820648828
a1f3df2d2ca747e9,2026-07-09,1820648828
6c711c2d536eb626,2026-07-11,1820648828
7b39e98c8e35fe76,2024-11-28,1822142909
859d4334df753b09,2024-12-06,1822142909
1f80826ea2a3d88c,2024-11-29,1822142909
19544858ba9adde6,2024-11-17,1822142909
a08e367483bb2352,2025-02-23,1822142909
c9b157a3f5494d0b,2025-03-09,1822142909
33c2848f674bae32,2025-01-18,1822142909
64a23efc2e1927c9,2025-02-13,1822142909
bb4627696f2e25ba,2025-02-13,1822142909
72323c37a71aaaa6,2025-02-04,1822142909
2fe68e10b3ddedab,2025-04-13,1822142909
67d22c5db6a21f55,2025-05-12,1822142909
e0c3b99ce7ec33d5,2025-04-14,1822142909
af1bcb1aee204394,2025-04-09,1822142909
d7f7abf4947dc2c1,2025-04-02,1822142909
dfbf3b16dc119991,2025-04-19,1822142909
fd447050b830e38a,2025-09-06,1822142909
2eb4827253f5926e,2025-07-28,1822142909
25eaa9194b853a98,2025-08-22,1822142909
32b9c33d0e484d1e,2025-08-02,1822142909
d8fc2bde7d7b0e04,2025-07-31,1822142909
2681838ffb6292b5,2025-09-25,1822142909
e3df567a89f477f0,2025-11-27,1822142909
be33e12afc96dde1,2025-11-25,1822142909
b2c12e48c4c6e971,2025-10-17,1822142909
83e3043b98d2aa0e,2025-12-06,1822142909
b0d617c90c5b128c,2025-10-25,1822142909
be14a4d7190f7d22,2025-11-17,1822142909
d56248ebbf166049,2026-02-23,1822142909
5ae706f4eedb915f,2026-03-14,1822142909
2b05f7b73bb35b64,2026-01-01,1822142909
c791ecd0c0ba78a7,2026-01-25,1822142909
8a12494354ecdcf3,2026-01-31,1822142909
de98f1df68d6ba0e,2026-03-30,1822142909
43a661020490bbff,2026-05-01,1822142909
00c67567268dc5f9,2026-04-27,1822142909
3abeb568786f75b3,2026-06-16,1822142909
e9ea2ff9a8d7ee1a,2026-04-25,1822142909
081a7743f482c4fa,2026-05-11,1822142909
0378f07f58974bfb,2026-04-21,1822142909
7bcb08912f912ad7,2026-07-08,1822142909
ec38b974bd6f5a1b,2026-07-11,1822142909
6dfee681cad48271,2026-07-09,1822142909
88911638ce2b653b,2026-07-12,1822142909
07a0250d213e4095,2025-09-15,1839861250
57cd4edb46d8a393,2025-09-24,1839861250
577d397ccd33c24f,2025-09-17,1839861250
1b510b3e37e9d2f0,2025-10-01,1839861250
370131954654b60f,2025-12-03,1839861250
14ed90cc2be340d1,2025-11-06,1839861250
c37298d2bd4aa009,2025-11-26,1839861250
4e0cba23da8dc93e,2025-11-19,1839861250
6533243d4c3b0e91,2025-10-08,1839861250
2967e86495bd187c,2026-02-04,1839861250
30126f5eb2f5e362,2026-01-21,1839861250
873396ca2707c79d,2026-03-18,1839861250
463ce5e1c1677029,2026-03-04,1839861250
de452f94fda642bd,2026-02-18,1839861250
aca780f753ff9019,2026-03-25,1839861250
2dd0e9eb8cc70af5,2026-06-17,1839861250
e16fc1f58a24f699,2026-05-27,1839861250
a4e2cbe4cbcb32a2,2026-06-24,1839861250
eefa98be75ff8efc,2026-05-20,1839861250
a41cda526e0ea284,2026-05-06,1839861250
cb6789a01d71b488,2026-06-10,1839861250
1474142b571a3882,2026-07-01,1839861250
bcaa8207c0ed3ab2,2026-07-08,1839861250
8f73e90481125237,2025-11-05,1843478428
c533d064e8fe1101,2025-11-01,1843478428
5b93c67177fe7dfc,2025-11-06,1843478428
a39e33924bd09e0e,2025-10-17,1843478428
c060b0a90e936a9a,2025-10-22,1843478428
76d99f6f70fd82aa,2025-10-28,1843478428
4fb0dadbeb249470,2026-01-22,1843478428
ddfee55c1e2bc168,2026-01-29,1843478428
d65b64a75b1555a0,2026-03-07,1843478428
d6bb6a0376dae3ea,2026-01-14,1843478428
102bc9674da175bc,2026-01-27,1843478428
d75025fa0e4b68e2,2026-03-16,1843478428
4c7e68750a173a43,2026-04-04,1843478428
5997f06b93c8e0e2,2026-04-15,1843478428
cb8e3b4a2949bc30,2026-04-15,1843478428
c6f907d37ed408fa,2026-04-17,1843478428
8fb144cb734d49ab,2026-05-14,1843478428
fc5b6c8a55ab08ef,2026-06-06,1843478428
eb2134dfd67ce493,2026-07-03,1843478428
317d7e19fc68b47f,2026-07-10,1843478428
57120cb585fec773,2026-07-09,1843478428
cc191bcb5e51e5e8,2026-07-14,1843478428
1fb49d2625d599b0,2026-07-07,1843478428
99f3c34559def33a,2025-11-20,1849994842
317bb3c7b6b5898d,2026-02-16,1865794721
70fc708b855dba98,2026-02-15,1865794721
be6b2c37aa278055,2026-02-16,1865794721
281725593b96d23d,2026-02-15,1865794721
c44c38679de6fbbb,2026-03-10,1865794721
eb549cec19becc6e,2026-03-23,1865794721
75a4c04126927e4f,2026-04-23,1865794721
84bde027be51a649,2026-06-11,1865794721
b1a1fe7f2855ffab,2026-04-09,1865794721
055ea902faa8323c,2026-04-07,1865794721
3fffcb4cb1723c52,2026-04-28,1865794721
194b813e90fe714b,2026-05-18,1865794721
492f19944ccd6029,2026-07-06,1865794721
5600bf9f2a314d0b,2026-07-09,1865794721
7be8d2ace1d987a7,2026-07-07,1865794721
25322fc39465a372,2026-07-10,1865794721
f644a379be639e72,2026-07-03,1865794721
6551fc379887ef12,2026-07-02,1865794721
0488a99925f6d26f,2025-09-27,1868807558
fe97fee25294d329,2025-09-21,1868807558
bf04e19e26dca474,2025-12-22,1868807558
b99e8b1bdc7c5400,2025-10-19,1868807558
dfed0ae83f6d783f,2025-12-08,1868807558
cccaca7896bb319e,2025-10-06,1868807558
e1dac4ec002fd29d,2025-11-02,1868807558
0818c390c6cec098,2025-10-11,1868807558
87fcafb3979baf84,2026-01-19,1868807558
6b83e5adb7366a08,2026-02-23,1868807558
9b07ac75311d3243,2026-03-02,1868807558
de0b515b2fac36ac,2026-01-12,1868807558
923511aa6710ab3b,2026-02-16,1868807558
3908308e4d9ed08a,2026-03-16,1868807558
77e1a29b232a0cef,2026-04-06,1868807558
7cea82ba62060aac,2026-04-13,1868807558
ef7e6d5006f55241,2026-06-29,1868807558
ce7ae7d4864ef2c3,2026-06-22,1868807558
6d3ef6fd14b2fe86,2026-06-29,1868807558
74ce521b8f0a28da,2026-05-11,1868807558
c9e8519cd6f095b0,2026-07-07,1868807558
ced4f152e91f02cb,2026-07-02,1868807558
e65f60e8ef53d4bd,2026-07-10,1868807558
cc9c4b0c320bfdd6,2026-07-13,1868807558
84a25dbd6e0ee87b,2026-07-01,1868807558
9d84345a34fe669e,2026-02-21,1869456664
8b4fa6a34b524e37,2026-02-28,1869456664
8c11425e8c7ce5fc,2026-03-20,1869456664
9573ea6deb296f3e,2026-01-24,1869456664
220d77645de2da59,2026-02-14,1869456664
c01d75ebd8912904,2026-02-07,1869456664
48332034b5e5f7c2,2026-05-08,1869456664
a03006e422a9bc7c,2026-05-22,1869456664
ce963fe304d2b652,2026-05-29,1869456664
a4a5e65ac458246c,2026-05-01,1869456664
b7d6b4d207dd4820,2026-06-19,1869456664
5cb030a65b512b44,2026-04-24,1869456664
a5451ddcb9720692,2026-07-10,1869456664
e2f4132ee922be48,2026-07-03,1869456664
62c56dcd44d2c4a6,2026-01-24,1871531782
42df815a28c10c12,2025-06-21,1871628261
c79a6dd1558a47b0,2025-06-17,1871628261
0695391e43d8ba6e,2025-06-17,1871628261
92a70bc3c7083686,2025-06-16,1871628261
47b686dc0b3d4c6d,2025-06-17,1871628261
73b2b67033e5a650,2025-06-16,1871628261
d45f99a7248006b9,2025-09-06,1871628261
047bb0ade9152eb2,2025-09-25,1871628261
879d6e944f35a445,2025-08-12,1871628261
09d41dbfdc7d023b,2025-09-17,1871628261
9f95142bb8754650,2025-09-16,1871628261
b83d50704117eeb8,2025-08-19,1871628261
f4fcdb395023207c,2025-11-15,1871628261
167b110fb03819ea,2025-11-16,1871628261
2e0a181f6950dce8,2025-11-23,1871628261
cb441588abab0271,2025-10-02,1871628261
b003a46a0a40c89e,2025-12-12,1871628261
7e9ea1f046ec2b5d,2025-12-02,1871628261
bfcee451398fe176,2026-01-25,1871628261
7747706cec5fcde2,2026-02-09,1871628261
50fc1489d52003c5,2026-03-21,1871628261
a6e9100095cfe93a,2026-01-02,1871628261
19f585e25168e10d,2026-01-25,1871628261
f12cf8d473262606,2026-03-28,1871628261
e0432ec702b66c36,2026-05-29,1871628261
5e6de12122f69949,2026-05-08,1871628261
ed58ddfcecb5686b,2026-05-26,1871628261
6a31c319fcc91b74,2026-04-05,1871628261
f60ade7f69586296,2026-06-30,1871628261
3e1c9019f0bbf4d3,2026-06-13,1871628261
5346519ef17608db,2026-07-03,1871628261
86b85cb9345e7787,2026-07-14,1871628261
7166452c5f6e3dd8,2026-07-08,1871628261
83646d656438e344,2026-07-06,1871628261
bd06be6233cee8dd,2026-07-02,1871628261
1a1a30261898744d,2026-07-13,1871628261
c00b22a3d0b7bdeb,2026-02-10,1871930209
1a72494ef3469e7c,2026-02-20,1873028393
e844affb5627a35f,2026-03-20,1873028393
53ea8c434cd5c236,2026-02-27,1873028393
1af29beceba0407a,2026-01-30,1873028393
cc8a42e3b79f3443,2026-03-13,1873028393
53d51dc00f481589,2026-03-04,1873028393
7db8ea2175430f60,2026-04-24,1873028393
a64c751c70fbe847,2026-04-15,1873028393
c223c5f6f01ba765,2026-05-22,1873028393
8221f4584aeba9b6,2026-06-05,1873028393
e13797cbc24e3416,2026-06-10,1873028393
96c5a487d30c6a0d,2026-04-17,1873028393
de78cbbdbe62b025,2026-07-03,1873028393
fcf146aa09241eb9,2026-07-08,1873028393
104bf716c2a7ade9,2026-07-01,1873028393
373d5df98439a12f,2026-07-10,1873028393
3fa2028a77f0f494,2026-03-28,1874174561
972499a1aa79d635,2026-02-14,1874174561
a67aa6a49691a290,2026-02-24,1874174561
0ed8cae9b4e10f7c,2026-03-26,1874174561
7c06dd1bee90ad8e,2026-03-19,1874174561
e2220851e1dd06d0,2026-02-07,1874174561
38c786854d5cdf76,2026-04-05,1874174561
edf836a5526811ae,2026-05-05,1874174561
6a5237f4d2c27798,2026-06-17,1874174561
ba3cc581ae339ebd,2026-05-25,1874174561
5407517df759be80,2026-05-21,1874174561
98e5f80835278c10,2026-04-11,1874174561
b97155aca6402b39,2026-07-04,1874174561
92887229f8abe414,2026-07-09,1874174561
cabeaf4e81f42944,2026-07-11,1874174561
53bfc80ae64b75a4,2026-07-01,1874174561
24be4c4f281cfa16,2026-07-12,1874174561
7a0363252ab0080a,2026-07-02,1874174561
c6b906f832ed5a51,2026-03-31,1875402719
bae825e28f5e5627,2025-06-19,1876034889
c44bbb15556a93de,2025-06-26,1876034889
c2c37a90bc7d5d8f,2025-06-27,1876034889
698686150a57a99a,2025-06-19,1876034889
841eaf03959ff78a,2025-05-21,1876034889
994ca7490d4d8e23,2025-06-17,1876034889
390d7974f5858a79,2025-07-05,1876034889
2119c3a3bc5883aa,2025-09-25,1876034889
fe711ecd135536be,2025-08-21,1876034889
f9d5f41054e68d08,2025-07-17,1876034889
6ebb390d9730b0b8,2025-07-24,1876034889
37c01f8c6ac30f21,2025-09-05,1876034889
bab9722fb73bb563,2025-10-03,1876034889
8d8b3f0d1a33e9bd,2025-11-22,1876034889
0ed31ea0f4d9274d,2025-10-29,1876034889
e8e248ee475c914f,2025-12-17,1876034889
be5831d312d9ebc6,2025-10-09,1876034889
3fc6e26c5dab590d,2025-12-05,1876034889
2dc2720c53ffb367,2026-01-31,1876034889
cd3cfefcd5d29101,2026-01-28,1876034889
968de30c667b0f52,2026-03-21,1876034889
59a69b8b0ecb9a64,2026-01-15,1876034889
65dcaddcce7ae0b8,2026-03-04,1876034889
267d1db4bb3b8a9f,2026-02-20,1876034889
6dc405bbc6b8d210,2026-06-16,1876034889
87724adb8e72a7fe,2026-04-29,1876034889
c7bb46308484d05d,2026-04-11,1876034889
415fa04a4020b2d8,2026-06-06,1876034889
eb36d7e79421a4c2,2026-05-29,1876034889
0450d34e20d425ff,2026-04-03,1876034889
7cfd70d1ff0b1ee1,2026-07-01,1876034889
48adde5f1d69806f,2026-07-11,1876034889
791122ab99b8226d,2026-07-10,1876034889
408482b399601510,2026-07-09,1876034889
afffc8aba8bb2745,2025-03-06,1877144831
d0c459729d989803,2025-01-31,1877144831
eb0151add19e409a,2025-02-27,1877144831
8ef733eb68cdcc45,2025-01-26,1877144831
3e220a36259ae9c3,2025-01-26,1877144831
8674da52daea4205,2025-02-08,1877144831
3d69bd1b2df9041c,2025-04-15,1877144831
3a89e56d23112f6c,2025-05-19,1877144831
94f3548568c11aa5,2025-04-07,1877144831
67a07f43e8e30a82,2025-05-16,1877144831
c8bb352fc40c5fd3,2025-05-20,1877144831
a7d7d09eec80c807,2025-04-09,1877144831
daa6e16e7eba3700,2025-09-10,1877144831
05789ed5ed0314b5,2025-08-05,1877144831
4cc6301eb7d9575c,2025-07-02,1877144831
77d28f20d83a357d,2025-08-27,1877144831
711cf9820f000c38,2025-12-11,1877144831
73bc9fa23baf9d28,2025-12-04,1877144831
021669a3500600b3,2025-11-04,1877144831
43a7e3e847823502,2026-01-22,1877144831
11c674e9dacdba53,2026-03-05,1877144831
c82b888ed4fdffdb,2026-03-27,1877144831
aa9b17b2575039aa,2026-03-10,1877144831
442cd4c93c3bcb5f,2026-03-21,1877144831
62c081b0b7cbfb4b,2026-03-17,1877144831
095b7fc52c08ad69,2026-04-04,1877144831
3a75a1209bea4890,2026-04-22,1877144831
77c094421f792fc6,2026-04-18,1877144831
eaaf0d47d3ae0c42,2026-04-25,1877144831
b108b5c6152323e0,2026-04-11,1877144831
d6d11fbbb559eb53,2026-05-16,1877144831
89da663492889f96,2026-07-06,1877144831
58fcacef734bd88e,2026-07-11,1877144831
dc7e5bd181b63a81,2026-07-08,1877144831
a49536fab8211ad2,2026-07-10,1877144831
9c8341a928ce623e,2022-08-26,1880163995
26b9179dc323000e,2022-09-07,1880163995
f0d334a37dafaa89,2022-09-05,1880163995
e94e0318eaf52f09,2022-09-15,1880163995
44a7f742f8fbeb27,2022-09-21,1880163995
5074b2ee813e1e8d,2022-09-12,1880163995
2a3a88e14dccae30,2022-11-07,1880163995
0753e05780e6ebaa,2022-10-26,1880163995
e91a0495ab815051,2022-11-02,1880163995
9aecd3d0ca22c08d,2022-10-13,1880163995
f57b98f269c3d748,2022-12-01,1880163995
91366cc91df4f32e,2023-02-22,1880163995
2777de2a256bc00e,2023-03-22,1880163995
d6de820fbe20e370,2023-01-31,1880163995
91becd3bc133733f,2023-02-06,1880163995
fef300c69fbf7312,2023-02-17,1880163995
a6c1c0f6ed8881f0,2023-05-31,1880163995
686afb77d4d2b869,2023-06-12,1880163995
7467c25b6b902e69,2023-06-06,1880163995
0639012ab864af26,2023-04-25,1880163995
38a5f46092c182ed,2023-06-22,1880163995
11db4f30da3dcd4c,2023-07-19,1880163995
c85d02b31c661dd6,2023-07-05,1880163995
490c2852dac55b3e,2023-08-14,1880163995
0dd46eb07e45062b,2023-08-07,1880163995
8bb34f0ed3abc9c1,2023-12-12,1880163995
4b21d54f5895c31b,2023-10-10,1880163995
4292024d064c0dea,2023-11-29,1880163995
941e28b73fa4d51a,2023-10-17,1880163995
f131070b184e4b60,2023-10-18,1880163995
03c1e5c6eb4f3710,2024-03-27,1880163995
5a234162ceb9ecf5,2024-01-08,1880163995
6b241bd2e8ade310,2024-01-25,1880163995
dd9b8b9e62ce6c95,2024-02-15,1880163995
19c781cdf97e62ae,2024-03-20,1880163995
3c5e5f2d48690d59,2024-04-03,1880163995
d355164ad2cd5452,2024-05-13,1880163995
58c21f1c82c93545,2024-05-07,1880163995
b172633200b6e75e,2024-04-02,1880163995
5d219e5f456b77db,2024-09-26,1880163995
9d959de7c06bf142,2024-09-19,1880163995
1735e8d7d605b11b,2024-07-18,1880163995
d9355b5295c3d34a,2024-09-03,1880163995
98c985c270af3ff8,2024-09-05,1880163995
960a624960e85242,2024-09-09,1880163995
962b28511242f6b2,2024-12-04,1880163995
db019e76cbd7d241,2024-11-05,1880163995
83960246d6ee0dc8,2024-10-10,1880163995
b5c6cca2cb4a2661,2024-10-21,1880163995
ef90d12dc1693054,2024-11-04,1880163995
f20f8f0eb0e05fea,2024-10-24,1880163995
90071eff0ac85c3a,2025-02-17,1880163995
de978987ec61870b,2025-02-05,1880163995
9535974c6b3dfe70,2025-03-24,1880163995
c80ffd22b4e184f2,2025-03-05,1880163995
552e24f57386073d,2025-03-17,1880163995
9cb8066613abcf98,2025-01-13,1880163995
3d66cfb916ae6b31,2025-04-24,1880163995
79ba9e199b9ecf4e,2025-06-19,1880163995
1170772c2f0c5ce1,2025-04-22,1880163995
57367b24de726c06,2025-05-01,1880163995
aa316046db1714b1,2025-06-03,1880163995
b9d61b37b023df7b,2025-04-30,1880163995
96dcd33ce1f4d66f,2025-07-24,1880163995
c64d488635df2803,2025-09-17,1880163995
bbcddeda43bb5d60,2025-09-04,1880163995
fa7f6b2f0e4df20c,2025-09-16,1880163995
30af6178ac0c2b98,2025-07-07,1880163995
ccae6a6606acd8cc,2025-09-22,1880163995
16fe97862088fa7b,2025-12-16,1880163995
3be1265ed2b934d5,2025-11-11,1880163995
82729ac3040ddd87,2025-12-11,1880163995
99fff03d1cc3281e,2025-12-23,1880163995
7a70f0a8a13dbfa9,2025-11-04,1880163995
e5a9124d3fccf0b8,2026-02-05,1880163995
e661accf6b71d4c6,2026-01-08,1880163995
d479c1fd0647de30,2026-02-10,1880163995
056dccdcff5abeb9,2026-02-19,1880163995
60ab58a813be1334,2026-02-28,1880163995
d5660fbb4d30bc35,2026-01-02,1880163995
3d71d0e1733bccb2,2026-04-29,1880163995
9759d0ceb621879f,2026-04-03,1880163995
9896b3b1f5c1cea7,2026-04-28,1880163995
c583104cb7b0602f,2026-05-29,1880163995
445a570e6ca4cf0f,2026-05-28,1880163995
9abc7d3b58a10723,2026-04-14,1880163995
eecb81c106065b0d,2026-07-09,1880163995
f6dad473cee3e813,2026-07-06,1880163995
d079707a6c351308,2026-07-14,1880163995
67db15b4d68d0135,2026-07-08,1880163995
faf69958193e8b83,2026-03-11,1884144340
ce51aeae669828e3,2026-03-25,1886801652
71fb15714405ce83,2026-03-31,1886801652
07247694ee0a7db1,2026-03-28,1886801652
ecffea479a689c58,2026-03-31,1886801652
17186196800c5d11,2026-05-02,1886801652
b5b62b2d9fd6de71,2026-06-23,1886801652
c8f267335c8bee88,2026-06-13,1886801652
f9b9c98518c63497,2026-05-20,1886801652
64b791a6cd1d716e,2026-04-07,1886801652
cc0662545794fbfe,2026-05-22,1886801652
40ba36b50c2397ed,2026-07-03,1886801652
f7c7c76b146df3e9,2026-07-14,1886801652
7337b680cfdd532c,2026-07-10,1886801652
540885aea07f7132,2026-07-08,1886801652
06648bce4d9d40a0,2026-07-14,1886801652
584ecac93b094ebc,2026-07-01,1886801652
b202c9219e43c861,2026-06-12,1889550138
409cebf4c601596d,2026-06-01,1889705401
287559dfa06e2ee9,2026-05-04,1889705401
ed0f574f8d59f453,2026-05-11,1889705401
5d1e81088756e045,2026-04-24,1889705401
c89a659fa13756eb,2026-05-01,1889705401
bed4ce19652dc921,2026-06-22,1889705401
151b73d65629aaa7,2026-07-03,1889705401
ad7250e3ef2603ad,2026-07-09,1889705401
10b7dd8a0b89c616,2026-07-13,1889705401
e39f76190d2344c8,2026-07-07,1889705401
d61d77e48e5a65bd,2026-06-12,1896576050
41f62ddc02091049,2026-05-16,1896576050
35e8b3ec50db8fc1,2026-06-02,1896576050
926dd9b9648f1bcc,2026-05-28,1896576050
8b2e8af6700efe2b,2026-06-15,1896576050
c41a5aed949c7763,2026-06-05,1896576050
e19a675f9fd990a0,2026-07-08,1896576050
9b3d1f2ee418caba,2026-07-02,1896576050
7e20aee581987066,2026-07-04,1896576050
1a3f93ac780dccdc,2026-07-01,1896576050
17f1ae6f21138d56,2026-07-13,1896576050
a60dc17a3cadc3bf,2026-07-07,1896576050
dafd0f0e0f040b5f,2026-06-24,1896897095
