show_id,ABLE,AMP,ASPECT,BEMA,CC,CD,CONC,COND,CONT,CUZ,DEMO,DMA,DOAUX,DT,DWNT,ELAB,EMO,EMPH,EX,FPUH,FREQ,GTO,HDG,HGOT,IN,JJAT,JJPR,MDCA,MDCO,MDMM,MDNE,MDWO,MDWS,NCOMP,NN,PASS,PEAS,PGET,PIT,PLACE,POLITE,POS,PP1P,PP1S,PP2,PP3f,PP3m,PP3t,PROG,QUAN,QUPR,QUTAG,RB,RP,SPLIT,STPR,THATD,THRC,THSC,TIME,URL,VBD,VBG,VBN,VIMP,VPRT,WHQU,WHSC,XX0,YNQU,ACT,CAUSE,COMM,COMPAR,EXIST,INother,JJATDother,JJATother,JJCOLR,JJEPSTother,JJEVAL,JJPRother,JJREL,JJSIZE,JJTIME,JJTOPIC,MDPOSSCall,MDPREDall,MENTAL,NNABSPROC,NNCOG,NNCONC,NNGRP,NNHUMAN,NNP,NNPLACE,NNQUANT,NNTECH,NNother,NOMZ,NSTNCother,OCCUR,PASSall,PP1all,PP3all,PrepNSTNC,RATT,RBother,RFACT,RNONFACT,RSTNCall,SUPER,THRCother,THSCother,ThJATT,ThJEVL,ThJFCT,ThJLIK,ThJSTNCall,ThNATT,ThNFCT,ThNLIK,ThNNFCT,ThNSTNCall,ThSTNCall,ThVATT,ThVCOMM,ThVFCT,ThVLIK,ThVSTNCall,ToJABL,ToJCRTN,ToJEASE,ToJEFCT,ToJEVAL,ToJSTNCall,ToNSTNC,ToSTNCall,ToVDSR,ToVEFRT,ToVMNTL,ToVPROB,ToVSPCH,ToVSTNCall,WHSCother,WhVATT,WhVCOM,WhVFCT,WhVLIK,WhVSTNCall,AWL,TTR,episodes,words
1043245989,5.092298820551818,46.04051698626787,23.81760337807967,344.9247406277608,486.35722642641167,78.6101019689788,9.4711837966785,24.305271665242493,190.31363438046952,37.880393925997424,237.9965950045113,52.10525820733427,52.429405674172465,779.6585887863789,14.625707354168009,12.201836787409187,0.0,73.70447735924004,43.93645262563066,15.077198468692636,33.615828815407426,14.27261814921926,39.82672581393212,1.8479299783588152,1326.612579381761,515.8242570836713,165.0228965325627,28.491694082933996,11.559330201354907,8.796841298702613,28.105321879158115,23.28796957065655,15.822448225039379,173.86170335152562,2241.815457348199,67.91034138950732,55.06020966842174,4.197999112935727,158.2722361182762,32.880708667399375,7.458285911089534,25.01579133585657,120.49313827566571,147.6867954043414,150.9572118108339,10.03988895055087,46.71485948424375,122.27305516946473,71.34572570322997,151.88190034346607,33.64187637970692,0.3212532930271394,251.04063637093756,45.091227976241726,51.19504054375737,8.38008026991065,24.833458385760085,92.57738478113173,85.10752217479796,45.31697353350404,2.8652320729447567,261.00093554168444,122.07480426340744,55.8532132926509,13.308858270137842,752.5271563946409,20.108719639212293,179.49810684855584,102.81841881155094,17.501069035451458,213.11104149015222,19.5544853543952,129.43324117801558,32.80546014831194,35.128034631683825,1235.1291923012081,2.3327040917105797,351.73183743136286,16.645840674284614,25.008555901328933,16.009122435852447,117.78853284923453,48.05341487185684,22.18818352245553,22.538378553593226,31.097897599789306,48.84786558299152,53.38303594491519,229.57599630124588,391.04340030692714,53.14426660550313,58.845789013282086,28.757958073551087,120.0315175528024,464.44109524219533,76.7057356013044,77.10223741341898,17.340442388937888,649.0807018660909,117.16917965366869,2.9158801146382247,40.06838932715524,72.10834050244304,268.17993368000714,179.02780360425936,16.373788336045415,1.871083368847258,212.25436604207985,41.86422417691506,2.2502201380955036,45.98552768385782,10.785138706897612,90.81917419091562,54.25852352275942,0.369007160909552,0.27494651205025444,2.214042965457312,0.19101547152965045,3.049012109946769,0.4182081156974923,0.289417381105531,0.7568264515909635,0.16496790723015267,1.6294198556241395,29.6797524323722,1.2922486066361958,9.505913882411166,5.462753068366897,8.740404909387035,25.001320466801292,1.6178431603799182,0.4717503312020155,2.580155952555809,0.42110228950854756,2.130111924936708,7.220963658582998,2.4021642631759073,34.46961008966874,14.080155590784083,6.746319153569927,0.5339750681397046,3.170567410011092,0.3154649454050288,24.846482167909834,171.94720737551253,0.11431986553668474,1.367497125723634,4.846294046612116,1.2227884351708684,7.5508994730433034,4.513618467129783,0.5025958265868935,465.0,6910435.0
1050430296,3.03249935206225,33.327356233161154,30.019860045446052,386.803768285406,447.84553164045786,112.40589834308756,5.835206827757051,27.08153769189505,269.53833681913795,26.53154402058935,206.05550566267456,58.84555574976945,72.12074545991526,671.3802882268204,13.316627589490752,5.55644291216375,0.030136639523600003,64.1835080253871,36.1338307887964,22.13912881002465,37.746141003309006,18.3306109902297,31.259229345854102,6.0009583451368504,1158.5729698452785,334.15505903767684,183.35508194152285,36.2845139864144,13.59539150508405,9.086196816365401,23.6346595463833,30.155474923302254,22.0298834917516,167.29225307544405,2239.9773071104387,63.584542314855554,62.92530332527681,5.1608995184165005,172.12164955910097,44.903592890164006,8.70572174237995,26.0907956675567,103.96010511659865,341.8059983967308,246.14100330900303,39.889609489425055,96.87046066867175,93.20509188661391,81.97919366407291,168.34703545877005,45.5289281602787,1.2129997408249,222.40086552428713,62.428048773137405,44.27449054010885,9.244414173864302,32.434558287274506,55.44011548360265,61.188679472729355,52.573367648920204,9.530712249338501,339.6097907914484,116.08256836496676,47.09980049544635,31.319502624901304,784.8598043529362,35.90403891242895,160.18377322781492,118.77226344244806,34.257824978452305,260.61035736027145,20.492914876048,150.02395862842127,23.2278149128147,37.1208057331943,1080.7413311956411,4.10235005515005,219.58685680877096,9.312221612792401,18.458691708205002,25.254503920776802,130.63479817492512,28.072279716233403,23.14870623406525,19.70559516849395,10.96596970664995,58.966102307863856,70.51596940528356,275.1663542501703,255.3552808433437,38.14168439705625,99.31152847008336,23.7100011451923,134.2135241183526,640.1549626004304,50.463802882268205,100.47178909174195,23.224047832874252,636.7419881743826,59.9568443322022,3.7030395814623502,33.74926918649155,68.74544183327205,445.7661035133294,229.96516204471072,10.3896064757611,2.1246330864138003,197.15766284333168,24.561361211734003,1.7102542929643,28.3962485911121,15.445027755845,54.3589635406935,37.297858490395456,0.9191675054698001,0.2862980754742,1.4013537378474001,0.2109564766652,2.8177757954566003,0.23732603624835003,0.14691611767755,0.43698127309220003,0.21849063654610001,1.0397140635642002,23.672330345787802,1.6801176534407,5.60918203133005,5.7787006286503,6.746840173345951,19.814840486767,1.7366238525474502,0.3239688748787,3.9893376569365504,0.59896571053155,1.2921084195743502,7.941004514468601,1.4917636564182002,39.4262586567497,19.875113765814202,5.3530205953794505,0.5951986305911,3.9102289781871002,0.25992851589105004,29.993490485862903,148.96164208521435,0.23732603624835003,1.43525745731145,8.411889507024851,1.1376581420159,11.222131142600551,4.173106216246963,0.5295179702521231,430.0,2654576.0
1057255460,5.5775212578272075,35.062932045226745,26.21582936039738,363.463537139708,407.9061733691853,106.78660063394373,9.49806007301079,26.452541137917898,244.30874613031722,28.287057413701913,267.34376098028264,58.245891756142484,60.09520251802153,672.8680220881678,10.44490718309286,5.695877146587467,0.0,73.1957199551727,42.95579037692652,22.85748101682503,29.988423314630637,29.773903266252667,37.378269119099315,3.846566384708419,1210.9730703366856,355.1712276834424,153.20430075710783,31.80814510431962,13.744077582285083,12.597504909920072,23.020220363870386,23.796930883859584,25.6314471596436,188.42257490633241,2290.179050267965,54.184805323056096,83.50747676341028,4.6824548490777484,147.73034090194585,50.47878655625048,8.558610205976233,30.69855864719219,116.5509614566651,187.66065887243823,175.13712639299334,27.72486694209068,116.38082486657223,112.31973843348584,99.67045282223316,195.98995454394148,33.93115385895677,0.3772593954233257,227.90166105092632,63.74204334044702,50.99659356957662,10.474496155282926,33.6722503522937,67.45545935030015,74.01681393344701,66.77491298992865,9.771758065768887,253.76242274504293,124.53258670493507,42.933598647783974,40.12264628972782,845.9339204278565,25.84596720802157,167.56234951233677,111.05480987236056,23.745150182526974,288.81795754722214,28.864042371408175,171.43850486923523,33.731428296673826,33.065676422397374,1118.7220522911111,4.031497460896324,229.28494550081186,7.537790665418998,19.53611888849026,15.045992358647933,105.48468585758089,32.09663758317275,27.71007245599565,16.362701621105813,17.33913770337795,58.14972759652478,79.20228130975585,261.98815701388094,279.03880223840576,36.30566887720946,61.69300701628503,22.583783024066932,125.61258418987244,705.8005481357098,50.907826653006424,102.71811695780983,34.78183680942113,589.5602708870404,80.11953944764787,6.265464861246214,31.564036083751585,58.86726017213385,304.21162032910337,256.42543024214876,13.159695381531304,1.4424623942656571,199.96967130350518,26.87418399162632,2.219172914254857,30.535819300146834,12.434765562874716,65.92423003946429,45.04181291632609,0.4882180411360686,0.2958897219006476,2.2043784281598247,0.34027318018574476,3.3287593713822856,0.25890350666306666,0.3032869649481638,0.4142456106609067,0.4808207980885524,1.4572568803606896,29.367054898639278,0.9394498670345562,11.406548779269967,5.207659105451398,7.027380895140381,24.581038646896303,2.0860225393995657,1.235339588935204,2.529857122250537,0.7841077630367163,2.026844595019436,8.66217160864146,2.2709536155874703,43.71770641082069,19.491735430205164,7.693132769416838,0.7619160338941676,4.305195453654423,0.5326014994211657,32.78458118659176,157.79059144656787,0.04438345828509714,1.5534210399784,7.264092672660899,0.9098608948444915,9.771758065768887,4.338150680953208,0.5358195658558056,386.0,1351855.0
1060110806,4.132515751652151,42.90288892124611,25.863389750220406,376.0855457372929,439.3278636110128,101.4272196304763,8.728846518669124,28.05700666715076,243.02386100148306,31.984227248067658,228.97634885580257,63.69092583940063,64.20416376623875,728.8548825464509,13.374600197159399,8.314454414777602,0.007603524842046276,70.73178984313549,43.89134715071213,21.620622888358586,32.42903345132736,19.902226274056126,39.70180496274463,4.508890231333441,1238.9031307133362,402.2568782436162,164.5554846315655,28.224284213675777,12.990622192636062,9.101419235929392,29.608125734928198,28.57784811883093,21.289869557729574,172.2768641086635,2218.849214118681,63.367776033613666,71.77727450891685,3.7561412719708605,162.18698664326809,38.207712331282536,11.766454693066612,28.357345898411587,119.00656906528728,185.7198960294013,175.13198768685186,40.880351313261805,112.03793854755187,125.14641537523966,77.06172427413901,167.6577227671204,40.04016181821569,0.6310925618898409,227.7483795938121,55.26241855199233,48.41544443172966,8.660414795090707,36.949328969923876,65.31047663075648,79.10327069422843,53.07260339748301,4.170533375862382,304.35009061500733,114.41404006069133,45.89487594659132,20.29760956584253,800.6283552929467,25.544041706854465,173.9230272369665,118.17778485750424,17.875886903650795,238.24504563825698,20.263393704053325,166.59703105165494,29.49027109987648,32.98028900237572,1150.5729826232846,3.4063791292367314,269.4004886785416,13.062855678635502,21.149204348151716,22.396182422247307,116.63426931456885,30.733447411551047,22.263120737511496,19.571472943427114,18.81492222164351,50.31632564224123,69.76994395061662,266.1918011951981,291.57616888036955,45.93669533322257,74.85290030752456,26.79101978095005,139.8934518063884,634.2214123623429,53.55162546253192,78.23266709981414,20.369843051841972,577.385064168047,85.85900251638655,4.679969540279483,32.102081883119375,67.12391730558453,304.7264650946886,278.0647052360533,14.70901880693852,1.6461631283030187,193.27399795997428,39.625769714324164,2.235436303561605,43.50736914618879,14.134952681364027,63.81258223687337,50.111030471505984,0.5398502637852856,0.36496919241822123,2.33808388892923,0.3269515682079899,3.5698549133407265,0.30414099368185105,0.26232160705059654,0.551255551048355,0.2927357064187816,1.4104538581995842,28.50941639525251,1.6347578410399493,8.10535748162133,6.048604011847813,7.740388289203109,23.5291076237122,1.7031895646183657,1.0911058148336406,2.4749473360860628,0.8858106440983912,2.0643569946155638,8.219410354252025,2.6232160705059653,39.78164197358611,17.088922082499003,6.774740634263232,0.5626608383114244,4.064084028073735,0.44860796568073025,28.939015548828127,163.69248456199324,0.1406652095778561,1.5549208301984634,7.424842008258189,1.1101146269387563,10.230542674973265,4.337225976644253,0.5072709194828539,383.0,2630359.0
1072469956,2.330980312814511,20.235346741700873,21.874650543392647,438.8306583937687,336.502146177756,110.86934596348863,7.078257864925632,43.51163250587087,381.8755159007898,53.39011377926256,236.21514613113638,81.79760326471313,98.86403559422173,690.1408064460594,12.364860273727171,2.6966242834520813,0.29251517651005626,56.0379855332963,31.90548347121666,73.66507195111583,36.62533772552996,38.95936507143312,18.516820079704292,11.060730111786503,1077.2541722262324,288.63935042129805,177.833992152671,34.135911692105836,12.49283566345032,7.337255677460578,28.90110884581129,27.481191426502058,27.855976496405567,157.80279662790943,2029.0802743914237,45.60799127085961,51.53447062827689,10.146620185192576,186.80445756564603,60.26422042724889,6.883247747252262,24.357982510639477,164.38743513247434,268.224228727367,293.5542147932847,29.851783169468973,119.92208126985713,148.73787318918633,127.7042037782601,147.90603315598585,56.007515202409834,0.9506743236576829,212.41781770880783,86.15486058147751,51.40040117237645,12.252120049447253,41.17151109379042,42.75292126679791,42.51220565279485,65.62699866326659,3.790509162276146,274.2756364414188,110.44276133107812,32.83178153016517,50.91592291128167,959.2090633389815,32.74646460368307,158.8174586464287,167.2485992027133,33.44728221407175,293.0941127968991,21.134221502851567,159.88696726054357,23.169639606067374,27.624401981668438,1009.5308147979771,4.427339077803247,176.6395551819216,11.389809685360316,22.173259786079996,38.77959011920298,120.35780700153357,19.772197712226617,16.20412196542166,12.605575887730238,10.826108563960728,53.96600303301673,94.29653299434075,287.94462687708665,207.42677750960502,30.95785618064762,73.1440292929573,23.76685809144207,154.42973099877784,590.2621088333185,60.108821739727915,83.14439188989485,19.02872163859689,567.007152300769,53.195103661589194,4.104353570406727,24.022808870888372,55.75461145605218,432.61166385984137,298.51173762851244,7.736417012073259,2.184722724559483,189.2573192020064,23.312850161233754,1.9592422759996477,27.456815161792886,18.571666675299927,42.036868490966,28.093645077319987,0.35040880519433826,0.1706338529641995,0.8287930001118261,0.05179956250698913,1.401635220777353,0.1249283566345032,0.14625758825502813,0.2315745147371279,0.13711648898908887,0.6398769486157481,14.132139465142094,0.9110628935052795,3.546746515184432,4.899629206543443,2.7331886805158385,12.090627295748993,1.8068906215673268,0.27728001106682415,1.0999789450013575,0.6276888162611625,1.4412466509297563,5.2530850448264275,1.6393038016917738,39.21836288396807,23.273238731081353,5.810692100048722,0.9049688273279866,2.062841401013626,0.27423297797817775,32.32597403744987,145.22464403797701,0.21024528311660295,1.1852958714834572,11.261834295637167,0.9354391582144508,13.592814608451677,4.052661141826897,0.49673858022274425,209.0,3281881.0
1093260018,3.6240464452051353,32.84292090967154,21.21838826813638,427.3459421444308,430.6986336268452,100.81173258125399,10.489775524410286,41.614862537406616,313.80855884949085,38.63668575570339,248.00722297573682,70.48164833114456,75.18662942151607,660.0911304154378,12.889360732559725,6.567462880435173,0.012334316490487775,70.44688798467136,55.442752624742546,24.67087558397382,30.096853538289306,32.07258677976562,39.51578613102543,4.271037410206176,1108.3773780562194,354.5645044385599,196.7413184352731,40.67409057963214,14.342567475439012,10.54023409187137,33.129974093450166,32.14547137720941,28.802871608287226,175.89520226484962,2089.111399958377,53.74734475805005,58.355893919495934,6.728930296310649,206.27798768541842,38.477460942826184,7.739222947031512,26.512052645553904,107.29621915075316,229.1794495037568,230.52164739822172,23.81420123863449,89.67720869484094,123.14245193653254,83.73879595542064,169.98257945990943,44.651346997064884,0.8701299633289558,251.69069840039614,64.2898214529197,53.51747795072732,10.301396872555562,42.10711389552699,57.13479658693765,78.48549843197199,46.74257429295213,10.400071404479466,233.27780648309616,107.96227224123949,40.17286880951868,28.885847919223234,918.1048479694575,28.028052272384766,183.72188672881367,142.74504474441503,33.07727292299081,265.39973052882374,24.45334309314158,152.87376118610376,30.749451010786025,36.93118617551867,1020.1376778832698,3.0062093191816115,232.45701378572915,5.140046072035997,28.259040381206628,28.811842020280306,134.1850291000165,33.507852698658745,26.487384012572928,13.49486354209276,12.716680301692897,65.55689214694253,93.02092976526225,262.7018791219043,281.3838833989968,44.38223463727242,74.49254379355135,26.447017158604062,129.08198597745198,567.580392832282,46.22901820634818,86.58690176322418,21.998814111534514,554.6316031202681,68.46106302970283,4.638824301922539,30.151797311746932,60.4762750543607,336.47566865450995,236.63386187000796,13.132683157872075,1.213248222064343,218.619031984901,33.07166641549513,2.404070414145981,36.68898505170545,13.018310404960278,55.56161058365089,52.84357574974703,0.43842888616188364,0.30723661076305914,1.973490638478044,0.2892957867768951,3.0084519221798818,0.3240561332500879,0.2803253747838131,0.5214051970978923,0.33526914824144044,1.4610558533732336,24.739274975421072,1.138121021622281,7.572149023660359,4.467265172554845,7.092231982030471,20.269767199867957,2.324458007707378,0.9407719577744766,3.6419872691912993,0.6436270605036348,2.2392390937730986,9.790083388949888,1.5608516867962712,41.3883596345813,18.95560184288144,5.706303329099299,0.6739022009802866,4.365226736133537,0.3363904497405757,30.037424558835138,170.22814448822007,0.10876624541611947,2.02394920593913,10.003130673785586,1.3578961154527904,13.493742240593626,4.18130295935013,0.4794742753813322,1147.0,8918208.0
1111319839,4.944950099386267,37.129564922982325,24.48269000255578,393.6846731381697,423.38581016232826,103.8313775159752,8.975100148599994,32.348084248369155,290.4285822516844,32.94223273456369,262.1515154087223,71.22551455931001,76.57285093506083,684.2892993857637,11.141070026843567,5.6491260830242345,0.0,73.32546793908752,43.391701348905684,23.112061748689023,34.69324176530632,38.62593888821301,45.51994751374008,7.92197981592714,1188.7622315211177,339.0513051933293,163.9975567608282,26.793267448867866,13.995497674804614,9.27688985587341,28.534845551258197,31.848245045697563,25.472937479546673,158.2761268937697,2015.3799579569213,45.34075987504649,73.24687686948506,6.567069775980872,160.58670434008178,45.8185935782294,13.014681126166016,26.438035814264783,141.58652735299304,245.79199836027593,209.54579705962516,32.514697315926355,132.74660384410927,120.7976176217525,95.88739220055938,190.12437193946727,44.74661138885195,0.6884577697174776,241.24943453725422,68.1447446308939,49.77015255784067,10.804700248945071,45.36905266010337,69.59082031157901,73.49208100664472,55.293532929500984,1.405208324491838,295.8733715537423,115.47228674549036,35.06733525661399,23.03661432187067,873.357407349774,30.78255014188832,175.3901182103996,131.29424087785597,32.10288011120951,260.74630708423047,21.12213586635494,169.44548970567016,28.563138336315077,27.896686066086286,1095.0062291281768,3.6749184146106457,221.30930835772014,6.66766634507201,23.627619165281107,21.09384308129806,112.1620308938351,32.97681280518877,25.40063369551242,13.517663971621708,13.79116089383824,50.06565497954589,95.94712141345724,299.37224597244347,273.8458665655671,38.198403469575666,55.39098585580802,17.167433243959568,125.77400414897974,562.4951470014521,47.591608108460704,90.8009781758887,24.136889296304993,534.255803871899,73.6964177876111,4.5268456091012235,30.490191362967195,51.907829651027356,387.37852571326897,286.0589187817881,11.791804083151867,1.2543134708551307,209.07425064201044,31.244665631150735,2.6029362252332033,35.10191532723907,13.061835767927487,68.1573192020303,44.702600389874576,0.6381594851719086,0.3206515639780033,2.3074338035279847,0.308076992841611,3.5743218455195076,0.31122063562570906,0.3426570634666898,0.35208799181898404,0.3206515639780033,1.3266172548893862,28.61029297807655,1.317186326537092,6.956881481209033,5.705711653138,9.729574416783532,23.709353877667656,2.2508482334142195,0.8487835517064793,2.2319863767096306,0.7293251259107526,2.2948592323915924,8.355802520132674,1.763583601879018,41.17228954333245,20.106739247091266,6.865715840470188,0.6350158423878105,3.2222338537005233,0.2231986376709631,31.05290342132075,163.45056291639514,0.12574571136392287,1.4272138239805245,8.773907010417718,1.6126887482423107,11.939555294004476,4.220539245645191,0.5007249032465342,483.0,3181023.0
1112258664,5.301631187906621,57.95173934284742,29.42114010871257,353.27839722617324,482.56495746626973,86.29091390300762,12.15962820334627,35.09729783265655,219.6473291680434,36.587081164894045,233.38829163465851,59.80772639921033,61.64706783174936,724.5423909940516,14.10716619074054,13.150042820867286,0.0,76.1786974299989,52.849855640827386,20.6655419773503,31.6433308892009,22.62972558856845,66.22461438331709,2.405292642551042,1302.4534817235212,475.007844250227,182.46100554548957,34.098560403223594,15.696823265921331,11.860006974516383,28.014584895594485,33.83223042204147,31.460229027138194,154.79597875019664,2120.1031695764605,56.919710665766694,69.2874091669115,2.5467804450540443,173.322558066178,40.04104810834969,14.073874943092774,28.98835388929162,131.342294782346,180.0307444672027,154.25499597592045,5.73441740732757,45.900307694356385,118.28380289251005,76.46999584691686,183.65116764889717,32.08443992053379,0.2829756050060049,268.56049477452257,45.15125462228166,54.76410238057389,7.18258668000536,38.81759475729432,70.92700311356394,88.23012907848994,61.863460941459834,1.348295529734494,195.96892927857033,118.66665224045936,44.33561905491142,14.80628239134361,811.3659648594236,21.87234970458179,157.95864727673433,121.08859050683428,22.588111529008746,223.49246827136028,21.947255011789263,127.48051005520522,39.27534941245109,31.00247437198142,1194.3151865516677,4.336185006121428,344.48118503525126,2.1056714137211543,27.007524654249586,17.469582203164833,131.30068072278627,40.39060620865123,24.985081359647847,16.653946635794583,17.178283786246887,61.655390643661306,87.92218503774811,261.51107308510825,380.47734655439746,55.221857035730665,56.4786016344338,19.433765814382983,69.84503756501157,567.5491898991025,54.098277427618584,79.69092405683814,18.484965256421674,540.7580583545634,103.84372422529187,6.4418564198425825,36.66198647210152,59.46649111082074,311.3730392495487,169.918527994194,16.096318237694515,5.284985564082739,223.22613829017817,47.24860322409088,2.6300085641734574,55.163597352347075,9.679430253587757,69.26244073117567,53.5572946533424,0.6158880814836577,0.49936871471647926,2.505166385494338,0.5576283981000685,4.178051579794543,0.48272309089259663,0.24968435735823963,0.3495581003015355,0.3745265360373594,1.4564920845897311,34.439795691613185,1.8143729968032078,8.930377181513037,7.215877927653125,10.844623921259542,28.80525202722891,3.1793141503615847,2.5634260688779267,3.7286197365497116,0.7656986958986015,2.338710147255511,12.575768798943336,2.355355771079394,47.64809819586406,18.193666839503727,9.38813183666981,0.7656986958986015,4.178051579794543,0.19142467397465038,32.716973625841334,147.8797220513734,0.18310186206270906,1.2650674106150808,6.416887984106759,2.2138679685763916,10.078925225360939,4.448558225892768,0.4856938947180939,162.0,1201517.0
1138657182,4.317214419811287,38.303460783070214,26.828966618006092,461.2526066757685,424.8792873760081,90.01549627876601,9.634951159542343,56.38770476240746,398.15667549279664,51.48356976909993,264.27182064337524,91.23660619677831,100.99760741237354,584.8328694428666,13.184048050281367,5.967682341253741,0.0,72.06124141973329,35.71943463398609,61.595147703092245,35.715495569734436,35.19160002426464,35.6603486702113,6.357649702167352,1023.112853402997,303.35127708402104,205.81216808459848,39.701828592406905,14.129423470677999,7.507856463649921,32.426376919604486,36.7160178896542,29.21210049025594,132.9197841077665,1676.3948423468314,50.25064265833266,59.49956552121304,8.019934816364763,224.664529593008,45.27954357274703,9.16620251359568,15.070859826822979,133.10492012759417,379.3791562051685,279.64992748182715,15.315081810425443,96.92855404041637,151.77608468042766,105.18483271188029,164.27473555092146,51.84596368025198,0.9493144846482849,297.12755556640985,67.58252536560425,67.91734582699472,9.627073031039039,50.74696475404089,71.57279745252836,87.59691082825128,55.89138266669923,3.3482046139047394,249.93362676735964,96.65675860705234,34.52589816573534,28.566093952984904,1006.9902634209827,25.54089260771568,162.12006740526746,185.42751058229612,26.202655401993326,259.2810262365314,25.355756587888006,155.49456133398775,25.694516113530135,30.21656187442736,942.8622974040778,4.285701905798066,201.70766313437645,6.889423376140457,28.877280028865464,24.055865384842637,145.4184349782603,29.17270984773941,18.155147135866994,9.603438645529122,11.521762936083956,61.339108526734826,101.11971840417478,316.89771904545444,225.14509543170962,41.91558270183568,59.26716073036554,25.49362383669585,129.99305936878858,336.21489013555896,40.42267735045933,60.44494094160967,19.041436592488836,537.0835325843334,57.79395070024745,4.175408106751792,30.252013452692232,58.27057747469742,512.4840763327627,264.01972053126946,9.260740055635344,2.5131229925543805,255.8737356588518,38.85492977830159,2.93066380322956,44.298716574085525,14.164875048942873,70.09958742241028,48.21414644022825,0.6538846657743373,0.4017845536685687,2.4185854505147177,0.3623939111520424,3.836648581109666,0.5357127382247583,0.34663765414543185,0.3426985898937792,0.15756257006610538,1.3826115523300746,37.94894500042148,1.6741023069523697,7.720565933239164,6.8618499263788895,16.473166700411316,32.72968486698174,2.7415887191502337,0.2717954333640318,1.8237867485151698,0.6223721517611163,1.2880740102904114,6.747617063080963,2.2885963302101806,41.57682317619356,24.024352870829418,4.782024001506298,0.7208487580524321,2.714015269388665,0.2993688831256002,32.540609782902415,146.48198232620652,0.2639173048607265,1.39048968083338,12.72317753283801,1.260500560528843,15.638085079060959,4.075810717406016,0.46852071266338247,198.0,2538674.0
1147092464,3.751213563547834,28.731582066660422,19.444738685881752,419.5785626096657,391.291990320089,120.24601891335324,9.50424159974741,47.75465575064979,319.92847160881394,44.33756428202706,295.9139931792403,143.54410455424465,83.81212008202186,670.8354598964485,13.45972194621889,6.7568533694243555,0.004377145348363867,60.9692575573603,41.333383524599995,56.49581501133243,36.8993352867074,35.88675566278589,35.83422991860552,7.18435456511456,1065.4613759235413,330.4482109293818,200.4542893252222,41.72732660595274,18.578063906905705,12.010886835910451,35.768572738380065,39.83931791235846,32.42443369223007,183.67523215649405,2001.6948306788865,60.60887259034501,55.17099901922763,5.258410611834459,185.96739727058724,40.94673568549452,12.347927027734467,26.261413041733746,134.39587077616417,270.4390072517626,249.93354034312733,19.341146245970474,74.47129190861338,92.66854417021142,72.33086783326344,146.73066636785353,49.502595793096425,1.0023662847753254,242.39317795634585,61.366118735611956,52.0661439187882,10.1797810318449,42.904778704662625,59.35554997226349,71.09943094192374,44.87595315987582,6.962579200797458,256.61160509628115,96.79911033061747,43.25349128408228,39.03975936205733,888.9675802352629,27.2885831501498,148.88130378234965,166.74881109437095,34.777878841200376,255.11899853248906,27.860530142336014,178.3774272365243,20.241379139283975,34.92961987994366,976.0421326502652,3.6169811061980086,224.35933912108672,4.291061489846044,46.05778240393406,30.797594671088167,125.78602587593244,32.303332670925336,13.50349339970253,9.459011097814317,15.696443219232826,72.31773639721835,108.15050726737442,280.3838814832453,288.40718890679625,42.93687777055062,78.69961431513288,20.8964918930891,115.98413839249629,490.92894988489564,46.58158079728827,70.40200578308443,25.54356120460207,537.5966145407018,85.3382847601514,4.874680869627893,20.594468864051994,65.86728320217946,404.8348780279268,186.48098232479526,14.260739544969478,2.0032735211011965,212.4111913685028,28.89791358989825,2.185654577283024,33.08684168828247,11.021651987180217,57.27202878644229,44.39009002620743,0.5646517499389389,0.25387443020510425,1.9959782788539233,0.3501716278691093,3.164676086867076,0.5807012828829397,0.6842937227942179,0.45084597088147826,0.2699239631491051,1.9857649397077408,27.015741090101788,1.13951683902406,8.525220090163359,6.626998057422894,5.573565076916657,21.86530006352697,1.270831199474976,2.360740391217579,2.7590606179186907,0.7864271142560414,1.6137075850968123,8.7907669079641,3.3441390461499942,44.59435680913108,23.195952249429585,5.6144184335013865,0.679916577445854,2.595647191579773,0.3735164030603833,32.45945085501698,136.3276509232421,0.12693721510255213,1.7216771703564544,9.885053245055065,0.8199852285934978,12.55365285910757,4.201627799177155,0.48983595571029254,567.0,6853782.0
1155629323,2.6770965387422687,42.365352848526754,26.578886711997235,435.93455879528256,446.7509892051784,93.66236410433714,8.691560063001806,35.01834351350313,289.77469171372593,37.68343513503131,261.6231608466828,64.20229726095809,83.54221889285851,657.4132764780454,11.620759863239982,7.479063424378626,0.0,65.93100533978718,42.0412200837463,41.05681687219085,33.93790096423495,42.31733317967039,55.94291421766356,4.609888210210903,1143.948561330721,376.7143021781722,208.21328416119243,33.037532173178136,10.324228804118167,8.043294533440898,32.821443663324494,26.446832622642233,25.546463831585417,177.43267642426338,2043.020821328416,45.426606738119936,55.690810956167645,4.597883292996811,200.14597979332333,45.24653297990857,7.623122430947716,25.090276977449964,133.96287119204027,231.77893665245284,201.47852560408742,13.313453190426799,92.31781337635896,95.87126887172987,84.50261226998579,181.82647612462065,49.44825400484038,0.6482655295609081,270.3147209096846,60.21666474587991,53.60195536091583,10.468287810687258,37.19123352925358,71.74138527140717,76.59137182589988,49.73637201797857,5.11409473320272,226.1846452306865,111.95785793861165,39.244074372863125,22.85736237562906,925.6511467096923,24.62208520610042,180.13378279743384,148.0206292497407,27.239157158772233,245.98075371672238,20.32432484345588,144.39514425108524,32.413276478045404,34.33406323229995,1046.876800737582,4.393799700357266,244.31207022396373,3.6975145019399944,26.314778533287235,43.0976527985863,135.55952518151435,32.917483001037226,28.90784065153087,16.338692328377704,13.99773347162998,51.4050555107372,94.31062963389805,281.5273135876455,284.9727248280896,47.41942299565902,76.63939149475625,27.119107986631324,114.79101840113711,522.898179094157,46.01484768161039,75.9190964619108,17.034977526794975,580.0535899504437,61.24908762629173,4.886001306134993,29.48407667780723,50.02449003111675,365.7418078444931,201.50253543851562,12.989320425646344,2.761130959240905,235.3924167338942,32.509315815758136,1.7046982444009067,36.975145019399946,14.40590065690907,69.96465752372171,47.92362951865084,0.6002458607045446,0.3001229303522723,1.8967769198263609,0.3481425992086359,3.1452883100918134,0.6122507779186355,0.3121278475663632,0.49220160577772654,0.22809342706772695,1.6446736583304522,28.187545618685412,1.6446736583304522,7.827206023587261,4.98204064384772,8.943663324497715,23.397583650263147,1.4886097345472706,0.444181936921363,2.7371211248127234,0.780319618915908,1.8007375821136338,7.250969997310898,1.4886097345472706,40.76869885905267,22.749318120702238,4.729937382351811,0.6842802812031809,3.5774653297990855,0.2881180131381814,32.0291191271945,169.6294802351043,0.10804425492681803,1.4525949829049978,7.815201106373171,1.1284622181245438,10.50430256232953,4.216742529940263,0.496470874990396,68.0,832992.0
1169056746,3.533277750545005,33.00053487959623,26.003807002034776,325.0755185748461,386.6914135764452,115.04799252565118,8.96586686106677,24.355875086760822,245.05306201111935,20.682942089158704,222.8618432537438,51.03002727466975,52.04951057818669,715.5515893465391,10.962936893983512,3.896381392893503,0.0,61.895205495713284,34.25743210311026,16.339663905682432,28.880705091411343,34.66243231957589,34.11777685605315,8.979832385772482,1248.1687705729637,363.368987317907,138.16093591360368,21.367252799738566,14.035352329240038,8.630694268129695,23.01518471501252,23.57380570324098,51.351234342901115,218.88166871261603,2545.524119159443,49.13071591469299,77.13159294964451,5.209140715230382,128.39903414431134,50.583130484086986,9.664143096352344,54.297960055806236,118.91644286913326,151.9309432734352,133.62214038424744,28.01484255965723,143.25835243118837,101.38970936346534,118.07851138679057,168.99681446381462,35.290880931332914,0.9217246305769577,219.00735843496744,65.59606954272682,51.54675168878107,7.91845250813841,36.72932997602119,55.19175363697177,76.55900643671033,85.10590755660576,6.591727661095819,237.60943734297513,131.66696692544784,44.996920601802394,23.68552990088667,773.1733442823047,20.73880418798155,149.6126661722871,99.15522541055151,22.666046597369732,254.4937567121803,18.839492828004786,178.01854342370424,29.50915370316836,30.989499321973774,1160.8144135387383,4.7203473505304805,234.99788422300708,4.357243708181982,19.160699896236153,24.453633759700804,96.08280997529499,30.01191259257397,25.72449650792055,16.535181251562392,13.351041618660176,44.0332993971083,109.58747236571799,234.98391869830138,260.6804841568105,31.68777555725935,62.04882626747611,17.010009091556583,109.8528173351265,989.5412185478926,42.74847112418284,113.3721295609658,29.215877684348417,578.7034127552723,76.46124776377036,8.072073279901236,27.47018709613448,54.33985662992337,270.84738614256844,272.66290435431097,13.462765816305867,1.2429316988083219,190.19648096708465,30.6543267290367,2.122759755268145,34.020018183113166,14.384490446882825,54.11640823463199,47.63640477118186,0.6424141364627282,0.26534496940851815,1.745690588213935,0.37706916705420995,3.030518861139391,0.20948287058567222,0.25137944470280665,0.26534496940851815,0.2793104941142296,1.0055177788112266,28.992429289057032,1.13120750116263,14.14707652688573,4.42707133171054,5.251037289347517,24.956392649106416,2.6674152187908926,1.8155182117424924,2.3881047246766633,0.7820693835198429,1.88534583527105,9.538453374000941,2.6534496940851815,42.51105720418575,17.694319802136445,7.974314606961255,0.6563796611684396,3.7008640470135425,0.2932760188199411,30.319154136099623,140.54904063828033,0.08379314823426888,1.2289661741026103,6.647589759918665,1.103276451751207,9.063625534006752,4.409953866285687,0.5407144504077235,457.0,716049.0
1172546141,5.394679196983103,47.33229677607786,23.399850529589127,345.86078635180525,420.8365188856723,95.40335535301647,9.329015299241481,32.28217264691481,195.30800353918445,35.391844413328634,221.16466656931047,45.56270455541143,62.34805989124739,791.4200548058174,12.215340474697408,10.754997379972682,0.0,64.04893008392678,48.12260009792889,11.562481208820472,28.072948432708248,26.303356212041816,36.62884091709547,2.353729458556322,1311.5942651467644,453.2217745745677,160.05360318182989,32.16190909793748,16.132496069959025,15.909149479001126,30.65002448222247,41.164494764240494,30.564121947238664,170.15574129592565,2327.718170963225,54.960441882639955,82.00255989554252,2.903505682452689,155.34614426471725,35.56364948329625,9.157210229273867,41.937617579094756,123.71683088367938,174.41650703112248,128.6991779127402,6.7519392497272595,59.28992964582385,113.64905378357716,71.35064555755041,155.84437896762333,29.687916090403828,0.25770760495142214,231.55887330235115,51.35253541332005,49.015986461760484,7.748408655539425,38.7076822637036,69.44360928090988,93.35887502040185,51.91949214421317,1.7867727276631933,211.71538772109164,113.51160972760306,42.72792090094579,17.24922902474852,775.0985731588939,24.533763991375384,152.61444365223218,115.8997002001529,27.72933829277302,235.26986281365163,27.14520105488313,138.18281777495253,35.735454553263864,31.354425269089692,1210.9680356667325,4.106141172225993,336.22252192662205,2.714520105488313,22.884435319686283,19.20780682237933,111.3984073670014,31.69803540902492,23.898085232495212,14.603430947247253,14.998582608172768,64.20355464689763,98.03197292352097,243.9288383400194,360.3783147640687,58.13883567704083,57.31417134119628,19.55141696231456,69.94184398381596,757.9008856551357,59.68508130674936,81.09199302471416,18.52058654250887,568.6060595648178,88.5655135683054,6.511412151772599,35.44338593431892,57.863947565092644,298.13333791480187,179.69092267912825,16.819716349829484,1.8726752626470007,194.2084510913917,38.34689161677161,2.6457980775012673,42.865364956919876,12.81665821958406,67.91454415819811,60.85335578252914,0.7559423078575048,0.25770760495142214,3.006588724433258,0.5497762238963672,4.570014861138552,0.3779711539287524,0.24052709795466065,0.3779711539287524,0.30924912594170656,1.305718531753872,31.904201492986058,1.6493286716891016,9.174390736270627,5.446220717973388,9.758527974160517,26.028468100093633,4.31230725618713,1.735231206672909,3.3158378503749644,0.5497762238963672,1.9242167836372852,11.837369320768655,2.611437063507744,54.376304644750064,24.22451486543368,9.363376313235003,0.326429632938468,5.755469843915094,0.25770760495142214,39.92749826047367,144.0929121818385,0.08590253498380737,1.340079545747395,5.721108829921571,1.374440559740918,8.521531470393692,4.459037536487102,0.5063476578673836,97.0,582055.0
1192761536,3.533024282646378,29.726469905812817,24.64939342588591,417.34455732688804,406.09543018763424,102.96499603175813,8.093106624704669,35.80981379617568,313.1667734381995,40.598593276969424,246.1460373993282,76.20743079971092,89.03941934766705,643.6978969011122,12.425877871292577,2.4934918338488954,0.022176692241012964,64.85019228578216,41.938897114285645,29.693204867451296,30.919853157032325,36.65945831765949,32.91714150198855,6.231650519724643,1103.180941572455,329.82701348426053,193.25324036124724,37.85284156887901,14.144571519971082,8.65029601726012,38.69694191730256,30.437510100790295,30.41949153834447,169.80000227311095,2058.3310763928835,42.37827282931071,58.79872739051575,6.262143471556036,186.28144273797878,45.945948193583675,7.656502996209726,26.535798309637077,159.51278915981106,244.56040390409578,209.35767705801783,23.278596636738296,121.30234842854573,121.29680425548547,92.88291732168761,171.49236109975325,49.02573632855435,0.7914307043511501,240.2983208640261,62.17097065441478,50.65433716500374,11.220020230687497,48.030557264238894,59.48204672019196,70.93769430594023,53.14782899885263,3.3888757830797935,274.24113438216153,109.24654410902505,38.09262705373496,30.65789097993536,907.4037164255275,31.392493910418914,174.6081863596156,147.4001570664228,31.266363973298155,283.32942007118163,23.77895825542615,163.88436961782074,30.35573354815156,30.592746946477384,1020.3717867012475,4.729179620396015,214.58167412404146,7.346029304835545,29.765279117234588,31.133303819852078,128.51531757993519,25.8247581146596,19.799628041429386,13.688563285765252,12.82505833163081,60.647709106110206,97.51645995679426,296.7296863578137,246.35948806214796,35.81951609903113,59.9075620025664,19.51271708556128,132.8702655187641,605.9850457020045,45.0949176288348,79.97331035088794,23.436605568955514,558.288524864646,69.25503778215337,7.559479967655294,26.849044087541383,48.64041630086675,404.07319306390684,265.8777493207695,10.899844236457872,1.9044234461969884,212.9211942924956,23.967460139474763,2.737435448500038,28.609319034171786,17.09961576108606,57.87978070577878,41.431605279272475,0.7221285410979846,0.321562037494688,2.510124353029655,0.3077016048440549,3.8615165364663824,0.34373872973570097,0.29522721545848507,0.6126311231579832,0.29106908566329515,1.5426661540154643,29.38966139240243,1.223876203050903,7.589972919486687,6.806858474725917,8.364771104657077,23.985478701920584,1.979269782510407,0.745691276604061,2.851090996235229,0.7082681084473516,1.7117634323531883,7.996083596150237,2.353501464077501,42.67904421782945,21.403280099107636,7.634326303968713,0.6403519884592493,2.2897434738845885,0.36175729218152397,32.32945915760171,161.39780800029718,0.17186936486785048,1.585633495232427,9.88526056643153,1.567614932786604,13.21037835931841,4.183865288459166,0.49365951800068253,535.0,7214782.0
1195206601,4.278537233829047,39.67533067978791,29.99435970456388,333.1639559848827,443.97182647156853,98.35581076793946,7.566975163373819,27.817925197848897,211.64933596448012,29.78920399286534,221.18461665168633,38.00732554554323,55.4425877687354,734.1868802030388,12.930756379376321,7.222075706025542,0.0,56.34348893749857,38.09057713869626,12.270690176520137,33.012229956361296,20.80695174588997,28.492857756625266,3.4371014887466145,1264.9336261807232,413.9001617162197,151.6635898265364,28.721799637796103,12.276636718888211,6.9158287740697455,25.828806775728236,26.31939652109432,17.928825239742288,193.0574712506976,2349.9575862865595,78.52409197041358,74.45665699065114,4.269617420276936,147.90240177872974,36.90126866508152,9.609612466807144,37.805143105028726,128.73074918406004,175.17027180753183,173.6449836901209,22.347106219221068,90.09309014750102,127.64847847307064,93.18231890771531,153.62000226563265,38.94985251088291,0.41625796576516094,221.99334641374438,55.34149654847815,52.42471751693798,8.244880993334224,27.496811909972916,72.4199662295859,80.55780946029479,57.306828801126514,5.149705690751848,312.9932842723766,131.01422145340035,65.52792362498845,21.96652750766435,743.2077849754066,22.62956698170457,173.7163421985378,112.18746831607895,19.677108695955965,241.97967531284016,21.18158391507862,152.6388227749005,25.78420770796768,35.24515661557298,1179.594796656497,3.2468121329682553,289.09710376627237,10.858386364102627,19.953622916071392,13.22511022659597,110.27862821592728,35.92900898790146,17.146854918340594,16.911966494801682,20.655314915504093,47.91426513075406,65.05517350672658,234.56433697985221,303.6958652798933,41.21251188193497,79.0592807835402,30.419537483881154,147.9470008464903,660.4200221270842,65.17707762527209,74.90562093944071,21.327274203096422,624.2353118173555,93.04554843324962,6.006007791754465,36.758551648247746,82.79370939069051,303.9010209915919,240.0886748397927,15.303426784237738,1.7512567273977129,192.39443177665737,30.657399178604102,2.179407777899021,34.588063683900835,14.640387310197518,70.80547997665387,50.52182395915439,0.6333067621998519,0.3211132878759813,2.1110225406661733,0.2467815082750597,3.312224099017066,0.3211132878759813,0.3211132878759813,0.49653628773415626,0.39247179629286605,1.5312346597789848,29.88137539957048,1.6025931681958696,9.208220856962168,6.83555045210075,7.391552163515644,25.03791664077443,2.2804989981562747,0.6273602198317783,2.3221247947327908,0.5470818978627829,1.8404548629188187,7.617520773502445,2.6789173368172143,40.80220045853788,18.945683984682898,7.010973451958925,0.5857344232552621,3.4430480311146883,0.5203224572064512,30.505762348218223,162.93823415640418,0.12190411854551142,1.5728604563555009,7.950527146114574,1.132816321118045,10.778108042133631,4.452064729124588,0.520317508642556,378.0,3363299.0
1200016351,3.493468877532622,30.6612674814178,26.25078341977806,371.3568838714488,406.93772569465125,90.88566860278704,7.624932304862187,31.442851597409447,274.77984700858065,38.212773303566784,247.7703232674328,78.20736258764063,69.14653462083136,694.410564014921,11.944041188014383,4.268526195060878,0.019580395390187515,64.91716921655085,46.260315808933846,23.292512016243897,33.183875087520285,28.36709782153416,45.087123785138445,6.0895029663483164,1181.7307078851395,388.1764435116199,169.9937293783763,30.98108060612419,14.691823341104032,10.33355366717146,31.712082034024526,27.399499949335727,24.984584517879266,172.643609554515,2158.0989655187605,53.37942123288286,64.10947790670562,6.433791585292447,161.98371596417374,48.8449280004386,7.104420127406369,25.35334863106113,144.71380723002835,209.71256142737167,210.9706018311912,13.632850290418055,91.15163564017043,118.68983005685331,90.42879271034933,167.13335995179307,40.10880825718327,0.321444824322245,247.4097176523302,61.64724318638954,50.71648745981736,9.69229571814282,38.251934094347156,64.01483932898638,71.03604277598446,46.52465114670138,2.8734230235100178,269.9761233395213,119.93481686374606,45.80833501534369,24.796939062056637,847.3530324076755,23.968035657205366,159.68138780621086,121.95975608701463,25.88854610505959,253.61833469063546,21.77992647235191,152.64876246190187,30.400195542881963,32.18853832185242,1085.2336243034479,4.423537658566529,271.1901078537129,4.159202320798998,25.485516299944898,26.002765078169016,117.98004072395901,26.1855154351441,21.41932085724929,14.094621281703311,14.212103654044437,56.006457614399686,80.75118228874915,295.042292838193,284.4166649397846,37.02815938246044,63.22020161606793,23.77386340291934,121.11943078485241,635.9549252771319,57.08337936086,77.43883206857576,17.637041147711404,576.6638563360283,75.99804130778114,8.259663455427432,29.297166602568065,59.81321281817531,354.4263686574,223.4743159874418,12.945904752145644,3.0920707720337783,215.21138913278264,25.730271242322242,4.224470305432956,33.04681231978898,15.236811012797583,62.59852406242948,43.739339902447206,0.7766890171441047,0.3018644289320575,1.9857784324881835,0.27086213623092725,3.335194014795273,0.25617683968828664,0.2496500412248908,0.44055889627921907,0.3867128089562034,1.3330985861485998,27.06173812885499,1.6006973231478292,8.10465199192178,5.874118617056254,6.813977595785254,22.39344552791112,1.894403254000642,0.5547778693886463,2.658038674217955,0.7783207167599536,2.0004637290308245,7.886004243398021,2.078785310591574,44.473604729579236,20.590417452398018,9.34637539958284,0.6086239567116619,3.5962659533311068,0.3671324135660159,34.508815175589646,147.84014369399497,0.13543106811546363,1.3869446734716155,8.497891599341381,1.8209767712874387,11.841244112215898,4.279375615326162,0.5041959260539841,464.0,6128579.0
1208232103,4.1986792371413175,33.04150145025863,25.126921662108753,425.56620754271205,404.2919025197202,87.71084718260185,8.813915305237892,38.845526628235206,343.8195997038388,39.35607576976498,264.328807318754,67.27392819927395,81.60455127857313,671.6476894767491,11.51833042313202,6.107363998467071,0.0074766610684276836,63.62638569231959,47.255702235778,38.67997199029145,36.96888470005985,39.988387677266296,23.64654277056007,10.92553800984954,1102.8139161597135,324.4614561032412,193.15847060839087,37.49331906928814,13.293503379664422,8.036342554121413,39.27917297020401,34.16834108271451,39.01321745505565,165.72980543164473,1955.7898622457242,51.91900255360018,58.00500466330032,6.221650103370179,182.55549711892206,60.46589424925137,11.67213602225396,19.088983802134223,136.23651370557423,269.51440581692776,231.50092475616472,23.84414024165423,82.34153644103243,157.5791767726202,99.63718968118235,192.73764139968222,56.36654779487631,1.295598553714683,244.5583792649545,69.74763491848518,56.6357075933397,9.868124515886196,41.102410176462016,61.59273388170726,74.8819648836183,68.17539990523866,6.223786292246873,223.6579072953841,100.28659109969722,38.96622129976839,39.08371168798654,946.6136493069989,32.30878866555272,174.46040937069156,158.72631019940468,27.32933239397988,257.77497984505794,23.76403315877822,172.73436875832311,26.090342845497577,29.743225824643673,1026.5220666174773,4.0117627104306255,215.78818747364477,6.928728621555769,25.691943619994216,30.792094563100243,132.61353737070183,26.549623453986705,18.662814121233847,11.252374907983665,14.765337515706328,58.823165003073974,113.16994621503646,294.19486400380754,235.5319131664856,35.37849208136145,61.68993047559682,24.850285202576927,135.59886132588116,523.4859013670327,54.79217659275311,74.22615489847335,18.800598303780585,547.154874120798,64.2586975998209,6.0454145210429555,28.560845281393753,58.14065265697036,405.750919522502,263.7648534553069,11.19362971387459,2.0026770719002727,213.53984868092473,31.906117062295966,1.914025233517487,35.82281936771373,14.215268879957721,60.52143516004541,42.09360181524786,0.5821114688990126,0.4026716032567481,1.845667189463291,0.2680917040250498,3.0985419656441016,0.22216364317613688,0.2520702874498476,0.32576880369577765,0.21575507654605602,1.0157578108678182,32.309856759991064,1.6320483017939287,8.936746165647776,6.894549599528672,10.732212916508766,28.195556983479143,2.4277786583623038,0.49345963051622715,2.1329845933785836,0.5959966965975211,1.6502059072458244,7.30042548610046,1.8157605451895804,44.64100705070501,24.73493100323547,6.731131150461609,1.2464662095507295,2.49934098573154,0.3129516704356159,35.524821019414965,160.26543428506244,0.3214964259423904,1.4750384193569472,11.606982261514805,0.7914579788149877,14.194975085629132,4.135777087419684,0.4882527468932336,791.0,9362468.0
1218054701,5.178151897671752,49.98196893535632,26.106515817428416,372.025555981536,523.2873393000627,65.77011613617876,9.438746659629691,31.573923452973773,246.85369183973998,36.4723034074563,272.4883888716205,69.59682729132629,57.03079933452213,675.9195309504825,14.697510812118677,10.714317044678868,0.0,81.09592834613764,42.80273635928028,32.2449019268937,41.00318631791909,20.025032476069423,48.867623059941614,2.079321984550424,1254.480796619786,446.20542705408917,184.6992724269813,44.189741331870934,12.226982296837557,7.795679230560769,29.153184859785654,27.766179887195005,23.918130194007617,120.0197926795063,1926.654228669938,60.35486937139749,45.076476134860506,4.6446884466753495,180.19209900322946,41.557988306955345,5.178151897671752,18.424642123080215,142.44185426205289,241.36257471748368,222.5348713203173,15.076862599493897,60.95471938518456,117.85037464545427,71.22566902836864,167.65452243047844,48.09232284449351,0.2584334051493686,278.47503426613565,62.2966763330244,58.62170589282695,10.500931664280307,34.962009103968704,83.91498631606974,71.27308800179054,42.73397884781853,0.66623657657773,228.53337145818796,126.08705032883873,45.53644017705296,14.149821669095704,853.6885204118528,17.791598827897815,165.69611882815389,113.44989391190171,17.0684594832138,231.33109089008022,20.883315895005857,133.95859991687453,29.584697517924965,32.12635449333894,1145.7514615120347,2.8095741752477226,310.53974409402616,11.70537358919663,26.27959507041836,19.605374561285586,134.5631918280038,40.43652958552735,20.062967654806943,14.396400330889596,24.657866179389295,64.21240285926926,71.70934255727204,292.73629052277283,351.139869137859,67.8352124287026,58.612222098142574,17.663567599658677,121.44710377950557,321.90844297192723,57.11141158933936,67.745116379201,17.898291518097096,620.5270571476871,94.2001616512804,3.0134757609619034,38.21969257805341,64.99955781807284,383.80442897953657,193.88195663013272,16.167498988197654,2.5487698214272587,240.2861640208065,37.67200343503043,1.9726292943511436,42.193402550808834,10.330223359961458,81.88071235627012,44.0593391549607,0.43862550415259804,0.2797719431892247,1.562455174251687,0.12328933089694648,2.4041419524904564,0.4457383501658834,0.28451384053141493,1.0171369798998084,0.09957984418599523,1.8469690147831022,26.832026110783524,1.1759905408631819,7.4613754679363575,6.444238488036548,7.499310646673879,22.580915143509966,1.7758405546502483,0.38883558205960045,2.2879654676067953,0.5239796563120226,2.5037217966764516,7.480343057305118,1.5434875848829261,44.05222630894742,21.670470853809437,9.853662677071338,0.7373650367105837,2.4231095418592172,0.34378755730879307,35.02839566675937,155.10746206304304,0.1920468423587051,1.1285715674412793,8.134724890527373,1.1333134647834695,10.588656765110827,4.366101902733727,0.47298812237698984,300.0,4217721.0
124960485,4.416083112826757,34.40914355364946,29.371118816442113,346.65954855965464,434.20452773502547,105.45035120359096,8.677424768869828,32.3290612788072,228.87749356930215,39.45014408810265,232.98409376856154,46.74382313765681,59.74508130473235,716.8338469559379,16.5722148620837,8.168563439831166,0.002975797245840133,61.6168577723658,37.861068358824014,16.902528356371956,35.18285083756789,22.41370485566788,28.677758058161363,3.58583568123736,1239.6784472528036,419.24817077743296,174.96497486641647,36.01904986364897,13.182781799071789,9.367809729904739,32.25169055041536,26.981553628032486,23.681394482395778,195.82233776250996,2236.7490724439986,69.97587223593072,64.71466270528538,5.198717788482712,161.4280731950897,38.301486351208354,3.9905441066716185,29.469320125554837,136.35400560164072,154.43197387011955,162.98143935741825,15.146807981326278,71.51435941203007,142.7430422884595,89.21142563304134,163.12130182797273,43.03597976934,0.6308690161181082,246.0746258530123,58.5993993650839,57.23648422648912,8.558392879036223,28.80571733973249,72.07678509149386,77.53737303761051,59.831379424861716,3.6334484371708022,257.67725931454294,137.03248737369228,54.15653407704458,20.78594376219333,783.9886634028122,21.95245628256266,173.56039856637992,127.42661386412034,19.42600442084439,261.4386670332849,25.91324241677588,148.08757414198837,34.00145933096936,37.471238919618955,1155.1033137287811,3.201957836523983,281.7544348306355,12.611428727870484,23.48796766141617,19.19984383016054,123.07004669621038,37.56348863424,20.08067981492922,17.206059675447648,20.765113181472447,58.5696413926255,73.07665296609615,231.69259776386693,326.5044738135794,47.86867449658438,73.25520080084655,36.96832918507197,147.1115126453528,485.34360340478815,61.48592269354883,75.98103107803611,22.458341814355485,652.2173855597653,97.65673821673565,4.796985160294295,36.46244365327915,75.17459002441345,290.7859794717603,229.40420968181584,15.575322784727256,1.9848567629753688,214.7097228818573,30.713203374316013,2.4103957691305076,35.10845590642189,16.411521810808335,70.48473356496939,47.806182754421734,0.45529697861354035,0.2767491438631324,2.2913638792969024,0.2172331989463297,3.240643200719905,0.33626508877993505,0.33031349428825474,0.6427722051014687,0.21425740170048957,1.5236081898701481,28.87713647363265,1.4373100697407843,9.689195832455473,6.668761627927738,6.317617552918603,24.1128850830426,1.7081076191122364,0.9433277269313222,2.621677373585157,0.583256260184666,1.7705993612748792,7.626968341088261,2.9460392733817318,41.01541343941455,18.699909892859395,7.222259915654003,0.7350219197225129,3.3150381318659083,0.47017596484274105,30.44240582494456,162.91002022351807,0.12498348432528558,1.7825025502582397,7.412710939387772,1.3301813688905395,10.650378342861837,4.426579295027681,0.5181454227774663,218.0,3360444.0
1253076699,5.322325064302264,24.21437973469749,25.665922934052652,403.5290094207353,437.8931950115299,121.74268757621977,3.947757640670481,38.32293977085411,346.37999421582026,40.4892580304978,226.62768026901935,69.15723621776228,105.26987157141647,615.4873061447562,10.248774710598575,2.7601313866526205,0.0,47.56003285765969,31.373126876971817,36.332566141435294,39.63152795815157,27.139459212185926,20.541535578753365,11.788290225066172,999.068593113747,280.6866679056101,189.28343250379106,35.35387413580946,14.9552935691138,12.569044521689024,31.472095731473306,37.93806089223721,46.086496579526425,172.70065110509722,2044.3336482009113,54.25692534559374,57.57788024108813,7.125757524107163,183.82914896682013,55.22462081183052,7.312698693721086,22.026068396275694,147.32063819515997,313.7642583878853,330.0391366836856,40.15936184882617,148.5852402249012,153.12681099258063,76.90979648704553,169.08278964609838,55.80743739945039,1.616491290190977,183.3562977730908,81.91322190906521,39.92843452165604,9.006165759635442,36.58548654738354,57.57788024108813,50.70504312292921,47.27412283354428,16.483812544192343,327.8618218846529,92.23897239538717,41.74286352084999,51.92565899511424,881.3506389539212,36.79442079577557,157.83332985109587,159.87868617745994,33.825355160730915,321.2199120936641,26.259736061061584,168.9068450158735,22.103044171999073,27.68928618163864,933.0123810036981,5.817169336809706,161.4072051525385,11.920248697734824,14.218525430047164,46.03151388258115,128.35160774904136,21.850123766050825,23.25768080784977,17.46250454981817,9.51200657153194,62.878212226612284,111.16401668394955,278.0914846097933,199.93907917178464,25.830871024888467,114.93582969439517,29.41574286572016,178.01197963001044,519.2016072541971,55.09266233916187,78.9111666558534,20.948407536148373,593.747147772596,46.99920934881793,3.837792246779938,29.21780515671718,61.38268286970091,461.0848965830453,341.87141306630804,6.432975542596745,2.034359786975039,167.180388331792,14.295501205770544,1.9353909324735505,18.265251925219133,14.119556575545676,56.478226302182705,31.186185707357893,0.3079031028935194,0.2199307877810853,0.6927819815104187,0.06597923633432559,1.286595108519349,0.4948442725074419,0.08797231511243411,0.08797231511243411,0.13195847266865118,0.8027473754009613,18.034324598048993,1.5395155144675972,4.772498094849551,6.696892487934047,2.9360760168774886,15.944982114128683,1.6384843689690853,0.19793770900297677,1.4075570417989458,0.9676954662367753,1.000685084403938,5.212359670411721,2.3862490474247755,42.424648962971354,26.22674644289442,5.289335446135102,0.9347058480696125,1.8804082355282792,0.4948442725074419,34.826040245134855,144.67047220239792,0.3408927210606822,1.121647017683535,10.93056015271994,0.7697577572337986,13.162857648697955,4.06789926158238,0.4877913908093123,157.0,909377.0
1258635512,3.9836250567210696,37.49376681906838,25.28339494626665,403.78388272993334,423.2671757010093,83.71223358630755,7.72178025959489,32.023295790472545,268.90871817746347,33.53819545992985,249.74102930419116,61.52175879851624,77.87706448913866,685.1764963316284,12.63117733653987,6.03154498024669,0.0,69.69239821943181,45.14541283470691,24.280475257690746,37.00282711137388,23.45990460340137,40.22198890897066,3.597886714961107,1183.382111700005,361.5280007462284,190.07081454612273,33.096349723004806,14.66507041127422,10.078290856528481,28.6147715341936,32.170577702780896,24.12617992098676,145.5706367558143,2043.789016556591,55.50424066706082,70.92676091306369,4.979531320901337,181.99134964235043,41.37219050985491,11.193425335434556,26.79128119132832,143.36140807118906,263.585529061176,211.84749729457155,22.660374222298902,98.15287441692143,110.59468929477913,89.11958379534266,164.02996976512742,46.67433935295549,0.7013424395635687,241.07243675118545,57.16642224882648,51.08578329781034,9.881914973450682,38.62292814676572,73.8162917640656,81.56612572124303,54.2418242758464,2.412617992098676,293.3014082254844,115.51811322051539,41.44933817820691,25.05896536560631,872.0071088069674,35.922759754445984,187.08309575358194,130.14811650981142,31.71470511706457,248.77317673759342,20.68258854272964,161.89087532445853,31.237792258161345,35.75443756895073,1093.806655318946,3.9695982079297982,240.0625036382139,9.433055812129998,26.356448878798908,22.982991744498143,130.42164006124122,32.93504096190518,19.94617898118789,16.053728441610087,16.0958089879839,57.839710990807504,79.75666222716903,295.9174155250565,294.444596401973,49.83739375538719,71.08806967416332,25.47977082934445,146.60161014197274,484.69074655798664,48.315480661534245,88.39018765819655,19.532386941845385,575.9143576720201,77.89109133792994,6.852115634536066,38.13198843907123,60.48377198796216,406.94693713236506,231.40793793399948,13.03795595148674,1.8725843136347282,209.70138942950703,29.793026832660395,2.1040273186907057,33.76963846498583,17.603695233045574,72.35749948977337,50.84031344396309,0.44885916132068393,0.35067121978178434,2.033893074734349,0.28755040022106315,3.1209738560578804,0.3156040978036059,0.2735235514297918,0.6171813468159404,0.18234903428652785,1.388658030335866,30.326047086728707,1.6902352793482003,7.735807108386162,6.375202775632839,10.01517003696776,25.816415200334962,1.9146648600085423,0.9187585958282749,3.1420141292447874,0.7083558639592044,1.563993640226758,8.247787089267566,1.8164769184696428,40.59370040193935,19.3780916051414,6.059598677829233,0.6452350443984831,4.2711754569421325,0.17533560989089217,30.529436394202143,175.2654756469358,0.16130876109962078,1.5569802158311223,8.374028728389009,1.725302401326379,11.817620106646132,4.256101620662109,0.5136674160510634,243.0,1425837.0
1263295815,3.51989829564454,38.6101785106068,24.74799081099492,375.4023295515132,442.704855492646,110.866443670757,12.59916536999825,33.23715728872587,235.4035511632746,35.87708101045927,222.16769830744656,56.00779346893224,49.816913525416254,763.1346557798283,24.90328044168512,7.262378395278367,0.0,46.71112091161225,35.095456535985264,67.95474239003165,39.05534211858537,19.877072728345638,32.652233013126114,5.23326055425975,1214.877367778644,481.3409156083678,180.4206692568977,32.78164103870128,11.046269063096247,8.856685270364423,25.42091254398579,27.310269717383225,23.257210356368997,139.7969018683413,2169.939654449514,85.34718102733409,51.43710200561734,3.5095456535985265,174.62318971113024,38.1443096185362,5.600779346893224,27.015219419071844,75.29476560065511,195.79951901625054,217.084551062854,14.136532713831233,121.80918631339311,123.13432449528283,59.517339122530764,151.95090363036098,48.916233667413096,0.36234247161046734,246.05641982862235,46.37983636613982,51.42674936357133,6.5221644889884125,30.209009490266965,43.061814590392544,60.77000881009838,42.373363894332655,5.8803006821355845,372.938400744562,106.30610484948811,63.63251433582107,19.29732477376889,741.7150393866267,16.056947813366712,172.0453818416729,132.3533522372577,13.468787301863372,197.1453624822323,20.368823225531273,152.67558857358193,25.1983307399965,40.16825113853181,1139.3030808427466,2.6502763637794184,352.8387462122271,9.032680185146651,21.404087430132606,20.45164436189938,137.88166308982883,35.26109880872148,18.80039795556025,15.616960526411143,21.191858268189332,52.68459537216195,70.44455280209786,276.22919507172827,288.54366278546115,52.011673639171086,68.229087404251,25.281151876364607,135.7697241124421,547.2251295891969,49.671976536772064,80.51249719184584,24.659993353603806,659.2044822799003,87.9974573911135,3.9081223723700407,33.542560229083264,88.85672668093261,271.09428461690567,259.08004352250714,15.285675980938715,1.6098358381550764,219.28448749763183,23.231328751253965,2.1999364347778374,27.041101024186876,12.899391989332637,42.01102142272219,37.00551899347473,0.3054029403573939,0.3105792613804006,1.2009064773375488,0.18117123580523367,1.998059914880577,0.2950502983113806,0.19670019887425372,0.47104521309360753,0.031057926138040058,0.9938536364172819,22.123596052330534,0.9627957102792418,8.949859048778544,5.398902826995964,3.820124914978927,19.131682501032675,1.490780454625923,0.38304775570249405,1.9462967046505104,0.4606925710475942,1.6098358381550764,5.8906533241815975,1.6253648012240964,31.275331621006337,15.176973239455576,4.865741761626276,0.9213851420951884,2.2982865342149643,0.49692681820864093,23.759313495600644,160.60571238082815,0.17081859375922032,1.998059914880577,8.70657196069723,0.5642189915077277,11.439669460844755,4.415786639294281,0.5001347703835758,49.0,1931874.0
1265845136,4.071303474961024,34.50257182170359,20.434723204267645,379.7721082129462,458.89800625738644,104.87401730925023,9.094877932201067,38.270252664633624,271.26842034805276,35.28923045923843,223.61346814791574,55.958571151893665,83.71243992527204,730.115822833434,12.48533065654714,8.138006607012487,0.0046003429095604785,55.696351606048715,50.48876343242625,13.998843473792537,38.03563517624604,21.345591100360622,32.598029857145555,4.476133651002345,1186.3226284887276,354.65423592674597,182.62901316664144,36.51752201609108,14.210459247632318,14.04484690288814,34.01953581619974,34.44736770678887,26.691189561269898,155.18336736820362,2097.8161712174024,63.567538324306696,71.17650549671973,5.419203947462244,168.5841662637533,32.09659248000346,7.802181574614572,24.947659598546476,112.38177693765293,265.66980302711767,230.3483701675123,17.623913686526194,99.36740684650634,99.91024730983447,73.54568209514338,170.62671851559816,47.392732654292054,0.8280617237208862,214.23336895532194,53.11095889087573,43.16041717749641,8.611841926697217,44.232297075424,64.04137364399142,82.26333190876048,46.54626955893292,5.124782001250373,276.9636448700886,105.6100721747799,50.23574457240043,29.70901450994157,845.5384264343064,29.676812109574648,179.50998067395943,146.4335151542196,39.4249387349333,248.60713117555784,21.51580378801436,174.3207938719752,29.193776104070796,37.640005686023834,1103.7418729192075,4.062102789141902,235.30293948110892,4.752154225575975,28.361114037440352,24.009189644996138,129.37544364556933,33.85392347145556,16.73604750498102,14.169056161446274,16.13800292673816,64.77282816661153,82.48414836841938,289.7802002161241,305.1913489631517,54.932694683061676,73.03964437509173,23.291536151104705,148.31045506132028,495.32812175819583,53.483586666550124,87.31910876636745,25.697515492804833,566.5690320556495,91.25700229695121,6.785505791601706,30.65668514931103,68.98674227176893,378.05157996477055,216.901567842867,15.94938886744618,1.7849330489094657,186.38749332375235,26.649786475083854,2.152960481674304,30.58768000566762,13.84703215777704,62.063226192880414,50.69577886335647,0.6118456069715437,0.3128233178501125,3.1466345501393675,0.4048301760413221,4.476133651002345,0.38182846149351973,0.5520411491472574,0.4646346338656083,0.4646346338656083,1.8631388783719938,31.461745158484113,1.6285213899844095,7.50315928549314,6.491083845389835,9.499708108242388,25.122472629109772,1.844737506733752,0.8142606949922048,2.8292108893796946,0.5658421778759388,1.807934763457268,7.861986032438858,2.5025865428009,41.421487557682546,20.029893028226326,6.371474929741263,0.6854510935245113,3.7262777567439875,0.24381817420670537,31.05691498244279,167.18106167633735,0.21161577383978203,1.8861405929197963,8.998270731100297,1.2328918997622083,12.328918997622083,4.267557658075832,0.5088414849262863,283.0,2173751.0
1289062927,7.189689117178654,44.89475362935451,26.827858814312656,383.57641527467297,449.61422158682717,104.61426446492696,8.442836162227492,36.77281163318809,253.04718057129674,37.03284656085827,237.2846378280555,69.0780019026811,65.19960861977057,699.8923068113382,13.336472194658826,8.72776805105758,0.005532658035535709,83.77827430309948,52.244889829563704,40.77292339288041,28.891540261567474,27.411554237061672,56.43311196246424,4.218651752095979,1195.8370067877415,415.28131214731036,181.74505013833027,35.12407953859845,14.990736947284004,9.341893093002046,31.63020598915765,32.63161709358961,22.954998189437656,193.26957682635117,2028.629292270683,46.81735229670317,53.35695409470638,5.314118043132049,175.31333517202003,37.19329364388881,5.94484105918312,22.105735180982926,121.14308034608989,217.26471472646955,225.25663925880087,6.401285347114816,48.374795533706475,125.41152602050569,75.4460913015827,186.54739731317528,40.60970998083211,0.4094166946296425,272.0324966202375,59.40414932754691,54.05406900718388,9.624058652814366,39.87110013308809,75.78634977076814,64.8095562282653,47.98750947121898,1.181222490586874,234.93325816295282,123.63830912011649,43.550317726719335,17.502563695417216,860.5468645182065,25.74899049738319,173.93570332117162,117.92860602744365,23.26206071040989,252.69032412800468,22.794551106407123,121.67144918848355,38.65114903625246,27.52774005580792,1096.2878907543475,3.3776877306945505,286.1048123336226,3.0014669842781223,22.971596163544266,23.452937412635873,126.45166573118641,38.12831285189434,26.17500516611944,17.36977990256436,14.943709353981951,59.4567095788845,82.99816952008894,295.99443857214266,337.7272781341885,48.58227021003906,73.60371617574931,33.97605299622479,91.60698542338251,408.3488916287841,50.18120838230888,77.99941298498243,25.328508486682477,603.850895972474,71.38788663251725,3.729011515951068,33.583234275701756,52.13147033983522,338.40779507255945,180.18760690132697,11.972671988899275,1.9391966414552662,232.16139648714943,37.79082071172666,2.5062940900976765,42.236311443279604,13.223052704930344,74.31466273331564,40.50458947815693,0.44814530087839244,0.3789870754341961,2.1300733436812482,0.2683339147234819,3.2255396347173186,0.30706252097223186,0.33195948213214255,0.5062382102515174,0.18534404419044626,1.3306042575463382,23.17077185282355,1.2282500838889274,5.7401327118682985,4.708291988240888,6.93795317656178,18.614627960559893,2.0609151182370518,0.5781627647134816,3.2808662150726757,0.48964023614491026,1.9668599316329447,8.376444265801064,1.4965839986124094,40.51288846521023,18.58143201234668,8.069381744828831,0.5726301066779459,3.1840446994508005,0.23237163749249978,30.639860200796758,163.62559507195084,0.14938176695946415,0.9931121173786598,7.765085552874368,1.4025288120083024,10.310108249220795,4.284275555693258,0.4880416595318431,391.0,3614899.0
1291144720,2.2945080339674666,36.49525288339835,20.71982671817008,435.2184202157275,479.71802519220375,87.9020742607775,7.7856539484583145,40.12564208408397,311.43527036102506,43.222043314990024,249.47626350574947,84.70179141117711,77.44648046342137,678.7916563012858,13.397083842489952,5.132116460406979,0.005467453615490389,67.46291016153592,46.96542655706244,60.118297471393824,37.62883826634336,24.625411084168714,49.33283397256979,5.055572109790114,1144.6679114236065,385.420852685841,210.55892867068889,35.890188016617415,13.253107563948705,7.468541638759872,33.02159735302346,33.92554968411787,23.156488546140295,151.30084390146556,1938.1813244541886,42.21967681881679,50.770774273443756,5.201370872869857,204.39164099241572,34.226259632969835,6.488044957048595,18.953839200366684,104.0019026738582,327.2945308150242,243.39463260078568,14.395805369586196,86.51880849605843,113.02137865487883,70.74702729990715,187.0014935260793,44.57797181163164,0.4847808872401479,245.74928262452354,57.962298262352114,44.82218473979022,9.987215270962444,49.281804405491876,58.359599891744416,78.42879962967115,43.814350790001484,2.653537488051336,267.684706529871,98.06789301651263,35.56214079968799,19.63362593322599,932.5398235652718,20.335282480547257,180.71209938372687,151.75646503608974,22.595163308283283,237.27108455143645,17.127709692792894,167.40613976816175,32.70084007424802,28.705953965863042,1048.6557809665183,3.107336138137038,256.48371655626966,6.582814153050429,34.51238970551383,35.59859049045793,140.16546337125013,32.49672180593638,23.63397949522646,15.722574113611863,16.511709918780976,56.61183721932599,81.70744931442688,312.40300965096685,285.00924455282154,51.4888331816115,64.6854437248668,23.327802092758997,134.19500402313463,405.7980523107737,44.384788450550985,73.4497718704979,18.891874726057793,609.901740746107,67.00546654237323,3.2367325403703107,24.743872579171008,47.421047691686645,431.29643348888237,213.93599252052346,13.074504079176018,1.4160704864120108,213.88314046890704,30.35530247320264,1.4980822906443667,33.26945525025902,12.963332522327713,56.53529286870913,52.49302216232323,0.45379865008570236,0.2515028663125579,1.5199521051063283,0.3189347942369394,2.544188415741528,0.40459156754628883,0.3280472169294234,0.8255854959390488,0.13486385584876295,1.693088136263524,25.961292250886867,0.8875499702479399,7.29358312306418,4.835051480632001,8.707831124937695,21.724015698881814,1.6857981981095367,0.5485678460875357,2.731904323206698,0.7909582897076097,1.4361178163354757,7.193346473446856,1.5873840330307099,40.12381959954547,22.006500802348818,5.367216965873066,0.528520516164071,3.041726694751153,0.39912411393079844,31.343089093067906,168.81309783188127,0.19318336108066042,1.5618692494917545,9.117890146099473,1.0260587951736964,11.899001551845585,4.166793033498177,0.4837201892285697,442.0,5487015.0
1294461271,6.0216035413897995,45.40300149515252,24.839807064941915,363.39020157137816,421.3294393261122,97.65301492881268,7.954942672893976,35.14356289473495,245.0078026021969,35.18234047043847,217.85242030238754,55.197109187127836,71.3008824114334,737.9317259843549,13.954387599596048,9.821805960334972,0.0,72.51960621925838,45.547032490622755,14.170434092801386,28.612311215527427,30.46809519562456,26.762066889102226,5.639367438026509,1252.3051883842327,420.2824447821171,180.03874433778148,33.84728393550292,12.347888034735844,8.66955799657317,37.581010510384914,32.15214991189181,31.32674151477398,154.6948287886938,2095.313065217789,58.6815513467729,77.92630820306375,3.9220747997276706,159.40353440983577,38.74433778149058,8.204227088130905,24.053176243527606,182.80303152007542,192.19828414767164,189.7940744540533,4.87489523129993,52.84829603022878,121.65079463562097,96.15176878371918,185.7833651955747,34.98845259192086,0.5262670988335151,246.8358883139344,49.14780737737838,53.40226139742195,8.486749425399422,39.78025301814181,79.61590257300294,86.31334386236841,71.5612461340142,4.664388391766524,178.28821377745106,112.89260218029689,42.99879180153415,23.682019447508182,881.2037889015254,30.46255554195263,161.8852992548612,129.41184942999735,32.711654932756915,246.53674701565006,27.38250810035858,142.17521149012805,46.34474261938092,30.75615718656501,1168.8503058165809,4.343088478794483,288.987113103663,3.617393847771425,23.29424369047296,19.682389496373467,123.3847062349356,36.351207395216065,27.094446109418133,14.91828733851217,17.377893568849863,54.864729966811936,93.94698662229035,274.6283307860159,327.532023352964,49.87904166207337,55.47963152439636,35.01615086028052,101.09313985908229,499.72107843761825,71.65542024643703,88.4405708723902,24.89520360166123,568.1967374763665,99.56973509930106,5.617208823338783,40.5114873028368,62.603626146500574,375.00131566774706,179.37398589714968,14.779795996713878,2.559319996432463,207.58744204829802,41.01559578698259,2.58147861112019,46.15639439453524,16.419533483605672,78.37502015049023,49.36939352425565,0.7256946310230576,0.3766964496913582,3.5730766183959712,0.4376326400826073,5.113100339192994,0.2714430299246552,0.29360164461238214,0.32683956664397257,0.19942753218954257,1.0913117733705524,35.381768002628014,2.686732030886893,7.988180594925566,7.207089427183192,11.295353837068815,29.177355890064465,2.852921641044845,1.1854858857933919,3.5619973110521075,0.6259808649282864,2.864000948388709,11.09038665120734,2.332194195883262,43.74110539357301,19.405406812776878,6.226570727251274,0.5927429428966959,3.9386937607434658,0.15511030281408866,30.318524546482404,152.04133467983849,0.1440309954702252,1.0636135050108937,6.974423972962058,1.6618961015795215,9.8439645750227,4.363360150224328,0.5266818858310616,399.0,1805167.0
1303660358,5.561399306387277,33.61834636894781,27.577875212197586,360.94939543215406,426.2281423468272,134.2234349451671,7.269394598985618,31.785375811037397,265.6765848425832,30.681427634114083,243.01440339932722,46.19918974369656,64.32060321394724,697.4661264957977,12.80996469448755,4.978181401597601,0.0,59.48822628854706,39.76296358012477,14.747081306824692,29.639967089846802,31.34796238244514,32.80600714441933,8.123392245284787,1192.1182266009853,359.09559566335827,164.0925233547527,37.450921171851405,12.47669732032202,12.122600735271144,34.264051906393526,24.80759016444662,28.827627865318323,217.4361324321228,2294.587529551443,56.4471614992866,72.46482467011737,5.144815088680366,165.46725127318552,45.303533675626696,9.477290952832252,28.18192232787261,153.6779179120799,172.9032795592539,201.79339505722825,14.809568939480728,72.31902019391995,139.5140545100449,93.41901082077506,172.77830429394183,39.51301304950062,0.7290223809870963,217.1653526906133,68.48644539101636,48.532061362855266,9.102365156896031,38.80481987939887,65.13294243847572,62.237682125412675,66.63264562222061,11.726845728449577,221.89358356158678,119.97625469959071,45.261875253856005,45.19938762119997,836.459450733709,27.07797415094929,149.78285547652027,114.49817223674481,27.473729157770858,275.4454847478103,24.245201470542288,141.3053666461846,34.701465334985784,33.514200314521084,1115.1334631687478,4.082525333527739,235.34925379352003,3.582624272279445,21.39159957924994,21.516574844562015,113.56085774690426,30.51479394703132,24.495152001166435,19.204532436288652,11.060310980118519,62.050219227444565,84.98318041221009,261.90649767233566,268.11360251616867,33.45171268186505,73.73540653412346,32.80600714441933,124.51702267259604,656.4325810516668,62.612607921348896,105.85404971932638,23.786958831064684,609.9417823555755,74.00618627563294,4.665743238317416,30.493964736145973,61.59197658796697,326.5811974713338,226.64264364344558,12.18508836792718,2.6036513606682012,188.17109113821223,27.41124152511482,2.353700830044054,32.368593715827075,15.163665524531604,63.98733583978171,37.13848300857122,0.4165842177069122,0.2499505306241473,2.874431102177694,0.2499505306241473,3.790916381132901,0.2707797415094929,0.31243816328018414,0.2499505306241473,0.2291213197388017,1.062289755152626,24.391005946739707,1.6871660817129943,5.6447161499286596,5.873837469667461,6.332080109145065,19.53779981045418,2.6869682042095837,0.4374134285922578,2.3745300409293995,0.5415594830189858,1.812141347025068,7.852612503775294,2.3745300409293995,38.450723294347995,19.287849279830034,5.332277986648476,0.37492579593622094,2.9994063674897675,0.2291213197388017,28.2235807496433,138.95166581614055,0.16663368708276488,1.3122402857767734,8.185879877940824,1.166435809579354,10.831189660379717,4.312102261635718,0.5471607211072809,116.0,480095.0
1309354521,3.8436489528227513,27.91558597365204,25.420184869916934,448.0113344225957,442.09275488168555,104.01617897418905,7.371945018909748,40.41544315078667,344.56644690988446,45.337690382879536,264.4028290353172,80.3967047908502,73.29440934175798,612.0588201688738,11.119617006204225,3.4963037442442384,0.0,68.78806229362095,39.00321065801351,44.55159333188606,33.70162589549937,37.35332091726557,29.268404154431508,6.649832611601787,1115.7687869197107,303.4563133419408,190.67880851452793,35.685149849750346,16.119559877058077,7.751282549331018,35.01788142274425,31.14681047977057,26.942105323293838,155.30901155151335,1846.6242387541276,43.37701808708767,60.081580420699034,5.71748494646999,192.24643228482307,48.82028313204831,6.270495081180517,19.684418596679652,153.34376892402966,316.62800927777334,242.3875412758081,22.650563864672478,114.11661201311685,122.59457730144766,100.95862707235977,169.8015333462826,49.5286845442808,0.46617383256589845,252.6113732704151,64.81187372173535,53.687686383839306,9.282343666091567,47.99762342752025,58.78817655191325,73.26698735160704,57.709578272643135,5.306155094205962,264.5353686543801,105.61122473463512,34.51514493664378,33.080060785411504,948.1381611270438,20.8498531780944,206.46473417808298,143.33931285063014,19.19539310565464,278.7993738645582,27.152340581117674,160.9807931810651,27.74191336936278,31.85064156031124,1035.9753659121811,3.9213445915837344,195.04347528021847,5.603226654174427,31.16509180653786,26.974097645136595,129.71515407730715,27.188903234652255,18.404725722969346,12.161652631939763,12.170793295323408,59.55599227613944,95.44223672032997,296.25347059562847,236.00735823402383,39.40997017858571,66.84110099290456,20.726454222415192,141.50203951051748,414.0674809474298,45.872419190822775,84.41859667965403,19.309651397950205,546.3877240890757,65.67109607979799,5.027364861004788,29.263833822739684,49.09450303355766,469.971778201803,259.361753179237,10.996218050525016,2.129774568389301,220.70131739811018,26.640463431633552,3.0255595799865174,31.79579758000937,16.727413992070474,57.40336604929103,46.324882028313205,0.5118771494841238,0.265079238125707,2.0520789296283177,0.40675952057220555,3.2357948378103543,0.4159001839558506,0.28793089658481963,0.35648587196215764,0.2605089064338844,1.3208258589367123,26.110304955382137,1.2111378983329715,7.129717439243153,6.352761051633323,6.860067869425624,21.55368425863507,1.7093040527416277,1.6224677505969995,2.911301287690954,0.4844551593331886,1.9972349493264474,8.724763199689217,2.129774568389301,44.231670113458485,21.882748140446292,6.110533471966728,0.7266827389997829,4.190994161401264,0.46617383256589845,33.37713234537996,192.0316266953074,0.31992321842757737,1.608756755521532,10.65801350533015,1.8464140034963037,14.433107482775563,4.100029431290777,0.49048517544360776,210.0,2188025.0
1314170606,3.818822927741814,34.33576033269182,28.85145956421679,349.78399257095947,379.3756645088354,112.24311266032328,6.7460264053941295,27.421503842375138,254.39753441987537,28.14489320754209,245.76733106334873,53.29529090346285,66.43406053591376,690.0125163183183,13.021008573005128,5.66935386188983,0.0,51.932627215590216,40.392043389903506,12.163035139900138,33.94883113736996,30.3318843115352,27.556087910313178,6.2749821676109985,1211.559425595198,360.85353215886306,163.11589034090144,29.32250380199992,10.245212171783104,9.084424585817532,28.93557460667806,22.879291549466373,24.157840194877732,189.93176587755542,2282.360739135701,62.90122875254028,76.05682139348345,4.727265386323567,152.7024480841958,50.67090157867111,10.867663485996527,36.404990377239145,134.2139617512079,185.54096066107695,188.53545617269828,24.208309220354494,126.03797962397212,125.24729822483614,101.96425447155566,158.62414707346943,46.33056538766941,0.5888052972289141,237.06983567285306,62.783467693094494,52.5719015382959,11.759282936086025,36.388167368746885,65.32374197542495,71.46414007509792,86.04968843788272,5.63570784490532,271.67476414142095,123.56499737561067,48.98860072944565,32.333822322113505,823.3348586194367,22.67741544755932,168.5497220838997,128.41002382138004,25.45321184878134,267.2334898994657,20.053026122767587,168.70112916033,24.88122956004468,38.44057440480196,1121.0179938898834,3.4823627578967202,251.06657873840894,6.190867125149725,27.185981723483575,20.490424343566207,109.55143130156252,29.22156575104639,17.54639785742164,14.72013243072285,15.207999676998236,48.652140559600554,77.3690160558793,247.87020712488055,262.99409175941753,37.548954954712464,77.3353700388948,24.98216761099821,149.00138621589977,684.8814987281805,59.11605184178297,86.20109551431301,24.376539305277042,591.1941644348142,80.5990336863922,6.0899290741961964,29.928132107721087,67.62849413886384,319.7549224122848,275.49358706916274,13.811689972141098,1.5308937727951766,210.23713712770683,29.204742742554135,2.9440264861445704,33.679663001493886,13.979920057063644,64.2302464234284,46.381034413146175,0.5551592802444046,0.16823008492254687,2.203814112485364,0.16823008492254687,3.0954335625748626,0.1514070764302922,0.43739822079862184,0.18505309341480156,0.21869911039931092,0.9925575010430265,24.544769390199587,1.3626636878726297,7.587176830006864,6.426389244041291,5.080548564660916,20.4567783265817,2.0187610190705625,0.7906813991359702,2.422513222884675,0.5719822887366594,2.523451273838203,8.32738920366607,2.7926194097142782,48.06333526237164,22.307309260729713,7.671291872468137,1.8673539426402703,4.81138042878484,0.2859911443683297,36.943326648991295,158.22039486965534,0.10093805095352812,1.5477167812874313,7.334831702623044,1.345840679380375,10.329327214244378,4.3517470990404155,0.5435231969099498,72.0,594424.0
1314368109,3.7833168338682523,33.025203195641616,29.793620066712485,353.6297772256938,374.72176857450927,111.00882143375097,8.386352315074626,31.55916792251767,266.97605790996965,34.27054498678992,245.03282027353382,50.9801943363747,70.25934636896167,692.4730911590191,12.737166674023117,4.508452560359667,0.0,49.48263142296852,36.918866770497694,15.385488457730892,33.450826339451794,37.833168338682526,22.02205673714145,5.80108581193132,1176.0440378079463,350.83958106071594,160.00277443234484,31.55916792251767,12.863277235152058,11.964739487108348,25.96301177242088,22.463443701092746,26.562036937783354,184.7046805934763,2265.481647760592,60.86410956485551,76.3441809434331,4.413869639512961,157.95347781399954,50.74373703425793,9.836623768057455,37.75434923797693,145.75228102477442,170.1073831428013,178.88783096140386,17.76582529903967,125.49577214343815,137.39745634998204,125.5272997837204,160.57027195742506,43.09828426581584,0.45715078409241383,227.20393969392967,67.57949694497165,52.20977230738188,8.827739279025922,40.63912832380148,66.3656827941056,75.63480903708282,97.45193611238973,5.280879747274436,233.6355783115057,117.67691735344377,41.34850023015177,36.083384303018455,878.7856814068895,30.2507708508049,167.99503124389153,138.46939611957802,27.41328322540371,273.2973497865579,23.030941226172985,170.94286561028053,30.629102534191727,37.59671103656576,1098.359932152518,4.650326941629727,237.86028210932525,5.39122648826226,21.186574269662213,19.105750011034676,109.33785649879249,29.304941642337837,20.839770226557622,16.331317666197954,12.043558587813937,56.387184644778074,86.85864897755863,256.1463134730218,268.99382688803274,35.83116318076057,74.51557780706345,23.582674931112106,143.687220586288,671.570265651897,52.74574219217988,93.90507658063825,23.20434324772528,600.9641152398308,79.48118115151553,5.94296019320138,32.25277600872685,65.27797920436846,315.8596641675757,280.6590537924599,11.145020839770227,1.7182563953818313,199.93253084979602,26.30981581552547,2.8374876254011894,30.865559836308492,14.29778486799377,65.214923923804,46.28257593432162,0.6778442660680619,0.2522211222578835,2.522211222578835,0.2679849423990012,3.7202615533037813,0.22069348197564806,0.29951258268123665,0.29951258268123665,0.29951258268123665,1.1192312300193579,29.304941642337837,1.5448543738295364,9.39523680410616,5.895668732778026,7.629688948300975,24.4654488590147,2.6325579635666587,0.9615930286081807,2.55373886286107,0.40985932366906064,2.065060438486421,8.622809617191391,2.396100661449893,45.05299796331444,21.990529096859216,6.683859739833912,0.5990251653624733,4.366578179089608,0.3940955035279429,34.03408768467315,155.7150153539608,0.06305528056447088,1.4345076328417123,9.426764444388395,1.3556885321361238,12.280015889930702,4.320939507758953,0.5452186643630471,77.0,634364.0
1317356120,5.27473972592143,39.51945235534534,26.60093306326279,426.18543248393587,450.02087414185763,105.20954278256299,7.92177913925047,51.56287733909445,360.5823680100331,49.63138465302148,241.59129856501454,110.19661338502675,85.99856358829278,623.8431289504646,14.132047863307369,6.188512235728167,0.002417387592081315,71.81816797314379,49.23735047551223,44.47509691911203,34.81038132597094,33.48565292551038,40.60727677178193,14.985385683312073,1052.663513909769,318.56817165965987,188.2032935938987,53.94883889247871,14.46564735101459,9.292437903960575,34.45986012511915,33.11337523632985,31.63393402997609,159.77481551102244,1790.1891291530417,48.25105633794305,64.8947699094229,6.9209806761288055,228.74288351310236,41.7893793043097,8.436682696363789,11.627634317911125,141.73626929891168,336.73725680174306,275.5410899082045,8.697760556308571,46.5371285351574,137.33904126891576,92.21124969994176,185.5538367929776,53.0447359330403,1.588223647997424,272.7635115649031,71.87618527535375,60.60148954588649,10.445531785383363,47.48957924643744,58.935909494942464,50.489557248210346,59.690134423671836,5.530982810682049,225.77674893761858,99.5939514061581,35.16090252682273,23.509094332990788,985.4649736250926,31.754803409580155,163.93755694458648,139.90872427929818,35.23825892976933,282.19857533679647,22.55422623411867,132.27703165109747,31.960281354907067,26.01350787838703,965.3934044480416,3.5898205742407527,206.3288657593244,4.450410557021701,24.949857337871254,28.283434827351385,126.52364918194395,34.21328659072685,22.029653126637026,13.329475182736372,9.592193965378659,77.70692414745388,98.23296219181633,302.49979633509537,263.57260393980994,38.6830362484852,68.50151219680822,31.293082379492624,109.02659779045939,328.26673067909013,44.09556706715527,78.72706171131219,22.26172233547683,571.5284440702328,66.01160297696447,2.4657353439229412,37.59037705686445,55.172037014071854,478.4735261006547,192.57393036038172,9.159481586396103,2.615613374631983,234.4817616567034,35.52109327804284,2.344865964318876,40.4815726169937,13.518031414918713,57.802154714256325,31.416369146688773,0.28041696068143257,0.23206920883980625,1.1530938814227873,0.1958083949585865,1.8613884459026127,0.27799957308935125,0.21756488328731835,0.4302949913904741,0.09427811609117129,1.020137563858315,17.944268096019602,0.921024672582981,4.046706829144122,4.665558052716938,5.429452531814634,15.062742086258675,1.2836328113951783,0.40370372787757963,3.558394535543696,0.8605899827809482,1.9653361123621091,8.071657169959511,1.1700155945673565,45.079443817132365,26.383368179975474,5.806564996179319,0.6865380761510935,2.7437349170122927,0.21756488328731835,35.8377710526055,149.56860509725513,0.14746064311696022,1.3053892997239103,11.572034403293255,1.3440675011972112,14.368951847331337,4.105697708824214,0.4624911929251768,258.0,4136697.0
1317481380,3.753915911821555,28.132423368715628,22.71985414939384,363.6955442519693,423.86908374189414,109.8245639162514,10.356187712428326,38.5486737357331,322.5341450416084,39.465784269267346,261.3649515467635,131.1930083373895,76.24491979672025,659.1090906444792,10.85054956173898,4.543970829878768,0.0,57.95353137222606,31.22796018215617,51.49910610599257,31.22796018215617,29.855759535004168,34.1017271940368,5.530384426400493,1111.0967371424915,319.09440301533004,175.4799756884855,33.55654309853533,18.753408844410696,11.499688251721661,31.184068242264104,34.053215049945564,35.205955997637226,193.88455911585925,2160.0586581125126,69.28689227277778,59.14323395351104,5.724433002765423,169.9634518746825,43.71406203039956,14.458929041286838,43.03720211522189,130.23662606816234,229.69576186358708,180.030876824663,36.59663746158589,162.6935605672964,118.1270708621509,77.35838900871902,150.3807163765217,48.2880641875729,0.7946751222563784,235.71357783299948,71.92964907470015,52.13669428547733,8.898513287591772,44.795189813004164,52.03504979309571,72.31312602323085,56.015355710676346,2.873767011880624,332.9088135708334,116.05028907462624,52.857446140547076,27.34005834855883,775.5913688117274,21.440057586225137,144.85957235851953,146.81160863266675,25.759948512444403,247.64525517734307,23.207285692405748,188.9802123584456,19.984693263488165,33.732110858103596,1029.98905242615,4.227486842235966,220.38374030017005,4.818872979729085,32.68794470909231,24.38543776319282,115.42656150773895,29.451491667577233,13.48868615946219,11.765349993173649,13.597260958142567,63.809640194667686,99.11493058258696,260.7597047966729,233.7707819672506,35.54785110837544,80.36614194237542,20.557598584184625,117.56571605195235,674.3164927660308,42.009206680907674,72.33391694212709,29.64554024394216,538.6788479890446,104.70999786777577,10.698082823166535,20.546048073686713,75.0113252755432,359.9323879317494,317.4172688910332,15.251294061443634,1.367580442952837,212.00499998498432,23.438295902363997,2.7028194565115196,27.508695801828353,9.249648806728311,50.13383576513931,44.84601205919498,0.6606892004805937,0.40888807162610163,1.3098278904632747,0.3950274590286067,2.7744326215985766,0.23332031205783202,0.5498042997006338,0.2448708225557445,0.7854347138580484,1.8134301481722588,27.520246312326265,1.1180894161979278,9.760181370736042,6.604581902706354,5.449530852915106,22.93238354255543,1.596280550811504,0.5983164437918662,1.9982383161388584,0.6999609361734961,1.9058342321555586,6.798630479071283,2.439467817159115,39.703724785524344,19.08144334255141,7.6880197874105445,0.5498042997006338,2.6843386397148596,0.46202041991649906,30.465626489293946,131.06595272191245,0.11319500287954226,1.7556775956826964,10.986845585614347,0.937901452430493,13.79361963660708,4.291160852917416,0.5019566029301796,360.0,4328813.0
1351411911,3.340127967295413,35.91180498517357,20.69663168291631,476.335258503753,422.558763883357,86.79120551690109,10.528569821487752,35.75978355623295,356.4728769881688,41.15002907952762,310.5450315705073,90.07921185141686,77.22688590183672,625.2901980491741,15.102243097901367,5.142667767591377,0.004343469398303527,74.56868263007496,52.80790094457429,43.386915819653936,36.60241661950383,39.95991846439245,111.28402945393468,9.004012062683213,1111.5068494340676,315.3923434190141,195.85572210830267,33.56198804069136,10.715339005614803,7.705314712590458,26.2258682269567,26.130311900194023,20.866026989450148,146.44441423320174,1760.6340075411315,41.51922397838342,57.70733442586067,6.454395525879042,220.04884665685333,39.70365376989255,3.8483138868969258,21.14400903094157,124.58373275154008,242.74781773238755,295.4384450032077,30.2913555837688,121.1567353962786,108.32612679368998,86.87373143546886,182.6124839128752,58.33279401921638,0.4734381644150845,286.05220763347376,67.16741077536575,52.916487679531876,12.500504928317552,47.50886827864399,56.169746258861224,76.42334406315057,54.23255890721785,2.371534291473726,265.5814363592692,102.6839600452937,35.86402682179223,17.734385553273302,1042.7627592671176,24.041103119610025,176.9485998174874,170.00339224960007,23.215843933932355,234.61249954936505,17.404281879002237,156.01307731766443,23.684938628949137,29.85700864393845,968.1376115348648,2.805881231304079,203.79124069900323,5.433680217277713,39.864362137629776,24.314741691703148,129.23124500772485,31.650861505437806,26.690619452575177,12.752426153419158,11.85767145736863,51.98264175889662,86.95625735403662,362.084639450777,304.06023175884013,41.76680173408672,58.63249340769932,14.29435778981691,111.12332108619745,364.1391004761746,34.74341171702992,75.79354100039656,18.659544535111955,515.8521430895184,63.0367713775791,6.319747974531633,28.78417170255748,47.973619504262466,367.33155048392763,259.7742177737374,8.899768797123928,1.177080206940256,251.88213387701987,31.07752354486174,2.1847651073466743,34.43936885914867,9.716341044004992,54.64953196945498,55.518225849115694,0.46040775622017394,0.2823255108897293,2.00668286201623,0.46909469501678097,3.218510824142914,0.3257602048727646,0.2606081638982117,0.3561644906608893,0.32141673547446103,1.2639495949063266,20.622792703145148,0.8426330632708844,4.973272461057539,5.35549776810825,4.968928991659236,16.14033228409591,2.271634495312745,0.37353836825410336,3.587705722998714,0.49515551140660213,1.663548779550251,8.391582877522415,1.0250587779996325,36.66322519108008,16.579022693324564,5.451054094870927,0.5863683687709762,4.473773480252634,0.156364898338927,27.24658353555803,164.79557244103415,0.1997995923219623,1.1293020435589172,9.030072879073034,1.793852861499357,12.15302737645327,4.056066874921546,0.45503551324823316,248.0,2302307.0
1356662668,4.548829105640119,37.653515319193545,25.11051754272497,349.93492476960057,427.15467061143744,119.20139235858015,8.276171553388357,37.12016204130852,277.20270305893433,34.717007042102416,237.90008392651004,62.482029979358614,68.34891603609391,656.9011929334982,12.720782202430252,3.4698615549761556,0.0061304974469543385,71.48773072893454,40.28962922138391,25.784872261889948,32.669420894819666,38.842831823902685,36.8136371689608,8.306824040623129,1203.907088632893,356.6600804689095,145.672880334529,30.388875844552654,15.363026602067572,12.119993452628727,24.638469239309487,26.330486534668882,36.91172512811207,211.90677475142365,2231.120979849668,48.44319082583318,70.40876317827058,4.892136962669562,157.0449530986293,43.93114470487479,9.87623138704344,34.900921965511046,161.69800066086762,185.4536782678157,201.44814610691955,38.064258648139486,131.07003541588375,106.64613358721766,94.74070754523234,193.72984982120406,34.103957297406986,0.5210922829911188,247.7211408365309,67.51516838330812,52.366709191883956,9.459357560650544,38.23591257665421,60.845187161021805,59.25738832226063,66.50363630456066,5.051529896290375,274.01484438651806,108.30136789789533,39.026746747311314,38.156216109843804,791.5146558737216,22.38244617883029,164.81229336392042,120.47653582754666,19.353980440034846,260.93849333216446,24.540381280158215,160.85199201318792,28.451638651315083,31.68241080586002,1119.6985757015282,4.303609207761945,225.1793017240798,10.550586106208415,20.39003450857013,15.99446783910387,100.39302619132424,32.73685636673616,22.701232046071915,22.756406523094505,13.658748311814266,57.871895899248955,102.08504348668365,267.36938515401954,281.35918032796934,29.34056078112346,68.471525985033,23.22845482650999,115.75605279339182,671.2772094466061,50.63177841439588,96.7882936925151,25.600957338481315,569.3270369037555,81.33330962874321,6.7864606737784525,27.268452644052896,53.335327788502745,347.1516789286833,275.7804276512409,10.250191731307654,1.5203633668446759,221.5929607176115,28.494552133443765,2.7648543485764066,32.779769848864845,16.43586365528458,59.784611102698705,34.17139276932348,0.7847036732101553,0.23295890298426486,2.3295890298426487,0.2697418876659909,3.6169934937030597,0.1593929336208128,0.26361139021903657,0.17778442596167582,0.3678298468172603,0.9686185966187855,24.85916714739984,1.2077079970500046,7.105246541020078,6.627067740157639,5.333532778850274,20.273555057077996,2.047586147282749,0.9992710838535571,2.1456741064340186,1.0054015813005115,2.1640655987748816,8.361998517645718,2.1518046038809726,41.19694284353315,21.236043156249828,5.517447702258904,0.9747490940657397,2.7096798715538175,0.24521989787817353,30.683139722006462,153.45248159471404,0.0796964668104064,1.3180569510951827,8.821785826167293,1.1402725251335069,11.359811769206388,4.2826025665327565,0.5208741231089714,263.0,1631189.0
1362265400,2.2506251111246147,20.829535403458312,26.557376311270456,385.3632846523122,395.29604347607545,109.00902725732072,7.8471795541211575,42.94192712025765,353.096822642489,39.35968215171764,233.49110215362316,56.543204875154075,104.84912184359206,623.8845339292989,12.453458948222869,4.411225217804245,0.0,49.0636274225166,36.72645077170184,40.432480121353706,27.46512843942405,39.66351654171946,30.31216920499669,7.948457684121765,971.1109760736044,319.29243347339724,198.11127540674423,43.47082402137194,12.948596472670284,11.429424522661169,30.87482548277784,31.429979676855247,52.71714218624223,162.858984082829,2052.236258620832,60.79313529332772,53.88746724402703,9.145040034869686,189.9827677137325,46.38913458213019,8.946234816720343,27.67143574127714,130.39746789670832,294.61432912991586,205.27576534382425,29.329396239805607,98.3035538120713,169.49832816064662,122.20144145036284,141.83439450307324,54.55140165180879,1.4178938200085074,223.3482849861549,86.30021988607335,54.30383288958508,7.985968102640508,63.463877091862265,28.01653159164958,51.783132765125515,65.75201262150563,4.00236165594994,278.4735960413005,127.9405354837306,41.20144370098795,53.107250538837164,965.8182560206097,41.28771766358106,165.04959252432363,182.53319859591002,25.825923150154956,299.65948042068686,36.295080958736285,221.01888799614093,25.023200193853842,33.66935166242424,896.2964463379703,3.739788726318735,212.67281987572048,10.442900515618213,27.150040923866605,27.28507843053408,135.7689598285924,25.24451166311443,15.619338271204827,14.073909028232592,13.605028796748297,67.8488450167034,123.81063840481694,286.44455997653347,212.1739313094212,39.959848848017536,76.5512621130519,21.737287531611905,172.25534392177428,567.4651134352566,51.33300774290059,57.46596117071517,23.28271677458414,583.4670579753526,69.67935344041808,9.062517114128449,33.09919330093933,69.9381753281974,425.01179702662415,297.1312782125235,11.92081100525671,1.7892469633440689,194.07890541597928,28.552930576467613,2.59947200334893,32.941649543160615,14.336481957863796,27.390107602386564,31.336203630558387,0.4201166874099281,0.18380105074184355,0.9827729651910818,0.4051125200024307,1.9918032233452843,0.07877187888936152,0.13503750666747688,0.24756876222370763,0.13128646481560252,0.5926646125961486,19.767990559377868,0.648930240374264,8.706168138200384,4.767574193732309,3.0608501511294763,17.183522723436436,1.7442344611215765,0.9340094211167151,1.6692136240840894,0.5701583614849024,1.1028063044510612,6.020422172258344,2.636982421867674,46.38913458213019,27.765211787574,5.191441922994112,1.1178104718585586,3.0946095277963455,0.5626562777811537,37.73172998800417,148.69505005015142,0.16504584148247176,1.8567657166778073,13.286190239338977,1.046540676672946,16.354542474172202,4.209889745289255,0.4999538525450443,257.0,2665926.0
1364113251,2.8993732037332056,29.185375042269648,28.134429531321576,364.46172116437344,411.19788623947585,88.78016754544258,8.549750833183419,34.83575267171986,275.89792475353784,34.52665105085278,264.3437061655264,59.767889410858494,76.13172921956168,667.3256713223553,12.654620358298235,4.117233589949499,0.01854609725202477,53.493126507256775,36.18961777111767,21.124004770056214,38.384239279273935,26.836202723679843,23.034252787014765,5.582375272859456,1142.4457727571432,351.7452804819018,175.23589090196472,33.60552822066888,14.218674559885658,15.764182664221055,27.194760603885655,27.361675479153877,27.510044257170076,162.72963932168267,2106.21844458828,58.29038366311385,69.01620990720151,4.179053914122915,162.84091590519483,52.42363489905669,10.033438613345401,31.163625415818956,141.27798683350736,228.57446659878795,256.9005391350471,21.185825094229628,132.2027632448499,105.4902011695169,97.56483561048498,171.0568369878418,54.098965684156255,0.7418438900809908,233.0564401013606,63.304011953577884,51.47160190678608,10.484726979811336,42.5262009988928,59.922440221292035,65.05352712768556,78.48090153815149,6.342765260192471,283.285453492261,131.73292878113193,46.09323370369889,38.6315205759676,854.4743386925372,28.598081962622196,187.08684704600853,134.5642996282744,31.250173869661737,286.87103229431915,23.893555293025244,186.83338371689754,29.82212438125583,39.44754885505669,1056.3424252484094,4.39542504872987,230.54035290750258,6.96096850192663,25.958354120417336,21.766936141459738,119.26376939535396,31.584003620198185,19.31266927177513,18.675919932788943,15.931097539489278,63.5883854447756,81.7079224600038,273.17783048990754,265.0484578611033,44.62809202078894,74.22766323502047,22.966250430424008,148.8200663826641,556.5931066629328,43.03312765711481,84.23019168627917,24.93213673913863,586.7305146974729,75.26006264871651,9.606878376548831,26.527101102812765,62.46943757723677,369.8524534322953,258.8787895085964,14.193946430216291,1.4713237153272984,207.36391337488897,26.613649556655545,2.398628577928537,30.48360184991138,12.963721979165314,58.45729853838208,41.02396712147879,0.6058391768994759,0.2967375560323963,1.4898698125793233,0.16073284285088135,2.553179388362077,0.1792789401029061,0.587293079647451,0.3214656857017627,0.2967375560323963,1.3847752614845161,24.517940567176748,1.2240424186336347,7.480259224983324,5.928569088230585,5.94711518548261,20.579985917330152,2.4048106103458786,0.6923876307422581,1.6382385905955215,0.8036642142544067,2.3120801240857545,7.851181170023819,2.2378957350776556,48.91224048600666,24.839406252878508,8.970129037562646,0.7171157604116244,3.919408552594568,0.37710397745783697,38.82316358090519,173.99330238607905,0.1792789401029061,1.8917019197065266,9.705790895226297,1.3167729048937586,13.093544659929488,4.251681016523954,0.5294666337782542,211.0,1617591.0
1367201919,4.260740674945734,27.11885107115298,31.407349014339406,346.23028540023205,404.10418968206824,123.02021284273287,6.6478657436449735,30.213786479989786,240.0587343795973,34.54392032553724,233.53577634303542,39.02671914640849,63.466993832335,693.3765606524069,11.213936369238285,4.260740674945734,0.0,53.23844048564116,36.34814276118202,11.963382611736883,32.21230979331938,26.980064729949536,21.040009326442128,4.232983406705046,1225.4556355581708,347.95123603115474,159.14629745798936,29.0618598480012,11.824596270533439,10.03425246900901,29.894577895221865,25.578322683794752,29.03410257976051,181.85174287887284,2292.597691705573,63.85559558770464,75.86061410180255,5.218366429249499,141.82576207579956,51.50361122059812,10.270189249054866,41.30281514214497,144.39330938806327,187.09786657636303,182.1848300977611,28.950830775038444,131.38902921730056,128.47451605202824,100.41191786069182,157.30043911998357,48.45031171412234,0.4441162918510212,217.79740525056485,60.58023793530336,47.63147230102202,9.326442128871445,35.16845886095274,70.96145625732098,82.17539262655926,68.32451577445553,5.66248272110052,272.1045005634725,129.41826317221165,49.838175126156784,34.83537164206447,800.8110673779929,22.48338727495795,180.10303497970943,130.2509812194323,23.135683078614136,277.14244474915756,25.16196366018442,169.81896709653424,28.701015360872244,38.42993787923368,1138.9223518178235,3.7333525783726467,236.75561945895532,5.551453648137765,22.400115470235882,16.695996846774328,112.95820310548316,29.15901028684361,15.54407021478574,14.156206802751301,16.376788262006407,50.92070858754365,81.5924899935048,247.10908051273225,271.7714133445843,40.34518938784121,79.48293760721245,22.025392348986582,154.53859093003504,678.7207230213231,55.02878428716559,86.53328374034741,25.453414976711652,592.0902888421333,92.98684860630756,6.5923512071635955,29.200646189204644,69.07396201695414,331.4911759644263,288.81437604436724,15.59958475126712,1.984644679209251,194.6894794401914,20.595893034591107,2.2067028251347613,24.78724053893512,15.94655060427573,69.24050562639827,52.35020790193912,0.874353949581698,0.33308721888826587,2.3732464345788946,0.31920858476792147,3.89989618781678,0.40248038948998793,0.5690239989341209,0.3608444871289547,0.30532995064757706,1.6376788262006405,30.186029211749098,1.6238001920802962,8.951719007622145,7.175253840218061,6.8976811578111725,24.648454197731677,2.48427550754165,0.7494462424985983,2.1373096545330394,0.7355676083782539,1.818101069765118,7.924700082716659,2.9561490676333597,47.09020557032859,22.60829498204105,9.062748080584901,0.5273880965730877,3.705595310131958,0.30532995064757706,36.20935641997857,168.1257737338522,0.05551453648137765,1.6376788262006405,9.021112178223868,1.2629557049513416,11.977261245857228,4.358192101530536,0.5304356865482727,83.0,720532.0
1378389941,3.6509050825024087,38.90275718765652,24.409770344995444,387.4183575151316,433.1703333286398,141.7919004218153,8.056129396926803,36.51910841478305,262.2717681443948,36.116804824424655,225.0385708567256,76.35722145002283,72.02240026391115,761.13827777856,16.454216845658237,8.227108422829119,0.020115179517919607,51.92733592550947,44.52494986291505,23.293377881750907,34.78920297624196,22.187043008265327,25.304895833542865,6.125072163206521,1157.256450435192,411.2950756029022,186.02518018172054,37.84671026296574,15.90104940891545,9.926841092093326,35.45300390033331,36.57945395333681,28.19142409436433,123.80892993279518,2112.9286293315527,54.87420972488469,65.80680979287399,4.1638421602093585,177.2247891426307,45.94307001892838,7.010140061994983,20.597943826349677,169.37986913064205,225.63196865250424,196.18334583826993,7.352098113799617,98.97674081792343,118.32754351416209,72.35430072595683,167.10685384511714,41.034966216556,1.6796174897462872,228.97108845247888,53.37562885079968,42.44302878281037,7.452674011389215,32.455842152163285,60.14438675857963,73.61149944582681,59.641507270631635,0.3620732313225529,318.3629462301136,84.90617274513866,36.40847492743449,25.08362885884575,800.0008046071807,31.963020253974257,155.8322957253232,135.65677066884984,29.71012014796726,245.71697540114695,25.325011013060784,161.10247275901813,31.9026747154205,34.03488374431998,1086.6421127375352,3.59055954394865,283.97604684423004,8.036014217408884,28.15119373532849,25.68708424438334,125.80033270506922,32.8782609220396,21.664048340799418,18.95855669563923,14.482929252902117,63.67460076397452,86.95792105596647,226.18513608924704,303.59840446396066,50.96180730864933,63.38293066096468,32.70728189613728,124.05031208701023,580.2826987329448,56.68457588149745,81.65757125299464,22.820671163079794,579.5384370907818,80.81273371324203,4.495742622255032,39.053621034040916,59.03805188509405,395.0118377831463,224.65638244588513,14.020280123989966,1.7902509770948452,203.56561672134643,28.161251325087452,1.4583505150491716,31.409852817231467,14.231489508928123,58.48488444835126,45.84249412133879,0.44253394939423135,0.2614973337329549,2.0215755415509205,0.17097902590231667,2.8965858505804234,0.51293707770695,0.5229946674659098,0.40230359035839214,0.11063348734855784,1.5488688228798098,27.316413785334827,1.589099181915649,8.086302166203682,6.507260574046993,6.68829718970827,22.870959111874594,2.343418413837634,0.5732826162607089,2.5747429782937097,0.7040312831271862,1.3678322072185334,7.563307498737773,2.0718634903457196,38.86252682862068,18.95855669563923,6.336281548144677,0.5431098469838294,3.178198363831298,0.2112093849381559,29.22735583953719,144.72871663143158,0.12069107710751764,1.5186960536029304,8.548951295115833,0.9152406680653421,11.103579093891623,4.295243330409927,0.4962858728076968,100.0,994274.0
1386375601,2.985278682254725,22.34632520847196,25.296991963975906,353.9934808435965,400.5335428508633,145.09752343011115,5.204768485148455,34.91045461900489,248.8424473747286,35.23926792313729,241.81189975347655,51.23430457284123,66.0828211489256,676.8189216481161,13.308285835674686,5.689335459659366,0.0,41.83283996916077,29.61482982613564,19.023580240397138,36.065627674312154,33.608180875006816,15.90850683282699,7.376666888759863,1112.1547568468882,360.33178992983295,185.4290710764569,29.90037822182957,10.115335592915285,7.065159548002849,30.090743818958856,23.30680617580609,32.63472043514114,206.44283710502384,2290.214948718104,60.627116194833995,66.82265108322352,5.672029496283977,154.57253837813704,42.823606372401834,5.879701056788654,32.669332361891925,137.42232867312583,167.78131492440323,250.86724508964923,26.815590250166352,88.61951195452686,150.28498595188424,105.63560044337878,150.22008858922652,41.04974512642439,0.6143616998263347,210.22851659339034,73.727730470004,50.676187253984914,7.999681570273893,35.02294338094492,66.18233043833409,60.58817777723937,97.14269891690628,11.413282846069514,288.00151600239167,125.65860006870467,50.36035342238405,66.01359729542405,796.3988020812152,27.29583073383342,154.60282381404397,134.60578313378116,28.338515027200646,305.74445495301,32.58712903585882,176.67658009935354,23.838964549599325,33.08900197374512,1044.8994566792799,3.573681437017975,252.06568305339496,5.780191767380162,22.610241149946653,23.246235303992226,129.83366373301743,32.97651321180509,16.53152151434102,14.835537103552827,13.745261410903277,47.0808733627477,89.54970748595404,228.7156119691504,228.21806552210793,28.593777986987646,67.32019753026597,34.32637835508549,153.42169181367362,696.9111451269436,55.51320401740634,85.03285104497733,24.673977282461877,620.4058075351895,77.3490033063043,6.840182024122782,31.133428112326087,66.29914569111797,305.20364359752904,265.72008815657745,10.262436281606098,1.8474115903228514,183.92777875364183,25.517642997012125,1.7738612459774452,29.13891583331242,13.792852810185598,65.20021701678073,36.45501185025842,0.5754232822317078,0.19901857881698165,2.604547487996151,0.12979472531542283,3.5087840743602636,0.1254682344715754,0.16873314291004965,0.21199805134852392,0.445628556916285,0.951827985646434,23.639945970782342,1.0037458757726032,8.42367767297094,6.277738214422617,3.474172147609484,19.179333910775643,2.457446799305339,0.43697557522859015,1.2590088355596014,0.8393392237064009,1.1941114729018898,6.186881906701821,2.318999092302221,42.31308045282784,23.908188403100883,6.965650258594358,0.5797497730755552,1.9512473705751896,0.40236364847781075,33.8071994538238,142.70497399346354,0.13844770700311768,1.548883722097379,9.591830200809746,0.6186881906701821,11.897849820580424,4.339289172999927,0.5155539641039707,378.0,2311342.0
1408796715,3.821732483943506,31.760814329018558,24.899956695727486,395.3601819822922,428.47751569127706,106.93024881695858,9.156505814772496,31.747770873441958,286.1212415282756,36.53471907005379,224.56917466230493,54.143384098462434,79.06942770534312,652.2771264745627,13.030412121022398,3.9521670397094963,0.03913036672979699,63.7564108584159,36.026024302566434,22.36952631386728,34.265157799725564,31.1869022836482,30.391251493475664,5.243469141792797,1162.6284128201517,359.099375479347,189.07793203837906,39.86080024208653,11.83041420797529,9.130418903619297,33.57385465416582,23.621698049220782,25.799955130512817,171.63883193246622,2117.5658824941174,56.92164013627802,61.04337209848331,5.165208408333203,164.90840885494111,41.426014911278415,8.165203190950972,27.417343622011092,153.79538470367876,255.03868688924018,229.30394903661036,19.76083519854748,81.8868141098885,134.2302013387803,94.83896549745131,165.63884236723067,43.94340183756202,0.7173900567129449,239.59523548654698,58.734680461425285,50.98686784892548,10.486938283585594,39.899930608816334,66.87379674122306,67.29118731967422,44.73905262773456,4.434774896043659,231.15611972848743,110.75198130090209,45.978180907511465,28.47386352371561,916.5505799120349,30.547772960394852,184.5388094977226,140.2432343595924,27.639082366813277,265.9169288401238,23.099959826156823,150.795389921061,34.22602743299577,35.556459901808864,1079.7502960864415,4.278253429124471,232.47350874172392,14.843452446169659,24.886913240150886,23.882567160752764,130.40846885483677,27.58690854450688,18.821706397032354,18.026055606859813,14.256496945222704,60.82163335368112,80.6085554633818,296.29513687802284,272.17778751689127,39.704278775167346,66.11727631778032,23.647784960373983,151.63017107796335,548.8164368409795,49.630348468959184,77.96073398133221,20.217356143728445,601.8380837598544,81.57377117605013,7.069552922516657,29.569513792149927,62.08684854461123,408.834071592919,235.87785064721626,11.42606708510072,1.7999968695706616,208.79963687019674,26.582562465108758,3.404341905492338,31.786901240171755,18.039099062436414,65.67379882817595,39.14341018537359,0.5739120453703559,0.19565183364898495,2.0347790699494435,0.20869528922558395,3.0130382381943686,0.4043471228745689,0.14347801134258897,0.33912984499157395,0.2739125671085789,1.1608675463173108,27.521691266623883,1.5652146691918796,5.569555531207772,6.443467054839904,9.769548226872649,23.347785482112204,2.1260832589856364,0.7565204234427418,3.63912410587112,0.6391293232533508,1.6434754026514737,8.804332514204322,2.3086916370580224,42.66514319105532,20.8043116446754,5.752163909280158,1.5782581247684786,3.1173858828071603,0.2999994782617769,31.552119039792974,172.65622146744093,0.13043455576598997,1.7217361361110677,8.869549792087318,1.1608675463173108,11.882588030281687,4.265974774609088,0.5035129528035603,72.0,766668.0
1432118523,3.9805146566698473,31.280504558609067,26.258872007471,405.24535547913734,402.09851793345143,93.9002233315303,11.100038904931846,40.650565608823044,370.551862935655,42.18484461119726,284.38565824874576,85.20336633337847,106.20185318985216,584.0397409573432,15.354531954882804,4.23100918766972,0.003913977046873006,65.48866394827914,35.07314831702901,22.38012075401985,40.924544002104156,50.635121055396084,38.00080314809002,6.923825395918348,1111.1428578138245,301.43885624197145,201.91424789408464,35.8285458870755,14.794833237179963,11.021759363994386,40.556630159698095,34.403858242013726,35.53108363151315,128.65242553071573,1787.8264354706519,60.96802045914082,64.63150297501396,6.579395415793524,199.17054998422668,44.30230619355556,9.41311479772958,19.323304680412033,146.77413925773774,220.06727343748165,187.04113511596722,46.26320869403894,163.45159545446361,157.95637168065392,116.2294623839408,192.36414389971452,59.151935109391744,0.8649889273589344,272.62807119993926,76.53782115160163,68.21279197290275,11.671479553775304,38.22389983976178,66.99945908837212,88.9842681606578,66.49064207227863,1.7691176251865988,234.86210667466162,115.3879573188631,36.48218005390329,36.16906189015345,914.2619844020187,34.364718471545,171.1269044433816,185.56947974634298,29.014311848469596,279.8337029432325,26.99861366933,169.76875440811665,26.732463230142635,35.37452454963823,1031.1020272052717,4.841589606981909,193.60096064652637,8.129330326355234,26.20799030586165,29.405709553156896,140.82489414649078,29.40962353020377,17.82425147145967,12.051135327321987,12.442533032009287,61.64513848824985,120.57006292892297,275.93146782750006,225.77776594886936,37.82858815802761,61.64513848824985,18.074746002459545,140.73095869736582,439.7901168948385,40.556630159698095,73.30879008793141,19.284164909943303,529.1501268519961,59.34371998468852,7.4717821824805695,29.08476343531331,67.54741587493434,366.8414126952194,367.6711758291565,12.176382592821923,3.6791384240606257,235.14782699908335,32.66213845615524,3.084213912935929,39.425490793151795,13.217500487290142,65.5395456498885,48.52940140417841,1.260300609093108,0.3796557735466816,2.598880759123676,0.645806212734046,4.884643354497512,0.3679138424060626,0.25832248509361844,0.34051600307795155,0.39922565878104666,1.3659779893586792,39.72295304871414,2.8885150605922787,10.794748695275752,9.076512771698502,10.712555177291419,33.47233170485795,2.7515258639517235,1.5616768417023295,1.6556122908272817,1.268128563186854,1.6673542219679007,8.904297781636089,1.9609025004833762,41.69559748033814,18.04734816313143,7.827954093746013,1.0528598256088386,3.5656330897013087,0.3366020260310785,30.83039719821867,156.03460895063927,0.16438703596866627,1.4677413925773775,12.657801769587303,0.8023652946089663,15.092295492742313,4.1206410758974945,0.4920126316172632,257.0,2554946.0
1439837349,4.181653335374829,41.24013728463595,20.274008454105743,425.398102744491,446.2396053979158,92.64175893825619,10.804644461545925,55.38520838609546,327.6377686751214,44.148823239577354,233.50049561160074,87.17601088520638,83.18797321783454,659.3147607689257,13.239305849997262,6.460532002444453,0.0,64.70101512472188,43.25863626025328,44.25787114454456,33.7736939955553,32.578617975812726,41.05542348642621,7.722372045636326,1106.842911819413,369.75919106928814,205.30604850895907,40.33437203317371,17.127197482195147,9.456011187869956,32.903536223266016,52.654559827018865,31.661725387108934,158.5311736803757,1899.946099178402,46.202929694367654,50.50475827195123,6.554001635273481,184.12627480339108,40.191942116481854,10.769036982372963,17.62570219061663,128.7143608079159,347.8583659104677,248.5557828994191,13.174767293996267,70.03100966342475,127.3145417829288,78.2808174943106,166.4226812520836,55.554343912167035,1.012587688981132,248.181904368103,69.9086089537677,57.31468866378038,10.695596556578726,41.05764895387452,64.5341050660986,69.68606220893668,51.18130037623753,1.60233656278333,247.14261106974214,105.48048064755761,39.70233927785362,22.027676803374163,900.3684929000912,23.92377506933444,158.57123209444526,147.190191563787,29.807911002666554,255.7863266389789,21.388967645709144,135.75573981436932,35.53403874716865,33.860487226039396,1020.9999559357445,4.993948954008045,247.6344393758187,8.712705060134356,25.212320721906032,36.8337117369818,138.3595367288922,35.35600135130383,18.215451064418826,11.8483886948034,16.139089935145428,66.91758070323881,116.89490318994054,267.56572584288466,250.81463235945395,41.6874562417463,75.17183946902126,30.88058631275206,136.33213588348164,368.40610686071557,56.068426892726684,72.59029722898146,19.250293427883058,616.4255521050919,63.167668052836156,2.4012793767266847,31.403571163104953,52.756931329641134,476.57272671838354,210.5203187403498,10.027956322085673,2.0897139339632593,219.0861429488957,25.510533359979597,2.4702688676243003,30.070516161567156,11.305374637415715,63.24333394607871,41.567280999537545,0.8679323048409703,0.19806660289960604,1.4265246343668256,0.32491824745328635,2.8174417895606885,0.4206133477306241,0.2158703424860875,0.4740245664900684,0.07344042579423594,1.183948682501016,27.068360573796724,1.2284580314672195,6.464982937341074,5.9642527614712835,9.409276371455443,23.06697010173502,1.4020444924354136,1.3530842085725896,1.9784405615477503,0.9725292749115488,1.7447664794751814,7.450865016942483,1.4242991669185154,44.29347862371752,23.57437667994974,5.67939292808758,0.5986507435954385,5.214270231390753,0.3516238568330085,35.418314439856516,147.7131764141399,0.16023365627833297,1.3018984572614556,8.454550836130375,0.9413727306352063,10.85805568030537,4.16403444271402,0.48072820831176494,380.0,4493438.0
1441649707,2.1094230943084322,21.628044134297067,23.99576393403102,407.1358769818891,475.81697095453546,99.78001730587927,7.98997808782949,41.0433464921155,299.7533266463186,31.116143113594585,278.6677055934152,58.91747850756163,67.57041813931663,634.3853184152637,11.5889121834251,5.09705498706364,0.0,68.9049511173485,40.526753081264445,25.924379334541587,37.926566246647525,29.45443430869039,36.12709919884972,4.158576957350909,1187.6568614367325,376.0455635388371,168.80550688575968,38.7703354843709,10.615994592988967,13.043983623988876,26.595950768647945,23.42751118209487,34.491220064488076,143.70767700857976,2068.982440128976,55.852357603178774,56.291462002402156,4.012208824276446,179.516210270738,51.77987954763637,10.77958250642513,22.867868320339575,150.99164410157948,255.4468317756607,217.5030457486515,16.883994644648308,78.30695119483751,116.92230865595309,78.09170394031624,166.44639697620656,58.03065981893401,0.43049450904253717,214.79954023186434,59.39102246750843,44.556181685902594,9.660296782914534,34.224313468881704,71.15213245455054,75.31070941190146,49.825434476583254,5.734186860446595,197.99303459884368,113.00480862366601,42.644786065753735,37.40136294561563,923.1610350809975,28.335148585179795,187.30816088440793,136.15680331997365,21.042571601999217,243.67711189843774,23.806346350052305,181.41038611052517,19.91467598830777,35.79992337197739,1090.4684210752891,3.418126401797745,259.93258455988394,14.12882978677607,23.04006612395659,21.507505671765156,122.84591310037841,30.95255520015842,15.76470892113771,13.741384728637787,16.840945193744055,62.43031370134874,87.37316555527335,276.6271616205535,292.9773430739891,50.99637954117895,63.6959675579338,33.759379399115765,137.32774838456936,517.841844927268,48.46507182800883,80.32166549715659,19.871626537403515,591.4305763029993,74.42389072327383,5.596428617552983,30.1173958526159,59.864566427455216,406.4384758772402,212.11325449543892,17.340318824233396,1.5583901227339845,192.05221037405667,21.4472364404992,1.575609903095686,24.58123646632887,11.545862732520847,69.25795661476337,46.57950587840252,0.5424230813935969,0.26690659560637303,1.610049463819089,0.07748901162765669,2.4968681524467153,0.4391043992233879,0.34439560723402973,0.8523791279042235,0.1980274741595671,1.8339066085212083,28.713983753137228,1.102065943148895,10.202719864308131,5.897774773882759,7.180648410829519,24.383208992169305,1.4636813307446264,0.8695989082659251,2.1524725452126856,0.938478029712731,1.9027857299680142,7.327016543903983,1.6530989147233428,46.09735202827488,26.31182439267987,6.83625280359549,0.49937363048934313,2.78099452841479,0.6887912144680595,37.11723656964755,174.59135308729137,0.13775824289361188,1.3259230878510144,9.909983598159206,1.343142868212716,12.716807797116548,4.2432034315578315,0.5031252758824062,231.0,1161455.0
1447684472,3.1470003186337823,28.473796632971908,20.71119584700858,432.81744382276617,415.88264835811816,96.02940347297711,7.703594529988946,35.73156611782107,351.63794810334224,36.27573492291816,252.95326311151788,73.12186365358869,91.64327177888127,638.7820584266834,11.879926202842528,3.501037854480083,0.0,64.80853781186445,41.4355041953448,28.552471640937753,30.984840637215115,36.833016229342896,47.021429760919766,8.706700881553465,1110.4846249365683,327.7600831857084,194.39283218227425,37.05592875191279,12.817470047768841,8.424782103009187,34.09250345186597,28.080421593142685,26.021758884703086,161.54601635653415,1941.1878090452656,42.81231683474708,59.89790606466299,6.018638109387108,190.6492130532328,49.63737377578409,5.894069346774521,21.511058427994666,133.8261885499016,316.29320077468657,258.0474698773063,20.87510211360409,120.39898719039745,116.76682432264096,103.51008548039616,178.16611178931882,47.42136105141281,0.8785375889519309,246.99363125810515,61.34683746136729,45.34302959098174,11.145626128494646,44.22191072746846,64.01523148154219,64.06768148685275,54.06939922452667,2.956869049382991,270.9632836850325,102.9134666699885,34.85958477953296,24.592496239990243,950.9185962805079,29.273659213957995,166.43697935174416,153.5146092933542,28.88028417412877,258.1720386399189,20.73086459900004,157.33690343036147,29.34577797126002,28.762271662180005,1016.6777904386263,4.648381720648649,219.81141600590587,7.25121323418534,25.19567130106172,31.974834487451993,131.82653209743637,24.638389994636988,18.43617686666291,13.414088858176497,10.922713605924752,58.29818090269082,90.93519670718867,325.15725167217175,242.32558078546506,34.289190971780585,62.09425003704282,21.045564630863417,131.53150081756445,519.1829338172721,41.77642922986346,75.71158266579775,19.50484572486563,557.1042876568091,64.48728152933725,5.612150568230245,26.62493394577456,48.83095494413419,450.11938932458816,258.0409136266425,12.253632490680289,1.9931002018013955,214.33039045095202,29.752265512416884,2.2881314816733127,34.03349719589159,14.935139012182825,62.91378137002037,38.26227887405574,0.7277438236840621,0.3540375358463005,1.5735001593168911,0.2884750292080967,2.9437565480553505,0.2884750292080967,0.2688062772166356,0.27536252788045595,0.20980002124225214,1.0424438555474405,25.838183866116115,1.3243626340917167,5.5924818162387835,4.9499692511843865,9.985169760998438,21.851983462513324,1.3833688900661,0.36059378651012086,3.0355440573488357,0.740856325011703,2.189787721716007,7.710150780652767,1.6652876686103764,44.20879822614082,24.90719627185362,6.425125650543972,0.6359563143905769,2.58971901220905,0.27536252788045595,34.83335977687768,152.53772794444495,0.2950312798719171,1.3833688900661,11.07350737119262,1.1473438661685664,13.899251407299205,4.128643871938067,0.4901655886660784,129.0,1525262.0
1449848509,2.5198304234374405,50.83637505220222,19.908265332686632,469.67713107836863,436.65932759368394,76.36530671793211,8.384454861170184,32.517047375058944,377.0821904484624,43.880359093490206,323.80944432442703,127.98812566025174,80.19480696654468,609.0863480081623,12.149755608548677,8.288155609319071,0.0032099750617037457,66.49463340319309,43.01045585176849,86.00486182822846,42.731188021400264,29.2236129617509,92.62704038052328,7.155034412537649,1114.7954491541554,339.83684980751383,184.14021941463537,29.97795710125128,10.387479299673322,7.068365085871648,26.941320692879536,24.983235905240253,22.893542140071112,135.95528376340044,1739.6684545157768,50.094870812948656,51.654918692936675,5.8100548616837795,221.42086978126267,46.348829915940385,9.485476307334569,16.717550121353106,104.4686383831484,305.7822243778988,257.1832019437041,23.67035610500342,158.5470882476714,124.2613446136137,88.33851369808708,166.3280677972413,50.26499949121895,2.8344079794844075,304.1932867223555,54.55352617365516,60.54975958891775,8.62199301573626,52.62754113663291,64.33432018666647,60.9349565963222,41.65905635079121,0.5232259350577105,235.9395869853487,108.35270820780994,38.48760098982791,15.266641393463015,1045.6461663749335,12.634461842865942,167.6184777720462,151.8607101941425,13.459425433723805,236.50454259620858,15.796287278644133,169.92965981647288,23.525907227226753,28.51099849805267,981.7034631457948,3.421833415776193,219.91218150226192,17.905240894183493,34.593901239981264,26.135616952391896,121.66768476375707,31.936041888890564,17.786471816900455,13.552514710513215,12.74360099496387,47.43380148679625,77.10039100706227,352.6671201291437,295.90513111303636,40.853352610303574,67.25539749281688,11.787028426576153,130.21263837801243,351.0813924486621,29.724369071376685,63.92023340370669,18.909963088496767,539.397789418574,45.710044878661336,3.6882613458976037,22.816502738590223,55.90492567463243,410.2508627610472,306.4787889662885,10.596127678684065,2.102533665415953,262.80065830168564,41.92548428091262,2.2887122189947706,46.31673016532334,8.666932666600113,62.86736158346786,40.798783034254605,0.3306274313554858,0.4172967580214869,1.0336119698686062,0.19901845382563224,1.980554613071211,0.42692668320659816,0.22790822938096594,0.5617456357981555,0.13802892765326105,1.3546094760389806,19.6257875272567,0.8506433913514926,4.911261844406731,5.20978952514518,5.318928677243107,16.290623438146508,1.1395411469048298,0.36914713209593075,1.906725186652025,0.7479241893769727,1.200530673077201,5.363868328106959,1.0047221943132725,38.25327281032354,20.71396907317427,5.781165086128446,1.1010214461643848,3.646531670095455,0.6419950123407491,31.884682287903306,154.91981642794616,0.18617855357881724,1.1588009972750521,10.191670820909392,1.162010972336756,12.698661344100017,4.077010750270682,0.4466085532995494,234.0,3115289.0
1452065072,5.322266729049662,38.75746523278539,27.921608460896703,362.34316561235926,461.66315617374244,141.90971974613134,5.252694614944438,30.530562739842615,238.98600962762106,36.13111792531318,196.95285735571468,34.36862436798083,59.716064606984226,704.4466436962737,16.708902737604713,7.699313960978161,0.005797676175435362,64.44696836613949,28.611531925773512,13.572359926694183,39.24447003152196,21.46299720146171,23.654518795776276,4.3830431886291334,1160.0454305905107,397.3089506264099,198.06021350522283,39.02415833685542,13.879636763992256,7.1021533149083185,28.52456678314198,30.495776682790005,25.086544811108812,182.67897861179281,2255.4641648534434,53.518348775443826,65.75724318178787,4.957013129997234,155.8705239765797,34.92520128082262,8.331260664100615,31.429202547035096,147.88712388300522,234.29568960169385,249.92042689449215,18.1003450197092,91.61487892422959,126.29657780568392,69.61269783845239,158.28235726556082,40.45038667601252,0.39424197992960464,214.29370679644185,70.11129798953984,49.65709644260387,8.319665311749745,32.107530659561036,58.5971131051252,61.27563949817634,67.48495068206762,8.73709799638109,335.2216364636726,115.08966975856737,46.05094186148308,46.92059328779838,722.987612105316,25.585144962196253,164.01625900306638,108.66004688000956,21.41081811588279,289.0199550216282,28.970987848650505,132.04207489554037,34.090335911559926,29.295657714474885,1084.4553286151845,3.252496334419238,273.62132709967193,4.3656501601028275,16.27407702444706,27.886822403844093,145.4578975654978,34.096133587735366,22.58774637949617,19.619336177673265,12.389633986905368,60.005948415755995,77.04531869536052,235.18853173271089,272.51397095016375,39.76626088731115,80.7964151808672,35.71948291685727,136.49469019827472,641.3853199360632,51.4485783808134,86.95354727917956,23.283467520548413,623.4009284398627,67.72265540526047,5.432422576382934,34.820843109664786,58.47536190544106,382.18281348469907,236.01180174962272,10.198112392590803,2.208914622840873,183.58341609516074,29.255073981246838,2.5103937839635115,33.97438238805122,15.845048987464844,57.65209188852924,37.00076935162848,0.4754094463856997,0.3188721896489449,1.8146726429112683,0.17393028526306087,2.782884564208974,0.1391442282104487,0.2145140184911084,0.3710512752278632,0.1681326090876255,0.8928421310170458,22.935606950022294,1.3334655203501333,5.003394539400717,7.357251066627474,5.565769128417948,19.259880254796272,2.835063649787892,0.4290280369822168,2.6669310407002667,1.5421818626658064,1.4494190438588406,8.922623633995022,2.3422611748758864,43.21587821169519,20.970194726549703,8.122544321784941,0.4928024749120058,2.179926241963696,0.1855256376139316,31.95099340282428,152.44989503307283,0.12175119968414261,1.345060872701004,8.82406313901262,1.2754887585957797,11.566363969993548,4.316410571656669,0.5310840314025332,256.0,1724829.0
1456045551,3.966433202081937,38.391155931262205,23.34319391891925,368.2759775666373,453.04012414446237,101.29584841761351,10.185408716457319,38.87594221151666,271.1179514400846,34.97316781391258,222.5022121434556,55.77980321594487,74.35838046125211,735.2004297458985,13.020673931278852,8.16791429762058,0.0,70.05896274343984,45.41810857939502,19.13191916115324,33.122165652941014,32.059553301272146,34.97316781391258,5.778260714144056,1200.8205130214085,387.69680976349775,171.36950165439438,35.07110443618621,14.808017287772564,12.849284842300003,31.844092732270166,34.346373431361364,32.245632883592044,160.0920995995861,2097.523329727633,56.2450021717446,69.33423173861499,4.333695535608042,166.43349589180355,40.93261127926285,13.622984158261664,30.335868749256292,138.78109059284466,221.04295647157855,179.0526296717605,21.340389993423557,118.9929960624581,115.38892836278859,78.56965521901812,164.56290640637724,42.876653231394364,0.6365880447785824,242.51066407395783,62.615779450644105,51.98965593395546,9.367637920472525,45.61887865505595,64.60389288279876,76.865557991457,56.18134336726674,3.021344797141426,240.64007458853152,122.04372184628161,43.24391556492047,28.656255677263573,839.5274166228809,23.715353083559037,175.85989578564025,135.86257924909054,30.404424384847832,247.85310681898423,24.24421084383663,170.89940586748097,32.1770772480005,36.66257454813267,1108.3193732839668,3.511027908509566,262.68071143121153,5.058426540432889,25.39986298666544,19.39634804129204,120.41307708542571,34.88502485386632,20.106388552775844,12.35470489981818,20.600968495257664,62.728406566258776,98.65155961622555,280.1819858315089,291.67974528643276,48.77243789226678,66.61649047052181,19.82237234818232,123.22875497579251,563.8652059092999,50.868281608922416,79.01526685036312,25.664291866804234,552.5780101922643,96.42350145950051,6.801698416903469,27.226380992068602,60.57869770735264,359.8240470644232,255.72231441867024,15.292803568027022,1.6894067342200842,209.8683878701576,32.740212826073865,2.5463521791143298,36.97597173940828,15.444605332551147,62.5374301528252,47.85673047400835,0.5092704358228659,0.3231908535029726,2.340685272339711,0.4456116313450077,3.618758193010557,0.41133381354923787,0.45540529357237053,0.812873964871113,0.303603529048247,1.9832166010409684,29.19490709976853,1.3172475695802974,6.8506667280402835,5.753776558575649,9.671241449520771,23.592932305717003,2.7373285925479043,0.8520486137805642,2.7422254236615857,1.4004936985128813,1.7726528631526681,9.504749191655604,2.1790898455882246,45.9224821841042,20.287571303982055,8.402962191077288,0.5043736047091846,4.784203998066731,0.2595320490251144,34.23864314686037,163.51498454804943,0.19587324454725613,1.8558989920852518,8.784915017944437,1.5082239830138722,12.344911237590818,4.299319619545604,0.5267322175740413,235.0,2042137.0
1456850698,3.6357604402961043,21.933350614155028,26.81638476442436,430.3518542166124,375.4718109777905,113.45948333171414,6.3763686601692475,45.576399545042065,384.24515122345247,44.09579231789698,283.0123441915439,134.00980255317776,104.6140218171081,563.2713528804599,12.069706479162681,2.744850647458086,0.004242427584942946,54.94367965259609,29.531538418787846,81.98915550660737,39.76427375367023,44.146701448916296,22.803048269068334,10.894554038133485,971.1850076003091,271.557789712198,187.86742074402846,45.78427849670427,8.98546162490916,5.960610756844838,36.81154415454994,27.160021398804737,31.130933618311335,133.69162048430704,1797.3383857817585,44.08730746272709,49.24609940601771,7.424248273650155,200.80682487810444,70.35217664110887,13.681828961441,21.61516854528431,177.30801848510546,357.58149385208606,316.5699463884426,32.8957834936476,86.35461349151366,126.63646341054692,110.66796598082168,178.32195867790685,63.23338315357461,1.1963645789539108,250.6001974425798,83.00733812699367,53.017617529031995,11.216978534589149,40.62972898099859,61.74853349884457,56.25034734875852,69.63944880683846,7.3054603012717525,255.12686767571392,91.61522369684292,31.16487303899088,72.63460268180818,985.6516856649645,41.86851783580193,147.26738875612446,181.43165809767,37.63033267844393,284.3190118877063,38.75457598845381,195.04985064533687,19.11213627016797,26.006081095700257,899.7510119250397,3.83091210920348,171.9964991487569,10.51273555548862,26.277596461136607,29.688508239430735,126.02979626590009,25.33577753727927,15.48061825745681,12.892737430641612,9.30364369377988,60.73035087845827,102.43765646603237,309.7141834111748,180.86317280128767,29.03517439134952,76.60127247372982,25.026080323578437,176.50619967155126,448.7045959490756,38.55093946437655,78.41278905250047,20.596985924898,535.7931494127844,45.66124809674093,4.140609322904315,27.957597784774013,51.51155573637725,534.8895123371915,245.8868603957082,7.818794039049849,1.7690923029212084,227.16078503577003,21.190925786790014,2.494547419946452,25.454565509657673,13.342434754645565,60.9212601197807,29.658811246336132,0.4921215998533817,0.21636380683209022,1.09454631691528,0.09757583445368775,1.9006075580544397,0.25454565509657673,0.19090924132243256,0.11454554479345953,0.22909108958691907,0.7890915307993879,26.765475633405046,0.8696976549133039,7.432733128820041,7.106066204779434,8.667279556038437,24.075776544551218,1.9090924132243257,1.2684858478979408,1.319394978917256,0.6957581239306431,0.9163643583476763,6.109095722317842,1.9812136821683557,42.52609411146809,26.184263054267863,5.663640825898833,0.8484855169885891,1.327879834087142,0.41151547573946573,34.43578470698189,129.7164658372155,0.22484866200197612,1.875152992544782,14.568496326694076,0.8824249376681327,17.550922918908967,3.9679401223346416,0.4640724602389082,229.0,2357141.0
1462195742,3.6203007456763476,31.355038636892417,26.18035170050179,432.4295782201123,458.8277419982938,117.22910035361461,6.300049337735778,34.546315593199644,324.721505807497,40.68465596417321,262.0807323766103,122.59189772072861,84.3394766239788,646.637856069119,15.395353672361132,5.158186021414887,0.0,60.38344826220614,40.69455651315865,44.70097866926721,36.84984332381231,31.11412527824668,32.34509353543654,6.719172578119457,1044.8148349825997,313.4414803300843,189.62191453516098,35.19975182623877,14.807921099224952,9.115105432596238,29.77755116521211,38.30852420766732,27.648933133342243,154.96009253713117,1957.3319340557434,47.35432579736546,65.60433776052882,5.920528293293863,196.31468564931924,40.49984571644498,7.5640194248771095,19.16086246982395,131.33738265786837,283.7629346547266,244.72837018812695,24.457656177035016,132.05022218482014,137.6605332765702,82.6992856753907,161.70236639621666,51.36074795347402,1.9603086991173662,236.2237986096329,60.449451922109084,44.02444115526206,11.986264638374198,44.017840789271766,57.36378082164656,69.13883374833135,53.156047502834035,5.871025548366657,363.55475911139274,96.19703412554226,39.588995209784386,31.256033147038004,889.5115234139734,28.830398645604898,175.8271496154462,148.1056124562107,34.16679454875773,280.99738130479335,22.715159555597356,179.56625694894782,30.846810455639766,27.408019774696506,970.6333216176837,3.5410963537928177,200.0471926168306,9.544129221965358,31.975473039980066,31.820364439208156,123.38064145656877,25.071490214132375,20.570040608751754,12.982919902908616,10.379075519737569,59.12277835805995,97.07158261925623,298.73256472071375,232.79820866067024,31.784062426261535,72.40601491352696,25.12429314205473,139.89145698128962,512.234603408759,49.89546670362871,78.53775491851023,16.8441340072307,564.2982903401994,66.66369650197103,3.8513135553366435,28.46737851613872,53.274854090659325,415.100317312595,294.16841163842537,9.227311654431238,1.8481024772823653,207.78942192344564,30.612497462984322,1.7655979024036883,34.22619784267037,13.741961991792445,56.42982903401994,42.26874380184381,0.5214289132332388,0.28381573758264894,1.9834099800833955,0.2937162865680902,3.0823709174673737,0.20131116270397192,0.23101280966029566,0.2805155545875019,0.13200731980588323,0.8448468467576528,25.58301857838017,1.2342684401850084,7.217500210386666,6.461758304497985,6.742273859085486,21.655800814155146,1.5477858247239809,0.6204344030876512,2.7655533499332536,0.5775320241507391,1.0395576434713305,6.550863245366956,1.4916827138064805,37.18646198931731,20.04531151252337,5.772020058512244,0.4323239723642676,2.610444749161341,0.28381573758264894,29.14391603014387,160.73871296163372,0.13530750280103032,2.1022165679086906,11.666146887844931,1.184765695257802,15.088436653812455,4.125856795192293,0.49027706349717093,347.0,3030135.0
1462703434,2.7693762614871673,42.653231765350384,20.65140405764011,415.2048834544079,457.98711091170526,75.66000444228914,7.888892785633749,26.548925848842043,259.0797850448038,36.864550089228736,256.3628132831701,99.30249610695033,64.43334812752676,702.3613870745511,13.846881307435837,7.272132133512153,0.0,85.83453964460881,42.141280112935725,24.08188324035566,37.41278178000349,15.777785571267499,72.57620118168116,2.071993301898696,1250.2947753116757,409.65806870068684,194.4086011102498,27.472051269337765,12.351337503925299,10.799358085187949,25.480680274905943,27.95175399876567,19.103455754276105,127.8347307194775,2035.4270543470943,52.21906854629514,48.409664518485286,4.0069286811037035,182.84736221949987,31.35401537386781,6.482033520336776,28.65316807372749,115.55192217689905,248.92137430397753,195.58971791463952,26.960099616923106,140.86329560612455,103.54322947970797,71.93122272194616,154.87545264386748,45.01546537412983,0.44342269106781423,255.41550117043434,51.54587227894673,45.78137729506515,11.150065122668856,37.094323665509336,69.56495799779337,81.75505088678491,37.993262393764994,0.2821780761340636,303.4381786130786,115.44308206181877,42.11709342069567,10.944478238628324,837.3634409278337,20.11526571298539,191.87302954041658,113.33077760618663,19.58718959907736,202.39827178021713,13.685636692502085,180.5657509181873,27.149562039470265,32.68428344707125,1130.2965328779785,3.285359029275169,279.5538200260168,8.771707052396035,37.8279866634579,26.036974196427384,136.05417496572545,32.24489187137678,16.547728607576158,18.67615752470167,21.30041363274846,50.62274685845101,62.83299532430928,298.3871910502789,356.2659455807487,56.153437150678656,70.22606091902175,19.147798023382887,129.42299017657496,461.0789764030599,40.83519873197235,64.8888641647146,18.152112526166977,594.0977214926576,88.16855544577484,2.6202249926734478,29.60854241720996,56.22599722739885,364.47329648087657,271.36662470275564,15.854376763361032,1.5076371496305685,220.05858823083616,37.72317766375096,1.8905931100982263,41.12140792347976,10.638113470254199,67.83157838725555,55.22628061480959,0.4877649601745957,0.7417252286952529,1.7011306875510692,0.13302680732034428,3.063647683741262,0.45954715256118933,0.3547381528542514,0.7376941133219092,0.08868453821356286,1.6406639569509127,26.593268117948824,1.1287123045362544,8.179133092514501,4.583378179491862,7.997732900714031,21.88895647725665,1.4350770729103806,0.32652034524084506,1.9833087636851328,0.5482316907747522,1.6648506491909754,5.957988521802086,1.568103880230725,38.2149737392989,20.22813694343902,6.264353290176212,0.5482316907747522,3.257141221661763,0.3910181912143453,30.68888133726609,181.86780118377735,0.2942714222540949,1.5076371496305685,6.744056019604121,1.4592637651504432,10.005228356639227,4.296748979865788,0.4805027771966253,220.0,2480703.0
1467297559,2.7789533017685084,29.894535439969577,21.303849878754487,428.35705217386356,415.71828503133213,114.4359840755035,8.525040995031581,41.771825614772304,353.8373406423452,41.09349843087605,236.0666126047195,100.15172647397215,80.43647509685856,700.1036746515258,11.597206692419759,2.9146187385477584,0.004376304412233871,57.780347154723806,42.41951866778292,33.3605685344588,32.23148199610247,49.95113856123741,34.24895833014228,13.260202369068631,1094.9251061144412,331.50068292230355,182.39999159749553,36.51150771126719,14.940703263366437,11.172705164433074,31.557531116618446,34.61219159635769,46.36256894320564,161.54690107320113,1955.0264700772375,38.79156231004104,57.863496938556246,6.8226585786726055,173.30165472446132,58.664360645995046,6.288749440380073,20.40670747424654,123.3767739896973,283.49262352009794,244.03586293939736,39.52240514688409,178.16810523086536,113.93270906809661,87.32040193730244,169.81811641232315,43.49608955319245,0.9102713177446453,223.20027763275192,70.39723277519406,43.60987346791053,10.27556275992513,58.0122912885722,48.18311157869493,54.84822319852711,60.53304263001891,4.126855060736541,241.94398943034957,90.27878371997254,31.76759372840567,35.63624682882042,968.143567292026,24.19221079082884,160.47470649220384,142.26052752848645,24.14407144229427,274.43804969118605,24.625464927639996,153.5820270429355,31.16804002392963,23.601409695177267,1017.4382601914283,3.912416144537081,214.05380141118312,6.428791181571557,26.98429300583405,34.52904181252524,117.9238986920539,23.35633664809217,26.406620823419182,16.498667634121695,10.249304933451727,62.6249161390667,130.92589910080073,332.66477989595774,233.82594474565576,32.122074385796616,61.771536778681096,12.48997279251547,111.45134446636,543.7908336553564,40.17447450430694,79.61810617177082,23.92963252609481,586.6479827643627,58.06918324593124,4.253767888691323,24.30161840113469,45.61422088871364,406.86939750979525,331.6232194458461,8.905779478895928,1.4835671957472825,198.61857574923425,23.868364264323535,1.8205426354892906,27.17247409556011,13.369609979374477,47.35161374037049,34.99730638463427,0.3457280485664758,0.20568630737499197,1.667371981061105,0.2625782647340323,2.481364601736605,0.2450730470850968,0.14441804560371777,0.2144389161994597,0.16192326325265324,0.7658532721409275,19.653983115342317,0.7308428368430565,3.9561791886594198,3.982437015132823,7.737306200829485,16.406765241464782,1.9780895943297099,0.8008637074387984,2.92774765178446,0.7133376191941211,2.087497204635557,8.507535777382646,1.1465917560052743,39.0453879659506,20.139752905100277,5.978031827111469,0.5164039206435969,2.5338802546834116,0.22319152502392745,29.39126043256268,147.88845500261922,0.17942848090158872,1.1859784957153792,9.951716233419823,1.2691282795478227,12.586251489584614,4.066900292337135,0.49373261510884076,213.0,2285033.0
1467993804,4.237566695035562,35.34859094244549,23.595339920365728,397.5850311732108,443.53198074705546,99.59614301476662,8.350760363382449,40.29686064713063,288.9451923606533,43.486140402933074,245.18365454148108,68.47623497973608,78.04407424714341,717.6678991441358,12.872608262277838,7.204751760322517,0.0,60.65850187359081,41.19412319681321,21.836349971483042,32.33698693905544,31.963867858989417,30.16045897200363,8.492900965312362,1164.7000922137156,353.90344744262404,172.34547984002074,37.0276268027426,14.587179273057426,7.524568114664824,35.508499119616644,35.46408018151355,24.119483389982285,139.96407396286222,1987.3388258830928,54.54645599060451,70.12861947717133,4.601801987480966,169.25392174804512,38.5201031230067,12.632745996521109,20.574852129355055,185.05817992512743,225.3728081474993,203.90069346846167,14.578295485436806,99.33851317376866,160.68106669414718,94.79889769963204,158.04258177082315,41.68273151594729,1.2170789040248888,235.2871151321108,63.95438708084069,47.91915042562226,9.603374417889816,40.456768824301776,63.69675723984272,81.49098384394384,48.68315616099555,0.9239139125444411,261.4498696748356,102.6610497438804,36.18366697878374,32.461359965744116,909.344500846625,31.555213628440914,181.02494034536613,155.08428049315683,23.035661300266693,255.59545363284727,27.282111782922872,165.68263912455603,29.218777484217952,27.75295252681571,1082.6494297496727,4.7528263770315,249.2346616964836,4.930502129443893,27.788487677298193,26.518106047549583,116.51975843204703,28.0638850935374,16.550496337214366,11.300177853428165,12.055299801180833,59.139374190464856,91.54743143048525,298.08660982227093,265.99836893659284,40.74105002816161,56.26102700138409,24.350461868118398,121.14821178238985,565.879503858229,61.09380746700117,70.21745735337753,17.216780408760837,534.1110793268932,75.17461084568328,4.468545173171672,29.99166700721186,59.148257978085475,410.43098807262675,274.59787535335266,12.401767518384998,2.904998551942618,198.22395317888572,36.69892666077968,2.212063117534287,41.81598833025658,11.939810562112777,62.186513344337385,52.11229818255473,0.6840516467877112,0.22209469051549066,1.9544332765363177,0.3642352924454047,3.2248149062849243,0.39977044292788316,0.3731190800660243,0.4708407438928402,0.1687919647917729,1.4125222316785206,29.103288245149898,1.7056872231589684,7.13368145935756,6.1031620953656835,9.523420329304239,24.465951107186452,2.7895093128745625,0.5596786200990365,1.8744791879507412,0.8706111868207234,1.3236843554723243,7.417962663217388,2.6740200738065076,43.33511601338254,23.106731601231647,5.863299829608954,0.5596786200990365,3.33142035773236,0.38200286768664393,33.24313327635864,167.16623165719952,0.15990817717115327,1.2170789040248888,11.38901572963436,1.0927058773362142,13.858708688166617,4.235885570241444,0.471748902674553,118.0,1125646.0
1471411980,5.876009978036394,44.11355482453961,27.46693036244919,394.5249997515429,449.12344341638425,99.43252402579978,6.01266137287445,36.001431112789575,294.3595273352481,45.60429731368203,269.2777849554268,67.74182327744705,67.48094334184712,691.2448693612665,13.081265342224784,8.43511791773089,0.0,62.412418878762885,47.76587392293855,20.038063624889435,34.846105683704195,24.311525427097724,35.06971705707556,6.087198497331571,1143.4740262966975,378.0771409546715,175.87034515657766,41.14449270033094,13.901173711253119,9.056260621540234,39.13199033998867,27.988690233649038,21.93876029854603,150.56499140338497,1951.4067639955874,68.35054312718022,65.4187495652001,5.2672901283032365,189.8336331382117,41.13206984625476,5.789049999503086,15.814293238985897,186.55399966209836,262.38310094314306,213.57370727780483,12.882499677005795,46.93354269983403,156.66461275479273,94.27703958418223,165.124576380676,49.09511930909055,0.720525536418839,248.1589330259091,57.03332306377396,53.455541089832145,9.453791951978216,36.79649377366554,84.53752198845172,72.25131930710289,50.62313036046153,0.5341827252760358,282.6447759414039,105.22157402530287,41.54202403076893,17.5162242474235,885.4389242802198,28.895558581210683,171.68384333290268,130.43996779996223,20.89524055614633,261.3023126385148,27.95142167142048,158.85103507220163,28.162610190715657,27.926575963268107,1057.0730761968177,3.726856222856064,257.19034793929694,4.633724570417706,24.5227139463929,23.243159976545652,124.43972928116398,34.684608580713764,19.77718368928951,15.031653432186124,18.932429612108805,64.1019270331243,74.23897595929279,267.0168255135608,304.7823019051689,53.194661154232215,80.15225449955774,36.03869967501814,150.86313990121346,360.42426531240994,51.5051529998708,70.93449677502709,25.740153645859213,580.4951252720605,73.86629033700719,4.285884656284473,38.75930471770307,73.61783325548345,448.9371006052414,216.48065513163257,13.143379612605719,2.5218393774659367,211.8841991234434,34.411305791037655,2.9317935619801037,39.86493873048369,13.180648174834278,82.98466522892835,42.523429502787685,0.6459884119617177,0.18634281114280318,2.161576609256517,0.13665139483805566,3.1305592271990936,0.3229942059808589,0.3478399141332326,0.5962969956569703,0.14907424891424256,1.4162053646853043,28.69679291599169,1.4658967809900518,6.646226930759981,8.373003647349957,7.664900965007305,24.150028324107293,1.9752337981137138,0.44722274674272766,2.5218393774659367,0.7826398067997734,1.4286282187614912,7.155563947883643,2.1491537551803304,41.219029824788066,21.354886156965247,6.720764055217102,0.5466055793522226,2.981484978284851,0.310571351904672,31.914312121724095,158.66469226105883,0.1739199570666163,1.3292453861519962,9.901014698720942,1.6149710299042943,13.019151071843849,4.263458208400831,0.485681486841713,94.0,804968.0
1474001390,3.2912781130005486,29.95063082830499,22.307551654781495,493.58200767964894,431.37685134393854,84.4029987200585,9.654415798134943,30.389467910038398,383.68988846224175,51.81934540135308,281.44084841835803,160.54123240080455,97.1292740903273,596.0870360212105,11.153775827390747,4.498080087767416,0.0,80.45346498445785,55.43975132565368,45.93161455476321,36.49661729749497,21.795575059425854,67.14207350521119,4.05924300603401,992.0643627719876,309.19729383799597,185.44523678917534,32.76650210276102,13.384530992868898,7.240811848601207,26.257085390382155,29.658072773816055,23.075516547814956,150.59425854818065,1802.7061620040226,45.52934722984092,49.954287803986105,6.363137685134394,229.1095264216493,54.37922837813129,6.4728469555677455,20.51563357103675,112.41543243737429,359.51727921009325,201.9016273541781,30.20661912598281,131.02943865423296,148.3269336258914,103.27299323459499,174.9131468275736,51.087950265130736,1.426220515633571,267.65405010056685,64.21649296032182,53.02614737611995,12.653135856646553,43.62771987566283,55.84201865057597,54.15980983726458,51.014810751508506,0.8411044066556957,308.68531724264034,97.67782044249405,38.21539586761748,24.062899981715123,997.4401170232218,39.56847686962882,151.80106052294752,155.09233863594807,38.544523678917535,222.60010970927044,14.189065642713476,170.81733406472847,20.625342841470104,30.938014262205158,897.641250685683,2.815871274456025,209.43499725726824,6.363137685134394,24.026330224904004,22.819528250137136,127.44560248674347,28.487840555860302,25.891387822270982,14.591332967635765,10.495520204790639,53.391844944231124,74.52916438105687,304.3700859389285,225.63539952459317,21.649296032181386,74.23660632656792,20.80819162552569,134.94240263302248,464.69189979886636,39.67818614006217,57.56079722069848,15.139879319802523,547.6686780032912,43.700859389285064,2.1576156518559153,24.20917900895959,51.89248491497531,471.93271164746756,309.56299140610713,5.266044980800878,1.243371731577985,228.85353812397148,39.56847686962882,1.9747668678003292,42.78661546900713,8.337904552934724,55.183763027975864,30.279758639605046,0.2925580544889376,0.32912781130005486,1.791918083744743,0.18284878405558602,2.5964527335893215,0.10970927043335162,0.0731395136222344,0.32912781130005486,0.10970927043335162,0.6216858657889925,23.29493508868166,0.5119765953556409,5.741451819345401,4.9369171695008225,8.886450905101482,20.076796489303344,1.206801974766868,0.2925580544889376,1.57249954287804,0.1462790272444688,0.8411044066556957,4.05924300603401,0.5485463521667581,33.64417626622783,19.23569208264765,5.485463521667581,0.6948253794112269,3.4009873834339,0.21941854086670323,29.036386908027062,137.75827390747853,0.1462790272444688,0.8776741634668129,11.812031449990858,1.206801974766868,14.042786615469007,4.046235052843298,0.4542411321996709,21.0,273450.0
1476110521,3.3662767766505666,37.02500339456482,22.594061774613827,423.0840106298373,418.46901893843875,87.59997801615167,9.488616892647697,37.00479765160773,325.32862620345406,44.06468424081366,252.06664338965078,120.0140308679094,81.78880634169366,644.6076529655564,13.02058076154637,6.013229104028864,0.004041148591417247,69.67748401321617,40.839847664862695,54.995991180597315,34.543738159434625,27.710155891348062,32.551451903865924,4.489716085064561,1094.0682404515742,355.26949611726445,201.5805740370751,33.387969662289294,14.451147362908076,5.645484582209894,32.89494953413639,31.234037463063903,22.468786168279895,162.74513607355536,1971.785508764443,60.116126445922966,59.08159240652015,5.423221409681945,193.80944529577974,40.30641605079562,11.307133758785458,23.48715561331704,134.37223181321488,241.44650489140625,209.88109324384615,31.10067955954713,123.47729521075398,142.72932710026575,93.6536186060947,153.98392592736278,47.78254094491753,0.8648057985632909,257.1706140606108,61.89423182614655,53.12493938277113,9.027925953226129,44.4728402485468,58.984604840326135,76.37366722919455,49.75866260612056,4.465469193516058,311.1320712018053,118.26421352782573,45.40634557316419,31.597740836291454,883.0596667507226,27.576797987831295,180.21098028566072,155.45490401463866,28.906335874407567,254.62064929942647,26.26342469562069,183.43177571302024,22.56173258588249,28.736607633568042,1013.5200667274455,3.6249102865012706,249.7470240981773,7.229614830045455,34.22044627212125,27.467686975863028,138.91852397855928,27.72632048571373,16.41514557833686,12.252762529177092,12.531601781984882,53.484601607407264,81.41297952269186,276.19634162900314,237.06994096690138,34.64476687422006,69.34206868012853,20.436088426797017,124.35018330650011,537.1454296225891,43.967696674619646,67.75793843229297,18.45188446841115,575.896003465689,64.96550475562366,6.1869984934598055,30.235873760983843,65.53934785560492,375.81873670462113,297.30730187056685,11.703166320744348,2.303454697107831,221.68528827937592,37.52610581990056,2.404483411893262,42.23404392890165,12.21235104326292,57.52575019882451,47.887610808294376,0.49302012815290414,0.49302012815290414,1.9357101752888612,0.16972824083952437,3.091478672434194,0.3354153330876315,0.2828804013992073,0.4202794535073937,0.2869215499906245,1.325496737984857,28.15468223640396,1.3376201837591088,9.925060940520758,5.839459714597922,6.635565987107119,23.737706825984908,1.9033809865575233,0.3677445218189695,2.452977194990269,0.8850115415203771,1.5679656534698918,7.1770798983570305,2.549964761184283,41.29245630710143,20.751298016927564,6.930569834280578,1.1557684971453326,2.0892738217627165,0.638501477443925,31.565411647560115,167.12169999806025,0.25055121266786934,1.6568709224810712,10.102871478543117,1.0789866739084049,13.089280287600463,4.232140396776132,0.4901649835686899,217.0,2474544.0
1480605295,4.84403150110947,29.58585393754553,30.275196881934185,327.10254255761134,410.4757770478609,105.69304117613085,7.247416361275322,26.344079009879962,243.93424786163956,24.033848601658523,271.6942745410746,45.552527000817896,46.31639350676208,700.3538006084849,10.619607521663069,6.837536772719905,0.0,68.02138080981028,38.86403735120905,14.289892928272936,25.7665214078246,32.06376235926691,35.901725779376726,3.297667598832216,1264.4785306934605,400.6386669225309,132.33521443223293,23.251351205325452,16.749170459605434,10.358775056218711,24.61140620371388,31.355788524489373,35.044704821488125,301.0192960131758,2473.567424260773,62.05949588536786,79.8706270971396,4.620460816442878,142.93619106350712,52.315540211982274,10.973594439051837,46.55859508181756,147.81748434539435,129.95046046245596,152.32615981950394,12.724898135606798,45.08675474109583,124.7710729343466,106.6059548051861,184.83706354810403,21.77951086460373,0.2980942462221212,242.0711588227513,61.94771054303456,66.25144622286643,7.806343072941799,31.411681195656023,78.380155866029,66.38186245558862,65.0031765668113,6.669858759219962,193.42590401737888,129.89456779128932,53.60107164881517,19.935052716104355,789.2045168730659,29.325021472101174,151.7113404366708,78.99497524886212,27.85318113137945,244.97757772341697,31.5420974283782,161.41803432927864,36.050772902487786,29.399545033656704,1172.0506834742139,3.7448089681653975,261.05603612902263,4.9744477338316475,16.152981967161193,12.687636354829033,93.21034461557953,32.417749276655684,33.6846498230997,18.556366827327043,20.680288331659657,50.3592967211496,98.46425570524441,230.87399369903287,356.353040468157,32.715843522877805,66.17692266131091,29.73490106065659,66.86626560569957,620.7440059767896,60.40134664075731,150.03456030167138,41.06248241709719,651.3918206665014,80.16872134336172,3.875225200887576,30.778230922434012,66.67995670181074,277.7679448078503,182.58272581104924,17.2149427193275,0.9129136290552462,204.08277331981972,40.2054614592086,2.142552394721496,43.26092748298534,13.004361491440038,77.16914799075163,39.60927296676436,0.8942827386663637,0.2794633558332386,2.7946335583323862,0.4098795885554167,4.378259241387405,0.1490471231110606,0.2235706846665909,0.2794633558332386,0.4471413693331818,1.099222532944072,26.77258948882426,1.360054998388428,9.091874509774696,5.756945130164715,5.086233076164943,21.295107714492783,1.7885654773327273,1.1178534233329545,2.682848215999091,0.8570209578885984,1.9189817100549051,8.365269784608277,2.3847539697769697,38.11880173565375,17.922916554105036,5.3843273223870645,0.7638665059441856,2.943680681443447,0.3539869173887689,27.368777981268504,144.14719893878447,0.13041623272217803,1.3041623272217802,4.99307862422053,1.136484313721837,7.564141497886325,4.494028059984014,0.5225363384338501,312.0,536743.0
1482179882,3.985782361147199,50.25743613288296,21.978562545249982,386.576742707658,457.4315921182415,100.0292627059426,10.210413991609675,37.46130890065564,250.80157110459146,36.47116992802888,239.55687181673474,69.03854352449112,77.3443589827678,697.9407632016428,15.116962531123159,9.100449283442101,0.0,74.55683397702877,43.43998244237643,26.721139025602344,30.360057415447177,32.510614037521854,39.64339861103053,4.5849110388512875,1209.1425774894112,380.10615298845386,197.245773935506,32.44124124326138,14.719645618540447,11.301458846797122,32.447547860921425,37.751413313017615,30.19608535628606,139.8429399937943,1999.412223234084,55.006319230895365,72.05310676599169,3.960555890507027,174.2833790352893,35.49995080838225,7.78867281015315,23.391244901099622,122.20963701631396,249.61592698450337,190.7688775986418,24.50751622692724,109.43242963706676,117.84545759556418,76.37944648078121,180.06024081188872,43.484128765996736,0.7252610309049492,247.8185409513911,57.31454129447111,49.47541554303762,8.86710443002051,41.43447802648275,67.99164499292398,97.38048328872452,53.07649422692219,1.6144941209710173,261.2453299496227,108.7197818414819,42.82193391169222,20.47758754215974,853.0141848444409,18.497309596906227,173.23648050372216,141.65924587988667,19.33608974569195,240.2253732886993,22.230827251651704,165.3721282816485,33.822390510810806,33.1475824211862,1114.6631383243064,4.6795103037519326,257.0009762644138,6.306617660043036,29.313158883880032,28.80862947107659,136.19140836862937,31.520475064895095,21.429886808826236,14.16466326445666,14.99713679558234,58.462345708598946,100.45811270682553,289.4800572136354,291.17653736418697,47.785242010146085,58.323600120078,22.363266222512607,122.82137892933814,498.1660355844595,45.54639274083081,82.24460090462124,25.264310346132405,566.3594923425048,85.10780532228078,4.830869127592966,29.748315502423,58.96687512140239,371.82556400081734,251.78540345955818,15.716091208827246,2.3460617695360093,212.52670852579027,35.695455955843585,2.566793387637516,40.60831111301711,13.161911056509817,66.23840528343202,61.7670133624615,0.870313237085939,0.3657838242824961,2.4911139757169996,0.523449265783572,4.250660302869006,0.5108360304634859,0.35317058896241005,0.44776985386305557,0.3657838242824961,1.6775602975714476,35.15939345473993,1.9550514746133412,10.34285296247058,6.016513247681057,10.916755169534495,29.231172854299473,2.6992323584984197,0.9649125019865845,3.5253992719640572,0.9396860313464124,1.734319856511835,9.86355002030731,2.100103680794331,47.19872656776209,21.902883133329464,7.378742662250352,0.5802088247239593,4.988534569094042,0.3847036772626252,35.235072866660445,162.8684010706114,0.18289191214124806,1.4316022088297693,7.5364081037514286,1.2171772083883061,10.368079433110752,4.2502899979566555,0.5081962451029114,165.0,1585636.0
1484862164,3.2156737297042,36.46942472099425,23.824457710959503,412.85956856935735,439.7629222211708,129.33596058343264,5.071943721243517,41.79817571926275,342.73164225741414,30.280927621381217,222.8668457060009,78.60535783721377,92.20497798575445,634.124160177398,14.395164430628958,3.251961714501209,0.005582766891847569,67.01832515318415,40.5476359354889,32.87970560953626,33.12255596933163,46.57702417868427,28.07015193220958,11.224152836059538,1057.6858928784272,340.92840855134733,193.9257821386631,43.46742301992517,14.076946717793646,11.056669829304111,31.869224802111848,38.91467661962348,34.52662184263129,148.61046327753638,2016.2944217272354,41.558116742913306,59.33085514311004,4.893295180704395,185.94800825021292,43.26365202837274,13.831304974552353,21.259176324155543,145.3166308113463,308.54836057863145,264.44171074958973,23.930530281904606,131.15594259017493,134.68145988237669,70.95975857882853,181.25010991072318,54.34544430869016,1.5045556773529198,217.54646885807014,61.85426577822514,41.6865203814258,10.361615351269089,54.29240802321761,53.33217211781983,56.8381497259001,51.67967311783295,4.611365452666092,271.82491996405815,82.21740801623915,33.940431318987294,37.683676519971094,955.8199367863305,23.50623999812419,147.85678974713696,162.52830113891235,25.898455611280873,270.3147815198134,24.204085859605136,181.41480153403268,33.178383638250104,25.457417026824917,984.2697168671857,4.1759096351019815,217.48226703881392,8.12013444419229,30.62426778522984,39.6795156838066,124.64364501083476,25.99057126499636,21.01353458091425,13.479590660365956,10.816610852954666,68.60103956702294,120.01832264093905,334.53893184362784,224.25974604551686,33.546846253112044,53.6224759961959,22.350607251511743,131.5020741374695,662.0491601704196,44.7849560064012,79.35065721727543,19.137724905253467,523.0968836157795,64.60377847246008,4.128456116521278,27.11270741025772,46.4514119236177,453.8649913899778,289.76793275445624,9.680517790463686,2.0795806672132193,190.3221061099755,28.0729433156555,1.9735080962681157,32.126032079136834,17.867645437358146,52.34681376140873,33.92089163486583,0.5415283885092143,0.19260545776874113,1.9232631942414875,0.2177279087820552,2.8751249493014983,0.284721111484226,0.24564174324129304,0.23168482601167412,0.15352608952580815,0.9155737702630014,22.928423624817967,1.1947121148553799,5.471111554010617,4.709063873273425,7.762837363114045,19.137724905253467,2.009796081065125,0.7927528986423549,2.74392992734308,0.5917732905358424,1.2254173327605415,7.363669530346944,1.4598935422181394,41.36271990169864,21.948648035298717,6.389476707719543,1.593879947622481,2.3391793276841315,0.26797281080868335,32.53915682913356,133.59840310535824,0.19818822466058872,1.3705692719485782,11.087375047209273,1.6022540979602524,14.258386641778692,4.126640152878488,0.5089016383187721,332.0,3582453.0
1485021241,3.881806579770583,38.04821030283513,24.624532800723447,434.90329639111263,481.4741323132206,86.59247862024546,7.698554948707022,35.38082365863523,293.2173562294863,41.149318352595984,245.8983508827857,89.997191653899,85.55154724689916,660.4384272828113,12.534548620711716,5.735965588543682,0.0,65.55699045053895,47.99127352532011,43.55647215345931,36.4976562779547,23.95226462210396,51.72127761314436,5.139598655897364,1112.6905798963624,362.8621709274373,197.65768754926805,38.15664065422537,13.391148396694609,9.758731625121577,30.82674890024516,30.59904516232566,18.628334368843188,143.78948897859692,1866.6068131126992,52.58872042426628,53.781454289558916,5.616692202014419,195.72762729452177,36.94222071865468,7.199775332311919,15.201935264911613,136.14514920558503,281.27917454142096,294.14985725144237,16.01516290033841,81.89744440504808,122.26606422763435,84.94433727911382,171.07056538838125,55.158519752214964,0.7481694245926542,249.51992461921972,57.94517978294412,47.56839515489818,10.224982136099609,45.93109684890556,68.46292386779737,68.8749592030803,47.44912176836891,0.5855238975072946,316.4106083918586,102.19560618530096,37.690390143247335,16.06937807603353,947.9957191697271,33.906170879727966,190.34948186556588,137.27282486004353,31.520703149142694,234.89267021667638,21.219819767069918,169.4115810121106,34.86035797196208,34.470008706957216,1016.4911721429415,3.7842192635193674,236.57334066322508,5.4974188154851555,30.566516056908586,28.473810275076957,131.4392719552486,36.05309183725472,18.790979895928547,18.21629903356028,18.14039778758711,61.30652067604156,73.1796441532728,337.6846433346237,295.4618645032643,48.95630365269325,74.4374362293996,29.287037910503756,137.7499184061606,372.6209025525589,50.2466248342371,67.97498728654129,19.83191126927485,552.9622629848056,63.13899361453661,3.0902650146218327,35.608527396554734,58.2054126262807,417.424323747006,220.17867153302083,12.079141144872708,2.114391852109675,212.25241284639432,34.87120100710111,1.8758450790511476,38.86143793826193,12.827310569465363,66.82562556180476,43.415512696651994,0.44456444069998297,0.3036049838926713,1.6372983059926203,0.15180249194633566,2.53727022253161,0.2710758784755994,0.32529105417071924,0.7806985300097262,0.10843035139023975,1.4854958140462846,25.188370627952693,1.1059895841804455,6.635937505082673,5.519104885763204,7.904572616348478,21.165604591374798,1.5939261654365244,0.6072099677853426,2.8517182415633053,0.7047972840365584,1.4095945680731168,7.167246226894847,1.2144199355706853,39.793938960217986,19.77769609357973,5.714279518265635,0.4770935461170549,5.172127761314436,0.2710758784755994,31.412272797752454,177.16435113651272,0.2602328433365754,2.190293098082843,9.32501021956062,1.4095945680731168,13.185130729053153,4.182399619734757,0.48147196294718037,93.0,922251.0
1485186805,2.3491164874456616,29.761683063482014,19.348951543819137,468.1632196995898,388.9104675353698,127.10236614292631,9.396465949782646,43.45466444613526,388.32784408038606,41.355623779550186,254.00254332430578,83.9030982797976,88.57206706288609,693.204854663382,14.411284272359172,3.4132689166396193,0.0,62.36199273183891,34.454595276227366,50.265239992976596,41.29709539594452,28.463417099865385,30.849778922332835,4.0890057091777825,1061.3350856376667,383.581724246181,210.7048413614766,39.75141399254029,9.893957210430822,7.5554822472771,37.76144894994759,30.51457090713674,31.48294961770324,114.42831071122627,1908.4669288028817,56.71400371389198,48.440218576908954,5.687894734041704,209.8295759884646,48.3976524797412,10.68143000803435,25.45452610631947,129.3051616713578,301.860138446231,245.4041916964186,27.10130199049712,111.81049573540913,121.84279276163518,97.42315489270683,157.9042582059454,47.40533033951783,1.0003032834423202,265.229351452302,55.03530325683851,54.694774479496445,9.031993742783717,41.17205748551422,53.94188663584172,55.07520897293328,51.84550635032962,2.4315883007081935,238.2690496586731,96.10360588050632,38.301506307763525,36.02422010928846,954.4728986980095,25.217752190823813,170.17925647669773,175.82724549464464,25.43324305773559,226.15899501444588,23.970033467593897,208.18013972321395,25.191148380093964,29.333361710731445,985.2215831395689,3.7059108346679577,269.5657726012674,8.212596372304368,29.02209712519221,37.15222168423405,147.68573450461045,28.245265851880625,16.906721718819004,16.41987198246277,9.17033355857893,57.20085345024821,90.46093762470537,264.6334260919534,234.21196852237114,35.89386143671219,68.11905737377822,34.28167050648335,173.88782769243866,450.55681775857573,29.32538056751249,67.69339640210063,22.34454063200013,594.3238109426794,74.89504796667075,3.6660051185731843,24.826676173095034,62.40189844793368,431.16530011758886,260.75459048754146,11.003336117865523,2.0484934261983687,237.30865209132557,25.063450088590688,2.6151545947441512,29.72709810953321,13.206131646297015,52.69150753153882,34.64348233240929,0.3724533502178852,0.2394342965686405,1.00562404558829,0.08513219433551662,1.7026438867103324,0.2926419180283384,0.3325476341231118,0.36181182592594563,0.1862266751089426,1.1732280531863384,20.093858244254907,0.678397173611148,7.8348222599405135,4.780704788153855,3.924062082652719,17.217986304358238,1.585587119498997,0.1942078183278973,1.6015494059369064,1.0003032834423202,1.359454728295281,5.741102355501402,1.3222093932734924,39.629036463182985,23.29163629398275,4.809968979956689,0.8672842297930755,3.096683568954417,0.5001516417211601,32.56572471440809,156.395822137563,0.39639677987474925,1.9473989454249427,10.68143000803435,0.7582086058006949,13.783434339134738,4.142987633990093,0.46616099990422627,339.0,3758860.0
1485351658,3.429729302001356,33.16952005602665,30.1110740343502,358.55290485076966,395.63482247322,145.9514574957221,4.0562698375496415,32.95139112883576,303.4359018865368,35.00737229363495,254.18981579244152,46.86987310001582,63.78182651881548,686.5631188538114,12.075988692567698,4.6874514141019885,0.0,44.2894543017577,25.3772122102076,29.308173940647585,30.194612772423305,53.75717795004291,20.717607042129977,17.28787774012862,1148.0125438056257,350.69098138988966,151.37683442946988,38.413896390616,9.28208200812275,5.2072480065568625,31.285257408377728,20.35560584381319,33.64754727944497,186.1614367549099,2222.6548703780454,51.45522161202847,58.73701494740076,6.223635986446304,166.21424251945407,61.47058809879291,13.106299795469322,24.8481335357446,195.74518642829662,187.4934155230755,266.1265732548874,14.331534620541525,71.10074818222026,153.6323803574437,100.22792152370945,154.20322840094323,38.07045935631546,0.5290786744629967,226.76126345843878,87.86418828888995,43.29627152688857,9.365620746195855,33.38764898321753,54.63433469981051,48.04405647404335,79.30610867740077,16.698465532612826,215.3303794654356,101.0401036994202,40.42346714537457,67.62924951118235,858.035660830867,33.670752484465275,141.2686471226242,118.39295601360567,25.094108708959855,304.5265465224912,28.133990566620056,142.24790677448115,21.488019848804168,24.523260665460306,1076.9906933204745,3.7963715413222046,241.26915763713464,4.418271035866429,20.86612035425994,22.982435052111928,106.37265981308671,24.017387196017616,22.119201425356515,13.23624894358304,14.387227112590262,52.90322640529561,107.76033107330106,231.40230446250015,242.48046933919466,27.521373154083953,78.80023520795808,27.553860441112384,132.71520855213907,681.5461535284211,55.59503018765121,88.97339708886062,22.903537355042886,593.904735207726,73.48160221730375,4.998401161374101,26.43536955913359,57.67885759847477,383.2386019513721,239.0646631602055,8.753003333659754,3.021317693643955,201.2262558540931,25.776341736556876,2.1580840668885393,30.955743497089372,15.524282158585299,53.627228801929185,28.259298673729713,0.4223347313695851,0.10674394309341162,1.944596180701716,0.1299491481137185,2.6036240032784312,0.14387227112590262,0.185641640162455,0.19028268116651637,0.33879599329648036,0.8585925857513543,19.30208953589126,1.5686718593727447,4.822041603219769,5.235094252581231,4.214065231687728,15.839872946861473,1.707903089494586,0.2413341322111915,1.0581573489259934,0.8400284217351088,1.5872360233889902,5.43465901575587,1.4526458342712103,40.83187875373198,24.91310810980146,7.035818162157044,0.4408988953858306,1.3459018911777987,0.20884684518276186,33.9445739037049,131.11869044674197,0.074256656064982,1.0720804719381776,8.377079012330782,0.6265405355482856,10.149956675882228,4.223138231828352,0.4905172086087598,225.0,2154689.0
1490993194,2.8518118661299194,37.20847300289176,20.01559237396936,398.8568414252393,412.6926262674095,119.54594287434594,11.473384103344582,47.01256834229573,286.14678153983556,44.253347770520676,268.0200515707055,88.90616083954379,78.60207251062353,727.4315995040281,13.841075773276195,12.745853034335761,0.0,70.62863933389293,43.92266457639615,36.24552354160114,32.98101904920381,35.73759415542586,38.67406091925166,6.952283473274052,1117.7621054519607,383.50785028675523,194.89144728923114,36.898953533191204,14.362232487216449,11.436347585602636,30.221798477428756,35.401620030195346,28.552509713488146,211.87269067391384,2080.4628929806013,54.45426294287408,55.48334904298961,4.436445732374652,183.28578990823672,42.0734841548518,7.251221080762624,25.631915742980322,115.09891527975931,253.8959109832587,224.72436233036944,20.105538202771232,61.06528135981162,98.97215726869437,74.70001081995412,164.54795739636455,40.27456757881437,0.640202663825084,250.37744179777374,56.09709705128473,50.27178190358707,8.89670065472627,40.23488559551943,59.903921982046285,75.32434069046121,47.63689821280283,3.4470416155540677,260.7423758344129,103.52500348540087,47.88292650923148,29.486359053695807,846.6918320986505,23.721889613717057,162.7622681480921,156.42108721756017,28.38849084920238,231.79833721908133,25.248323237795873,163.65908097055782,27.93347077408703,32.16092472777498,1030.9167622782008,2.8147753483879723,263.8851889113724,5.206276208296551,27.45728697454771,23.303906056343653,137.80759158667883,39.449182326279555,19.92564654516749,10.994554838252268,20.592303864522535,62.69753360601029,99.69172389910935,259.30853350468897,316.0881606686467,53.06010259644508,86.76862467272284,27.16364029816513,119.03272255706467,442.3006767365431,52.91989292213628,73.92753487847922,24.086963860030533,562.634968345682,93.41667960740233,3.759206550807621,22.66370339251857,58.89070867524873,368.994826263018,180.14297683127722,16.182312787677844,1.4867516407838726,216.61336494488305,33.47043017650811,2.7195385884801087,37.67672040577209,11.269683255763875,57.76109488411935,47.51520679736501,0.3968198329494322,0.3439105218895079,1.5105608307608385,0.19047351981572744,2.441764705415506,0.46031100622134136,0.4708928684333262,0.9179765468896864,0.1984099164747161,2.04759033801907,27.994316481805942,0.8571308391707735,9.605685422929255,5.3094493648634025,7.732695811407935,23.504961438371367,1.3703511564520392,0.7698304759218985,3.5607966343329047,0.4259199540323905,1.3756420875580315,7.502540308297265,2.579328914171309,36.14764131614027,17.11351666233251,5.042257344010785,0.5608386972351975,3.0951946970055713,0.2539646930876366,26.065772093671704,151.19629275039264,0.16401886428576531,1.7539436616364903,8.528980942859796,1.1190319289173989,11.56597539769945,4.274534445204869,0.4842871848622228,332.0,3780053.0
1493858530,3.6063294336370286,15.814036650028077,30.29143134390669,475.56245285950246,341.3818273978619,74.63062246721539,7.208319120663183,49.61198325552168,428.59771503661443,51.09183684983001,276.35072443390175,91.15203781481607,91.58601247590356,547.272425857599,16.521415347600684,0.9287057747272253,0.0,47.69815500012585,29.20649469118797,72.7775506643718,43.23689548414647,38.52827041134722,24.480510631945222,2.933668708951422,942.0504955556655,266.5385573467136,187.62460497456473,43.19349801803772,14.720420504087608,9.78178886091199,29.840097696375704,21.698733054374422,18.235615258896264,146.00209522966372,1791.764202471746,39.80415591494444,36.892185939047394,8.701191954804143,198.56510618058033,52.02054262455724,4.09672080066589,14.911369354966101,154.50365884036762,369.0129940693023,431.6702556371139,18.422224363163885,80.01190826470024,112.79001441663824,112.54698860642925,173.30344115867763,57.58843752630971,0.7073786975726062,258.8355071124107,75.21214851307262,51.543170497361,12.58092542492629,39.270367081806825,53.552473178196074,35.759512073609045,60.70871533952876,5.376946050873982,287.7121810611722,113.57984829981747,44.00503063427133,57.01559097367423,1000.133664195615,56.78558440329786,187.32082271180352,187.16025208720114,37.634282609507,300.7053824141316,29.9789695879237,179.62645197072234,23.925023065753237,27.77437830959926,874.6195127158916,2.812155803846925,162.8880492925779,20.153783260902962,25.2095880625722,19.754526572702474,127.92705059536983,24.259183554790603,18.279012725005014,13.596426131871013,12.324880374884671,67.69570738303732,78.46261872461791,338.62174855334547,191.84717842694602,30.686348285496308,77.29088713968169,23.22632386140238,134.17194596841878,409.7718942386392,46.48302594908088,68.0602460983508,17.923153502913273,601.727566330857,39.218290122476326,3.0725406004994182,31.03786776097717,48.50534786974858,523.5166529096699,211.22414704450236,7.190960134219683,1.1673918383253439,234.59368254406363,21.698733054374422,1.380039422258213,24.24616431495798,11.404854093379196,52.992645865393214,21.607598375546047,0.1952885974893698,0.04773721271962373,1.2151290510449675,0.06943594577399814,1.5275908070279594,0.10415391866099723,0.12151290510449676,0.18226935765674515,0.06943594577399814,0.4773721271962373,13.47925297337739,0.6856799645182317,4.018605361670143,4.4525800227576315,2.317424690207188,11.474290039153194,2.1177963461069433,0.0564167059413735,1.7315588977390788,0.4426541543092382,0.750776163681355,5.099202267777989,0.9634237476142243,33.21208081302549,17.111620886679667,7.867960605516165,1.0675776662752214,0.8809685620076015,0.2213270771546191,27.149454797633275,162.9618249849628,0.21698733054374422,1.757597377404328,21.833265199311544,0.5511478195811103,24.358997726840727,3.9894916999308245,0.4815259137119501,288.0,2304282.0
1495251160,4.144528611994825,32.53582093195447,31.513673384701757,334.2269920180956,409.07768728184016,124.66131827538791,4.673400974752447,30.989886333124495,284.7418289219954,31.35094342693018,237.49928805643475,59.88462445993995,61.033904786701704,707.265078964712,12.204746832868198,3.8902630529767377,0.0,68.97716085042676,33.313873542549814,24.51119988934363,32.87145146985834,41.66903981188417,18.7851395002563,12.036931563916259,1151.1873184543908,409.0268341700365,167.55591808173926,30.96445977722269,11.706386337192745,7.872061707199987,31.472990895258864,20.061552606527098,28.32518327461494,204.91769932385702,2200.4141477425287,55.60787775725572,68.15842575038852,8.319569091071822,171.79706760616097,42.65050486969399,9.697688420949854,22.629634752609782,190.79579017599244,192.49936942141363,228.36606917650505,13.511671806221166,70.67565478466759,139.6324743903729,90.08120224892802,185.63419932792527,38.21611352041854,1.0679153478759673,227.48631034230246,79.7936177310562,42.99122071877822,10.038404270034093,33.680015947535864,74.50489410347998,56.97074115359267,71.42828083936112,13.450648072056826,237.24502249741667,106.90849694474504,39.94003401056118,42.80306420510484,831.8043497717713,23.946730348323474,153.9628812966323,109.09009544112023,19.761519246885754,295.98036663059486,25.68082146082683,124.66640358656826,30.954289154861964,28.9557618609798,1075.1822575527042,4.668315663572085,266.2414668478394,3.885177741796376,22.1617861240165,45.381316973548245,117.26219050796156,26.758907431063523,24.119630928455773,14.432113129866643,16.857806562899196,50.54290782161542,90.0557756930262,249.6328405327779,253.19764367021148,33.52237130094465,70.10609993246707,30.410160858563255,130.7128385800184,577.3608048623711,57.50978413871102,97.30742943622207,24.206081218521923,617.9670146375597,85.14336509279676,10.302840451412903,28.971017794520883,63.92744684832754,383.2951595974061,223.81980098126164,11.274134886861997,2.446034677754001,199.8018762764131,27.445424440412356,1.8561385808320383,31.747597698998398,15.510199100103334,72.96404481583038,32.6121005996599,0.6458345199059421,0.20341244721446994,2.868115505724026,0.11696215714832021,3.8343246299927585,0.17290058013229945,0.43225145033074863,0.39156896088785464,0.4932751844950896,1.4899961758459923,24.28744619740771,1.1950481273850109,4.520841639341595,8.05513290969301,5.192102715149345,18.963125391568962,1.6883233118801007,0.7424554323328153,3.427499735563819,1.1035125261384995,2.6545324361488327,9.616323442064067,2.7562386597560677,45.7728859344361,22.456734172477482,7.2160565649333215,0.5034458068558131,3.061357330577773,0.16272995777157595,33.40032383261597,142.59721080852378,0.5593842298397923,1.5662758435514186,8.283971912809289,0.9560385019080088,11.365670488108508,4.300733985185471,0.513077586694385,225.0,1966448.0
1495601614,3.2209266135394725,27.046132837286507,24.601284671204112,387.1626169847784,426.8873785517652,143.1723995943482,5.191281221072983,40.97533357299279,263.0905936879489,34.32036035775206,230.51138342216012,54.49035772793183,73.82798080472499,691.6829321450084,13.161164551953426,6.075930228537008,0.0,48.58733616903552,36.01727799934214,20.636448665024435,34.24395885256198,30.894356019755016,18.90736196861748,8.6936870642601,1081.1657422084538,358.2908902866343,195.59589555029592,30.057960594516302,10.836950341434305,7.599939200486396,28.20823994254607,28.50580369960215,35.06829088224437,189.23044382840703,2206.3749415930597,56.404416489535805,65.616829562718,4.929907650685885,170.2024479042263,41.92432069009056,5.589373274431794,24.91091182381652,136.0429328205586,218.98681953401515,247.92288434179298,25.739264985351017,90.21007197021788,137.16482860729707,92.45386354369482,155.9274298292386,40.7179811344578,0.5066626133657598,212.60930441656996,74.81717924034386,44.94821184287669,7.7929535293876375,41.252791670788326,59.68566008085692,54.936703363515946,78.74582505985455,9.04754666724571,311.36428157251993,114.47760269769694,41.208559220415125,59.64142763048372,825.5423903698718,27.60507016472969,152.79898924829766,131.97354738622408,26.79682266245574,293.9085482025138,30.504306230100422,172.0883587428655,22.99283193036043,30.102193044889503,1011.1457732676763,3.6712933809757033,249.4991680278198,5.637626856657104,23.181825127409564,25.783497435724218,137.16482860729707,31.37287071015601,18.774664617497876,14.653004469085941,14.733427106128124,48.494850136437,94.46845060160153,244.28778114748627,228.55711334203505,33.82576113994263,68.91415768144755,27.653323746955,129.17081848530398,687.726138402533,50.84721226992089,87.3349626959598,23.471346620761427,596.406234041133,72.13508429498701,6.160373997431301,27.7417886477014,61.334324140221696,355.02975235457376,253.11416556286596,9.900026619892861,3.0118277572297942,184.07535279400304,25.743286117203127,2.082946299392568,30.838060173825486,14.540412777226882,58.447151470407285,35.60712255042701,0.5991486459642714,0.2774580977955351,1.7934248060407052,0.22920451557022464,2.899236065370736,0.26539470223920747,0.32571168002084555,0.22920451557022464,0.373965262246156,1.1942761600764338,19.245137044194653,1.1299380504426864,5.617521197396559,4.998266892171741,3.405898678736496,15.151624818747482,2.8268556920327708,0.6916346785627832,1.7934248060407052,0.9771350400625366,1.4395652030550952,7.728615419753891,2.284002891998028,45.370430687348154,25.192391053464164,6.638888687832297,0.7318459970838752,2.416700243117632,0.3779863940982652,35.35781237559623,141.3267000742301,0.14073961482382216,1.7572346193717223,8.733898382781192,0.8404165570908237,11.47228917406756,4.26904525188772,0.5108373671317508,346.0,2486862.0
1506127536,7.449874599152671,33.82006564059784,22.88713278729587,423.89571465582765,424.63210197190546,91.89791199257807,7.912132330413226,46.22039803615716,325.8164492801142,57.58871317122779,265.8196958344128,103.47048054378709,90.40363700082884,630.3099169333607,13.652728341881518,5.482591696346121,0.005375089898378551,57.66933951970347,39.23278116826504,41.689197251824034,50.31621653872161,43.89298411015924,28.939484012870114,6.890865249721301,1102.0439316847574,350.63861443082635,184.85471669513672,43.31784949103274,11.75532160775389,9.207528995922457,36.185105195884404,30.460634454111243,28.423475382625774,118.09072506737675,1743.114778594672,52.718881723296825,55.6805562573034,7.213370643624015,189.9019261097142,51.60623811433246,7.111243935554822,14.582618894301007,157.91476612446343,260.7617362400386,267.4752235231134,19.98995933206983,60.819142200153294,167.77805608798806,106.23327675155367,161.032318265523,59.01311199429811,0.8116385746551611,268.5556165926875,72.472337099838,67.51112912363459,10.368548413972224,35.74434782421736,96.21948427087443,73.1227229775418,59.937627456819214,1.5641511604281582,258.54182411200827,100.92268793195566,34.00819378704109,27.880591302889542,938.775576021509,33.99744360724433,186.31136605759733,162.0589604361133,27.83759058370251,276.51612473218614,28.756730956325246,162.58571924615438,27.590336448377098,29.568369530980405,1007.9637331934376,3.5798098723201144,230.77948478688307,6.820989081042381,28.466476101812802,31.36364955703884,128.5076492904344,38.53401948147583,13.077593722755013,11.508067472428475,14.061235174158288,64.28070009470909,102.77709394689626,267.894480535187,284.58413466965237,50.05283713370106,47.68242248851612,32.21291376098265,154.88321542177792,319.41471721114533,59.99675344570138,58.51860372364728,18.447308531235183,520.3409527024339,69.65578999308764,3.1766781299417235,30.611136971265843,59.932252366920835,418.676502364502,248.5871576202112,12.222954428912823,1.5964016998184294,227.2158001842581,38.75439816730935,3.1605528602465878,43.511352727374366,13.01846773387285,94.69295873973492,44.779873943391706,0.3278804838010916,0.3063801242075774,2.1661612290465557,0.13437724745946375,2.9347990845146885,0.3547559332929843,0.3923815625816342,0.4998833605492052,0.13437724745946375,1.3813981038832874,28.133220528113334,0.9728912716065177,8.41201569096243,7.621877475900784,6.810238901245623,23.817023339715355,3.3271806470963226,0.6772613271956973,1.886656554330871,0.7202620463827257,2.1446608694530416,8.756021444458659,2.1930366785384487,52.21362327284924,29.81024857640744,7.320872441591586,0.7471374958746185,2.848797646140632,0.537508989837855,41.26456514985213,172.74463915408984,0.15587760705297796,1.875906374534114,10.298672245293302,1.2362706766270666,13.566726903507462,4.193198730833774,0.45864816994314234,126.0,1860434.0
1507444393,4.375137257113657,62.41406743351202,41.05109254526173,281.74345801619995,419.611552755012,126.48590171835225,3.6402509209578473,37.36811567452739,256.71459663712596,48.40850109677513,245.9391121034925,39.26514784460401,89.04942452418246,661.5686063393346,10.997659472471243,1.8713966002107243,0.3759883580332049,56.25298547574063,21.49969792753508,16.355493574444413,63.96929200537663,74.28333628142387,15.3898871094955,1.3586852028927177,1026.3884011009623,362.0938791658869,153.6339702063407,49.09211629319914,21.730418056328183,9.784242498818628,37.44502238412509,18.261070934476336,36.79558794752228,203.33279498636614,2076.993870535245,66.63539127143027,47.912880079367724,4.332411307337156,151.4720371476498,42.905398765561856,3.7171576305555485,21.49969792753508,128.43420502816068,89.83558200007008,210.80983619725376,13.09123101151977,104.20859150488486,253.0487101463022,176.1761813084224,154.86447755990392,62.22607325449541,1.1365102640549147,225.13157456233674,92.66403987527441,59.320708669693374,6.921603863793091,48.69049236530003,55.32155977061292,52.518737465274484,100.77342514285421,17.953444096085533,230.38686638484631,108.31028268342891,50.08335832801395,68.7545983803447,879.6418539985934,35.342905655121264,151.03623245992947,128.59656363731136,25.94319670429114,364.64889096252165,41.46980685307144,124.65723106791802,33.35187639553634,27.130978108077855,976.3477687227248,1.9995744495402261,244.0591703133265,5.135659163135367,20.166648294508263,12.484522524693462,111.54036448653235,34.65929045869725,34.15512425133455,9.715880979176227,7.6821257698148,80.60677684834594,129.3399951634225,281.12820433941835,266.90900825379896,17.842356626666632,66.61830089151967,33.40314753526813,127.30623995406106,520.8635085353629,61.533912868116104,71.56596587563843,16.24440610502551,598.8298216875212,81.12803343561926,7.6821257698148,41.196360774501834,70.96780257876742,218.26978702823075,370.3485326627068,5.084388023403566,0.8032478557982105,197.10335150895236,26.19955240295014,0.8801545653959114,27.882954824144264,8.810090843914415,55.048113692043316,22.25167464360149,0.2563556986590033,0.35889797812260466,2.691734835919535,0.05127113973180067,3.3582596524329436,0.05127113973180067,0.025635569865900334,0.008545189955300113,0.11963265937420156,0.20508455892720268,30.173065732164694,0.33326240825670433,3.9051518095721507,17.81672105680073,4.554586246174959,26.60972152080455,1.4099563426245183,0.26490088861430344,1.7859447006577234,0.34180759821200446,0.3247172183014042,4.127326748409954,2.0935715390485274,30.258517631717694,13.783391397899079,9.31425705127712,0.230720128793103,0.5298017772286069,0.17944898906130233,24.037619344259213,135.13363395311595,0.034180759821200446,0.9399708950830122,13.168137721117471,1.7603091307918228,15.902598506813508,4.359644835244465,0.5031591073352765,87.0,1170249.0
1509826894,3.335379578473501,24.92326580724371,20.390832821772047,431.53263760998567,442.3061182729691,128.40188254552896,7.755269081235932,38.03969715571925,354.63474524248005,29.3329240843053,280.04910988336405,85.18518518518519,87.41559238796808,638.6331082463679,10.241456926539799,3.918559443421322,0.0,60.34376918354819,35.57397176181706,51.033353795784734,28.463269899733987,39.00143237159812,43.329240843053,10.865561694290976,1101.1663597298957,330.73460200532026,153.90832821772048,30.23327194597913,12.451401677921014,11.141804788213628,31.727030898301617,32.422754245958664,33.67096378146102,150.47063638223858,2078.442807448332,50.11254348270923,64.99897687742991,6.128504194802537,185.28749744219357,50.4194802537344,6.844689993861264,26.5500306936771,121.92551667689789,257.47902598731326,229.8854102721506,41.4671577655003,169.5416410886024,132.15674237773686,95.2731737262124,147.96398608553304,34.64293022304072,0.9821976672805403,224.14569265397995,60.8450992428893,45.508491917331696,7.417638633108246,59.11602209944751,50.50133005934111,66.963372211991,63.13689379987723,5.003069367710252,318.9379987722529,87.38489871086556,30.642520974012687,24.953959484346225,922.2631471250256,24.360548393697567,156.88561489666463,143.81010845099243,23.664825046040516,266.1039492531205,20.636382238592184,184.43830570902395,25.69060773480663,30.376509105790873,1024.1866175567834,4.051565377532229,209.3001841620626,5.964804583589114,32.04419889502763,28.320032739922244,100.70595457335789,27.76754655207694,18.40597503580929,17.873951299365665,10.937180274196848,53.82647841211377,105.0951503990178,309.402496419071,238.01923470431757,36.545938203396766,62.69695109474115,19.521178637200737,122.37569060773481,675.0153468385513,46.44976468180888,80.31512175158583,21.413955391855943,552.6601186822181,60.25168815224064,7.213014119091467,24.145692653979946,56.241047677511766,379.4045426642112,343.1655412318396,9.709433190096174,1.350521792510743,195.61080417434007,27.122979332924086,2.6191937794147737,31.0926949048496,13.48475547370575,49.24288929813792,41.97871905054225,0.5627174135461428,0.3683241252302026,1.3198281154082259,0.255780642520974,2.5066502967055455,0.255780642520974,0.27624309392265195,0.3887865766318805,0.255780642520974,1.1765909555964804,24.83118477593616,0.9617352158788622,7.0493145078780435,5.934110906486597,7.202782893390628,21.147943523634133,1.810926949048496,0.5729486392469818,1.9234704317577245,0.6445672191528545,1.3914466953140987,6.343359934520156,1.3607530182115817,36.08553304685901,19.08123593206466,4.52220175977082,0.5422549621444649,3.9390218948229996,0.29670554532432986,28.381420094127275,142.33681195007162,0.1330059341109065,3.2126048700634335,10.03683241252302,1.1663597298956414,14.548802946593002,4.153225470329446,0.4946292668303662,110.0,977400.0
1510240831,4.1403658565508925,25.465621749457043,25.95352083566271,364.63680317676517,421.19243891943904,131.71920052313624,9.669888833548484,30.90027545969242,288.33480719515626,33.44141653368028,249.50617158462168,46.025147132068184,69.21390647923211,620.3907936152983,11.31654824949262,3.062922041180038,0.0,52.388164381333794,27.417218094279722,27.783142408933973,33.89543373889945,30.717313302365294,19.14326275737524,5.319455314881261,1079.3886353394796,335.95240273359013,160.7763016571628,31.096790369414148,14.6844072195512,8.057111298590852,35.05419406863791,24.686338486767433,27.89834080428809,197.2128764700501,2227.1170246287393,55.64760133223556,52.92349810092057,6.417228258844018,160.8305126667412,59.50335938849981,9.751205347916095,34.2749108059483,162.59914685423675,223.7898239158645,255.1983275903545,22.15875016517417,112.5149503799853,128.05995737659373,110.72598706389783,141.33487834710633,44.57500262584578,0.4811227100083688,251.74915210592832,73.95059344114547,51.561446485263076,11.004834944416775,37.41237298529865,58.26328254439373,59.469477507513304,64.74149818901346,9.602125071575474,266.5284285922417,121.6088472367632,42.31169297594725,62.403648400944626,855.7275625713637,32.357196342112125,179.77048413819742,125.94572800303581,27.75603690414477,302.82947588118304,35.08807594962442,174.830505890365,24.4627180722565,30.95448646927083,1002.1447230664457,3.625361265556019,228.94664620201056,6.200384220530387,21.582758188403588,23.263299485334226,115.24582998749759,26.021284597635724,14.40657579546186,11.174244349349298,14.508221438421375,53.8383088875562,83.30199259342082,264.35321183290813,225.35516681744105,30.41237637348675,74.87895698017572,23.649552928580384,137.40458015267177,690.5330636335607,48.38332604872892,79.58176206110258,27.2478086893472,609.2165492659491,71.49754525772252,6.186831468135785,26.475301802854887,62.06482959107958,386.38897077010125,262.7336579217532,10.672792510749026,2.0261364829929898,225.97181705139542,22.477239846447315,2.615681212158174,27.11905754159848,16.473370535638658,56.78603253338213,35.87413558851133,0.5827683529678833,0.25750229549743686,1.8702798304550676,0.08131651436761163,2.7918669932879996,0.3184896812731456,0.5624392243759805,0.2032912859190291,0.3523715622596504,1.4365917538278055,23.724093066750694,1.0096800533978445,8.009676665209746,6.078409448978969,4.397868152048329,19.49563431963489,1.545013772984621,0.47434633381106783,1.131654824949262,0.9012580342410289,1.3620516156574949,5.414324581643474,2.1074529973606015,43.91091775851028,25.37075248269483,8.246849832115279,0.6234266101516892,1.7415286827063492,0.4065825718380582,36.38914017950621,166.2651663769766,0.14230390014332037,1.5111318919981163,10.821872787089648,1.0300091819897474,13.505317761220832,4.255685949522774,0.5139443573454224,222.0,1475715.0
1515399733,8.068939364084885,27.99902578378214,24.12929425528987,368.1090191877957,418.95819591694874,108.90807029603123,8.598685583344261,39.246442463423286,285.0616088392679,41.51401469464329,254.19420108778863,55.35847991260479,70.73404091062083,650.5865001282374,14.419433675450334,6.260049834906529,0.006460319747065561,63.86026069974307,37.68950540438048,19.723356187791158,32.03672562569812,35.75140948026082,21.415959961522336,9.56127322565703,1201.9360286218007,327.2087348691236,168.36885324802265,40.91966527791327,12.016194729541944,7.8299075334434605,35.23458390049557,33.12205934320513,29.34277229117178,166.78607490999158,2049.1682015309666,55.82362293439351,66.54775371452234,7.429367709125396,151.57848222539926,45.33206366515904,13.76694138099671,25.188786693808623,172.92983898945096,207.17599396864549,196.76841885612288,18.302085843436736,106.13013280479304,141.53268501871233,100.83913093194634,157.34108743978175,46.01039723860093,0.37469854532980257,253.14762928876402,65.99862653602177,56.46965490910007,10.200844880616522,35.596361806331245,75.11413769913128,99.3080351518918,64.69364194711453,2.7585565319969945,220.923554390401,130.99590351124837,41.42357021818438,24.943294543420134,871.6586418728209,25.098342217349707,181.7158738454601,140.8801927242587,25.059580298867314,296.6126605470211,27.269009652363735,144.30416219020344,30.42164568893173,30.89970935021458,1114.9736645065511,4.192747515845549,218.19083913739226,6.880240530624823,26.63589831715131,20.001149936914977,115.20042172967308,30.11155034107258,16.80975198186459,11.69963906193573,12.578242547536648,60.76576754089867,98.21624111463773,270.46128621089974,265.0475382628588,39.45963301507645,66.35394412211038,23.205468531459495,126.44137808956717,532.5952202678319,56.6699248212591,81.36772721429074,25.466580442932443,559.1535947480185,89.52065073508749,4.8258588510579745,28.36726400936488,63.25299064351891,380.1058329580964,265.96490366694206,12.849575976913401,2.5970485383203554,221.3370148542132,31.145201500603072,2.267572231220012,36.00982227014344,16.27354544285815,73.6476451165474,57.238432959000875,0.5814287772359005,0.21319055165316353,4.793557252322646,0.29071438861795024,5.87889096982966,0.4005398243180648,0.35531758608860586,0.4199207835592615,0.21965087140022907,1.3954290653661612,39.61468068900602,2.752096212249929,9.942432090733899,10.375273513787292,9.270558837039081,32.3403606538102,3.236620193279846,0.7170954919242774,2.0996039177963075,0.9044447645891786,2.118984877037504,9.076749244627113,4.0118585629277135,48.206905952603215,22.98581766005927,8.753733257273835,0.8140002881302607,1.9639372031079305,0.6008097364770972,35.11829814504839,169.7125997554123,0.15504767392957347,1.5763180182839969,8.637447501826655,1.634460896007587,12.003274090047812,4.265323251595214,0.5055132970823258,192.0,1547911.0
1517313007,3.984907164115911,37.87218410271098,27.86321806159172,396.0157154776285,413.09166531760957,125.38448127716275,7.42500280188785,38.96180715539893,326.9336139372128,38.68161837042203,217.90904449397905,56.98728565557949,93.94107318531064,705.7332851823718,10.335852956925644,5.401417132610239,0.0,51.46134017409063,35.24152273265009,21.185385352975604,38.93067506817927,37.29624048914735,27.365104666077233,11.00519283214824,1136.570240215185,336.5067307572569,173.3278955954323,37.31180653275718,11.34764579156445,8.810380683162522,33.84057880776559,31.334445786583316,39.039637373448066,149.402886567127,2121.044668318743,51.134453258284246,75.02833019936989,6.366511836419561,175.78733048578508,49.188697807055775,7.860852022963027,24.454254511039437,144.17269591422487,284.5939753184812,214.3444205073285,16.219817441440544,102.0976800368604,153.09203890265618,83.99437131863068,154.8354357869569,42.77548783980673,1.7900950151301944,224.4934809409362,64.70804328605406,46.059923041480396,9.557550776434255,52.02171774404443,56.14671930064879,66.77832708616117,71.15238534052277,7.300474453009228,237.47556131153257,89.28682614597213,41.25001556604361,36.268881610898724,909.072512857552,25.82406634870428,149.9632641370808,153.37222768763309,31.17878535048504,259.672739499147,21.885857315417855,146.13401740906318,24.905669775724444,30.04246416696761,1059.4404941284884,5.6971719611969664,227.54442548846245,5.354719001780755,21.99481962068665,31.879257312927287,117.30570464366212,26.571236441976016,20.547177564972667,14.881137690995356,9.152833642578733,57.469833007484155,107.67032364917874,299.801999925283,244.27792236902732,37.59199531773408,63.80521275668406,16.484440182807617,122.67598968905271,719.4781016898497,45.188224599330034,87.34107069474366,18.928309029550576,545.5119983064145,58.54389001656227,6.148587225881972,27.069349837490506,57.50096509470381,428.76667123270613,271.40953638095715,11.300947660734966,2.2259442362053723,196.77035727183292,27.816519930762237,2.0702838001070942,32.112747967074704,14.663213080457766,55.22832272766895,38.26133519295668,1.0896230526879445,0.3580190030260389,2.2570763234250277,0.23349065414741665,3.9382090332864275,0.3113208721965555,0.10896230526879444,0.24905669775724443,0.2023585669277611,0.8716984421503555,27.707557625493443,1.5566043609827778,5.603775699538,6.226417443931111,9.510852645604771,22.89765015005666,3.144340809185211,0.3424529594162111,1.9613214948383,1.0584909654682888,2.5216990647921,9.028305293700111,1.6811327098614,42.448600924000345,23.551423981669426,4.436322428800916,0.6070757007832833,2.94198224225745,0.2023585669277611,31.739162920438837,137.66608968531688,0.09339626165896667,1.0740570090781167,10.164626477217539,0.9650947038093222,12.297174451763944,4.171848284777655,0.5027135737456883,51.0,642424.0
1529346075,3.110409036262477,31.52055898826665,23.598917997036374,422.69526845043384,456.34185608708214,107.97604402568476,7.674089710254331,30.1109728707095,306.16851194303877,34.70668959282765,246.7358179327313,69.32892051332233,73.02762788790412,673.3569584626425,12.523182449371394,3.5501766059962163,0.0029123680114817195,65.61856366669463,39.29949394693433,30.242029431226175,41.50706889963747,32.23408915107967,33.664061844717196,5.9674420555260435,1147.3535894353267,333.2418849777728,191.49402149094604,27.850975293799685,14.154108535801157,7.2983942367731895,24.711442577422392,32.461253855975244,28.97806171424311,141.54982246204602,1978.5754559603358,40.49938956766479,66.55052143036878,6.177132552352727,183.78207099654244,49.25688017819032,6.305276744857923,24.094020558988266,129.51009310258058,317.70731400452934,259.45704140688343,23.76201060567935,129.68483518326948,94.15103307518103,76.9185515512437,173.71110241283864,49.93837429287705,0.6057725463881977,251.15679257416053,61.3373826898165,48.25793795025209,9.715659686303017,42.62833058405793,64.67786879898603,64.57884828659566,54.99715752882079,1.9978844558764597,325.643516835817,108.44784764354479,37.03367163400155,24.021211358701223,860.0164490545288,24.900746498168704,182.59091247984642,139.03353650012582,25.771544533601737,257.93969767290145,17.876114854474796,170.16966291087687,29.7760505493891,29.781875285412067,1064.1763590274088,4.083139952097371,221.0720310155544,8.600222737905518,27.35004799582483,27.154919339055553,128.8868463481235,26.584095208805138,22.634924185235924,14.314288776432653,11.742667822294294,49.30347806637403,93.67340472129803,302.14653171918246,247.4842965116821,39.640241004277684,76.76710841464664,15.199648651923095,125.7647878398151,536.9940634290454,40.752765584663706,88.18650338766648,18.86631997837858,577.522576676825,59.22591588149225,5.850947335066775,30.014864726330604,46.67652212001752,447.2174071071099,247.59787886412988,9.782644150567096,1.9163381515549716,223.09903915154564,27.463630348272616,1.6775239746134705,31.05749247444106,14.85016449054529,63.56243185058853,42.49436165552977,0.4543294097911483,0.2795873291022451,1.4357974296604878,0.16600497665445801,2.3357191452083392,0.3669583694466967,0.2504636489874279,0.26502548904483647,0.15144313659704942,1.0338906440760105,21.997115590721428,1.007679331972675,5.6558186782975,4.720948546611868,7.243059244555036,18.627505801437078,1.8114929031416296,0.4019067855844773,1.8551784233138555,0.7135301628130213,1.4678334777867867,6.249941752639771,1.7095600227397694,42.176913542278264,23.907629006253437,6.812028778855742,0.4135562576304042,2.8395588111946766,0.24463891296446444,34.21741176689872,170.00365793422242,0.2533760169989096,1.5552045181312384,9.53509286959115,1.2435811409026942,12.587254545623992,4.106379211895742,0.49091682690515465,244.0,3433632.0
1531192509,5.150462788659343,41.18864247655937,21.30966329226015,429.6720872024554,420.9976235583975,70.11858112280089,9.623233105126669,37.89053911189154,319.22327406787167,54.20033794264614,256.1978741540139,71.72998322334635,96.18715155312054,640.9615401992114,12.318943161179366,8.328087491604144,0.0,69.68184597405492,46.45958392694174,23.372860374266963,36.35443617492297,29.92388760545648,28.41790433391866,2.801128885060345,1162.1221111475893,332.58134568641213,194.27184202837876,37.167667141553395,10.963558216795327,7.60521552126599,39.15556505998332,31.264212717125137,18.674192567068964,132.60182705890503,1839.7844636741775,60.1640316979359,63.17599824101154,6.2197109114511955,169.90503269489682,36.27913701134608,7.093181208943131,19.833799686153085,122.22560231800945,349.64413615293563,206.47030652783508,29.788349111018075,83.70255023207203,127.27064627766114,113.98787382269758,164.69433057537597,53.1160299871389,0.9337096283534483,246.77041887418716,54.8479107494074,57.3327831474448,12.062926005017935,43.793993536319796,81.97066946980352,99.18405826348081,42.845224075250975,0.7981711339150445,257.5833787638287,122.07500399085566,38.327274260637516,21.30966329226015,935.2457312904169,28.688981322795467,201.5457412299064,173.89588836447206,26.926980895096218,247.58364984081757,22.830706396513346,183.44382230602181,29.48715245671051,34.9538717323928,1066.5674725685146,4.096274498582869,211.60570948377907,17.15314946281577,29.592571285718158,23.854775021159064,133.70119484712762,37.87547927917617,14.12612308702475,11.159336042095244,15.586926860416435,55.73644087961471,79.86229288965058,302.28096226307116,275.85095584758244,46.35416509793409,54.09491911363848,18.342876247330643,140.96003421593994,420.89220472938985,48.10110569291796,63.28141707001919,17.258568291823416,534.8800785520874,75.75095855835234,3.3432828628139597,29.74316961287194,66.3837426093871,471.86973847094504,240.76154562075124,11.219575372956758,1.7017610968377364,211.59064965106367,34.215939929339264,3.222804201090934,39.14050522726794,10.075028086588015,80.37432720197344,60.932083166420185,0.6325129740458842,0.28613682159218573,2.364393736314377,0.3162564870229421,3.599300018975389,0.5120343123228587,0.24095732344605117,0.5722736431843715,0.15059832715378196,1.4758636061070634,37.25802613784566,1.8674192567068966,10.135267417449526,7.6353351866967465,12.544840651910038,32.18286251276321,4.17157366215976,0.7379318030535317,1.7770602604146273,0.91864979563807,1.822239758560762,9.427455279826752,3.0722058739371523,53.14614965256966,27.58961353457286,6.912463216358593,0.9337096283534483,4.789026803490267,0.42167531603058955,40.64648849880575,188.0822507823583,0.34637615245369857,1.6264619332608454,9.728651934134316,1.7620004276992491,13.463490447548109,4.200565702134581,0.4731425224918601,70.0,664018.0
1535255041,3.663871893040652,27.64777014024755,25.01235351542884,389.5676068729737,430.35630350679145,104.45650558218202,11.011702696079416,33.316326325642684,312.2566960071028,43.49642651968327,205.35760916289365,82.85091014273834,78.34740094087587,704.809233599955,15.828569362478255,6.813516151970336,0.004017403391491943,78.09430452721188,32.10307050141212,43.857992824917545,38.181401832739425,23.268800443521336,29.56407155798921,4.037490408449403,1131.7186049968464,409.84745919322506,198.27492698369335,33.6095967732216,11.39335601827115,8.151311481337153,28.34679833036715,29.881446425917073,28.539633693158763,186.2749430533069,2095.4253827581083,53.069898801608566,50.41841256322389,4.109803669496258,196.25015567438143,47.36518598569001,13.213239754617002,24.883796606901097,170.51466954848402,282.99794710686695,172.52337124423,24.526247705058314,83.29282451580245,105.9590144506,78.90983741568475,166.11963023819186,46.16398237163392,1.763640088864963,260.9906113282741,66.03004214256158,55.67317619929535,8.786061217192879,34.58582579735414,69.58142674064045,57.344416010155996,55.898150789218896,2.4024072281121818,294.94972219655546,117.59743207575215,52.0575131469526,35.29690619764821,800.6243044870379,26.575123434719202,139.6569940984344,138.85351342013604,35.04380978398422,252.48175094509415,25.622998830935614,138.99412253883824,30.138560242972556,33.84662357331962,1058.6581069191739,3.402740672593676,279.3501448273923,11.20453805887103,23.61027973179815,31.576790657126672,137.00952526344122,33.10340394589361,21.52122996822234,16.865059437483175,15.061245314703294,53.1542642728299,81.68988056259717,248.89019231310036,274.36856462194226,38.87641261946753,72.69491436904671,25.771642756420814,115.15886821711655,476.7131212412169,55.359818734758974,74.93260805810772,20.950758686630483,660.0754468356922,82.90313638682774,4.387004503509202,29.75690692078082,57.179702471104825,453.512616655351,213.77808667146076,12.249062940658934,2.7720083401294406,231.48680082115726,26.44656652619146,2.5711381705548435,31.789713036875746,17.27081718002386,68.17935295700977,34.94739210258841,0.4660187934130654,0.2611312204469763,1.4382304141541156,0.18480055600862938,2.3501809840227867,0.3454966916683071,0.30130525436189576,0.4579839866300815,0.22899199331504075,1.333777925975325,21.826552625975726,0.8557069223877839,6.014052877063439,6.082348734718802,5.19048518180759,18.142593715977615,1.7274834583415355,0.5182450375024606,2.3100069501078675,0.5744886849833478,2.0368235194864153,7.167047650421626,1.9484406448735925,35.0036357500693,17.05789480027479,5.495807839560978,0.7633066443834692,2.2296588822780286,0.3414792882768152,25.88814745477408,127.19099137463492,0.1566787322681858,1.4502826243285916,10.099752126210745,0.7592892409919773,12.4660027237995,4.279882518188794,0.5124020023541983,279.0,2489170.0
1535384390,3.0180280587060913,32.12130585015817,22.42344022767597,463.5105402270225,351.92094944694094,108.39488585827563,5.767410476260317,37.092460326968364,380.63214981617136,38.30499605865381,282.94436590794845,128.94264705989127,76.20097307807642,655.3549910124722,11.104019834277102,3.1196777607635537,0.0,57.43692212446909,33.408868742886035,51.20482729594609,32.857056074574096,40.09596699966625,27.752788892688653,15.760544280909436,1048.84098767691,309.992867579239,198.80745537638586,38.116218040547096,12.132618009858568,6.428133539633824,32.12856654316228,28.41109172506079,23.34312800819587,157.13349776382756,1891.7348385233977,42.414548298976946,62.79773379249956,7.209868153075738,213.93147890393547,55.39424715931437,9.968931494635436,20.833348459777092,162.40960134681015,284.36746173675294,268.5294700637997,34.22206635934573,107.58168824181593,146.6950414549267,97.27150417598759,167.03950325242744,55.720978344499066,1.0866837196143022,229.15957236454392,75.58381417272753,45.69638153683216,11.6969764296123,43.094633210361394,58.124267728857646,49.244440184837885,48.14323507921537,2.565444861450246,272.4066801279915,96.01298405527614,31.73406888993927,41.16812933327235,998.2218562832949,31.37587470173678,167.91804710592407,139.07615426261975,35.38377724000245,285.2484258212509,23.439937248250597,159.6384368502436,21.223005650997365,27.605154801605195,973.4023873642643,4.4241822705009906,199.0010738564953,7.488194718233077,33.81788778211725,39.21742314616961,128.12702921243022,27.987551299821362,19.51190233303008,12.17134170588046,8.369158802731086,56.67696959003949,91.85018673292291,294.5542140215115,208.60455046992416,32.36090871929362,68.02543275545477,21.762717164302465,138.38396819622847,456.387800389996,54.271259974679545,80.98818999878263,19.24809715388095,590.4080920907577,54.176870965626186,5.051022099855343,25.618145149481936,49.624416452052685,446.77706308356306,288.4987960560884,8.983897477078598,1.669959390944028,202.63868105155166,23.870738366494127,2.8849153536308427,28.425613111068998,16.33171879723232,57.0642065502584,31.726808196935163,0.47436527626815866,0.2565444861450246,1.699002162960446,0.08712831604925364,2.5170402414228827,0.2613849481477609,0.26380517914912904,0.21540055912176595,0.25170402414228826,0.9922947105609442,17.268348194761796,0.602637519340671,4.179738939362807,4.56939613058308,4.407240653491413,13.75901324277797,1.7038426249631822,0.2904277201641788,1.5247455308619386,0.9051663945116906,1.3988935187907945,5.823075789291785,1.4182553668017397,39.89024736454996,21.772398088307938,8.877407313018399,0.4840462002736313,1.2778819687223866,0.23718263813407933,32.648916208456434,154.20259802117073,0.15731501508893017,1.222216655690919,11.043514059242899,1.2924033547305955,13.715449084753343,4.073153053932186,0.48904292398272253,293.0,4131837.0
1536169792,4.988912677194395,35.4610688821928,25.19860004376776,433.6711816836509,483.235876097446,93.72116263090157,8.208750797690408,41.56713071716385,330.92100531181467,38.227925974330056,243.87519148395666,88.75061404945144,86.45510208141722,610.9673440467427,10.945001063587211,6.317248936030203,0.003060682624045641,80.97035881912743,41.76301440510277,49.96870452016913,39.611354520398685,22.78984281864384,36.03341653288933,4.104375398845204,1123.1450350371642,322.45515717370444,191.8803150666693,38.73599928992163,14.623941577690072,8.790280496259081,27.96545713590502,30.980229520589976,23.23976316437855,105.6057932600708,1756.834886884822,44.364594635541565,56.92563612462487,4.897092198473025,186.39557180437953,41.37736839447302,8.986164184198001,17.657078058119303,160.73174800175684,435.25049391765845,278.9781604991361,22.62456595694538,80.0093044751771,104.68452779023306,93.84358993586339,187.52496369265236,55.27898887288832,0.7621099733873646,249.73639870900408,61.883941975578814,47.52015842093262,12.60389104581995,40.082699644501716,75.4152198564846,63.65607721490124,49.98706861591341,3.5014209219082133,342.3312301342568,111.55576028121551,32.35447601878647,20.264779653806187,888.5100443952015,30.260969103939253,183.3012216714694,137.2930404668153,26.282081692679917,249.0079562444812,20.879976861239363,171.07073390578302,27.49411201180199,27.723663208605416,1033.8679835763771,4.064586524732611,202.55291537671647,8.239357623930866,27.408412898328713,32.167774378719685,131.7593262825408,33.3828653804658,18.40388461838644,12.830381559999326,14.963677348959138,62.150221363870784,77.00983550361236,339.7082251254497,261.72509254739083,46.5866502205987,60.82494578765902,30.680282623433506,140.42717947383804,367.355371268454,40.17145944059904,77.80867366848828,19.563883332899735,518.0725657243335,75.60498217917542,4.768543528263108,34.20924968895813,49.26168683401459,595.9822419194153,207.31839822235554,11.792810150447854,2.206752171936907,218.75310850579004,27.27680354549475,2.6811579786639816,32.16471369609564,12.098878412852418,73.7318444132595,38.63193608070408,0.5937724290648543,0.28770416666029025,1.3834285460686297,0.11018457446564307,2.375089716259417,0.4101314716221159,0.38564601062975074,0.6029544769369912,0.18364095744273845,1.5823729166315963,24.555856692718177,1.184484175505663,5.466379166545515,6.188700265820286,7.7588304519557,20.598394059827164,1.5915549645037332,0.7253817818988169,2.607701595686886,1.117149157776659,1.8272275265552476,7.8690150264213425,1.943533466268982,44.30338098306065,23.839656958691496,6.148911391707693,1.380367863444584,2.8341921098662635,0.28770416666029025,34.49083249037033,169.3475695884453,0.43767761523852666,1.5578874556392313,10.65729689692692,1.3007901152193975,13.953652083024076,4.094142828682881,0.4686877388135876,290.0,3267245.0
1536984072,3.7794881273876473,53.08409183919932,22.865903170695265,453.7452660434842,488.0145935485319,80.4912862129588,10.056981688970568,33.59020073215772,289.8276848686421,43.39324806256943,250.03676142748904,84.86722481044981,82.65858643600765,666.2351751054566,16.70651861309321,12.560892573364884,0.005905450199043199,75.42440994217974,45.38338477964698,24.088331361897207,44.98771961631109,18.60807357718512,39.69053078776934,4.553102103462306,1145.178997148258,392.54118018060046,210.5352050460891,34.28113840544577,16.186838995577407,7.931019617315016,27.442627074953744,36.4720604292908,18.94468423853058,100.45761333592385,1777.3633464060315,58.47576787092576,62.898950070009114,3.8090153783828633,210.34032518952066,39.371636477021006,6.814889529695852,16.676991362097993,121.73495040307651,350.41760391082533,237.72389776248397,22.09228919462061,101.89854318449039,115.39249688930411,73.93623649202085,172.2029278040997,51.76127099461364,1.4409298485665405,276.8002617295528,58.93048753625208,55.97185698653144,10.269577896136123,42.531052333509116,60.98558420551912,75.5011807947673,50.78687171177151,1.9369876652861693,388.1357143321143,102.61310265857462,37.523230564720485,22.00370744163496,837.3396891725342,26.43279509091736,188.82086466420725,150.97283433853937,22.07457284402348,217.1256874682213,21.253715266356473,172.0257642981284,30.90322089159306,35.17286138550129,1058.5814754294886,4.83656371301638,261.4697130128367,9.891629083397358,28.735920668544207,26.308780636737453,148.78191231469435,35.61577015042953,22.251736349994772,19.25767309907987,17.125805577225275,58.39899701833819,74.0248182450065,292.97528982473216,293.0697770279168,56.184453193696996,63.57807684289908,25.3993413060848,150.60079097599967,327.79382419829085,42.6373504370919,73.0267971613682,19.428931154852126,540.3427877622537,69.64887964751549,2.698790740962742,41.544842150268906,62.28478324930862,472.1525543139018,239.3833292684151,12.301052764606984,1.5236061513531454,232.28497812916518,50.627424556397344,2.161394772849811,54.312425480600304,12.708528828340965,59.2198545960052,50.21994849266336,0.6141668207004927,0.33070521114641915,1.4232134979694109,0.10039265338373438,2.468478183200057,0.44290876492823994,0.30117796015120313,0.7204649242832702,0.14763625497607996,1.6121879043387932,24.985959792151775,1.2224281912019421,6.371980764767612,6.141668207004927,7.169216541638444,20.905293704612923,1.192900940206726,0.6850322230890111,2.852332446137865,0.7618030756765727,1.45864619916367,6.950714884273845,1.334631744983763,39.36573102682196,19.42302570465308,5.568839537697737,0.5255850677148447,5.232228876352274,0.33070521114641915,31.080384397564355,176.21863393944906,0.15944715537416637,1.3582535457799358,9.714465577426063,1.3700644461780223,12.602230724758186,4.17597877220966,0.4818676385462907,163.0,1693351.0
1538788132,2.474952290076336,23.392771946564885,25.54965807888041,319.6962468193384,414.5296596692112,149.09848123409668,11.599475190839694,33.84919688295165,216.14583333333334,22.05590012722646,180.03041507633588,35.53892334605598,49.67298823155216,720.7528228371501,14.516738231552162,6.3712627226463106,0.0,55.92000636132315,25.485050890585242,16.827687659033078,34.30641698473283,20.78860527989822,28.69553117048346,3.8764312977099236,1208.949586513995,446.480399173028,181.24304230279898,30.425015903307887,12.901558524173028,10.23775445292621,24.87873727735369,27.1101701653944,32.71111641221374,246.2080550254453,2497.4703800890584,64.77616094147582,58.88696723918575,6.604842557251908,148.25858778625954,35.379890267175576,7.166428117048346,58.97145356234097,113.81301685750635,204.52647900763358,160.936506043257,20.500357824427482,75.23258587786259,90.34072837150127,80.44588899491094,180.76594306615777,39.81293734096692,0.3031568066157761,230.34947519083968,63.28522582697201,50.74646151399491,6.619751908396947,41.7213342875318,57.092875318066156,61.083611641221374,65.00477099236642,11.505049300254452,264.069457697201,140.38148059796438,68.26991889312977,27.50775286259542,729.4350349872774,16.112038804071247,147.60257633587787,104.57418893129771,13.587388676844784,254.00564567430027,27.482903944020357,157.49244592875317,38.66491730279898,37.35289440203562,1124.0507713104325,2.5544688295165394,299.15116094147584,4.925055661577608,22.6174856870229,25.355836513994912,131.61975190839695,40.1160941475827,17.94588899491094,17.911100508905854,22.036020992366414,53.564328880407125,80.60989185750635,222.12448314249363,299.59347169211196,48.872853053435115,79.15374522900764,26.2503975826972,120.03518606870229,657.3682013358779,63.23552798982188,97.19902989821882,25.137166030534353,724.3757951653944,94.09291507633588,8.513239503816793,32.571962468193384,71.38100349872774,318.33949586513995,186.07367207379136,22.12547709923664,1.8686386768447838,205.92298823155215,19.864225508905854,3.2353291984732824,24.96819338422392,19.864225508905854,55.751033715012724,37.19883110687023,0.4224316157760814,0.21867048346055978,1.6052401399491094,0.3926129134860051,2.638955152671756,0.29321723918575066,0.20376113231552162,0.4522503180661578,0.33794529262086515,1.2871739821882953,23.064766221374047,1.2325063613231553,9.551924300254452,4.403228371501272,3.9509780534351147,19.138637086513995,2.161855916030534,1.4710559796437659,4.577170801526718,0.7007395038167938,1.9382156488549618,10.849037849872774,3.7323075699745547,42.22328244274809,16.186585559796438,6.286776399491094,0.5715251272264631,3.96091762086514,0.6361323155216285,27.641937022900763,137.72761609414758,0.11927480916030535,1.5356631679389312,7.360249681933842,0.859772582697201,9.87496024173028,4.499973651349793,0.5467859794946724,308.0,2012160.0
1548086514,4.244132551388541,38.8066636944195,24.556129853464768,340.38386313577496,436.111399429757,96.98710913995554,7.380136499281378,34.957763678277765,183.8348415579254,35.02794515649916,226.5236491265915,22.424829172741365,58.35405226008369,802.9093547108579,11.779407055159318,6.663546669020825,0.0036937620116523416,44.243881375571746,21.530938765921498,15.905339222174984,36.74185072990584,15.25523710812417,10.708216071780138,0.9234405029130854,1302.6642736013848,395.07000971828785,154.22933903453188,30.314704829630767,10.782091312013184,9.57423113420287,29.328470372519593,28.334848391385112,29.380183040682727,62.85305439027625,2161.242315589855,86.29736187823366,65.8708579537962,2.356620163434194,129.83204094756815,40.08101158843956,8.29618947817116,33.764678548514055,258.69262248607174,156.29045823703387,189.48260367374183,32.852319331635925,259.1063238313768,117.23631248783367,68.92929289944435,146.291444471491,42.947370909481776,0.7756900224469917,175.59775227194066,44.10351841912896,37.997729813867636,5.729024880072782,17.486269363162187,53.09782891750241,69.68282034982143,45.59210450982485,6.042994651063231,325.45367708467614,105.86321925395612,50.486339175264206,40.295249785115395,706.4393722525336,23.94665912154213,186.86003264546866,126.0459348856245,20.670292217206505,255.6120249683537,22.081309305657697,165.01143034654507,18.14006523922465,36.20625523821625,1250.56745418904,4.44728946202942,283.1564082892452,2.6410398383314244,17.656182415698193,40.849314086863245,116.16512150445449,23.182050385130097,12.580953411687876,18.11051514313143,10.19108939014881,50.671027275846825,72.97026854019201,227.91250364297278,249.04082234962416,34.137748511690944,84.72751302328142,41.37013453050623,163.07589905243924,550.0381011551502,56.200589007290375,74.35542929456163,39.04306446316525,686.2603503828769,108.8330039113246,3.5866429133144235,39.460459570481966,88.65398204166785,414.9830807231056,409.1949556508464,10.826416456153014,1.621561523115378,160.63801612474867,18.8492675454619,0.8347902146334292,21.305619283210707,13.016817329062851,52.12636950843785,39.5195597626684,0.4247826313400193,0.11820038437287493,1.2447977979268392,0.09973157431461323,1.8875123879543465,0.4247826313400193,0.30658224696714437,0.16252552851270302,0.040631382128175755,0.9345217889480424,24.1350409841364,2.677977458447948,7.616537268027129,7.11418563444241,3.904306446316525,21.31300680723401,1.6843554773134677,0.059100192186437465,1.3371418482181476,1.6917430013367725,1.0120907911927417,5.784431310247567,1.470117280637632,31.0719260420195,17.061486731822168,4.077913260864185,1.3925482783929328,0.8421777386567338,0.443251441398281,23.8173774511343,176.65416820727324,0.2659508648389686,1.2743478940200579,7.87140684683114,0.7941588325052534,10.20586443819542,4.2513900795894894,0.4917330796334458,769.0,2707267.0
1548554104,5.553147263565211,38.08764879397789,23.66681949390698,387.2174879713624,443.0682665746695,118.77140781654067,7.795230471229664,39.77441727528582,271.392718921551,34.72105326544148,275.7241737871319,81.3362538260317,63.12540151857753,657.964653523524,13.827336686277375,7.652931072600806,0.0034707170397282566,77.60523300832382,54.191775858317,18.932761451717642,29.712808577113606,31.472462116255834,50.32192635902,6.139698443279286,1170.9609270146384,393.27735992272795,201.97143669290645,46.0112957956775,16.256838614087155,8.045122098090099,34.946649873023816,29.08460879292279,27.35966242417785,244.78620209499422,1994.1525359314658,48.406090553089996,48.888520221612225,5.8481582119421125,190.05646509551934,46.41389897228598,8.80173841275086,11.9635616359433,167.45515573280892,196.1198077639246,231.91331259464212,3.647723608754398,13.011718181941234,114.65513740742296,93.31022761309418,208.79833711005193,41.10023118446202,0.8537963917731511,278.7332854605763,58.78006378483776,56.01737302121406,9.863777826907706,30.573546402966212,78.52150230681208,62.65338400117449,50.17962696039113,0.18047728606586935,149.59831656340705,123.27639853410795,49.67290227259081,19.196535946736986,935.1499991843815,30.375715531701704,157.25818907008733,112.84689382972454,34.85641122999088,267.3250385509895,27.984391491328935,128.92672587478555,42.93276978143854,32.07289616412882,1075.6793321229786,2.839046538497714,250.25952286664568,5.490674356850102,33.71107460688056,21.355321945447965,132.84169469559902,43.758800436893864,34.63081462240854,16.857272661960142,14.361827110395526,70.31325650785476,87.91673333335648,258.00616329931916,331.9081412262529,39.94101169319278,79.29200148963176,29.78222291790817,73.82215143502002,210.6864071796641,67.69633585989965,106.64472247973015,40.56227004330414,662.4835271092502,94.70545586306494,3.293710470702116,32.88504395142523,54.25424876503211,363.5749634967335,131.3145791981186,10.498919045177976,1.756182822102498,244.38012820134603,31.368340605063985,3.0611724290403224,36.185695856206806,12.331457642154497,77.19568839763589,37.914112941991476,0.43036891292630386,0.1665944179069563,2.665510686511301,0.20477230534396715,3.4672463226885286,0.32624740173445615,0.18047728606586935,0.40607389364820606,0.2811280802179888,1.1939266616665203,22.29588626321432,1.1939266616665203,5.567030131724124,4.994361820168962,5.8793946652996665,17.634713278859273,1.579176253076357,0.6802605397867383,3.772669422184615,0.5622561604359776,2.13102026239315,8.725382637876837,1.5375276485996177,40.22213977341077,20.140570981543075,6.382648636060265,0.41995676180711905,2.797397934020975,0.21865517350288016,29.959229486934312,147.58182996332494,0.15618226678777156,1.0620394141568466,7.153147818879937,1.3049896069378246,9.67635910676238,4.287680435429218,0.4907411292463789,283.0,2881249.0
1549272440,4.411703709476114,32.5158903031758,25.82920547855673,357.64965542205925,370.14319812068965,156.10643895069325,6.912926040489636,31.384684223822948,270.1822875752095,23.793034535721603,246.97999399203883,72.29663742708433,63.93828139631051,700.5810628560943,13.385938605675387,2.727463546884093,0.0,52.75191016715455,33.38314829734632,26.85985990641155,30.70596057621124,62.06550688715968,34.476647507387405,7.0386156048621755,1210.5664702976705,339.08530676423527,154.98780182777764,23.52908645053927,18.02388353102207,6.196495523566165,29.373651193862326,25.7286538270587,41.35186667856528,214.16244873436892,2331.013522940231,34.53949228957367,59.37575020958735,7.114029343485698,164.33910541709454,52.55080686415849,8.572028290207149,30.693391619773983,152.2226314115818,178.0895437594503,179.2584567081149,19.05453795887689,97.72363629964894,115.03108931374754,99.33246272361744,180.9804037400187,40.13267790415165,0.43991347530388597,215.21824107509826,79.97626981024646,45.77613934447864,10.306544278548184,45.43677752067279,46.78165585945896,49.63480897071559,71.05231073979621,7.227149951420984,181.1060933043912,106.93668136815604,33.144338125038495,65.79848694902408,865.6491677465496,20.16060612535523,147.19504883668023,130.3903540800718,17.659383794341707,281.41893463011445,36.42483575516176,162.66743421093977,23.152017757421653,29.34851328098782,1123.8281019241815,3.142239109313471,208.56926311979095,3.4061871944958027,24.811120007139166,27.387756076776213,109.60130013285386,28.745203371999633,33.03121751710321,16.07569528324772,9.049648634822796,47.7494655051275,129.14602739278365,256.94717644678116,233.028452346687,29.44906493248585,62.16605853865771,29.009151457181964,82.9676814423129,838.399670190583,38.272472351438076,149.40718516963693,30.869357009895538,535.5758027478253,75.74053149089191,6.875219171177875,23.16458671385891,41.65352163305937,330.3121751710321,231.80926357227338,12.078767136200982,1.4705679031587044,187.0763476120868,28.44354841750554,2.702325634009585,32.61644195467383,15.736333459441862,46.04008742966098,31.09559822576611,0.2639480851823316,0.540465126801917,1.3323093823489116,0.2388101723078238,2.3755327666409842,0.10055165149803107,0.16339643368430048,0.11312060793528496,0.30165495449409324,0.6787236476117098,18.589486570698494,0.5781719961136786,6.47301256518575,3.4061871944958027,5.07785840065057,15.5352301564458,2.0361709428351293,1.0306544278548184,2.1869984200821757,0.6787236476117098,3.770686931176165,9.703234369559999,1.8099297269645593,40.57259137945554,17.973607705273054,8.471476638709118,0.4147755624293782,2.048739899272383,0.15082747724704662,29.05942728293098,134.19874788055972,0.13825852080979273,1.0180854714175647,10.633337145916785,1.206619817976373,12.996300956120516,4.266467680939555,0.5265779770515993,361.0,795611.0
1549502623,3.6408832047362316,24.928783375751006,23.54714528665729,339.98970590676964,440.54686777308405,142.095251197222,10.22886568105863,38.840040701990745,287.48745852120845,37.654085260708584,252.7152449828155,117.1546082670582,68.9040111384935,661.9943975464954,10.721037189190728,5.123327506338931,0.005929777206410801,47.1595181225851,31.878482261664466,43.10355051340011,31.973358696967036,32.37658354700297,28.178301284864126,5.817111439488995,1132.184221574427,320.6111939962192,168.51833842898856,32.83910616910301,14.172167523321814,11.462259339992078,30.235933975488674,29.322748285701408,40.70199074480374,197.6572636212912,2229.69703582297,70.74224207248085,56.753897642557774,4.743821765128641,155.38388191678862,45.54661872244136,13.199684061470442,44.787607240020776,137.7487245049229,210.55452904523472,214.21320158159017,30.757754369652822,132.25182103458008,100.88329961266696,73.33355471168237,152.2410999973909,46.756293272549165,0.7768008140398149,217.65840213851484,74.45428260369401,43.66094957080273,8.034848114686636,38.47239451519327,49.199361481590415,72.33142236379895,57.08596516611678,3.4036921164797995,298.52277390233894,122.96578992934077,54.57766940780501,28.634894129757757,782.0190179814564,18.749955526670952,144.2833389863876,145.9851850446275,21.092217523203217,242.95483170106334,25.82417973391904,195.02444254164482,20.522958911387782,35.424489031098126,1054.338106408666,4.239790702583723,218.0082589936931,3.9729507282952365,37.71338303277269,21.050709082758342,109.05453260310104,30.78740325568488,14.557603041738515,12.233130376825482,14.30262262186285,58.4735330324169,102.40132257750811,269.8404415549299,233.1173313156278,32.41216221024143,74.58473770223505,19.123531490674832,117.23169537074153,728.0876942891501,46.92825681153508,71.86889974169891,31.516765852073405,558.3596813100538,102.70374121503507,9.582519965559854,19.888472750301826,75.48606383760949,348.3032535501576,263.8928750168999,15.607173607273227,1.5358122964603973,198.4637133213631,19.03458483257867,1.933107369289921,22.50350449832899,7.536746829348128,47.44414742849282,45.528829390822125,0.8716772493423877,0.30241863752695086,1.7018460582398998,0.23719108825643204,3.1131330333656706,0.23719108825643204,0.5396097257833828,0.24905064266925364,0.6285563838795449,1.6544078405886133,26.636559211197316,1.1563065552501062,9.588449742766265,6.416018937336486,4.708243101890176,21.869018337243034,2.199947343578407,0.6878541559436528,1.7018460582398998,0.7471519280077609,1.8204416023681158,7.1572410881378365,2.798854841425898,40.67234185877168,19.639422107632573,7.299555741091695,0.5396097257833828,2.7276975149489684,0.5099608397513289,30.716245929207947,131.34456512199924,0.10673598971539441,1.755214053097597,10.270374121503506,0.8064497000718689,12.938773864388367,4.288362157585015,0.5099846997516609,174.0,1686404.0
1549624070,3.065828064374081,37.49615732932311,16.571257654184564,388.72456567435756,499.0860675146852,123.65506526308793,12.965378575760848,44.86993079038543,302.76506119193414,52.281092398574266,239.66217731951912,55.55047815285936,72.42499522262564,758.4351814155983,15.640708214591347,12.329780074610126,0.0,57.25787020497013,40.75723460646898,39.54419694414211,34.01075116941816,32.81848469993935,34.82913616763184,3.772048621208219,1158.6794506434915,388.1180468431941,171.0507731037978,36.90210121386851,17.06561204396846,19.70770777424206,34.409558072100964,32.569230385762594,24.875580554840102,146.68200965445044,2141.96694887794,68.09212439451973,59.91242865095257,3.107370450070207,172.34689553751693,39.06230527006705,6.272900240114989,29.956214325476285,133.1599631103615,211.30534484334368,197.71683048214092,19.425219551508405,103.88504391030168,100.08391561910618,68.50754825148098,155.79640907618042,39.648052908382425,0.6439069782899493,267.26293837602503,40.375044658064624,49.76777806395866,8.570194169110744,36.6029960368564,61.540890170240694,72.5122342325875,61.25840194750704,1.046868119542369,270.0753578876528,80.95364700604026,41.438529731885446,18.5985260761555,808.6266918136574,20.285146935418208,159.8509459201223,157.58688589968344,18.228798843459984,215.2186375759187,25.75627913159797,207.15941475087033,25.731353700180293,28.489768110403045,1083.454498624947,2.61301606028631,263.5075067090953,4.7898370707633,32.34490150300351,21.880374546149437,120.51861514303043,45.007020663182644,15.831803188793526,13.185553219950314,13.93331616248058,73.67542103207903,90.26329564054204,232.7619870553926,314.4177003796974,57.424039747754634,81.98389817130418,21.448333734909728,138.58955292084514,584.3892023031099,53.0537807725222,65.4375659485373,28.132503593416363,528.0452645834545,107.05888217748569,2.858116135893452,20.376540183949682,71.19949484458994,344.4653079537052,223.39417908091625,18.635914223282015,1.51629707790859,209.02466786862635,62.50882775696043,4.623667527978797,68.64879236284781,9.92032170423483,59.0649639827516,44.201098380677806,0.440349288378933,0.33649332413861865,2.0314226605405494,0.5151255826319594,3.3233908556900604,0.6023645925938235,0.5732849226065354,0.9263952010236044,0.2575627913159797,2.359607507539943,28.485613871833433,1.2088834237572594,9.30549439593217,4.715060776510273,7.573176912403725,22.802615508603427,1.3210478651367992,0.9928630181374056,1.4913716464909146,0.4943543897838965,1.333510580845637,5.633147500394653,3.2776942314243223,36.03386535281948,16.525561029918826,6.950041126961839,0.3614187555562941,2.9204297144376405,0.36557299412590666,27.123023621000506,151.64217050656785,0.0872390099618641,1.8652531177560465,5.579142398989689,0.6771408868468498,8.20877541355445,4.339950465357805,0.4670259294277951,172.0,2407180.0
1551206847,3.7018122309599426,32.567331059662806,24.418041645221894,379.66276722560605,432.72428524700234,86.67609408104417,9.988596297326112,42.17480971458928,275.1139127492468,41.98922199307294,258.58334926846953,67.04687846423509,80.56164147037175,658.8927505127689,14.40624688270624,6.048171281559441,0.0033140664556490086,71.71971216670019,48.554387641713625,22.873686676889456,32.77943131282434,24.374958781298457,26.486019113546877,6.230444936620136,1117.5429776423134,328.39084509026026,179.41030164301472,48.76317382841951,18.141199778222674,14.780736392194578,39.384365758932816,35.967563243158686,37.70413406591877,170.73738972858126,2037.736611917184,74.49027172362277,64.48510509401841,5.6803099049824,203.33454738634492,42.33057083800479,9.315840806829364,26.224207863550603,128.37036415956433,277.10566668909183,211.63296979129004,38.46968341717369,92.97944847968859,125.55009360580704,71.90861395467219,157.5938021654773,49.31993699296854,0.9047401423921794,203.61955710153075,57.26706835361487,48.28594825880605,9.047401423921793,45.6247528949199,73.23755460338744,98.68958498277182,43.904752404438064,4.931330886005725,281.5398876067502,104.19093529914917,43.401014303179416,28.527484050226665,859.2015552251063,28.31869786352078,171.13839176971481,140.7086335739456,31.191993480568467,268.257109252509,28.80586563250118,179.63565816199886,23.118927594607484,36.229374493154964,1031.1552073429107,3.9437390822223204,217.78056306651894,6.591678180285878,24.394843180032353,25.83977615469532,131.63140555192297,28.858890695791565,14.30682488903677,12.199078623244,16.07322230989769,81.68510999883677,98.04665609037592,306.5511471475333,287.7703325433704,50.70521677142983,88.70761681835701,23.09904319587359,133.2685543810136,505.0239590434411,50.552769714469974,73.47285332173853,26.37996898696611,520.4973353248663,92.52542137526467,6.455801455604268,24.321933718008072,80.17058162860516,405.4760308486562,256.99922550266933,17.71368520544395,1.6968020252922924,177.34895230760105,27.53657817998761,2.435838844902021,31.669219050181926,10.93310523718608,71.0237582110139,55.6398617238912,0.9478230063156164,0.36123324366574194,3.2577273259029753,0.7324086866984308,5.299192262582765,0.5103662341699473,0.6893258227749938,0.5633912974603315,0.36454731012139097,2.1276306645266634,41.70421227788712,2.6479390980635578,11.244627484017085,8.265281740388627,12.119541028308424,34.277389350777696,2.1210025316153653,0.7224664873314839,2.8732956170476904,0.8815416772026363,2.710906360720889,9.309212673918065,3.7018122309599426,47.1193968664176,22.62844575917143,6.962853623318567,1.149981060110206,3.0456270727414387,0.32146444619795383,34.108371961539596,157.76613362117106,0.1590751898711524,2.5650874366723326,9.415262800498834,1.2328327215014312,13.37225814854375,4.221425789733751,0.493582843972757,273.0,3017441.0
1551582052,2.745253525998734,25.11519459074919,29.014841501380378,409.5812203447353,449.78919063562614,143.77704462240322,5.816837337405936,34.028090510967964,285.18003641845985,33.216343926014396,228.72489704279496,49.891821510387096,66.40413395205556,670.6332112858066,14.83579060038246,3.418309739653698,0.02447477140563507,54.90507051997468,31.53574295616079,23.948563820413916,44.14840848719806,34.31362951070037,26.004444618487263,10.821928089858307,1129.3638517416248,344.68228483412634,196.65070911571019,35.064189167139844,10.613892532910409,8.54169522056664,27.18739190309296,23.634470920708267,26.167609761191496,153.06522037084173,2140.249414237138,49.03112538262226,56.63462103263956,6.285937122680608,184.22160437021518,41.32157238984721,9.26778010560048,23.679341334951932,152.03320084323747,236.06732846448548,271.849444259524,17.254713840972727,92.66556367030199,149.8182340310275,77.3851480560505,180.79513637342626,50.956474066532216,0.4772580424098839,223.32820994785243,64.9030146391766,46.32666314229959,8.717097748973691,37.4749541505949,65.56383346712875,64.4828643967132,57.68703620308186,11.596962517703417,245.66551798406203,100.37511666307704,46.534698699247485,31.48679341334952,905.6073332941737,22.89614864997161,165.0456209739001,130.98489743439129,20.603678394977123,273.15068627259024,21.329763280010965,139.17170846957623,28.8231224587029,37.368896807837146,1055.6499193964196,4.115840724714298,230.980655140681,9.320808776979357,26.139055861218257,23.2387954496505,143.22228313720882,26.334854032463337,20.19576553821654,14.003648372590867,12.992024487824617,54.219776920616894,84.11571019260013,288.81453997219666,232.5348031249388,32.796193683550996,88.9127653881046,22.382178450453274,134.30530808842246,535.9199903406236,47.39131569844471,95.27620595356973,24.78886430534072,688.9525776829245,72.89810663168406,3.1776411541649536,30.09173144322832,55.317062505302864,388.1005293077229,259.7385115423022,9.280017491303298,1.4317741272296516,198.71474817091874,22.19861766491101,1.8029748268817836,25.433366619022443,13.436649501693655,64.65418779655265,38.95975694920343,0.44870414243664297,0.22843119978592732,3.944517324874852,0.07750344278451106,4.699156109881934,0.16724427127183966,0.18763991410986888,0.39975459962537285,0.09381995705493444,0.8484587420620158,25.13559023358722,1.476644541473316,4.323876281662196,6.620425665224287,7.1670288932834705,19.58797538164327,2.4678727834015364,1.4684862843381044,2.1497007551282805,0.6730562136549645,1.0401777847394906,7.799293821262376,1.586781012798674,44.34012752987554,22.883911264268793,8.574328249107486,0.9545160848197678,2.292470254994485,0.24882684262395655,34.95405269581449,153.74643484163192,0.09381995705493444,1.5908601413662797,8.704860363270873,0.9096456705761035,11.299186132268192,4.197692515003035,0.4987981780572252,289.0,2451504.0
1567204040,3.6834731461057943,30.618418234132843,21.42782708373135,426.0454116516433,411.4779628439597,114.49884502492314,5.290017425939756,33.91834702514314,327.34425204508744,46.42334033844533,276.81771077571483,95.17689355124442,72.51159317088421,687.1956973560044,13.496419287794316,6.816958160376539,0.0,51.18507969038563,39.29520468242527,34.85911619801888,29.12042424347685,43.34774881173617,35.47423450336072,11.737904603111197,1129.4947056405624,338.96636967307546,171.94365805790505,27.933607748464375,9.074804175278324,7.931407795937035,29.402654995339574,29.142134301312446,17.498306615488822,183.963793412879,2081.010357144925,68.04655794269702,72.07015532822713,6.809721474431341,182.4802727941134,40.619518210396514,7.996537969443818,21.384406968060162,161.48664686709392,195.15170988415514,222.22415200514095,18.576572821323328,86.46392367322599,158.03474767123447,102.47870966994923,143.93044676404352,39.24454788080889,0.6874851647938124,227.926660529957,60.223700435937964,48.50026920471716,10.703058512947878,45.13521024020008,87.46982301960853,64.68149897817995,54.74552917542306,1.476283932820397,255.96158188165413,96.001875748997,38.383382253330325,23.30936542948284,977.0900996346921,29.41712836722997,168.80293635768913,129.52220504715424,26.659951022109524,261.0923922167995,26.218513179452444,177.84879378918666,25.06788011416596,36.13277292437374,1048.205012418153,3.842680236900151,226.26945944850664,6.187366483144311,34.8156960823477,24.597495527728086,113.89820009147171,28.136234954929918,20.827182150279913,11.13725966965976,16.752927963133427,44.93981971967973,89.98818972853744,255.7806647330242,261.5917235470182,42.551713357764385,73.06158130271926,40.53991466499934,140.61604460114282,558.5274212503836,41.11884954061517,66.94658167902692,20.190353787102488,553.7150250968268,81.19561630512183,6.853141590102529,33.43348906681487,74.85627941712836,356.63835675124903,263.0752441657838,10.196490496784017,2.7282306013396553,186.75715418772543,45.02665995102211,1.8960117176418825,49.65090227000365,10.789898744290255,85.92840891328134,41.082666110889186,0.4342011567118815,0.39078104104069333,1.5486507922723773,0.21710057835594074,2.5907335683808927,0.22433726430113876,0.3256508675339111,0.3763076691502973,0.48485795832826767,1.4111537593136148,23.895536991043876,0.853928941533367,6.418940433390648,6.064342822075945,6.5564374663494105,19.89364966334937,1.4835206187655952,0.28223075186272295,1.3026034701356444,0.5499881318350499,2.091402238162229,5.709745210761241,1.3604969576972286,38.87547689760379,18.048294747323872,7.649177044074312,0.7598520242457926,5.065680161638618,0.28223075186272295,31.80523472914532,157.72357017559094,0.15197040484915852,1.4835206187655952,7.909697738101441,1.5341774203819811,11.079366182098175,4.264024454643348,0.47117306519964575,260.0,1381848.0
1568505052,4.091319956048571,48.21826344650735,25.843100905809766,361.3555462956154,402.28387647724037,108.20512401511004,10.945491332121067,41.18555074099191,262.64337398326006,37.96575456256315,187.6408849960827,63.403354821841475,63.581896151284425,761.9932111929072,19.845322686217852,8.007124706882042,0.006052248455693153,47.092545233748424,33.71405002243871,25.531410110341568,38.19876612810734,23.57653385915268,21.113268737685566,9.892400100830459,1227.2416544789514,386.2060784546915,165.86792117672655,33.45077721461606,14.03819029298027,11.677813395259939,29.32011764360548,36.09258366552612,45.385811169242956,136.69305749605772,2157.236204429217,78.12242306608722,87.98758804886707,3.0926989608592015,168.84865354115544,45.27687069704048,15.45139030738462,24.302803673835857,111.79410734933609,230.42120320514974,173.89017650474784,21.485482017710694,113.70661786133512,162.505897159589,95.48329776124304,168.6307725967505,42.96188566273785,3.286370911441382,238.08334975005727,57.744502515768374,61.43032182528551,7.877001365084639,32.2191446538825,54.954415977693834,82.30150062474334,79.76258239758008,0.7474526842781044,264.1413054760441,102.54929783326479,46.81111568055869,27.10196858459394,762.5772531688816,25.21971931487337,155.88776347328854,147.07266359757148,22.85329016869735,236.35240669172902,24.351221661481404,157.76093437032557,25.44365250773402,33.66260591056532,1158.3216751897455,4.6844403047065,271.8125303936352,6.073431325288079,20.810656314900907,23.56745548646914,118.72393183110475,29.00540072390944,19.300620325205465,13.629663522220982,15.130621139232884,59.16678090285627,105.05492869392175,235.3447073238561,229.03826443302384,34.7399061356787,63.730176238448905,22.705010081532865,134.61713627575497,725.2015928307486,56.63694104837653,75.71968042917705,18.41396592644642,575.447783167305,67.27376770925724,4.763119534630512,32.0890213120851,81.21512202694643,342.2153105544858,297.6979970386348,12.388952588803885,3.1169079546819742,201.84248599736668,41.72117472932075,1.9548762511888886,46.79295893519161,14.949053685562088,53.98908234901077,49.764612926936955,0.8473147837970415,0.43576188880990707,2.3724813946317163,0.46299700686052625,4.1185550740991905,0.2844556774175782,0.22998544131633983,0.1936719505821809,0.18761970212648776,0.8957327714425867,31.777330516616903,2.2605147982013927,8.600245055539972,7.477552967008891,8.42472985032487,26.763042671075123,2.3482724008089435,0.9350723864045922,1.8973798908598036,1.385964896353732,1.8338312820750255,8.400520856502096,2.218149059011541,40.280739596865786,19.01616464778789,5.7375315359971095,0.7988967961514962,3.688845433744977,0.42063126767067416,29.662069681352143,145.0875261041041,0.18761970212648776,1.3678081509866526,8.237110148198381,1.00769936787291,10.800237369184432,4.266983853297129,0.5003991009384918,252.0,3304557.0
1570045623,5.875620655298598,42.54452325854148,25.171433235345358,404.7365275676348,388.83577205884035,101.99803109552205,9.27982266142296,36.74434831593738,282.44359975729344,37.05756233530544,273.21864670510286,66.04243341229984,72.94228677326917,654.9785254066867,16.001349792387117,6.314577529157482,0.0,68.29437362454463,36.177362353869654,25.544089331381805,35.31087977474196,32.60397905261218,33.86140759752044,7.725183733172749,1145.6842994728402,360.94829316649316,190.52328689078158,34.478690701384494,12.87378206614257,8.244158787162158,29.558715740216176,28.859128222503582,26.48144515576796,177.69751573271733,2021.1860706181017,54.84217442774427,63.495569050431115,6.101957793382085,177.82097235349013,59.357486020823934,6.289428958259316,21.648347075884214,134.57457534351803,201.1954258864757,210.03171920660375,25.62867997894836,108.18000706903466,141.6001715589782,94.90842033595747,183.16618678620927,47.29303069085868,0.5555547934776496,279.2222964486103,73.44297195751446,61.50883194947606,10.265189393887434,38.25326256982729,62.4576189424523,71.73286913643923,61.83804960487023,5.587555206828706,255.69695149023573,108.6121052417395,45.02737307630579,42.80286766867718,876.8872287783785,25.987618672676717,183.6142885949402,137.00712801948603,22.087303949743095,261.826344088234,30.452633123960048,154.30705856370568,27.528540198618842,32.062141661442624,1064.961959357166,3.8088653742130214,242.5236728070332,6.659798820577749,26.373992171021257,21.771803696657024,133.3788751089962,36.924960779660566,19.083192844271363,15.441222531473436,13.765413216168428,55.596631554689225,87.94455243088373,260.5826329456338,262.5122142036385,38.47045477303872,70.90525253051779,24.30723688993568,119.67290396949616,520.602852396636,46.50656629186151,82.43244293674951,20.550954891237005,575.5067551347666,69.21115334546866,5.976214938891259,28.964294973532272,60.94413222112635,335.77000122999374,275.4088586069612,12.325085973818966,1.84041814300209,234.18120596999637,43.86825258127218,2.919520457905179,48.62819118217945,16.32142251290922,60.68807404470867,45.84127227991914,0.4458155750129287,0.34750752513828287,2.1353422926260275,0.4503880424489587,3.3790534352261976,0.6515766096342803,0.2583444101356971,0.3155002530860726,0.4435293412949136,1.6689506141509636,25.19200933880749,1.2437111426001701,7.560574905475667,4.641054447570488,6.698664793784005,20.14400528943033,2.1216248903179373,1.0242327056707283,2.7046144884117673,0.7933231001512115,1.7512550279995043,8.39505021255115,1.575215031712348,39.375803325372665,19.20436323132616,6.0836679236379645,0.5989932341199349,3.177864868040876,0.3406488239842378,29.40553808110917,172.54205869859345,0.13031532192685608,1.227707506574065,8.742557737689431,0.971649330156383,11.072229896346736,4.256117893619717,0.5073816337471874,292.0,4374006.0
1570380458,1.7893160226903289,30.90562320198307,23.347093733135594,396.09396816245845,570.206291349783,165.9109502046044,6.383395147309434,40.40087230179742,341.99274938029066,37.58792011051995,220.02035807612086,69.17323772844489,105.91358709137468,640.0633180388442,12.885532090174976,5.408893514814472,0.0,44.40124244863598,37.87044369305,27.67502745392204,33.61211723172748,54.83823682355051,31.753193949573227,10.551641625796286,983.5710489486438,334.9746998084572,176.77787177032553,35.35229871832563,13.049313877148919,6.22370790500984,28.731419979903976,37.99737457795481,32.92423372643692,139.46019160831258,1963.588033119953,54.1544478629343,53.44199708959764,4.094544674348579,176.4380245623546,40.92497402011404,10.031634452154018,19.46955992652749,146.95320836237048,243.40839725599994,216.2902278777893,33.976531707744506,175.90982829936362,232.0746975974031,83.01279872774307,145.5487795390689,52.57804816331009,1.2897815724198023,217.23606769756384,67.16281629333973,37.252167447223364,8.75823105843161,43.0705154294727,50.70274670245845,64.72656221210232,46.14961302458283,3.8816283512824525,441.30593045661544,63.13378433378073,35.5529314073687,26.319733166712663,809.3604566891348,30.55758690466344,145.9787067298755,177.67457705400787,24.665537118275836,253.68160984394052,20.41539974630201,184.99562293174313,23.375755545856034,20.177916155189795,918.2712504821326,3.4557957051502,228.5779564455094,15.186666197158877,15.420055243596746,24.550889867394076,129.6005280324812,26.15595137973872,17.93820021832112,16.50101503762477,9.70816542288048,54.625320500484385,125.75984512794224,251.3108684774927,185.0365683784866,29.280088966266685,63.555522435238636,22.519995708917182,142.1994419954518,627.3210950122714,50.3956558518823,63.14197342312943,21.209741413125638,548.5297718437816,62.50322445393105,3.406661169058017,22.884410184934204,58.248992537282874,390.36160561837045,441.9610576045112,8.447045663181118,1.7606542099698888,205.95969166440784,10.592587072539771,0.495439905596178,12.84868118810584,10.37148166012495,49.715961435940436,39.0251052912163,0.6141817011522868,0.1719708763226403,1.060487070656282,0.02866181272044005,1.875301460851649,0.23338904643786898,0.09007998283566873,0.339847207970932,0.23748359111221753,0.9007998283566873,25.435311517053368,2.0718396052203807,8.807365594523793,7.464354941337459,4.315650086763402,22.659210227845033,1.068676160004979,0.2743344931813548,1.4986033508115797,0.4340217354809493,0.9253670964027787,4.201002835881641,1.1710397768636933,36.154829474497944,21.152417787684755,6.821511427464731,0.27023994850700617,2.292945017635204,0.2456726804609147,30.782786861752612,130.10825157210041,0.20472723371742893,1.1137161514228133,13.466957433932475,1.0850543387023732,15.87045515777509,4.1179060780240055,0.48972535411669615,234.0,2442274.0
1570432345,4.971994265844405,36.577410044906294,22.949289880988825,379.08553308012404,418.22811214116666,101.4455730249782,7.146581991457881,35.84902871933673,243.45881900885246,34.63505984338746,216.4559287073026,56.82429964552109,80.89255214260228,729.1202631462273,13.163645115728182,6.492094423554796,0.0,59.47391867041906,45.856354757596804,11.823001226636377,32.44991586667877,22.358139819657005,23.075964894131356,5.003663019130038,1207.9623690760957,387.0555026570084,174.85374314107585,34.12835979081733,14.673189022343362,8.825025915596438,41.77108558375013,36.09182249452658,27.52014660521521,132.00591994561418,2080.626534615003,63.284725315790254,82.43376480250309,4.2963941957508975,168.73111750585343,33.083290932391435,6.133181886317621,27.02400280374029,159.56829155521024,258.40647055967133,218.2504913934885,18.346764403476808,105.836973480586,113.05744922971036,77.96847058922883,146.11962765991137,41.58107306403633,0.8656125898073062,216.276472438684,48.9071113241128,46.15192978826271,9.194494703928825,43.98789831374445,73.17593259200301,93.37004093714175,48.46374877811394,0.11611876204732156,309.4881696093976,108.85606129381635,38.92089778804315,18.241201892524696,832.592636381486,34.62450359229225,177.41891215721213,139.49030197211883,34.80395986091084,251.54490734778415,24.648846307317804,171.1696115088472,34.160028544102964,35.110091142671955,1125.9086293130204,4.454737962179063,261.71057715247235,8.677238400263484,23.160414902893045,21.049164683850837,122.95921275701832,34.74062235433957,17.27002679176528,14.86320154205716,19.697964543663822,57.62657472875713,85.9701089193988,276.2570911616732,308.35865074221,52.79181172715047,65.60710055673668,30.25421563887487,139.71198324511826,515.1239409441089,59.674487441228074,78.16903936003783,22.643158599227704,570.0903403968728,93.77117847875977,5.299238049795948,38.57254150190118,67.58111951154115,417.97476211488157,237.24118711377315,16.08772666910164,1.8156751883763007,187.5106882042339,27.741827878214643,2.924081553373461,32.4815846199644,14.008145203345064,71.41303865910277,54.47025565128902,0.8022750832360399,0.33780003504675365,3.050756566515994,0.33780003504675365,4.528631719845541,0.2639062773802763,0.44336254599886415,0.7494938277599846,0.24279377518985418,1.6995564263289793,38.53031649752034,2.459606505184175,9.817313518546278,8.117757092217298,11.907451235398065,32.302128351345814,2.649619024897974,0.6333750657126631,2.4384940029937527,0.6439313168078741,1.857900192757145,8.22331960316941,3.504675363610069,42.81615444217602,20.27855835390043,7.2943695067908365,0.3905812905228089,2.850187795706984,0.27446252847548736,31.088159475396544,164.99420461814873,0.24279377518985418,2.3223752409464313,8.096644590026877,1.7628939329002455,12.424707539063407,4.319939773948438,0.5006654333446637,128.0,947306.0
1573813504,3.0990060449560457,24.42077379680522,22.981137736801188,377.1770706891614,402.07519749533634,152.07103012779422,7.95588348949596,38.81713439684553,301.0809393701062,36.15759620178545,203.46603746993813,59.790358681535835,83.51404554402332,677.9776598791615,12.13082806350765,7.076947789704026,0.0,53.31957344341245,35.86209195788989,41.45394149622133,31.073407800402794,26.701460397127395,23.488798873749978,7.516415639599994,1119.0821486643965,332.79081784966866,181.5759923259821,31.421951267561667,14.494862014672165,9.978951005396363,29.444345943029813,35.22562127873021,31.194640310718924,198.1014988884494,2246.067141595026,53.789349420887454,63.063636460071315,4.508333977381044,174.02926855880307,47.6746846818177,14.184203706987084,34.430032929780616,92.0230523618366,349.5133272413997,231.22828233233164,24.542006307121348,113.6857865489499,106.48760624892975,80.69538967917332,157.4431457411777,44.01497827664956,1.568445602214918,212.2478174359627,54.98652046025923,42.46168673822416,9.221247815920556,41.86310121853827,51.948130670461246,62.45747390849067,77.21753203947937,14.502439046566922,292.48100816955576,98.98634467311926,45.21214931602133,58.71442015248019,826.0404401346287,37.241111762735855,154.66995206769624,135.28032744901037,37.748772899684646,266.37055626021953,21.549078708691916,182.46250505766878,30.830942779770538,31.99022865966852,1046.7063400056677,3.280854810430239,218.92318253524456,6.7738665139137035,24.011614074488286,26.125605973125783,125.91511602708941,30.69455620566489,17.624176187207244,14.873713609410068,14.441822791408859,55.89576428763019,93.12172198657653,277.3193673481449,242.6696004934163,41.34786304969472,84.04443777665638,25.216362145754815,111.34448369346966,675.3256987159962,42.620804408014074,98.59233901459184,22.844751162695545,620.2330998092103,69.4965365387209,4.750798998013302,22.844751162695545,58.2976833982685,441.5363796032363,244.71539910500098,11.782284596348779,1.439636060004031,194.1462882393857,17.646907282891515,1.818487654741934,20.905030997637482,11.388278937821362,50.531225706141484,36.28640574399634,0.5152381688435479,0.3333894033693545,1.2880954221088698,0.2197339249479837,2.356456919269756,0.4697759774749996,0.4167367542116932,0.15154063789516115,0.2803501801060481,1.318403549687902,25.921026111967315,1.174439943687499,7.7588806602322515,5.947970037385075,7.364875001704832,22.246165643009657,3.8945943939056415,1.2199021350560473,1.6214848254782244,0.7046639662124994,1.4699441875830632,8.910589508235477,2.386765046848788,41.67367542116932,22.412860344694334,4.349216307591125,0.909243827370967,2.4246502063225783,0.2803501801060481,30.376320866085052,140.47059429691964,0.13638657410564503,1.818487654741934,11.145813917189104,1.0986696247399184,14.1993577707766,4.215261308871644,0.5316547706508217,321.0,1319778.0
1574741668,3.8251673510716095,36.789109523541654,32.06390279574731,348.54024863587784,427.012431793891,103.5607807841593,9.197277380885414,32.59830117567643,258.4519322720369,32.59830117567643,256.06120267761713,57.54626764920965,68.62800247510829,731.9007706587163,13.866231647634583,7.2565674748270235,0.0,63.08713506215897,49.839680486021265,37.042245598244925,38.47668335489678,28.435619058333803,48.77088372616302,4.415818192045902,1247.9608482871126,416.5494740394892,170.36057827529953,32.57017494515385,17.325758001912583,12.347415199414975,23.738538561062047,29.560668279237216,24.75108285987512,168.05422737244754,2101.1981774202623,58.92445294481634,82.63486527535579,3.797041120549024,171.87939472351914,45.45198852449795,8.831636384091803,23.59790740844912,106.85154975530179,173.03257017494516,182.06109017269506,5.850255948697756,69.72492546548912,144.76570849974686,86.23502278224673,162.7664960342015,45.283231141362435,0.309388535748439,265.9335095910446,60.555774315126286,57.4618889576419,8.831636384091803,32.93581594194746,70.42808122855375,81.0879225966136,52.624177307757215,5.343983799291219,216.29071271868145,114.22062215221916,46.605163975923944,29.53254204871463,854.8686505034595,19.885244979467853,155.28491871519378,134.47150812848062,16.93199077459639,231.39449850930978,26.74804522697868,160.20700905664623,29.11064859087585,39.23609157900658,1141.896832986443,3.403273893232829,310.85109973561345,3.09388535748439,19.913371209990437,14.7943972548799,127.10243573156326,31.585756876863364,17.691398998706195,15.975698936828486,15.722562862125217,62.24334814648141,82.74737019744614,270.09619170838727,318.64206559036955,44.411317995162285,54.84614951904146,24.55419924621702,78.27529954435506,573.3250829723801,51.667885469989315,93.0134443381898,19.294594138493558,579.9347471451877,79.99099960623278,7.059683861168926,36.423468526748046,62.72149406536536,279.8841199302469,220.34088991393372,17.382010462957755,1.4906902176970243,226.9505540867413,38.898576812735556,3.3470214321876584,43.73628846262024,9.366034764020926,68.34674016988244,53.72110029813804,0.4781459188839512,0.2812623052258536,2.390729594419756,0.4781459188839512,3.6282837374135117,0.5906508409742927,0.42189345783878046,0.5343983799291219,0.36564099679360973,1.9125836755358048,27.366822298475558,0.8156606851549756,9.872306913427462,4.275187039432975,6.862800247510829,21.82595488552624,2.8126230522585365,0.4781459188839512,3.2626427406199023,0.9844180682904877,1.5188164482196096,9.056646228272488,2.1375935197164875,49.1927771840018,21.854081116048828,7.2565674748270235,0.5343983799291219,7.875344546323902,0.4781459188839512,37.998537436012825,146.0595151037858,0.0,0.9000393767227316,7.650334702143219,0.6750295325420487,9.225403611408,4.361033476964616,0.4955829127524329,55.0,355540.0
1576614213,2.9770598668569375,32.00688777043374,28.163265876604363,377.27594829140526,429.77283495767125,130.43156186623915,7.2958931948324945,39.80594601318572,262.3027348418035,39.38664180658615,222.70644093191757,56.57811427716847,74.80387045736305,720.8398383722051,17.09363482237575,7.854965470298587,0.0,49.31017469610928,38.05884515235418,24.30566717588833,39.959690888938894,21.929610005157443,21.44042176412461,6.429331167860053,1111.8130574125296,392.4268069565363,188.75677700423915,35.123715706157206,15.039044210037863,8.651643462837766,31.895073315340525,35.193599740590464,32.78958895608627,143.27624739507263,2108.121782713765,75.01352256066284,66.2360878358452,4.500531817502037,171.32769881658376,48.30384460027031,6.736820919366403,24.375551210321593,138.48220263295087,218.49942205903523,197.08695390868394,22.54458950817014,111.15754516954566,160.81714003782125,84.11242384387347,160.70532558272802,49.24029066167601,0.8246316063124851,229.8206356372236,63.37084242408148,48.820986455076444,7.729174208318716,33.907733507018456,51.89588397013995,66.05438934631871,63.90196108577427,2.557755660257369,339.04938145641125,104.7282140016856,52.133489687213036,31.61553717760748,795.2663350436286,31.783258860247305,160.14625330726193,145.66628137269015,25.9549303885133,256.4744063700695,26.388211401999524,158.4271060602037,29.700714634136116,34.396921748051284,1043.7320310676464,3.8995291213759886,271.63924184208724,9.09890128321064,23.13161539740954,26.961260484352266,132.2345699546173,34.1593160309782,20.01478746168608,16.464678512476397,12.495265356667147,58.81440337903283,89.91279870183418,243.23837024840978,254.9788880331977,41.91644385307021,84.8671714157527,27.35261107717853,155.3801621589135,514.0110500635246,57.989771772720346,79.7376832883513,23.411151535142583,636.2102726735255,76.22950475980159,4.794044762121735,41.27351073628421,79.51405437816487,356.9816246919861,294.51927471553705,12.425381322233886,1.9427761572446682,204.5086383654963,25.745278285213516,1.7331240539448838,29.42117849640307,13.669317135145938,50.44229605392811,39.38664180658615,0.628956309899353,0.33544336527965496,1.6213095988516655,0.2655593308463935,2.851268604877067,0.33544336527965496,0.32146655839300264,0.5590722754660916,0.16772168263982748,1.3837038817785767,25.815162319646777,1.2020053922520968,7.156125125965972,7.813035049638629,5.409024265134436,21.580189832991135,2.3341267500709324,1.062237323385574,1.9287993503580159,0.7267939581059191,1.3417734611186198,7.393730843039061,1.6213095988516655,38.673824655366886,18.57517635236089,6.457284781633358,1.1041677440455309,3.102851128836808,0.4193042065995687,29.658784213476157,147.38542861974838,0.20965210329978434,1.4396111093251858,10.244999447916127,0.8665620269724419,12.76082468751354,4.284444709708709,0.49016560293848394,93.0,715471.0
1579061364,4.9929480870329295,28.51157044749172,24.09306187281308,442.9496400234719,357.3447936242558,99.13423282100231,12.363808574044084,46.54629932373106,411.24191484735775,55.36661765005479,251.24047206904763,167.2587512686931,94.36504896261901,581.0856439216451,15.596700713340322,2.625054980874838,0.00333976460671099,69.71090663587849,32.15525363341341,69.94135039374154,39.262272716494394,39.048527781664895,38.460729210883756,6.475803572412609,994.301359651569,312.31808719657823,211.25013066829024,49.181373598426035,15.676855063901385,7.72487553532252,38.76130802548775,33.11710584014617,28.635141737940028,166.12323130241134,1881.479769542883,50.397047915268836,52.68478667086586,9.334642075757216,220.8118767373038,47.30442588945446,6.2052826392690195,17.807624882983,136.14884395718022,247.97418228368429,187.39419208255364,29.72724476433452,102.43726001703948,156.4178753553092,113.52861827592668,152.39679876882917,59.42443164720864,0.7481072719032618,319.7323646234766,77.24875535322519,69.4370459381282,10.486860865072508,43.90120575521596,74.50346884650877,61.61197746460434,54.92910848657565,1.1188211432481816,258.05359186673803,113.54531709896023,32.28550445307514,28.09743963625956,910.8072444837943,32.69629549970059,148.1853555997666,193.02837497407506,23.535321183492346,268.2832908570938,21.611616770026814,154.7379737581336,25.873156408190038,26.517730977285257,919.6809990438254,2.96905073536607,205.87644941609224,12.300353046516575,25.515801595271963,36.96451466707723,142.72150070318744,28.10745893007969,15.640117653227565,11.281724841469723,14.193999578521707,72.58310419764994,100.8007753597511,268.58720943630453,213.8852049429852,28.992496550858103,58.08518603991754,24.02292681607215,145.2330036874341,484.953859482076,47.07064236698469,65.55623946513002,21.08393396216648,555.780247496596,59.4110725887818,7.384219545437999,32.10849692891946,59.73168999102605,384.1230262408645,288.5823801366832,9.047422319580072,2.5348813364936413,289.8013942181327,30.43861462556396,2.962371206152648,35.93586716821025,13.315641486956716,72.98387595045526,36.309920804161884,0.34065598988452095,0.2504823455033242,0.9651919713394761,0.1302508196617286,1.6865811263890498,0.3039185792107001,0.2504823455033242,0.37739340055834186,0.4909453971865155,1.4227397224588816,24.380281628990225,1.1321802016750255,9.368039721824326,5.320245018490607,5.450495838152335,21.270960780142293,1.593067717401142,0.5510611601073133,1.666542538748784,0.5343623370737584,1.4127204286387487,5.757754181969746,1.4828554853796794,37.76605817268787,22.84398990990317,5.1966737280423,0.9251147960589442,1.1822766707756904,0.37739340055834186,30.525448505338446,132.14780595834046,0.14027011348186158,1.3425853718978178,13.672996299874793,0.8816978561717013,16.037549641426175,4.164967375476041,0.4609499285791339,160.0,2994223.0
158004641,3.4319055643193397,32.14983231480287,20.642488584804678,431.14247588326737,429.90718911991297,93.71866642824304,11.342970894551838,38.76957468777878,308.1355587754921,38.004991953202556,249.60513162030273,69.82483334835933,78.04472036943044,676.6806250750262,11.87718260975249,7.064296177933096,0.0024904975067629458,72.45106296924087,51.95800423484196,26.678209292444677,28.50623446240868,31.192236023452516,38.097140360952785,4.436821308298188,1128.6523768561055,359.25551059930837,204.28430324098403,37.78582817260742,15.584288148569135,10.442656045857033,33.92431178837147,35.20816325310777,30.620666845650423,166.7612225553401,2045.3011534490154,55.515679923252826,62.748084682892426,6.638421104276633,202.0752319524853,36.576691633074006,7.835105156276228,27.495092474662922,105.61328252054287,243.70389777802794,216.07680893550656,27.977003742221555,105.44641918758975,115.28637483681015,83.96089719674582,160.947156125802,44.16025654116718,0.9289555700225789,246.0312676980979,62.34960508181035,51.49975269359758,11.096411641382305,43.957280994365995,59.399610785049646,81.98966842014295,44.82272887796612,9.590905898544104,243.981588250032,106.23964264349375,39.44574476086492,28.94705252110572,908.03165521951,27.417887051953272,188.57922596333688,148.22195911499674,33.59556611747876,259.8323596318248,23.673424050535182,151.58288550037332,29.653108564273015,39.070924886097096,1040.1587741970511,2.991087505622298,237.93590555236494,6.066851926474536,29.533564683948395,30.59327137307603,139.58615901029623,32.787399676534186,23.988471985140695,13.672831312128574,14.839629394047014,63.81277236703358,97.02106612221071,268.0833778717304,284.6065835803492,46.56856763020694,72.02394264683102,21.993583482223578,136.94374115562073,543.2198446826135,45.7379867117015,83.2635578948522,20.008656969333508,541.3432548112676,70.56077536160778,4.558855686129573,30.009249707740118,62.154101027529464,349.3171802985708,248.70979776662145,14.402547081610116,1.0920831567155518,215.03578097767965,32.575707388459335,1.8877971101263131,35.555587655301196,12.484864001402649,57.43460825221368,56.22671696143365,0.4009700985888343,0.33123616839947184,2.0621319355997194,0.3673483822475345,3.16168658483556,0.392253357315164,0.2951239545514091,0.597719401623107,0.5479094514878481,1.8330061649775282,25.13161034074489,1.1232143755500887,7.516321475410571,4.358370636835155,7.139011103135985,20.136917590931798,2.387141860232284,0.9999347489653229,3.4169625792787617,0.7421682570153579,2.44317805413445,9.989385499626176,1.5976541505884299,41.633646820556166,17.762228218233332,6.299713443356872,0.9277103212691974,4.783000461738237,0.27395472574392404,30.046607170341563,175.40075840630075,0.1108271390509511,2.0210387267381305,9.506228983314164,1.5403727079328822,13.178467557036129,4.210023288754258,0.4939026993879852,835.0,8030524.0
1584730781,6.034676709492863,34.265233434766614,23.56593949652376,391.6537259431989,374.5348556420103,111.96914204492603,4.934963413913298,30.246697767169618,308.8040755374734,33.275491468745,261.8692285098839,62.821122009982645,74.40476872342073,651.9696094230767,11.638632378217062,3.4091112162966515,0.0045821387315815205,51.52156789790262,32.84018828924476,40.996395231459864,37.21613077790511,40.382388641427944,20.353860245685116,5.810151911645368,1086.704603720605,335.7378870017096,172.33881983351256,38.228783437584624,11.853992898601394,5.39317728707145,35.397021701467246,29.307359327195407,35.65362147043581,175.99536654131464,2187.8658551393496,60.08558518722848,64.30573495901506,7.331421970530433,166.47368225708823,67.23372160849566,13.631862726455024,30.85612221846996,207.40592754630595,202.7092353464349,234.08313924157355,29.875544529911515,95.43220336264832,143.26056744289625,105.27463735808544,142.41287177755365,46.3437511312155,0.9851598272900269,225.60618258814776,73.78617999465723,50.77926142338641,9.961569602458226,31.401396727528162,60.021435244986336,61.24944842505018,65.87282640521595,3.7161145113126133,262.01127481056295,113.5637263235164,43.98394968445102,53.51938038487216,864.3700681868065,35.41076811766199,151.86124184207475,131.31034963093163,32.6798134336394,288.04698708340914,28.90413111881623,151.38928155272185,19.368700418395086,31.506785918354534,1019.0447432100723,3.4045290775650696,221.61055761420866,10.314394284790003,21.238213020880348,30.06799435663794,122.10941505791594,28.798741927989855,17.89325174682584,13.260709489196921,10.790936712874482,55.47595362325747,105.34336943905916,238.49573884008657,216.40066587640047,22.337926316459914,79.4726141605499,24.115796144313542,162.1160683233542,679.6411452230975,64.63564894768894,77.1403055461749,21.678098339112175,584.6854842885336,68.54421328572796,6.153812316513982,30.828629386080472,67.41700715775892,410.11516289274084,268.5683153354561,9.104709659652482,2.62098335446463,193.7786469585825,30.989004241685823,2.790522487533146,36.4005100836836,17.370887931425546,59.08209680501213,33.35338782718189,0.5177816766687118,0.24743549150540212,3.1296007536701786,0.06873208097372281,3.9635500028180153,0.1970319654580054,0.219942659115913,0.16953913306851626,0.2703461851633097,0.8568599428057444,27.456175279636472,1.56709144620088,8.339492491478367,7.276436305751455,5.45274509058201,22.63576533401271,2.071126706674847,0.1787034105316793,1.3700594807428748,1.337984509621804,1.7457948567325594,6.703668964303764,2.016141041895869,38.8061329177639,22.68158672132853,4.5729744541183575,0.678156532274065,1.8145269377062823,0.3390782661370325,30.086322911564263,140.1492952441524,0.09622491336321193,1.2051024864059399,9.704969833489661,0.7056493646635542,11.711946597922367,4.212707785649383,0.4908043500075834,157.0,2182387.0
1585243541,5.690947804750973,33.95909837589105,25.282735329303502,404.782118510938,409.78412433680364,102.0854130171281,6.932478662533971,32.782155828628554,318.18354706083716,41.587695496257105,271.579492780821,78.98432728762825,72.85561426712721,652.7151131623083,11.99189631997336,4.858476246931158,0.0,54.84982858980036,33.801215839063154,38.25780926497785,44.5156989065199,35.566629659956895,24.134498697827894,10.628365320096078,1079.6725516186189,332.18485748589285,159.68383304352318,34.167216265346006,12.637779425178389,6.308124994169111,33.98780429167794,29.567093260496858,32.172155118157136,161.5353646117776,2021.4777661917512,61.05030639976863,63.53336811533463,6.767419646759353,183.93315540449865,67.04984279922867,8.898833893935947,24.0412044715205,178.96703197336666,225.35579188498113,242.36404698871354,20.675435845507632,98.10964368064381,148.53158476031638,115.72789949484765,157.02853583323585,51.132412495398086,1.0692953630616582,263.871954392041,85.0484519976088,59.63654004726429,10.118835314878778,38.408515322859024,69.35349254112661,67.44454914129841,70.04243452001197,7.018596409894642,283.7508010744624,102.8820021802143,37.999456022895835,39.59981082801497,884.8455011729955,32.581214418120325,169.14960877425023,126.01897030444776,26.15108928185693,274.5577315437109,22.548496850602213,163.87489674840916,20.919436129696198,29.983329039406765,1007.0609376356803,2.8921210155291828,213.70119007550375,7.772126699300508,24.45744025043041,24.67991109777881,107.98447871133403,33.20556808648519,17.094372851093084,14.230957751350793,18.622962866744984,53.113120684693506,97.30587803861089,270.20160882305026,229.11626685306373,29.40921072366896,74.17608639332416,22.19684938221281,146.0915819184307,574.455610248299,54.44076928983717,73.24314413025023,20.912259650749476,563.1670088651044,61.40913034710476,5.68377132580425,28.16767986588596,67.81772604652798,404.32282385834776,267.3166642864678,8.561539383439987,1.8228256524675246,228.77897234256778,40.059105480605204,2.1170612892831486,43.99899242235588,13.441545067211313,68.21960886754445,42.09004902252769,0.4305887368033523,0.30858859470906913,1.6577666366929062,0.17941197366806344,2.5763559418733912,0.2081178894549536,0.20094141050823106,0.38752986312301707,0.29423563681562404,1.0908247999018257,24.94544081880754,1.1123542367419934,6.832007957279856,7.879773883501347,5.454123999509129,21.278260077032325,1.786943257733912,0.4162357789099072,1.1554131104223286,0.8755304315001496,1.1769425472624961,5.411065125828793,1.5716488893322358,41.16428323840048,25.0602644819551,5.726830199484585,0.5310594420574678,2.5117676313528885,0.35164746838940436,34.18156922323945,156.13865244384226,0.186588452614786,1.2774132525166118,10.470482783268183,1.0764718420083808,13.01095633040796,4.176912531065184,0.5005977608668039,178.0,1393441.0
1586423406,3.746246933442286,33.637417853836965,21.477270040754075,441.7116105164062,445.3911766791885,91.80123553406145,9.214070127560314,33.200961900426215,337.8835887105818,46.50074470297051,251.2834532879985,64.2681391397332,104.45845818297325,593.6346536327987,15.554805228499847,3.6735042745404938,0.054556994176343965,82.45380386518119,40.73588898500349,25.502363833319897,37.832244517173635,39.705367983894774,46.62804435604864,7.26820400193738,1104.3669236705218,304.7250600278483,200.3575301685023,33.879893383509604,12.56629432528456,9.22013201580213,28.545431730711528,30.079089455890973,20.810462334154316,143.27272859532107,1802.223621844863,38.705156423995135,62.58293420850835,5.983083694672389,175.3825506122204,45.62177090790719,5.395080535216237,19.69507489766017,117.04900006122507,346.91580219088763,207.52874395857063,41.808843203804926,137.24721168295596,151.83211479276525,100.20907452546024,188.45804354981752,57.13935856735758,0.6061888241815996,256.5876054995875,60.95228627145984,52.54444728006106,11.838867736266641,55.59963895393632,65.69268287655996,72.63354491343927,50.68950947806536,3.5219570684950936,291.0070069366187,103.21577109340097,34.401215772305775,25.199269421229097,972.1328935635477,28.684855160273294,193.46516323755753,158.48806808227923,25.6175397099144,252.16848897130362,20.798338557670682,157.74851771677768,32.2128741170102,33.18883812394258,1006.3219432473899,5.122295564334517,189.7128544158734,8.092620802824355,27.927119130046293,27.133011770368398,138.12012358977748,28.642421942580583,18.537254243473317,18.391768925669734,11.802496406815745,55.66631972459629,90.59491977394006,375.8188853278663,238.60804497436123,41.62092466830863,44.16691772987135,18.74335844369506,158.35470654095926,427.6055965777004,40.88137430280708,74.68852502741488,16.015508734877862,526.420436807543,61.62515586630142,4.576725622571077,26.405585181350478,44.68824011866752,463.96480225211275,330.88816967952613,10.656799529112522,1.2669346425395431,225.19308629522246,28.38782263642431,2.8127161442026223,32.467473423166474,12.74815097253904,64.35906746336043,44.051741853276845,0.7819835831942635,0.41827028868530375,1.594276607597607,0.2606611943980878,3.055191673875262,0.35765140626714376,0.2727849708817198,0.45464161813619974,0.1515472060453999,1.2366252013304633,28.43631774235884,1.3336154131995193,5.486008858843476,5.188976334994493,12.135900260115625,24.144500867153113,2.0671038904592547,0.38189895923440775,3.1036867798097902,0.8971594597887674,1.2063157601213832,7.656164849413603,1.3154297484740711,43.73652366470241,23.944458555173185,5.716360612032484,0.9032213480305834,3.9220416924549495,0.27884685912353585,34.76492906681474,177.17080764355612,0.1879185354962959,2.5399311733209022,11.96010550110296,1.606400384081239,16.2943555940014,4.091557519196484,0.49041399562695387,158.0,1649651.0
1587936366,5.958472541694799,56.45072362553709,29.73432563826268,329.28299068891937,436.0518541876648,86.7654199659129,9.769573485571017,33.25524123108233,191.07738082571274,37.00830510474724,221.14058319517287,47.64843464348795,61.61602287434394,772.8216269338435,14.954218424448309,10.446672638036334,0.0,53.6842899454645,51.923832149054675,13.54198304930636,22.71184014269381,20.81596251579092,23.853235856849633,3.9852121545101573,1287.7845509188235,433.42084033808527,148.63293681117253,32.79094466939183,13.232452008179358,11.297883001135592,35.557378349464415,29.71497994819224,40.16165258622858,146.54360228356526,2300.0864752346147,82.95431902203667,88.1583096509844,1.9152233169733281,158.09297925561654,44.35966733151355,11.916945083389598,29.173300626219987,137.18028828947342,146.42752814314264,134.87815117109136,3.9658664644397197,59.21715730560967,116.65451112473907,97.28947536423098,167.28218203907443,30.372733410587124,1.9152233169733281,236.13349299976204,46.12012512792337,54.16793219722544,7.35136222676631,35.94429215087317,65.42712381822015,90.63455798000042,68.94803941103982,0.15476552056350126,165.19284751146716,115.53246110065369,44.630506992499676,26.368175566006528,830.8973885252974,29.598905807769615,160.14362240308293,121.68439054305287,35.11242747784435,233.40575069983035,34.59009384594253,148.63293681117253,30.276004960234935,34.93831626721041,1199.7229697181913,4.681656997045913,319.2425775423622,2.47624832901602,20.89334527607267,9.90499331606408,108.95492647670488,33.216549850941455,20.56446854487523,12.671426996136665,20.100171983184726,57.32127967870678,90.69259505021174,250.75883469301291,336.6150072256152,48.22880534560108,47.12610101158614,28.960498035445173,88.17765534105484,762.897287927709,68.15486611815187,83.10908454260017,19.40372714064897,540.7700745389438,110.3478161617764,6.345386343103551,36.06036629129579,84.86954233901001,283.60781643261606,179.83753489478846,20.23559181367779,3.4822242126787786,194.6563334887437,45.42368028538762,2.495594019086458,51.40149851715286,11.491339901839968,63.84077723244427,52.56223992137912,0.6964448425357557,0.32887673119744015,3.0372733410587123,0.3675681113383155,4.430163026130224,0.21280259077481423,0.3675681113383155,0.48364225176094144,0.42560518154962845,1.4896181354236997,38.149700818903064,2.9018535105656484,11.297883001135592,7.583510507611562,10.446672638036334,32.229919657349136,2.9018535105656484,1.7798034864802645,2.7857793701430227,0.9479388134514453,1.7217664162689514,10.137141596909332,3.05661903112915,47.300212222220075,19.73260387184641,7.815658788456814,1.9345690070437658,4.275397505566723,0.34822242126787784,34.10645159418159,151.76693860258342,0.1354198304930636,1.0253215737331958,5.242682009088605,1.973260387184641,8.376683800499507,4.455472114155048,0.5333961654907711,136.0,516911.0
1592116227,3.9139517492171016,30.267318157672275,25.848479578622314,444.46007531875836,405.5190603408806,120.93549919714364,7.720021697187867,39.35528109466369,366.2759763195131,42.27240500036464,262.8345900124755,66.53286446464088,92.13968880847139,667.0806450986493,13.0407521346572,4.000257190214171,0.00863054409970695,63.30504097135048,37.20627561383666,42.056641397871964,41.17201062765201,35.96347726347886,28.964105998616525,10.15815040535508,1057.1380856849048,325.5743303452951,195.06755774157648,38.915123345578635,13.88223018437863,5.860139443701019,35.80812746968414,30.103337819777842,37.64211809087186,156.49334088793626,1963.0302012944953,51.97313656843525,54.78237867288986,7.83653404253391,196.3103560919343,58.48056681961429,10.110682412806693,22.448045203337777,175.25182848864932,245.49151164411433,203.99154034067348,26.331790048205903,109.33173265508763,148.71290538205045,97.2403403713982,172.934527397878,52.14574745042939,0.8544238658709881,245.47425055591492,75.53020668858537,51.97313656843525,10.473165264994384,42.6564642128016,56.003600662998394,56.60342347792803,66.8090418758315,2.6840992150088616,274.7404255980212,97.54240941488794,34.24168371558732,32.4076930943996,918.4754489069632,39.096364771672484,172.61519726618886,163.5574412335464,29.490569188698647,274.4771940029801,26.456932937651654,153.40360610024118,24.454646706519643,29.024519807314473,985.6038209144838,4.099508447360801,209.04472391105188,10.421382000396141,22.568872820733674,42.492483874907165,128.15063406449863,26.832361605988908,21.19661630888027,13.618998589337567,10.529263801642479,58.657492973658286,103.70893317412856,263.848678944191,211.2886653769757,30.37519995891861,71.17609719028322,26.56481473889799,157.80518359109172,523.1231695155374,62.795838869467765,80.84662185400485,21.44690208777177,546.7967519810335,61.7817499377522,6.162208487190762,27.86371162590389,59.809670610969164,420.74334013276365,284.376428085344,8.993026951894642,2.4036065317683857,219.35390883815182,26.435356577402388,1.9548182385836241,30.793781347754397,16.79935409007958,55.058556084080486,34.69047200877208,0.5437242782815378,0.4660493813841753,1.6484339230440275,0.12945816149560424,2.787665744205345,0.14671924969501815,0.22870941864223418,0.2718621391407689,0.23733996274194114,0.8846307702199624,21.067158147384664,0.6645518956774351,6.373656817633583,4.915094864783108,5.441558054865232,17.39486163295936,1.7908379006891921,0.44447302113490794,2.2309956497742465,0.7853795130733324,2.0238625913812798,7.275548676052959,1.7476851801906574,41.39208950219453,22.29269540954305,6.645518956774351,0.5696159105806587,2.6323159504106197,0.22870941864223418,32.368855645950916,157.91306539233807,0.23733996274194114,1.1737539975601452,12.397776599229033,0.8932613143196693,14.702131873850789,4.103608370031126,0.4750424537758846,266.0,2317351.0
1594728054,2.8117112428415414,31.841233279861164,26.562291972936812,374.0972498298542,408.87122828022893,128.1749294046341,5.493078255882482,34.0012233736997,326.6147089739209,37.74396482940268,233.48375678139132,52.09114040959743,73.85862678629785,663.8990241872339,13.807178056735118,3.593776621645149,0.0,46.61668275797218,29.252969288106367,25.091264236615743,36.34741951011052,36.626728573968954,22.270242691645585,13.071664188574584,1135.1306561249219,328.9329742039459,164.3175222679151,32.33467929267773,11.526154035224597,8.388582217881552,34.14087790562892,26.525050764422357,31.0219266925431,159.2620282120775,2091.3824774527757,63.235572057548836,66.45693659404941,6.005144872956272,171.46783430269096,55.703537635499806,13.025112677931512,23.545754083265756,198.0394365777564,235.9975383561172,209.86352028109664,18.57405274658568,127.34631251518744,170.08990958765602,106.25847819387587,165.90027362977955,52.74286155860044,1.04275383840481,222.1344984866104,78.71860449743454,47.584954179348074,10.790640167064062,43.479110940629134,55.33112555035523,58.53386948259858,76.06516839077945,2.8675730556132275,266.1722275549564,108.53019191325778,36.719831595255094,33.45191554811145,882.9145714607585,28.200905147572943,168.1254358385184,146.34863915968938,20.054390785035366,294.38244300465794,25.249539372802186,164.634072540288,22.79161961084799,29.355382611521126,1059.75445009166,4.366531698320142,214.5559125539183,5.781697621869527,21.497487614970595,34.503979688644876,113.53913445845231,28.27538756460186,18.16439945292665,11.6564982650252,10.883743188350206,52.249415545783876,94.17370603093441,274.24425950046503,212.3586812515653,32.2508865735202,69.13830360709035,25.21229816428773,140.95797422722165,672.129331268929,63.933844717194916,80.15239102524116,19.886805346720305,528.5551621435667,74.40793461188609,5.548940068654168,27.44677067515518,69.24071693050512,434.0369749338736,316.01027484942915,10.492710498948401,2.8768833577418422,198.27219413097174,22.242311785259744,2.476540366211424,27.59573550921301,15.57613546117185,54.45595715026548,35.98431772709456,0.48413571068794753,0.3910326894018038,1.4430968299352283,0.13034422980060126,2.448609459825581,0.13965453192921565,0.24206785534397376,0.1582751361864444,0.2793090638584313,0.819306587318065,22.1492087639736,1.34068350652047,5.29756191118158,6.005144872956272,6.237902426171631,18.881292716829954,2.08550767680962,1.9179222384945613,1.2755113916201695,0.74482417028915,1.1730980682054113,7.196863545418912,1.8620604257228752,45.90909979619749,25.87332961541935,7.317897473090899,0.670341753260235,2.6906773151695544,0.29792966811566,36.8501758250557,153.27550394337845,0.21413694895813065,1.2196495788484831,12.28028850764236,1.1358568596909537,14.84993189513993,4.193248023190101,0.4978287737680376,171.0,1074079.0
1595408601,4.669922046101857,28.619655198340627,31.958270073249487,376.18739838435874,466.7024900962473,96.83362730159212,6.925556476050612,41.06358336845547,269.979437167475,47.96154798603576,226.41189264283787,59.27420995886744,68.91756449424469,623.8174301908736,13.168214454960776,3.959431690491087,0.0,69.17968714971273,26.902062008563135,19.25221924766659,34.97268061113207,27.5435727179981,18.96250473372822,4.049105230519631,1147.021148469721,357.88020028930066,187.51427016430262,47.68562940133255,11.595478522152469,7.953353204070075,48.0512215260643,23.287528548951062,24.149774126148596,169.0139290599523,2019.0204476365159,59.65359801283435,55.825227650077295,5.173473463185218,167.33772365788028,37.06966185487648,11.340253831301998,23.584141027507012,220.5624186471298,218.8103356342644,237.634881075641,14.747848352386661,67.83458404928457,165.38559967110504,105.35261360430378,148.31313724259383,48.00983373835882,0.46906159399545977,239.1455353268911,68.64164590954147,59.729475623627735,9.464007455320159,39.54603115258781,68.82789095421614,71.31115821654504,57.54971880447236,4.842371161541364,218.02396766786023,129.18508135804367,44.67121886344996,28.081613958169363,890.0788644294728,23.046099787335752,186.99002485336652,145.13317555388932,19.548831726222545,299.26129696910334,27.474593071822298,155.83191867575636,33.11712812900298,36.09704884379766,1063.81100128785,4.538860718367832,239.44214780544704,10.374538784840757,28.79900227839771,20.762873498916676,129.29544879192497,30.399330069676342,18.169238802706484,14.02356206754073,14.899603573973428,67.2344611275551,74.98087539309776,280.67818028934204,279.47103648126546,38.65619371691995,73.43573131875978,31.944474144014325,177.36736421184202,408.82166899013106,58.901719869518104,70.95936202104845,19.555729690840124,599.1847985414944,81.63741124906274,4.421595319868966,34.696762026428864,64.82707147601957,439.3727542813942,247.96803207277628,12.975071445668526,1.7106952251599121,211.96755473362475,22.459772794841427,3.511063990348368,27.681532010349706,14.189113218362658,67.62074714613959,42.581135584323135,0.7932659310217334,0.5380412401712626,3.1868596533220943,0.17244911543950728,4.690615939954598,0.2207348677625693,0.2207348677625693,0.5311432755536823,0.18624504467466785,1.1588580557534889,27.922960771965016,1.5796338974258866,5.856371960325666,9.084619401353242,5.552861517152134,22.07348677625693,2.676410271621153,0.544939204788843,2.6971041654738936,1.2416336311644522,1.8210626590411967,8.981149932089538,3.221349476409996,47.106200373455806,25.184468818785643,6.2081681558222614,0.7794700017865729,2.269430359183916,0.46216362937787947,34.90370096495627,173.84940225687606,0.15175522158676638,1.448572569691861,10.271069315577053,1.2692254896347734,13.140622596490454,4.261282849452612,0.5038489520957051,151.0,1449703.0
1599891719,3.2897029946479663,33.05368247003433,20.012359884108463,401.077456057009,440.05260391740967,93.67820908568972,8.028441832176584,33.61763155483113,328.39851775382215,32.325248235505136,277.6587653744661,101.14270183306951,93.27091252444758,610.2007423763091,10.840354629982823,4.918889239616483,0.0,74.9738977732627,55.06336202946477,28.032969090107315,28.354106763394377,41.951545807939304,65.49642009820546,5.639490847967942,1113.2354933888719,321.6467939886161,171.9653077321336,26.905070920513726,11.067500789137087,7.738634663600455,30.50024633609329,30.061619270140227,23.772020449420424,182.46885943647388,1887.0676292442065,41.50508611580851,62.40253275800083,8.623721421684312,174.07228417394384,47.47354726324125,6.9318741672939295,22.416976120672572,132.36354977751427,340.76623448846294,267.883647904655,45.531055971163404,45.844361018272735,116.32233136551655,112.82114746406978,180.3775482470191,39.405942300176,0.587446963329994,245.35701501749418,66.29534796833426,52.533423774056935,10.942178770293355,57.47581089220662,75.00522827797364,79.76746499403545,50.09747703278189,1.6996798805681161,244.2369494740783,114.72447562525896,37.95690645729535,22.322984606539773,1055.446377449556,27.49251788384372,159.5114321095377,157.96057212634653,28.636081305792775,230.2635443730022,22.65195490600457,210.07103408680587,30.88404501880222,33.78211670456352,1006.7979362596546,3.0077284522495695,199.39516460655543,4.809232473128218,30.758722999958486,21.790366026453913,113.24410927766738,39.77407573052946,23.145410355201765,15.798407000487973,12.68885440792787,45.711206373251265,95.78518552749996,400.9208035334543,289.8933274640855,40.46334683416999,55.20434930066397,16.260531944974236,108.17640014067396,368.6425510550156,87.45127127439177,68.13601512010158,18.41450414385088,562.2494049162261,79.46199257310386,3.6030080417572967,29.6778205874313,50.128807537492825,473.1297842659772,207.6977483549527,10.268572919008296,1.6213536187907835,209.9613773203176,32.47406813288207,3.0077284522495695,37.103150203922425,9.814280600699767,72.81992557438606,46.31431858893673,0.5012880753749283,0.32897029946479667,2.3027920962535764,0.3916313088866627,3.5246817799799643,0.5482838324413277,0.3759660565311962,0.46212494448626196,0.6422753465741268,2.028650180032913,33.42964852656553,0.9555803936834569,8.960524347326842,4.95805237050515,13.002159455037201,27.87631656655265,1.080902412527189,0.7910952439510586,2.0521480585661123,0.6031122156854606,1.2218896837263875,5.749147614456208,2.0521480585661123,38.121391607027746,20.928777146903254,4.9267218657942164,0.3837986827089294,3.7909910700228946,0.28980716857613037,30.320095934005426,147.58234244084997,0.14098727119919857,1.2218896837263875,8.937026468793642,1.6291862449685168,11.929089668687745,4.145083859150583,0.46908973354189,194.0,1276711.0
1606834013,2.5066863620595115,55.21424335000727,24.798290081803025,368.3933707098175,343.8188919103412,124.0138315372478,8.07958729199539,32.765971732635045,200.53490896476092,28.200221573169504,256.98011436756525,31.915488859793424,53.98328129721019,774.4765613634584,12.33200165620349,8.057206163762716,0.0,62.46572889739372,41.47223061514531,14.480589966540213,37.71220107205604,22.515415002070256,33.437405579615266,3.7376484148565927,1185.9088416647082,461.7002943118363,154.78788285717482,24.798290081803025,9.377692729490494,8.213874061391435,24.596859927708955,20.32206443526818,33.571692349011315,166.76178646165553,2342.364118575217,52.21517216682893,68.10577321202761,3.4019314913664798,162.50937209744743,87.10735108156803,4.5433690312328645,32.206443526818184,130.05673616006982,151.92309844339252,139.61347791542173,14.838688018263001,93.30692360201878,100.89412607289533,87.53259251798883,176.67662626873022,26.767829366278352,1.0295318987030135,341.8269714976332,55.54996027349739,63.98764561721556,5.684806571099249,20.075872024708765,56.87044683922517,79.38586184129542,83.32494041024609,6.423383802777498,221.59555063170734,108.66037756963328,45.27702241469993,31.49024742337261,766.8669777643491,22.49303387383758,172.6927854433142,126.56528015577265,17.16632535446112,243.52905629972807,21.978267924486072,145.38780899945166,33.1464509125905,32.04977562918947,1109.7682434171506,2.6185920032228824,327.57019281341974,6.289097033381453,20.232539922337484,21.664932129228635,110.2941999306185,37.354103020333255,21.776837770392007,17.143944226228445,14.883450274728348,42.38985687268495,76.40917178634975,183.34620248206713,270.8564138718233,42.412238000917625,64.54717382303242,15.935363301664037,110.11515090475712,817.2021351596334,52.998511654972525,92.1654860621524,20.657781358758296,604.6261792056938,69.80673895771086,6.087666879287385,29.498327010664607,55.61710365819541,281.97983460346234,209.0397376931771,14.234397555980797,5.013372724119023,263.6944528373675,62.71192130795313,13.585344837233245,81.31063886930541,18.106332740233434,55.572341401730064,50.06658385649221,0.38047917995546154,0.11190564116337104,2.3052562079654435,0.06714338469802263,2.864784413782299,0.4700036928861584,0.22381128232674208,0.3357169234901131,0.22381128232674208,1.2533431810297557,29.654994908293325,1.835252515079285,11.839616835084657,5.21480287821309,6.64719508510424,25.536867313481274,1.499535591589172,0.6042904622822036,1.589060104519869,0.9176262575396426,1.0295318987030135,5.640044314633901,1.9023958997773078,40.867940152863106,16.651559405109612,13.339152426673829,0.6042904622822036,2.5066863620595115,0.22381128232674208,33.3254999384519,164.99367733127426,0.11190564116337104,0.9847696422376652,5.95338010989134,0.6490527187475521,7.699108112039928,4.36922551896241,0.5078471816564273,54.0,446805.0
1607829807,3.8571305597308947,24.417457406021757,27.50481727464756,408.24333362027295,425.36038511710444,127.35152530476297,6.034008965759275,44.44804958316503,380.05979380078,43.338917619637265,231.27884570815593,51.78156390917699,83.557366953827,603.8561373072263,13.119210165608301,5.512551400817116,0.0,45.78894046444487,40.102569875313705,40.31777458465491,37.90913726087446,57.74935604129282,23.647686714916667,13.533065375879856,1028.2398241280898,294.3421026493355,169.89584092067886,38.78651030665016,13.193704103457181,9.634549295121806,31.75097173203372,29.3506115124587,34.26721141048478,163.29898886895026,2108.2943205821784,46.62492798919341,54.339189108655205,8.070176600295326,169.97861196273317,61.00225799402724,9.932525046517325,28.663611863407915,153.1926446341189,257.6248683940431,236.16233718936027,47.998927287294975,145.89223872492866,151.6531032519087,113.92606228355372,169.7965156702137,55.44832107218297,1.2415656308146656,214.72463729729373,77.84616505207954,50.34962488163741,10.48709102828121,33.53054913620141,45.78894046444487,50.18408279752879,65.68709897430125,6.7375628232209195,286.9837570107073,93.05120547745648,33.27395890583304,59.173017964626965,924.5359855382435,32.562127944165965,157.62917248822995,159.5825690807117,23.90427694528503,299.8712082585635,27.777961713426787,157.70366642607883,21.628073288791477,26.958528397089108,960.5579430402797,3.8322992471146016,185.53956786894364,7.987405558241016,17.38191883140532,31.09708049980466,118.34603592925393,26.22186612280574,17.22465385150213,15.635449844059357,8.492308914772313,61.614763705229144,121.36717896423629,273.980426303975,195.21550268509262,23.30832544249399,69.76771134757878,23.043458107920195,132.96340195604526,749.5166171144028,51.54152788721949,80.34585052211973,18.640038670630847,535.0816784642992,52.915527185321054,5.909852402677808,29.698249889086803,54.69510458948874,410.817513028162,345.5442692641323,8.550248644210331,3.2942874737615795,192.83169667392843,22.439229500923727,1.4402161317450122,27.173733106430316,18.07719558466153,45.09366371118866,25.31138466020832,0.6787225448453506,0.1655420841086221,4.1716605195372765,0.07449393784887995,5.0904190863401295,0.09104814625974215,0.14071077149232877,0.10760235467060436,0.28142154298465755,0.6207828154073328,22.49716923036174,0.8194333163376794,4.072335269072103,7.424562472271701,4.469636270932797,16.78596732861428,1.9533965924817407,0.21520470934120872,0.943589879419146,0.8359875247485415,1.1505174845549235,5.09869619054556,1.340890881279839,41.55106311126415,26.428793727941517,5.6946476933366,0.951866983624577,1.7464689873459631,0.28969864719008864,35.11147603943875,141.3232772035307,0.42213231447698635,1.1256861719386302,13.996583211383998,0.7614935868996616,16.305895284699275,4.121807584558896,0.4792716668101365,90.0,1208152.0
1612691018,4.881082256378528,40.15165585961247,25.717598330035962,415.8111566326618,476.4696970369295,83.42847217688028,8.842999672270192,33.17868120764314,314.05010018896763,53.33691701969992,254.00011029978086,59.840800649627674,80.85481062351705,655.003204398806,13.68604752145616,6.81449795533366,0.0,69.83751067340552,43.181730299286414,19.923690301035993,35.422711232004175,29.21676379175148,31.162857626437464,5.400885821343515,1123.2004178713537,340.636150816567,183.54771004342896,35.378337756946195,11.758970890366456,7.397692198952913,35.35932055334991,26.110620537692416,26.08526426623071,149.76047832070486,1944.718256959187,61.30512532654123,68.63942684683988,5.7368564182111275,188.8852051861182,36.487674633395855,4.139411316123609,18.934795714029434,145.41187776502215,231.38865522380397,219.46486856893642,17.470471037115875,143.45944486247075,156.94264221223327,99.61845150517998,156.87925153357898,48.912247649632114,6.415136679811781,246.82428547611786,59.66330674939573,58.395493176310396,9.98403188804699,37.077207944880534,73.31131986365934,91.36498514439445,53.50173278420102,2.446880196054691,232.1810387069823,111.64366324589434,37.60335057771095,21.020349041754805,982.2892782907844,19.61307597563009,183.30682546454275,155.04092185260527,20.982314634562247,261.4548541095226,21.55916981031607,161.48141480387875,29.070965230846664,30.662071265068757,1033.5596591863552,3.7971016513905695,226.53926830675258,10.541869860204537,30.300744396739436,19.83494335092002,128.52460097152553,29.565412524349945,16.640053146744982,12.608405984333627,17.06477069372857,54.53500084626556,81.4126485956746,314.10081273189104,275.248665784691,44.14526861483127,60.93112032248106,22.94742567284451,147.7002812644412,438.828312052026,50.39558953014195,78.26847093442298,19.15032402145394,561.0075060902594,82.23038835031464,6.51022269779318,35.48610191065845,67.04198174475236,376.80053298882615,317.8725581118199,14.319954307998826,3.194890204175037,208.25105751499666,38.446446603812696,1.9270766310897047,43.56841343907744,11.980838265656388,71.99279374765058,55.01677000403799,0.7480100081203459,0.4437347505798662,2.110909599187078,0.1457985609048132,3.4484529187921034,0.335970596867613,0.2282064431553598,0.46275195417614623,0.21552830742450646,1.2424573016236256,35.086740635136564,2.484914603247251,8.253466360785511,8.545063482595138,11.112385968092935,30.395830414720837,2.066536124129091,0.4690910220415729,2.522949010439811,0.5578379721575462,1.4262902697209987,7.04270439848902,3.0490916432702235,43.4416320817689,21.69862930335546,6.041131675751608,1.2551354373544787,3.809779787121423,0.5451598364266927,33.34983604000966,170.99001660201873,0.2662408503479197,1.2234400980273454,9.578331544659685,1.248796369489052,12.316808862524,4.223375867612371,0.4945636056998362,137.0,1577519.0
1614844654,3.902736909043847,39.64721554069837,29.712454379588227,324.04194983031704,359.7921677809554,102.52719432817541,8.85002987315531,35.66412816588009,271.29760836838625,33.85050336697148,337.3456912349694,69.82455475798153,74.41600994509193,676.6427509244608,13.975241725767305,8.172790233056526,0.0057393189838880095,46.79840699462283,37.472013645804815,22.911361383680934,44.69207692753593,39.101980237229014,26.67061531812758,15.82904175756313,1203.7475457237194,323.4622786129443,152.08047443506447,21.430617085837827,12.63224108353751,7.139712815956684,21.752018948935557,24.01904994757132,25.77528155664105,175.74942592461863,2130.6303436646813,73.34849661408876,89.73999163207291,5.73931898388801,151.81072644282176,56.79056134557186,6.634652745374539,36.6168551172055,185.07581927343665,226.1636038790909,178.48134176094933,53.37566655015849,133.53099547913843,113.46059699248207,98.10791871058164,163.11718484108113,44.077969796259914,2.0317189202963553,232.03492719960835,73.35423593307266,48.78995068203197,9.177171055236927,36.67998762602827,69.04974669515664,65.99642899572822,59.45360535409589,2.301466912539092,361.5770959849446,124.83592721854811,48.8703011478064,26.44678187775595,759.8227009579497,23.450857368166407,172.69610822519022,133.55969207405786,23.44511804918252,254.14852324452886,25.138217149429483,177.70653369812445,22.23986106256604,36.99565017014211,1127.6441759973645,2.927052681782885,212.6762042669541,4.2241387721415755,25.970418402093244,17.550837452729535,107.21047861902802,27.066628328015856,21.843848052677764,14.755789107576073,13.653839862669575,41.202570985332024,88.89631174144138,257.30514868566723,259.7099233399163,30.24621104508981,91.66840281065929,18.22233777384443,139.396579480672,570.4596104035487,48.41115562909536,94.19370316357002,28.78842402318226,570.6891831629042,82.77819770461677,9.739624315657952,25.792499513592716,79.08781559797677,411.2394231525276,300.367259021779,11.56472775253434,3.535420494075014,195.4352900393545,38.99293317653514,2.353120783394084,44.881474454004234,12.48875810894031,67.50013056950688,38.78057837413128,0.6313250882276811,0.3443591390332806,1.5668340826014266,0.1836582074844163,2.7261765173468047,0.1836582074844163,0.40175232887216067,0.20087616443608033,0.7059362350182252,1.4922229358108825,26.82557693069256,1.1134278828742739,7.983392706588222,5.957413105275754,7.552943782796621,22.607177477534872,1.8021461609408351,0.5280173465176969,1.3602185991814584,0.8035046577443213,2.1407659809902277,6.634652745374539,1.8939752646830432,43.538473811774445,25.28743944301057,5.658968518113578,0.6657610021310092,2.944270638734549,0.4534061997271528,35.00984580171686,160.0581278226688,0.12052569866164821,1.4577870219075546,10.193030515385106,0.8666371665670894,12.637980402521398,4.256788057682451,0.49232005662412104,209.0,1742367.0
1617887885,1.7486123191979699,25.960167508092937,33.30209743805877,244.3573625545881,411.8766645444192,153.07083224979152,10.984872261628272,30.129935346180403,203.04079198687197,18.02415775173292,177.8540491584243,56.09010285427334,35.35335419711793,752.4413318148802,13.495700207143306,7.666992476483406,0.0,32.45020938511617,24.962561761883837,25.28762430840141,39.74730310176923,10.895199835002735,22.69833298958903,7.566110996529677,1236.6275993794668,505.64039563474626,156.5120116215465,23.75198400243909,14.493305953352404,13.551745473784266,19.41408036442874,24.1667189755822,39.44465866190805,270.8779827290906,2732.3524664400943,61.862765318292276,74.74196759238502,5.705408144049786,123.9609207564766,46.87626101849942,5.51485423747052,82.90215841530888,108.10011029708475,119.9704977716402,162.65457284539576,5.626944770752441,51.404718563089034,103.31384452594672,84.4490077745994,147.3766331590699,26.722383134410002,0.8294699462862164,234.25800550588698,65.12459983679618,52.34627904265717,4.606920917886959,24.581453948725308,51.236582763166155,66.514522449492,95.12002654303828,12.09456854111929,225.5821982298663,167.4408386165338,84.13515428141001,47.29099599164253,626.6421263125801,13.932853286942798,113.30111104136589,85.72683985401329,14.235497726803985,246.29652878036532,32.93219867822843,155.88430463516772,30.85852381251289,53.22058520225616,1169.3508613036577,2.746218065407068,375.861976200938,3.7662419182725504,19.41408036442874,15.042549566433816,120.1050064115785,32.472627491772556,18.39405651156326,24.839262175273724,13.069756180672005,51.79703542957576,74.50657747249298,168.0125003362716,297.4098119569214,34.06431306437584,83.31689338845199,25.948958454764746,96.0727960759346,840.1073378946708,56.20219338755526,107.64053911062888,27.944169947182942,781.3718984549441,90.33376077190024,13.159428607297542,29.457392146488875,67.56817346234206,228.07060806872494,160.3455078597882,17.86723100513823,2.286646878951191,207.45715899817964,25.18674282844768,8.384371889487701,35.857761596886576,16.365217859160488,50.26139512361344,39.6576306751437,0.43715307979949247,0.12329958661011325,1.4571769326649748,0.2465991732202265,2.264228772294807,0.17934485325107383,0.2465991732202265,0.16813579992288172,0.34748065317395554,0.9415604795681376,27.159536214209492,1.1657415461319798,14.179452460163024,5.100119264327412,3.508433691724132,23.95374696234655,2.9816081852991023,0.7397975196606795,1.7374032658697778,0.34748065317395554,1.3226682927266695,7.128957916730185,2.735009012078876,37.337356636207936,16.679071352349865,5.08891021099922,1.1209053328192113,4.046468251477354,0.5380345597532215,27.473389707398873,105.38751939166225,0.12329958661011325,1.468385985993167,5.952007317270013,0.36989875983033976,7.9135916497036325,4.64644420065999,0.5749876180313315,268.0,892136.0
1623855270,5.5233611010503445,46.642973560304235,26.722654835204636,342.92375950742485,467.83321260412896,83.35974284679465,10.18652662078957,34.14750090546903,208.83511408909814,32.00833031510322,227.51041289387902,38.14288301340094,65.58991307497284,760.1412531691416,13.74049257515393,9.948840999637813,0.0,77.13464324520102,46.575063382832305,8.375588554871424,30.989677653024266,24.27788844621514,38.8672582397682,4.380206446939515,1320.196486780152,469.98370155740673,172.6503078594712,31.136816370880116,17.102046360014487,13.570717131474103,33.83058674393336,39.138898949655925,28.443045997826875,150.5795001810938,2141.1173487866713,50.21957624049257,80.30378486055777,2.342901122781601,161.7167692864904,33.34389713871786,9.020735240854762,28.058221658819267,146.17665700833032,176.29482071713147,172.62767113364723,3.2936436073886273,51.8607388627309,116.7036399855125,72.95816733067728,178.56981166244114,32.495019920318725,0.39614270191959433,255.70445490764214,47.491850778703366,51.74755523361101,8.18317638536762,42.907913799348066,82.57877580586744,92.56157189424121,54.93933357479174,0.7356935892792467,217.3804780876494,116.6130930822166,40.38391886997465,12.563382832307136,797.2202100688156,24.49293734154292,162.97310756972112,118.62776168055052,23.327145961608114,225.26937703730533,21.731256791017746,124.73967765302427,43.76810938065918,31.55559579862369,1220.1534770010865,3.452100688156465,346.5003621876132,1.9128033321260414,25.443679826149946,17.96224194132561,125.95074248460702,34.50968851865266,22.466950380296993,17.2831401666063,14.487504527345164,61.80957986236871,91.85983339369794,280.50298804780874,407.05360376675117,58.199022093444405,55.02988047808765,19.22989858746831,66.82361463237957,556.3428105758783,55.482614994567186,87.09480260775082,14.962875769648678,558.0745201014125,96.29663165519739,4.153839188699746,36.79599782687432,52.562477363274176,322.4714777254618,171.858022455632,17.000181093806592,2.1504889532777978,218.38781238681636,38.61825425570446,2.739043824701195,43.50778703368345,11.307044549076421,81.00552336110106,57.689695762404924,0.4300977906555596,0.2037305324157914,3.282325244476639,0.5998732343353858,4.516026801883376,0.441416153567548,0.39614270191959433,0.4074610648315828,0.16977544367982614,1.4147953639985513,34.045635639261135,2.5579500181093806,8.715139442231076,5.636544730170228,11.205179282868526,28.11481347337921,3.7690148496921405,1.573252444766389,3.8595617529880477,0.5998732343353858,2.093897138717856,11.895599420499819,2.784317276349149,47.79744657732706,17.49818906193408,9.813020644693951,0.48668960521550164,5.081944947482796,0.23768562115175662,33.11752988047809,154.13346613545818,0.15845708076783774,1.052607750814922,5.704454907642159,1.9241216950380298,8.839641434262948,4.408841232682905,0.5020960031465048,98.0,883520.0
1633301179,1.3489882174569006,14.425070325321336,29.752224796058638,303.6878689544845,432.68590174896735,180.3588970738542,8.317381340761871,33.74953344042479,181.7244372939793,27.683224462535783,171.64426766905595,37.002001964722716,64.47005039257212,707.3663860274614,24.074887880871927,4.9324967951184835,0.008276001334091416,36.33992185799541,24.6790359782606,23.50384378881962,55.482312943748845,14.276102301307692,20.789315351237633,2.830392456259264,1140.333671821788,368.6627554284362,179.28301690042233,29.48739275336771,16.014062581466888,10.618109711639285,26.739760310449363,32.681929268326996,26.09423220639023,225.26448031263422,2586.6311129649353,51.75811234340771,77.0247444163888,4.891116788448026,145.79831550268847,44.39247115606635,7.887029271389118,45.48490333216642,73.79710389609315,263.0195983987593,161.3571980107803,46.21319144956646,177.94230468429953,85.92144585053707,57.21199722257395,139.8644225461449,53.090548558196424,1.3820922227932664,226.6548485367616,71.84396758124757,53.57883263690782,5.594576901845796,34.33712953514528,29.032212679992686,47.057343585643785,85.75592582385524,3.492472562986577,429.11066917263986,121.05307151375513,66.65491474477226,52.38708844479866,538.9249308746988,24.397651932901493,141.6106588276382,136.9843740818811,32.35088921496334,275.49153240923505,22.196235578033175,170.9077035503218,28.808760643972217,32.73158527633154,1087.8803753663165,2.2593483642069563,251.08560447499943,5.55319689517534,16.90787072554876,30.604652933470053,127.47524854901006,25.60594812767884,14.789214384021358,22.7507276674173,12.471934010475762,56.11956504647389,73.05226377602492,181.97271733400203,188.87490244663428,25.117664048967445,101.92723243066986,17.818230872298816,114.55641046649336,955.1415899688243,43.821427064014046,102.39068850537899,22.93279969676731,715.9403234095802,58.420293417351296,10.29534565960972,23.97557586486283,56.64922913185573,336.8167022948524,310.07694198440305,9.807061580898328,2.3586603802160533,203.25031676395108,21.352083441955852,1.5393362481410031,25.250080070312908,19.398947127110276,28.25426855458809,32.822621291006556,0.25655604135683385,0.12414002001137123,1.1089841787682495,0.12414002001137123,1.613820260147826,0.09931201600909698,0.2896600466931995,0.19862403201819395,0.17379602801591973,0.7613921227364102,14.201618289300868,0.8110481307409587,6.115964985893556,3.3352285376388404,1.5641642521432775,11.826405906416632,2.0027923228501225,0.36414405870002226,1.8703763015046597,0.5462160880500334,0.7862201267386845,5.569748897843522,1.7048562748228315,31.68880910823603,12.68711004516214,7.911857275391393,0.9682921560886956,2.3669363815501447,0.48000807737730206,24.414203935569674,130.95116910932845,0.14069202267955405,1.7048562748228315,8.292553336759598,0.5213880840477592,10.659489718309743,4.330274653173474,0.5490476639744833,139.0,1208313.0
1634341981,2.973634627462541,24.95545956754124,37.234519796459836,278.97050718414744,408.92603083864185,148.75863571694074,10.317999461669594,30.261859290685603,188.63353798433715,19.085094656429845,249.0290826593522,37.93947628141863,39.669824017226574,773.068098796447,9.305425601456056,1.179199938476525,0.0,54.44827542008998,38.952050141632164,25.096450864532997,34.5300503723452,25.327163895974056,27.006242069239544,1.2561042822902113,1185.211294684628,439.2904292544124,108.56329868365398,13.39417321421705,18.16224253066561,7.049564849587921,16.675425216934336,25.557876927415116,28.85194632076802,225.701431702534,2568.8486137992027,89.55510837103782,84.49223906997014,3.3325215652597446,148.3741139978723,67.58610082159474,7.51099091247004,48.462553993258055,71.2903267152873,106.30743793178584,87.14543893154232,12.676399338622643,103.61578589830683,160.26865250772246,100.3986208487676,151.0144964688089,30.1721375562363,0.07690434381368641,194.99096373960188,54.66617106089542,53.833040669580484,5.831912739204553,36.55519809277227,59.395788205437135,114.49775054794345,57.011753547212855,7.780156115817942,372.4477370896833,138.7610710211615,56.76822312513618,13.112190620233532,709.9039977441392,5.114138863610147,118.12507209782233,97.8992296748228,3.2812520027172867,214.89637139671106,17.828990374139632,226.47047514067086,17.162486061087684,38.452171906843205,1105.102603212038,3.063356361911842,349.0944513515938,2.550660736487266,13.881234058370397,12.420051525910354,76.41728296953306,22.468885784232047,22.020277111985543,17.188120842358913,8.99780822620131,38.60598059447058,79.7369871441572,210.85889334649252,271.7799510375678,24.327407426396135,58.075596969968856,23.084120534741537,90.90093438777734,1002.7044694241147,60.2545533780233,70.38029198015867,18.559581640369654,625.3989412835335,79.07048283110524,15.829477434983787,28.839128930132404,92.88762993629757,177.59776464707315,276.56083774465196,24.391494379574205,3.3966085184378163,172.43235622092055,22.54579012804573,1.8969738140709314,27.83937246055448,8.779912585395865,57.42191004755252,63.04874453658724,0.576782578602648,0.30761737525474564,2.102052064240762,0.34606954716158883,3.3325215652597446,0.08972173444930082,0.20507825016983042,0.34606954716158883,1.2048347197477538,1.8457042515284738,52.80764941873134,0.9741216883066945,39.733910970404644,4.4348171599225825,2.486573783309194,47.62942360194312,3.3966085184378163,0.6793217036875633,1.3458260167395122,0.33325215652597445,1.4739999230956562,7.229008318486523,3.063356361911842,34.91457209141363,13.855599277099168,6.767582255604404,0.6280521411451057,2.99926940873377,0.37170432843281764,24.622207411015264,109.66559427831682,0.26916520334790245,1.4483651418244274,6.498417052256501,0.24353042207667364,8.459477819505505,4.4730613469795815,0.4924319556774631,159.0,780190.0
1635418897,3.0322599836680175,26.810551880912787,21.724799376659465,484.5474687825956,423.54722600988174,88.2426038285161,7.791756666893766,39.054740928888705,411.71565461791124,58.77402658217281,248.33825435863383,82.83059550323522,126.91351437972531,589.9185032150592,12.301763604627842,2.715599922082433,0.0,58.42857924226126,34.554329750596615,34.592712788364565,39.054740928888705,37.5386109370547,18.011240472610343,7.532671161960106,1030.6709259044244,290.28131887956073,222.57364025689768,41.6455959782253,10.516952348418187,8.300331917319099,38.16233530078388,28.211532759442946,29.036768071453864,118.54601214631231,1700.0998918557912,46.70256120415266,51.07822750969891,8.137204006805312,244.87418520007637,45.493495514462246,9.643738239197335,14.48959675740097,125.05193704797976,358.2864660449254,334.8056426903823,20.75562767301874,102.14685925995585,148.02418515209757,102.00292286832602,166.85106517727687,59.88713467744334,1.477746954066059,205.03259199694472,61.835073844166786,45.12885665566673,13.242148029942609,45.244005768970574,54.820573692074,62.80424554780751,56.73972558047148,3.819112257910984,230.20226901327766,100.31406920653625,33.38364709867415,48.391414865942444,1070.1382844893185,65.54863274821591,207.72900040014318,211.9031557574077,41.031467373938106,295.8372635964715,26.676211248724965,153.22508676965475,37.26992967267905,32.971029442668694,952.6861889193927,4.740305164341774,176.30288822763444,7.4655008458661944,30.034727053420553,33.33566830146422,143.4374121388276,28.969597755359953,21.101075012930284,12.301763604627842,12.89670069003106,60.46288024396259,94.78691176795151,327.7527595005215,239.77883693638108,46.14600715651739,64.01331123749793,19.297072237836655,141.37432385880032,315.969166905761,40.350168453557,68.31221146750828,18.35668781252189,554.1359162558882,66.94961362674607,3.2817497291596895,34.80381949608829,54.83976521095797,483.3384030929052,270.92667208507214,10.411398994556325,2.0438967611433156,183.46132477135706,20.390988814223217,1.1706826519224625,23.605568227288998,16.197641938074725,53.515550407963715,35.97450214801075,0.5181710098673195,0.21110670772372273,0.9307886658727775,0.16312791051378575,1.8231942939776054,0.4126176560054581,0.18231942939776055,0.3742346182375085,0.2590855049336597,1.2282572085743868,26.234806314393545,1.5833003079279204,4.989794909833447,7.235202619258497,9.375056974821687,23.18335481184155,1.257044486900349,0.2686812643756471,3.0418557431100046,0.49897949098334465,1.4201723974141347,6.4867333827834806,1.6120875862538826,44.57230260803146,28.883235920382063,4.567581494386001,0.47978797209936985,2.3509610632869125,0.19191518883974795,36.473481638994095,189.77533448418475,0.3166600615855841,1.6504706240218323,14.950193210616364,1.036342019734639,17.95366591595842,4.008263643298753,0.46762153720227956,137.0,1042127.0
1635446643,2.4246875805270194,36.603651843269816,24.530939622235703,462.6080710646509,478.17071017983267,102.34413519814466,6.766805925571222,31.59195450109263,326.5110673292117,35.79204093765408,237.3251739383622,115.79658595872553,93.09177087412523,633.5536180599659,13.756804850186771,6.98999892461555,0.0,64.37088995164828,41.3008499595209,38.55151801674759,29.157121784245415,41.676220003368186,23.972957124624884,10.09441063859575,1032.9676349861113,305.87586005393155,219.6726367412199,38.764565879471725,10.114700911236143,5.752292293551548,31.581809364772436,21.47725358985649,24.399052850073147,136.00569750855743,1909.03059164406,50.289440739215216,63.67087554555471,2.95223466917725,212.89568567932847,38.62253397098897,13.45245076058087,21.771462543142192,160.9221523109606,334.15035497831985,227.7887457973773,23.059894855807176,140.57100885264595,114.60960500926251,128.06205576984337,172.75138126030998,49.42710415199849,2.171059172522101,230.91344778399787,62.4433140508109,43.62408617684596,12.478517673841983,44.344390855579924,46.65748193658478,60.30269028724939,58.212792205288864,0.6695789971329845,264.91994472929736,96.26719854234682,27.787528381018856,30.344102733708432,1062.601578177406,40.408077963343594,162.26131030522657,155.95103551406422,42.77189472594943,246.75000557982497,24.307746623191377,227.7075847068157,30.181780552585284,24.135279305748032,957.0312896294388,6.279839382201779,189.11548614478733,6.837821879812599,31.693405864294597,30.009313235141942,144.62906338072466,26.083145479225806,29.725249418176432,16.21192783967438,10.733554226768145,54.631559084259415,87.55252644329782,313.25137415871455,222.89879009104246,31.013681730841416,55.67650812523968,21.822188224743176,138.51154617964602,534.6994097559689,42.2443476372992,88.53660466635691,17.469924743378776,535.2776825262201,70.91450287817517,6.513177517566303,30.831069277077876,53.24167540839246,495.07250728928045,278.2405087177156,9.049461597615487,2.566719489009774,196.20693643260483,35.39638062116641,2.029027264039347,39.99212737421553,12.529243355442967,45.55166207768334,34.493463488668894,0.5579824976108204,0.5478373612906237,1.8869953555565926,0.1826124537635412,3.175427668221578,0.2637735443251151,0.15217704480295102,0.2434832716847216,0.31449922592609875,0.9739330867388865,25.301969982570657,1.8464148102758058,5.072568160098367,6.168242882679615,8.065383374556404,21.152609227610192,1.6232218112314776,0.6188533155320008,2.0493175366797405,0.9637879504186898,2.992815214458037,8.247995828319945,1.795689128674822,42.10231572881645,24.642536121757868,5.569679839788007,0.2637735443251151,1.4304642211477396,0.15217704480295102,32.05863077182168,149.69148640450283,0.21304786272413143,1.0753844499408538,10.033539820674571,1.2478517673841985,12.569823900723755,4.125443893946803,0.45579893963035184,227.0,985694.0
1636762428,3.5505242168907185,34.831157136425034,24.318518042065993,474.80800154370615,455.37274072168265,90.5177847816299,7.6516369717630415,40.5685984434296,351.6099569048691,48.53926802598572,273.24628545700136,90.02894449089857,90.21418923264939,636.783945455715,12.61722518813919,6.149096288673056,0.010291374541712228,67.09976201196372,47.14478677558371,31.743744773911367,35.03698462725928,26.484852383096417,38.86537595677623,7.898629960764135,1079.225574065736,343.25850646426966,209.64044510194893,39.740142792821764,13.07004566797453,7.94494114620184,36.076413455972215,32.75229947899916,21.339165112240302,120.80530005788899,1758.4871679423684,50.58725155978645,51.45172702129028,6.540168521258121,207.741686499003,40.712677687013574,3.715186209558114,13.250144722454493,156.423747346755,334.15578568212516,284.4638837074677,17.74232970991188,59.59734997105551,136.55624879397953,85.15597864539782,166.8592011320512,57.230333826461695,0.9725348941918055,245.722004245192,59.31948285842928,48.770823953174244,10.780214832443558,36.709332990287514,72.74972663536374,63.63671447867756,46.362642310413584,0.24184730173023736,270.9307261851161,99.90351836367145,34.05415835852576,19.852061490962885,990.6528590724898,42.44677429729208,178.9258377822088,148.99337492763877,29.690615552839777,248.2330996333698,23.665015758667266,148.8956068694925,34.04901267125491,31.290924294076028,994.0387212967132,3.8541197658712294,218.27490834244549,6.617353830320962,30.184601530841963,32.41782980639351,140.00385926545314,32.742008104457454,19.378658262044123,17.083681739242298,17.402714350035378,60.75512960699813,80.57631697433588,300.2457065671834,285.060783430887,50.7930790506207,70.39814755258249,38.94256126583907,173.76985913681096,248.4749469351,47.33003151733453,70.50106129799961,19.54332025471152,559.2693124075385,64.19759439120088,2.6757573808451793,38.80877339679681,57.127420081044576,490.5795330288802,213.89592847494694,10.919148388756673,1.409918312214575,213.29388306425676,30.33382646169679,2.4544928281983664,34.198237602109735,15.164340387212967,70.9590274651058,39.266739563903,0.452820479835338,0.180099054479964,1.3327330031517335,0.14407924358397117,2.1097317810510066,0.3447610471473596,0.406509294397633,0.7769987778992732,0.06689393452112948,1.5951630539653952,23.55695632597929,0.8387470251495466,5.387534572586351,6.488711648549559,7.13706824467743,19.852061490962885,1.487103621277417,1.2452563195471795,2.5676979481572006,0.6483565961278703,1.2401106322763233,7.188525117385991,1.5900173666945392,40.85161124332669,21.601595163053965,5.902103299671962,0.859329774232971,3.411590660577603,0.2984498617096546,32.073068759246155,165.34122338714866,0.23670161445938123,1.2864218177140285,10.908857014214961,1.1526339486717694,13.58461439506014,4.105553245616518,0.46302250692738145,114.0,1943375.0
1640311112,3.3637402299697836,20.265496694138943,24.511699638761293,418.41710067394195,313.1081530730207,119.8228637783835,7.853918160407843,38.46499244456187,396.5631710934284,34.218789499939525,278.09514712989386,143.6130203739877,155.9207797648185,520.8398761022348,10.340386632870075,2.123101472311175,0.010381914290030195,46.95739833380657,34.19802567135947,87.04196940761317,38.11719831584586,47.030071733836785,26.935876625483342,5.761962430966759,974.5554853622795,272.4370038418274,186.2048237488366,38.44941957312683,10.605125447265845,6.390068245513586,39.934033316601145,36.668921272386655,42.119426274652504,125.53810759504513,1798.6977964906016,52.08087303593648,56.46204086632922,8.27957664629908,192.62084678007523,54.14168302250747,13.667790162824753,24.68300122454679,148.91817857619313,359.1882796493197,321.35658397644966,47.268855762507485,171.62342512848917,135.805820827885,124.18845873734121,173.6686622436251,62.00079214006033,2.4708956010271867,211.23042814495437,81.51360004817208,55.55362336595158,12.639980648111763,62.21881234015096,52.542868221842824,49.288138091918356,66.74013601345911,1.484613743474318,313.0666254158605,101.68565951370076,33.087160842326234,54.61925107984886,969.5410207601949,67.89771945679747,139.48101848655568,214.9886811179453,73.37417924478841,305.16079768400255,35.12720700031717,181.93266601848916,22.2795880664048,29.83762166954678,908.1942892204065,4.8846906734592075,175.1688488585345,8.954401075151043,27.148705868428962,28.534691426147994,117.18066659157083,27.081223425543765,15.744173020830791,12.479060976616296,13.953292805800583,55.44461326590626,125.81841928087594,313.3521280588364,198.2115076252565,25.928830939350416,79.70195600456181,23.84725712419936,167.65753386969763,444.4341778847576,48.5821679201963,76.18767801738659,15.749363977975808,533.4019923931714,49.88509816359509,5.424550216540777,33.07158797089119,60.36044968223556,508.1064582255128,354.6981017188816,7.028555974350443,1.0641462147280951,197.0694970533532,12.852809891057383,1.0849100433081555,15.001866149093633,10.433823861480347,51.660405507190255,27.626273925770352,0.5035228430664644,0.18687445722054352,0.5917691145317212,0.17649254293051334,1.4586589577492426,0.18168350007552841,0.19206541436555863,0.2595478572507549,0.19206541436555863,0.8253621860574005,20.69115518003018,0.79421644318731,6.182429959712982,4.080092315981867,7.350395317341379,18.407134036223535,1.59881480066465,0.17649254293051334,0.8201712289123855,0.6177239002567967,0.6592515574169174,3.872454030181263,1.2925483291087594,35.05453360028696,22.414552952175193,5.237675759320234,0.4827590144864041,1.3600307719939557,0.3945127430211474,29.889531240996934,122.90629232252248,0.34779412871601156,1.5624781006495445,13.242131676933514,1.4223222577341368,16.57472616403321,3.972838534187903,0.46780141993441743,186.0,1926427.0
1645614328,4.44502968346233,34.69631320320126,30.871358193450757,426.20031477498605,417.8258231142937,104.20041370824859,7.3224548547318316,33.9368959061834,306.4910670927764,41.80975412297405,254.98306638770273,79.48799946492433,75.78148568498395,621.1197433866249,12.213380932773454,4.201180092676779,0.0,77.95523060855801,40.35362370942604,26.962797609716638,38.298320015662114,33.19141287149614,33.76271762705086,5.469197964761644,1083.5073374341866,338.9578983230812,208.77008536825818,35.887692632467804,13.007633885617821,7.245816411913515,32.08363901621321,26.280018755517098,28.802120237356224,169.92832912170255,2039.5928129861752,46.533469053048435,60.2587174486923,7.231882149582913,176.82578897535097,40.70894739885642,11.049870028168112,23.646443175033145,135.81028780522132,247.2356165318875,247.70938145112802,21.145243086689923,112.08023905620455,137.90042715481175,93.63824286165159,166.62590894934965,48.66541118963068,0.6967131165301458,236.77098552160473,59.88945949693133,48.70721397662249,10.33225551814206,42.701546912132635,64.27178499990595,68.11764140315235,57.22104826062087,6.688445918689399,237.40499445764715,104.82048838196043,41.89335969695766,40.59747330021159,988.2318187486893,27.01156752787375,183.30522095908134,139.154510764566,26.565671133294458,271.88532659472406,25.924695066086723,164.73781640355296,30.188579339251216,29.234082369604916,1000.8423261578849,3.7622508292627868,223.67277893083798,7.12040805093809,36.43112886336132,30.31398770022664,135.16931173801356,26.24518309969059,19.633375623819507,14.178111921388465,15.63424233493647,56.14114292999914,88.27355186436947,307.70334791553887,245.67497915086,32.78035213274336,64.20908081941823,22.176378499154538,137.08527280847147,555.9561655975604,43.251950274191444,84.10024029635389,21.5145010384509,577.6448449151438,73.85159035219544,4.870024684545719,31.01766794792209,53.765351202631344,383.0459043371088,271.1259092977062,8.499900021667777,1.783585578317173,202.7017141232806,32.69674655875974,2.2434162352270692,36.72374837230398,16.30308692680541,63.19187966928422,41.572871663353794,0.564337624389418,0.32745516476916847,2.1249750054169443,0.2577838531161539,3.274551647691685,0.2647509842814554,0.15327688563663205,0.4528635257445947,0.13934262330602915,1.0102340189687113,25.61814129481346,1.2401493474236593,5.852390178853224,5.9917328021592535,8.249083299716926,21.33335562815306,1.7626841848212687,0.45983065690989616,2.9958664010796268,1.0102340189687113,1.616374430349938,7.844989692129441,1.4421961512174017,40.98066551430317,22.03006874468321,6.646643131697591,0.501633443901705,2.118007874251643,0.3971264764221831,31.69347967095633,169.84472354771893,0.04180278699180874,1.2889192655807695,10.56217084659701,1.567604512192828,13.460497411362416,4.200133078336333,0.5062593460232659,141.0,1435311.0
1647025876,3.8833324020785605,22.15455104207409,25.75850701234844,394.50745935072916,358.18852321618147,139.24121361121976,5.922780354249316,33.27373302788177,346.45471308040453,37.79963122311002,238.05665754036988,71.46449125551769,99.26244622003688,633.7654355478572,12.404313572107057,3.073140749846343,0.0,48.6673744202939,28.16114432586467,48.192434486226745,35.39699390959379,40.17433089344583,23.355869698832205,12.348438285746214,1083.5056154662793,304.88350002793766,185.3103872157345,34.47505168463989,12.65575236073085,4.134771190702352,31.40191093479354,25.56294351008549,22.182488685254512,178.94060457059842,2139.6323406157458,57.83092138347209,56.7972285857965,7.934290663239649,180.6168631614237,49.365815499804434,7.487288372352908,30.256467564396267,148.37682293121753,215.39922892104823,257.0821925462368,40.62133318433257,136.19601050455384,132.11711460021232,93.92635637257641,151.61758954014638,60.5967480583338,2.262949097614125,220.67944348214783,82.2484215231603,44.3370397273286,10.895680840364307,36.179247918645586,49.61725428842823,52.55070682237246,58.110297815276304,5.503715706542996,293.0938146057999,121.16555847348718,48.779124993015586,44.14147622506565,878.8903168128737,57.46773202212661,182.1813711795273,167.9890484438733,44.56054087277197,281.4438173995642,29.02721126445773,157.23305581941108,21.06498295803766,31.12253450298933,1011.2588702017098,4.386209979326144,202.9111024193999,10.253115047214617,23.85874727607979,24.557188355590323,129.574789070794,26.20550930323518,15.728893110577191,16.315583617366038,11.845560708498631,51.26557523607308,87.91976308878583,272.5875845113706,179.10823042968096,29.166899480359838,80.7956640777784,22.35011454433704,173.07369950270996,641.0850980611276,49.784880147510755,77.02408224842152,17.85215399228921,617.170475498687,63.725764094540985,6.285969715594792,29.166899480359838,65.76521204671174,363.77605185226577,308.93445828909876,8.325417667765548,1.8159468067273845,202.0170978376264,17.60071520366542,1.7880091635469633,21.204671173939765,10.476616192657987,48.83500027937643,31.485723864334805,0.5028775772475834,0.5866905067888473,0.8940045817734816,0.4470022908867408,2.430574956696653,0.0838129295412639,0.0558752863608426,0.3073140749846343,0.2514387886237917,0.6984410795105325,19.835726658099123,1.0057551544951668,5.0008381292954125,5.894842711068894,4.805274627032463,16.706710621891936,1.7041962340056993,0.2235011454433704,1.033692797675588,0.5028775772475834,1.2013186567581158,4.665586411130357,2.2908867407945466,43.05190814102922,26.512823378219814,7.012348438285747,0.6984410795105325,1.4527574453819077,0.4190646477063195,36.09543498910432,166.45247806895011,0.3352517181650556,1.7880091635469633,12.87925350617422,0.7263787226909538,15.728893110577191,4.209720287478349,0.5043172093088227,61.0,357940.0
1647085571,2.8408668520221663,25.535941479204855,21.250746059425623,505.02116578555547,403.5411538061244,97.67802942607055,9.05891373747629,37.56847285618098,387.5154787418199,45.023757080927005,267.14237468856663,96.42486199228134,114.78695091619284,596.4599082001754,12.92461666882608,2.6921859700471744,0.03717022049374797,64.32572158018041,39.9845371882746,47.094669365578675,33.49567869636603,43.80775986763153,42.10323975641823,8.910232855501299,997.4522468867285,296.83607083157216,212.36408974378037,37.48882238369438,16.030985095803587,8.55446074506114,34.83911666564006,34.66919565766864,27.612163795355634,147.73038633665175,1804.465524089489,32.92750532596159,54.27914198387025,6.807460381854985,196.79507738839908,47.81683364945721,8.899612792503085,24.181883446932606,121.01561786464518,374.5590018839992,222.73458126153605,39.84116633779872,147.73569636815085,129.44794788522685,100.13126397865793,159.77353777662609,54.53402349582738,1.1257266778106527,248.1961822997534,62.31852967351802,50.365648769028496,10.56165265172353,52.086098974739116,55.26149781120502,74.89799429490216,50.2859982965419,2.9311373875069826,288.4727712204789,92.04408600551818,29.72555633200016,29.789276709989444,1005.5181847338719,31.419456380215248,170.85557351526208,181.14641456053118,43.287376780719065,262.5438874103401,18.0541070969633,157.24065275155212,24.43145492739063,27.086470676944057,913.6333996733268,4.497596679743504,190.4548997784655,7.354393626262991,34.255013200738304,43.85024011962439,129.15058612127686,23.220767745594266,19.381614971740014,13.020197235810002,8.979263264989688,62.074268224559106,106.08911932065581,339.3110127929279,191.0071430543726,33.27265737340354,58.362556206683415,14.268054638100113,138.8679437646424,514.7810036809138,33.612499389346375,69.0410295513873,16.33365689125268,529.1340188229997,49.96739640659548,4.311745577274764,23.62433013952639,39.73496570781658,495.57461974864435,317.02481059117645,8.681901501039704,1.0938664888160117,220.23355642545673,25.78020292816377,1.8054107096963299,28.67948012667611,15.62211267037236,54.17294135388811,43.505088072182446,0.8177448508624553,0.32922195294462486,1.7947906466981163,0.37701223643658655,3.318769686941783,0.38763229943480026,0.14337085047588502,0.2761216379535563,0.17523103947052615,0.9823558273347678,30.888453230304563,0.9504956383401266,6.478238428910361,5.4587123810818445,13.69988126769568,26.58732771602801,1.5664592922365215,0.4141824569303345,2.485094741582007,0.7380943783758526,1.656729827721338,6.860560696846053,0.8549150713562033,43.22365640272978,26.433336802553914,6.133086381468415,0.6637539373883566,2.0337420641579245,0.24426144895891522,35.50818063452753,155.72198374280757,0.4035623939321208,1.7416903317070478,11.851990306006496,1.1363467408088666,15.13358977245453,4.003805789049441,0.47539098887654596,198.0,1883228.0
1648125917,5.056186455794043,27.473690469112313,23.19281764670908,411.7010523812355,403.3723764789821,77.58844164337951,9.869790118318567,44.763660146263156,350.37517093763006,40.083239193768954,237.75492003091742,62.01082109518996,80.85617456448065,640.737261430525,14.364706581841965,7.814971163565016,0.004756525358225816,51.893691658243654,38.34710743801653,38.31381176050895,34.89387002794459,27.521255722694573,30.907901777751352,13.579879897734704,1120.8704441405553,362.8182412747488,198.5801771805696,44.28800761044057,12.638087876805994,11.48225221475712,30.370414412271835,32.07325049051668,34.912896129377486,131.24680420952495,1991.5999762173733,69.48807895832094,59.32338426779238,4.946786372554849,188.5534217254296,46.71383554313574,12.366965931387123,21.627920803852785,172.93299244901598,290.58564718473156,288.2454367084845,14.007967179975028,83.85278554016291,106.68410725964682,102.60300850228907,145.9064153635769,44.94916463523396,6.768535584755337,224.84095368333433,58.029609370354954,49.367976693025746,9.622450799690826,35.626374933111364,74.09239550508353,80.1094000832392,66.68172899696772,3.234437243593555,210.3192817646709,110.70812771270587,50.02437719246091,55.54194660800285,915.9878708603366,34.408704441405554,176.78102146382068,147.83756465901658,36.306558059337654,247.89107556929662,35.10791366906475,158.20203341459063,24.31535763125037,40.05945656697782,1042.7920803852785,3.9716986741185565,247.44871871098164,5.736369582020334,22.412747487960043,30.51311017301861,144.88851893691657,29.656935608537964,16.85712586955229,17.28996967715084,16.633569177715678,68.40834770200368,94.50740234258873,289.5011594030561,296.16505142993043,48.02188001664784,70.2538795409953,25.580593376538438,123.88845948034961,456.77864320114156,37.6241155835662,64.4509186039598,23.197574172067306,613.9199714608478,85.68880432843808,4.918247220405494,34.87484392651168,74.4348653308758,463.51863963374757,204.54485997978477,12.029252630953088,1.5886794696474225,194.70836553897377,31.835424222605386,1.788453534692907,35.21255722694572,11.063677983233248,72.38004637612224,48.454723824246386,0.6088352458529045,0.5137047386883882,1.4031749806766158,0.518461264046614,3.0441762292645222,0.2616088947024199,0.46138295974790416,0.7895832094654854,0.12842618467209704,1.6410012485879066,31.412093465723288,2.658897675248231,8.152684463999048,8.59504132231405,7.320292526309531,26.72691598787086,2.4115583566204886,0.6135917712111303,2.6541411498900054,0.903739818062905,1.5363576907069385,8.119388786491468,2.459123610202747,38.36613353944943,17.855996194779713,4.361733753493073,1.0702182056008087,4.004994351626137,0.4946786372554849,27.787621142755217,159.92389559426837,0.2996610975682264,1.393661929960164,13.556097270943576,1.6077055710803259,16.85712586955229,4.230397523086985,0.5003283973601285,199.0,2102375.0
1654162813,5.9576206136490075,23.376970909065303,24.807926593100145,442.3343168806293,395.9071287226326,107.93574783631331,6.512538467497166,44.66666197193017,367.87110131476095,45.98494398005676,264.9746836334444,58.91424829052907,93.19239734371808,643.0004999894369,11.42792757899481,3.5323197397238086,0.0028168418977063863,55.339675922339666,37.4893488165743,38.14848982063759,36.638662563466966,48.06377330056407,40.34280965895087,11.467363365562699,1027.6825137497094,304.2583607388576,178.4582015872904,40.900544354696734,12.041999112694802,9.056146701126032,33.283803863298665,28.652915783469364,27.01914748279966,169.92035379534235,1848.6172827334633,55.96219798173278,52.98197925395942,9.067414068716857,202.9281071526658,66.74788560805054,7.199847890537524,17.41653345351859,151.99960564213433,300.78801152088334,274.3829355717837,28.802208404047803,98.32468328133913,169.77387801666163,108.31320465060597,153.14324345260312,53.3228171235819,1.4337725259325507,246.0764913417322,88.06011140609705,56.25514953909425,12.126504369625994,36.19641838552707,87.0235135877411,66.44366668309824,50.23274156179799,4.684408075885721,317.9172271008359,102.24572720294641,35.76262473328028,36.675281508137154,921.1298352851701,30.757096681056034,175.88360809278677,160.56562185305944,32.00777448363767,307.6920910121617,24.62483186974923,150.275698400738,20.32914797574699,31.34299979577896,944.3011767357027,3.1464123997380335,197.18738336514016,7.450546819433392,22.413610980049718,28.17968634465469,126.15789807257593,30.489496700773927,18.81087019288325,11.889889650218658,11.475813891255818,61.99869016851757,103.7358365668331,259.3438166799293,217.78694816306697,34.37955536150645,83.17289071357648,25.354393921255184,171.3541263212749,399.6985979169454,45.78776504721731,67.59293817736246,19.734794335330943,553.9516770772449,48.567988000253514,5.126652253825624,23.47274353358732,65.02961205044964,452.78761716301767,296.90076970204854,8.670239361140258,1.6450356682605296,214.16448948261657,31.28384611592713,1.019696766969712,33.94857855115737,12.532129602895713,85.71931578910305,38.799180299007766,0.4337936522467835,0.32393681823623444,1.7239072413963086,0.1690105138623832,2.6506482257417097,0.34083786962247276,0.32957050203164723,0.32957050203164723,0.19717893283944704,1.1971578065252142,27.219143257536814,0.8140673084371457,8.219544657507235,7.9209594163503585,6.416765842975148,23.37133722526989,2.0365766920417174,0.3577389210087111,1.3323662176151208,0.743646260994486,1.0309641345605374,5.501292226220573,1.6027830397949339,42.57938212572974,25.698048632775365,6.526622676985697,0.7689978380738435,2.1520672098476794,0.32957050203164723,35.47530685971423,160.84730604283007,0.14929262057843848,1.436589367830257,12.91803694288149,0.532383118666507,15.03630204995669,4.0558189803877385,0.4813198680309571,205.0,3550075.0
1660317917,5.812448284439391,28.998786746602637,24.417359168692986,381.27376377601007,449.61444939108895,106.17236320441036,7.830306968338655,36.35952911554335,249.36418415054496,44.469036656496996,233.72895208410537,54.76138503789513,76.70401185840977,677.4548075800417,11.89140620637491,6.954632445137087,0.0,54.30451137361605,42.71768761009386,31.600428445969612,34.988908122706114,32.90759476321253,26.73980029544497,5.875902960033707,1186.7547248351448,330.9161332243605,164.7664106482022,39.82415440299303,11.485296282571285,9.213618896294754,37.53978608159763,27.831220715667214,28.262712509708564,168.58638211898005,1990.979283317512,56.23353351168328,68.98792330614089,6.662740937403232,166.17510444639603,37.22251270362605,8.705981491540223,17.38658111284272,150.74292734185826,244.94773872918051,252.58768167073623,11.345695996263789,74.19120670487484,166.61928717555625,86.71715966719292,156.47923001558448,45.43354772553061,0.43149179404135213,226.58395561218532,60.497687711621346,50.97948637247387,8.23641689214228,41.3216847470189,75.42222741140458,85.84148514399135,54.672548492063086,1.9290221380672214,264.60599722829977,100.5883517521105,36.14378321852267,23.92241269905732,899.127371301227,26.904782451990194,195.8211288840607,146.4407003365636,19.50596727769289,276.1547481864654,26.866709646633602,160.8576026315923,29.569878826951484,34.86199877151748,1097.689742170962,5.139828723139636,217.30688204029624,10.901513267103573,30.43286241503419,17.297744567010675,108.45673152580575,28.097730353163342,18.021127868785882,15.203740272398232,14.480356970623024,60.52306958185907,89.00152798858831,294.72158626536236,276.0278388352767,41.37244848749435,77.2116492631643,21.993390560990097,125.67833048210325,492.3194460660639,66.05631729368346,72.13527521561899,18.80796584615541,518.8181185942504,95.76579640694244,5.571320517180988,26.43521785259225,62.896274449086505,395.6906660710388,252.15618987669487,13.934646760511901,2.1066952297313075,194.20938012396505,29.03685955195923,4.784482539811464,35.928037321501996,14.315374814077801,73.93738800249757,50.80181328080978,0.8756745232015676,0.24112776725840268,3.4773162225685437,0.12690935118863297,4.721027864217147,0.25381870237726595,0.27920057261499254,0.5203283398733952,0.29189150773385586,1.3452391225995097,33.35177749237275,1.5102212791447325,8.76943616713454,7.576488265961389,9.42936479331543,27.28551050555609,2.512805153534933,0.6726195612997549,1.8655674624729048,0.6853104964186181,1.0914204202222437,6.827723093948454,4.69564599397942,48.860100207623695,23.947794569295045,9.251691701651344,0.44418272916021545,3.4773162225685437,0.21574589702067606,37.33673111969583,181.55651781045836,0.24112776725840268,1.9417130731860845,10.711149240320625,1.3706209928372362,14.264611073602348,4.241033915001193,0.4745859890807194,123.0,787964.0
1669610956,3.613155102224135,47.4938847852653,27.403669866219413,347.3857582698685,444.94094602992016,107.24166108605141,14.49284105938512,33.497098415239336,219.73211706086255,38.2766523816323,223.5195616485372,29.159971604220754,62.87828359714728,699.5912911566186,19.50701548696147,8.158088607433715,0.0,63.01905587385731,37.51246002234927,18.400947598525512,40.09998853711461,20.271207846244497,23.462046118338538,1.5015709515736664,1229.109561722275,408.2127886920982,172.0036118144139,29.220302579953625,9.746804301732638,6.421897194676663,27.65169721089899,26.599256856447806,22.898957011498414,169.82499324628245,2211.344770745644,76.78122178269989,71.4385787094668,5.617484184905056,156.30415124037134,44.69184613456087,4.290202718781904,27.034980570074094,118.00738853349475,159.12630021632006,159.4949895124654,35.95055809504274,102.5492518623837,153.5490366819036,82.57299545305547,172.02372213965816,45.027018221965704,0.40890994663390023,259.09472700568654,41.50100786246683,57.716633451112806,6.83751058305866,36.37957836692093,75.91647779719541,91.20702842460405,61.276161019352166,3.3450174323002657,332.2158695939256,130.56293492767992,53.65434775176619,20.38516635596214,740.9381198588792,14.298441248690315,197.42976636494475,130.2009490732827,14.41239975840796,245.76828481047025,29.468329924633203,175.07378813504218,23.629632162040956,35.77626860959222,1143.9892584049428,3.2377623643307185,297.2239036688607,5.496822233439315,21.082324297764202,14.98219230699618,131.608671840383,34.650090395911974,17.811044724692998,13.983379486529769,17.17421775862381,45.38900407636293,69.76942171419071,227.0522754497842,301.63476833910835,48.13741519308258,56.17484184905056,29.02590276925882,121.35240596579501,663.6742502703163,47.23915399883762,75.04503036994284,19.54723613745005,582.4352397251321,82.48585071033021,5.4834153499431215,31.271555754871223,82.39870596760495,277.13368874981484,292.04884663933,16.53739079255462,1.6557501117798912,226.04005574582158,33.818863619147976,1.9708118739404372,37.445425604868305,13.822496884575447,73.59038351060585,59.560079931839404,0.6368269660691889,0.341875529152933,2.393128704070531,0.24132390293148212,3.613155102224135,0.8848543107487677,0.48264780586296424,0.5295718980996413,0.30165487866435264,2.198728893375726,32.16981694911618,1.7630051797494388,11.697505850428785,6.629703888867661,6.267718034470438,26.357932953516325,3.1841348303459447,0.6703441748096726,2.5003837720400783,0.8446336602601874,1.7428948545051486,8.942391291961032,3.3047967818116857,45.355486867622446,23.06654305520083,5.69122204413412,0.8647439855044776,2.828852417696818,0.6569372913134791,33.10829879384973,186.44952878156232,0.1072550679695476,2.5070872137881755,7.199496437455883,1.16639886416883,10.980237583382436,4.435677621163034,0.5147591181890518,111.0,1491771.0
1671451793,3.4932280016651265,62.240100362398714,22.627021160876097,439.603477562169,470.9667271612058,77.04683894450189,11.755691340142496,42.7778300674073,311.21313554798513,48.59566549151866,231.5384795172397,87.57074102546771,80.09788618646257,618.1876526708033,16.152231465203847,10.511268344974269,0.0,91.78409197865152,53.933418947950905,44.33809646236442,43.8580144946853,16.12064712522496,58.734238624742034,6.759048755482252,1134.2820847938458,412.4030439723498,235.42967020263882,41.91241915198574,11.673572056197385,12.412645611703388,29.063909648573684,34.09213657321282,22.260642817120985,137.01918369641638,1812.6884400683991,57.00973366189469,56.53596856221136,4.440758201031797,203.88954829972022,32.99300154194748,4.623947372909353,17.605111104232744,101.39836506822533,294.0565220714526,257.0207250122073,33.57415339755904,35.34287643637682,137.87827774384215,71.03318061252142,183.7703237331679,49.25893663107533,1.0675506912864492,291.2707832853146,50.18751622645466,60.686150835437374,8.761495910143816,46.580584600865535,62.08217866250427,87.94975310521438,45.77202549740598,6.910653587380919,199.96045640634642,117.36740736155163,53.69969483210713,19.474904030982973,969.04545176029,18.281015979780967,195.57023314928085,148.8254099805251,19.127476291215196,212.61945986988516,18.42630394368386,154.80748397252668,45.48776643759598,37.91384171065839,1037.703490006399,3.537446077635571,270.00820561152653,5.344070324428023,32.27287859042881,25.779138290769225,166.11467768496894,39.303552669729505,19.999204074632534,20.80776317809209,25.46961175897611,65.99863681988651,72.47342651555876,319.63352058635695,313.4745742904736,61.60209669482516,62.82125221801027,24.75580567545322,217.28762531876495,204.17380735953023,36.52413075158727,71.5827481281541,19.057990743261637,570.6784884745585,82.37827553293836,2.570965274281567,33.82051124939437,61.45049186292649,395.45488713967796,206.795307577778,12.98116373132339,1.7055543588600075,240.5779176191977,50.46545841826889,2.2488050064968985,54.419817783625795,14.124516838559172,60.33240622767382,52.960621276601124,0.43586389170866857,0.4927157036706688,2.362508630420899,0.39796268373400173,3.6890509095342385,0.549567515632669,0.2400409838395566,0.7643410274891145,0.07580241594933367,1.6297519429106737,34.04791849724237,1.2886410711386722,8.180344054532258,6.771682491473808,12.488448027652721,28.72911564479746,1.8697929267502305,2.33092429044201,3.8280220054413503,0.8654109154215593,1.4465627710331175,10.340712909088268,1.9140110027206751,41.84925047202796,17.09344479657474,4.54814495696002,0.9033121233962261,6.796949963456918,0.2526747198311122,29.59452656021902,182.79120919382237,0.17687230388177855,1.4023446950626728,9.203676669848262,1.9961302866657866,12.7790239554585,4.267794630030517,0.49614977155046897,184.0,1583063.0
1674095262,1.7366900952033375,42.10844245326353,34.77155603657117,279.46867350855445,520.4910554167742,122.53732939851375,13.566318279921724,34.708632482397135,151.84712093277878,28.907080787551205,335.98660986767175,50.98066359180232,40.900310213122076,635.6034054227518,7.085192199996224,17.178130289511273,0.0,51.257527230168066,19.98452080567319,17.945797650434486,34.34367586818774,23.143283225209693,31.43660766534737,16.47338648276209,1211.920238102729,430.97600724879345,172.07075124431327,24.13747538115943,10.420140571220024,17.54308690372067,24.02421298364617,27.975812185775503,45.846101571201146,221.03786110254651,2450.859850367788,57.33594256337975,53.22074212039793,5.637950453993444,114.47052975340259,39.51599202129333,4.417233503017185,40.58569244225191,157.1201147725628,138.99813117044104,149.07848454912127,15.869320362691367,74.62733525040429,140.00490803722556,82.54311836549776,175.49379259138072,26.465646885598687,1.4346570351679744,261.3592746172675,59.034878526078664,51.84900863940399,4.404648792182377,13.364962906564815,55.58666775734161,100.85387263014164,83.97777540066573,10.810266607099035,204.36311924642752,106.05135820491685,57.71348388842395,43.32915940423979,665.0767981978694,12.156830666423362,133.59929022230892,91.21398413067963,9.841243872818913,244.42025383361755,44.726062306903344,167.854873114653,31.839318412061186,33.8906262781347,1145.863090930828,4.731851273887354,291.8268595483347,5.96515293569842,26.264291512241776,35.82867174669494,119.83161656903029,24.779295633734577,23.722179923610806,23.181037357714114,12.773481497328895,52.10070285610012,96.96519698218634,179.8481025402239,239.88975793308708,43.41725238008344,77.64766585075792,23.810272899454453,122.54991410934855,713.8425526827457,61.363050030517925,125.14236454131876,30.45500022023244,691.9325711193471,62.19364094561517,21.054221226631764,24.17522951366385,62.97389301737319,296.11824594300384,230.50156365032123,18.95257451721903,3.712489696268004,232.38927027554223,36.520830842609314,1.9632148902298598,42.19653542910718,13.18877695487752,54.22751898718247,50.70379995343657,0.3272024817049766,0.0,1.8499524927165987,0.39012603587901057,2.5672810103005856,0.1887706625221019,0.1510165300176815,0.13843181918287473,0.8054214934276348,1.2836405051502928,50.31367391755756,2.265247950265223,24.074551826985395,11.26331619715208,8.859636427703983,46.46275240210668,1.8751219143862121,1.0445309992889638,1.3843181918287473,0.9816074451149299,1.4472417460027813,6.732820296621634,2.076477287743121,34.708632482397135,14.837374074237209,7.701843030901758,0.6166508309055329,2.240078528595609,0.5033884333922717,25.89933489803238,126.43858975730384,0.06292355417403396,1.636012408524883,5.147146731435979,0.31461777087016984,7.160700465005065,4.38305274290065,0.5430613994198448,142.0,794615.0
1679657705,4.005805176563317,31.132495571251802,20.48923974614344,386.96207643309623,439.10236258240906,119.01389781048393,10.377498523750601,36.48653291080083,269.2899289001991,49.89755380126928,283.4334028407511,62.60204918325003,65.7392817163514,720.3772975853033,11.706285030539403,8.912592423583433,0.0,58.16195768495574,54.45431923674503,18.408554533074145,28.824944369218564,31.015821634070345,32.16311534968799,4.278044363320047,1191.7205581421879,351.64228289411,162.42956621278344,38.320906478709276,18.27891682509475,13.812897785204578,37.497707033040115,33.031687993149944,31.14545934204974,179.61952629085127,2152.919343955415,82.06066915095728,69.53766656014768,4.647511831061324,160.43314550990075,42.44986747785302,5.120689465186118,28.93513642100105,129.75438191657685,177.67496067116033,183.50865753023314,26.245153980428594,90.09820704567979,94.44755214838851,83.0653613877976,139.95686953455527,44.59537154491201,0.5120689465186118,240.51035772877327,49.32066600076097,53.6246379056769,10.6562195959063,38.074594833548424,70.95719946252207,83.93393403125954,50.63000685135287,6.624486877747104,279.30444184160734,115.30625936227322,52.931076167987136,33.55672071046649,787.095343996899,23.28941423849838,181.2464795259927,145.5637004046641,24.054276715576812,243.16793074235088,25.383063222365617,203.479346444459,19.776232352256766,35.27442034119348,1097.0785494318304,2.9233303149353658,249.36461318376598,3.2992796680756125,36.473569140002894,15.634307582315083,110.10130538690049,37.31621424186896,12.749868579773535,7.765298707965783,18.596529209644267,70.4127210890086,95.19296896927003,233.1728634571395,318.77264203593427,50.895764152710626,85.06178209068028,27.898034757165885,132.77494051249676,549.1842223131126,55.815515170528684,75.33895399222563,32.62332921301485,511.7383703632643,117.23137932576725,6.501331055166679,23.341269321690138,86.7081809820186,307.42934258773715,210.7909131744969,19.94476137262998,1.2834133089960142,210.39551816515973,32.55202847362618,2.3918157122198447,36.22725749484204,5.90499759846146,67.98849594979391,54.44783735134606,0.36298558234230704,0.3305761553474582,2.411261368416754,0.3176123845495187,3.422435490656038,0.6611523106949164,1.374159704581591,0.42780443633200477,0.34353992614539774,2.80665637775391,28.993473389591777,0.9074639558557677,10.170078190983567,6.423548430379041,5.263290943963453,22.76438152118183,1.5426887249548051,0.8750545288609188,1.6658445475352306,0.5315146027155211,2.3464425144270566,6.961544918493532,2.890920887940517,38.11348614594224,18.888214052597906,5.89851571306249,0.7713443624774026,2.411261368416754,0.2916848429536396,28.261020339508192,169.89021630699764,0.10371016638351631,2.1779134940538425,8.206066915095727,0.8685726434619491,11.356263218995036,4.3445331495286705,0.497054133725185,165.0,1542761.0
1681586867,3.8678985267243995,26.160427460689874,22.443075882610437,397.2354948014981,428.4218742400274,112.60911758643132,5.3270458751294125,26.61206830662476,259.3923925152689,31.24428211108512,209.27183915100787,45.56940330137878,72.59837085040498,772.1784606690306,17.787701009127776,3.9837038718359086,0.011580534511150896,45.58098383588993,38.0883780071753,26.114105322645273,43.16065212305939,29.18294696810026,16.224328850122408,5.68604244497509,1165.2681241155367,359.57559657123534,181.75648915251332,45.10618192093274,8.268501640961741,6.983062310223991,32.645526786934376,22.73258924538921,35.355371862543684,162.42857705340248,2287.5840457292147,61.110480615343285,62.06008444525766,3.3351939392114582,169.65483058836062,41.05299484202993,7.4578642251811775,32.332852355133305,131.2653586838954,228.25233521478418,246.7117072255587,21.2966029660065,105.57973313816272,103.56472013322247,72.58679031589382,141.62993707137548,45.34937314566691,1.0422481060035806,190.36082629429845,57.566837054931106,37.914669989508035,7.446283690670026,30.410483626282254,69.64533455006149,55.95714275788113,50.699580089818625,8.615917676296267,227.8006943688493,88.81111916601623,56.28139772419336,44.89773229973203,866.5598169349105,29.264010709678317,190.04815186249738,133.25721061981338,26.449940823468648,244.59246941001808,29.18294696810026,139.53386032485716,36.80293867643755,33.89622451413867,1099.6991377134002,2.790908817187366,248.36772366065327,7.179931396913556,23.682193075303584,24.492830491084145,123.11266238804518,23.74009574785934,14.093510500070641,16.710711299590745,17.66031512950512,60.35774587211847,87.27090807603315,245.9358114133116,257.3773795103287,32.15914433746604,61.828473755034636,31.997016854309926,161.60635910311078,651.5556132008829,60.751484045497605,76.44310830810707,19.003657132798622,668.3358077075405,92.78324250334099,5.790267255575448,30.87370500672829,64.44567455455474,359.51769389867957,230.4410562373917,11.047829923637956,2.130818350051765,163.42450302136146,23.87906216199315,1.2738587962265986,27.283739308271514,20.057485773313353,68.63782804759137,35.78385163945627,0.28951336277877243,0.10422481060035807,0.9959259679589771,0.10422481060035807,1.4938889519384657,0.15054694864496165,0.24319122473416882,0.45164084593488496,0.13896641413381075,0.9843454334478262,19.999583100757597,1.0538286405147317,4.435344717770794,6.635646274889464,5.396529082196317,17.521348715371307,2.2813652986967266,0.3474160353345269,4.458505786793095,0.671671001646752,1.8876271253175962,9.646585247788696,2.096076746518312,38.82953221588895,17.729798336572024,5.442851220240922,0.4168992424014323,1.8181439182506909,1.67917750411688,27.086870221581947,179.4056406467497,0.046322138044603584,1.9571103323845016,7.828441329538006,0.8106374157805628,10.642511215747675,4.275474097355238,0.5248783276086891,236.0,863518.0
1692806415,3.724110967904392,31.794100398585897,30.46879400431387,344.2152032523019,390.1967086015698,110.68959004959959,7.110268805269418,26.20793394672931,249.30338582651078,31.33024316059069,238.60153669276417,40.77305121977887,66.01351149868961,658.717037145025,12.888604684295451,3.863268139302955,0.0,59.95686127686645,35.76339304943062,12.066914719846794,32.7748271303472,30.40915521657163,23.252500687502693,5.413876620601226,1226.4915495151035,350.9411332032324,158.75845296984596,30.263371513201708,13.935596735770352,12.219324955188078,35.38568072706309,25.12780923539761,31.489279927903333,173.87357239651843,2218.8610979500822,59.16830397227459,76.59608305695173,4.240980461670483,145.3397257278417,51.620684056895406,10.933777752744213,38.54653647740187,136.83788520858667,209.91527978874615,201.02247388318088,32.860972045974876,143.00718647392293,117.64744861952772,102.28052097794358,176.40490760957798,45.0736704691916,0.9210879440190579,240.56299015628676,62.912294536093064,53.99960903461369,10.569318494319406,38.39412624206059,56.378534012331976,69.65147755096632,86.75455656904681,8.309671092085601,255.43292790001888,132.2589516163768,44.92126023385031,37.99653432377898,813.943548574136,29.23625905764089,176.85551178363048,123.99566624809073,25.611546069306897,287.65112634477185,26.088656371244827,187.18627512698092,29.27601824946905,40.90558185920607,1137.7424068226774,5.042790830205058,241.7557659111316,5.12893574583274,21.60249422663402,17.083199422166413,112.32634344652554,28.45432828502039,17.460911744533938,15.340421513698699,13.213304750892096,56.418293204160136,87.02624437987257,260.32330849488267,263.31187441396605,36.863397356676394,71.28160441592091,23.239247623559972,153.56987843627098,667.2056246003373,52.687555704284385,98.96062846029217,25.485641961851055,559.1268881474535,79.86296331883227,7.461474999751505,27.566373000858135,63.409284433945075,346.7531649973328,293.5156071394255,14.717527508390846,2.365671913775566,213.5797519689083,27.8049281518271,3.3662782414509453,33.53687830705361,14.068127375197554,55.29840930100028,42.317033169105784,0.7289185168496142,0.1391571713985627,2.975312855140698,0.24518168294032477,4.0885702263292,0.14578370336992283,0.35783272645344694,0.19879595914080386,0.2981939387112058,1.0006063276753794,27.082636166948845,1.6102472690405114,8.435575199541445,6.626531971360129,5.321105173002183,21.993459612944267,3.1741088142815017,0.9475940719044984,2.259647402233804,0.8945818161336174,2.3590453818042056,9.634977486357627,3.1741088142815017,51.110441095100676,24.17358863152175,7.799428130290871,1.4975962255273891,4.506041740524887,0.3247000665966463,38.301354794461545,163.64883356470975,0.14578370336992283,1.7162717805822734,9.999436744782434,1.345185990186106,13.206678218920736,4.3257587182961865,0.5328214610177692,181.0,1509085.0
1695205478,5.400618775349565,37.41076406730002,29.998578784532803,335.23193143181993,437.8655530168031,86.19125187217807,8.6584819232325,32.68795574553684,217.73020957461927,25.778662089624035,205.33283772999093,46.59400247072843,69.15853111915251,762.2743820445825,14.758776005509944,7.39032042942572,0.0,75.45560888150342,37.45449377398301,26.82817505001585,37.73873686742246,26.60952651660089,53.78753922008068,5.597402455423031,1268.904898820391,488.9199855691968,174.48152966513976,35.33360299985788,16.28931573941468,14.78064085885144,29.95484907784981,45.80686775043456,29.058390090848466,158.45459216582304,2218.648533414962,37.27957494725104,65.2447223710247,2.864295787736004,163.08994107422023,42.833247695991076,3.9575384548108143,33.67187414590417,129.41806692831608,160.29123984650872,206.57913437045622,4.832132588470663,58.663401515234334,104.75451235910835,78.71347202938637,208.78748455794732,49.6113522318549,0.5684861868789015,239.79184659618895,49.19592001836648,52.69429655300587,7.608968962840682,33.93425238600212,63.08010189021657,78.91025570945983,49.6113522318549,1.4212154671972537,196.3682478599775,113.82842649582928,43.40173388286998,27.024958730089317,798.8980113915886,20.749745821079905,151.47970394988576,131.32030916902625,25.997310623038995,233.99766046069246,27.637174623651212,109.674104360945,47.009434684216856,35.421062413223865,1166.8397634222868,3.8482141881033334,342.16308994107425,6.340807469033901,18.16969312678335,30.042308491215795,119.11972100447136,34.52460342622252,28.621093024018542,19.437854620590134,20.290583900908484,66.40355959812399,101.47478435788392,295.6346820303703,347.3013304763258,51.20748652578413,58.83832034196631,28.599228170677044,107.9686458003083,588.9298247532005,60.23767095582206,87.1314405658624,15.961342939292235,597.894414623214,82.75846989756316,23.810825288889376,37.826196280788444,40.14387073498705,289.7093067748248,168.25004646281334,15.808288965901761,2.0115665074176516,196.76181522012442,37.45449377398301,3.214133441199943,42.680193722600606,14.14656011194805,61.46210274294585,48.977271484951515,0.6340807469033901,0.21864853341496213,3.2578631478829356,0.7434050136108712,4.853997441812159,0.306107946780947,0.306107946780947,0.5466213335374053,0.3717025068054356,1.5305397339047349,27.59344491696822,2.1427556274666286,7.084212482644773,5.488078188715549,6.493861442424375,21.208907741251327,2.8861606410775,1.749188267319697,3.0392146144679733,0.48102677351291667,1.2025669337822917,9.358157230160378,2.754971521028523,46.87824556416788,17.316963846465,10.123427097112746,0.5466213335374053,6.275212909009412,0.5028916268544129,34.765116812978974,141.8591684796274,0.1530539733904735,0.9183238403428409,7.149807042669261,1.3993506138557577,9.620535470258334,4.339582578740803,0.5296012954925605,87.0,457355.0
1696974077,4.4592470652043135,32.1409542215797,25.351822180123026,355.5748227282189,377.9856425612693,108.87437909520254,8.39331513985994,31.482093306164074,261.7969524340614,30.851878517505646,263.27700231651676,54.809589195444886,77.06762968579018,655.7957798526061,12.002727111267285,3.3038532859972003,0.0,52.221889078377714,36.733883211650955,11.639876172342738,30.966463024534452,36.208704221102266,22.983742368194395,6.426281102532126,1174.6726225147097,320.75068130038136,154.13525937158036,31.959528752117425,14.055699528866702,9.00443251068023,35.96043778920652,29.6773873204604,33.105373822405475,166.92098061421115,2122.3915314410337,69.0944577383692,80.887113253417,5.1467541073771415,157.89745068569277,63.4416220582815,14.810047533473,36.84846771867976,142.5908702884283,206.41444070347248,200.35101053986492,33.410932507815616,164.45741371309185,121.63145421107612,120.82936266187448,146.9068867198466,46.46401760018028,0.45833802811521857,241.66827403266805,66.92690081374097,53.78787734110471,10.417641430702155,48.27827229480302,67.43298238645153,77.83152639931555,107.01238085598446,1.8906443659752765,298.769553368689,118.08888320210224,43.551661379864825,30.288504691280693,846.454850839618,28.54109095909142,188.79707274779378,129.20358038389628,30.80413497291031,282.8900504362805,19.231099763001044,200.01680572769754,26.220754691758128,29.982946005870545,1097.7291260448674,5.08946185386274,214.7027200452227,3.399340375187871,20.749344481132706,19.383879105706118,108.60701524546866,26.870066898254688,15.535749411322096,16.66249706377201,12.53745481073504,55.01966079166436,98.99146536396813,274.3344072447964,250.00429691901357,36.76252933840816,66.58314729265456,25.5332476495853,146.17163613307844,648.8443197595253,51.887684266210364,97.37773355664581,26.554959503925474,523.5557100324465,71.0901379024542,5.356825703596617,30.756391428314977,74.24121184574634,349.0053109919008,319.4998004319836,14.151186618057373,2.4540181922002327,206.1470768537386,34.74775175648501,2.845515257881982,40.04728520656722,13.63555633642775,66.17255280913467,46.37807921990868,1.0121631454211075,0.24826643189574338,3.036489436263323,0.25781514081481044,4.554734154394985,0.15277934270507285,0.31510739432921275,0.19097417838134106,0.544276408386822,1.2031373238024488,31.482093306164074,1.6710240608367342,10.713651407193234,6.053881454688511,7.2856649052481615,25.72422182796664,2.5399565724718363,0.45833802811521857,1.8619982392180754,0.897578638392303,1.5564395538079296,7.314311032005363,2.4826643189574336,39.88495715494308,19.422073941382386,6.741388496861339,0.6015686619012244,2.9600997649107863,0.362850938924548,30.087981803980284,174.3594248621644,0.12413321594787169,1.8715469481371423,10.923723003412709,1.5182447181316614,14.437647885629383,4.283568366941605,0.524799840441074,123.0,1047262.0
1702202187,5.692492521548423,33.2518968255888,23.076364867806777,416.61627278811187,462.62386815348765,126.13789377776703,7.821129951702507,38.33159978391105,314.2159115647904,39.50880078695081,243.66448158809254,71.43836223926208,82.87172540577151,651.6049442442128,12.787950622062036,4.354031107133355,0.016126041137530942,72.53493303661418,42.411488191706376,28.010933455891244,34.12270304701547,42.21797569805601,37.04151649290857,9.982019464131653,1124.7591172605082,320.84371447231564,180.28913991759592,35.4934165437056,16.883965070994897,12.626690210686727,31.752174999798424,30.155696927182863,35.5417946671182,159.1156479040178,1986.454125444474,38.621868524386606,59.94049490820251,6.660054989800279,173.5968328455206,45.97534328310071,9.74012884706869,24.430952323359378,110.06023076364868,285.88245728614856,219.20127718245809,35.39666029688042,123.79961781282503,138.13566838409005,101.40054667279456,183.56272626851472,48.81352652330616,0.7901760157390162,241.01981084153746,68.93882586294478,48.65226611193085,11.272102755134128,51.50657539327383,61.391838610580294,63.73011457552228,61.00481362327955,3.4509728034316214,270.20794530046845,97.20777597703652,32.655233303500154,36.960886287220916,903.6065891004088,29.25263862348113,163.5503092168388,134.68469558065843,29.688041734194464,280.14158664118753,23.495641937382583,155.7291792651363,30.365335461970762,25.269506462510986,1043.0645928577765,5.240963369697556,203.4138829088153,7.514735170089419,24.753473146109997,30.99425106633447,116.46226909524846,27.881925126791,24.52770857018456,17.158107770332922,9.143465324980044,65.00407182538723,107.91546729235706,305.78199204986174,234.1662433580868,34.57423219886634,56.570152310458546,18.98035041887392,130.95958007788877,591.7773316239729,46.78164533997726,97.19164993589898,19.222241035936882,523.1287745015037,63.68173645210969,4.0476363255202665,28.75273134821767,45.281923514186886,395.9426880497972,297.3319464937955,9.853011135031405,1.983503059916306,214.52472525257411,24.62446481700975,2.2898978415293936,28.89786571845545,14.158664118752167,60.311393854365726,35.46116446143054,0.7256718511888924,0.3386468638881498,1.5642259903405014,0.1935124936503713,2.8220571990679146,0.2580166582004951,0.17738645251284035,0.3870249873007426,0.17738645251284035,0.9998145505269184,27.333639728114946,1.3223353732775371,6.385912290462253,5.724744603823484,10.078775710956839,23.511767978520112,2.209267635841739,0.7095458100513614,2.5479144997298886,0.7579239334639543,2.1286374301540842,8.353289309241028,1.3223353732775371,41.814824669617735,21.995920111592206,7.2567185118889235,0.3063947816130879,2.4189061706296413,0.16126041137530941,32.13919998709917,150.32695548406343,0.20963853478790223,1.2739572498649443,10.159405916644493,1.5803520314780324,13.223353732775372,4.125815665158882,0.5027493735839319,114.0,620115.0
1709994511,2.8010938508868546,23.95172623343082,21.910251053970907,415.34524668616353,326.42238596224695,131.98374416043146,6.622925291503665,48.21204755212883,373.66117209161,39.998670667325,273.8900072163774,94.64373884310076,99.5575221238938,624.3828098294656,9.1866383075696,2.8010938508868546,0.0,36.29552964411865,33.82676896198109,55.665805765505716,38.19457632268601,50.82323673515895,18.94299061870941,10.492232899084659,988.073986858597,295.34923468418856,185.1570511603175,36.105624976261915,11.299327737475787,8.47449580310684,27.46496258878043,22.859774393254586,32.5923886209123,171.93493866079228,2109.8883360553004,49.87371339587527,46.05188195525846,9.1866383075696,197.50085457100536,64.44889665387976,13.412017167381974,23.097155228075508,166.49891754339322,266.9822249230886,312.0133692886171,18.563181282995934,101.14797371719396,130.32207831668504,116.03175206046565,153.60913821261727,50.56211781685594,2.1364275133882793,208.49158722321394,77.19624748376314,45.933191537848,10.468494815602568,39.167837745451784,42.34874093205211,43.01340726955068,74.06282046412701,22.17136997227392,249.534733563751,92.10376391051692,34.6813399673364,76.69774773063922,958.401382505982,42.75228835124767,140.36328762960994,194.01135629913784,42.56238368339094,286.8035246306354,30.43222302404193,155.2945421398458,18.349538531657107,28.960461848152228,924.099851874359,6.599187208021573,187.34095484066998,8.284591135250105,23.97546431691291,43.867978274905994,121.37282084393634,24.996201906642867,18.919252535227315,10.61092331649512,10.468494815602568,55.87944851684454,106.27539974932584,277.7118386569942,191.732500284857,28.889247597705953,85.931862205173,13.174636332561054,121.25413042652589,677.6035929963158,48.40195221998557,75.22598655474951,30.455961107524022,601.024535683087,56.04561510121919,5.222378366060238,29.69634243609708,59.06035170344487,433.4811424664818,250.03323331687494,7.026472710699229,2.421284515173383,189.0975730183448,16.14189676782255,1.2106422575866915,19.773823540582626,10.112423563371188,41.4941699266968,25.28105890842797,0.6171901705343917,0.14242850089255193,0.9732614227657715,0.16616658437464393,1.8990466785673592,0.18990466785673593,0.28485700178510387,0.14242850089255193,0.2136427513388279,0.8308329218732197,17.613657943712255,0.37980933571347186,5.554711534809526,4.557712028561662,4.3915454441870185,14.883778343271677,1.3055945915150595,0.33233316874928787,1.2581184245508754,1.3530707584792434,1.4480230924076114,5.697140035702078,1.5192373428538875,39.59512324812944,26.23058224771165,2.9909985187435906,0.6171901705343917,2.350070264727107,0.18990466785673593,32.37874586957347,128.23312697026094,0.28485700178510387,0.7833567549090357,10.349804398192108,0.7121425044627597,12.130160659349007,4.0764837273063925,0.45017043848987803,42.0,421264.0
1714009198,3.393246411384856,26.517592326007577,30.424966981541655,386.85865357810405,429.5541479866738,113.71374253371539,8.534528852877061,35.73762550441693,319.3536151213114,46.36294255016749,225.57662338849357,72.4806573529479,88.16728133554523,625.0199938761614,19.691111750915148,6.198101610021159,0.005712536046102451,54.99458451582829,33.39548572551493,27.494435989891095,45.66030061649689,38.73670692862072,20.662242878752565,6.597979133248331,1063.3828724459252,322.0156569187952,177.65987103378623,35.092108931207356,13.624398469954345,8.408853059862809,30.830557040814927,27.608686710813146,27.928588729394882,151.34221746939224,1987.2656146460283,51.332848910276624,56.46841881572273,5.552585036811582,190.4273890968252,52.95520914736972,6.649391957663253,28.95113268164722,111.42872811527441,299.8795797401482,276.4296192708976,22.210340147246328,161.310592869841,137.57500559828532,93.64560340375748,144.60713747103745,55.54870051230023,0.58267867670245,245.74758816728132,68.11627981372563,53.417924567104016,9.357134043515815,37.297147845002904,67.40792534400892,75.10842393415503,63.129235845478185,5.683973365871939,254.69913215152388,112.47983474775725,45.35753620605346,40.87319540986304,933.2684389238497,33.15555921157863,176.14033644552296,159.4254559746272,31.127608915212257,273.499088279247,29.059670866523167,180.1848119661635,27.517286134075505,31.167596667534973,993.0444161102656,3.747423646243208,214.12870115210427,7.397734179702674,28.579817838650563,17.73742442314811,123.65355525393365,29.97367663389956,13.367334347879735,11.402221948020491,16.372128308129625,57.125360461024506,94.27398236882875,308.9967872697277,224.75401819785483,34.77220691262562,67.86492822769712,24.558192462194437,138.9060264970272,526.6672607704155,50.19605423710224,76.41088215266639,19.285521691641875,579.782420927076,78.18748086300424,5.5982853251804015,27.305922300369716,56.88543394708821,411.3083078554226,321.0959386153727,10.09405119346303,2.8334178788668156,214.67710461253012,31.25328470822651,1.8222989987066818,35.909001585800006,15.315309139600672,66.22543038246572,41.90716443420758,0.5998162848407573,0.2227889057979956,1.8965619673060137,0.21707636975189312,2.93624352769666,0.2227889057979956,0.3941649871810691,0.21707636975189312,0.2799142662590201,1.1139445289899779,32.018764538404234,1.6680605254619156,6.975006512291093,7.660510837823387,11.664998606141205,27.968576481717598,2.0222377603202677,0.3370396267200446,2.422115283547439,0.5369783883336304,1.0682442406211583,6.38661529954254,2.364989923086415,41.62725016794856,23.364272428559023,6.335202475127618,0.4627154197342985,2.1879013056572387,0.5255533162414255,32.87564494531961,160.807889697784,0.19993876161358579,3.176170041632963,10.853818487594657,1.102519456897773,15.332446747738977,4.196816108094892,0.5042438714199537,150.0,1750536.0
1714879044,2.5777332483816213,41.845608369364854,26.70142553512283,352.3895100847734,372.6101251416537,98.03897727217459,7.642006351923816,34.17928377924876,295.95903835958893,46.44783494725374,238.40384811801155,70.1763558633704,80.96757406119441,720.3305334935095,10.663547447314537,7.325869255424183,0.006079559548069861,66.06657360887519,39.04293141770465,49.30522793484658,51.18381183520016,40.79384456754877,33.35246368071126,6.16467338174284,1164.7159386596759,373.07217166730703,183.30479993385438,29.42506821265813,9.532749371373543,9.24093051306619,32.48916622488534,24.1662492035777,25.819889400652702,200.6680220031419,2173.168958255312,59.96877538216111,63.063271192128674,4.918363674388518,145.19204112700444,72.63857748033871,11.320139878506081,22.79834830526198,117.77930712475742,208.5775289751808,200.8747270277763,32.31893855753938,81.69712120696279,111.59639506437037,100.35528945998921,188.13197021502185,47.06795002115687,0.8450587771817107,265.06879629584597,79.36257034050396,56.22376670055008,9.65434056233494,26.8290962856323,70.22499233975498,70.37698132845672,75.76347108804661,2.62029016521811,223.1623923310004,127.47620460392885,42.23470018044133,30.422115978541587,830.8873238751598,24.476306740529264,156.60337439873157,155.97110020573228,22.202551469551135,262.64305203616607,21.843857456215012,163.50975404533892,23.983862417135605,24.494545419173473,1087.9979767225825,3.9152363489569906,246.27687773276202,10.122466647536319,23.570452367866853,30.409956859445447,126.67370274358363,37.8027012698984,20.044307829986334,13.058893909254062,14.627420272656087,48.19874809709786,90.77998317177916,224.3965429192586,246.27079817321393,29.947910333792137,73.62346612712602,25.1146604930766,145.95198607051316,652.7379904380688,61.56769954330348,72.99119193412676,19.64913645936179,570.3721176808183,59.76814991707481,6.2680258940600275,21.58851595519608,64.88713905654963,326.3568360999382,225.61245482887256,10.219739600305438,2.2615961518819883,233.98400832656475,33.04848570330777,1.9029021385458667,37.21298399373562,13.277758052984577,68.32816976075718,41.30452756958664,0.6505128716434752,0.2371028223747246,2.0792093654398927,0.1580685482498164,3.1248936077079086,0.7113084671241738,0.2371028223747246,0.3465348942399821,0.5410807997782177,1.8360269835170981,28.56785031638028,1.3557417792195792,9.988716337478783,5.380410200041827,6.882061408415083,23.606929725155272,2.18256187775708,0.5653990379704971,1.1733549927774833,0.8936952535662697,1.708356233007631,6.523367395078961,1.9880159722188446,36.2280953469483,17.47265414115278,6.389617085021424,0.8025018603452218,2.6506879629584597,0.4012509301726109,27.716711979650498,146.8274426454352,0.09119339322104793,1.4286964937964175,7.830472697913981,0.4255691683648903,9.775931753296337,4.257119782947566,0.5066719314031137,155.0,1644856.0
1715894000,2.981429009966807,23.10055366240948,30.609337835659215,309.00855338855973,357.17519539402343,116.3861546853709,10.666890457881243,23.78517810173519,196.37679078981367,18.904468389122865,228.5541394381221,33.237412296296625,47.65869484080273,723.1180005432826,9.938096699889355,5.12364096527629,0.0,44.83185844616754,27.937094056355633,20.030786015110323,36.70470381159135,25.198596299052788,16.453071203150156,1.7888574059800841,1261.3874024686231,407.19694878346655,153.28962043096004,38.758577129568486,14.553790500504634,10.998160347877555,20.273717267774288,21.665050805758796,29.08549634167618,225.17518656015972,2719.593288913722,67.04902573525352,70.6046558878806,3.423122196628556,112.72010123607838,42.62339251285879,24.58022583772634,92.84390783629968,134.23055942650558,116.9382711686981,157.13235115491727,25.596120167048362,140.8559572264318,77.93676278646564,88.44906062901526,175.61721101671145,29.37259691300632,0.28710057133013694,181.7346616519767,63.206295011296305,42.75590046885732,7.9063080412453095,36.92555040492223,51.722272158090824,59.38564894667217,69.16915303122991,18.06525133446554,259.9364403504394,125.7058809239338,55.962526750043615,39.95114873355521,731.0022239251948,25.97155937571085,149.77815959699913,92.11511407830778,24.293125266396203,275.83739507026235,25.28693493638514,165.8557915914868,29.814290099668067,33.899952076289246,1185.7032749341324,3.5997994712932555,258.5451068124549,3.091852306632244,18.374436565128764,12.212816611197365,111.06375178609683,30.278067945662904,21.70922012442497,27.362892913695358,32.111094670309164,64.31052797795067,75.94914344648777,222.30418084685834,289.9494923841052,36.329264602928866,71.20094168987396,26.766607111701997,150.0431755089962,916.9992248284574,58.76727848534573,122.9011291886317,34.18705264761938,674.9955278564851,86.54977992636975,6.912498371256374,25.37527357371749,70.47214793188208,251.16883059520364,244.38884017994582,21.70922012442497,1.1704869446536352,164.133188163506,18.816129751790513,1.6784341093146469,21.665050805758796,23.01221502507713,50.68429316943571,35.97591005359947,0.6183704613264488,0.1987619339977871,1.6342647906484717,0.2650159119970495,2.7164130979697574,0.17667727466469965,0.37543920866248676,0.3533545493293993,0.08833863733234983,0.9938096699889356,23.741008783069017,1.6784341093146469,9.628911469226132,4.0856619766211795,4.6377784599483665,20.030786015110323,2.7605824166359323,0.9938096699889356,2.6280744606374076,0.4637778459948366,1.6784341093146469,8.524678502571758,2.959344350633719,37.124312338920014,14.531705841171547,6.360381887929187,0.2650159119970495,3.8869000426233926,0.5962858019933613,25.64028948571454,142.6227299730788,0.08833863733234983,1.5680108126492094,4.681947778614541,0.8171323953242359,7.1554296239203365,4.508758427837272,0.5696468775604402,292.0,452803.0
1721813926,2.388801299507907,33.64685371372448,24.74171575457534,507.42055669252056,401.5770787857997,77.37366569783151,6.915775565460597,35.31509855567591,385.75616526118995,40.07703688387528,262.03192221749686,175.26752616520636,87.44579183280584,590.1279066033517,12.836869934076915,3.5871180169659715,0.007832135408222645,65.3278414399851,37.82138188630716,118.97796898631022,40.28067240448907,26.065346638564964,29.378339916243142,5.670466035553195,1002.4428430338246,331.2914956324097,228.1657687123421,34.70419199383454,9.649190822930299,5.208370046468059,29.534982624407597,25.658075597337387,24.146473463550418,128.25904944505405,1756.8106291476051,49.687067029764464,52.295168120702606,5.043895202895384,237.4625134419024,47.57239046954435,20.026770238825303,19.079081854430363,131.91665668069402,352.7750430571644,293.26647822548875,26.99737075214346,106.72850920785,132.98965923162052,97.94085327982418,156.43907264383913,59.63387899820722,1.2061488528662874,268.36811976274896,61.13764899658597,54.26886624357471,10.604711342733463,45.998131252491596,51.34747973630766,57.60535592747756,45.77099932565314,3.211175517371285,272.5661443415563,122.9488616382791,40.719271987349536,36.73271506456421,1026.377848841353,32.13525157993752,178.19674480788163,157.8488570173192,32.0256016842224,240.9243172923368,19.556842114331946,185.87223750793981,18.421182480139663,29.112047312363575,926.9018970215172,3.9865569227853266,233.10001401952238,9.907651291401647,39.152844905705,38.17382797967718,146.13981458202633,27.16967773112436,14.62259680715168,10.8945003528377,9.484715979357624,49.561752863232904,75.86989569945277,346.3448598870136,188.72313479653286,33.576364495050484,66.4713332095856,14.606932536335234,131.54071418109933,447.2305960803295,35.957333659150166,58.506051499423165,18.781460708917905,572.9676979239358,51.48062603824745,3.453971715026187,25.18814747284403,54.73096223265985,484.6916997378584,266.71553919161397,9.406394625275398,1.4176165088882988,240.76767458417234,29.07288663532246,2.146005101853005,32.63650824606376,13.612251339490959,50.36846281027984,36.254954804662624,0.6265708326578117,0.23496406224667937,1.3314630193978498,0.06265708326578116,2.255654997568122,0.22713192683845673,0.2741247392877926,0.35244609337001903,0.07832135408222646,0.9320241135784948,20.708166019340677,0.9790169260278307,6.054240670556105,5.701794577186086,4.785434734424037,17.52048690819406,1.0573382801100573,0.242796197654902,1.48027359215408,0.9476883843949401,1.4959378629705253,5.224034317284505,1.699573383584314,37.87620683416471,21.444386747713605,6.046408535147883,0.9241919781702722,2.01285879991322,0.5247530723509173,30.952599133295895,162.274013522965,0.49342453071802667,1.7309019252172047,12.695891496728908,1.0025133322524986,15.922731284916638,4.069938989153276,0.4659801973854765,88.0,1276791.0
1721969693,2.8383347965742534,30.005253563784965,20.132784706135386,436.1692000126932,449.4265153358226,71.91035798277254,9.608027727533964,47.8462151422517,316.11292694020455,49.97937359185098,231.47413589453382,95.72768910185215,82.8934795869077,621.2956205022971,8.938110197907742,4.407352168593561,0.0,65.42273559060283,46.40060363095301,45.69542728397804,23.235560632825255,40.81208108117637,39.948240056132036,4.513128620639806,1070.492953525353,341.992898874186,200.64030012305327,32.226559056756116,16.183797163075557,9.149663102000233,33.61928234203168,41.711180923569465,26.972995271792595,175.65942803146496,1873.3185951476817,35.80532901765409,51.724685050614035,5.941110723264121,189.14592566736127,32.56151782156923,1.7100526414143016,26.8319600023976,86.7895789039444,262.4490069354094,211.3060923710497,25.227683813029543,134.74157049824234,116.74194424170625,78.13353924482665,149.23294442857798,47.758068098879825,0.3702175821618591,263.22470091708186,60.18680121431367,50.61403230412846,10.612904021973295,41.05889280261761,58.124160399411885,108.94974560763283,36.17554659981595,0.1586646780693682,276.658310326955,101.68642923379063,34.818082131889135,14.650038608404996,933.6005951688369,22.036760842967805,176.68193373457868,153.3934848757303,23.72918407570773,258.55290761837267,16.060391302354937,153.62266718849716,36.7573170860703,28.33045973971941,973.3901705468995,2.803075979225505,227.77196007291522,6.082145992659115,36.43998772993156,35.62903493091035,122.82409023436536,30.516506415341816,21.71943148682907,12.481621341456965,14.156415165522517,57.56001932183191,109.49625727653843,339.7539639725404,248.4512564479562,44.46136867677184,48.163544498390436,14.103526939499396,109.35522200714344,505.2588526075658,31.02775926689867,60.997754013334884,19.551014219881036,530.9977892721522,77.88672752338542,4.548387437988555,35.08252326200475,41.74643974091821,349.2385858393538,276.71119855297815,12.763691880246952,1.1459115638343258,235.37023521157053,25.08664854363455,1.28694683322932,27.519506940698196,9.273068962720853,56.23781367125384,63.62453590581665,0.8814704337187123,0.21155290409249092,2.6796701185048852,0.5288822602312273,4.301575716547315,0.58177048625435,0.22918231276686518,0.7404351643237183,0.17629408674374245,1.727682050088676,43.15679243486815,1.5513879633449335,8.867592563210245,6.082145992659115,20.626408149017866,37.12753466823216,1.727682050088676,0.6699175296262213,2.521005440435517,0.45836462553373036,1.3222056505780684,6.699175296262212,1.7629408674374245,51.60127918989341,26.638036506979482,11.141786282204523,0.7051763469749698,4.19579926450107,0.45836462553373036,43.13916302619378,164.1474241670986,0.2820705387899879,1.4808703286474365,9.67854536223146,1.093023337811203,12.534509567480088,4.19332344640836,0.4892725771022188,90.0,567234.0
1722246285,4.319195167817345,29.42368646630031,28.98512203387578,418.3771787017164,415.14774969931756,100.90968895149877,6.445568173512037,35.6167478453861,339.84756563515424,42.48759062003708,257.43732183319935,79.38016226884,84.92202191493179,630.8815809583298,12.731658371596973,3.043371364400529,0.0,59.325806858881926,37.55706321308251,49.05276727511944,39.497378580778914,48.54775368626695,24.34697091520423,9.156693755772771,1079.8386614481929,308.76265025815496,176.59527812294422,36.73309367337582,11.934268494461463,8.027058096497464,33.33089686426431,26.101228644902353,33.60998332126174,152.70016147145012,1956.050527938548,49.238824913117725,64.15001561555177,5.967134247230732,187.42649062070157,52.215747121090295,11.708341362606403,23.057857280501825,156.19538709956078,284.24291153623807,237.1437494601006,35.337661388388675,144.35414742409844,141.76263032340805,110.5979759586952,162.1625213467915,55.1395100039205,0.8239695397066934,228.83760490660572,75.36663322059127,51.01966230538703,9.395910718913424,47.15232140127981,62.26285957299772,66.14349030839054,68.9476447096504,2.750995076117509,261.63690851944637,99.02253290894473,36.640064854376675,35.935703796240304,958.9676459057353,27.284023629320025,161.76382640822374,153.8696666245822,26.978357509751415,274.2755380720442,23.0977267743586,169.09981327787042,23.190755593357743,29.530005116585045,1006.1598368008719,4.319195167817345,206.0721239143869,8.133376746782199,24.891853997913497,27.31060329189121,121.28300031231103,22.473104703935782,16.904665395272808,13.263251623020645,10.671734522330238,56.694420264334745,108.25896565243104,309.3872723285778,213.8865447103149,29.968569549009576,70.5955837890638,19.46960283339203,143.8092643413892,552.9234306370481,46.966263763281525,79.65924872583743,18.472865486972644,552.7240831677642,64.77463768597458,5.129874876238446,27.284023629320025,55.205959160348456,440.43829863579884,321.45443913589514,8.890897130060933,1.8207068861260807,203.6666644516948,24.20078277106272,1.780837392269305,27.802327049458107,14.353017788439177,61.23954256400715,40.74662272162455,0.7973898771355098,0.21263730056946928,1.7542577296981214,0.25250679442624474,3.0167917018293453,0.1727678067126938,0.21263730056946928,0.2790864569974284,0.23921696314065294,0.9037085274202444,24.798825178914353,0.8904186961346525,5.834235934374813,6.405698679655262,7.747971639500037,20.878324949664766,1.8207068861260807,0.30566611956861206,2.285850981121795,0.7442305519931425,1.7010984045557542,6.857552943365384,1.408722116272734,41.92941770604222,24.214072602348313,6.618335980224731,0.5847525765660405,1.9270255364108153,0.3189559508542039,33.663142646404104,146.95895435607446,0.15947797542710196,2.0732136805523256,11.296356592753055,1.2758238034168157,14.804872052149298,4.111897287279638,0.4845896730037012,108.0,752455.0
1725387804,3.1830783447992608,28.93707586181146,19.593200720626534,438.08865946662434,423.5641142921151,101.0464020013255,10.324001904246282,41.622716538005584,354.9085681748173,50.051806700333245,266.03440711665377,89.34088808819274,98.40472701136014,664.5912871398034,12.657637054392367,5.143331870921973,0.009334540600584341,52.04006384825771,49.33304707408825,44.05903163475809,33.13761913207441,43.162915737102,36.367370179876595,8.130384863108961,1034.6311456281678,304.0539909828338,180.30598624088717,46.90606651793632,20.44264391527971,13.19904040922626,36.012657637054396,35.1725489830018,25.978026491426224,153.34783298639957,1887.3881021945506,58.02350437323227,53.58026304735412,6.17013133698625,209.42041837410972,45.421874562443406,5.600724360350605,22.57091917221294,100.80370394571031,291.78840463366595,236.95731314583352,33.55767345910071,134.30537016120752,136.20961644372673,89.63025884681086,149.94072566718629,53.62693575035705,1.0454685472654464,247.17863510347337,61.5239570984514,51.55466773702732,10.025296605027583,48.39959301402981,56.315283443325335,72.26801332972397,47.9328659840006,4.25655051386646,278.2253171410169,95.96841191460763,38.15960197518879,29.889199003071063,964.8274510169982,26.79013152367706,180.84738959572104,181.87418906178533,28.899737699409123,276.2277254524919,24.260471020918704,188.90309813402533,18.641077579366932,30.01054803087866,947.1478311194915,3.220416507201598,206.6947325187391,4.368565001073472,30.617293169916643,27.826265530341924,122.61852532927593,24.148456533711695,15.32731566615949,8.326410215721234,17.595609032101486,80.54775084244228,104.31349121153002,307.9744980350792,246.56255542383482,41.71606194401143,76.98195633301907,21.040054513717106,136.14427465952264,476.4816249568278,51.171951572403366,70.95184310504159,25.47396129899467,491.0995155373428,83.12408404820357,5.918098740770473,27.340869419111538,64.19363571021852,392.59210857937626,304.07266006403495,13.60976019565197,1.0174649254636934,219.89377292796536,25.978026491426224,2.0629334727291395,29.058424889619058,10.968085205686602,54.56038981041548,46.04728878268256,0.5133997330321388,0.2520325962157772,1.5215301178952478,0.2426980556151929,2.529660502758357,0.3453780022216207,0.4293888676268797,0.6160796796385666,0.2613671368163616,1.6522136863034287,25.651317570405773,1.008130384863109,8.317075675120648,5.2180081957266475,6.926229125633582,21.469443381343986,1.5682028208981695,0.41071978642571105,2.258958825341411,0.5133997330321388,1.2975011434812236,6.0487823091786534,1.9695880667232961,42.770865031877456,23.812413072090656,7.458297939866889,1.008130384863109,2.2216206629390736,0.2520325962157772,34.752494655975504,165.2026995491417,0.5507378954344762,1.904246282519206,11.966881049949126,1.222824818676549,15.644690046579358,4.133514640106788,0.48164976308935953,117.0,1071290.0
1725442221,2.8733953586771013,31.796803584481772,25.402709517095914,347.5703231938263,434.98785122127197,166.60956714351346,6.504609273488823,27.218316474501773,265.7574949044596,34.81228992243411,256.78997532353327,56.378542999098514,62.45687933476161,651.9923523477377,11.730399733500475,2.6681528330573085,0.0,41.7589600203348,30.50219688441846,49.27399403533645,39.28026182631115,44.58499171925349,22.260920086454465,4.894244841702755,1181.691735199251,360.65848117373463,155.06862204904664,23.287132714553433,9.425368291924338,5.2573662331839275,21.534677303492124,22.4819504986604,25.023800239028603,184.43409109926318,2308.883685903154,67.99842752649602,71.39282314251567,6.851942778383857,148.4219217962826,37.969867239661696,14.382764679971645,40.76432316540811,92.8011973533187,245.34375754858328,140.5911300495582,41.60108115447342,160.91014008591767,143.81185891313032,80.24982751733904,157.27892617110595,47.158417232793965,0.33154561830889634,222.81444339016446,65.12503216781892,50.505449189055206,7.483458241829374,33.122986057717355,66.18282056909015,70.98233809127609,59.96239325415182,0.9472731951682752,366.78418116915617,115.2831478519791,50.42650975612452,25.10273967195929,752.1191290770244,16.84567498740916,150.19016509393003,122.64030300111936,15.756310812965644,248.24872868043266,23.90286029141281,158.36829034554947,20.508464675393157,32.4756827076857,1115.2247326716104,3.757517007500825,254.31127712950962,13.135521639666749,20.41373735587633,16.277311070308194,112.80444965795543,29.839105647800668,14.414340453143922,12.803976021357853,16.70358400813392,37.969867239661696,92.0907424569425,243.13345342652397,229.71374982830673,32.080985543032256,77.75534143672925,26.42892214519488,166.3727488447214,728.4372991978175,59.678211295601336,89.31207441778221,26.03422498054143,581.7836206991824,95.62722905223738,5.6994270575957895,24.20283013654943,74.85037030487987,338.14495490190194,346.3230801535214,14.887977050728058,2.0366373696117916,203.69531273435143,14.27224947386868,2.162940462300895,18.471827305781368,8.57282241627289,64.50930459095954,40.2591107946517,0.6473033500316547,0.11051520610296543,1.563000772027654,0.09472731951682752,2.415546647679102,0.2683940719643446,0.6315154634455168,0.33154561830889634,0.3631213914811722,1.5945765451999299,30.091711833178874,1.405121906166275,11.193611589571786,7.420306695484823,6.062548449076961,26.081588640299845,1.6735159781306195,0.6315154634455168,1.2946067000633095,0.6473033500316547,0.9472731951682752,5.194214686839375,2.699728606229584,33.43874378944012,15.945765451999298,6.536185046661099,0.4578487109979997,2.2103041220593087,0.394697164653448,25.544800496371153,138.0177045360177,0.09472731951682752,0.994636854926689,10.467368806609441,0.6157275768593788,12.172460557912336,4.340346705462766,0.48316516908037127,126.0,633397.0
1728152109,4.33047145654466,39.698402215347535,23.708969145028792,359.95052544984765,411.2644397325825,95.86418251126791,9.79063111914445,32.065765233410964,265.7519088834046,29.053263350597287,271.27000127452004,60.496251752465035,67.10058280324887,648.5424125505463,13.339010740727867,6.90847787549098,0.0,75.48634525588886,40.3791117754064,14.381799854009524,38.95975992677303,31.645752951672517,36.541068511244745,5.358777387697406,1214.5162037841658,373.695065290185,182.16946481745399,36.93211442872536,12.701750727055742,11.152050239262168,32.355428875989205,30.646413384777595,26.402841021006406,183.63226621247406,2145.726881944686,53.08086250246214,60.67004993801198,5.01118101660352,157.34529064849897,48.30141239992121,10.761004321781547,35.46931303370526,117.74827070805381,166.07864947223285,172.66849734088777,18.581922671393976,136.06949610112738,141.15309302837545,111.40463693559039,167.5993835957686,43.0585004692551,1.433835030762279,256.3812900459986,69.54824058303498,60.4528022060783,9.529933840824036,43.85507548634526,67.11506598537778,108.31971914213216,54.036752522970325,4.272538728029013,195.320194190506,123.64292583452095,45.6075405239436,31.616786587414694,889.8756763646054,26.388357838877496,171.9733045987,129.71137914653505,26.156626924814905,259.3068928360388,23.752418691415528,162.51578666852052,36.454169418471274,37.19281170704578,1116.2043634931117,3.8670096284194795,248.2707080538079,7.734019256838959,29.69052336426941,21.94202092530154,125.00434495463867,29.980187006847647,21.391660004402887,16.16323125586569,15.17837487109968,60.785915395043276,88.69500735745652,280.8578678438597,296.2824568111509,41.045338153336345,57.67203123732722,20.609568169441644,119.42831983500758,583.5853407023764,45.955136895037484,77.00707937942461,18.697788128425273,595.2587854982794,85.37835864993569,8.718875641604969,29.15464562549967,58.09204351906566,283.82692018028666,295.8045118008968,14.87422804639253,2.1000614086922265,221.66510248299676,33.80374708888039,2.7228382402354385,38.62664673780806,12.716233909184655,64.29084547023996,67.1295491675067,0.5069113745119168,0.5213945566408287,3.461480528809946,0.7386422885745073,5.2284287485371985,0.5358777387697405,0.30414682470715004,0.477945010254093,1.419351848633367,2.7373214223643507,42.53710591261427,2.042128680176579,12.281738445317298,9.023022466312119,11.224466149906728,34.57135574171272,2.7662877866221742,1.564183669922486,2.6214559653330554,0.8400245634768906,3.432514164552122,11.224466149906728,2.6938718759776146,49.89456243410152,20.479219530281437,9.79063111914445,0.5069113745119168,4.851866013185489,0.3475963710938858,35.97622440821718,160.85022072369566,0.10138227490238336,1.6800491269537812,7.5167715249052796,1.8248809482429003,11.123083875004346,4.33630916090236,0.5539563417509586,175.0,690456.0
1728340033,2.8079762457158446,27.63168114135273,23.15086798329553,413.6089265763999,473.54229190605827,112.5679838929703,7.418235117228029,34.38277296615891,310.7991580054208,36.9517725101117,224.79741745844294,69.46256131246004,80.73429574561726,651.9284424096021,14.41826100637072,5.058340187317905,0.009957362573460443,58.63890819510855,46.21211970342991,28.956010363622966,40.01864018273752,24.72413126990228,29.47379321744291,7.896188520754131,1073.3339838810214,336.3497503689203,191.47012492507085,32.77963759183178,16.509307146797415,11.102459269408394,27.63168114135273,32.55061825264219,22.623127766902126,173.48712811740128,2091.2054582278683,52.963211528236094,55.303191732999295,6.273138421280079,194.35776007137437,49.79677022987567,4.709832497246789,21.916155024186434,139.41303339101967,272.57284308590613,231.49872247038184,16.19067154444668,93.22082841273667,145.38745093509593,93.66890972854239,162.39462621056634,59.87362115421764,1.374116035137541,243.3878133830936,76.35305621329468,45.25621289637771,10.037021474048126,37.32019492532974,54.74557942888551,57.86223391437863,54.24771130021249,4.9488091990098395,340.56171473749407,97.83108728424885,43.65307752205058,40.387062597955556,826.4610935972167,30.459572112215493,171.63505867873764,132.154116074967,36.17509822938179,289.81899506313965,23.728395012556234,140.87676568931835,25.6501659892341,32.251897375438375,1000.077667428073,3.564735801298838,221.49157308405407,5.476549415403244,26.884878948343193,26.735518509741286,134.294949028261,27.382747077016216,22.882019193812095,14.41826100637072,14.019966503432302,60.39140400803758,79.89787728944658,257.5372255999809,213.47589621241843,38.01721030547197,77.10981576887767,28.99583981391681,139.66196745535618,588.2112793020287,45.067023007481964,85.03587637735218,17.654403842745364,625.8202377419888,48.39278210701775,4.401154257469516,31.863560235073415,59.236349949516175,411.9858764769258,254.79895089227927,9.041285216702082,2.290193391895902,211.66365622404862,28.99583981391681,3.853499315929191,35.1395325217419,14.497919906958405,53.79962998440677,35.91620680247181,0.5277402163934034,0.1394030760284462,1.3243292222702387,0.33855032749765507,2.3300228421897433,0.17923252632228795,0.09957362573460442,0.36842241521803637,0.22901933918959017,0.8762479064645189,20.890546679120007,1.214798233962174,5.426762602535941,5.715526117166294,5.327188976801336,17.684275930465745,1.6130927369005916,0.38833714036495726,2.429596467924348,0.8563331813175981,1.1849261462417926,6.472285672749288,0.9957362573460442,40.91480281434896,21.55768997154186,7.577552918403397,0.5974417544076266,3.4153753626969316,0.2987208772038133,33.44678088425363,157.23671239751386,0.10953098830806486,1.7126663626351961,11.411137509185666,1.1650114210948717,14.3983462812238,4.198378994147063,0.5212623599745888,117.0,1004282.0
1730358737,2.76380520700901,14.957063473225231,33.230693194861274,172.39641420660908,371.42290446663435,201.2375344256325,13.038657506007212,16.810438729690095,60.70616848806849,16.68037730818379,100.50496346899824,8.519023108663067,27.312898516324335,872.5820768858093,15.217186316237843,5.23497221562883,0.0,23.801240135654062,12.323319687722528,5.592641124771173,24.516577953938747,6.698163207574777,10.925159406529733,1.2355835043099104,1396.176844514822,468.3511788442092,119.10374674440004,15.087124894731536,11.477920447931536,5.23497221562883,19.704305358205414,28.71105879751713,29.06872770665947,229.3308014709947,3163.0287403226175,68.24973093543426,90.03501903774057,2.373620942490091,98.94422641092255,21.947864879189197,2.048467388724325,81.54851128445408,61.58408308323606,56.934387264385606,35.2791605835856,21.362588482410818,136.56449258162166,112.503129602955,64.4454343563748,96.63563617918562,23.215963738875683,0.19509213225945954,148.4651126494487,50.691439032082904,33.71842352550992,2.5036823639963974,31.604925426032445,40.35155602233154,110.22705472659463,70.23316761340543,0.06503071075315317,487.0475081857407,153.83014628658384,82.65403336725768,5.039880083369371,395.61432886680734,4.324542265084686,120.46939167021625,85.6779614172793,4.552149752720722,265.8455455588902,26.565045342663073,202.96084826059106,30.49940334322884,47.37487278367209,1319.473121181478,2.4711670086198207,329.34803460934427,11.738043290944148,19.216575027556765,12.843565373747753,84.5724393344757,31.117195095383796,13.558903192032437,21.06995028402163,26.662591408792803,31.800017558291902,64.47794971175138,130.4190904154487,329.5431267416037,31.767502202915328,71.14359756394957,43.31045336160002,164.95039782537305,1279.1865958698995,73.28961101880363,73.38715708493336,31.052164384630643,698.4948641996183,124.01356540626311,6.925770695210813,26.792652830299108,70.62335187792435,118.51847034762166,270.4302106669875,23.085902317369378,0.8779145951675679,137.86510679668473,9.169330216194599,0.9754606612972977,11.022705472659464,13.558903192032437,39.53867213791713,69.19267624135497,0.6177917521549552,0.09754606612972977,2.4061362978666674,0.19509213225945954,3.316566248410812,0.0,0.3901842645189191,0.16257677688288294,0.2276074876360361,0.7803685290378382,40.839286352980196,1.4631909919459465,26.337437855027037,6.665647852198201,2.276074876360361,36.74235157553154,3.4466276699171186,0.942945305920721,1.7883445457117124,0.2601228430126127,1.0404913720504507,7.478531736612616,6.470555719938741,48.870579130994614,13.591418547409013,10.112275522115318,0.5202456860252254,8.974238083935138,1.7233138349585593,34.92149167444325,114.58411234705589,0.13006142150630634,1.3006142150630635,4.226996198954956,0.2276074876360361,5.885279323160362,4.8580781366750445,0.5645994495150336,194.0,307547.0
1743030473,2.3022830814673854,33.015312570752215,20.25244868344754,378.31000958170097,421.47065257784055,115.3911922864919,6.62025798944771,38.05931865795047,341.1582298977729,44.58404622908003,251.15902280024494,60.690474757519915,82.38543275757151,691.9745850875106,10.08801217439651,2.35004829062646,0.009553041831814877,52.04497189972745,41.450648508244754,37.1804388094235,26.68164583625895,59.93578445280654,25.3633260634685,14.090736701926945,1130.0866365363727,307.3118026876528,157.61563718311365,32.31794051702973,15.332632140062879,10.556111224155439,27.808904772413108,32.91978215243407,32.021796220243466,160.25227672869457,2071.433825601579,50.306318286337145,73.47244472848823,7.021485746383934,150.62281056222517,45.69219908157056,7.288970917674751,25.611705151095688,124.055801227948,284.74751788090606,213.3767423554171,33.86553329378374,195.34059937695062,122.14519286158502,120.44475141552198,142.24479287572353,42.42505877508987,0.9170920158542282,209.54597258085934,75.63143218247838,48.0326943303652,8.502207230315241,50.76486429426426,57.165402321580224,68.52396905960812,56.10501467824877,4.786073957739253,260.4732385862645,99.19878638156568,29.786384431598787,40.91567816566312,910.7392430360713,30.760794698443906,153.28810923330153,137.22944591402072,30.483756485321273,278.06038859863565,26.844047547399807,181.077907922051,27.742033479590404,25.764553820404725,1059.1361948514837,5.101324338189144,210.41529938755448,7.604221298124642,18.408711609907268,26.05114507535917,108.14043353614441,18.284522066093675,20.15691826512939,12.208787461059414,10.976445064755294,58.20668388124805,124.87736282548407,282.168196586316,237.0109678473271,28.79286808109004,60.32745916791095,18.03614297846649,131.94661378102708,659.1312272697311,49.76179490192369,85.51883047840678,17.405642217566708,548.4305785226603,68.01765784252193,3.649261979753283,29.700407055112453,57.327804032721076,408.80331910885405,351.3513255323194,9.849186128601138,1.8532901153720862,182.1000833980552,27.942647358058515,1.5380397349221953,31.3339772083528,9.877845254096583,56.296075514885075,42.03338405998546,0.5349703425816331,0.5636294680770778,1.6622292787357886,0.4298868824316695,3.190715971826169,0.13374258564540828,0.2101669202999273,0.2197199621317422,0.19106083663629755,0.7546903047133753,26.0702511590228,1.5380397349221953,7.976789929565423,6.572492780288636,6.037522437707002,22.124844882483256,1.241895438135934,0.4394399242634844,1.089046768826896,0.7260311792179307,1.2992136891268233,4.795626999571068,1.2036832708086747,40.3233895720906,24.74237834440053,6.037522437707002,0.5922885935725224,2.713063880235425,0.23882604579537192,34.32407930171085,141.08887481407393,0.05731825099088926,1.2801076054631935,9.467064455328543,1.394744107444972,12.199234419227599,4.136883202886547,0.4928671049602259,135.0,1046787.0
1750591415,5.23520430306733,37.83293765735536,28.91331521654283,419.1702149139834,397.2822732651751,94.25449337689412,5.880497875214794,35.9490967451184,300.98781956342765,53.98609288272414,262.5720360989714,71.61717854752743,84.69998532477521,553.151894821311,10.460000645293572,3.9966569629778426,0.010407960841088132,58.79457079130685,31.171842719058954,36.23011168782779,45.30585354125664,34.023623989517105,28.892499294860652,5.432955559048005,1034.1349891705167,268.73354891689553,196.98106687843398,40.87206222295309,14.87297604191494,6.765174546707286,33.53444982998596,30.34961381261299,25.645215512441155,131.7335603656525,1880.6456682587377,69.00478037641432,65.09138710016518,7.681075100723041,165.64269678591762,46.67970437228027,9.721035425576314,30.110230713267963,137.65569008423162,342.13048876824905,256.45215512441155,74.29202448368709,133.7318888471414,135.99041634965752,130.53664486892734,141.94376995075993,58.37825235766333,0.44754231616678963,275.71729064126566,72.80368608341148,69.35865104501131,9.80429911230502,36.80254953408763,71.12800438799628,101.2902749054697,67.08971558165409,6.286408348017232,375.19658036038606,119.21278347382346,39.810450217162106,34.96034046521503,863.2154562381675,32.7954846102687,167.6618411890887,154.90168119791466,28.278429605236454,275.6236189936959,24.541971663285814,201.19629101907466,19.202687751807602,34.26300708886213,950.8088546767651,4.839701791105981,179.13141403596782,7.743522865769569,22.00242921806031,17.932916529194852,147.1581583321451,26.706827518232146,15.122767102101054,13.08280677724778,9.148597579316467,62.510212811575315,90.01845331457125,296.772595422787,210.30325675502678,37.239683889413335,73.28245228210153,23.459543735812648,179.11059811428566,517.2860617629212,34.01321602867601,68.58846194277079,20.65980226955994,527.1319927185906,49.38577419096318,3.9758410412956664,34.83544493512198,76.68585547713735,479.7861788524807,344.014329680486,9.096557775111027,1.9879205206478332,238.84188538129044,37.916201344084065,1.5611941261632196,41.465315990895114,10.543264332022277,69.91027296958897,58.09723741495395,0.8846766714924912,0.8014129847637861,2.144039933264155,0.3642786294380846,4.194408218958517,0.3226467860737321,0.31223882523264396,0.1977512559806745,0.3018308643915558,1.1344677316786063,42.31876877986434,2.8101494270937954,11.355085277627152,12.937095325472548,9.887562799033725,36.989892829227216,2.0711842073765383,0.5724378462598473,1.3946667527058096,1.019980162426637,1.1656916142018707,6.223960582970703,1.8526170297136875,49.437813995168625,28.62189231299236,7.597811413994336,1.2385473400894877,3.4346270775590835,0.4683582378489659,41.361236382484236,150.68645705727397,0.3434627077559083,1.738129460461718,13.75932423191851,1.1344677316786063,16.975384131814742,4.162803541204597,0.4903754003682337,91.0,960803.0
1751785203,2.8560170726353897,33.174753866862005,22.23991072302188,402.3149605049861,485.50968004675406,72.76232384589143,10.511729503449699,43.884817889244715,337.472795115153,42.27169713525621,247.75948105112005,51.1967504872418,104.69418139410655,574.1387654072865,15.721316200756844,5.103808287209539,0.21155682019521405,88.58941845674589,25.928932775175923,32.54008340627636,41.081690021658126,24.434812732547222,30.609627421995032,6.478927618478431,1060.455005831035,383.3145135912035,242.00778000206267,35.81921411930218,10.128282766845873,8.713496531790378,42.54936546176243,32.13019206714814,27.317274407707014,176.72927867057695,1978.5058270681664,56.644338607268566,49.781964252186306,4.931918370800927,167.89678142742676,45.63016165585523,11.159622265297541,29.82951164752518,97.69958402640229,299.8024588191427,256.7506459094167,50.70752534054037,74.69277983017277,134.44435923405854,85.25739853867127,172.61714297803246,64.59094166585129,0.5950035567990395,290.91707237094374,63.2158223345824,65.76772647818717,8.303605192662152,45.722717764690636,55.560109903768094,64.04882731410106,51.64630873015663,4.046024186233469,196.72139817902467,125.45319437576194,47.95728667800259,46.93916948081312,893.801120722255,22.74235817098551,172.65680988181907,191.49858918045533,25.360373820901284,260.9288931082721,31.019518761123262,170.4090186672449,34.06064805142946,34.94654223599692,980.3675270858841,4.019579583709067,259.11743783535064,18.84177929863625,27.85938875945725,23.231583317686944,172.8286997982277,30.001401563933793,14.637087497256372,14.861866618713787,20.970569801850594,54.66099341793843,83.88227920740238,270.03905867792855,260.2413334426377,50.61496923170496,68.88818957606658,26.431380223139556,191.49858918045533,408.50299749569615,37.696780898534705,62.541484970210156,22.980359593705128,599.0892478890596,60.33336065942261,6.254148497021015,23.853031477010386,61.576256978069495,397.502042845545,259.84466440477166,14.570975990945367,2.829572470110988,247.79914795490666,38.83389880708398,4.945140672063128,46.6086119492581,14.91475582376259,53.74865463084657,38.38434056416915,0.542114351750236,0.330557531555022,1.7188991640861142,0.13222301262200878,2.7237940600133808,0.330557531555022,0.3834467366038255,0.5024474479636334,0.5553366530124368,1.7717883691349177,26.418157921877356,1.309007824957887,9.62583531888224,5.4475881200267615,5.540144228862168,21.922575492729056,1.2693409211712843,1.0445617997138694,1.5602315489397036,0.8197826782564545,0.8330049795186554,5.526921927599967,2.8692393738975905,41.74280508476817,20.904458295539587,7.5234894181923,1.7850106703971187,2.5386818423425686,0.5950035567990395,33.346643783270615,154.9653707929943,0.14544531388420967,3.371686821861224,13.486747287444896,0.6875596656344457,17.691439088824776,4.267485424131758,0.5192853057921613,119.0,756298.0
1767877239,2.2917713059253955,29.861642884393174,24.893851191309384,469.03089637076744,324.27877819770714,115.90599071764005,6.340109840344507,30.534078776550924,348.1159444156258,39.53648582258122,224.7170966139422,187.15674892341642,64.74597018776056,725.7230058158843,13.736904654079765,3.403349005206575,0.05489272589042863,62.97567977779425,28.901020181310674,79.81402344468323,39.028728108094754,29.971428336174032,40.23636807768418,8.83772886835901,1074.6897874828117,334.85935111308726,184.68657625834712,29.5322865290506,12.803728313942479,5.7911825814402205,26.540632968022244,27.542425215522567,22.231553985623595,208.70214383540966,2141.667146978018,54.686878168339526,48.36049150946762,9.345486582845474,183.91807809588113,43.74950253467162,18.471402262129235,29.793026977030138,89.76333001232342,293.3604503399232,196.28266460270018,31.13789876134564,221.8763980491125,84.5347978712601,84.24661106033534,142.36428459682665,41.8008107655614,1.0155154289729296,240.27918440387873,58.8587253360121,49.34856057549534,9.167085223701582,33.12776007487368,41.114651691931044,41.718471676725756,44.545447060082836,1.221363151062037,284.4678287456738,121.29920103637467,50.02099646765309,28.10507565589946,878.3796765171663,27.007221138090888,139.3863542172709,119.67986562260702,43.88673434939769,245.2058065525447,14.615188268326623,141.78791097497714,18.69097316569095,30.863435131893496,997.0989194366908,2.964207198083146,226.8030201977785,9.098469316338546,21.957090356171452,35.858673187922506,121.3540937622651,25.29182345401499,25.182038002234133,14.162323279730586,8.78283614246858,48.1271974244333,79.74540753732019,228.39490924860092,186.69016075334778,20.186799946205127,89.94173137146731,20.22796949062295,134.596963883331,610.5168973533472,63.30503613313682,64.36172110652757,15.685596423189981,676.4979538736425,45.28649885960362,2.950484016610539,28.022736567063816,64.032364751185,383.1237803522466,337.54909468171826,6.1342621182554,1.4683804175689659,216.42829500448747,24.454709384185954,1.9761381320554308,27.89922793381035,12.06267651442169,40.56572443302676,27.679657030248638,0.24701726650692885,0.20584772208910737,0.5352040774316792,0.0960622703082501,1.0841313363359655,0.1646781776712859,0.10978545178085726,0.0960622703082501,0.10978545178085726,0.4803113515412505,13.544780113463265,0.7273286180481794,5.31087122989897,3.4445185496243966,2.4976190280145025,11.980337425586049,0.7547749809933937,0.23329408503432167,1.742844047021109,0.4528649885960362,0.9331763401372867,4.1169544417821475,0.9194531586646796,36.70951043922415,21.696349908191916,6.024476666474542,1.0292386104455369,2.3192176688706096,0.6038199847947149,31.673102838777318,128.70971903158252,0.1646781776712859,1.3174254213702872,8.398587061235581,0.7959445254112152,10.676635185688369,4.090044385023068,0.4791199782075878,93.0,728694.0
1774505095,5.8801871410017625,31.383475864933718,24.86941533946617,403.1434725202401,463.17263069592553,124.90003007526909,8.698900701711324,37.88404972264668,319.9846791454308,36.19821625332278,224.040524739269,71.42539242831499,86.86762700732191,626.1859838456694,13.095554389708054,4.774280385125285,0.0,68.68759887413297,36.81860297003397,22.428328475885163,30.26408244130265,39.71823653727108,30.50684246088529,5.111447078990064,1102.8048222929224,327.69905310105696,197.12113590110496,31.47788253921586,12.461681005242268,8.388707343355726,35.15974283621926,31.35650252942454,27.539775554875227,163.76860654400093,1965.331171870048,43.858643537930575,63.77845181146178,6.851227219332329,169.770173694794,45.23428364889888,6.97260722912365,22.49576181465812,149.76944541473526,309.95059833601493,228.9361851341856,27.391422209574724,99.20792800277286,123.9694500002023,106.89532862288985,161.61073970326635,51.16841746091901,0.5799267134474215,254.5338805323997,74.163185982497,52.705897584942406,11.612020936703022,49.320743978540015,65.04619858039335,81.14927987937524,46.81222377618605,3.520020283948303,241.73503283329265,116.40342938987664,39.070876485050704,30.655195806185795,955.5304104127864,28.416408958923657,170.06688038539502,151.65757890037804,28.8075223238068,263.54297459246663,21.012228361653086,152.39934562688055,33.32555602159485,33.63574937995045,1020.603582328689,4.882173727162014,206.80456334890144,6.230840502621134,25.63815540147787,30.978875832295984,134.71832420061148,26.64965548307221,20.904335019616358,17.856348107078748,13.068581054198871,52.32827088781385,98.61451462157085,319.4721857707563,242.1396328659304,36.65676295697888,57.49366463782228,26.717088821845167,146.23593846303237,493.2478997886639,45.12639030686215,81.72920659282266,19.002714866218998,569.2587592535399,74.72962602818983,4.261787010450819,29.306529030726676,50.709870757262905,459.7200437507502,250.5688002125499,11.517614262420883,2.427600195826416,219.71130439004523,26.798008828372712,4.288760345960001,33.51436937015913,19.43428823436592,64.23699851511788,47.06847046352328,0.8496600685392456,0.202300016318868,2.454573531335598,0.202300016318868,3.7088336325125795,0.18881334856427678,0.2157866840734592,0.24276001958264157,0.1078933420367296,0.7552533942571071,32.86700931793875,2.157866840734592,6.662413870768052,6.905173890350694,12.677467689315726,28.402922291169066,2.454573531335598,1.0384734171035224,2.319706853789686,0.7822267297662895,1.6588601338147175,8.253840665809813,1.8611601501335855,41.808670039232716,23.31844854768818,5.354207098572706,0.5124933746744655,2.292733518280504,0.2157866840734592,31.693669223289316,158.49531945195577,0.2157866840734592,1.1059067558764784,9.22488074414038,1.024986749348931,11.57156093343925,4.166234366726773,0.5265356162665398,87.0,741473.0
1785081636,2.362867911872649,44.513382597858936,33.3850369483942,360.2611350150347,388.8061038213672,115.17075531740556,11.318899513325432,34.604581677102665,247.3770260639575,52.74530951664107,218.67961416653645,63.91176593887794,74.88766849725413,661.9079015065189,15.206198336083661,6.783717553440831,0.0,61.396454935916736,29.040408852370298,40.77852686618927,46.22836737260521,25.11499925683993,22.409134390018025,2.8583079579104624,1157.1955044532438,371.541923755588,209.3424748373623,28.087639533066813,14.100985925691615,8.38437000987069,36.433898770165364,28.621190351876766,26.258322440004115,183.5033708978517,2210.8059285118125,66.23652307797845,62.95899661957446,4.954400460378135,160.90368264397299,45.00882264389675,22.447245162790164,48.24823832952861,151.29976790539382,178.81574584687854,147.98413067421768,23.133239072688678,173.67079152263972,117.80039863868319,98.82123379815772,153.43397118063362,58.88114393295553,1.067101637619906,240.47897619220024,66.42707694183915,48.51501373893358,7.241046826706505,36.243344906304664,43.25572709637834,73.47756990468496,65.28375375867496,4.382738868796043,269.06205577130487,133.88314474852606,49.277229194376375,51.94498328842614,796.6675940288042,25.381774666244908,174.96655779689246,148.2890168563948,21.151478888537422,282.6294908781865,34.37591704046983,158.96003323259384,32.584710720179274,40.54986222955643,1086.0808024604314,4.611403505428879,258.54348248619436,8.841699283136364,24.314673028625002,24.772002301890677,149.5466723578754,28.811744215737463,15.892192245982171,14.215318244008033,14.253429016780172,50.57299546862912,79.99451204872081,242.23207173971866,242.7275117857565,42.72217627756838,76.29776708982328,18.026395521221986,149.62289390341968,614.8410971329266,53.126417244362464,81.74760759623923,27.706531805345417,626.1218858734799,75.19255467943124,7.431600690567203,30.107510489990204,71.19092353835659,330.11551375227236,314.6044292340116,12.309779605401058,3.201304912859718,206.63660997054038,33.08015076621709,4.230295777707485,40.51175145678429,17.302290838551333,41.84562850380917,41.388299230543495,0.7241046826706505,0.34299695494925553,3.201304912859718,0.381107727721395,4.6495142782010195,0.4954400460378135,0.1905538638606975,0.228664636632837,0.34299695494925553,1.2576555014806035,32.24171376523002,1.981760184151254,10.404240966794084,7.927040736605016,6.021502097998041,26.334543985548397,4.268406550479624,0.5716615915820925,2.7439756395940442,0.914658546531348,2.1723140480119514,10.671016376199061,2.7058648668219045,45.27559805330173,19.81760184151254,5.869059006909483,0.9527693193034875,4.382738868796043,0.8765477737592086,31.898716810280764,160.86557187120084,0.1905538638606975,1.6387632292019985,11.50945337718613,0.76221545544279,14.100985925691615,4.3799693962872475,0.5436691550460567,94.0,262393.0
1788891712,2.4740851400458257,50.521764069980364,22.676487366407283,421.9497051583887,422.78490587445515,179.0481233197495,8.572626217738403,40.861801070947934,301.82262858151404,36.59124646615546,212.944665588785,50.96300218412866,78.8397958958552,651.8820381418833,20.801225381277007,3.388078376495876,0.0,64.78321025941649,41.618209266630735,30.28784483546546,39.74294728150046,29.421127111245585,28.14468828103086,4.680275710787327,1100.30603014917,387.265237685517,194.3496307782495,30.00419176208441,11.80311955346703,7.154360850833152,29.042923013404184,30.933943502611186,36.46517843354166,178.19716409960634,2166.006385345852,41.80731131555144,56.25785955390827,3.277768847958801,171.94103798114654,38.57681797982281,11.314605927088554,22.77103839086763,88.8622044886523,256.61148038539,228.07282950244098,30.051467274314582,89.16161606611007,142.39384283728714,85.19047303877538,177.1571028305425,50.41145454144329,0.4097211059948501,221.18636322091217,59.33076784886964,50.93148517597521,10.148476625410902,40.294494924185834,55.64327789491599,55.911172464220314,53.32677779563742,10.195752137641078,261.11841255133334,106.4486950382774,45.352974732814566,35.88211378270284,890.2136537982723,29.074440021557635,161.17797969674334,155.36309169243182,23.385620049859906,264.4434569115223,20.738191364970106,144.33213883872432,37.15855261291756,33.928059277188936,1021.5450267736984,3.782040978414001,250.08745969762583,18.76837835537948,21.95159617887793,22.849830911251257,135.8067881332161,33.58137218750098,23.96868470069873,17.98045315154323,13.47352098559988,48.96167216638459,96.82024904739843,269.64376325684157,240.09656811298217,27.48283110980841,59.72473045078777,36.134249847930434,143.73331568380877,603.0621925121892,57.50278137596954,88.37369086227383,26.11184125513333,608.7352539798102,86.07294926707198,5.830646508388252,34.558399440257936,45.08508016351024,345.47368487404225,261.6069261777118,12.433459716536028,1.9067789932837256,191.62340957297604,24.961470457532407,1.8752619851302756,28.74351143594641,17.16101093955353,54.94990371554009,32.005521779828484,0.3624455937646751,0.14182653669052503,1.1818878057543754,0.25213606522760007,1.9382960014371755,0.07879252038362503,0.14182653669052503,0.2994115774577751,0.12606803261380004,0.6460986671457252,24.110511237389257,0.9770272527569502,6.713122736684852,4.601483190403702,9.234483388960852,21.526116568806355,1.4497823750587004,1.4497823750587004,2.8522892378872258,0.42547961007157514,1.1188537894474753,7.296187387523677,1.0715782772173004,42.863131088692015,24.015960212928906,7.895010542439227,0.3624455937646751,1.9698130095906257,0.25213606522760007,34.495365423951036,149.97368329819187,0.2678945693043251,1.5285748954423255,8.430799681047878,0.9770272527569502,11.20429639855148,4.240133459558951,0.4962947944933484,78.0,634578.0
1790957194,2.8371810202746715,25.710683374660928,24.99969529082121,378.0154358898659,430.95357721804584,146.86982417603252,5.281625765666453,37.905821841283085,257.7501086796071,32.617424760532444,227.3198186912673,54.57002826346916,71.22069205548686,696.4094424634586,13.095723372819128,5.897815438327539,0.0,46.85072906749512,35.13635397185029,20.07017790953252,33.51800966672941,28.188984695473646,16.996000861311277,9.18867456924279,1088.8884073731497,366.70056838418816,193.300731708308,29.02862776591293,10.434596544733338,7.353648181427908,27.66759343399119,24.99969529082121,33.31487021420378,195.97540116656216,2251.746660725966,59.188065150885215,65.79686867305247,4.590951627079302,168.05726907445603,40.37735184701162,5.4983078483604615,25.663284169071613,141.87936495898614,204.95416496819513,246.55712484544475,23.455835451626402,85.10188797807177,138.21608349844055,92.13728435054286,151.0883534734815,40.69560365596844,0.5146199463982698,208.36690777062577,74.12558622660342,44.35211380142983,7.875039442910365,38.91474778882706,59.68914246711511,53.42567601424143,79.03478966263954,7.509388428364226,314.6833259074578,116.93384018883843,43.13327708627603,58.84272808159164,812.1447598823958,28.99477119049199,152.5712714769186,131.09943134495924,26.137276224964754,290.9769517977164,31.9199793068611,173.8332008412682,22.941215505228133,32.671595281205946,1016.7603590963815,3.83933565273446,260.49249128870315,4.550323736574175,23.171440218090517,24.173594850550305,137.09881650954958,29.996925822951777,18.939368290473166,14.36195929356224,15.519854172958347,46.816872492074175,86.50355020049864,238.4450893745878,234.54481188609566,32.177289280060236,69.69037484646043,27.870732886516823,129.80611016387937,704.8465010583566,56.09357415741141,86.93691436588665,23.69960279465716,604.1976736469896,73.82087704781496,7.787012346815924,26.976919295404038,63.779016777964515,346.8335299271813,246.77380692813875,9.737151091062,2.6408128828332265,181.48478688640034,24.749156632706264,1.7266853464678789,29.11665486200737,13.72545567564859,58.531247587719,35.00769898525072,0.6365036179136495,0.311480493872637,1.8553403330674463,0.27085260336751044,3.074177048221243,0.2031394525256328,0.24376734303075936,0.23699602794657162,0.45367811064057995,1.1375809341435437,18.390891768653958,1.0901817285542295,5.626962834960029,4.7602345041839955,2.7017547185909163,14.17913378628917,3.0403204728003046,0.7380733441764659,1.496460633605495,1.0563251531332907,1.611572990036687,7.942752593752243,2.3902742247182793,48.06279446756472,26.502927239510896,7.98338048425737,0.6906741385871515,2.2277626626977733,0.3250231240410125,37.7297676490942,141.93353547965964,0.12865498659956745,1.6318869352892502,8.186519936783002,0.6906741385871515,10.637735997258972,4.3056962838345685,0.512181509773039,247.0,1476818.0
1795032531,3.9677452154960897,31.211455399891246,23.43069598008833,396.55347724791005,435.1920211848859,82.88056092202,5.736099629087661,34.33923226893134,333.9979398671082,41.07003125566426,292.38635007228146,81.69797390793063,81.49903403640158,620.7697646762364,9.2949128864407,3.171985729379882,0.0,58.14570356190788,38.78222273308016,35.201305045557234,31.520917422269772,43.08153440112467,31.520917422269772,7.747602774548075,1103.663146167755,273.0781303188785,165.2969288104722,36.94755502897891,11.251154956476377,9.571218263564383,37.102286040168174,23.92804565891096,28.448401628654416,140.63943695595472,1916.0230593415533,51.00597261703191,65.39595665763332,6.332919243674818,181.8531470077233,61.92556112095986,15.119430236207942,20.092927024434236,145.60188152909606,329.7759937046583,245.81231570431345,25.552721276398216,147.7570634706608,134.01916012007126,131.75345602765705,156.88619313082728,48.972365041401595,0.6741851201817868,237.9983996392557,84.98048178815998,48.16555334020044,10.466447685445116,45.49091728964319,62.14660542265881,66.01488070239037,68.22532371937984,0.19893987152905185,276.6811524365713,106.42177905295779,28.282618402380205,29.796771869017988,971.3681316009355,31.421447486505244,176.36019611050446,145.8671346911348,25.806922223352004,274.9238502380647,21.81707257768602,206.74273537902465,18.18089381473835,30.106233891396514,1021.5341358715114,5.879778425191977,180.89160429533288,6.111874941975871,26.746360505572525,30.183599396991145,106.13442146074917,19.838726077480448,15.804667571474676,13.019509370067949,11.184841665966694,57.76992824901967,95.45798168869004,329.44442725210985,208.84265624516465,31.642491788204193,65.49542659339785,18.34667704101256,138.40688950879536,596.3443693385028,52.078037480271796,79.71962740772506,16.61147927267583,498.9854066552018,53.79113081843863,6.896582213007131,29.675197503083567,57.338891860706724,475.37787523375437,307.32894486713025,10.433291040190275,2.1993908019045176,215.87186503919116,20.800268789870866,2.2214952320744126,25.221154823849798,10.068567942387013,60.88665290297482,41.346336632787946,0.9946993576452593,0.3536708827183144,1.6467800476571515,0.07736550559463128,3.072515793615356,0.20999208661399918,0.23209651678389384,0.2210443016989465,0.5415585391624189,1.2046914442592584,24.314873186884114,1.1825870140893637,6.355023673844712,5.879778425191977,6.620276835883447,20.0376659490095,1.4478401761280997,0.2652531620387358,1.2489003045990477,0.8289161313710494,3.7909097741369324,7.581819548273865,1.5583623269775728,46.7066609489874,26.56952506421337,7.592871763358812,0.5194541089925243,2.5751661147927267,0.3094620223785251,37.566479073735955,161.00866935751264,0.18788765644410452,1.5804667571474675,12.157436593442057,1.425735745958205,15.351526752991834,4.078983670683779,0.46912133972740816,91.0,904796.0
1798460240,4.682260011371203,36.51554723153776,31.559648648073434,288.5062678435152,363.9088965980645,135.66392318661238,6.6889428733874325,23.928172915254134,175.88879328430136,30.708328646005942,238.58243057941448,13.86435431938486,38.947890094587734,697.6871459800974,10.276648596386147,5.077515726616824,0.0,62.450403008808124,27.485474352464724,10.550287168479269,36.302717231020885,26.36051577830411,15.719015752460466,4.621451439794954,1292.303763138452,436.6055439174706,135.66392318661238,27.759112924557847,7.783497161759922,10.48947859690302,24.80989720310975,22.772810055305396,34.052800082699655,253.1460834719262,2570.1350862417567,56.7648015664288,91.88175165171283,3.648514294574963,99.87807881398962,53.602755844463836,12.37454431576675,44.724704394331425,152.11264179798783,91.9729645090772,114.16809313440822,31.954904363319052,85.49685163620664,146.06218892615104,102.09759167652273,199.208880483793,37.336462947817125,0.30404285788124696,192.18549046673618,73.66958446462614,50.805561551956366,7.236220017573677,34.02239579691153,77.59173733129423,72.5142216046774,87.533938784011,0.21283000051687287,260.47351634686424,154.3929632320972,45.39359868167017,24.840301488897875,691.0894159640743,10.063818595869273,154.8794318047072,97.29371452199902,10.702308597419892,291.39467499338707,28.519220069260964,152.26466322692846,32.22854293541218,28.549624355049087,1212.4925129446247,3.3140671509055917,292.6716549964883,12.100905743673628,13.621120033079864,20.553297192772295,100.63818595869273,35.05614151370777,21.009361479594162,19.36753004703543,17.20882575607858,46.032088683220785,83.18612591630917,206.4755047871548,271.631889231106,40.04244438296022,74.21686160881238,31.620457219649683,135.39028461451926,831.5876205909985,57.22086585325067,105.92853168582643,25.478791490448494,652.019908726334,79.14235590648858,6.4761128728705595,24.445045773652254,60.41331586100377,244.08560630706504,263.5139449256767,15.384568608791096,1.9762785762281052,168.8045946956683,18.941870046001686,1.3985971462537359,22.316745768483525,19.36753004703543,75.91950161294736,44.35985296487393,0.3344471436693716,0.4864685726099951,1.0337457167962396,0.0,1.8546614330756064,0.6992985731268679,0.18242571472874816,0.27363857209312226,0.4864685726099951,1.6418314325587335,27.3334529235241,1.793852861499357,8.482795734886789,7.996327162276795,5.563984299226819,23.836960057889762,2.675577149354973,0.42566000103374574,2.4323428630499757,0.3648514294574963,3.4964928656343397,9.39492430853053,4.287004296125581,47.825941544720145,21.587042909568535,8.847647164344286,1.003341431008115,2.4627471488381003,0.24323428630499755,34.14401294006403,143.99469749255854,0.09121285736437408,1.702640004134983,8.330774305946166,0.7601071447031174,10.884734312148641,4.503478637644762,0.5309376885445773,136.0,328901.0
1800671132,4.053044042162649,30.198612897198316,19.784350578692255,451.41293237049496,364.98005077983316,90.9393170002528,10.297479693562392,56.261746958156095,396.99222914674493,51.10957232828832,263.66768885811325,135.64645365515878,132.13610534067553,585.0534727030919,12.138523427968478,4.499565843417856,0.006869566173157033,65.51505259339862,41.92496235477737,85.77340323803871,38.97104890031985,29.037656213934778,36.51174421032963,5.495652938525626,972.6687440234774,315.82143524472144,208.1615941790044,43.532440839296115,16.012958749629043,8.683131642870489,40.96322309053539,52.668963849594974,21.96887262175619,133.1459315681296,1676.1604071179697,47.76409360196085,46.85731086710412,8.559479451753663,189.4282872248052,41.16244050955694,10.7920884580297,16.287741396555326,104.0327101262901,381.13040085292533,273.0309075521263,21.27504643826733,113.87679845242413,127.83575691627922,109.65201525593255,162.43089216429803,63.04200877106209,1.3326958375924645,276.98090810169157,62.4168782493048,61.84670425693277,11.169914597553335,62.67105219771161,68.52392257724141,89.79896901550873,45.50400633099218,1.2159132126487948,252.75881777513987,106.03862344885196,33.96313516008837,37.90626614348051,997.6464866290764,46.623745617216784,175.1327200184654,207.11742012068453,54.20087710620899,269.64421142875983,21.92078565854409,198.98385377166662,24.9571339070795,30.2329607280641,890.9896022246403,3.0569569470548794,203.88185445312757,9.246436069069366,32.64417845484222,29.93069981644519,138.6484540728284,40.186962112968644,15.937393521724315,7.391653202316967,14.673393345863422,68.22853123179566,103.67549268528595,327.657697761071,233.1049889537376,43.55991910398875,59.208790846440465,19.846176674250668,138.33932359503632,325.61743660764336,46.568789087831526,58.8034864422242,21.659742143964124,524.8898121585826,63.27557402094943,2.740956903089656,26.262351479979337,56.32357305371451,485.16311097921545,262.9876018069707,11.705740759059584,1.7654785065013574,247.03646915290005,27.299655972126047,2.3425220650465484,31.407656543673955,11.430958112133302,66.57983535023796,45.40096283839483,0.44652180125520713,0.20608698519471097,1.8273046020597707,0.38469570569679384,2.864609094206483,0.3915652718699509,0.5701739923720337,0.7213044481814884,0.13052175728998364,1.8135654697134567,44.19191919191919,1.3670436684582494,14.110088919664545,7.185566217122257,16.8510458227542,39.51374462799925,1.854782866752399,0.43278266890889305,2.349391631219705,0.46713049977467824,1.5800002198261176,6.684087886481793,1.6143480506919028,42.398962420725205,22.50469878326244,7.556522790472736,0.9411305657225135,2.7684351677822843,0.3297391763115376,34.10052648355151,156.51619568920984,0.24730438223365317,1.6624350139040018,15.332871698486498,1.3739132346314065,18.616524329255558,4.10296970184709,0.4484273149751047,72.0,1455696.0
1805186512,3.9458854690301424,32.34804025132002,28.221301698292663,410.19945628986477,472.09231399054795,101.540786069709,5.779078093183729,37.00089686688473,327.07280240896307,60.084326860711066,267.36662290570075,120.75231594704951,92.77763209057123,615.2457505690707,11.845877001817573,4.932356836287678,0.0,52.792659337732445,39.54928123230003,33.34273221330471,36.071969662717215,27.095080220673644,20.970737148949777,6.288754966266789,1042.2645436706764,281.46494286275635,167.51927934978383,44.88444721021787,12.963877884709447,4.767944941744755,32.30693727768429,28.328169429745564,23.8972688718138,124.18030394826944,1810.174958917578,73.16329307160056,63.660285567019635,7.776682611880239,190.97263610633175,47.424610980906024,7.776682611880239,15.051908945404564,140.98319957055614,312.9251588835446,287.7125948553874,29.733891128087553,87.95214298573644,217.77999551155528,100.52965291827003,156.9640357201282,56.32751507040528,1.6687807296106645,233.89236117676168,68.42823050876439,49.315347768149635,10.390831735112709,28.57478727155995,68.58442180858016,60.026782697621044,52.69401220100669,2.5072813917795695,364.0736992758478,91.05952779259768,36.37613166762163,25.771564469603117,915.1248256206344,45.722947872386776,181.74912882247378,159.39733175936345,36.15417560998868,284.7860631325234,26.864903568313554,180.68045150794478,17.33723427955119,28.84606689755577,975.414667349524,3.863679521758681,185.473058233871,5.869504635182337,27.752727798845335,20.683016333499662,113.748369239521,27.580095309575267,16.712469080288084,11.615700349457482,13.366687026339607,62.61627003667207,79.32051852223302,278.6206170871638,212.83941808054047,26.36344728995764,77.36401697717223,29.618802801907506,173.6765048004163,430.7345019182758,51.592452507569114,68.61730418748874,20.436398491685278,527.5731078040571,57.593486658385785,3.92944427957585,35.97332252599146,80.9399756834808,453.9083584541007,335.4660296253793,6.535372808081173,2.227781171056601,207.88239946007133,27.70340423048246,1.964722139787925,31.895907541326984,11.188229423645883,67.70481817277553,35.397880895091234,0.4110297363573065,0.39458854690301426,1.5208100245220342,0.04932356836287678,2.3757518761452316,0.25483843654153004,0.23017665236009163,0.18085308399721486,0.13975011036148421,0.8056182832603207,23.379371404003596,0.9864713672575356,6.288754966266789,8.228815321873276,4.69395958920044,20.198001244598043,1.9153985714250483,0.31238259963155296,1.8989573819707561,0.9700301778032433,0.7809564990788823,5.877725229909483,2.0387074923322404,38.538148080861056,22.43400301038179,5.902387014090921,0.7234123359888595,1.1919862354361888,0.3699267627215759,30.621715358619333,165.65320434672168,0.1644118945429226,1.4714864561591572,13.580422489245407,0.879603635804636,16.095924475752124,4.1113629864434165,0.4594132480638444,75.0,1216457.0
1809246826,4.09538919848683,36.0394249466841,27.2115860077236,403.98739226851194,381.14422140584094,110.69685322428475,6.158251905872788,41.28759036400426,341.37344185609106,45.322307129920915,268.657531420736,57.21410391367526,101.59598833875846,571.9893580553272,14.258021653991184,3.549337305355252,0.0,62.97798500784191,34.43160548357446,40.468512524306895,35.554045486122696,45.98970388819284,24.633007623491153,5.612200012741211,1043.7175212884397,285.0087519983982,194.1214480082757,40.347167659166544,15.774832468245565,8.463804343539447,35.52370926983761,30.94294061078938,31.337311422495517,145.9172003312715,1988.1749428920727,63.706054198684015,62.43193311471033,6.916657312999979,175.43433877666175,65.67790825721471,17.4129881476403,33.61252764387709,151.19570196487672,276.4539390060035,182.74536690136787,49.81206714011388,165.39305118629773,113.09341431080666,125.62227163654786,151.83276250686356,61.430837977302446,1.456138381684206,243.02342865983698,72.98893638192082,62.43193311471033,9.525571913517515,49.32668767955248,47.77954064901301,82.21114613258747,83.48526721656114,2.699923249372799,290.469270929714,117.18880350929349,35.038329809276206,42.743728745688465,931.2611675196199,27.24192222400869,177.254511753767,188.0542047512582,31.18563034107008,284.1593379424158,30.57890601536833,215.17478211012653,25.239731949192905,33.73387250901744,967.6039546291549,6.461614068723664,187.26546312784592,5.885225959306999,22.661153564960458,31.337311422495517,134.08607598008732,22.115101671828878,15.774832468245565,12.801883272306979,9.222209750666638,64.58580447095156,108.26995592147773,284.8267347006877,204.64811505920113,34.15857953700867,69.74296123941646,19.96123031558766,146.19022627783727,640.5492068596252,44.44255685765337,68.95421961600418,19.688204369021868,523.2693947014765,56.72872445311386,7.8874162341227825,34.67429521385516,70.62271151168399,427.6496409708803,328.2985326372183,9.525571913517515,2.9426129796534997,206.49862425259147,33.946226023013054,2.760595681942974,39.649434684609524,15.380461656539426,47.02113524188582,50.176101735534935,0.6977329745570154,0.5763881094166649,2.1538713562412215,0.09100864885526287,3.519001089070165,0.242689730280701,0.1213448651403505,0.06067243257017525,0.27302594656578866,0.6977329745570154,31.06428547592973,1.1527762188333297,13.28726273286838,7.705398936412257,4.702113524188582,26.84755141230255,2.0628627073859587,0.4247070279912268,1.5168108142543812,0.7887416234122783,1.2741210839736803,6.067243257017525,1.9718540585306956,46.14138496961828,28.12167249627623,6.491950285008752,0.8494140559824536,2.2145437888113966,0.4247070279912268,38.10228765407006,158.05168684530653,0.1213448651403505,2.6392508168026234,14.895082195978025,1.547147030539469,19.202824908460467,4.1591873352364255,0.488525591328696,186.0,329639.0
1810218232,4.120895179234585,32.499542122757866,24.793565558279006,410.3262034377813,439.7569938313219,109.89053811292227,8.076175185781256,39.78660972102611,343.1254116024145,33.65884833157327,206.03501689274762,60.88793113526278,81.15143461707824,669.7185321429824,11.826871743713443,4.013732420436523,0.0,64.19049252003944,38.286331097853235,28.359162805559993,47.288002836890485,33.52245936583028,25.348863490232603,9.771295188586972,1149.5154294888532,341.6641012551682,194.98751066756554,36.834762819588576,15.304790370159653,8.163853806616034,31.837081432006205,39.16311730620102,34.99351178205823,144.96198644683363,2022.9503661069523,47.8920111137523,70.79561528959275,4.939228973692517,157.12008853592292,48.096594562366775,10.911117259439091,23.42967590084912,108.05902914437357,292.11593841453674,242.19757695260287,28.19354763287208,143.14021954726658,135.7752153971452,82.31074082589365,184.76808030582302,46.87883593966152,0.6819448287149432,231.02342383065945,64.44378631356213,43.49833800303173,10.238914499705789,48.924670425806355,54.28280836570948,51.14586215362074,60.507990444978745,5.757562768150449,233.57584590384968,109.09168845642762,36.883473164496785,35.198095230672706,898.8130263152767,34.68176557464568,179.73143064231408,149.88173128256287,29.762020738916448,272.91432045172024,25.611899352736938,180.51079616084544,33.19122902045445,32.41186350192309,1069.425880390774,4.305994489885784,215.06591483872978,4.637224835261613,26.44971728515815,29.878925566696154,135.35630643093458,30.76545384402558,22.4749531406482,14.993044162747108,14.077289678472756,60.30340699636426,107.67908845408952,294.4540349701308,248.42275903187215,40.955657998823156,62.01801113713326,21.500746242483995,158.66907750400398,555.5122574711927,48.44730904570589,83.74282496619502,20.643444172099493,557.8893223027134,66.82085114508278,7.754686909387068,27.96948004629431,52.83124008744481,400.1749675589103,307.1089825772838,11.339768294631341,1.714604140769,207.17483896359974,23.653743487426887,2.133513106979608,27.501860735175494,18.33457382345033,53.16247043282064,31.37920418986903,0.35071448333911365,0.18509931065119886,1.6074413819709374,0.3020041384309034,2.4452593143921533,0.18509931065119886,0.1948413796328409,0.2727779314859773,0.3701986213023977,1.0229172430724147,19.932273136439626,1.0911117259439091,4.198831731087721,5.1535544912886415,6.020598630654784,16.464096578975056,2.3186124176308067,0.8573020703845,2.2114496588327444,1.4320841403013806,1.3444055194666023,8.163853806616034,2.367322762539017,46.430700766505986,23.790132453169875,8.00798070290976,0.9254965532559943,2.9031365565293297,0.2727779314859773,35.899524197350935,164.75787061753027,0.214325517596125,1.6951200028057158,11.778161398805233,1.28595310557675,14.973560024783824,4.172239081186506,0.48581057374941067,76.0,1026476.0
1818418128,3.0904163889123013,36.88067161644101,23.803868384018717,387.2470519726307,468.8749096500167,130.28276032926982,6.206373409137927,29.346185379010198,296.0414575527478,38.79621896494037,185.9868772236312,80.50406989959978,87.68098729864404,668.70480904547,11.901934192009358,5.133666893978285,0.0,57.74736739942738,33.917958384095336,25.872659520398024,45.64110815691142,23.03764944461897,25.8471188890847,7.789892550564065,1063.1798596797717,342.95959727532545,186.14012101151116,31.10848893962961,14.532619217281812,6.206373409137927,28.043613182030633,34.47985227298848,23.063190075932297,171.30101421846945,2073.822640748034,60.83778378833968,70.3388986368965,5.823263939438055,179.9082069710599,38.77067833362705,7.840973813190715,30.853082626496363,130.0528946474499,320.9691137145528,244.8835730321582,30.648757575989762,151.53256558195605,145.0963264909982,76.44310952078114,154.52081944561505,45.13029553064493,2.860550707092378,233.00717947146217,65.05198795503827,44.46623911649848,8.658274015217108,42.85717934375902,54.55478848526178,54.04397585899528,50.800315682203035,1.404734722232864,429.3380123769899,101.98374083410594,47.19908666702423,27.405097399197512,779.1424988442865,34.24998659116856,160.21638022848649,138.32805919296715,31.082948308316286,277.0392278556341,21.300886515312886,164.53274692043837,25.336306262818205,26.792122247677717,994.2967770277346,4.086501010131968,224.83417745119823,5.440154469738183,26.128065833531274,34.76079921743506,123.99976502619192,27.86482876283736,19.768448636513398,17.010060454674317,12.080718611202633,51.847481566049346,80.58069179353976,279.54220972433995,221.07970464813948,30.137944949723266,72.68863671772239,26.97090666687099,163.56220293053204,577.4736739942738,57.36425792972751,82.802726717799,17.725198131447414,579.6190870245931,60.48021494995313,5.721101414184756,33.049576919442295,66.66104772777774,451.0220083620027,327.277649648944,8.224083282890586,1.7878441919327361,205.80640712277125,26.664419091111093,2.094331767692634,30.546595050736464,19.02777032842698,53.76302891454871,31.031867045689637,0.5618938888931456,0.38310946969987203,1.9155473484993601,0.0510812626266496,2.9116319697190276,0.1021625252532992,0.255406313133248,0.2043250505065984,0.127703156566624,0.6895970454597696,22.399133661785854,1.3791940909195393,5.542316994991483,6.3851578283312005,5.491235732364832,18.797904646607055,1.7367629293060867,0.38310946969987203,1.6346004040527873,0.9960846212196673,0.7917595707130689,5.542316994991483,1.813384823246061,38.46419075786715,20.89223641429969,5.74664204549808,1.430275353546189,2.681766287899104,0.35756883838654724,31.10848893962961,146.57768310717105,0.15324378787994883,1.6090597727394627,10.675983888969768,1.2004096717262658,13.638697121315445,4.170132939241392,0.4899247915245969,66.0,391533.0
1818658022,3.4451847689384816,32.344598753043805,22.477321987637474,332.17601883813654,437.53846565518717,128.441839929357,6.589333975542533,30.605282170667095,257.418854191753,29.367691525514438,231.2287602686575,40.07117818629418,72.48267373096786,745.798881485644,12.877632388750635,7.492440662545825,0.0,50.072248534960266,27.829065318027347,21.60766369644912,31.709079232560008,28.665275213400765,15.720746033020257,7.392095475101014,1163.803483984908,399.2400524470846,148.3101870434294,31.47494046185545,10.001070348666078,8.161408578844558,31.408043670225577,31.508388857670386,34.88667683497899,142.42326938000053,2286.6326830965186,68.43541783736052,68.10093387921115,3.1441492066040513,159.91678039121243,49.80466136844077,9.031066870032912,27.19354579754355,194.93725080945117,147.4070803564261,160.65264509914104,9.298654036552406,111.18246768884964,212.09627786251372,95.72930882234888,157.07366674694282,39.30186508255064,3.311391185678735,226.27839768804688,59.77228332129191,41.710149581226084,8.897273286773167,31.67563083674507,53.85191726204811,48.26603516095368,64.52195552701292,1.2375906451526584,254.10746300607423,103.69002702630382,48.16568997350887,31.073559712076207,806.4408230981243,40.40566214444355,157.3412539134623,133.89392844719168,27.762168526397474,259.9609322736882,28.498033234326083,151.7888202081828,22.67801236252709,31.17390489952102,1088.0428674640764,4.615878622461267,295.0482994835568,5.284846538760001,17.995236948435952,22.410425196007598,106.86762462872281,29.9697626501833,14.014877846458484,11.60659334778304,12.242112868266839,49.63741938936609,95.06034090605014,221.36148350325118,266.8513018115651,38.36530999973241,64.92333627679217,29.501485108774183,144.89845067030586,730.9812421396269,77.03165556179925,73.8875063551952,17.761098177731395,591.4679831955259,94.39137298975142,4.716223809906077,28.163549276176713,71.57956704396457,342.3443311658773,332.57739958791575,13.680393888309117,2.575526477750127,202.02831072221775,25.621471194241526,2.6089748735650637,30.805972545556717,15.185571699981269,52.54742982526558,29.401139921329374,0.33448395814936716,0.13379358325974686,1.9400069572663294,0.16724197907468358,2.575526477750127,0.16724197907468358,0.30103556233443046,0.33448395814936716,0.33448395814936716,1.1372454577078484,19.299724385218486,1.5051778116721521,6.82347274624709,4.080704289422279,3.177597602418988,15.58695244976051,1.5720746033020256,0.23413877070455702,1.538626207487089,0.8027614995584812,1.5051778116721521,5.652778892724305,2.8096652484546842,46.22568301624254,26.45768108961494,7.960718203954938,0.4013807497792406,2.575526477750127,0.36793235396430385,37.76323887506355,146.16948971127346,0.13379358325974686,1.4382810200422789,8.228305370474432,1.3713842284124054,11.171764202188863,4.407829026183405,0.4977635579727596,60.0,298968.0
1820648828,4.427691777702398,28.711309212452065,26.111757476617242,395.50171876865784,404.4205060249367,102.34414049414731,7.090647214411239,39.28915997493441,287.5674853141178,50.923739085317074,231.59258472583713,55.58391109955755,76.46486325406813,624.061493136021,12.659605607845997,2.9799739410789408,0.0,55.679016650868576,29.789172127310405,35.231323118997125,32.473262130977254,39.902062416716596,22.67739034594116,6.889868828310175,1099.155991068532,325.9372916263789,178.0375920542482,42.269133916013345,12.120674150416827,6.837032410915159,34.533882409382905,25.34034578265,27.580609880198708,146.3463089007172,2025.4840608379645,58.859768978048585,58.70125972586353,6.678523158730108,158.19223368067995,50.45877861224093,20.94435585538461,23.491071173824416,179.35850248912362,238.64096280633234,256.19322066495687,38.77136308446324,135.81072727215087,172.11991330600634,114.26403625846308,157.3891201362757,46.485480024135676,0.6023351583031902,228.13708302820302,66.70069331946905,58.225731969308384,8.5489323345137,35.98160024600636,62.62172189657377,76.07387376534501,57.443752991862134,2.9694066575999374,293.0730400066785,115.48984114202746,37.31307796436078,45.22797329013428,877.486085529479,26.25969944532329,182.95137887198476,146.72673110596133,24.885952593052856,296.2432250503795,34.05835465282775,174.8568397270682,20.83868302059458,34.956573748543036,1018.1577632019714,5.125132487316618,203.0397847655701,32.082272642254125,22.127891605032985,24.843683459136845,122.82353587645578,23.40653290599239,15.354262894991848,16.558933211598227,11.02167666860048,61.22684047734533,92.8230180795653,277.7821808125607,218.18270199098188,30.676823939546686,75.7040188435799,24.399857553018702,183.680521432036,614.0965448153208,55.30916172910346,64.2913526862563,16.66460604638826,526.4937647743832,60.381457799025064,4.924354101215554,28.785280196805086,65.5382921367787,417.99946529545593,346.7020036626204,9.43658414674998,2.515013468002794,201.1693755897865,24.29418471822867,2.1874276801536907,28.996625866385155,13.547257420082277,61.60726268258945,44.12897580831793,0.6974407096142202,0.40155677220212677,3.962731304626251,0.1162401182690367,5.177968904711634,0.2853166539330901,0.16907653566405337,0.25361480349608007,0.2641820869750834,0.9721900800683069,30.042786930806486,1.8387073253465804,8.369288515370641,7.714116939672436,5.970515165636885,23.892627946026543,2.2719659479857173,0.7291425600512302,1.3103431513964137,1.1518338992113637,1.447717836623457,6.911003395268182,2.0923221288426603,48.96879164170146,26.44991054794535,8.992758240631838,0.8453826783202669,3.1490504767429943,0.5283641739501668,39.965466117590616,169.38298688494447,0.1479419687060467,1.5850925218505003,10.873734699894433,0.9616227965893036,13.568391987040284,4.159291879571011,0.47601192602478876,53.0,946317.0
1822142909,4.913261385505709,52.8218101202984,34.20581974961068,368.0185785883809,452.5300745999687,87.7586687611781,13.481717227356496,43.45431176938613,231.89233667231096,51.63174680893024,250.84834513196103,71.2167887331606,69.7887127595188,780.0524987929358,16.677887263602425,10.2175435733181,0.0,49.3536256128826,39.28909017959756,30.890643382227935,40.53015620431007,29.768583688652235,23.036225527198045,3.1961700362459284,1184.6910255625598,413.3769916559561,162.39263928841015,40.92117700661675,14.399766067554793,8.925474835261236,35.242874920945795,41.9922339868481,41.159189668890384,115.58914934274503,1999.6973839008235,73.22289545803837,62.66533379575793,2.4311293360806796,193.04527000836444,43.675323527211646,9.316495637567918,19.02401207744252,134.42615147125827,167.1358916294347,168.00293775628865,5.712303894567191,64.3654242405696,172.64418467062447,91.46486593086752,161.04956783700894,43.02928915818322,0.5950316556840823,248.14520132471048,53.144827304812615,54.40289423397325,7.480397957171322,39.81611821748917,50.42468259311396,94.86504682049085,75.82403383860022,0.11900633113681648,254.94556310395714,112.51198563763592,40.190138115347736,13.821735316318827,832.262276353102,23.342241807264145,168.95498840538318,148.19688407423274,15.912846563437174,246.037089173144,22.271184827032798,147.5508497052043,33.1007609604831,33.55978538058225,1102.950676976015,3.774200787481894,304.50319957021713,2.7201447116986626,19.109016599683102,19.07501479078687,119.82237455032607,33.78079713840776,18.87100393740947,11.441608693582499,14.586776016484077,64.24641790943278,112.92000734439073,264.99309763279405,310.8275360249165,49.506633752915654,51.393734146656605,14.960795914342643,61.32226234435672,631.1925794452264,54.2498860939402,69.44869467055648,17.935954192763056,526.4670080448279,80.1082617595256,5.287281283364275,40.13913540200338,75.65402479411905,301.56204310069296,242.72191280576126,16.269865556847623,2.550135667217496,218.17260678268084,36.95996627020558,1.8360976803965972,41.34619961781967,8.058428708407288,48.92860300167969,58.75512577269111,0.5610298467878491,0.3230171845142162,2.4311293360806796,0.30601628006609954,3.621192647448844,0.2550135667217496,0.3230171845142162,0.44202351565103265,0.3400180889623328,1.3600723558493313,35.61689481880436,2.12511305601458,10.132539051077517,8.857471217468769,9.520506490945317,30.635629815506185,3.0771637051091116,0.4590244200991493,3.621192647448844,0.5100271334434991,1.9211022026371802,9.588510108737784,2.6351401894580793,48.452577677132425,20.29907991105127,8.364444988473387,0.7140379868208989,6.596350925869256,0.2550135667217496,36.22892737893656,157.29236795397514,0.1360072355849331,1.8530985848447137,8.704463077435719,0.9690515535426485,11.662620451408015,4.349500816893459,0.49180330361575236,89.0,588204.0
1839861250,4.969752280438604,37.72493776514758,26.04601990611686,414.0481343098144,448.67827179123424,83.76291570848336,6.50585753075599,31.896773727178672,306.18192004120374,35.19488205874247,219.55010187992175,87.03843425695426,68.89883843335336,528.0813593627875,11.340071112637176,4.156520089094104,0.0,64.10980441765798,30.835053921812243,32.438928521408336,41.97181698661329,22.883450273110476,28.91492235891551,7.929013865608862,978.8604809816616,277.92210139198244,212.77316695205093,30.06700129665355,8.538938009117237,7.4094488544720996,27.49176602406264,19.7886499893828,20.443753699076982,116.65363989174976,1889.0706111439918,38.98996561835013,58.055742548760044,3.478826596307022,193.43631262452618,42.42361264847135,9.939504560877207,14.615589661108075,145.7718702985014,354.433696727644,297.4170842011575,23.31265615187563,67.11424556901405,93.67983048626768,98.17519732175532,150.7868021451258,58.28164037968907,0.5421547942296658,224.0228789323165,53.5151961470866,41.56520089094104,9.329580417368833,43.6434609354881,65.9169870650902,71.97104893398813,56.60999643081427,5.534496857761172,241.23629364910838,107.34664925747383,47.50631384437447,44.63741139157582,940.1415927604263,38.7414780043282,170.82393974853053,135.8097759545313,41.83627828805588,257.2524498619764,31.37720871604191,157.72186555464694,25.097249016214946,29.773334116445813,904.1334785103394,5.150470545181825,178.43669665083877,4.382417920023132,22.589783092902742,23.696682464454977,151.93888108286384,32.484108087594144,11.475609811194593,20.6018821807273,12.017764605424258,46.015388160242885,63.11585396157026,338.6886179118908,225.7848820135629,36.956885139988884,87.10620360623297,21.799140684651146,124.58265375735863,564.654218190197,52.97304135285693,76.01462010761773,23.606323332083367,491.50850053537783,55.841943805655575,5.014931846624409,37.29573188638243,42.46879221465716,500.2055670261454,184.10673220715734,9.352170200461735,1.1520789377380398,196.1696763787674,26.20414838776718,2.620414838776718,29.976642164281937,14.66076922729388,64.40347159786572,41.994406769706195,0.5873343604154713,0.2710773971148329,2.258978309290274,0.2033080478361247,3.320698114656703,0.3388467463935411,0.2033080478361247,0.700283275879985,0.18071826474322195,1.4231563348528729,30.428437826139994,1.8297724305251222,7.1609612404501695,7.544987553029515,9.148862152625611,25.684583376630417,2.281568092383177,0.29366718020773563,4.133930306001202,0.700283275879985,1.7620030812464138,9.171451935718514,1.739413298153511,39.035145184535935,19.02059736422411,6.438088181477282,0.4292058787651521,2.010490695268344,0.22589783092902743,28.124279950663915,157.56373707299662,0.3388467463935411,1.6490541657819002,8.697066490767556,2.5752352725909127,13.26020267553391,4.166643187147317,0.5026627620979583,41.0,442678.0
1843478428,2.9232019130841147,19.797604929750275,27.384242670731123,459.47063648566603,361.6655798351862,84.48933422365525,7.029371824439727,47.35782631096807,468.0349337293506,33.915008148791955,297.8439674986875,71.70154792829064,115.89175745049866,591.982605482128,11.536382131903865,2.092191335785955,0.02932978508111152,60.693101927846776,36.26139095528087,49.655326142321805,34.159423024467884,49.02962406059142,43.212550019504306,7.919041971900111,943.646728604655,300.6889566515553,192.4913794873349,49.98773037324107,13.452594757203151,11.546158726930901,31.539295557221923,31.255774301437842,38.73486949712128,163.581987992386,1806.9396226820916,44.4737307779921,50.38857076934959,10.060116282821252,237.84500381776036,74.23368604029326,9.277988680658277,18.184466750289143,159.07497768492186,318.53124257589815,285.349479054134,18.028041229856548,72.75742019121064,167.48284940817382,131.2605648330011,167.88368980428234,60.91796361346863,1.7891168899478027,272.2781715029853,76.96135605283663,68.8272289903417,12.768233105310548,52.285230204594804,54.04501730946149,40.56309276717723,100.81624791880733,2.24861685621855,207.93839963005365,91.2351847923109,31.275327491491918,46.45837956848065,1061.972858216886,49.18604958102402,140.34302161311862,199.39365557642316,41.74606076544873,280.6567134411561,29.417774436354854,152.10426543064435,19.670509194398793,27.76552987678557,857.1922987805654,5.240254934491925,187.10447562743744,6.638308023358241,24.500147137755157,31.72505086273563,130.93793719710885,30.46387010424783,18.71240288174915,14.420477664879831,16.77663706639579,74.98648385737512,119.02026785915055,319.84130630952114,215.23173952022339,27.002955464676674,71.20294158191173,17.3045731978558,121.13201238499057,474.2919545466544,41.51142248479984,61.015729563739,19.386987938614716,536.01159895234,46.184634907723606,9.199775920441981,29.515540386625226,54.53384706081335,477.60622026082,258.268310829241,9.541956746388282,1.525148824217799,242.67464176111673,28.694306404354105,2.522361516975591,32.741816745547496,13.569913897527597,53.17490035205519,22.65237067764513,0.508382941405933,0.224861685621855,1.1731914032444608,0.039106380108148694,1.9455424103803975,0.12709573535148325,0.2639680657300037,0.1857553055137063,0.2150850905948178,0.791904197190011,16.903732801747275,0.791904197190011,4.086616721301539,4.340808192004505,4.94695708368081,14.166286194176864,2.356159401515959,0.1466489254055576,1.5349254192448363,0.5279361314600074,1.0558722629200148,5.621542140546374,1.182967998271498,48.67766663961809,29.134253180570777,8.808712119360493,0.6648084618385278,2.8840955329759663,0.38128720605444977,41.873156500800214,122.27587400315393,0.27374466075704085,1.4176062789203903,15.339477597421325,1.0363190728659404,18.067147609964696,4.020199909566496,0.42903366101221,35.0,1022851.0
1868807558,4.1523078648348015,41.00782876731012,27.187008428881878,390.28663047793975,388.9227337340159,95.23030154241567,8.880483243770781,32.03641907394442,275.32528937342585,33.248771735210056,236.59062184598878,51.615914553384435,83.1673925628226,686.343150359008,11.790129630808305,4.455396030151211,0.03030881653164089,76.86315872424129,32.79413948723544,19.912892461288063,30.06634599938776,30.64221351348894,22.85284766485723,6.577013187366073,1158.039262040935,351.27918360171793,184.2169868793133,34.915756644450305,11.790129630808305,6.789174903087559,38.734667527437054,27.52040541072993,25.338170620451784,149.14968615220482,2058.4535835629226,50.46417952518208,64.07283814788885,4.273543130961365,157.2118313496213,48.13040065224573,19.518877846376732,26.520214465185777,159.6668454886842,254.56375004925184,220.13293446930777,29.187390319970177,103.9895495200599,149.57400958364778,106.9598135401607,165.69829997848075,46.09970994462579,0.42432343144297247,221.83022819507966,63.92129406523063,47.0695920736383,12.244761878782919,48.10009183571409,63.76974998257243,82.74306913137963,54.313399224700476,0.272779348784768,265.5961592667691,133.02539575737185,36.52212392062727,26.186817483337727,907.8096727557079,30.460360614299095,184.6413103107563,144.0274961583575,25.732185235363115,274.5675689601348,24.368288491439273,174.27569505693512,29.793566650602994,34.46112439647569,1071.719752558822,3.818910882986752,235.43888681778643,7.789365848631708,24.671376656755683,25.762494051894755,126.72116191879056,28.732758071995562,17.609422404883357,16.154599211364594,14.487614302124346,53.49506117834617,83.50078954467065,307.51325253002847,257.62494051894754,36.18872693877922,57.34428087786456,21.246480388680265,155.8782434222291,588.9609228428458,56.707795730700106,74.49907103477331,15.699966963389981,563.2287376074827,70.52861606912835,3.9704549656449566,28.187199374426026,54.73772265614345,414.23059553793604,282.75094942367787,11.699203181213383,2.39439650599963,190.64245598402118,30.854375229210426,2.5156317721261936,35.76440350733625,14.396687852529423,62.16338270639547,44.9176660998918,0.6061763306328177,0.30308816531640886,3.2127345523539343,0.12123526612656356,4.243234314429724,0.3333969818480498,0.39401461491133155,0.4546322479746133,0.272779348784768,1.4548231935187628,37.5829324992347,2.970264020100807,9.910983005846571,6.849792536150841,12.153835429187996,31.884874991286214,2.9096463870375255,0.818338046354304,1.4851320100504035,2.121617157214862,1.8185289918984533,9.15326259255555,3.576440350733625,48.19101828530901,24.55014139062912,6.213307388986382,0.9092644959492266,3.273352185417216,0.5152498810378952,35.46131534201984,172.12376908318862,0.21216171572148623,1.7276025423035306,8.728939161112576,1.8488378084300943,12.517541227567687,4.236871856748409,0.5073628526051943,46.0,329937.0
1869456664,5.12658083181223,29.420696366005217,21.387964616796246,385.96296453516277,396.4120464853533,87.02126061643052,5.224540975095266,39.51059112415795,260.90051494381987,36.3105597769121,275.0394289576714,43.4289968554794,72.00070531303163,631.9408843188668,7.1184370785673,4.930660545246157,0.0,56.62096281759495,42.44939542264904,22.400219430720956,22.890020147136134,55.70666814695328,18.449160318305157,13.942993727285492,1252.289818349241,400.65698602761825,175.8711105741444,51.004581269367534,7.967424987020281,8.914373038756297,42.44939542264904,28.669668600835273,32.16358037793023,155.78928120112198,1961.0967617641968,42.808582614686834,51.592342129065756,7.90211822483159,127.8379869843623,41.9922480873282,11.559296907398277,17.828746077512594,302.59888260129895,174.46701518708755,194.7121114655817,19.624682037701593,34.80850424657221,125.38898340228639,137.4707344071942,189.65083739595818,45.64942676989489,0.4898007164151812,242.8105418175525,74.90685623042837,62.56387817676581,9.730707566114933,38.56364307242193,80.0987438244293,62.17203760363367,53.48623823253779,3.330644871623232,133.65028881915578,123.00528658239918,36.767707112232934,29.943150463514744,926.3437682654851,31.60847289932636,193.30801607852484,146.77694801908262,27.428840119250147,300.05191887594003,27.298226594872766,135.41357139825044,20.86551051928672,26.579852210797167,1160.207283663187,4.473513209925322,283.39869451782386,8.816412895473261,27.722720549099257,24.718609488419478,122.25425881722923,37.355467971931155,19.29814822675814,9.828667709397969,13.289926105398584,67.88637929514411,116.53991712571879,251.26776752098797,281.7660254631066,33.11052842966625,47.151482300234775,23.804314817777808,113.14396549190685,474.94342801725406,54.922987000688984,84.50695027216594,18.481813699399503,553.3768494058718,108.63779890088719,6.204142407925628,21.22469771132452,50.71070083951843,477.0658977883865,179.8221696865602,13.81238020290811,1.3061352437738165,208.52449166848982,32.13092699683589,1.56736229252858,35.004424533138284,12.800125388983401,78.98852886722156,36.833013874421624,0.4244939542264904,0.09796014328303625,4.408206447736631,0.32653381094345413,5.257194356189611,0.32653381094345413,0.2938804298491087,0.13061352437738166,0.2938804298491087,1.0449081950190533,23.93492834215519,2.4163502009815607,5.387807880566993,5.844955215887829,3.9837124935101405,17.632825790946523,2.612270487547633,0.9796014328303624,1.893896103472034,1.273481862679471,2.579617106453288,9.338866992982789,2.8081907741137058,53.48623823253779,28.245174646608785,11.134802953171786,0.2938804298491087,1.3061352437738165,0.35918719203779953,41.339180465441295,183.74057541788164,0.13061352437738166,1.2408284815851258,7.151090459661646,1.0449081950190533,9.567440660643205,4.311811637011955,0.48600291855920225,25.0,306247.0
1871628261,2.647330683011316,36.09792431326447,26.31626178959554,340.11468774958945,389.15761040266347,103.82920678793535,7.3138118869634665,27.864277188983515,281.4471476133641,28.559762368418692,261.3453824271087,44.084786373874884,66.31787711001229,646.6666068399845,13.932138594491757,4.352391122916909,0.022435005788231495,61.62896090027191,27.05661698060718,24.521461326537022,39.55291520465212,24.0054561934077,26.495741835901395,2.692200694587779,1112.1256719284233,314.5163461452173,185.85158794970968,31.162223039853544,9.422702431057226,7.20163685802231,27.37070706164242,24.364416286019402,32.710238439241515,154.82397494458553,2197.9799520788274,64.65768668168316,66.11596205791821,7.089461829081152,167.36514318020693,62.50392612601294,13.393698455574201,40.786840523004855,117.4023852898154,211.27044950777596,167.65679825545396,30.489172866206598,207.83789362217655,128.61988818393115,137.43684545870613,150.1799287464216,51.2191182145325,0.7852252025881022,260.0890221029677,74.68613426902265,61.090520761354355,9.691922500516005,39.7548302567462,51.488338283991276,67.8883275151885,79.06096039772778,1.50314538781151,306.3275690325128,140.86940134430554,43.456606211804406,56.8503046673786,827.1113583947305,20.954295406208214,157.7180906912674,144.1897822009638,18.441574757926286,278.6876419014116,32.93458849712383,220.64828192725673,24.94772643651342,34.46016889072357,1028.734755413567,4.576741180799225,202.0272271230246,4.688916209740382,20.819685371478826,29.255247547853866,132.94984430105984,33.42815862446493,14.201358663950534,14.851973831809248,13.95457360027999,47.78656232893308,81.08011091866862,263.22992291332014,219.39192160311578,35.043479041217594,88.48366282878501,16.84868934696185,126.75778270350794,795.567740256477,49.69353782093276,80.40706074502167,26.832266922724866,534.289662846733,58.03935997415487,6.865111771198837,24.67850636705464,71.74714851076432,328.6728347975914,366.9469546723143,11.980293090915618,2.8716807408936313,231.32734468245494,33.56276865919431,2.086455538305529,38.52090493839347,12.944998339809572,49.962757890391536,40.42788043039315,0.5833101504940188,0.3365250868234724,1.8845404862114454,0.2692200694587779,3.0735957929877147,0.20191505209408345,0.6057451562822503,0.15704504051762044,0.5384401389175558,1.50314538781151,28.51489235684223,1.4358403704468157,12.361688189315553,5.361966383387327,4.778656232893308,23.938151176043004,1.2787953299291952,8.166342106916263,1.099315283623343,0.6057451562822503,0.9422702431057227,12.092468119856775,1.95184550357614,51.55564330135597,26.4284368185367,7.089461829081152,0.6057451562822503,2.7595057119524737,0.6281801620704818,37.51132967792306,139.65791103174104,0.11217502894115747,1.2339253183527321,15.839114086491435,0.8749652257410282,18.06017965952635,4.271862265666364,0.49202710395484284,198.0,445732.0
1873028393,5.86621127485807,29.624366938033255,35.00172727331982,372.7977265172304,499.4101198662504,94.64154190104354,7.691254782591692,34.871367022767416,272.38774352924304,55.43569654740877,284.9023275822736,41.324199425111296,63.876522770676765,716.8184277250181,11.243571610144635,12.156093364011445,0.0,73.81649187529739,45.16982681640714,26.69126130060422,40.05318698222538,51.52488903083672,26.984571864347124,6.3876522770676765,1249.2748711063023,283.2402343877305,151.70674158035732,39.75987641848248,11.178391484868435,7.821615033144094,29.852497376499958,26.365360674223215,20.82505002574615,123.80964796214339,1926.4637826633902,48.33106289230288,81.96400753482249,5.768441086943769,155.48718884637697,47.74444176481707,7.495714406763089,18.185254952060017,116.9005546828661,177.94174200402813,190.5215061823349,14.502577873954674,120.64841188624764,158.87655536073942,129.08923810951563,147.99147443961388,49.341354834083994,0.19554037582860234,241.4271840230477,80.95371559304137,55.07720585838966,9.777018791430118,34.31733595791971,75.3808148819262,102.69128737265433,78.90054164684105,0.13036025055240155,289.26939597577905,112.17499560034155,25.90909979728981,13.492285932173562,863.4085294711937,13.39451574425926,203.75307161340365,151.41343101661442,6.909093279277283,281.12188031625396,18.641515828993423,180.97261782937147,23.26930472360368,35.65352852608183,1166.0072610659558,4.2041180803149505,183.12356196348608,9.15780760130621,19.84734814660314,16.9794226344503,106.08065388701677,23.30189478624178,22.030882343355863,12.253863551925747,13.166385305792558,58.759882936495,98.71529973080608,242.6330163406574,249.11843880563939,46.53860944720736,59.509454377171316,24.116646352194287,138.99661715149816,562.4718910709746,56.28303817599937,81.11666590623187,16.327621381688296,489.3723805737155,61.432268072819234,5.5729007111151665,37.25044159534875,54.09950397924665,294.84229668689426,294.02754512094174,13.45969586953546,0.5540310648477066,205.77365549696586,42.46485161744481,1.6620931945431199,44.68097587683563,4.334478330867352,73.55577137419259,71.27446698952555,0.5866211274858071,0.3584906890191043,3.5523168275529424,0.06518012527620078,4.562608769334054,0.6518012527620078,0.19554037582860234,0.7169813780382086,0.22813043846670272,1.7924534450955214,29.819907313861858,1.0428820044192124,12.873074742049655,7.006863467191584,2.5420248857718306,23.46484509943228,1.5969130692669191,0.22813043846670272,2.6397950736861318,0.3259006263810039,0.8799316912287105,5.670670899029468,1.6946832571812203,46.57119950984546,23.56261528734658,8.180105722163198,0.5540310648477066,6.3550622144295765,0.5540310648477066,39.20584535363477,189.21790367681086,0.13036025055240155,1.6946832571812203,11.73242254971614,0.9777018791430118,14.535167936592774,4.184630771537143,0.4567121342580221,40.0,306842.0
1874174561,2.0012523966611364,20.367584875696405,49.902196858679304,283.24177065647535,444.3748668521591,117.00870867575192,10.167653305617064,23.692246115310873,135.05225851016442,45.125013718262394,184.88989883991917,9.683479338682918,54.58254520570938,788.4934442844877,19.722019586450877,1.0651827272551209,0.0,39.960491404298175,19.463793470752666,3.3892177685390212,48.83701413142418,8.811966198201455,9.618922809758365,1.226574049566503,1151.7530325429461,382.1423729688902,163.87674867497725,30.373846859002086,15.493566941892668,6.326539834606173,30.664351239162574,23.724524379773147,33.246612396144684,149.86798189834929,2262.706338805575,72.43242545334823,70.43117305668709,3.3246612396144686,167.39507950136536,38.37885644564663,3.7442786776240613,39.44403917290175,159.90652214611725,104.872081237936,60.81225024692872,27.339689999548103,279.27154412761536,142.54081586541255,104.74296818008689,137.92502404730703,56.971136775917834,0.12911305784910557,253.57804561564333,58.13315429655978,58.71416305688076,8.198679173418205,33.89217768539021,48.22372710664093,68.52675545341278,69.30143380050741,0.06455652892455278,459.35198156265534,180.11271569950227,72.40014718888595,15.073949503883075,648.2121069314345,6.552487685842108,218.4915721451489,163.7799138815904,6.552487685842108,316.6174961104691,20.49669793354551,203.48217917019036,32.697881900285985,60.10212842875864,1075.5440501475116,2.9050438016048754,259.03307230976804,9.74803586760747,17.946715041025673,12.201183966740476,115.00745627909079,50.612318676849384,10.361322892390723,12.394853553514135,17.97899330548795,52.193953635500925,65.78310297411929,196.57463057526323,268.6519951195264,29.921951156530216,77.30644338715196,21.690993718649736,162.06916586508976,565.0632976766105,82.01906999864431,108.26129900647501,29.760559834218835,663.2860564353176,89.66901867620382,12.52396661136324,43.93071793315817,75.75708669296269,264.77860338405327,449.152049992576,20.884037107092826,1.4202436363401612,237.50346991342968,10.522714214702104,1.7753045454252017,13.718262396467466,21.174541487253315,47.70727487524451,45.996526858743856,0.19366958677365836,0.06455652892455278,1.6139132231138196,0.09683479338682918,1.9689741321988599,0.09683479338682918,0.2905043801604875,0.03227826446227639,0.09683479338682918,0.5164522313964223,21.335932809564696,0.9360696694060153,10.006261983305683,6.197426776757068,1.7107480165006488,18.850506445969412,3.6474438842372323,0.19366958677365836,2.8404872726803223,0.8392348760191862,0.6455652892455278,8.166400908955927,3.292382975152192,43.73704834638451,17.397984545166974,10.296766363466169,0.7746783470946335,2.7759307437557696,1.0329044627928445,32.27826446227639,202.80433561648258,0.5164522313964223,3.13099165284081,11.620175206419502,0.4196174380095931,15.687236528666327,4.500643016920266,0.5705650768545477,104.0,309806.0
1876034889,4.320068142961651,27.91742148989369,23.67886406661056,416.2752453982104,383.7728459263999,98.85212529012722,8.436359486726998,33.86770402642578,323.67906784340977,42.833883191063165,261.0380797704658,85.34172350341224,83.28357783152957,649.4977920783807,10.596393558207824,3.1381627076230862,0.02037767991963043,62.213056794631704,43.812011827205424,33.62317186739021,32.013335153739405,32.66542091116758,38.615703447699666,5.420462858621694,1092.080622252834,318.4012487442255,191.79472340356162,34.60130050353247,14.142109864223519,8.680891645762564,30.158966281053036,31.218605636873818,25.288700780261365,177.32657066062401,2053.2957840618014,52.920834751280225,59.95113432355273,6.459724534522846,186.08897302606508,51.41288643722758,10.066573880297433,27.99893220957221,134.53344282940012,222.34086560308762,201.00543472723456,35.64056217943362,146.12834270366983,126.89181285953869,109.57078492785283,150.63180996590813,49.66040596413936,0.6317080775085433,248.46505126005383,66.4312365379952,53.49140978902988,9.92393012086002,47.39848349306038,59.17678248660677,77.29253993515822,54.91784738340401,3.0566519879445644,266.5196756688464,114.93011474671563,39.00287936617264,36.51680241597773,920.0726260512336,27.102314293108474,170.88722380602078,150.97823052454186,27.306091092304776,266.29552118973044,28.589884927241492,164.8758082297298,27.713644690697386,33.17486290915834,1007.1260746678947,4.6053556618364775,208.9934852557297,5.868771816853564,30.912940438079364,30.42387612000823,127.5031432571276,23.57697566701241,18.93086464533667,12.043208832501584,14.366264343339454,57.424302013518556,89.17272732830277,289.2407887792343,244.53215903556517,34.45865674409506,67.5723866134945,19.705216482282626,128.01258525511835,602.7921497025877,46.97055221474814,77.0072524162834,22.598847030870147,559.2858030741768,61.52021567736427,6.704256693558412,25.96116421760917,59.38055928580307,356.87430843248774,308.66071774264213,11.024324836520062,2.261922471078978,220.5680074500798,24.20868374452095,2.9140082285071514,29.38461444410708,15.079483140526518,57.70958953239338,47.11319597418556,0.7947295168655868,0.36679823855334776,2.404566230516391,0.285287518874826,3.8513815048101514,0.30566519879445647,0.22415447911593472,0.4686866381514999,0.3464205586337173,1.3449268746956085,29.629146603142647,1.324549194775978,9.047689884315911,6.785767413236933,7.274831731308064,24.432838223636885,1.8136135128471083,0.5501973578300217,2.4453215903556518,0.6928411172674346,1.7321027931685866,7.234076371468803,2.037767991963043,41.081402717974946,19.35879592364891,7.662007649781041,0.6724634373478042,3.5253386260960644,0.5909527176692825,31.809558354543103,156.8266246614758,0.18339911927667388,1.609836713650804,10.922436436921911,1.3449268746956085,14.060599144544996,4.184665483878198,0.51068347594313,115.0,490733.0
1877144831,4.156227992195528,42.254984587321196,25.630072618539085,441.3683226156528,437.7123813262216,97.82529218667621,14.585281565204674,43.75584469561402,308.7538627905992,37.82937144748337,231.70971056490066,78.96833185171502,79.62255292456061,710.8689210355166,15.739789340814543,7.6967185040657915,0.0,77.15960300325956,57.72538878049344,47.1808844299233,35.404905118702644,29.05511235284836,51.37559601463916,4.541063917398817,1101.7467702644976,374.3683880377601,206.31053950148353,34.25039734309277,12.776552716749213,12.776552716749213,29.55539905561264,36.13609337658889,30.209620128458234,175.10034596749676,1902.8597157601857,46.680597727159025,68.88563061138883,3.3095889567482906,189.53169316262012,39.253264370735536,7.465816948943818,17.74093615187165,144.12105398863196,242.5236000631131,191.45587278863655,5.734055285529014,58.57202781594067,113.4881143424501,98.90283277724542,213.08365178506145,52.337685827647384,0.3463523326829606,300.6338247688098,66.46116428260811,57.30206926276982,8.928193464716319,36.63638007935317,63.9212471762664,97.67135781659489,64.84485339675429,0.23090155512197374,262.26568302604187,98.24861170439983,39.13781359317455,17.81790333691231,949.0438751438325,23.936794547644613,191.3404220110756,160.2456792546498,19.89601733301007,253.06810441368322,21.242943071221585,157.78272933334873,38.483592520328955,29.94023498081593,1014.619916798473,4.618031102439475,254.41503015189474,2.5399171063417114,24.437081250408887,35.289454341141656,136.0779831518832,29.97871857333626,29.94023498081593,12.8920034943102,10.929340275773423,59.8035027765912,95.40082585789548,267.03764849856265,301.90378332198065,48.79719531577712,57.26358567024949,22.62835240195343,110.52487771838477,361.51486813597023,47.71965472520791,85.43357539513029,16.163108858538163,587.9138429330654,73.65759608390962,4.4640967323581595,35.02006919349935,49.99018668390732,386.644654051745,177.79419744391978,11.85294649626132,2.078113996097764,244.98654998441415,59.14928170374561,1.6163108858538162,62.84370658569719,12.122331643903621,62.42038706797357,61.38133006992469,0.5387702952846054,0.30786874016263166,3.655941289431251,0.5772538878049344,5.079834212683423,0.5002867027642764,0.30786874016263166,0.4618031102439475,0.15393437008131583,1.4238929232521715,36.0206425990279,2.039630403577435,11.81446290374099,5.464670137886712,10.198152017887173,29.51691546309231,2.732335068943356,0.885122627967566,3.9638100295938825,0.5002867027642764,1.4238929232521715,9.505447352521253,0.923606220487895,43.140107215288765,17.279133041627702,7.619751319025133,1.1545077756098687,6.234341988293291,0.42331951772361853,32.711053642279616,178.2175169616434,0.11545077756098687,2.039630403577435,9.697865315122897,1.2699585531708557,13.122905049432175,4.2009173718785,0.48660034019495785,67.0,259851.0
1880163995,2.3452097525433713,27.741212934514856,24.249013460763987,435.9528624224252,387.1531458968079,113.37267631409303,7.732930701044102,35.19522305819336,364.1421982641463,40.99278648772109,284.41929731937404,74.43479448818786,84.15147664253624,641.3465602404409,13.37395707184624,7.405625941890598,0.005692256680930513,60.36922822960856,35.17530015981011,59.94230897853877,36.760593645449255,41.06963195291365,24.78693171711192,4.260654125676489,1018.0231077159963,349.9457101019056,198.24706955510746,29.332198676834935,11.344667565094513,6.244405578980773,32.260864739173684,30.299882312593123,28.03436415358278,167.523114119785,1992.7765262718992,50.14024297397643,49.5852479475857,7.0640905410347665,181.31545205767964,61.59875567268955,6.603017749879395,25.188235813117522,131.2093626237888,205.15177690907615,216.24598518020974,24.644625300088656,176.10703719462822,165.30882627090304,122.2383660946423,163.51291928806947,54.91320020093666,1.442987068615885,246.89878740702054,78.64706443207643,57.48894634905772,10.857979618874953,39.236725301654026,41.74701049794438,39.344878178591706,66.73601732722933,0.1309219036614018,277.1417471528044,115.7178860666364,35.687603261093855,50.612700278493655,938.5535121935253,42.003162048586255,162.06139383443218,159.4230328628209,37.83073790146419,277.62558897068345,30.849185082302917,166.8855813715208,27.376908506935305,25.46431026214265,944.6499190988019,2.493208426247565,240.53199830939977,7.604854925723165,32.99231972267325,22.048956253584343,138.2962221915473,31.438333648779224,16.27985410746127,12.389196666045262,14.287564269135588,46.92127182091022,99.40387841908955,240.1933090368844,228.25949290531358,32.966704567609064,66.61932606527026,20.492124051349847,144.50932035878293,532.39107511075,48.68871752033915,70.70067410549744,18.72467835192092,587.1562766379824,62.15659682742074,4.320422820826259,27.035373106079472,57.20433351501119,336.36113953286497,366.0604887656199,11.276360484923346,1.3376803200186707,220.15087326332807,27.655829084300898,2.393593934331281,31.38710333865085,14.629099669991419,40.816326530612244,26.053458828618957,0.39561183932467064,0.19638285549210271,1.1555281062288942,0.2561515506418731,2.0036743516875406,0.1309219036614018,0.20492124051349847,0.21345962553489425,0.3415354008558308,0.8908381705656253,12.904345895669474,0.5606872830716555,3.9988103183536854,3.503583987112731,1.9467517848782354,10.009833373416308,1.4372948119349547,0.6090714648595649,1.198220031335873,0.40699635268653167,0.8168388337135286,4.468421494530453,1.8784447047070694,39.74049001791638,21.274809344977793,9.43206932030186,0.6688401600093353,1.7674456994289243,0.2504592939609426,33.393623818678854,149.40181497604271,0.22199801055629,1.4002951435089062,10.459521651209817,0.5777640531144471,12.65957885838946,4.170395007890891,0.4800615993248984,218.0,3513545.0
1886801652,14.021552585580642,25.822497295616838,24.04601099518128,335.56557296441633,422.0741112016978,143.70505251737626,10.056181379251274,28.67756456417398,231.41906360138185,50.9470892589197,256.19470289852774,55.356582040357964,64.23901354253574,649.8450332932566,13.989829615930006,5.107398113752224,0.0,49.42438671568923,27.789321413956202,28.772733473125886,35.434557099759225,31.18367916657414,21.698511241034296,3.013682116810319,1205.0604481186692,319.38685844259254,155.15704456125547,29.43891583578922,11.293377195626038,5.170844053053495,34.2290842530351,21.095774817672233,24.36324069168763,189.57646663219438,2283.7683081188597,73.31178286261733,73.2800598929667,6.376316899777622,145.70359960536626,43.936312966129385,11.83266767968683,31.151956196923507,149.76413972064753,238.20777910661772,195.88933759267073,37.62344200565303,94.94684816435036,104.78096875604719,103.03620542526227,129.04904053878292,41.6839821209343,1.1420269074228577,221.58494300968502,60.400534214808914,51.073981137522246,6.883884414187781,31.627800741683032,81.71836982003559,85.8106329049675,73.02627613576162,2.1571619362431758,262.47585088935347,115.28127171040735,47.996853081410656,42.28671854429637,778.0058306818217,29.312023957186682,156.9969768009923,128.0339055099626,26.298341840376363,268.91561372843233,33.84840861722748,183.00981191451294,18.304153488416357,37.24276636984541,1124.6744430239603,3.013682116810319,226.40683439658153,5.266012962005399,20.239254637105088,14.71945791789461,114.45647449949085,24.331517722036995,13.926383676628737,11.071316408071592,17.066957672041596,45.90313708446875,76.64269467593401,241.47524498063314,246.29713636752965,36.67175291613398,75.11999213270353,21.7936801499862,147.0042413610423,742.4761046731106,52.216008044945106,72.42353971239956,22.11090984649255,561.2427790590333,100.65698270146466,7.169391141043495,25.759051356315567,79.68809976239496,387.97191882726526,237.35125892605058,13.736045858724927,1.9033781790380961,197.47548607520247,23.53844348077112,2.5061146024001597,27.947936262209378,11.95955955828937,79.9101605499494,46.91827211328907,0.6344593930126987,0.41239860545825413,4.346046842136986,0.15861484825317468,5.551519688861114,0.1903378179038096,0.507567514410159,0.5392904840607939,0.5392904840607939,1.7764863004355564,38.2261784290151,1.3323647253266673,13.387093192567942,10.119627318552544,6.059087203271273,30.898172439718426,1.5227025432304768,0.3806756358076192,1.2689187860253974,1.1420269074228577,1.9033781790380961,6.217702051524447,2.3474997541469853,45.681076296914306,28.963071291029696,5.963918294319368,0.7613512716152384,1.046857998470953,0.3806756358076192,37.11587449124288,143.4829917298218,0.0951689089519048,1.8716552093874612,10.785809681215879,0.7613512716152384,13.513985071170483,4.3320664897582395,0.4986921051045429,76.0,315229.0
219258773,4.88555778850527,25.749884919119747,27.550552095573767,384.28578757154037,408.6378314320744,139.00944024728705,6.545063675791768,39.42531517700765,342.8635565965531,35.383282165235144,226.02332466511206,58.52340471389189,91.82025416606558,638.6343299435114,12.745831524345675,3.8561132650640615,0.013771833089514506,53.799665964188414,32.60137188115321,21.676865282895832,32.2329753460087,47.12376987404626,21.52537511891117,13.468852761545186,1096.3549745066155,292.42766086447864,177.291693277865,35.61396036948451,14.036940876487659,7.474662409333997,37.96894382779149,28.46637899602648,33.78919248512384,148.7908846991147,2055.3531287366854,52.51888548686357,56.82258332733685,7.419575076975939,181.7158946578715,49.52351178989416,11.20338621832005,23.763297995957277,156.91970918020064,239.67121125682092,247.33523637113575,24.56206431514912,141.1440743761618,154.98476663112385,110.99408878494215,151.8826612277107,49.55449841434557,1.3668544341343147,227.9307235480098,84.04949734530702,43.997563762726465,10.965822097525924,49.013953965582125,52.37772419769604,53.56554480166667,68.90736686338583,5.329699405642113,269.1842495676505,110.81161199650609,36.254350608146936,49.509739956804644,909.9635425148538,35.999571695990916,157.022997928372,159.3435518039552,36.574545727478146,301.66856086754285,26.29731528442795,166.27766976452577,24.183338905187473,27.45070630567479,1022.4346603986463,5.198866991291726,187.36578918284485,6.662124257052642,27.536780262484253,29.409749562658224,116.6405403516431,24.33827202744451,17.3008653187026,13.589356301078437,9.454363415951708,57.125563655306166,109.37934135519657,297.1513996141821,220.69706821774233,33.52752765642306,67.20310251855841,24.434674859071112,136.83693357741612,658.9408978340006,57.76939685224097,86.98978370991837,19.79356710790472,525.8085873576638,60.114051435730815,5.470860694809637,29.24793052385643,59.938460563839506,396.59092043702157,320.6909053224348,10.260015651688306,2.3102250007660583,203.76115647591186,22.747625305605585,1.7662375937302353,26.824087900101876,16.81885116056959,51.52042758787376,30.315247588293804,0.5508733235805802,0.285765536607426,1.924613674259652,0.11017466471611605,2.871427199163774,0.13771833089514504,0.18936270498082444,0.1721479136189313,0.2995373696969405,0.7987663191918413,23.091921132843446,1.0328874817135878,5.550048735074346,6.001076268755946,6.837715128943952,19.421727614487832,2.303339084221301,0.35806766032737714,1.87985521671873,0.764336736468055,1.4839150153951879,6.789513713130651,1.9831439648900888,43.1058375701804,24.093821990105628,6.469318593799438,0.7161353206547543,2.6476349114591637,0.4062690761406779,34.33317989215966,142.18040481614776,0.15837608052941682,1.3806262672238292,11.95739407997097,1.3461966845000428,14.842593112224257,4.151042029190089,0.5056094521943522,208.0,2904479.0
268213039,3.850122141805878,38.08396680170544,24.978378624425325,384.1397727100308,438.7621952144689,91.37876098138285,8.610617992019057,29.833705069264266,255.32189297039767,29.96646790174033,229.300377805089,54.01550669883321,66.9693659247121,672.5385770858937,12.365909539199174,6.789870575204454,0.0,66.77970473546057,40.68232509445127,16.00740437282838,31.256163988650673,23.726614775365288,44.551413355182305,4.172546163533464,1204.860636958138,352.48532022395193,184.61620161743062,35.599405222510505,11.683129257893698,11.190010165839745,26.666363208763865,29.283687620434854,24.181801629568938,164.56901391354484,2126.57608448268,56.74662782405511,70.2125722609131,4.058749449982551,167.77428801189555,39.14606946151395,7.700244283611756,30.364756399168524,121.51592395344956,250.1631086227563,231.53837983825693,32.052740983507064,111.78630494484652,103.9532978287587,87.14931646107394,172.2692581971566,42.920327127619224,0.701746400230628,248.5889207519687,57.23974691610906,49.04638354044335,10.222738100656986,42.2565129652389,72.54540488870681,80.49220871834555,50.99989378973402,7.301955786183561,279.93991533524513,116.96405541141306,42.95825936546952,24.750785197323502,862.9204788565706,31.502723534677653,182.56786077351418,111.65354211237046,29.24575538258455,249.32859939004962,21.279985434020666,164.0758948214909,29.15092478795879,36.88910130942085,1105.9143945256194,4.988089277315004,235.95748554781738,5.3484455368928945,21.431714385421884,17.847117908568134,136.29053059614304,30.194061328842157,23.30936015901194,13.996995766762256,18.34023700062209,58.472544646243946,77.19210402536908,302.2630373101492,296.6680322272293,49.42570591894639,65.47104252962508,27.823296463198144,127.20575963099519,571.2595020255815,50.56367305445552,89.0648944725143,18.64369490342452,578.049372600786,73.05749009968592,5.93639522357261,32.75448738373769,60.80537727403766,371.6790325762059,247.7923437571123,13.750436220735278,2.6931888873715994,214.54473728132064,32.545860075561016,2.5793921738206866,37.81844113675331,13.579741150408909,70.97121701791919,48.970519064742746,0.7965769948563886,0.5310513299042591,1.744882941113994,0.3793223785030422,3.451833644377684,0.32242402172758583,0.34139014065273793,0.6638141623803238,0.17069507032636896,1.4983233950870165,31.237197869725524,1.6500523464882335,8.288193970291472,4.9311909205395486,11.41760359294157,26.28704083026082,2.617324411670991,0.4931190920539548,3.5845964768537484,0.7396786380809323,1.763849060039146,9.198567678698772,1.744882941113994,44.039328144203196,18.98508504407726,8.079566662114798,0.7965769948563886,4.703597493437723,0.5310513299042591,33.09587752439043,171.64337627262657,0.11379671355091266,1.403492800461256,7.965769948563885,1.4414250383115603,10.924484500887614,4.262846719051087,0.5081293151713778,71.0,527256.0
354628391,3.245888956076249,24.007988039874398,24.77942411735998,400.7635347774351,400.646386164699,109.06348906455088,5.924728776036279,38.24403701098555,387.1730494382101,37.558593000295616,235.31230573893606,124.22052553366179,99.62367877551284,607.2186476663248,11.37899370837174,3.991776665890661,0.07166005566303872,55.620665812894224,36.030052856457054,67.10434551562588,35.20876630546675,41.86629704202245,23.908287092864953,10.029915269150184,985.3282578904576,299.1882099642123,186.25507789385736,40.79513499258973,11.928595178761306,6.746638457945393,31.658789461011697,28.425363123311627,34.723970450633324,152.3212374482739,2014.6794689329356,53.442823251656655,50.461141805155435,8.5063601726621,199.62435175690516,64.42363630290943,12.586621429023644,20.795748153413836,140.6412715061174,299.94593716148415,293.7738254106807,47.17724186303184,99.51587712655889,174.6536264474708,111.34290196555432,159.81064796143966,55.42064078795652,2.333625290939826,229.64555316328673,97.07258079390867,50.19568803374279,11.560947936663977,35.55585022724338,47.33427085457171,42.6975536877137,68.5481398545064,10.981436182171576,277.98119540438455,101.36408343174648,37.35607545168268,54.590630404102896,920.2696511812818,48.7612406586444,141.8482760958505,152.60164636173798,46.8712845818966,287.2240963230789,24.947669465438416,164.65362146242347,20.447417969799584,25.44679733140445,917.6581095005531,4.48155756807456,195.77963398785343,9.629865219274786,22.833386257919372,32.220853549777445,126.05377669679795,21.711750604063113,21.613919049810093,15.191931800564207,9.960124606243573,59.47036862929642,105.01563061596741,271.19093778212255,185.23002753241653,23.473341711536246,94.38314774832888,21.51359497188184,145.9048583772973,612.0497816798513,44.54389060014486,66.45379683638924,20.345847630033713,591.6696618492831,45.63000779162901,6.040631126934759,28.203528516215613,61.949183424318754,440.58720866760154,321.34674543706154,6.6512994273676105,1.4606188736883716,207.5680247098827,22.996023427728527,1.4176228402905484,25.874265141707447,11.306710521789892,46.733572648839804,25.006243771806467,0.41936710835847874,0.2517448911988491,1.116650606505786,0.10655538711634452,1.8943179931794583,0.09970094700944516,0.1233799219241884,0.1445663731636955,0.1913011920743729,0.5589484341717019,17.192182049941202,0.8424730022298117,5.308452297334147,5.014957634575092,3.5730326884509913,14.73891562259004,1.445663731636955,0.385094907823982,1.3004742275544505,0.6854440106899355,1.0275428851160944,4.844219762821417,1.3091980604177769,40.59261744397679,25.983313052499028,5.3788660911595665,0.8667751080633639,1.870639018264715,0.3396063507509226,34.4391996207376,126.13540684716193,0.2623381168186026,1.2562319323190092,13.373012648560643,0.8212865509903046,15.712869248688559,4.0270397180158115,0.46097409166829095,1829.0,16047992.0
380996798,3.412293314438415,28.499750123402958,29.140754604292965,429.1006822283619,405.97462236391704,107.94208390172902,7.473267810136776,34.598888567320444,368.40868910361473,41.92246072024338,281.8308623314293,153.768146760087,81.96796820003638,603.7033937924665,12.585950256516943,5.554092717651728,0.0,55.76355148724554,36.6447292159095,66.33052954646821,45.29637053283209,39.20874713946952,27.877937393437804,9.99122553147716,1056.202658748406,304.21612061017487,194.47385047169485,35.94998783242991,12.09464143284077,7.922354781778277,31.105989898997652,26.688048836097074,27.6860198841893,175.91542732736445,2021.3596511093215,45.84141625909785,51.95206975357024,5.980149588183409,190.5779250339502,59.2871569570481,10.705158665881596,29.985191644986386,137.0406166539873,325.4882573352791,208.14221548037335,27.04117705311432,139.73130013365136,112.89739399052542,102.59910044425065,162.96483380327535,52.2783295192927,2.0228105474792404,256.8048191254242,71.87694556375001,51.541366283778444,9.699510917419431,38.96693107781641,49.610676140738484,49.24219452298136,63.48247370922041,10.167789639985783,270.56146618835703,115.07757689558844,36.383721403331535,41.15479068324936,922.7777679686607,33.10577034536707,153.13098062938195,147.68052336672443,28.660960831171703,251.3390084620268,20.013157864434078,168.70316732980564,23.571308485901355,27.851068942143012,989.8798059023078,5.454295612842506,201.19480164557748,7.9837683847377985,34.67565557101984,29.451660969275544,123.56800750474228,26.03936765483713,17.36469623680471,13.315236791661262,9.764762870563922,55.96698404704896,93.5828158597559,282.4373216606545,202.1313590907102,30.818113635124895,79.50374738128559,14.343914641233246,112.35234826425966,613.5449236667299,39.220262190024435,81.85281769448729,21.068704165300854,579.9708745987964,57.064752199950405,7.64215521827546,29.71266878185351,51.821565847281256,462.52887398926646,279.6698711772911,9.415473003731645,1.6850357312018718,230.36242470116525,28.845201640050266,2.141799403213313,32.672036774465454,12.90837167205443,48.76623910004506,31.3823511123155,0.6678729321847966,0.1842408088785646,1.408674517884025,0.20343255980341507,2.4642208187508015,0.12282720591904306,0.1496956572138337,0.21110926017335524,0.29171461405772725,0.7753467373639593,17.406918088839383,0.8252452897685705,4.222185203467105,5.212479551189389,3.907440488299557,14.167350532724623,1.5007949223233072,0.9058506436529425,1.285847311964982,0.7983768384737798,0.8904972429130621,5.381366959328074,1.1092832034563576,33.938692335505586,19.260841228179938,4.675110525293576,0.9979710480922248,2.210889706542775,0.30322966461263756,27.448042172721152,139.1210024542411,0.22646266091323564,1.0632230012367165,11.67242291249406,1.047869600496836,14.009978175140848,4.108205548335193,0.4889761932471137,231.0,2605286.0
402050558,4.501488228810243,38.06742089408622,27.071761711050232,404.2363357616536,397.93963787030685,131.57540419145553,8.854871660461225,43.708867258607135,313.6365921175934,33.162010491205265,224.74229765294288,55.7367719976016,89.31168071119026,635.7690139631408,15.268258179872827,5.677350557771642,0.004488024156341219,65.5027125618001,38.637399961941554,26.69027965776123,36.976831024095304,34.7552590667064,27.97834259063116,6.610859582290615,1095.7241696257706,348.2706745320786,194.79371245767794,37.268552594257486,12.77740477310345,11.592566395829369,31.58222598817316,36.62676513990069,38.058444845773536,183.57365206682488,2105.54755689917,60.44919736175988,61.40065848290422,6.072296683529669,186.72873304873275,43.933268466424195,8.7651111773344,31.200743934884155,140.0443057744714,226.6362438469189,200.33193426660299,24.0737615746143,119.82575695015422,113.7938524840316,108.20177438523045,157.14367781013144,49.058592052965864,0.9828772902387269,245.2660321198913,64.97761373550817,59.15664640473361,10.847554385876727,42.81126242733889,56.61193670808814,77.35558435869726,76.641988517839,2.0734671602296433,222.8932317005303,118.57359821053501,43.12542411828277,43.31840915700545,928.7158147200012,29.23050133025036,166.70765728729458,169.64731310969808,27.210890459896813,269.3756978877563,28.691938431489415,185.66507132367988,32.06244457290167,36.59086094664996,1011.6679652016559,3.7789163396393066,226.7888366682345,7.7014494522815315,28.15786355688481,29.055468388153052,134.29065880604196,35.73813635694513,15.64525220900549,12.050344859776173,16.614665426775193,61.6385237631903,109.44046905238062,259.9104549420327,254.771667283022,42.71252589589938,72.66111109116434,15.506123460158912,130.0494759782995,581.7376911449488,46.96717279611086,88.90775853711955,21.555980022906876,578.7127628635749,74.31719200485425,5.955608055464798,30.585884625465408,66.52149404528954,366.6805496213903,257.6933710088001,12.40489876812713,2.679350421335708,212.66053662407234,32.62793561660066,2.683838445492049,37.99112448342842,14.626470725516032,55.18025700221529,44.25640620568076,0.574467092011676,0.2558173769114495,2.046539015291596,0.40392217407070974,3.280745658285431,0.2827455218494968,0.2603054010677907,0.5295868504482638,0.25132935275510826,1.3239671261206596,32.4798308194414,1.6964731310969807,8.778575249803424,9.478707018192654,7.921362635942252,27.87511803503531,2.7960390494005796,0.8168203964541019,2.6928144938047316,0.6507635026694768,1.9253623630703829,8.881799805399272,2.033074942822572,46.32089731759772,21.888093810476125,6.974389538954254,0.9155569278936087,4.667545122594868,0.9604371694570208,35.40602256937588,152.39086022856608,0.21991318366071974,2.033074942822572,11.318796922292554,0.7450120099526424,14.316797058728488,4.249680402683479,0.4981612696081775,223.0,2228152.0
506779862,4.39756305473785,35.8625646099412,29.474553582328642,334.62615140780406,439.98454350800796,131.14132817550762,9.27017969233513,28.09716358509935,198.7714424325291,32.02232698760827,240.64250598992143,65.47246865442533,60.031910861901125,772.5432829546528,14.158719913715407,9.288757206748627,0.0,61.18637068616846,37.48942408643746,20.310531115213497,36.98252333601204,25.867861855479678,36.963945821598536,5.522829642069683,1280.5188752854303,416.53972031817443,157.94337361292315,29.129542600363695,16.005855632543135,11.470288185019305,25.135377001461784,32.95651056954413,24.310004575376407,161.57660464607713,2308.694064431066,72.71504534505875,53.37585284060811,4.604569643916819,143.85896375686173,51.48890816232289,6.504783975354538,32.52922773803369,112.39396220165838,122.32497062098793,152.391350733918,28.933151733706723,115.25224549070647,145.34781884057202,69.77183627583469,163.24592701266138,35.12742582529281,0.7218691314958933,215.64247945061513,56.44379664946566,42.83178644563317,7.8131717761908455,23.102466138499086,63.72883623018708,66.59508131112666,54.888593299992884,3.0944831151625425,361.9483672487975,106.8897100740022,52.85833636766069,26.475611969864087,652.3706500750001,30.705977394880463,157.21619662016627,106.31115319655329,30.38219785795951,245.16480378429276,22.717646197076643,139.9895328975933,27.52656849954193,36.64812807656909,1195.2480841274778,3.0546741557050483,283.25136226259264,14.325917543436884,18.248427015315304,21.605649262897305,112.83982254758232,34.692181201890875,20.42465013232498,21.361487644891344,16.934731353217998,56.60568641792614,83.1343770004002,210.28419350763642,309.8782482783952,45.9766942427752,86.14658826601726,32.051520224543765,153.6386981302528,621.3647785188732,70.19646517671463,89.07652768208884,21.149173194451375,617.8483204334611,86.53406213807021,3.3731458313650013,39.59664500705415,77.31961498897557,234.7189328226463,289.5332160649852,15.22825395780675,1.528664043167774,187.85317181865375,30.618397684073976,1.7754795918042376,33.92254131904598,12.99364436692608,62.40452484556778,41.9506814763073,0.4087053170969396,0.27070092431096,1.475585430557782,0.1698515603519749,2.324843232317656,0.2786627162024588,0.19904479728747057,0.628981559428407,0.1035032945894847,1.2101923675078212,23.848220645669475,1.3375810377718023,7.720284204123359,6.2446987735655775,5.010621030383259,20.313185045843998,1.89490647017672,0.7271769927568925,2.186838839531677,0.5015928891644259,1.5631651413642689,6.873680332993984,2.2850342728601625,38.98093310077824,18.45543360449427,7.630050562686372,0.6528669351029035,2.789281092655088,0.29458629998545643,29.822218494924094,147.92213155215663,0.19373693602647138,1.5180483206457756,6.847141026688988,0.7351387846483913,9.294065068009626,4.404212487221324,0.4981290963153889,378.0,3767996.0
545045867,3.594604810523563,36.36956560868465,32.76437286057486,371.2183857418597,492.7043816062113,109.67515148691702,9.73031464174125,36.745437392995655,292.77235616551485,36.57073642282293,256.9321874361415,98.85427927379453,70.64271957529665,677.7815306134333,14.711939276060356,7.295088996909381,0.0,65.60286128425331,38.22774865506723,52.30441167595405,35.19959850540673,28.359790824705048,33.66964152419715,7.12038802673666,1120.6855477828328,344.4414915862954,164.62654755942745,33.55846817954178,15.479564751061705,7.469789967082102,28.200971760911663,31.372059067986207,22.372312119694516,159.15787779614197,1990.6593214614318,53.082625088541626,64.51230371287207,5.532197388802833,175.07684195703203,69.298051501846,10.227947708293849,24.913417140388642,111.77156312898967,220.4090967324566,215.1098339705507,11.392620842778657,103.07357240190541,201.7002110175961,91.22037627412594,187.24767621239826,48.25452554922279,0.7993892877600265,281.6550216999781,72.22561624443736,57.11662930889355,8.142124003807423,38.58244456420578,52.43676089578187,76.3072661839273,63.755266175456946,18.645358089343134,318.6651575326294,102.77181618069798,38.878906816620095,27.258645315737592,813.9794657538453,22.155259399176895,161.14311609355926,136.04441004541167,18.888880653826323,239.73208282731815,22.351136244522067,173.56276688220177,22.483485464349886,28.38626066867061,1045.1512010427,3.049326024832949,240.18736414352585,3.3828460587990525,27.136884033496,29.063888674189045,109.08222698208839,28.1745019169461,18.301250117790804,14.849582464681287,8.120948128634971,56.507822897685585,82.10416201238577,279.44214274445693,236.70922664645076,29.429172520913824,66.57695154218605,22.36172418210829,107.49403634415455,629.6540603152453,48.333935081119485,69.49392834719117,15.214866311406068,534.1667451938704,56.52899877285803,5.844541547596485,25.14105779849249,58.61482247734446,332.18065986144626,316.16640426228014,11.164980184674807,2.2446427682798094,251.8288015195808,34.97725181609599,1.5934846067269404,38.81537919110274,12.09142472346954,51.383261105952435,46.81456603749612,0.7093918182771096,0.32293209637987824,2.165233236383118,0.29116828362120173,3.488725434661308,0.28058034603497617,0.19587684534517205,0.1905828765520593,0.29116828362120173,0.9582083515534092,28.566255607636442,1.270552510347062,10.529703929501276,6.760398148804993,5.558667232768396,24.119321821421728,2.4511075512112073,0.29646225241431445,1.8528890775894655,1.9640624222448333,1.318198229485077,7.882719532944897,1.8846528903481419,37.54482668075568,16.760705198994994,7.220973433805803,0.7040978494839969,2.7052180532806194,0.3864597218972314,27.777454257462644,148.0881890497432,0.30175622120742723,1.3870198237955427,10.360296928121668,1.005854070691424,13.054927043816063,4.212131480320729,0.4964545422252245,261.0,1888942.0
597919007,2.9768244997966513,27.447383924148138,24.64548300461236,371.28154637442765,407.0190585487965,115.04349037514235,9.164746151525053,40.90712869815,326.6041897945835,42.68760085437675,241.4632607379651,113.48167269424171,97.13881248129724,624.3116288571431,15.077787891414937,9.455244240172574,0.015618176809006566,61.97292557813805,33.157389365520935,28.293889107196293,34.87538881451166,39.260972862480706,22.346487378326593,5.744365430352615,1108.1002736929304,345.77706364531997,196.79527506420632,28.87800891985314,11.96664707106083,8.586873609591809,33.01994940960168,30.73344832476312,33.529101973575294,151.36199872680623,2012.748805365656,57.51549791684758,56.912636292019926,8.346353686733108,171.39699593739985,45.26772366322463,9.961273168784388,25.154635568585974,154.83860488449108,203.30493115820025,202.4646732458757,30.824033750255357,138.82372638453575,160.99529018260148,96.21421641420405,171.23769053394798,47.319952095928095,1.0932723766304595,238.90500337664983,69.19477053462269,53.411041051440655,9.345917002509529,33.36979657012343,56.341011020810285,71.82174787389759,71.74678062521436,4.897860247304459,265.81199838320634,115.42457388928212,38.70496576808007,47.12316306813461,860.289785899785,33.86957822801164,160.02071594971946,170.21626177063897,32.482684127371854,289.4922780610221,37.92405692762974,180.5804839010957,25.317064607399644,34.19131267027717,1036.2972676312036,4.972827495987691,233.49486693000995,6.572128801229963,31.30819723133456,25.43263911578629,141.10710383401252,30.942731894003806,15.646289527262777,13.234843027952163,12.469552364310841,49.431529600505776,103.52352316081912,238.96435244852404,236.9621021816094,36.57152281596977,62.82880166727161,24.920362916450877,139.95448238550784,566.2807311055982,47.43552660431474,70.25055928691152,22.22154196385454,567.1772144544352,69.2447487004115,8.240150084431864,26.869511382214895,65.86185160358069,358.1435360426913,330.6430503173926,12.688206839636933,3.3766498261072195,207.16886810074848,34.59113799658774,2.511402830888256,40.47919065358322,12.091592485532884,55.17277139549659,38.93299114949156,0.9714505975202083,0.359218066607151,2.4395592175668255,0.32173444226553527,4.09196232395972,0.2561380996677077,0.31861080690373395,0.20303629851708535,0.35297079588354835,1.1307560009720754,32.43895323230664,1.9772611840202312,10.770294727490928,7.11251771882159,7.3561612770420926,27.21623490737484,2.3677156042453955,1.6305376588602853,2.751922753746957,0.7309306746615073,1.6773921892873052,9.15849888080145,2.0678466095124692,40.4542015706888,18.445066811436753,6.465925198928718,0.8777415366661689,3.0268026655854725,0.4123198677577733,29.227856080374885,146.73589475597848,0.09370906085403939,1.6711449185637024,10.826520164003352,0.6934470503198915,13.284821193740985,4.220623788544879,0.5042520692522454,291.0,3201398.0
682478916,7.3361030120255775,44.59537246755847,24.130408485895078,378.9902769261572,460.69892674950677,91.9750228373356,9.541626518839237,34.667909685115895,263.13511777391244,33.06199658795607,239.020351298704,56.79092679956119,66.28041328277835,741.7024347311034,12.430184492302045,8.034779489361346,0.0,67.69862225169872,42.765257217223734,14.604423977742462,29.4799761407197,31.038963205819663,44.3242442823237,6.110812174906878,1256.9085547199245,410.96254676961195,173.98087086373098,33.630322976236656,14.71913205611102,12.216410346251548,34.099583296835306,34.69397970292693,26.143013860907068,166.24850358097765,2021.3961850178737,51.86890743683756,72.04188721901735,4.082564789208264,169.13706155444046,43.531715740868194,7.007620787606522,20.032201686000192,183.38171928639062,239.4426855872428,176.3688844952219,3.6915145220427217,44.079186114899954,125.75655191687628,87.31370365272234,180.7069354589783,37.822381840251275,0.49011633484747996,259.0577669882664,58.39162589315881,54.053574929402394,9.306996358539912,42.7391871994127,79.66476042696432,72.53200355386483,52.953420177776664,0.4171202849765787,243.4157563016447,111.46496815286625,43.54214374799261,15.970492911040758,833.8547336895541,26.10651583597162,173.7775247248049,125.18301152503348,24.99593307722148,249.3910043839342,21.97702501470349,135.11568831103824,37.40004755171249,30.314216710672856,1161.6434956348362,3.3995303225591162,289.16863756001317,2.090815428445101,24.10955247164625,23.963560371904446,122.47694367624791,37.70767376188272,22.378503288993446,13.744113389978269,12.148628299942855,60.56586537859923,91.87595676965367,273.4067047914607,342.1220577377899,52.78657206378603,62.281272550565404,17.446055919145405,79.5083403200981,471.1738599059811,48.375525050158714,81.3749535953683,20.730878163335962,587.8059055889947,78.15269939392422,4.687389202424303,32.18082998594305,55.95147222604582,422.8244048736334,173.52725255381895,13.655475329420746,2.5548617454815443,217.20496039442895,40.330317553672955,3.2013981871952413,46.08657748634974,13.035008905518085,78.11098736542657,44.46502237850329,0.4796883277230655,0.23984416386153276,2.810347920029699,0.1720621175528387,3.7019425291671357,0.37540825647892084,0.33369622798126297,0.4588323134742366,0.2554861745481545,1.4234229724825749,27.18060056978631,1.4651350009802326,6.5696444883811145,5.172291533709576,8.848164045065676,22.0552350681366,2.7894919057808703,0.9698046625705454,3.0710480981400607,0.6778204630869403,2.294161567371183,9.8023266969496,2.4662236849240213,45.737239247681856,19.761073500765416,8.2172696140386,1.293072883427394,4.009568739337363,0.18770412823946042,33.46868886580823,162.4631369948152,0.1407780961795953,1.3504269226116736,8.013923475112518,1.80925923608591,11.314387729989697,4.304554253219125,0.4885119521646457,263.0,1917912.0
702998658,3.720322515535183,30.19253714052309,21.169411424674518,387.140463374231,412.65124633790083,94.67414632631588,7.249553023851865,37.3465441607657,329.5680245744321,34.9160926939554,282.97740456447144,90.79856155491566,91.18074556935267,640.3254296882931,9.363508353706528,5.0519949408391085,0.011943250451156285,66.40447250842895,49.67197862635899,36.91658714452408,29.129587850370182,39.60979012125982,42.31493634844672,8.700657953667355,1094.0017413259159,309.58696656964764,177.27963807173833,36.20596374268028,13.328667503490415,8.90966483656259,33.82925690290018,30.99273492075056,29.29679335668637,209.98025780700425,2060.879524849724,45.94568448559823,59.238522237735175,5.744703467006174,189.21691689766902,62.06907259465922,12.856909110669742,28.03678043408938,168.50134899013847,300.9161667421082,217.00288907228415,22.680232606745786,40.111406640208386,125.22498098037366,108.98813199202668,180.46848594219705,44.47069305488043,1.045034414476175,237.96329361406342,65.68787748135958,48.79414971819901,11.57300968717044,51.67844470215325,66.19546562553371,69.5873487536621,50.4900912822632,1.9825795748919435,236.0284870409761,112.1292068606808,38.1407703157676,25.218173327616498,962.8170783704152,32.999200996544815,158.4630469859416,146.80643454561306,43.67049527465296,261.4317807505855,25.355520707804796,177.33338269876853,32.35426547218238,32.372180347859114,1003.686881414272,4.454832418281295,188.4047758669904,4.251797160611638,25.62424384295581,26.40055512228097,117.32452080693378,35.865581104822326,24.280628167200728,16.53543024962588,12.546384598939678,58.44429608273328,99.89931839869675,324.12190236870487,261.3362347469763,36.970331771554285,70.82944680058235,30.873302416239,130.06199741309194,467.6618579159267,78.06705657398307,90.47012216750886,24.394089046486712,582.5499556308246,65.01905545609482,5.708873715652705,30.497090027027575,51.690387952604404,469.41751573224667,188.01662022732782,11.680498941230848,1.4869346811689577,210.16537818899715,25.851165601527782,1.9109200721850057,29.249020354881743,9.990529002392233,64.96531082906462,38.284089321181476,0.7285382775205335,0.32843938740679784,1.9109200721850057,0.15526225586503173,3.1231599929773686,0.24483663424870386,0.2388650090231257,0.2388650090231257,0.40009889011373556,1.1226655424086909,30.526948153155466,1.1465520433110035,7.9542048004700865,6.103000980540862,11.077364793447455,26.281122617769405,1.4749914307178014,0.5792476468810799,3.218705996586619,1.1166939171831127,3.105245117300634,9.494884108669247,1.8512038199292242,43.59883577194602,23.02061524460374,5.314746450764547,0.585219272106658,3.0873302416238997,0.24483663424870386,32.25274784334755,143.99977068959134,0.209006882895235,1.8213456938013335,10.892244411454532,1.5406793081991608,14.463276296350262,4.168251692179441,0.49660336590655846,180.0,1674586.0
716825890,4.622507543932311,42.06851665581918,26.403763090941364,395.00621265013905,456.57801313531746,105.07514348263416,10.561505236376545,44.70149695284303,312.0229572214662,43.880539613040646,253.63883793858352,83.78202473226436,78.41991598130288,647.1066800781019,13.808354535234601,8.290929530796994,0.0,65.16626235134015,41.83184426956985,24.325483699189398,37.823205727471745,32.06910833678481,35.900242589195905,7.033607478847405,1113.1515886633927,348.8772853677297,185.6620910005325,41.63215194367197,16.478314892609905,10.05857641559671,36.432755458256906,41.41766759363351,28.178805987811373,142.74303295662978,1865.5257085379562,54.575173066682446,59.227264658895926,6.13869001834211,180.70676291343707,47.77823797408438,7.2480918288858645,16.67061120643749,125.21448435003846,307.733270220697,256.5972427667002,9.378143305129875,98.79592923495652,142.26968818413113,82.65783089758003,182.32648955683095,62.08952133009881,0.8653334122241287,262.4696763505118,63.67966392521153,56.283651854919825,9.637003727590084,37.601325365362996,60.2257262883853,69.61866161765576,55.410922430625405,9.637003727590084,271.09342642447194,96.56972960179871,38.296550499970415,29.510088160463877,877.53683214011,25.139045026921483,171.03277912549552,151.03396248742678,20.627477664043546,258.23915744630494,26.048754511567363,171.6984202118218,28.800071001715875,31.115022779717176,1026.0043784391455,4.119578723152476,232.6193716348145,4.363647121472102,24.717472338914856,28.851843086207918,130.1772084492042,32.76433347139223,20.302053132950714,15.265368913082066,12.514052422933554,68.16904325187859,101.66558191822969,290.38962191586296,265.98278208390036,42.216436897225016,73.18353943553636,28.925803206910835,135.82036565883675,408.88113129400625,43.089166321519436,74.93639429619549,21.145198508963965,553.1921188095379,61.882432992130646,2.773504526359387,30.87835039346784,60.713863085024556,432.94775457073547,250.4437607242175,11.641322998639135,2.0708833796816757,227.70841962014083,36.86172415833383,2.240991657298385,41.173599195313884,12.661972664339388,58.66516774155375,43.18531447843323,0.5768889414827525,0.4437607242175019,1.745458848588841,0.22188036210875095,2.9879888763978464,0.3993846517957517,0.30323649488195964,0.6064729897639193,0.1405242293355423,1.4496183657771728,26.019170463286198,0.8949174605052955,7.913732915212117,6.745163008106029,6.027749837287734,21.58156322111118,2.729128453937637,1.3386781847227975,2.581208212531803,1.397846281285131,1.5087864623395066,9.555647594816875,1.7750428968700076,48.91722383290929,26.33719898230874,6.759955032246612,0.7913732915212117,3.342997455771848,0.35500857937400154,37.58653334122241,156.51440743151292,0.24406839831962607,1.397846281285131,11.922371457310218,0.9540855570676291,14.518371693982605,4.166797936586593,0.4834238215194367,158.0,1352080.0
73329719,6.123262863088588,37.22537109571383,25.261283693479854,353.20607039040885,457.3241341288303,98.52578492434607,6.7333296428059,29.034659701361015,248.55137383649532,28.995118336008964,224.60625273259078,65.70645168214617,64.63883481764087,635.1981417817791,12.082711498290118,6.50737898365134,0.0,82.7770239812732,44.09991990049133,35.316088025857795,31.418439155441625,19.40916162137674,41.64270648218549,4.033219265908904,1236.9160446433311,351.0087002301307,171.97104668253593,38.445504655148454,13.206816027584056,10.704412477447299,27.87666257319389,27.825823674884116,21.386229888979145,175.84610048703664,2195.619042669652,54.143426699911544,67.54230078777697,4.044516798866631,153.43179509890425,42.61994308302896,18.07040396588597,28.797411509248725,174.34917737013768,257.4707761066216,240.64874953256458,27.2948396258709,44.50098232049067,108.24731203447104,93.72998218379053,185.54503253124616,40.032808035709245,0.5818229473229931,232.4184967728597,56.39163575849942,48.935264006398924,10.009614200547027,33.77962354360678,74.54677122156835,67.7117637821429,46.8508691756981,7.812244040268927,230.32280440920115,122.74769558571495,44.61395765006795,32.86452337403081,866.2835296656269,28.757870143896678,170.12954881042626,102.2878633992695,30.147466697697222,254.66898793310506,27.232703194603396,157.05265441185608,30.684099513189306,35.59287758332213,1139.147194427153,4.688476177457129,219.94602038752797,9.890990104490882,20.64624148024796,22.22224732785102,118.36990156459534,37.08415193374223,21.16027922982458,19.556029549827205,18.030862600533922,62.356733160179814,68.62121518524,309.9478166952683,296.6958105358533,44.17335386471656,84.65806321873492,32.32789055853873,147.27463963694248,565.2664127734427,56.21087523117577,82.60191222042843,22.42560292109012,599.9215951212734,73.2983938297394,3.852458738585255,32.31659302558101,58.187943498778175,431.8199534767593,180.0431339808326,12.178740528430806,1.9149318363348995,200.1357963461519,32.090642366426444,1.9940145670389957,35.99958876980034,12.235228193219447,73.13457960185234,40.65982111486315,0.6665544445059532,0.24289695859115246,2.4515646518269807,0.20900435971796838,3.5700204146420544,0.34457475521070463,0.19770682676024037,0.39541365352048075,0.35022352168956866,1.2879187571809945,26.38538822277379,1.3444064219696346,6.207994360271548,6.439593785904972,7.53545448280459,21.527449050950743,1.3274601225330425,0.9263977025336977,3.231094425910214,1.1749434276037143,2.186072627320372,8.84596830590104,1.8414978721096673,46.0826369345726,24.459158853481167,7.19652849407275,0.5309840490132169,3.0446851321077015,0.1638142278870563,35.39517075656189,159.3742974346692,0.14121916197160025,1.3952453202794106,7.637132279424142,1.581654614081923,10.755251375757076,4.292506003791452,0.5094610344134151,213.0,1770298.0
73330715,3.5810594274751417,38.103253157150704,23.383168478434744,349.8875089675606,398.3033890465348,105.58702749835018,7.94622120687776,31.727405678614556,224.67840145064358,26.923016440663353,192.2558234240546,43.56051876558647,63.92765869532093,794.8509527711186,15.449961418476944,9.629384208525677,0.015183171406617802,57.22211949481251,46.176362296498056,16.43903658439376,35.03842155750057,14.976029568141803,26.090111037786034,3.5734678417718326,1210.286381725535,387.3574069746067,164.57256390081702,29.662494367314537,13.562910115083017,10.735586696722116,25.060908918866012,30.502991355895166,21.371398267057888,196.60688654429393,2492.2883045657422,73.05491373518488,67.80912801419844,4.024624934997047,165.62020272787365,37.617391672138936,14.719000166472629,39.11727210466411,113.10703539359932,170.11225243974584,163.1182329825117,23.78009995949347,91.60549565734185,123.10840730158714,72.12440223040788,166.35007946763463,40.252756423430455,1.250442616559309,207.2394445778997,58.82394407821069,45.494204095443585,7.544951676845717,30.634217337338075,62.19786166720983,80.6508374874671,51.005695316045845,6.442002725379267,335.38866478648396,121.08470745553365,60.20019011499625,18.211129589994723,720.3753279971716,27.23427145449902,158.44181618927342,119.71930654118137,30.840274663570746,250.85852700462598,21.108946304172065,165.38486357107107,28.581235660714682,36.78340175701828,1134.8130056877244,3.5474395479319165,261.82836834590734,8.059010480184064,20.215308215668273,18.6536105852733,119.21392383578966,34.630644954008545,21.190284722421804,19.729446730656505,16.758967696176065,53.96099117911967,66.85041919109486,209.5039061419724,280.8995161448626,44.38041002154384,103.71732839084953,27.238609503472336,139.13099118454224,747.5857401823174,48.66748691942671,80.27559625127498,30.563724041521635,693.1681693487558,75.90392739841238,11.60861905260264,33.13944061943001,77.07953867018193,283.21928783334516,238.49400291842244,14.85022614791554,1.5237397018784293,179.82297506652128,28.340473942695457,2.127813021413152,31.99202666598704,13.349261203147037,60.66002330616811,47.49729820887381,0.5856366113981152,0.23317013231591624,1.9814038685636233,0.35463550356885865,3.1548461158465133,0.2798041587790995,0.38933989535541363,0.4609177034151833,0.35138196683886913,1.4814437243885656,32.871566095327545,1.8133044708474975,11.299533063253634,7.176217514113572,7.94622120687776,28.23527625509246,1.8284876422541154,0.9131593088837278,2.9954228160770264,0.7916939376307854,1.4846972611185552,8.01346096596421,2.710196096081278,39.484921755152925,15.718920454822745,6.574313219065508,0.8350744273639791,5.18288401087332,0.45007258098188485,28.761264693107435,147.94048413711056,0.16484586098613613,1.9575445992103666,7.438669476999393,0.9402721149669739,10.50133205216287,4.37325227317562,0.5235312018835809,1425.0,9220735.0
73331636,5.272171774560625,40.17984327568874,25.509452250824392,343.4934523556129,441.1759890234039,125.17314663514279,8.006496887453869,33.827040019385876,239.34350000163732,32.206092796772516,236.2653375990988,55.112205568854236,65.6729223222443,685.9717660465589,10.953673655841795,6.40192286910933,0.032746408537643636,69.96270184067562,42.27561342209793,32.337078430923086,33.286724278514754,22.971605589157008,36.44675270239736,3.7003441647537305,1238.4036780766069,345.3763708465274,164.51795649312163,34.77668586697754,12.820218942487482,12.902084963831593,27.93268648261002,30.568772369890333,27.965432891147664,194.79201118617317,2260.8120454389164,57.8629038860163,69.79896979798741,5.206678957485337,151.19016821830067,44.86257969657178,20.875835442747817,30.585145574159153,148.586828739558,206.6953306896066,215.42224856488863,19.729711143930288,82.50457631059314,111.15768378103131,83.2249972984213,187.89889218899918,40.42544133972107,0.6385549664840509,215.34038254354454,59.942300828156675,48.95588076377723,8.497693015518523,38.62438887015067,73.33558192005292,75.98804101160205,62.90585080081342,1.2607367286992799,269.47019585626947,114.05574093661278,44.993565330722355,20.401012518951983,798.6030382117841,26.57371052829781,164.92728659984218,111.05944455541838,32.795528150450096,243.04384416639104,26.1152608087708,174.29275944160824,30.847116842460302,34.25274333037524,1152.018652354303,4.86284166784008,218.95886068695415,4.699109625151862,21.661749247651265,23.24995006172698,113.26982713170933,34.92404470539694,20.10629484211319,18.55084043657512,17.617567793252274,60.498989773296614,81.505810850195,269.1918513836995,296.5842221254384,42.4065990562485,74.77642389570924,30.437786735739756,146.0489820778906,610.2129498947203,67.75231926438468,87.1381931186697,21.694495656188906,598.4078696168998,74.5963186487522,5.010200506259476,30.71613120830973,63.06958284350164,355.2821594291646,213.39197123555473,13.917223628498544,2.0139041250650833,183.62548587483667,31.403805787600245,2.1285165549468363,35.546226467612165,12.132544363196967,71.69826149317073,45.4028954374429,0.8186602134410909,0.32746408537643634,2.9962963811943926,0.18010524695704,4.32252592696896,0.32746408537643634,0.36021049391408,0.45844971952701086,0.3110908811076145,1.4572151799251416,29.799231769255705,1.146124298817527,8.988889143583178,6.958611814249272,6.925865405711629,24.019490662361605,2.324995006172698,0.6385549664840509,2.324995006172698,1.1297510945487055,2.063023737871549,8.481319811249701,2.7179519086244217,44.68247444961474,22.10382576290945,6.614774524604014,0.42570331098936726,3.864076207441949,0.4748229237958327,33.48320272974062,154.4484358677962,0.14735883841939634,1.8337988781080434,7.155090265475134,1.342602750043389,10.478850732045963,4.30090827845581,0.5098178792115974,121.0,610754.0
75462585,4.212486152833419,21.787027507657392,36.18071197156633,287.75087627080757,359.63332948519246,148.3949568066653,5.944149556767856,22.966032378421264,203.8695922362529,21.504557590703545,177.23145093743167,43.19333469246395,51.384962284125436,726.4512199016023,12.74799016513437,2.038695922362529,0.0,42.7512078659275,24.280131557293497,18.274575496840022,31.845412811361676,15.670939740569803,15.646377139095556,5.72308614349963,1209.8677795162641,397.57026746216746,151.94425271969405,29.389152663936944,16.407817784797224,8.49866011008958,21.455432387755053,20.43608442657379,27.313612839363042,244.5329789768694,2637.5689902068907,62.21706953426851,59.55202727431268,4.089673145462182,133.5591455162199,65.68039634213739,16.432380386271472,55.63429233917022,147.0931389285302,188.35830940526574,189.93031589961757,39.36156886248136,88.69555392350715,83.80759623013192,78.53891821390587,156.91817951822912,38.89487943447067,0.6386276383304309,204.04153044657266,68.01384348219088,40.54057373324524,7.712656862913665,45.87065825315691,43.89336883448,37.924656676237895,135.1679959127831,10.267167416235388,288.6965364275661,199.10444755024895,72.16492313133868,40.61426153766798,677.0189844346794,27.485551049682773,124.06570004642332,94.66426608174925,33.06126158433692,294.14943395484903,25.3731673228975,162.23598273740367,29.462840468359683,39.49666317058972,1144.5803847977147,4.200204852096295,261.7145187081054,6.766996706155142,16.37097388258585,21.701058402497527,106.95784811961005,25.717043743536966,20.62030393763064,34.20342255288942,11.470734888473508,54.295630558823746,63.42063700650663,196.91837601904092,247.24714643977373,26.122326667862048,118.69877162430028,40.13529080892015,173.41196640818623,751.5173547060716,67.94015567776815,114.2529407574615,30.273406317009847,739.5799303895874,68.7998467293668,10.144354408864151,37.12637212832485,66.30674267973069,335.45144833379595,211.86471901612043,14.516497471280179,1.3877869832949747,189.34081346423562,12.060237323855445,1.8790390127799215,15.32706331993034,18.397388504211257,43.30386639909806,23.027438882106882,0.44212682653645213,0.13509430810836037,1.2526926751866143,0.13509430810836037,1.9650081179397871,0.06140650368561835,0.28246991695384444,0.13509430810836037,0.07368780442274202,0.5526585331705651,14.577903974965796,1.0930357656040066,3.8808910329310797,4.544081272735758,2.5422292525845998,12.060237323855445,2.382572343001992,0.5403772324334415,1.6456942987745717,0.7737219464387912,0.9702227582327699,6.3125885788815665,2.714167462904331,35.64033473913289,15.9288470560494,6.263463375933072,1.375505682557851,2.5545105533217236,0.4912520294849468,26.613578697346995,114.8792870950548,0.15965690958260773,1.301817878135109,7.159998329743099,0.5649398339076889,9.186412951368505,4.431961479945863,0.5831128716628635,221.0,814246.0
78911087,5.516317519236408,35.63765130320901,31.793030006807193,336.97139607355797,383.2244583998255,120.29492417583556,7.370024218594022,30.334146033445684,247.88986854083322,27.304371639631576,241.49710057310898,44.69337255052401,69.06037511519163,707.4943233732533,11.16424261380485,5.261502852104167,0.005600322354554728,47.27232099479646,40.605137231699054,8.8821112543238,26.07230072162954,32.26065692341251,18.06944007697083,6.686784891338346,1240.7178157174726,369.82848732773056,160.07961418259234,34.77240149943031,12.147099187029205,8.532091107164128,42.51484715460222,26.506325704107528,43.35489550778543,181.07242252864074,2288.8041435665036,66.06700281668213,82.30793764489084,5.4183118780317,135.25058502367395,47.21911793242819,11.449859053887142,31.249798738415382,218.12975554872938,160.2868261097109,194.9444210008728,12.911543188425926,84.63767174438561,119.4240740497023,103.48835678981682,157.4362620312425,34.65479472998466,0.6888396496102316,217.6341270203513,57.20169252942199,46.611482956959,9.190128983824309,46.099053461517244,63.93327999959678,78.66212779207571,68.24832837378119,5.048690602631088,223.60967097266118,117.26794994319873,42.56805021697049,27.6599921091458,827.506431270184,28.040814029255525,156.8566286675461,118.54202327885993,38.23340071454513,281.1781846163065,27.402377280836284,161.5721000900812,33.4003225225644,31.963839838621112,1157.5754300417532,5.306305430940605,250.47161714628294,4.572663202493936,21.928062179259037,22.303283777014205,111.97004499578996,29.354089621398607,15.328082284416292,15.896515003403596,14.672844568933387,55.45159179362364,102.12187813530547,244.6752835093188,290.4943208531083,41.831607827346545,62.51919860507171,30.283743132254692,141.37173735720228,670.8514142074018,59.789041457226276,111.86363887105342,25.865088794511014,563.426030802333,95.95312306176343,6.527175704233536,32.37826369285816,71.48531469471382,378.41658165844024,216.97328898251382,16.23253434467688,2.3353344218493217,192.20586336949555,23.62495985268912,2.469742158358635,28.430036432897076,16.51815078475917,62.68720827570835,45.379412038956964,1.0584609250108437,0.3052175683232327,4.659468198989534,0.24361402242313068,6.266760714746741,0.19041096005486075,0.37802175893244416,0.20441176594124758,0.41722401541432724,1.1900685003428797,32.585475619976684,2.100120882958023,8.355680952995655,6.773589887833944,7.899254681099444,25.128646404887064,2.73015714784543,1.0052578626425737,2.7805600490364224,0.7028404554966183,3.337792123314618,10.556607638335663,3.584206306915026,48.549194491634935,22.90251826895156,7.398025830366796,0.6580378766601805,3.164182130323421,0.28561644008229115,34.40838054638425,146.5296342457472,0.08680499649559828,1.3804794603977404,7.3364222844666935,1.523287680438886,10.326994421798918,4.38527083721739,0.5263189751242081,425.0,3571223.0
791564318,5.019586326448051,47.37545213551094,23.249133500122756,358.17730371678005,468.79705862181044,85.35533204315055,9.31108414118854,26.877151340030753,217.2735396234217,37.19712263396083,234.27552459646998,56.03051113304488,56.52252999078583,769.1298422855916,15.071183697973975,11.597232369075769,0.0,72.97037251294407,46.17273937214418,18.31155031663153,32.78386257664809,18.157483805621737,39.52799984891542,3.0490259517582965,1292.1831622201084,475.3622799458083,167.1050107399268,28.636491498013537,12.548965816120129,8.689848209697443,28.991838450826442,26.186336984212655,19.11667208384399,171.95810583673523,2191.6632125948877,65.49317684151724,62.05649966850851,4.137431303730696,163.1489803281915,34.958188336866925,7.052270294286916,24.787313666494708,117.77639283580784,163.47202301256686,159.63030001222592,15.063728866796083,65.26953190618045,128.3349187274305,73.49469563912255,161.52879701886272,36.290118173983835,0.5342629010823421,253.30522364990523,50.41205336863941,53.56793190061418,8.620269785370441,28.835286996090687,81.65525083518959,83.63823592850916,48.91611724560886,1.7643100454347111,268.05087971977787,117.54280812556719,50.77237020890425,13.56530780003956,775.4689337305267,22.101089498727212,176.70683329705315,109.92148571803443,18.562529632953932,222.92678659999066,19.66832959100808,138.59276642821146,32.316693156166785,34.74696812015995,1200.891299615629,2.656404843055924,321.7703931876759,14.139329800737332,24.85192220336978,17.81953145889058,118.69085212696274,43.327478805914964,22.506135326059407,20.94310572242781,27.09582638791562,49.87530552383111,63.46049287367838,239.14104441190824,362.7272356790208,49.62184126378274,63.71644207745271,30.062849196717092,125.62136017867739,474.85286648198564,73.61397293796885,75.44289152027864,17.84686583987619,624.6353345082148,106.03254878690016,3.8243283942591835,37.28658060809555,69.63060814524795,281.2484158483747,208.66817950040704,15.953338720691331,2.119656998247618,214.48543276288964,41.28237011944628,2.2687536218054807,45.67078073949937,11.808452585782742,79.92076011446645,52.93427125049326,0.5069285200967338,0.273343809856082,2.2339644096419793,0.22861482278872314,3.2428515623835183,0.3975909961543011,0.2708588661301176,0.7181487368037064,0.2037653855290793,1.5903639846172044,29.64289370702911,1.3294448933909442,9.042710218784386,5.998654154478018,8.43886889337504,24.809678160028387,1.5506048850017742,0.6436004250247749,2.7085886613011763,0.651055256202668,2.10971722334376,7.6635664508741534,2.226509578464086,37.95503047037997,16.19189331838391,7.159122874503384,0.5342629010823421,3.811903675629362,0.3677716714427285,28.064954441041728,168.0592291306971,0.17394606081750671,1.535695222645988,5.75015978188158,1.1878031010109744,8.647604166356048,4.434541978079815,0.5011887923074094,409.0,4024236.0
91959525,4.169007247809314,32.960601902868,33.880523689943296,321.01355808131717,374.2515849078023,128.24101167909214,6.517743725448364,31.6492240361862,246.3433108963757,25.229344330639464,243.3486718873859,44.95873074280748,68.44609551919798,708.53550408778,12.448303331486965,4.560463327415822,0.0,41.51391724227021,33.11718433471061,11.861119212077202,30.298700561543747,34.42856220139241,14.894903829027642,8.02484963193342,1194.5086541152798,364.8762118012264,154.2336953649643,30.23998214960277,15.325505516594802,9.61024675433978,34.154542945667856,24.38771375948547,40.41784021937199,188.01635503500597,2361.98726593373,68.36780430327669,81.20756371437015,4.169007247809314,134.7587554045405,46.739855905017095,12.350439311585339,39.12603515667051,170.34211304077212,169.7157833134017,191.22629488777932,16.108417675807818,122.54532572081744,122.60404413275842,94.65408004885371,154.5468602286495,38.40184140939847,0.8612033751343183,217.02325053384823,65.74504856991308,45.800361313961474,11.039061444903535,47.60105928015142,61.02800281065465,66.86069839679162,75.41401373619384,6.693898961271293,250.76676459592926,129.41537991791165,45.037021958728786,41.51391724227021,804.5205348072959,31.707942448127177,150.26041615695823,131.02034984429835,32.275553763556616,289.03159637746546,27.362779964494933,172.53426708656855,30.88588468095351,38.891161508906606,1115.3170892108833,5.167220250805911,249.82727000487364,3.953706404025734,20.70802661118429,19.337930332561513,108.06145077537663,28.2631289475899,18.261426113643616,16.06927206784717,13.289933902640959,55.17573442053735,99.23411618024987,239.08180061967496,275.0370415315328,34.23283416158915,68.9941340306471,25.19019872267881,146.9917578922439,741.4765331866678,57.6027621140977,112.38704045502854,21.60837559427926,599.3975490934856,76.82325562277727,5.578249134392744,31.14033113269774,72.536811551086,340.0578963541738,261.2577875293837,13.955409237972022,2.485746105501328,189.91491702109752,27.069187904790052,2.250872457737423,31.805806468028802,15.168923084752198,60.01021700367773,39.302190392493436,1.0569314149375726,0.2740192557245558,2.7401925572455585,0.234873647763905,4.306016875671592,0.19572803980325418,0.19572803980325418,0.2740192557245558,0.2935920597048813,0.9590673950359454,27.20619753265233,2.1725812418161214,8.12271365183505,5.265084270707537,6.380734097586086,21.941113261944793,2.4270276935603516,0.39145607960650836,5.617394742353395,0.6263297273704134,1.7615523582292876,10.823760601119956,2.720619753265233,46.77900151297775,22.254278125629998,6.028423625940229,0.7241937472720404,3.6796871483011784,0.5480385114491116,33.23462115859256,139.94554845932674,0.1370096278622779,1.4288146905637555,7.144073452818778,1.6049699263866841,10.314867697631495,4.374296874614661,0.5267178239739446,58.0,510913.0
925428680,3.397559174646318,45.34004444502019,22.778956095527352,422.3130724180611,496.60597381582994,114.15092228716382,10.669631238230725,39.669594730662475,301.43180327366895,34.467266254405935,233.9457968601136,78.37350539782062,80.08994993752495,718.383562644043,15.044651111302155,7.386894254062056,0.0,80.15766558831946,46.43527149265314,18.695407936745337,38.14452050842088,26.50920520668583,54.30206361973717,6.232784031825179,1156.0357020464257,394.00204206849526,210.79882092331172,33.698840825824746,20.638552698674776,11.641203619195444,33.79894222265141,42.54309365133388,26.8360068257376,118.67609425547525,1869.5672911031056,52.3088681593944,67.30641273101341,4.772481301647905,194.8355922881884,35.57426993695967,4.622329206407903,16.678659206560997,126.38684596985888,265.87814244782066,206.01161882801284,11.152473269982888,104.04362536640055,131.69222000167227,65.04529882622279,185.15814254203374,45.50491733391117,0.7890345396925592,259.5570336540896,52.04978219113714,45.8641046989951,9.500800222342868,51.157702095887714,54.56998206418501,69.5145317786605,49.56491222285162,0.041218222222745626,297.7162749561615,94.9108449853322,35.73325450839026,15.077036857334312,890.1133972176523,23.03804206378461,172.6189705101285,152.3719909225698,24.20687307967247,237.15787403475755,21.259770190746156,170.62871920851592,39.69609215923423,32.03539114326394,1064.690233283361,4.7047656508533935,262.1891115588849,5.423140381021247,33.79599806392122,30.327779079750194,141.77301949386379,34.29944920678476,23.91834552411325,16.719877428783743,17.856322698639445,65.97859714369497,95.88830568375731,312.9522963849264,311.3565623531601,51.33435161969948,51.14003714350654,26.09996714318857,124.42603625554827,419.3011980370705,45.99659184185393,74.49016003269193,21.12139473042694,530.2518197845111,82.5512666359689,3.8627362540173045,35.265133270289084,57.0813494610423,392.26498841767955,246.88831863805572,13.811048603349981,1.848931682563161,222.60195327266797,39.65781809574169,2.1227384444713997,43.629488222776246,11.98567019062839,53.250998953057156,44.235984921196646,0.4651770793709864,0.5122836190541242,1.7282211746251204,0.2561418095270621,2.961823682577293,0.4004055873066718,0.2767509206384349,0.3474107301631417,0.1413196190494136,1.1658868571576622,24.45712657173914,1.5368508571623727,5.741109523882427,5.178775206414969,7.872680444544415,20.329416032004183,2.2316723174886564,0.8273086031851087,3.6389801905223997,1.2777648889051145,1.8813174285953183,9.857043428696597,1.7076120635137475,41.11223250845857,16.849420412912373,6.6037480318298885,0.5535018412768699,5.281820761971833,0.2590859682572582,29.547577016248223,160.4860923829903,0.3091366666705922,1.3602013333506058,8.947298381065998,1.5162417460509998,12.132878127138195,4.2241872652475045,0.4743807050730211,273.0,3396556.0
929121341,3.268142491012608,25.969365840993003,21.175755379722876,467.6281258125628,326.722595470126,98.7975922465548,8.599119447155342,45.04587640897056,424.93385558325673,45.146318744460764,263.4753123411363,162.13025136071116,125.15742766676598,596.5584187061796,14.289177752675563,3.492882216671946,0.04896563855147588,58.41726232110435,35.56537546788865,69.66931495439478,38.75316409050909,30.457882708211624,26.929845674118106,6.272623851363423,942.5144658934867,285.85135362996715,225.89606804666903,46.86890479811781,13.366363795359288,7.09625100238312,37.94836987739381,35.46493313239844,31.275232213263184,137.43650318044376,1822.5450104077092,51.425220241792324,53.23192675142242,5.366131773564305,218.7495958765408,63.9855342948427,12.344363031746433,17.794615261283788,153.29760348354108,334.87976864112443,313.0197498508745,34.14286089150859,111.93921631625474,138.4760813527674,97.90742204827284,157.57016932945575,58.87050836000391,1.8330726226962766,259.14875873989564,73.62548744351531,50.925519622728544,9.83204911529763,49.6536685495838,41.5981932432692,52.34552314072135,58.133512723344516,5.392497886630485,287.045361893107,91.16271922010544,32.72536843190305,65.76587469140662,984.1164257243368,49.95750661444168,153.38297946870776,204.27836639078924,57.57605776137387,276.240277652748,33.68584826502815,177.07481535246032,27.180951512843624,28.716463716650164,871.0309112543,4.126924459453877,177.19911274262944,16.76759238089642,34.033629851662994,34.85976806106994,145.01613292237352,25.11937257690713,17.23590477011951,13.283498868579867,9.88478134142999,67.33151959586021,97.19804805387325,308.8400931652883,201.25128550495313,29.157154463613445,81.64831899079559,20.010624288036478,161.44347689179685,459.45588629124086,43.256747308051246,63.630219533046095,17.965367231617137,550.8835221712017,46.9869245423188,4.518649567865684,27.319059724142658,56.79135201535663,488.1773721246655,284.5581585605308,7.263236385135589,2.0791563446472834,224.27643538688943,35.22136046883469,2.499758624512525,39.8002754379945,14.152325070570157,40.57744800884998,26.535609507319045,0.5624770787451588,0.21218443372306214,1.7979178052747042,0.0853759851666759,2.657955302909601,0.2548724263064001,0.18707384985051043,0.3967472251863174,0.14438585726717246,0.9830793586104004,25.297657722402246,1.0194897052256005,7.326012844816968,6.37808830362814,6.933032207211534,21.656623060882243,1.4375809267035868,0.6390643595564416,1.804195451242842,1.5706670212281109,1.4237701055736833,6.875277864304665,1.8167507431791179,42.47706367880851,26.008287245995458,4.602770023838733,0.6917965856888003,2.082922932228166,0.39925828357357257,33.78503507132473,137.0774218310663,0.1594522075907035,1.209074613463366,14.097081786050543,0.8399490305368555,16.305557637641467,4.0151703176451194,0.48242367509967954,481.0,7964769.0
956270301,3.824584506129792,45.748376955472075,20.48592656268893,393.2639234948481,414.75227101231775,76.06860597861166,12.305498483267383,34.67847648361306,269.6824873693758,34.832325263243675,269.8772022310958,70.2367756757387,78.76817128369258,708.4471874399779,11.605967313384435,7.3366636786349,0.0,80.26579299790934,47.52725346995105,25.74563171631054,31.579865906365228,29.993300366424524,62.15731085794974,3.9327594293075676,1206.2008750630118,407.5718600004952,191.933564250736,31.95727619389658,12.51223278089602,16.170949071486557,30.094263628057114,29.09905433482158,27.459603276882852,181.29395958440637,2045.7368382969998,54.164385978703,68.43626417662416,4.418344640016692,197.0562478349991,42.6377469423156,6.141931749315914,26.69035937872978,128.13680233484754,253.97548852396278,177.7674570888109,12.692524319525646,81.84514687630487,95.39105114534406,79.79943888465404,168.03652177717456,42.08004511615463,0.7115506057915892,268.09351794225336,59.19572185006042,54.92641821531089,9.704492552637317,46.92628167451896,71.3906415229683,86.45099471649637,49.25805224079546,3.6154463213194266,213.746436537739,115.47552854868437,45.95511125310071,23.998005735194038,876.0822600578039,22.514807344067652,169.5149123939375,141.29568076762848,28.305771564851227,233.2299421456472,21.28642099420447,149.7621714216757,31.51736483964029,36.351581962095985,1094.8816674515358,3.824584506129792,289.2525329158262,3.0625522695219076,29.488484058261573,25.38504863905129,136.87733612761178,33.61355446210741,22.32970803107457,11.375194143938515,15.880078722497426,60.64045804627916,86.55195797812895,287.56981188861636,336.59228318560247,50.83019445764579,72.31613808793371,20.930645691308673,100.34546262688617,503.0734899561988,39.265093226350736,80.64801105980415,23.252800708858253,540.6774971399752,82.97737773889891,6.48087984193961,25.305720362054256,58.582730618719694,382.11229085881035,189.92872234117456,15.841616527589773,2.206768432826618,219.59990182524749,46.080113386550586,4.4736340451964445,52.76051586457365,9.786224716816081,69.1934886388686,56.823085201694546,0.5432785030706053,0.46154633889184166,2.2235956430987165,0.3894297234399914,3.617850208501155,0.4735657748004834,0.5985679082503571,0.5120279697081368,0.4543346773466566,2.038496330105634,29.512522930078855,1.2355980114083678,8.26456413078204,4.456806834924346,9.899207414357312,23.856176391472065,3.2644787927870884,2.0649390891046457,2.8317791000759867,0.7115506057915892,1.968783601835512,10.841531189594823,2.4231182791821686,44.272390225890874,18.507527412126507,5.415957820433954,0.814917754605908,5.9664479850497445,0.3028897848977711,31.007740757113883,158.3296253373555,0.14904100526715722,1.447140083400462,8.122734787060068,1.4663711808542885,11.185287056581975,4.310808021819604,0.4920003363278556,393.0,4159929.0
969924303,1.8883203135632434,26.95818249453351,32.526742698494786,377.9362530281173,361.2816081003838,113.71317491856973,12.963063774190914,38.928885743578576,323.4471542502518,33.57013890779099,227.15983015324315,166.03042180425888,76.87108159358357,666.8435903717212,16.614950506727638,3.663227995681247,0.011341263144523984,64.83233076567136,22.75057386791511,69.68072075995536,32.662837856229075,29.725450701797364,27.36079733616411,5.574230835533538,1071.4204705263253,402.35399257827737,229.73429688705008,32.64582596151229,14.930772929765826,10.065371040765037,30.870918279394285,37.64732300824737,27.72938838836114,215.90929711387537,2208.835751290636,44.236596895215804,41.66780079298112,9.481295988822051,170.01687579955905,45.4160882622463,17.028906611502762,35.52083616864912,130.1126414255514,228.5718174147364,192.86952103577488,24.984802707386336,138.52785867878822,104.498398613644,81.21478537793625,159.07822749666568,46.24967110336881,1.9166734714245535,272.3150693631654,81.74215411415662,54.01843635736774,10.088053567054084,32.453024488055384,42.705526370705066,54.370015514847985,63.397660977889075,4.065842837311848,309.72422584537776,141.59567035938196,51.7558543600352,49.18138762622826,720.5104475716088,32.27723490931526,132.3808940544562,146.43271909052143,40.278496057776934,276.93663409455894,24.860048812796574,152.75547329359355,28.38151101917127,32.7932623823911,1003.0383243964179,3.816335048132321,277.61710988323034,11.55674714426994,38.28243374434071,42.43900668680875,144.52171625066913,28.080967545841386,19.138381556384225,15.469482929130715,12.741909142872696,57.64196993204315,95.10216209840587,224.03531215692678,208.06681364943702,26.737027863215292,93.3669488372937,18.474917662429572,127.76499995463494,588.4471088851992,38.40718763893047,82.00867379805293,36.63795058838473,699.8863605432919,58.02757287895697,9.038986726185616,23.56147418274858,53.71789288403785,358.6844588402878,268.01105999981854,10.422620829817541,2.6595262073908743,241.59725813622217,28.449558598038415,3.714263679831605,34.823348485260894,17.210366821815146,41.78688405599862,35.10120943230173,0.4309679994919114,0.15877768402333578,1.2815627353312102,0.17011894716785977,2.041427366014317,0.10207136830071586,0.31188473647440956,0.19280147345690773,0.2211546313182177,0.8279122095502509,19.18941724053458,0.7938884201166789,8.698748831849896,4.820036836422694,2.0074035765807454,16.320077664970015,1.9960623134362212,0.5670631572261993,2.823974522986472,0.731511472821797,1.440340419354546,7.558951885825236,1.446011050926808,40.15374216318717,19.796174818766616,7.20170209677273,0.8732772621283468,2.5234310496565864,0.754193999110845,31.148779226435124,120.68238112087973,0.20414273660143173,2.137828102742771,8.744113884427993,0.6124282098042951,11.69851293357649,4.236947639372783,0.5486208033923987,233.0,1763472.0
983782306,3.696848655990675,41.62612569773141,24.20509218955372,416.71970522752935,461.9646458365339,89.49982808190617,8.554449264653885,35.16883332235984,305.57039009556695,38.436496382404364,256.7310201205134,70.21086180955376,87.00762535999161,645.1830013241351,14.967847658621876,6.3548730854298805,0.0,75.03919976394792,39.78745558782576,30.21856764184462,40.40684843652077,25.03420072717696,39.06076634014422,6.072000760829011,1109.9324764252742,354.19029016360264,197.43025124427245,36.33446238407721,11.378295401617738,7.661938309447692,35.64191289970957,29.49675550320792,21.805554539491173,152.70228419402116,1922.2637589342542,54.75530324644764,60.9589859514874,4.569851175017496,202.122030145411,42.64056437905867,7.266892476815443,19.89860490295772,134.01807944322923,288.5882964014251,241.74854113475695,23.61983910417261,87.739191716718,142.1482202209818,89.09990514022908,170.0745466117504,51.85830047381114,0.741320574816072,265.665883890665,59.125192950626584,53.91156338168987,11.114931513196238,48.32727352534511,66.11409021188601,73.19565254499743,50.39516776035837,4.638130701645292,294.66517427129895,105.30166138719612,41.54321484396909,21.78116899426696,910.6147839806476,23.35647521575111,181.97469268116632,147.04483770200375,24.380668115168053,241.80706644329507,23.288195689123317,168.93818020430209,26.79483709236513,30.891608690032896,1022.261564235184,3.7114799831252028,232.0382170264754,5.145350042308921,27.297179323983915,31.73047144574582,137.0955352505249,32.99364268836005,19.186546982410707,16.416349044940123,14.831288605366282,55.374696095142646,76.33651076987604,322.4110476274084,263.9588957249701,38.73400003413976,69.74753645029372,29.072447016306615,147.84468358535796,451.34717944591165,54.27246945100822,69.84020152214573,17.40152507199832,539.8130604103112,75.5756817588806,4.316241504685682,29.02367592585819,59.32515442146513,422.60637584465434,253.50725104187242,11.768464125205144,2.1800677430446327,228.48280453278514,38.02194211359274,2.3117496872553827,42.51375954389276,14.05095115819147,64.6704659346126,43.09413552022903,0.7218121386367017,0.28774943364571215,2.038631580744198,0.17069881656949026,3.2188919695961022,0.30725786982508246,0.2828723246008696,0.5706217582465818,0.19996147083854574,1.3607134235110796,29.23339161478642,1.4680098224976164,8.222805849604589,7.1352105326046935,7.82776001697234,24.653786221679237,1.6045688757532086,1.365590532555922,2.6824099746634187,0.9364049366097752,1.7752676923226989,8.364242011905024,1.7752676923226989,41.70415944244889,21.922605156567393,5.7403573457797155,0.648655502964063,2.8531087912329087,0.39992294167709147,31.56464973822117,167.06537033108253,0.4877109044842579,2.419046086241919,10.710131462474303,1.2924338968832834,14.909322350083764,4.21241278261018,0.49087777355094997,246.0,2050395.0
