show_id,VIMP_ACT_rate,VIMP_COMM_rate,VIMP_MENTAL_rate,VIMP_CAUSE_rate,VIMP_OCCUR_rate,VIMP_EXIST_rate,VIMP_ASPECT_rate,VIMP_DOAUX_rate,VIMP_NONE_rate,youknow_rate,lets_rate,episodes,words,VIMP_ACT_z,VIMP_COMM_z,VIMP_MENTAL_z,VIMP_CAUSE_z,VIMP_OCCUR_z,VIMP_EXIST_z,VIMP_ASPECT_z,VIMP_DOAUX_z,VIMP_NONE_z,youknow_z,lets_z
1043245989,3.2747576672090832,0.9348181409708651,1.0028312255306648,3.895557949680447,0.13602616911959955,0.12444947387537832,0.15628538579698673,0.25324020846733963,3.530892049487478,50.13722001581666,3.8087327353487876,465.0,6910435.0,-0.823415500792721,-1.0750686584014355,-1.1847489851514605,-1.347899924572962,0.2113387173966959,-0.5513797749496028,-1.0054057581590665,-1.3642025535536428,-1.2212997927419285,0.4075489786998344,-1.3401706459479399
1050430296,5.4132938744266506,2.63318887837455,5.643085750794101,5.13452995883335,0.06027327904720001,0.12054655809440001,1.7441580124283502,0.6705402294001,9.8998860835026,39.821802050496956,5.047887120203001,430.0,2654576.0,-0.2618227524362872,0.7220959131302058,0.431663081735185,-1.0187362696644866,-0.35679107233871393,-0.5605556520620256,2.0282350441454837,-0.8709984694055757,0.2590839036475761,-0.07221044243346461,-1.0100479975225323
1057255460,6.650121499717056,1.893694220164145,10.984905925561543,7.744913470749451,0.12575313180777525,0.5104097702786171,0.4734235550410362,0.9098608948444915,10.829563821563703,40.81798713619434,7.648749311131741,386.0,1351855.0,0.06297578171326086,-0.060414978811023194,2.2924624285430895,-0.32522312235569645,0.13429322748426217,0.3560249575149906,-0.399511258782279,-0.5881469867855307,0.4751745074339165,-0.02587890437435792,-0.31715329033080625
1060110806,2.4141191373496924,1.6917842773552965,1.9008812105115689,7.303185610785448,0.11785463505171727,0.08363877326250903,1.4674802945149312,0.3991850542074295,4.91948057280394,56.6538635980868,7.253762699312147,383.0,2630359.0,-1.0494244669696513,-0.2740699764299518,-0.871917259114171,-0.4425790882584793,0.07505626243967696,-0.6473270089433906,1.4996404956448905,-1.191711323338799,-0.8985417873281041,0.7106313320540986,-0.4223815233744263
1072469956,10.944942854417938,3.153679246749044,9.058829372545805,7.687664482654917,0.08226989339345332,1.4138233531319386,1.075602680292186,3.4096300261953436,14.089481001901044,50.5045734443144,7.629770853970634,209.0,3281881.0,1.1908222591991517,1.2728630862010626,1.6215222106968872,-0.3404327364727198,-0.19182136792896715,2.4799785560930094,0.7509558089279667,2.366313313153355,1.232896719070076,0.42463420673421276,-0.3222093338856937
1093260018,6.630255764386747,1.4105972859121474,3.546676641764803,6.723323788814973,0.11661535591006623,0.14913309938498856,0.5965323975399542,0.9631979877571817,8.749515597752374,33.501124889663934,6.625770558390205,1147.0,8918208.0,0.057758917549532135,-0.5716135503198995,-0.2986117259325384,-0.596633768470495,0.06576194512060468,-0.4933477990947512,-0.16431102831952063,-0.5251082359071491,-0.0083036465396418,-0.36617860019950155,-0.5896846708154804
1111319839,3.1907974258595426,2.3074338035279847,2.9141568608589123,7.679919321551589,0.07544742681835372,0.21691135210276694,0.35208799181898404,0.6695959130128892,5.630264226319646,54.81255558353398,7.601328251949137,483.0,3181023.0,-0.8454639760689504,0.37739174070325615,-0.518947184005872,-0.3424904306884023,-0.2429883464704292,-0.3339990063628748,-0.6313236278524055,-0.8721145505834756,-0.7333300558199382,0.6249940006187759,-0.32978671667367565
1112258664,2.1056714137211543,0.7407302601627775,0.9238321222254866,7.190909491917301,0.09155093103135453,0.14981061441494378,0.3745265360373594,0.2829756050060049,2.9462754168272274,37.06980425578664,7.032776065590416,162.0,1201517.0,-1.1304247344667417,-1.2804465864768901,-1.2122679721295435,-0.4724080249677482,-0.12221565444783372,-0.4917549400617719,-0.5884546457038887,-1.3290584886579573,-1.3571857626464674,-0.20020301368837212,-0.4812544884242302
1138657182,4.54568014640714,1.6583460499457592,2.867638775203118,9.233166605873775,0.07090315652974742,0.20877040533758962,0.7838737860788743,1.8040914272569066,7.393623600351995,52.95677979921802,9.118933742575848,198.0,2538674.0,-0.4896634485095138,-0.30945329781660313,-0.5351515526613229,0.07016824869025143,-0.2770693606878315,-0.35313862691531206,0.19360589190458435,0.46873805666566126,-0.3234618012335196,0.5386837881746575,0.07451798494715754
1147092464,8.55731915605136,1.8281877071666417,3.7103602069631045,11.351396936756961,0.19113534687855552,0.5296345871520279,0.8900195541673196,2.1345878815521124,9.847117985369247,50.00304941125936,11.211328285609317,567.0,6853782.0,0.5638176051366247,-0.1297319905629205,-0.24159328254821968,0.6329286924295825,0.6246452663978465,0.4012231034752489,0.39639806028410807,0.859349590042783,0.24681869634028447,0.4013088426440853,0.631952019430557
1155629323,4.129691521647267,1.2605163074795436,2.1488801813222698,7.911240444085897,0.06002458607045446,0.16806884099727248,0.6242556951327264,1.2725212246936346,5.282163574199992,48.823998309707655,7.815201106373171,68.0,832992.0,-0.5989046174340589,-0.7304247046572638,-0.7855279184408537,-0.28103423507750747,-0.35865621422903765,-0.4488292781177604,-0.11134549107092738,-0.1595211855208257,-0.8142411898778895,0.3464723953116776,-0.2728089308612401
1169056746,3.072415435256526,1.2708627482197448,3.882415868187792,4.929830221116153,0.04189657411713444,0.7681038588141315,0.349138117642787,0.8798280564598233,8.49103902107258,33.154155651359055,4.804140498764749,457.0,716049.0,-0.8765518142052771,-0.7194764138452316,-0.18165845667485742,-1.073119833883881,-0.4946122630281996,0.9618718221908708,-0.6369593813205918,-0.623642596195682,-0.06838291619694314,-0.38231578062979077,-1.0749844422443962
1172546141,1.735231206672909,1.0308304198056886,1.2198159967700646,10.050596593105462,0.051541520990284424,0.08590253498380737,0.10308304198056885,0.17180506996761474,2.8004226404721204,25.28970629923289,8.951044145312729,97.0,582055.0,-1.2277046090257167,-0.9734713674484952,-1.1091633032341326,0.28733880641167636,-0.422277311400415,-0.6420048343098312,-1.1070491760710688,-1.460450195265838,-1.3910872031308017,-0.7480831864094809,0.02979058118778116
1192761536,5.538628887192988,1.4996988127985018,3.5260940663210616,7.416717511353774,0.08870676896405186,0.19820418690405336,0.8967699924959618,1.2917923230390052,10.201278430865964,39.01434582500206,7.276727141582379,535.0,7214782.0,-0.2289090079566853,-0.4773290081625596,-0.30578157472719675,-0.4124165219828083,-0.14354623597054225,-0.3779801370400435,0.40929481585741495,-0.1367448041808226,0.32913834472106024,-0.10976439639212068,-0.41626357504246503
1195206601,4.058515166210319,1.6204327953000908,2.898939404435942,4.418280979478779,0.07135850841688474,0.21704879643469105,0.960366592443907,0.6303334910158152,7.091251773927921,37.3918584104476,4.293403589749231,378.0,3363299.0,-0.6175959657184246,-0.34957195774171074,-0.5242481174041352,-1.2090255821970668,-0.273654323035173,-0.33367587043827157,0.5307965265451425,-0.9185185427021869,-0.3937439085325784,-0.1852246080306306,-1.2110496679447802
1200016351,3.694167930282044,1.12913613416748,3.300928322862445,6.46153047876188,0.08321668040829693,0.14358956619470842,0.7407916255954275,0.8191132071561776,8.424465116628177,63.46658825806113,6.378313798353583,464.0,6128579.0,-0.7132757886227338,-0.8694472323528799,-0.3842170620036943,-0.6661856567545419,-0.18472067636256978,-0.506380819066783,0.11129714893488855,-0.6954010676619882,-0.08385709033152897,1.0274841101187766,-0.6556095321503909
1208232103,8.638747817349016,2.4737067192112163,5.672649562059918,8.49989554036393,0.3909225644349332,1.0264387552512864,0.9911916387858415,1.3618204088921853,10.028338681638218,41.87891483314015,8.416584174172879,791.0,9362468.0,0.5852012719358108,0.5533367135470418,0.44196150416288876,-0.12464340337191002,2.123004864211829,1.5692252462925989,0.5896879746043014,-0.05397908116298205,0.2889409157633435,0.02346374557567067,-0.11259469647139592
1218054701,1.9346941156136217,0.6591237305644446,1.4889557654477383,5.301441228568699,0.10432174152818548,0.15174071495008798,0.35564230066426866,0.6591237305644446,3.4947783411942135,71.56471468833524,5.235054665778035,300.0,4217721.0,-1.175324423528213,-1.3668001490824102,-1.0154096594628408,-0.9743921495506953,-0.026437422417596602,-0.48721721331618845,-0.6245330980855928,-0.8844915524872182,-1.2296939197717212,1.404119595129118,-0.9601847628846765
124960485,3.8685364195921728,1.589075729278631,2.8091526000730855,5.475466932345845,0.13093507881696587,0.1874752264879284,0.47910335658026143,0.9046423627354004,5.341556056283038,31.53154761692205,5.3683382314956,218.0,3360444.0,-0.6674855519141195,-0.3827530570622835,-0.5555249521616149,-0.9281579035143623,0.1731566749637947,-0.4032042586575836,-0.38865996163828836,-0.5943147347374922,-0.8004362370557845,-0.45778160217428987,-0.9246767388288677
1253076699,9.632968504811537,3.5628787620535816,7.5986087178364965,11.75530060689901,0.08797231511243411,0.26391694533730237,0.8027473754009613,4.3106434405092715,13.910622327153645,34.47415098468512,11.57935597667414,157.0,909377.0,0.8462897335014726,1.7058656429440298,1.112860827201928,0.7402357238336278,-0.14905447614317668,-0.2234873859946477,0.2296640049378,3.4312149990399883,1.1913235185552435,-0.3209241628452039,0.7299981366482278
1258635512,4.90939707694498,1.6130876109962078,2.0479199235256202,5.849195945960163,0.06312081956072117,0.37872491736432706,0.32261752219924156,0.960839142202089,8.914062406852958,47.52296370482741,5.8071153995863485,243.0,1425837.0,-0.3941491476736752,-0.3573444097226537,-0.8206969761056864,-0.8288675182935238,-0.33543515322244416,0.046429748261938616,-0.6876271484258368,-0.5278961395814546,0.029942960724308666,0.28596262139750056,-0.8077822803423574
1263295815,3.695893210426767,0.7919771165200215,3.42672451723042,5.103852528684583,0.05176321023006676,0.036234247161046736,0.5072794602546543,0.5538663494617144,5.129734133799617,101.40412884070079,4.995149787201442,49.0,1931874.0,-0.7128227194556607,-1.2262187123035502,-0.34039651607507015,-1.0268864901346582,-0.4206146915180083,-0.7587765329632588,-0.33482933547658095,-1.0088945422847215,-0.8496712840518411,2.7919198867726553,-1.0240977303517595
1265845136,5.681423493307191,2.2725693973228767,2.6313961442685936,5.704425207854993,0.046003429095604786,2.9166174046613436,0.5980445782428622,1.412305273235067,8.44622958195304,43.03160757602872,5.66762246457851,283.0,2173751.0,-0.19141026698260205,0.34049928002939145,-0.6174456245223776,-0.8673294568413334,-0.4638117661341241,6.01309438947068,-0.16142199742128596,0.005688639979026746,-0.07879824438890701,0.07707429290705405,-0.844944540109399
1289062927,2.8742158494608008,1.1701571745158026,1.103765278089374,7.806580488140886,0.08298987053303564,0.1217184767817856,0.2683339147234819,0.49517289418044597,3.579629748991604,72.2786445762385,7.751253907785529,391.0,3614899.0,-0.9286002432823556,-0.8260400075474912,-1.1495890559649455,-0.3088397491382922,-0.186421699869646,-0.5578004345619169,-0.79133632747007,-1.0782639417704407,-1.2099713952964133,1.437323735853397,-0.28984507971820556
1291144720,3.736093303918433,1.1609226510224593,1.7441177033414343,5.658814492032553,0.07654435061686546,0.1038816186943174,0.32440224785242977,0.7071240009367571,6.121725564810739,74.78565303721605,5.624187285801114,442.0,5487015.0,-0.7022659278932939,-0.8358117011428388,-0.9265251310008735,-0.8794470751670057,-0.23476166249297784,-0.5997354459910671,-0.68421741865808,-0.827760356224828,-0.6190967327830005,1.5539221065697884,-0.8565160895693251
1294461271,4.343088478794483,2.1216873563498555,3.955312721759261,8.85790622141885,0.07755515140704433,0.24374476156499647,0.21050683953340604,0.6315205186002182,3.2406973980800666,35.043849128640176,8.780351070011806,399.0,1805167.0,-0.5428652652590817,0.1808404655283693,-0.15626516130507334,-0.029528983189907074,-0.2271808818806492,-0.2709128211746748,-0.901815324231108,-0.91711560279503,-1.2887514858081472,-0.294428091364292,-0.015683696089499096
1303660358,13.976400504066904,3.41599058519668,7.727637238463221,5.561399306387277,0.02082921088534561,0.3540965850508753,0.4374134285922578,2.2703839865026714,11.435236776054738,39.24223330799113,5.415594830189859,116.0,480095.0,1.986901664937872,1.5504330147137237,1.1578073396352584,-0.9053278362444979,-0.6526127912155271,-0.01147223155877447,-0.46830883552677804,1.0198460918721155,0.615954725217751,-0.09916558524458116,-0.912087126342155
1309354521,6.2750654128723395,1.8784063253390615,3.0575519018292754,11.823448086744895,0.05027364861004788,0.06855497537733801,0.39761885718856044,1.3162555272448897,8.212886050205094,49.30930862307332,11.732041452908446,210.0,2188025.0,-0.03551625124276792,-0.07659216695249041,-0.46899615798041044,0.7583407926916482,-0.4317860716352614,-0.6827894897013692,-0.5443366185464955,-0.10783190789406559,-0.13303568882875277,0.36904367606764027,0.7706750163063614
1314170606,6.914256490316676,2.0860530530395813,5.484300768475028,5.34971670053699,0.06729203396901874,0.43739822079862184,0.807504407628225,2.758973392729769,8.428327254619598,29.675786980337268,5.282424666567971,72.0,594424.0,0.13233925323518606,0.1431333230122794,0.37635103795319846,-0.9615665726384461,-0.3041519749507964,0.18437252035989107,0.23875234541327003,1.597306620352443,-0.08295939030462197,-0.5440911101130973,-0.9475649389887806
1314368109,7.9134377108410945,2.69561324413113,5.580392329955672,8.307533214369037,0.03152764028223544,0.4413869639512961,0.7566633667736504,1.1980503307249466,9.158779501989395,29.730564786148015,8.118367372675625,77.0,634364.0,0.39473038126314197,0.7881514898469592,0.4098241068673386,-0.17574922805834986,-0.5723769554877403,0.19375018030847022,0.14162021190249044,-0.24753783352725556,0.08682403109946746,-0.5415434510172594,-0.19204252114806852
1317356120,3.8363941086330473,1.1168330675415676,2.7195610410914797,7.566423163214516,0.08219117813076471,0.14987803070904154,0.437547154166718,0.6430250994936298,6.957241490010025,45.6958776531131,7.4769798223075075,258.0,4136697.0,-0.6759263202719993,-0.8824659655271712,-0.5867337740571839,-0.3726435011535248,-0.1924117148529922,-0.49159644224508037,-0.4680533519620448,-0.9035184161225742,-0.42489272707457265,0.200986738745128,-0.3629143345254776
1317481380,6.472906083030152,1.226664214878305,2.645066904021957,7.632577337020565,0.10164449238162979,0.4227486842235966,0.723061957169321,1.0880580889033553,7.027330586929951,36.46496164190969,7.38770651446482,360.0,4328813.0,0.01643792438241983,-0.766245965678375,-0.6126834760435523,-0.35506800350177586,-0.04651619424066891,0.1499310015288897,0.07742450408498507,-0.3775369233182234,-0.40860149555185904,-0.22833361811816225,-0.38669760251769963
1351411911,2.732042251532919,1.0771804107792748,1.4463753096350747,7.722688590183672,0.09555632676267761,0.08252591856776703,0.30404285788124696,0.47778163381338806,3.7961922541172832,135.24260665497695,7.6966277737938515,248.0,2302307.0,-0.9659359036908954,-0.924425208188898,-1.0302423722406417,-0.3311277133092386,-0.09217607929144248,-0.6499433651488468,-0.7231141633281101,-1.0988185552649303,-1.1596344660851268,4.365712493411446,-0.3043980073009097
1356662668,9.054744729151558,3.954170853285548,5.633927153751037,7.91447220401805,0.04291348212868037,0.23908940043121918,0.5456142727789361,1.557146351526402,9.21413766277237,43.14644103166463,7.847036732101553,263.0,1631189.0,0.6944446170886811,2.119919104885814,0.4284727251080729,-0.28017563786692024,-0.48698567961695693,-0.2818577208534434,-0.26159043112625396,0.176875334880264,0.09969126228975338,0.08241507816537713,-0.26432761391785536
1362265400,9.370102545982146,2.22061677630962,4.936371077066656,19.26910199307858,0.3788552270393102,0.5626562777811537,1.0352875511173227,3.015837648906984,12.318421441555392,26.643650273863564,19.164072821226096,257.0,2665926.0,0.7772595175200381,0.2855245870327569,0.18548216208098817,2.7364634902883616,2.032502523631962,0.47885813130087,0.6739334969592137,1.9008927547003034,0.8212386637370254,-0.6851126524282533,2.750639666779176
1364113251,9.637788538635538,2.68300206912625,4.642706345423534,8.685755546364934,0.09891251867746544,0.7294798252463076,1.0138533164440209,1.1065838027041446,10.033438613345401,33.35206489155788,8.611571157356835,211.0,1617591.0,0.8475555040005909,0.7748067257003498,0.08318535632117438,-0.07526508132375508,-0.06700538804734946,0.8710655108346943,0.6329832546157546,-0.355641506951159,0.2901263236490619,-0.3731112265502628,-0.06064828843383655
1367201919,7.355676083782538,2.1789455568940728,4.524434723232279,7.855306912114937,0.06939317060172207,0.4302376577306768,0.8604753154613536,2.289974629856828,9.270927592390068,28.9369521409181,7.730399205031838,83.0,720532.0,0.2482587508037642,0.24142936239374327,0.04198596171052003,-0.29589436563694543,-0.28839391856242325,0.1675378125531168,0.3399536033999405,1.0430001413058083,0.1128912881456653,-0.5784535543751287,-0.29540097314788744
1368074498,10.382346978793867,2.8797750744099777,4.925931048332856,11.234911967928399,0.05683766594230219,0.09472944323717032,0.32208010700637907,1.3451580939678185,10.43918464473617,31.071257381791863,11.140182524691228,32.0,527819.0,1.0430811253621914,0.9830259713229672,0.18184542441237966,0.6019815703007101,-0.38255740480513656,-0.621252496836849,-0.6886538835867703,-0.07367215894833672,0.38443632088530844,-0.4791892249678395,0.6129981043207108
1378389941,3.369292569251534,1.8103661566127647,2.3937063626324333,10.590642016184674,0.03017276927687941,0.17097902590231667,0.3620732313225529,0.6034553855375883,5.752941342125008,21.865200135978615,10.540354067389874,100.0,994274.0,-0.7985900546420096,-0.14859021660263064,-0.7002438049067885,0.4308152723561214,-0.5825381860184283,-0.44198734235443726,-0.6122467639586858,-0.9502855945379213,-0.7048154738956314,-0.907353426362319,0.4531980331225232
1386375601,21.277681970041648,3.045849554068589,10.82920658215011,10.57827011320696,0.07787683518925369,0.15575367037850738,0.7052180075471306,2.275734183863747,17.0680063789781,16.8127434191911,10.422516442828453,378.0,2311342.0,3.9042630409865744,1.1587609651643422,2.23822525337816,0.42752836936538985,-0.22476832521946802,-0.477782629549798,0.043333524279518094,1.0261694540986077,1.9252133367271254,-1.1423379628974706,0.4218049563761162
1408796715,5.07390421929701,1.5260843024620827,3.3912984499157393,6.430423599263306,0.09130418903619299,0.23478220037878195,0.9521722570917268,1.4478235690024888,9.326070737268283,42.991229580470296,6.2739021323441175,72.0,766668.0,-0.3509485612697901,-0.44940868065009204,-0.3527370293762317,-0.6744499710997455,-0.1240661644111638,-0.2919840829369929,0.5151411964794826,0.047667474524290515,0.12570854189239108,0.07519635409344907,-0.6834258043847896
1432118523,6.180169757012477,1.6673542219679007,4.371912361357148,12.14507077644694,0.046967724562476075,0.21918271462488836,0.7553975700464902,1.855225120217805,8.927781643917328,7.643997172542981,12.094189074837589,257.0,2554946.0,-0.060436433562601206,-0.29992112250533753,-0.011144526038105566,0.843787840132374,-0.456579765080266,-0.32865896200877265,0.13920189916472178,0.5291726239813238,0.03313180573947541,-1.5687668683086415,0.8671546265417538
1439837349,4.025870613993116,0.9814311447047895,2.554836630660087,7.573265726599543,0.1379789817952312,0.1446553841401617,0.43396615242048514,1.0526461030507153,5.123026066010035,31.955487090285878,7.493148898460377,380.0,4493438.0,-0.6261686257167217,-1.0257441869898856,-0.6441147912583847,-0.37082560441645607,0.2259843771693977,-0.5038750477305531,-0.4748948786867308,-0.4193901108912234,-0.8512304807062792,-0.43806461571573085,-0.35860673709660246
1441649707,9.195362713148594,3.3406373901700883,3.6678132170424167,9.005945129169877,0.04304945090425372,0.10331868217020893,0.904038468989328,2.376329689914805,8.764868204106056,31.081703552871183,8.911236337180519,231.0,1161455.0,0.7313717637204342,1.4706965417098814,-0.2564143376310979,0.009801225712312917,-0.4859659441084736,-0.601058927371959,0.42318128665554555,1.1450626051711255,-0.004735147649284269,-0.4787033843546018,0.019185398161969854
1447684472,4.6352692193210085,1.4095938927213816,2.3930314922944387,7.461013255427592,0.11801251194876683,0.10490001062112607,0.5900625597438341,1.2063501221429498,6.674263175769147,59.98969357395647,7.303663239495903,129.0,1525262.0,-0.46613680747785885,-0.5726753106611764,-0.7004788929934397,-0.40064825852849717,0.07624030397577046,-0.5973411747084985,-0.17667169478194378,-0.23772836595093874,-0.4906670833695636,0.8657773342425557,-0.409087539440973
1449848509,1.9099351617137286,0.8442234412280851,1.6146174560369841,5.826104736992298,0.041729675802148695,0.06740947629577866,0.43334663333000567,0.8891630920919376,3.6401117199720474,121.51360596079529,5.8100548616837795,234.0,3115289.0,-1.181826276954937,-1.1709332309359137,-0.9716359673285067,-0.8350022708819332,-0.4958639631878822,-0.6854825938815848,-0.4760784738688407,-0.6126095804552674,-1.1959132059988946,3.727190869961638,-0.806999179362842
1452065072,15.682714054552655,1.518991157964065,8.226902492942779,4.3830431886291334,0.05217908557891826,0.05217908557891826,0.20291866614023768,2.1219494802093424,14.679716076202336,18.714898694305347,4.301875722173039,256.0,1724829.0,2.4349900878231185,-0.45691443172778634,1.3317241749132054,-1.2183873756365329,-0.41749571910291855,-0.7212897189733458,-0.916312577999701,0.8444123486177197,1.3700886172515285,-1.0538706883030204,-1.2087926103676592
1456045551,4.402251171199581,2.9772733171182932,3.173146561665549,9.573304827247144,0.09303979115994666,0.2595320490251144,0.6561753692333081,1.5376049696959606,5.983927620918675,37.02494005054509,9.445987218291426,235.0,2042137.0,-0.5273287787054242,1.0861956643252377,-0.428729271323713,0.16053440651642786,-0.11104953535991428,-0.23379641441577034,-0.050362749682395985,0.15377950730966478,-0.6511259399771555,-0.20228960147460204,0.1616481770359051
1456850698,13.800616933819402,2.961214454290176,6.588490039416395,22.327896379554723,0.2036365240772614,0.551515586042583,2.0533349511123857,2.9230326060256897,21.224865207469556,39.36548556068559,22.086078007212976,229.0,2357141.0,1.9407398192800691,1.0692026611497958,0.7609904692514343,3.549108112142574,0.7184013087951462,0.45266601646233606,2.618919561651969,1.791207099577928,2.8914171053326516,-0.09343325044197114,3.529089957155424
1462195742,5.412300112041213,1.386076857961774,5.032779067599298,9.461624647086682,0.06270347690779454,0.14850823478161865,0.35971994647103184,1.0527583754519187,8.339562428736674,55.02395107808728,9.290015131339032,347.0,3030135.0,-0.26208372054492507,-0.5975603259094103,0.21906545765083843,0.1308637957109516,-0.33856513009102585,-0.4948168753275435,-0.6167427297088889,-0.41925741689641627,-0.10359153414839528,0.6348257864405475,0.12009571266624543
1462703434,1.515699380377256,0.6852896134684402,1.8140019180046947,3.5917237976492955,0.07256007672018779,0.1410890380670318,0.20558688404053205,0.4071426527077204,2.511384877593166,62.0146789035205,3.547381528542514,220.0,2480703.0,-1.285355015535079,-1.339112202804089,-0.9021812750223746,-1.4286210056222177,-0.26464282859772165,-0.5122596389294977,-0.911214930646875,-1.182306291267194,-1.4582699936188552,0.9599573076359024,-1.4097971215627711
1467297559,5.759216606499775,1.877434592848331,3.881782013651444,12.577498880760146,0.07439717500797581,0.27133087355850005,0.7395954456675243,1.6236089369387663,8.831382303887953,68.62045318382711,12.485596488103235,213.0,2285033.0,-0.17098131745461229,-0.07762042489811238,-0.18187925708906436,0.9586730952062134,-0.2508650009403638,-0.20605700878548788,0.10901183953706658,0.25542701694140546,0.010725125726897405,1.2671850375749008,0.9714293266597662
1467993804,5.632321351472843,2.1321090289487103,2.451925383291017,10.083098949403276,0.142140601929914,0.10660545144743552,0.35535150482478506,0.9594490630269197,10.598358631399215,51.32164108431958,9.692212294096013,118.0,1125646.0,-0.2043047911388319,0.19186836441892363,-0.6799634674807904,0.29597386379238383,0.2571956005275603,-0.5933316299673609,-0.6250886653955913,-0.5295390647961484,0.4214340906252092,0.46263517764140427,0.22724490584296164
1471411980,2.2982280040945726,1.9503880899613402,1.4907424891424255,7.56551813239781,0.04969141630474752,0.08695997853330815,0.2733027896761113,0.7081026823426522,3.093290664970533,44.85892606911082,7.528249570169249,94.0,804968.0,-1.0798581906612246,-0.0004232396820833416,-1.0147872621946392,-0.3728839450450986,-0.4361526841416795,-0.6395187514404973,-0.7818432601137643,-0.8266036592627999,-1.3230141218332314,0.1620609861670466,-0.34925558049523436
1474001390,4.754068385445237,1.6456390565002743,3.3278478698116656,6.070579630645456,0.0365697568111172,0.2925580544889376,0.6582556226001097,1.3896507588224538,5.887730846589871,52.33132199670872,5.997440117023221,21.0,273450.0,-0.4349394164863065,-0.32289945414041066,-0.37483975731341523,-0.7700514496093414,-0.5345622054414085,-0.15615124227877633,-0.04638841232887103,-0.02108657802292107,-0.6734855364222233,0.5095943926422618,-0.7570779447494443
1476110521,5.2736989117995074,1.1678919429195844,2.5903762470984555,11.359668690473882,0.060617228871258706,0.19397513238802785,0.41623830491597646,1.0022048506714774,9.533069527153286,51.72670197014076,11.286928015828371,217.0,2474544.0,-0.2984812473703013,-0.828437007143269,-0.6317347236240042,0.6351262890385857,-0.354211525326907,-0.3879227765225333,-0.5087640446542828,-0.4790062873471362,0.17382251908902704,0.4814741405180081,0.6520925148080531
1480605295,2.7760026679435037,0.39124869816653407,3.912486981665341,3.9311178720542235,0.0745235615555303,0.8197591771108333,0.13041623272217803,0.18630890388882576,7.713188620997386,32.97667598832216,3.856594310498693,312.0,536743.0,-0.954391628224531,-1.6502574103393721,-0.17118331777349113,-1.3384525489015642,-0.2499171300060814,1.0833150916571723,-1.0548289404550486,-1.4433082116403468,-0.24918337610496355,-0.3905701762042386,-1.3274198619137476
1482179882,2.598326475937731,1.8036926507723083,1.91090515099304,7.927418398674097,0.06306617660043036,0.11982573554081768,0.23965147108163537,0.6306617660043037,5.184039716555376,53.8395949637874,7.839125751433494,165.0,1585636.0,-1.0010504879853637,-0.1556519187388274,-0.8684254639413441,-0.2767361600428374,-0.3358449632443571,-0.5622503284380238,-0.8461343193759453,-0.9181305567042848,-0.8370487099207932,0.5797426084517839,-0.26643517526913035
1484862164,5.892610454345109,3.489229307404731,5.197555976310087,10.55422080903783,0.03907936824293298,0.3070521790516163,0.9351134543844678,2.2861430422115796,8.98267192898274,64.30789182719215,10.453731004984574,332.0,3582453.0,-0.1359512733653565,1.6279320165027964,0.2764647623946397,0.4211390750150445,-0.5157406791113582,-0.12207510195120978,0.4825502448733759,1.0384716136743366,0.04589028575484776,1.0666122690242763,0.43012081600940194
1485021241,1.8433159736340758,1.6047692005755483,1.1818908301536133,7.134717121477776,0.09758731625121578,0.18433159736340757,0.16264552708535962,0.5421517569511988,3.3179687525413364,103.5292995074009,7.091344980921679,93.0,922251.0,-1.1993208850895376,-0.3661467001591472,-1.122374366684157,-0.4873369223885151,-0.07694411084805731,-0.41059502908471446,-0.9932546675758359,-1.0227399402729658,-1.2707908388470317,2.8907593765823067,-0.4656511659642649
1485186805,5.3792905295754565,2.1815124798476133,5.16912042480965,9.939183688671566,0.20218896154685198,0.4655666877723565,0.8007747029684532,2.293248484912979,9.593334149183528,37.93171333861862,9.792862729657395,339.0,3758860.0,-0.2707522397294387,0.2441456026635248,0.2665593642481287,0.25773920403445744,0.7075449124880961,0.2505974675278634,0.22589520164686247,1.0468694885466574,0.18783018865916232,-0.1601165136513194,0.25405915010406194
1485351658,19.060755403680066,7.128638982238272,6.395354503596574,11.226678188824467,0.10674394309341162,0.4965913874345671,1.819288073592059,2.4226234041200376,18.9725756246029,25.95734233571527,11.050318630670134,225.0,2154689.0,3.322084502645498,5.479045312825267,0.6937125626314192,0.5997940625898519,-0.0082714506027457,0.32353750710999263,2.1717715062037697,1.1997768341936135,2.3679038534413253,-0.7170321248366607,0.589057498489296
1490993194,5.317385761522392,1.6481250395166418,2.5687470519593245,10.28027913894329,0.074073035483894,0.1269823465438183,0.3783015740784587,1.1243228600233912,7.968142245624598,37.36984640162453,10.22472436233037,332.0,3780053.0,-0.2870088121970712,-0.3202688620652817,-0.6392691577438551,0.34835967346770746,-0.2532959751181877,-0.545424912059583,-0.5812424113976484,-0.3346758345813538,-0.18992296744108583,-0.1862483637956845,0.36911124342986334
1493858530,10.597661223756468,1.462494607864836,13.353400321662019,11.96902115279293,0.15189113138062094,0.2907630229286172,1.1630520917144689,3.259149704767038,14.76815771680723,73.86682706370141,11.873546727353684,288.0,2304282.0,1.099623969098358,-0.5166973731174337,3.1175169382400236,0.7970158895643901,0.33032239795198465,-0.16037141763861773,0.9180284683962275,2.1884616347698715,1.3906456411919148,1.5111884608117938,0.8083733826576391
1494037881,4.503997297601622,0.0,4.503997297601622,0.0,0.0,4.503997297601622,0.0,0.0,2.251998648800811,14.63799121720527,0.0,1.0,8881.0,-0.5006096207281613,-2.0642649550511147,0.034866675208963895,-2.3828515482995427,-0.8088272298902239,9.74507418246024,-1.3039899866456226,-1.6635054503218292,-1.5185606992030283,-1.243483438634939,-2.35485368553208
1495251160,8.599261205991716,2.873200816904388,4.515756328161233,5.573501053676477,0.22375369193591693,0.6153226528237716,0.6102373416434098,1.6730673783390153,18.11896373562891,34.16312050967023,5.456538896528157,225.0,1966448.0,0.5748318451659549,0.9760692907743882,0.038962881308857854,-0.9021127068153711,0.8692755834886486,0.6026784268099644,-0.1381276450126692,0.3138816157206639,2.1694936937312677,-0.3353898685635406,-0.9011792331997726
1495601614,18.19964276264626,2.8268556920327708,7.7929535293876375,9.948280202118172,0.06835924148585647,0.10857056000694852,0.6514233600416911,1.9381855527166365,18.10715673004775,22.59473987700162,9.85177303766755,346.0,2486862.0,3.0959510319609667,0.9270282806767896,1.1805599796552606,0.2601559185291263,-0.2961481564619494,-0.5887115982611829,-0.05944149361615759,0.6272230003979276,2.16674932021291,-0.8734232875134967,0.269753422857781
1502568407,7.134465545257719,1.8455084375745519,6.099180324179311,12.33339785110798,0.13503720274935746,0.5176426105392036,0.9002480183290497,1.2603472256606696,7.314515148923529,36.12245173545312,12.130842046983943,45.0,444322.0,0.19016750414809258,-0.11140371726157236,0.5905416018783266,0.8938216001815885,0.20392169006686015,0.3730295912630165,0.4159396064418515,-0.17390955298376534,-0.34184945572273145,-0.24426339963612634,0.8769193309123402
1506127536,3.552934422828222,0.7793880352648898,3.214303759230373,11.217812617916035,0.07525125857729971,0.11825197776432811,0.7363873160778615,1.2416457665254452,6.944616148705087,26.40781667073382,11.147936449237113,126.0,1860434.0,-0.7503645754963533,-1.2395400975120838,-0.4143923442390416,0.5974387037104654,-0.24445956455116857,-0.5659502822090398,0.10288268745077567,-0.19601268157792145,-0.4278273113008041,-0.6960810294054822,0.615063824410205
1507444393,10.852391243231141,2.358472427662831,21.713327676417585,12.433251384961663,1.2988688732056168,1.0937843142784143,0.5810729169604075,2.606282936366534,15.817146607260506,10.65585187425924,12.29652834567686,87.0,1170249.0,1.1665176374135635,0.4313992698338427,6.029660524535107,0.9203501689595688,8.932399792906072,1.727556762619978,-0.19384646477832643,1.4168427983750316,1.6344684557254316,-1.4286886210586558,0.9210597547375312
1509826894,5.033763044812768,1.6676897892367506,2.097401268671987,8.123593206466134,0.0511561285041948,0.1330059341109065,0.24554941682013506,1.1970534069981584,6.404747288725189,79.45569879271537,8.103130755064457,110.0,977400.0,-0.3614898803387765,-0.299566035365845,-0.8034603691599005,-0.22461745497383076,-0.4251676691396174,-0.5312632692281136,-0.8348662563449394,-0.24871609096548192,-0.5533122865157662,1.7711211047933115,-0.19610170265145768
1510240831,14.162626252359026,4.594383061770057,5.556628481786795,16.0871170923925,0.2439495431028349,0.3049369288785436,1.11810207255466,2.852854379063708,17.4830505890365,38.64567345320743,15.856720301684268,222.0,1475715.0,2.0358056907126696,2.797372309896441,0.401546075839794,1.891090251800493,1.0207399654551028,-0.12704812128837856,0.8321511694866437,1.708263925794823,2.0216845657108293,-0.12691096711515687,1.8695291398160268
1515399733,3.352905948727026,2.073762638808045,2.9523661244089614,7.125732681013314,0.04522223822945893,0.264873109629688,0.38761918482393365,0.8333812473714574,7.907431370408247,47.451048542196546,6.925462768854282,192.0,1547911.0,-0.8028932818801426,0.13012797821922714,-0.5056371566500677,-0.48972386191478545,-0.4696705234977376,-0.22123941382753667,-0.5634410565135162,-0.6785377670294231,-0.20403436233073766,0.2826179215597929,-0.5098437829970465
1517313007,6.459908098078528,1.7122647970810556,4.3117940799222945,7.020285668032328,0.09339626165896667,2.6929255445002056,1.1674532707370833,3.2377370708441777,9.573116820044083,36.517938308655964,6.989153580812672,51.0,642424.0,0.013024573667364434,-0.25239810959482467,-0.03208646252514933,-0.517738477205194,-0.10837608607683671,5.487187827537795,0.9264369490497262,2.1631541869544693,0.18313095291129852,-0.22586972813743506,-0.49287593800447776
1529346075,3.5035787178125086,1.5552045181312384,2.711414618689481,7.540120781726172,0.05242262420667095,0.14270603256260425,0.4747159858715203,0.9639938118004492,7.077054267900579,56.776614383836126,7.484785789508019,244.0,3433632.0,-0.763325686902041,-0.4185945487509695,-0.5895715441408839,-0.3796313813958071,-0.4156692336811036,-0.5084580342791616,-0.39704206141987425,-0.5241676568304324,-0.3970439204873735,0.7163403441477184,-0.3608347497721556
1531192509,3.749898346129171,1.144547286368743,1.822239758560762,8.117249833588849,0.09035899629226919,0.18071799258453838,0.8885301302073136,0.9939489592149611,4.322171989313543,36.12853868419229,7.861232677427419,70.0,664018.0,-0.698640638982992,-0.8531396169820855,-0.8993116598304882,-0.22630272936688364,-0.13115489930103585,-0.419090726979445,0.39355250628864075,-0.488763869854646,-1.0373778239125582,-0.24398030194552453,-0.2605456775222313
1535255041,6.757272504489448,1.6632050040776645,5.5319644700844055,9.404741339482639,0.2611312204469763,0.4298621628896379,1.2172732276220588,1.7475704752989953,8.283885793256387,28.6199817609886,9.268149624171913,279.0,2489170.0,0.0911142939611197,-0.3043116994433842,0.39295447684096263,0.1157513336892862,1.1495987156295104,0.1666550124336487,1.021618295110176,0.40193632422560877,-0.11653279033338149,-0.5931955189278626,0.11427053121718547
1535384390,7.998863459521758,2.3137408373079578,6.759705186821261,10.341647068846132,0.1282722430725123,1.0600611785992526,1.0624814096006208,1.7111033179672868,9.792254631535561,49.18151417880231,10.232736673784567,293.0,4131837.0,0.4171637077694062,0.38406565318372465,0.8206325058665033,0.36466358667297627,0.15318600044364813,1.6482726155354643,0.7258875374051674,0.35883603658827157,0.23406647611353157,0.36310008863244014,0.37124580027733783
1536169792,3.4034790779387527,1.7476497783300609,2.8280707446181723,5.9897558952573196,0.07039570035304973,0.12242730496182563,0.2846434840362446,0.7039570035304974,5.114400664780266,73.67369144340262,5.873449955543585,290.0,3267245.0,-0.7896124674000589,-0.21495479214681076,-0.5489349004824889,-0.7915242802682875,-0.2808751688978107,-0.5561339573333871,-0.7601767910529857,-0.8315034091289766,-0.8532353347361576,1.5022059228568332,-0.7901101165164572
1536984072,2.905481497929254,2.4802890835981435,1.5058898007560158,8.497942836423164,0.07677085258756158,0.11810900398086398,0.19487985656842557,0.5787341195062335,5.645610390285298,50.32624659624614,8.391644732840385,163.0,1693351.0,-0.9203896918812222,0.5603019725523761,-1.0095107634293672,-0.12516218762316705,-0.23306294820150644,-0.5662864180472146,-0.9316707750679015,-0.9795034923581077,-0.7297630543726862,0.4163404094601338,-0.11923880355245313
1538788132,4.477775127226463,0.9740776081424937,4.934995229007634,3.8068543256997454,0.08945610687022901,0.09939567430025445,0.6013438295165394,0.7255884223918575,11.798266539440204,18.532323473282442,3.762126272264631,308.0,2012160.0,-0.5074957237920957,-1.033525477078187,0.18500289151669108,-1.3714662431478888,-0.13792636870646402,-0.6102820416141903,-0.1551187567752677,-0.8059373808683181,0.700335922648577,-1.0623620730094585,-1.352587056054008
1548086514,8.986922974350147,1.8690435778960848,8.373758480415859,8.421777386567339,0.30658224696714437,0.38784501122349585,0.7756900224469917,3.235735522207451,7.937894563040882,12.773029036293797,8.10780761557689,769.0,2707267.0,0.6766342075437163,-0.08649954325505135,1.3828808062905678,-0.1453974291516926,1.4904712832039306,0.06787137426712993,0.17797075917812374,2.1607885701015204,-0.19695361873567793,-1.3302209008839396,-0.19485574202092482
1548554104,2.176139583909617,1.471584024844781,2.044252336399943,9.263343779034717,0.06247290671510862,0.07288505783429339,0.19783087126451063,0.8156185043361404,3.092408882397877,53.84470415434418,9.173105136001782,283.0,2881249.0,-1.1119193599801074,-0.5070792268479055,-0.8219745638013669,0.07818556347951204,-0.3402943551405878,-0.6726093303688709,-0.9260328426291794,-0.6995314333875242,-1.3232190798748547,0.5799802316205418,0.08894976526867732
1549272440,12.770059740249947,4.185462493605543,5.1784100521486005,23.98156888228041,0.06284478218626942,0.5656030396764248,0.45248243174113983,0.5530340832391709,18.049021443896578,47.736896548690254,23.943862012968648,361.0,795611.0,1.6701091679392739,2.364664926584304,0.26979536469720045,3.988447242484183,-0.3375053720003219,0.48578606071260855,-0.43951940869505196,-1.0098781921276798,2.153236585023727,0.29591241671147617,4.0240214876237435
1549502623,4.607436889381193,1.4943038560155217,3.1131330333656706,9.351258654509833,0.15417420736668083,0.355786632384648,0.8242390316911014,1.162236332456517,7.572325492586592,66.31269849929198,9.238592887588027,174.0,1686404.0,-0.4734457483371773,-0.48303778833745703,-0.4496347175211627,0.1015423314439458,0.34744495893507726,-0.007498877400210169,0.27072395164724744,-0.2898661568668497,-0.28192504262373375,1.159853753928178,0.10639633226413674
1549624070,1.674158143553868,0.743608703960651,2.48423466462832,10.842562666688822,0.041542385696125755,0.1703237813541156,0.1744780199237282,0.5608222068976977,1.9067955034521722,29.860666838375195,10.796866042423085,172.0,2407180.0,-1.2437427706672224,-1.2774007042671016,-0.6687086727401748,0.4977442436761122,-0.49726859723488215,-0.4435278427880313,-0.9706486143789854,-1.0006734612301116,-1.598798348286574,-0.5354925391225972,0.5215352908410265
1551206847,4.676147768920751,1.4615033069412127,4.232062863863784,7.75491550621868,0.04971099683473513,0.1159923259477153,0.6097882278394176,1.163237325932802,8.464125727727568,43.92463680317196,7.658807579004859,273.0,3017441.0,-0.45540184917270415,-0.517746337787177,-0.059860477731180695,-0.3225658334684145,-0.4360058345313988,-0.5712627943280958,-0.13898567980577445,-0.28868308941910364,-0.07463853529021272,0.11860815867088097,-0.31447367101183304
1551582052,7.538229592935602,1.8763991410986889,4.760343038396021,6.922281179227119,0.06934518564929937,0.17540252840705134,0.43646675673382546,1.4440115129324693,8.264314477969442,51.12779746637166,6.897806407821484,289.0,2451504.0,0.29619842401639107,-0.0787161086372422,0.12416357615677125,-0.5437758012885808,-0.2887537950094382,-0.4315875495667573,-0.47011745816310774,0.043162031130033016,-0.1210818691852305,0.45361971144800933,-0.517211703622232
1556687660,3.4129692832764507,0.0,6.825938566552901,17.064846416382252,0.0,0.0,0.0,3.4129692832764507,6.825938566552901,40.955631399317404,13.651877133105803,1.0,2930.0,-0.787120281165345,-2.0642649550511147,0.8437046097017623,2.1508483055887297,-0.8088272298902239,-0.8439643817073548,-1.3039899866456226,2.3702599586070052,-0.45541225749587305,-0.019477212051249585,1.2821377097647795
1567204040,2.938094493750398,1.3170768420260406,4.088727559036884,8.7925734234156,0.028946743780792098,0.10131360323277235,0.36907098320509923,0.904585743149753,4.768976037885499,36.08935280870255,8.741916621799215,260.0,1381848.0,-0.9118253187864299,-0.6705740568598064,-0.10979069493622154,-0.046886261980127575,-0.5917331039500958,-0.6057729306871967,-0.5988775142599035,-0.5943816530444256,-0.933524464111283,-0.24580279648765216,-0.025923002821406037
1568505052,3.101777333542741,1.594767468075146,2.847582898403629,9.393089603235774,0.07565310569616442,1.2528154303284829,0.45694475840483306,1.2165019395943237,7.162836047312847,26.83869577677129,9.281123006805451,252.0,3304557.0,-0.8688411992996861,-0.3767302311325657,-0.5421379283211463,0.11265576085897677,-0.24144580073399682,2.1014438920935037,-0.4309941050824379,-0.2257300012795168,-0.3771051441263056,-0.6760412878083939,0.11772676515088018
1570045623,8.12756086754339,1.591218667738453,5.857330785554478,14.259239699259671,0.49611271680925906,0.14403272423494617,0.8847724488718123,1.5340628247880777,9.908536933877091,41.085906146447904,14.144928013358921,292.0,4374006.0,0.4509604379034522,-0.38048546436644376,0.5062943886110856,1.405469270048415,2.911907559456133,-0.5053389406490058,0.38637343207938324,0.14959307010003509,0.2610946729756527,-0.013418268295238787,1.4134912072684724
1570380458,4.49171550776039,1.61325060169334,4.655497294734333,7.14498045673827,0.04913453609218294,0.5200071736422694,0.2989017612274462,1.5968724229959457,5.949373411828485,31.204524963210517,7.054900473902601,234.0,2442274.0,-0.5038348942065315,-0.3571719378942572,0.08764102673760227,-0.48461021272845983,-0.4403291616037242,0.3785887530989051,-0.7329362613452843,0.22382731118772273,-0.6591575832014315,-0.47299108758434216,-0.47536033321957194
1570432345,2.5757252672314963,1.7312251796146123,2.5335002628506524,6.302081903840998,0.0633375065712663,0.21112502190422103,0.23223752409464313,0.4961438014749194,4.0958254249418875,32.017109571775116,6.1120693841271985,128.0,947306.0,-1.0069857042658614,-0.23233480598180667,-0.6515472202777269,-0.7085471268306816,-0.33381004894428734,-0.34760284969778027,-0.8602987124819447,-1.0771164329783416,-1.0899889210245988,-0.4351986178330015,-0.7265396052931542
1573813504,12.108096967823377,3.265700746640723,11.494357384347973,7.29668171465201,0.2803501801060481,0.1439636060004031,1.060784465266128,1.576022634109676,21.488462453533852,31.103715927981828,7.205757331914913,321.0,1319778.0,1.4962736764371836,1.3914008509077966,2.469927582877191,-0.4443070096373418,1.2937366290425338,-0.5055014397809332,0.7226455144078456,0.19918508613020192,2.9526866030590853,-0.4776796115538916,-0.435170615046546
1574741668,3.9095460426393656,2.1375935197164875,1.9125836755358048,12.066152894189122,0.056252461045170725,0.028126230522585362,0.33751476627102434,0.4781459188839512,8.60662653991112,59.965123474151994,12.066152894189122,55.0,355540.0,-0.6567161729162772,0.19767188674986605,-0.8678407573674441,0.8228213466444536,-0.38694631108767813,-0.7778387337574951,-0.6591658684087328,-1.0983880091935587,-0.041516212054842405,0.8646346043115908,0.8596855183172011
1576614213,5.688560402867481,1.5793791781917086,5.367093844474479,9.308553386510425,0.1537448757531752,0.4891882410328301,0.6988403443326144,1.537448757531752,6.792728146913013,22.65640396326336,9.09890128321064,93.0,715471.0,-0.18953607067897738,-0.39301365428977897,0.33552252623133405,0.09019661742080029,0.34422506753456955,0.30613247829571794,0.031148957944396875,0.15359488120490417,-0.4631315556334709,-0.8705553546358268,0.06918114506590678
1579061364,6.729625682522644,1.920364648858819,2.381252164584936,5.954800293765695,0.3874126943784748,0.2504823455033242,1.0587053803273838,1.2390526690897772,8.175743757228503,27.953829758170986,5.8011711218569895,160.0,2994223.0,0.08385406863537717,-0.032193137429734384,-0.7045821695154041,-0.8008111031032715,2.0966816211610553,-0.25507255053546735,0.7186734093435925,-0.19907744597214955,-0.14166889600015364,-0.624177559629755,-0.8093658931116597
158004641,6.617251875469147,1.2365320121078027,3.6622765836949123,6.649628343057066,0.10086514902389931,0.1519203479125397,0.5815311678291479,0.8691836298602681,9.077863412150938,30.09517187172344,6.550008442786548,835.0,8030524.0,0.054344016416734316,-0.7558041609596823,-0.2583429992818993,-0.6162127921260554,-0.052361095702988476,-0.48679489060125036,-0.19297097356461893,-0.6362231723015261,0.06801621631228287,-0.5245859525518695,-0.6098684272215344
1584730781,11.363704054322172,2.9234045107490103,6.424158501677292,12.009785615475165,0.09164277463163041,0.9851598272900269,0.9164277463163041,2.8317617361173797,15.97333561829318,27.886896320405135,11.826500066211905,157.0,2182387.0,1.3007915233928307,1.0291933219123146,0.7037463075087239,0.8078459805008583,-0.12152684791829525,1.4721771951532188,0.4468510801766519,1.6833346731593855,1.670772409576399,-0.6272905645962009,0.7958396995544443
1585243541,8.016126983489075,2.411296926098773,5.037888220599221,8.317539099251421,0.057411831573780304,1.0190600104346004,1.291766210410057,1.7008255103732415,11.747896035784795,43.59710960133942,8.217068393997305,178.0,1393441.0,0.4216972152397974,0.4872965571617736,0.22084520842004365,-0.17309091647895367,-0.3782512905542717,1.5518775863682366,1.163937614859685,0.3466887650157932,0.6886280026863114,0.10337520724953565,-0.16574761959321566
1586423406,2.4308171849682143,1.3396773014413352,4.128145892676693,8.971594597887675,0.054556994176343965,0.10911398835268793,0.4000846239598558,0.7637979184688155,7.001480919297475,47.55551325704649,8.880666274260435,158.0,1649651.0,-1.045039457063051,-0.6466589339322898,-0.09605949338142437,0.0006751547911238079,-0.39966193467338285,-0.5874339812179932,-0.5396257553696188,-0.7607778348029424,-0.4146098897057597,0.2874764674077422,0.01104123932505716
1587492577,11.137357940788837,1.6632349287756485,4.442311012299517,7.537191196223825,0.37896492048052755,0.4210721338672528,0.7579298409610551,2.0211462425628133,8.800407597825583,47.96011604748009,7.4950839828371,35.0,474978.0,1.2413516431841292,-0.3042800340326195,0.013378531534760311,-0.3804096984717342,2.033325199989717,0.1459893791865434,0.14403981893238618,0.7252736809716254,0.003525487980293613,0.30629412474164214,-0.35809121200370164
1587936366,3.7337181835944677,0.7738276028175063,1.2574698545784477,12.536007165643602,0.038691380140875316,0.05803707021131297,0.17411121063393892,1.412235375141949,6.384077723244427,26.697052297203967,12.400587335150538,136.0,516911.0,-0.702889649084411,-1.2454239790326218,-1.0960467490031232,0.9476497916163923,-0.5186505033917413,-0.7075174138225945,-0.9713494058716442,0.005606027893547125,-0.5581166382839977,-0.6826289795522463,0.948782070550152
1592116227,4.656178541791899,1.8469364373372872,4.069301543011827,12.376200238979767,0.11651234534604382,0.18555669814369943,0.8587391379208416,1.134916549111464,7.1633516027567685,29.97819493033209,12.203589356985628,266.0,2317351.0,-0.46064589091864083,-0.1098926510819544,-0.11655766139107411,0.9051931165085151,0.06498938885215542,-0.40771477882026375,0.3366366251117539,-0.32215522479860437,-0.3769853104650257,-0.5300264291158376,0.8962999141044867
1594728054,6.703417532602351,1.7503368001795025,4.208256562133697,9.375474243514676,0.06517211490030063,1.6013719661216725,0.670341753260235,1.2103392767198689,7.867205298679147,41.87773897450746,9.273060920099919,171.0,1074079.0,0.0769716474290395,-0.21211146685604992,-0.06815329726833139,0.10797580348666401,-0.3200508954225544,2.920911213104585,-0.023297782452390243,-0.23301361102416757,-0.21338435079665755,0.023409057606763206,0.11557894769762658
1595408601,4.352615673693164,2.6971041654738936,3.9249418674031853,6.442698952819992,0.12416336311644523,0.17244911543950728,0.524245310936102,1.0277967280194633,8.815598781267612,34.7174559202816,6.311637625085966,151.0,1449703.0,-0.5403633653383697,0.7897291377404053,-0.16684471361099573,-0.67118871885824,0.12237031666897775,-0.4385311158575031,-0.3024159693099035,-0.4487594198755506,0.007056466369712053,-0.3096083019219644,-0.6733727061140342
1599294971,8.855827134254339,3.5423308537017357,5.313496280552604,3.5423308537017357,0.0,0.0,0.0,0.0,1.7711654268508679,28.338646829613886,3.5423308537017357,1.0,5646.0,0.642207634409708,1.6841224675019772,0.31685205274601824,-1.4417434666918463,-0.8088272298902239,-0.8439643817073548,-1.3039899866456226,-1.6635054503218292,-1.6303236650113648,-0.6062801156232837,-1.4111426699263592
1599891719,2.7649170407398387,0.8615888795506579,1.2688854407927872,9.422649291813103,0.07049363559959929,0.11748939266599881,0.3054724209315969,0.4386270659530622,7.072861438493128,143.76002086611615,9.258164142080705,194.0,1276711.0,-0.9573027820443961,-1.1525576490708174,-1.0920701802164368,0.12050902554792037,-0.28014067637908696,-0.5677431436343715,-0.7203829739831505,-1.1450950753058362,-0.3980184851145946,4.761848619473114,0.11161030273069067
1606834013,4.364320005371471,2.573829746757534,5.505757545237856,6.378621546312149,0.06714338469802263,0.962388514004991,0.4700036928861584,1.2533431810297557,9.914839807074674,11.257707501035128,6.356240418079476,54.0,446805.0,-0.5372897359218035,0.6592838745160308,0.38382541089698846,-0.6882124717496377,-0.3052668113483864,1.4186411251692543,-0.4060449272877334,-0.18218758615951414,0.2625596878072384,-1.400696938309728,-0.6614900929948305
1607829807,13.888980856713394,4.519298896165383,7.772200848899807,11.902475847409928,0.10760235467060436,0.20692760513577763,1.0429151298843191,3.0294201391877844,16.70319628655997,32.462802693700795,11.778319284328463,90.0,1208152.0,1.9639447283885096,2.7179205156939474,1.1733308755235496,0.7793364781046868,-0.0018335551192749967,-0.3574711078458477,0.6885060349463705,1.9169458084826123,1.8404183266816083,-0.4144698916779359,0.7830038757757632
1612691018,3.2075683399058903,1.5784278984912385,2.0411798526673848,6.364424136888367,0.08874695011597325,0.06972974651969327,0.5641770400229728,1.477002812644412,5.629092264498874,78.56006805623261,6.3073725260995275,137.0,1577519.0,-0.8410598309906717,-0.39402026971104764,-0.8230448498715773,-0.691984365821207,-0.14324488628776963,-0.6800275659903814,-0.22612614565981948,0.0821542260571089,-0.7336024619743473,1.729466245520642,-0.6745089695130178
1614844654,4.103613073479927,1.4635263408914425,2.1809412138774436,12.83311724797359,0.022957275935552038,0.36157709598494464,0.9469876323415216,0.9068123994543056,3.6272495978172223,40.34167313774882,12.729809506263607,209.0,1742367.0,-0.605752978163112,-0.5156056244186008,-0.7743596000615754,1.0265844567156968,-0.6366527776983986,0.006114683691533834,0.5052359377559112,-0.5917499829550146,-1.1989028266261523,-0.048031775827572676,1.036490023955002
1617887885,8.85515212927177,2.3987374122331127,3.3066707318166735,10.6598097151107,0.8967242662553692,1.7934485325107383,0.6725431996915269,1.9391662257772357,16.768743778975402,12.139404754432059,10.614973501797932,268.0,892136.0,0.6420303739536841,0.4740064592709384,-0.38221671933367973,0.44919138772588363,5.916404881404787,3.372489230225014,-0.01909190497453315,0.6283820512832364,1.855653925677742,-1.3596901109250639,0.47307736826581315
1623855270,2.5466316551973924,0.37350597609561753,0.9733792104310033,6.021369069177834,0.07922854038391887,0.0,0.07922854038391887,0.2603223469757334,2.229717493661717,39.12758058674393,5.998732343353857,98.0,883520.0,-1.01462586555315,-1.669032222461447,-1.1950084638809206,-0.7831254562480027,-0.21463083756328166,-0.8439643817073548,-1.1526233538410824,-1.3558322217500773,-1.523739642475463,-0.1044979647334047,-0.7567336832241263
1633301179,18.11616692032611,2.4993524028956076,7.696681240705016,4.253864685722987,0.06620801067273133,0.19862403201819395,0.8607041387455072,3.128328504286555,15.567158509425951,7.1504651526549825,4.09662066037525,139.0,1208313.0,3.0740297628462687,0.5804742007371194,1.1470239552225168,-1.2527068500379475,-0.31228190803717043,-0.37699306804091703,0.34039077174687427,2.033844939026826,1.576362214402358,-1.591720532131887,-1.2634745333238357
1634341981,2.050782501698304,0.9613042976710802,0.8843999538573937,3.0120867993693845,0.038452171906843205,0.038452171906843205,0.26916520334790245,0.26916520334790245,5.588382317127879,49.82119740063318,2.6019302990297235,159.0,780190.0,-1.1448389000315669,-1.0470418080740278,-1.226003992950529,-1.582615955842636,-0.5204445118259245,-0.7535621224932155,-0.789748145239809,-1.3453809093620743,-0.7430649205740932,0.3928510937052386,-1.6616744240673664
1635418897,10.862399688329733,2.8979193514801938,6.3140097128277075,8.66497077611462,0.21110670772372273,0.2686812643756471,1.2666402463423363,2.8307490353862823,15.0749380833622,40.53248788295476,8.501842865600834,137.0,1042127.0,1.1691459165938378,1.0022256968060468,0.6653764658373105,-0.08078707124078637,0.7744260209915099,-0.21228632287325228,1.1159342999119481,1.682137768986027,1.4619524520626523,-0.039157179372879915,-0.08988096091148642
1635446643,4.301537799763415,2.2319299904432817,4.027619119118103,12.295905220078442,0.08116109056157388,0.2029027264039347,0.7203046787339682,1.1768358131428212,5.305906295462892,48.83868624542708,12.245179538477458,227.0,985694.0,-0.5537767288828348,0.29749588822359657,-0.13107754873606275,0.883860752502507,-0.20013714200876315,-0.36693372367163374,0.07215670601068615,-0.2726111289738934,-0.8087225259762123,0.34715551601139955,0.9073799385392078
1636762428,3.2469286679102076,1.2143821959220429,1.903904290216762,8.212516884286357,0.07203962179198559,0.180099054479964,0.3447610471473596,0.7615617160867049,3.9158680131215027,56.19090499774876,7.852318775326429,114.0,1943375.0,-0.8307235670052632,-0.7792424268449264,-0.8708641827176006,-0.20099267363658277,-0.2685461245464792,-0.4205458698281454,-0.6453218024788064,-0.7634207873371248,-1.131817507624075,0.6890996063544141,-0.26292042679104805
1640311112,12.608834905241673,2.5228051724773377,4.163147630302109,20.462753065649515,0.07267340003021137,0.2595478572507549,1.5728600149395746,2.0140913722658578,10.942537661691826,19.6321999224471,20.338170094169154,186.0,1926427.0,1.6277705356121583,0.6052912125168991,-0.08386679344401964,3.053586513916236,-0.26379292903304113,-0.23375924878269425,1.7009691250664125,0.7169355772835021,0.5014336984695775,-1.0112079568753936,3.0634304747611947
1645614328,6.6048403447057815,5.64337624389418,6.5003333772262595,6.939262640640251,0.0487699181571102,0.1811454102978379,1.4561304135480047,0.8917927891585865,12.33182216258358,57.91079424598571,6.779018623838318,141.0,1435311.0,0.051084672175012086,3.907385183512985,0.7302814872840077,-0.5392642547297077,-0.44306371484108126,-0.41808585456277036,1.477956475513116,-0.6095015592036882,0.824353474148849,0.769089876542363,-0.5488579119788459
1647025876,6.649159076940269,2.430574956696653,9.582611610884506,10.616304408560094,0.1955635022629491,0.558752863608426,1.3410068726602224,2.262949097614125,10.504553835838408,24.641001285131587,10.420740906297144,61.0,357940.0,0.06272304357842258,0.5076959863537629,1.8039794284770923,0.4376331236115052,0.6578554447164142,0.46968108245385104,1.258012214817682,1.0110588467700863,0.39963047623183456,-0.7782537857102397,0.42133193636403704
1647085571,5.766694208030042,2.0815323476498864,3.308149623943569,7.391563846756739,0.04248025199285482,0.15399091347409874,0.6000335593990743,1.688590016715979,8.7562419420272,49.68065470564371,7.349083594763884,198.0,1883228.0,-0.16901765334627308,0.1383496492326005,-0.3817015538257269,-0.4190992170815965,-0.4902348090658582,-0.48192692618380695,-0.15762203620947215,0.33222771747057406,-0.006740201771508164,0.3863145983136461,-0.39698711986714186
1648125917,10.11712943694631,2.321184374814198,6.621083298650336,18.017718056959392,0.3186871990011297,0.879957191271776,1.2604792199298414,2.21654081693323,13.789167013496641,34.38492181461442,17.770378738331647,199.0,2102375.0,0.9734333692307686,0.39194217955012445,0.7723441864318332,2.404002299023539,1.5812557251869697,1.2248425063774175,1.104163619571755,0.956209212401639,1.1630929274732869,-0.32507411926240803,2.379346156169467
1654162813,7.966028886713661,1.625317774976585,3.4675323760765617,12.146222262909939,0.07887157313577882,0.247882086998162,0.7042104744265966,1.3718020041830101,9.067414068716857,28.731787356605142,12.025098061308563,205.0,3550075.0,0.4085411471963496,-0.3444028199239759,-0.3261812795824199,0.8440937610813046,-0.21730801235403102,-0.26118583963593583,0.041408625812939234,-0.04218190091663555,0.06558741239518519,-0.5879955563075604,0.8487481159024189
1659250199,5.512605042016807,1.4789915966386555,2.689075630252101,5.512605042016807,0.0,0.2689075630252101,0.8067226890756303,0.5378151260504201,7.260504201680672,29.57983193277311,5.512605042016807,9.0,74375.0,-0.23574302960474944,-0.49924075831106546,-0.5973532316055757,-0.9182912432303713,-0.8088272298902239,-0.2117542876678765,0.23725886712206687,-1.0278653751265896,-0.3544035459444917,-0.548553880136471,-0.8862426727017884
1660317917,4.0737901731551185,1.5356031493824591,2.5762598291292496,8.12219847607251,0.22843683213953936,0.13960028630749627,0.31727337797158245,1.0279657446279271,5.901284830271433,63.72118523181262,7.931834449289561,123.0,787964.0,-0.6135846550366874,-0.43933612459952964,-0.636652115164147,-0.2249879997081635,0.9043980911136726,-0.5157597408950536,-0.6978371701306766,-0.4485596602843652,-0.6703351022475087,1.0393251520581293,-0.2417366863299039
1669610956,2.4266459128110145,1.199916072909314,2.956217810910656,7.078834485990142,0.0268137669923869,0.12066195146574106,0.45583403887057733,0.6435304078172857,5.476711908195025,17.455762312043873,7.005096626761078,111.0,1491771.0,-1.046134858762119,-0.794550040897226,-0.5042954387539249,-0.5021835310343424,-0.607729954408857,-0.5602843586356663,-0.4331161418519635,-0.9029211956181898,-0.7690211472357044,-1.1124318192152682,-0.4886285571964157
1671451793,3.8090714014540166,1.1875711832062275,3.865923213416017,3.960676233352684,0.06316867995777806,0.08211928394511148,0.4105964197255573,0.8085591034595591,5.287218512466024,62.183248550436716,3.4553267936904595,184.0,1583063.0,-0.6831014310629333,-0.8076130299874457,-0.1874035997576238,-1.3305996368371835,-0.33507621091290857,-0.6508993758691726,-0.5195429023715314,-0.7078748917371929,-0.8130662400890654,0.9677973075755134,-1.4343213884667974
1674095262,6.468541369090691,1.3339793484895202,3.1461777087016984,22.84125016517433,0.42788016838343096,0.13843181918287473,0.45304959005304457,0.604066120070726,7.915783115093473,6.028076489872454,22.80349603266991,142.0,794615.0,0.0152917236827177,-0.6526883354932884,-0.4381237515453309,3.685493282337971,2.4001786557373714,-0.5185068436631144,-0.4384358491150808,-0.9495637715066152,-0.20209311594200122,-1.643921668038689,3.7202170204872727
1679657705,6.423548430379041,2.0093844736806283,5.62627652630576,9.346878745314408,0.025927541595879077,0.37594935314024663,0.6611523106949164,1.0824748616279514,8.005128467727666,27.308183185859637,9.301505547521618,165.0,1542761.0,0.0034763015157094047,0.06200495007280732,0.42580766299683065,0.10037869989433638,-0.6143764473373111,0.039904309931466694,-0.04085427120912773,-0.38413570203096115,-0.18132603676412237,-0.6542059139659713,0.12315687007170589
1681586867,10.897282974992994,1.1001507785593352,7.61999170833729,7.596830639314988,0.2663522937564706,0.24319122473416882,0.6485099326244502,2.9646168348546293,13.5608059125577,29.18294696810026,7.573669570292687,236.0,863518.0,1.1783064820136837,-0.900118659412343,1.1203094970288578,-0.3645650006742308,1.1887556016398164,-0.27221420358257326,-0.06500761531840327,1.8403552195534252,1.1100135794767172,-0.5670125893761847,-0.3371552555353259
1692806415,8.362683347856482,2.014465719293479,6.0566502218231575,8.534973179111846,0.053012255770881034,0.5036164298233697,0.8813287521908971,1.53735541735555,10.052449000553315,20.913334901612565,8.303044560114241,181.0,1509085.0,0.5127050459553357,0.06738177057115483,0.5757264295035939,-0.11532415831187227,-0.41124712838220506,0.3400536015600393,0.3797942275595926,0.15348456307931427,0.29454502260439835,-0.9516236939725771,-0.14284274187426635
1695205478,3.0392146144679733,1.6398640006122158,2.4269987209060795,11.850750511090947,0.06559456002448863,0.1530539733904735,0.21864853341496213,0.9839184003673296,6.646915415814848,67.80291021197975,11.785155951066459,87.0,457355.0,-0.8852705537484303,-0.329010443697673,-0.6886465596790432,0.7655943591315819,-0.31688265115688613,-0.4841297016346504,-0.8862605660315411,-0.5006189197990036,-0.4970236881572109,1.229161959475328,0.784825229561486
1696250206,0.0,0.0,5.810575246949448,0.0,0.0,0.0,0.0,5.810575246949448,0.0,11.621150493898895,0.0,1.0,1721.0,-1.6833869861116744,-2.0642649550511147,0.4900073042747658,-2.3828515482995427,-0.8088272298902239,-0.8439643817073548,-1.3039899866456226,5.203974298755152,-2.042006327534731,-1.3837935805924269,-2.35485368553208
1696974077,7.90633098498752,1.4800498824553932,3.781288731950553,4.974877346833934,0.019097417838134106,0.21962030513854222,0.6970557510918949,0.7925428402825654,10.417641430702155,29.686936029379467,4.9271338022385995,123.0,1047262.0,0.39286411138636607,-0.49812091225242294,-0.2168856457037356,-1.061151947252992,-0.6656008530417781,-0.32763017302018643,0.027739481151507612,-0.7268044053136046,0.3794289017146424,-0.5435725793727381,-1.0422178430396052
1702202187,6.015013344299041,2.8865613636180387,4.515291518508664,9.804633011618813,0.016126041137530942,0.09675624682518565,0.40315102843827355,1.5803520314780324,11.64300170129734,33.91306451222757,9.75625488820622,114.0,620115.0,-0.10380752235286529,0.9902070174092528,0.03880096692956521,0.221992478279632,-0.6878855159572783,-0.6164874181883969,-0.5337673700142188,0.20430197172057518,0.6642467798763159,-0.3470197143911479,0.24430646898481526
1709994511,13.863040753541721,2.967260435261499,8.023472216947093,17.732348361122718,0.11869041741045995,0.7121425044627597,1.5904515933001633,3.9879980249914544,27.702343423601352,40.876979756162406,17.613657943712255,42.0,421264.0,1.9571326979053862,1.0756003354399368,1.2608601412488365,2.328186758892053,0.08132444382897089,0.830304927236189,1.7345779479635208,3.0498825555156728,4.397016434467918,-0.023135218631117272,2.337594228874972
1714009198,4.901355927555903,1.559522340585969,6.877893399507351,14.646942422206685,0.06283789650712696,0.24563904998240538,0.58267867670245,1.0225439522523387,10.973781744562809,54.78893321816861,14.538404237330738,150.0,1750536.0,-0.3962608029124856,-0.41402555955979425,0.8618028451462685,1.5084721178613048,-0.3375570130590281,-0.2664592898383482,-0.1907786505277008,-0.45496764017630464,0.5086959490924888,0.623895348836406,1.5183170584599581
1714879044,5.872854523435486,2.152164080016731,4.2860894813892525,6.432174001857914,0.07295471457683833,0.1580685482498164,0.9362521704027587,3.0884162504194896,7.423142208193301,30.859844266002618,6.188991619935119,155.0,1644856.0,-0.14113930221351448,0.21309001318261028,-0.04104054532752039,-0.6739849332204828,-0.2616831326401651,-0.47234027924828204,0.4847257691045943,1.986672914997709,-0.31660061317854554,-0.48902183033507063,-0.7060467817046697
1715894000,7.221683601919598,1.3471642193183349,17.667727466469966,4.218169932619705,0.11042329666543729,0.08833863733234983,0.8613017139904109,0.530031823994099,7.9063080412453095,15.172160961831084,4.1960852732866165,292.0,452803.0,0.21307150174314896,-0.6387365037689676,4.620393648859311,-1.2621900468379827,0.01932288103581433,-0.636277481469564,0.3415324430717543,-1.0370644074049853,-0.20429546450317027,-1.2186397562625728,-1.2369762036239644
1721813926,7.863463949855536,2.6159332263463635,4.20585671421556,8.93646650078204,0.16447484357267556,0.38377463500290965,0.9085277073538269,1.989362393688552,9.664855093746745,91.6203200053885,8.826816605066922,88.0,1276791.0,0.3816069645620975,0.7038365038029218,-0.06898927363825894,-0.008657495783586567,0.4246974344018177,0.05830179242181899,0.431758005244559,0.6877085640572017,0.2044542331654524,2.336885056474065,-0.0033048305660532485
1721969693,2.6091524838073883,0.8109527990212152,1.093023337811203,5.23593437628915,0.08814704337187122,0.10577645204624546,0.14103526939499395,0.38784699083623336,4.178169855826696,78.97975086119662,5.23593437628915,90.0,567234.0,-0.9982075117978528,-1.206139218727306,-1.1533309631799222,-0.9917956701779516,-0.14774405314545389,-0.5952806334966364,-1.0345412030184729,-1.2051117040732744,-1.0708491083133134,1.7489852587342665,-0.9599503995419594
1722246285,5.3823816706646905,1.794127223554897,4.744469768956283,10.339488740190443,0.1727678067126938,0.5980424078516323,0.9568678525626118,2.0466340179811415,9.900924307765912,52.12271830209116,10.219880258620117,108.0,752455.0,-0.2699404870857371,-0.1657737646515611,0.11863419320511535,0.36409017311435515,0.48689280939700463,0.5620520302298234,0.5241121616392088,0.7553975110736941,0.25932522437489874,0.4998924505481599,0.3678207276026008
1725387804,4.564590353685744,1.3161702246823923,3.0430602357904957,9.959954820823492,0.12134902780759645,0.18669081201168686,0.44805794882804845,1.446853793090573,8.802471786351035,61.570629801454324,9.586573196800119,117.0,1071290.0,-0.484697511883452,-0.6715334119252567,-0.4740442655199522,0.26325757065227123,0.10126342918609665,-0.40504844163336734,-0.4479724115802572,0.04652130290561626,0.004005279768923533,0.9393050431442205,0.19910163410633072
1725442221,3.741729120914687,0.994636854926689,2.81024381233255,8.746489168720407,0.06315154634455168,0.2683940719643446,0.2683940719643446,0.8209701024791718,7.388730922312546,46.163780377867276,8.667549735789718,126.0,633397.0,-0.7007859277205223,-1.01177030364979,-0.5551448332146628,-0.05912968765652706,-0.33520470919291356,-0.21296152121767348,-0.7912213966768977,-0.6932064155862728,-0.3245990358992453,0.2227484105580839,-0.04573505664187785
1728152109,7.922300624514813,2.7228382402354385,3.3456150717786506,7.0822760610379225,0.13034863916020717,0.1737981855469429,0.31863000683606196,1.2021041166996884,8.718875641604969,40.596359507340075,7.038826514651187,175.0,690456.0,0.39705783685247026,0.8169601576962103,-0.36865063137261,-0.5012691912324742,0.16875850825928482,-0.43535940982628313,-0.6952453220139921,-0.24274669118670206,-0.015425476344546413,-0.036186576180167504,-0.4796425905909027
1728340033,9.499323895081263,2.359894929910125,8.812265877512491,7.716955994431843,0.03982945029384177,0.08961626316114397,0.786631643303375,1.57326328660675,9.509281257654722,23.588991936527787,7.607425006123778,117.0,1004282.0,0.811193837800413,0.43290451870881413,1.535632911638886,-0.3326507196046553,-0.5101152309276673,-0.6332737431727222,0.19887479575924985,0.19592383190120646,0.1682932681362211,-0.8271816525024348,-0.3281624827125716
1730358737,0.8128838844144147,0.09754606612972977,0.48773033064864885,1.6907984795819826,0.032515355376576585,0.13006142150630634,0.06503071075315317,0.2276074876360361,1.4957063473225232,3.6417198021765778,1.658283124205406,194.0,307547.0,-1.469918683259367,-1.961044656750035,-1.3641820954729533,-1.9336489810571917,-0.5649693124482441,-0.5381859104871107,-1.1797483980982115,-1.3944976936630733,-1.6943502802316568,-1.754908649560486,-1.9130711090484775
1743030473,7.441819586983789,4.786073957739253,5.0344530453664404,12.04638574991856,0.06687129282270414,0.22927300396355704,0.47765209159074384,1.8341840317084563,8.998965405569615,22.335011802783182,11.559180616496002,135.0,1046787.0,0.27088056405741284,3.0002138210777027,0.21964858037563226,0.8175697143177073,-0.30730743976224184,-0.30493637607656804,-0.3914326126767389,0.5043043031877242,0.049677476788140204,-0.8855029716288695,0.7246232266157486
1750591415,8.659423419785325,2.289751385039389,4.7356221826951,7.9724980042735085,0.12489553009305758,0.2914229035504677,1.1240597708375182,2.3938309934502704,7.368836275490397,21.00326497731585,7.858010435021539,91.0,960803.0,0.5906308121778436,0.3586807400089792,0.11555217580336846,-0.2647596443255209,0.12786140578883093,-0.15882001765082415,0.8435333901355637,1.165747277945195,-0.3292232686499189,-0.9474411391592933,-0.2614041138961808
1751785203,8.911831050723393,1.7056768628239134,14.306529965701351,10.366284189565489,0.07933380757320527,0.2512237239818167,0.9652279921406641,2.366791925933957,7.986269962369331,15.020534233860198,10.260505779467882,119.0,756298.0,0.6569146069933058,-0.25936926246843983,3.4495354190247784,0.3712090490744629,-0.21384135710836885,-0.2533295465368679,0.5400842617381602,1.1337899861607552,-0.18570943290512218,-1.2256917585647784,0.3786437571619916
1763234285,4.061738424045491,0.0,6.092607636068237,4.061738424045491,0.0,0.0,0.0,0.0,14.21608448415922,16.246953696181965,4.061738424045491,1.0,4924.0,-0.6167495184054418,-2.0642649550511147,0.588252035149437,-1.3037499583813756,-0.8088272298902239,-0.8439643817073548,-1.3039899866456226,-1.6635054503218292,1.26232393002995,-1.168652257762363,-1.2727674966389242
1767877239,6.80669801041315,1.7291208655485018,3.2661171904805033,6.0793693923649705,0.10978545178085726,0.21957090356171452,0.7410517995207865,1.8800758617471807,7.273286180481794,30.06749060648228,6.065646210892363,93.0,728694.0,0.1040937355141405,-0.23456152751186013,-0.3963433654505865,-0.7677162313219257,0.014539186581201133,-0.3277463176729458,0.11179421288222734,0.5585435480205799,-0.35143255352030073,-0.5258733795696582,-0.738907185220169
1774505095,5.934133812020128,1.9016201533973591,3.1693669223289316,8.33476067233736,0.0269733355091824,1.3216934399499376,0.6878200554841511,1.1328800913856607,8.145947323773084,47.48655716391561,8.199893994791449,87.0,741473.0,-0.12504698449757942,-0.05202799586945822,-0.43004589190970155,-0.16851557829668365,-0.6065332261017419,2.2633782477142477,0.010094625661583706,-0.32456210046881395,-0.14859466073825442,0.2842693908321437,-0.17032304475431828
1785081636,16.76874001974138,1.4863201381134405,7.393489917795063,11.623785695502548,0.0381107727721395,2.0198709569233935,1.1814339559363245,2.0960925024676724,9.337139329174178,18.750500203892635,11.242677967781153,94.0,262393.0,2.7201871794217345,-0.49148591726875107,1.0414086036811807,0.705295524547107,-0.5230049292361342,3.9048154341449512,0.9531471374825164,0.8138521607763389,0.1282812814666415,-1.0522148989119853,0.640303876335844
1788738240,30.075187969924812,15.037593984962406,15.037593984962406,0.0,0.0,0.0,15.037593984962406,0.0,30.075187969924812,30.075187969924812,0.0,1.0,665.0,6.214542173265002,13.848062404147951,3.704198325114641,-2.3828515482995427,-0.8088272298902239,-0.8439643817073548,27.425429436655605,-1.6635054503218292,4.948551003613922,-0.5255153831567299,-2.35485368553208
1788891712,4.790585239324401,1.6704014321328504,10.164235129487627,5.940956036925327,0.12606803261380004,0.6460986671457252,0.47275512230175015,1.7019184402863006,10.369095682485053,33.58137218750098,5.783370996158077,78.0,634578.0,-0.4253498662780299,-0.2966966568278198,2.006585399493689,-0.8044891734288336,0.13665491333602817,0.675033799376479,-0.40078830380307284,0.3479804915189538,0.36814512066447846,-0.3624463813706332,-0.8141080178298171
1790957194,17.22622557417366,3.1012623085579945,8.741767773686398,10.190829201702579,0.07448446592606536,0.1557402469363185,0.7583872894290292,2.1532781967717076,16.440753024407883,21.343185145359822,10.116344735776513,247.0,1476818.0,2.840325697058183,1.2173970668034804,1.5110752100954228,0.3245950782581536,-0.2502103385124006,-0.4778141884823661,0.14491377715430104,0.8814395477181133,1.7794170563958678,-0.9316318036965344,0.34023786833582675
1794450472,3.9324502257845015,1.3476374369261495,2.0766871978861974,9.786940730463675,0.08836966799515734,0.1767393359903147,0.6627725099636801,1.1708981009358348,12.040367264340189,54.0601443960375,9.742755896466097,82.0,452644.0,-0.6507013936864825,-0.6382357592020368,-0.8106760237732847,0.21729208481983509,-0.1460744180952718,-0.4284446731135265,-0.037758870150408845,-0.2796288710397472,0.7566088543096662,0.5900001344486288,0.24071020772892143
1795032531,5.1282277994155585,1.425735745958205,3.8793274948165113,9.361226176950385,0.0442088603397893,0.36472309780326173,0.7626028408613654,1.3483702403635736,7.482349612509339,69.8278949066972,9.317017316610595,91.0,904796.0,-0.33668285533674436,-0.5555944895440924,-0.18273427783018636,0.10419045108884219,-0.4772706317817948,0.013511032396014692,0.1529676151101067,-0.06987574475759033,-0.3028386790980784,1.323341903342617,0.12728935457565982
1798460240,5.5943885850149435,2.310725719897477,3.4356842940580905,4.134982867184958,0.030404285788124694,0.21283000051687287,0.6384900015506185,0.42566000103374574,8.057135733853045,7.388241446514301,4.134982867184958,136.0,328901.0,-0.21426616869042892,0.38087514708880216,-0.33727541758747465,-1.2842907547614273,-0.5808018637906117,-0.34359439163541305,-0.08415075767884649,-1.1604207619984104,-0.16923767422922056,-1.5806618026179993,-1.253254472396598
1800671132,12.59191479539684,2.033391587254482,3.0226091161890944,9.493740451303019,0.06869566173157032,0.23356524988733912,0.9548696980688276,1.5525219551334895,7.954957628515844,28.000351721788064,9.411305657225135,72.0,1455696.0,1.6233272108004568,0.08740855190689314,-0.4811683222554327,0.139396155940302,-0.2936250796093372,-0.29484517161735974,0.520294674707331,0.17140979192964068,-0.19298754751553648,-0.6220138712159697,0.15240867554144155
1801103648,0.0,0.0,2.887669650591972,1.443834825295986,0.0,0.0,0.0,4.331504475887958,4.331504475887958,25.98902685532775,1.443834825295986,1.0,6926.0,-1.6833869861116744,-2.0642649550511147,-0.5281738861319187,-1.9992610033416267,-0.8088272298902239,-0.8439643817073548,-1.3039899866456226,3.45587051625115,-1.0352086177714075,-0.7155585105983162,-1.9702021988074263
1805186512,5.3187247884635465,1.7181042979735413,3.280017296131306,6.535372808081173,0.04110297363573065,0.19729427345150713,0.5590004414459369,1.5619129981577646,6.560034592262612,56.77142718567117,6.2969755609939355,75.0,1216457.0,-0.2866571754946069,-0.24621892628208952,-0.39150132534640036,-0.6465676098365067,-0.5005640897400642,-0.3801193720356324,-0.23601607032825042,0.18250900242963017,-0.5172179219763531,0.7160990929257817,-0.6772788210328897
1809246826,6.734640015289453,2.7302594656578862,5.217829201035071,12.801883272306979,0.030336216285087626,0.3336983791359639,1.1527762188333297,1.7291643282499947,12.0131416488947,14.045668139995572,12.528857325741189,186.0,329639.0,0.08517086323075594,0.8248130740900488,0.2835268502395534,1.0182863761200154,-0.5813123698902587,-0.059429051867669246,0.898396347577033,0.38018222299717924,0.7502806403068871,-1.271031772362317,0.9829544299630346
1810218232,7.413714495029597,3.1174620741254544,4.091668972289659,8.865282773294261,0.07793655185313636,0.3701986213023977,0.49684551806374433,1.4320841403013806,9.33290208441308,31.642240052373364,8.797088290422767,76.0,1026476.0,0.26349999421711945,1.2345391689981189,-0.10876606668585292,-0.027569219161345488,-0.22432046355157734,0.026384159456333208,-0.35476344872241616,0.02906514975039685,0.12729639311089164,-0.45263341148201763,-0.0112247395648878
1818418128,4.725016792965088,2.7839288131524036,2.7073069192124293,5.542316994991483,0.07662189393997441,0.0255406313133248,0.38310946969987203,2.043250505065984,9.118005378856955,48.5016588640038,5.491235732364832,66.0,391533.0,-0.442568543180535,0.881604355151459,-0.5910024430206114,-0.9103975257263739,-0.2341801048545673,-0.7839175583946504,-0.5720568960825545,0.7513985599478511,0.07734665574042827,0.33148072106258514,-0.8919356623595398
1818658022,3.4786331647534183,1.8731101656364562,4.080704289422279,11.573144951968104,0.13379358325974686,0.23413877070455702,0.5686227288539242,1.5051778116721521,7.626234245805571,22.109389633673167,11.339006181263546,60.0,298968.0,-0.7698765424145381,-0.08219640304363163,-0.112585565293079,0.6918415545575208,0.19459482110558263,-0.29349680623221464,-0.21763262873300185,0.11545406764419662,-0.26939470597530224,-0.895996425370732,0.6659666390565978
1820648828,8.749710720614763,2.958839374120934,4.290317092475354,15.058378957579754,0.05283641739501668,0.3487203548071101,1.067295631379337,1.8809764592625937,10.820898282499416,38.34867174530311,14.847033287999688,53.0,946317.0,0.6143408121504228,1.0666894231148338,-0.03956787577103933,1.6177804418151882,-0.4125658770056801,-0.02411191706910742,0.735085138884223,0.5596079581583568,0.47316032392507906,-0.14072420938404273,1.600538806478741
1822142909,1.3090696425049813,0.3740198978585661,1.7510931581560139,6.834363588142889,0.06800361779246655,0.1700090444811664,0.3740198978585661,0.3740198978585661,2.5671365716656127,43.8283316672447,6.800361779246656,89.0,588204.0,-1.3396172543469445,-1.6684884059880647,-0.9240952622786036,-0.567133290721954,-0.29881525489155975,-0.4442677990235733,-0.5894225811827271,-1.221453852135566,-1.4453112911125956,0.11412910639980861,-0.5431718900631952
1839861250,11.678917859030717,1.4231563348528729,2.710773971148329,9.532888465204957,0.022589783092902743,0.7680526251586932,1.061719805366429,0.7680526251586932,16.671259922562225,51.77578284893308,9.442529332833345,41.0,442678.0,1.3835686053560496,-0.5583239443985752,-0.5897947108681618,0.14979679715186586,-0.6394088921017443,0.9617513702639774,0.7244324876478366,-0.7557492256224076,1.8329951649810758,0.4837568414301072,0.16072696308603254
1843478428,6.628531428331204,2.5614678970837397,5.719308090816747,16.356243480233193,0.02932978508111152,0.34218082594630106,1.5055956341637247,2.6690104423811483,10.646711984443481,37.90385891982312,16.092275414503188,35.0,1022851.0,0.05730609630607874,0.6462029388975185,0.4582147955491912,1.9625903541430196,-0.5888603795800754,-0.03948655402447776,1.5724600956638033,1.4909800152524189,0.4326731521049656,-0.16141199386184124,1.9322832878418004
1849994842,9.22509225092251,0.0,3.690036900369004,3.690036900369004,0.0,0.0,0.0,0.0,9.22509225092251,33.210332103321036,3.690036900369004,1.0,5420.0,0.7391789230144742,-2.0642649550511147,-0.24867281618993864,-1.4025016905952892,-0.8088272298902239,-0.8439643817073548,-1.3039899866456226,-1.6635054503218292,0.10223750328346734,-0.37970307194796976,-1.3717923582055302
1865794721,10.239864580493753,3.5059566512399427,7.058247531350897,13.151198627889036,0.17761454400554774,0.810849005242718,3.3901210790624114,3.8766304822080424,13.853934432432725,15.182182326735083,13.004473569797497,38.0,1294939.0,1.0056643720784644,1.645632386071355,0.9246284064247681,1.111090667346625,0.5232422587244191,1.0623669988208209,5.172858003368922,2.918258006780834,1.178147209285789,-1.2181736729452053,1.1096631726678314
1868807558,4.09169023177152,1.879146624961735,2.8490287539742436,9.21388022561883,0.0,0.24247053225312712,0.42432343144297247,0.7577204132910222,6.728557270024277,38.67404989437377,9.001718509897344,46.0,329937.0,-0.6088839896562281,-0.07580880427148888,-0.5416342709509325,0.06504434325270018,-0.8088272298902239,-0.2739085741539588,-0.4933173587471618,-0.7679607972394615,-0.47804717958000714,-0.12559120818405414,0.043290719385586235
1869456664,5.387807880566993,1.502055530339889,2.2530832955098337,9.142946706416716,0.0,0.2285736676604179,0.555107478603872,1.56736229252858,9.306213611888444,25.698210921249842,8.163345273586353,25.0,306247.0,-0.26851553102377834,-0.4748352009052802,-0.749229226146516,0.046199093914055155,-0.8088272298902239,-0.30658053760552945,-0.24345360072046948,0.18894948674449735,0.12109303047685513,-0.7290840589239999,-0.18005997567128992
1871531782,4.222081486172683,0.0,0.0,8.444162972345366,0.0,0.0,0.0,0.0,2.1110407430863414,25.3324889170361,8.444162972345366,1.0,4737.0,-0.5746424450549952,-2.0642649550511147,-1.5340807912351933,-0.13945014287118945,-0.8088272298902239,-0.8439643817073548,-1.3039899866456226,-1.6635054503218292,-1.5513243953821183,-0.7460934111021845,-0.10524743933832921
1871628261,13.797528559762368,1.7499304514820564,3.185770821928872,20.59533531359651,0.11217502894115747,0.17948004630585196,0.5833101504940188,1.6153204167526676,15.0314538781151,32.261538323476884,20.550465302020047,198.0,445732.0,1.9399287932760252,-0.21254145276351713,-0.42433166629708063,3.0888102776395607,0.032460482631297714,-0.4220011774125211,-0.18957221581274944,0.2456308707581627,1.451845155972491,-0.4238304893849808,3.1199879603500498
1871930209,0.0,2.938583602703497,0.0,0.0,0.0,0.0,8.81575080811049,0.0,2.938583602703497,102.85042609462239,0.0,1.0,3403.0,-1.6833869861116744,1.0452553781452938,-1.5340807912351933,-2.3828515482995427,-0.8088272298902239,-0.8439643817073548,15.538558279438993,-1.6635054503218292,-1.3589736173945821,2.859185676259897,-2.35485368553208
1873028393,1.3687826308002164,0.9125217538668109,2.998285762705236,4.823329270438858,0.0,0.0,0.6518012527620078,0.7821615033144094,1.9554037582860235,41.8130503646828,4.790739207800757,40.0,306842.0,-1.3239362567112167,-1.09866202120149,-0.48964125447593976,-1.1014144538730233,-0.8088272298902239,-0.8439643817073548,-0.05871952715863463,-0.739074037556055,-1.587500038446485,0.020400457266211387,-1.0785546750736759
1874174561,3.0341568594539807,1.4202436363401612,5.390470165200157,1.3879653718778848,0.06455652892455278,0.09683479338682918,0.19366958677365836,0.4841739669341459,3.0018785949917044,2.4854263635952822,1.2911305784910556,104.0,309806.0,-0.8865987512927296,-0.5614060739120645,0.3436655637941826,-2.014104109843617,-0.3246676530225805,-0.6163027527644701,-0.9339830032464246,-1.0912634998030455,-1.344261580588435,-1.808686661524619,-2.010884079126142
1876034889,6.011415576290977,2.750986789150108,3.8513815048101514,9.781286361422607,0.08151071967852172,0.3464205586337173,0.38717591847297816,1.3856822345348692,11.920942752983802,37.78021857099482,9.394110442949628,115.0,490733.0,-0.1047523183384458,0.8467461012098175,-0.19246913940328278,0.2157898613910494,-0.19751500156623858,-0.02951880982695819,-0.5642879197102197,-0.025776950149676674,0.7288502948547401,-0.16716237861425853,0.14782770504554932
1877144831,3.2326217717076324,0.885122627967566,1.8087288484554611,8.081554429269081,0.0,0.03848359252032896,0.1924179626016448,0.3463523326829606,3.2326217717076324,53.45371001073692,8.004587244228423,67.0,259851.0,-0.834480645857488,-1.1276549479356923,-0.9040181253939455,-0.23578609917873578,-0.8088272298902239,-0.7534882516478472,-0.9363742392269996,-1.254153961070476,-1.2906285523521,0.561795498376171,-0.22235464189772985
1880163995,6.662786445029166,1.9894437099852145,6.694093856774283,15.19832533808447,0.1252296469804713,0.21915188221582477,1.2039122880168036,2.1118272286252204,16.407929882782206,27.123603084633896,15.07878794778493,218.0,3513545.0,0.06630167417260158,0.04090423675183579,0.7977770902777654,1.6549606700671886,0.13036720796762544,-0.3287314499671412,0.9960921345958925,0.8324489276456714,1.771787775622888,-0.6627905435771518,1.6622804772571036
1884144340,1.6157699143641946,0.0,11.310389400549361,1.6157699143641946,0.0,0.0,0.0,1.6157699143641946,6.463079657456778,51.70463725965423,1.6157699143641946,1.0,6189.0,-1.259075878421782,-2.0642649550511147,2.4058431523111756,-1.95358218097388,-0.8088272298902239,-0.8439643817073548,-1.3039899866456226,0.24616212895777742,-0.5397537422337604,0.48044793365309174,-1.9243970371147345
1886801652,7.70868162510429,2.410945693448255,6.376316899777622,14.751180887545244,0.03172296965063494,0.1903378179038096,0.507567514410159,1.5861484825317467,8.723816653924608,27.694152505004297,14.687734948243975,76.0,315229.0,0.34096017501479897,0.48692489338897416,0.6870808978444937,1.5361656524846976,-0.5709120287649195,-0.39647421667635,-0.334279006171348,0.21115275818079657,-0.014277007050559294,-0.6362548801105712,1.5581001963647048
1889550138,10.37344398340249,0.0,5.186721991701245,10.37344398340249,0.0,5.186721991701245,0.0,5.186721991701245,0.0,5.186721991701245,10.37344398340249,1.0,1928.0,1.0407431440675219,-2.0642649550511147,0.2726907919456366,0.3731112259520421,-0.8088272298902239,11.35018129883886,-1.3039899866456226,4.466646338143671,-2.042006327534731,-1.683052195601176,0.4087315811224321
1889705401,3.037359522122102,1.4237622759947353,2.2147413182140325,4.967348385137187,0.06327832337754379,0.31639161688771894,0.5062265870203503,0.9808140123519288,6.327832337754379,108.45904626911005,4.9357092234484155,25.0,316064.0,-0.8857577123971624,-0.5576827558002287,-0.7625854837465682,-1.063152202732098,-0.3342539097048908,-0.10011779139358608,-0.3368408565203155,-0.5042879750857818,-0.5711900924640321,3.1200368000161163,-1.0399332683362836
1896576050,4.034397784352352,1.017685927584377,3.816322228441414,7.341877049001577,0.0,0.39980518583671953,0.39980518583671953,0.5451888897773448,10.613010387665646,41.50704747504852,7.1964933450609525,117.0,275134.0,-0.6239293383847678,-0.9873804717510262,-0.20468188270652288,-0.4322997477061498,-0.8088272298902239,0.09599011898330533,-0.5401596236899411,-1.0191503734413918,0.4248396867027775,0.006168579344286747,-0.43763863026126626
1896897095,1.4838996883810653,1.4838996883810653,4.451699065143196,11.871197507048523,0.0,0.0,1.4838996883810653,1.4838996883810653,11.871197507048523,46.000890339813026,11.871197507048523,1.0,6739.0,-1.2937058100480532,-0.4940471640038707,0.016648818071516823,0.7710266109270814,-0.8088272298902239,-0.8439643817073548,1.531009852573151,0.0903055970385335,0.7172877073154567,0.21517256335266566,0.8077475277695366
219258773,7.91880402647084,3.5600188536394994,7.305957453987445,8.827745010378798,0.07574508199232978,0.5612021983977161,1.0260015651688306,3.4326293975614903,16.801636369207696,34.705019385576556,8.727899220479818,208.0,2904479.0,0.39613960872110404,1.7028393743170331,1.0109170584496356,-0.03754205724570987,-0.24075599901486602,0.4754395451763223,0.6561925614518517,2.3934961152660095,1.8632993488092204,-0.31018671228895645,-0.029657373376165714
268213039,5.481208369368959,1.8017812978894503,2.2380020331679487,6.676073861653542,0.05689835677545633,0.037932237850304217,0.3793223785030422,0.32242402172758583,7.757142640387213,61.84851381492103,6.505378791327173,71.0,527256.0,-0.24398798876047637,-0.15767445457809795,-0.7544827169411663,-0.6091868839595604,-0.3821022370848585,-0.7547845037274243,-0.5792921580198576,-1.28243467062706,-0.23896687828003665,0.9522291412167557,-0.6217581956944153
354628391,11.724831368310753,3.458999730308938,7.9199939780628,9.738913130066367,0.22806591628410583,0.6299853589159317,1.1814562220619254,2.9218608782955524,16.78652382179652,37.60283529553106,9.495268940812034,1829.0,16047992.0,1.395625775010807,1.5959439918786829,1.224813956048844,0.20453236114046772,0.9016163048774567,0.6371509075877871,0.9531896770577942,1.7898222424654802,1.859786648266728,-0.175412291302366,0.17477730199105185
380996798,7.964576633812948,1.926851792854988,4.774907630102799,7.9837683847377985,0.06141360295952153,0.3492898668322787,1.047869600496836,2.6753300789241563,14.370783092528038,53.01913110499193,7.784174175119354,231.0,2605286.0,0.40815977666118275,-0.025328637763329782,0.12923708702906037,-0.2617653881208378,-0.3482388971818544,-0.022772976479494143,0.6979715827188238,1.4984491511186862,1.2982814606007502,0.5415836829211006,-0.28107480381719796
387042247,5.98927055809112,1.665465609736568,2.69036752342061,5.188565938025462,0.09608455440787893,0.48042277203939465,0.22419729361838417,0.7686764352630314,6.117383297301625,14.444711345984466,5.156537753222836,40.0,312225.0,-0.1105677361888837,-0.3019195948746278,-0.5969032063547329,-1.0043802710817624,-0.08821448969778029,0.2855245864450881,-0.8756596241971729,-0.7550119486615661,-0.6201060322094911,-1.252472685551095,-0.9811024236989566
402050558,8.693302790832941,2.643446228084978,8.195132109479067,13.235183237050254,0.12566467637755413,0.1660568937846251,0.6507635026694768,1.3778234159967542,8.231036302729796,24.338554999838433,13.096054488203677,223.0,2228152.0,0.5995277431884125,0.7329499305078084,1.3206571028548153,1.1334032625492134,0.13362983147488944,-0.45355942896290796,-0.06070215534335008,-0.035065234849287065,-0.12881691616553168,-0.7923202496425776,1.134061210312702
402306412,6.6072132780771975,1.5912660250866548,2.62904821536056,10.689156559821225,0.13837095870318739,0.20755643805478105,1.0377821902739053,1.4874878060592642,7.6449954683511026,57.73528251890493,10.61997108046963,24.0,289078.0,0.05170781905895195,-0.38043535225221825,-0.6182635151355917,0.4569881051606481,0.22892411660488926,-0.3559927019788435,0.6786995210127239,0.09454636915576453,-0.2650339218652202,0.7609270076339512,0.4744087712991886
474763182,1.0629075955376777,2.6690790732390575,1.11014793311713,9.448067515890468,0.07086050636917851,1.8187529968089151,0.11810084394863085,0.42516303821507107,2.4564975541315217,38.359154114515306,9.37720700952129,44.0,423367.0,-1.4042609204353853,0.7600738323532267,-1.147365686417118,0.12726200743675936,-0.2773892273851026,3.431980817496099,-1.0783575694225593,-1.161008119006666,-1.4710277852508018,-0.14023668523308178,0.1433244677741887
506779862,5.21231975830123,2.9670944448985614,3.7234646745909497,5.772299121336647,0.04246289008799373,0.15923583782997647,0.29193236935495687,1.576434794516767,6.730368078947005,18.174116957661315,5.697989063682658,378.0,3767996.0,-0.3145997902261822,1.075424689455867,-0.23702839941768242,-0.849297067675546,-0.49036501948223593,-0.4695959449240923,-0.7462513290635856,0.19967221573936667,-0.4776262823406368,-1.0790218875858852,-0.8368545859903137
545045867,5.881599329148274,1.9799443286241716,3.329906370867925,5.691016452596215,0.042351750344902066,0.09529143827602965,0.656452130345982,1.3499620422437535,8.23212147329034,73.82439481995742,5.521609451216607,261.0,1888942.0,-0.13884286250044672,0.03085227856770436,-0.374122687607665,-0.8708918253663256,-0.49119854278165803,-0.6199312289172343,-0.049833995807672386,-0.06799440483648399,-0.12856468342719807,1.5092149810396271,-0.883843811471197
597919007,8.215161001537453,1.3337922994891607,5.225841960293597,17.654787064901022,0.12806904983385384,0.22177811068789322,0.868370630580765,2.033486620532655,11.441876330278209,5.959896270316905,17.52984165042897,291.0,3201398.0,0.4739647713536327,-0.6528862650908629,0.28631805936052346,2.3075806761434787,0.1516620964467925,-0.32255710466194837,0.35503765339966326,0.7398586905794667,0.6174979968507947,-1.6470926595367246,2.315264762056248
682478916,1.9135393073300548,1.0792987373768974,1.360854929736088,6.5331464634456635,0.09906606768193744,0.9437346447595093,0.23984416386153276,1.1887928121832494,2.6122157846658243,38.098724029048256,6.4392943993259335,263.0,1917912.0,-1.1808798061702395,-0.9221836590216059,-1.0600330169737784,-0.6471590935277415,-0.06585380474087243,1.3747852949456152,-0.8457661785883266,-0.2584792323405981,-1.4348332577504708,-0.15234901916559201,-0.6393637134359343
702998658,4.198052533581435,1.0151762883482842,4.257768785837216,8.84397695908123,0.08957437838367215,0.3702407639858449,0.376212389211423,0.8897721586111433,5.17739907057625,54.05515154193335,8.694686328441776,180.0,1674586.0,-0.5809525956525401,-0.9900360961227264,-0.05090593391422416,-0.03322963733492246,-0.13703935871912334,0.02648323822364443,-0.5852338124394575,-0.611889728838393,-0.8385922353171886,0.5897679219679649,-0.03850560731334023
716825890,6.597242766700195,0.9984616294893793,2.551624164250636,9.984616294893794,0.5916809656233359,0.06656410863262528,0.37719661558487666,0.7691852553103367,7.5735163599787,41.61735991953139,9.733151884503876,158.0,1352080.0,0.04908950150705275,-1.0077230428328319,-0.6452338396727408,0.26980950312567803,3.628648122782907,-0.6874700797068534,-0.5833534416621443,-0.7544105776746526,-0.28164824213335443,0.011299097049611576,0.2381516065544191
73329719,3.9767316011202634,1.7793614408421632,9.015431300266961,9.297869624210161,0.11862409605614423,1.7793614408421632,0.23724819211228845,0.8077736064775535,5.852122072103115,65.26584789679478,9.230084426463794,213.0,1770298.0,-0.6390728324342188,-0.1813984695395094,1.606404684852298,0.0873582108862308,0.08082704845506043,3.3393700369664088,-0.8507257992077994,-0.7088032653297587,-0.6817622986419818,1.111165815082111,0.10412959637175084
73330715,3.446579909302241,1.879459717690618,2.769844269464419,5.333631212696168,0.04988756319317278,0.1843670813660733,0.31667757505231414,0.7298767397609843,3.5008055214687333,17.96711433524551,5.11239071505688,1425.0,9220735.0,-0.7782939242488247,-0.07547749901077007,-0.5692178346487907,-0.9658400815874425,-0.43468162620089607,-0.4105116050842519,-0.6989754554161021,-0.800869047452353,-1.2282929859090193,-1.0886493654677478,-0.992863619347873
73331636,2.586966274473847,2.1121433506780143,2.6033394787426687,8.20297533867973,0.06549281707528727,0.7367941920969817,0.22922485976350543,0.2619712683011491,3.6021049391407995,47.989861711916745,8.137482521604444,121.0,610754.0,-1.0040337466930973,0.17074128724757137,-0.6272190394214521,-0.20352762196644908,-0.317645700596737,0.8882618161467557,-0.8660544269424778,-1.3538833727413568,-1.2047473512963047,0.3076775648309659,-0.18695006159132802
75462585,12.637458458500257,3.831765829982585,3.807203228508338,4.310736558730408,0.06140650368561835,0.7614406457016676,1.191286171500996,2.17379023047089,11.839173910587219,16.407817784797224,4.187923551359171,221.0,814246.0,1.6352872565766958,1.9903938096055396,-0.2078584458561329,-1.2375974259005833,-0.34829214015365434,0.9462063996901249,0.9719698582907302,0.9056825821948586,0.7098442696472972,-1.1611706353700706,-1.239150564858797
78911087,4.810676902562512,1.33847704273858,5.183098339140401,6.06514910998277,0.07000402943193411,1.276873496838478,0.8176470637649903,0.7868452908149393,7.3112208338711975,18.058239432261722,5.936341695828012,425.0,3571223.0,-0.4200736720574873,-0.6479290114069888,0.27142850866060064,-0.7714942021624097,-0.2838126135002044,2.158005159168265,0.2581299547908636,-0.7335383006553488,-0.3426151732392177,-1.0844112314491172,-0.7733551519046663
791564318,2.3134826088728393,0.9219141223327857,1.1157397329580074,5.278020473948347,0.1093375239424328,0.11182246766839718,0.16897617336557796,0.3826813337985148,3.163333363152658,50.14367944623526,5.218381824525202,409.0,4024236.0,-1.075852237713781,-1.088723300827854,-1.145417807763221,-0.9806144541181895,0.011179827639020756,-0.5810662616060015,-0.9811599273942063,-1.2112169593345041,-1.306733675048988,0.40784940012811755,-0.9646265681822539
91959525,10.941197425001908,2.7597653612258837,4.266871267710941,10.667178169277353,0.039145607960650836,0.3327376676655321,0.4501744915474846,0.8612033751343183,11.19564387674614,20.45358015944006,10.608459757336377,58.0,510913.0,1.1898386864205268,0.8560353207987859,-0.047735124757269605,0.45114900039719746,-0.5152438959937344,-0.061687714592635286,-0.4439287431865751,-0.6456549816136433,0.5602647025842175,-0.9730064115424835,0.4713420440809514
925428680,1.4956326349396272,0.989237333345895,1.3660896508109979,7.684254285811863,0.09126892063607961,0.0883247619058835,0.17076120635137473,0.429847174608633,2.7616208889239573,58.753631619793694,7.643036063589118,273.0,3396556.0,-1.2906246661881062,-1.0174839141557375,-1.0582095251230184,-0.341338739875964,-0.12433066955046038,-0.6363101030313096,-0.9777496104655365,-1.155471969751635,-1.4001061282666203,0.8082893711170935,-0.31867535443591977
929121341,13.65136892231275,2.6767882408140147,7.671283373064555,18.78020567828144,0.21846207969120007,0.7106295235932141,1.8820382612477524,3.772865226850898,16.402233385550794,33.62683839292765,18.639586408595154,481.0,7964769.0,1.9015463743966614,0.7682314404281828,1.1381767207650708,2.606576054041971,0.8295896711877574,0.826747861874938,2.29165614079718,2.7956185503522972,1.770463704414331,-0.36033179517839536,2.610911441049467
956270301,4.459210722106074,1.413485662856265,2.6082175921752513,7.478493022356872,0.07211661545185026,0.1201943590864171,0.6947233955194908,0.9375160008740534,6.2140483647677645,44.188254174530385,7.4063764069050215,393.0,4159929.0,-0.512370850646612,-0.5685571571550405,-0.62551977026,-0.3960043247455831,-0.26796868925987727,-0.5613836829491176,0.02328350092283022,-0.555461603231415,-0.5976375875661147,0.13086872997383756,-0.381723763572763
969924303,9.549343567689196,1.7975902084070516,5.75002041427366,8.902891568451327,0.045365052578095935,0.32322599961893356,5.710325993267826,2.994093470154332,14.108531351787837,16.682998085594782,8.783808305433826,233.0,1763472.0,0.8243293111755992,-0.16210933876916692,0.46891329710068996,-0.01757750959958713,-0.468599447717199,-0.08404994376373749,9.60562432189502,1.8751934562835855,1.2373247067918898,-1.1483722841775377,-0.014762655315486225
983782306,5.5891669653895955,1.1363664074483208,3.2481546238651577,5.6233067287034935,0.05852530853811095,0.13655905325559223,0.3657831783631934,0.6974265934124888,4.925880135291005,58.75453266321855,5.520887438761799,246.0,2050395.0,-0.2156373980885444,-0.8617963757426893,-0.4026005457994708,-0.8888805934940335,-0.36990046152298595,-0.522909774951775,-0.6051588864248608,-0.8392216568639381,-0.8970542984218058,0.8083312777149044,-0.8840361625347049
HOLDOUT_beck,13.649685973482205,4.508025122121423,6.392184228890439,12.505233775296581,0.34891835310537334,0.6001395673412422,1.479413817166783,2.4145150034891834,16.12002791346825,34.291695743196094,12.058618283321703,50.0,716500.0,1.9011044216927981,2.7059909488137324,0.6926082115096344,0.9394740769386442,1.8079826422496428,0.5669825178041642,1.522439566946148,1.1901935700995758,1.704868984483414,-0.3294099674276067,0.8576782255013833
HOLDOUT_bongino,23.75912095341822,3.775832761960325,10.455103712720467,8.165067958174133,0.21809864329012707,0.6134024342534824,2.9715940148279816,6.06586851650666,21.578134520516947,32.00597590282615,7.946969314884005,50.0,733613.0,4.555904165345367,1.9312071279153318,2.10790817936622,-0.21359865813437662,0.8268639791920268,0.598163932872934,4.37325937207073,5.505703694597714,2.9735296224235785,-0.43571643326113085,-0.2377046125425943
HOLDOUT_kelly,8.813464905300016,1.8502307814738181,4.41667992996976,5.192583160910393,0.0,0.5371637752665924,0.9549578226961642,1.6910711443577908,11.658443418749005,20.332643641572496,5.093108387712876,50.0,502640.0,0.6310830527894995,-0.10640667570672088,0.0044500577754826,-1.0033129961493046,-0.8088272298902239,0.4189244602998745,0.5204630373711194,0.33516014551958057,0.6678359913966299,-0.9786310439132787,-0.998000616842626
HOLDOUT_kirk,6.206404369773793,3.691865831200336,5.0581468868414055,10.116293773682811,0.872094290834725,0.27616319209766294,0.973838624765443,1.0319782441544247,11.947691784435733,33.82272357954009,10.014549439752093,50.0,687999.0,-0.05354706305160882,1.842355860156922,0.22790222488209572,0.30479289247356206,5.731685555930271,-0.19469607671015435,0.5565349304039462,-0.44381731411891967,0.7350677335654944,-0.3512213777378493,0.3131186222341527
HOLDOUT_parnas,8.208179964345717,1.2184017134575675,5.258365289658975,6.797399032973798,0.12825281194290183,0.0,0.25650562388580367,0.5130112477716073,6.156134973259289,32.89684626335433,6.348514191173641,50.0,155942.0,0.4721315080917559,-0.7749890949013143,0.2976474167816107,-0.5769538419463862,0.15304027130289363,-0.8439643817073548,-0.8139343527177438,-1.0571809118056381,-0.6110987464451915,-0.3942829741508228,-0.6635484341665723
HOLDOUT_rogan,7.944158590001913,1.5031167934170937,6.254705004012452,6.882038872339421,0.1614918868960514,0.2981388681157872,0.559010377717101,1.5590178311888039,13.937992084413052,40.6524769128714,6.745391891119685,50.0,1609988.0,0.4027978728967287,-0.47371220439961587,0.6447179337610478,-0.5544671685827943,0.40232592424741126,-0.14303057483396886,-0.23599708701868208,0.17908722408849728,1.1976852363091886,-0.033576613686769265,-0.5578163970543552
HOLDOUT_ryan,5.280718719358009,1.5345678329758317,2.8773146868296844,8.620660473481879,0.05077614153228855,0.34979119722243224,0.4739106543013598,1.117075113710348,6.561405844672398,70.90606075308916,8.536033570928064,50.0,1772486.0,-0.2966378027718854,-0.44043166512277293,-0.5317809917952844,-0.09255920253749413,-0.4280174867273684,-0.021594333047014316,-0.39858065253206304,-0.34324189713383557,-0.5168991935083658,1.3734862817953104,-0.08077222810779641
HOLDOUT_shapiro,8.013471103846818,1.5179702972044635,4.748069883116287,5.38349930985304,0.3177147133683761,0.21180980891225074,0.6530802441461064,1.7474309235260685,10.819951071934142,18.939327080237085,5.3481976750343305,50.0,566546.0,0.4209997649265575,-0.4579946757223497,0.11988827699270008,-0.952591384278526,1.573962299714635,-0.345992894016828,-0.056276005944449585,0.40177138892509345,0.47294015806051865,-1.0434327561821426,-0.9300423768163716
HOLDOUT_thedaily,4.464093805491166,1.7856375221964664,3.1413993446048947,4.596363251579794,0.03306736152215679,0.13226944608862715,0.09920208456647035,0.462943061310195,6.6796070274756705,27.24750589425719,4.4971611670133225,50.0,302413.0,-0.5110885229453404,-0.1747573099801739,-0.43978827346842797,-1.1617136081362054,-0.5608293894021213,-0.5329947756111473,-1.1144637700164235,-1.1163561641659403,-0.48942497968725357,-0.6570279520446022,-1.1567666892737407
HOLDOUT_tucker,6.353471449895068,2.2548364480219094,2.6776182820260175,5.4257002030527195,0.08220757883413211,0.058719699167237224,1.397528840180246,1.738103095350222,5.684066879388563,52.460179236009736,5.28477292505135,50.0,851503.0,-0.014926344150841596,0.3217348091570402,-0.6013443480036816,-0.9413796699351921,-0.19228871323355917,-0.7059125317896615,1.365997795033294,0.390746891628698,-0.720824380669303,0.5155874095751412,-0.9469393403392534
